frame,time_sec,anchor_x,anchor_y,tip_x,tip_y,quality,length_env_px,length_axis_px,length_axis_skeleton_px,length_axis_alt_px,length_axis_disagreement_px,centerline_disagreement,diameter_max_px,diameter_max_orth_px,diameter_max_thickness_px,diameter_max_feret_px,diameter_p95_px,diameter_peak_span_px,diameter_peak_pos_norm,area_proj_px2,area_proj_contour_px2,area_proj_definition_gap_px2,body_mask_area_px2,component_area_px2,excluded_attachment_area_px2,body_mask_attachment_leak_fraction,attachment_count,attachment_border_touch_count,attachment_max_elongation,attachment_max_solidity,attachment_max_orientation_mismatch_deg,attachment_max_distance_to_main_axis_px,x_peak_norm,taper_left_px,taper_right_px,landing_zone_left_px,landing_zone_right_px,transition_zone_left_px,transition_zone_right_px,compaction_zone_length_px,zone_symmetry,branch_count_after_pruning,endpoint_jump_px,axis_peak_position_stability,centerline_points,length_axis_formal_px,anchor_jump_px,tip_jump_px,length_axis_ref_px,length_env_ref_px,foreshortening_axis,foreshortening_env,temperature_c,austenite_fraction,length_env_recovery,length_axis_recovery,diameter_max_recovery,area_proj_recovery,length_env_smooth,length_axis_smooth,diameter_max_smooth,area_proj_smooth_px2,compaction_zone_smooth,body_mask_area_smooth_px2,axis_definition_gap_smooth_px
0,0.0,125.96297135798231,201.28900149970892,464.8608319298164,184.65967686147644,0.9897464474784063,341.955150246651,394.4090752162859,348.77846319733356,348.77846319733356,45.63061201895232,0.11569361580721596,86.2258187878865,86.23790988092813,36.3565673828125,86.86664671909283,86.2258187878865,168.0,0.3764705882352941,10491.0,24247.0,-13756.0,10491.0,10767.0,489.0,0.04541655057118975,1,0,1.8421052631578947,0.9337539432176656,4.5857339319169625,3.851626731169953,0.3764705882352941,0.0,4.0,0.0,4.0,36.0,52.0,248.0,0.9411764705882353,264,177.18098370282564,0.0,133,405.6918859589806,,,423.27415230407405,341.9944612110107,0.06819475493757987,0.0001149462018199543,25.0,0.0,0.10708149366316866,0.007537367426189602,0.19396734669727766,1.0,341.9840205071252,405.6918859589806,80.24005751889504,9370.0,248.0,9370.0,76.88144498422781
1,0.05,126.04841231479587,200.37863398529498,465.136889444101,185.17026164392425,0.9878712615129877,341.9840205071252,405.6918859589806,328.8104409747528,328.8104409747528,76.88144498422781,0.1895069821337301,80.24005751889504,81.23896013832669,36.756591796875,82.00292639590069,80.24005751889504,152.0,0.6352941176470588,9370.0,22633.5,-13263.5,9370.0,9663.0,455.0,0.04708682603746248,1,0,1.8888888888888888,0.9193729003359462,3.971170437695075,3.6818934798522767,0.6352941176470588,0.0,4.0,0.0,4.0,36.0,52.0,248.0,0.9411764705882353,211,135.08257036207058,0.2588235294117647,137,405.6918859589806,0.9143681798933191,0.5804348122401385,423.27415230407405,341.9944612110107,0.041538719643959277,3.052886835797075e-05,25.1128,0.0,0.1069272233581898,0.007537367426189602,0.01133203654047495,0.8066193033770597,341.9840205071252,405.6918859589806,80.24005751889504,9370.0,248.0,9370.0,76.88144498422781
2,0.1,126.04841231479587,200.37863398529498,465.136889444101,185.17026164392425,0.9878712615129877,341.9840205071252,405.6918859589806,328.8104409747528,328.8104409747528,76.88144498422781,0.1895069821337301,80.24005751889504,81.23896013832669,36.756591796875,82.00292639590069,80.24005751889504,152.0,0.6352941176470588,9370.0,22633.5,-13263.5,9370.0,9663.0,455.0,0.04708682603746248,1,0,1.8888888888888888,0.9193729003359462,3.971170437695075,3.6818934798522767,0.6352941176470588,0.0,4.0,0.0,4.0,36.0,52.0,248.0,0.9411764705882353,211,135.08257036207058,0.0,137,405.6918859589806,0.0,0.0,423.27415230407405,341.9944612110107,0.041538719643959277,3.052886835797075e-05,25.2256,0.0,0.1069272233581898,0.007537367426189602,0.01133203654047495,0.8066193033770597,341.9840205071252,405.6918859589806,80.24005751889504,9370.0,248.0,9370.0,76.88144498422781
3,0.15,126.04841231479587,200.37863398529498,465.136889444101,185.17026164392425,0.9878712615129877,341.9840205071252,405.6918859589806,328.8104409747528,328.8104409747528,76.88144498422781,0.1895069821337301,80.24005751889504,81.23896013832669,36.756591796875,82.00292639590069,80.24005751889504,152.0,0.6352941176470588,9370.0,22633.5,-13263.5,9370.0,9663.0,455.0,0.04708682603746248,1,0,1.8888888888888888,0.9193729003359462,3.971170437695075,3.6818934798522767,0.6352941176470588,0.0,4.0,0.0,4.0,36.0,52.0,248.0,0.9411764705882353,211,135.08257036207058,0.0,137,405.6918859589806,0.0,0.0,423.27415230407405,341.9944612110107,0.041538719643959277,3.052886835797075e-05,25.3383,0.0,0.1069272233581898,0.007537367426189602,0.01133203654047495,0.8066193033770597,341.9840205071252,405.6918859589806,80.24005751889504,9370.0,248.0,9370.0,76.88144498422781
4,0.2,126.04841231479587,200.37863398529498,465.136889444101,185.17026164392425,0.9878712615129877,341.9840205071252,405.6918859589806,328.8104409747528,328.8104409747528,76.88144498422781,0.1895069821337301,80.24005751889504,81.23896013832669,36.756591796875,82.00292639590069,80.24005751889504,152.0,0.6352941176470588,9370.0,22633.5,-13263.5,9370.0,9663.0,455.0,0.04708682603746248,1,0,1.8888888888888888,0.9193729003359462,3.971170437695075,3.6818934798522767,0.6352941176470588,0.0,4.0,0.0,4.0,36.0,52.0,248.0,0.9411764705882353,211,135.08257036207058,0.0,137,405.6918859589806,0.0,0.0,423.27415230407405,341.9944612110107,0.041538719643959277,3.052886835797075e-05,25.4511,0.0,0.1069272233581898,0.007537367426189602,0.01133203654047495,0.8066193033770597,341.9840205071252,405.6918859589806,80.24005751889504,9370.0,248.0,9370.0,76.88144498422781
5,0.25,126.04841231479587,200.37863398529498,465.136889444101,185.17026164392425,0.9878712615129877,341.9840205071252,405.6918859589806,328.8104409747528,328.8104409747528,76.88144498422781,0.1895069821337301,80.24005751889504,81.23896013832669,36.756591796875,82.00292639590069,80.24005751889504,152.0,0.6352941176470588,9370.0,22633.5,-13263.5,9370.0,9663.0,455.0,0.04708682603746248,1,0,1.8888888888888888,0.9193729003359462,3.971170437695075,3.6818934798522767,0.6352941176470588,0.0,4.0,0.0,4.0,36.0,52.0,248.0,0.9411764705882353,211,135.08257036207058,0.0,137,405.6918859589806,0.0,0.0,423.27415230407405,341.9944612110107,0.041538719643959277,3.052886835797075e-05,25.5639,0.0,0.1069272233581898,0.007537367426189602,0.01133203654047495,0.8066193033770597,341.9840205071252,405.6918859589806,80.24005751889504,9370.0,248.0,9370.0,76.88144498422781
6,0.3,126.04841231479587,200.37863398529498,465.136889444101,185.17026164392425,0.9878712615129877,341.9840205071252,405.6918859589806,328.8104409747528,328.8104409747528,76.88144498422781,0.1895069821337301,80.24005751889504,81.23896013832669,36.756591796875,82.00292639590069,80.24005751889504,152.0,0.6352941176470588,9370.0,22633.5,-13263.5,9370.0,9663.0,455.0,0.04708682603746248,1,0,1.8888888888888888,0.9193729003359462,3.971170437695075,3.6818934798522767,0.6352941176470588,0.0,4.0,0.0,4.0,36.0,52.0,248.0,0.9411764705882353,211,135.08257036207058,0.0,137,405.6918859589806,0.0,0.0,423.27415230407405,341.9944612110107,0.041538719643959277,3.052886835797075e-05,25.6767,0.0,0.1069272233581898,0.007537367426189602,0.01133203654047495,0.8066193033770597,341.9840205071252,405.6918859589806,80.24005751889504,9370.0,248.0,9370.0,76.88144498422781
7,0.35,126.04841231479587,200.37863398529498,465.136889444101,185.17026164392425,0.9878712615129877,341.9840205071252,405.6918859589806,328.8104409747528,328.8104409747528,76.88144498422781,0.1895069821337301,80.24005751889504,81.23896013832669,36.756591796875,82.00292639590069,80.24005751889504,152.0,0.6352941176470588,9370.0,22633.5,-13263.5,9370.0,9663.0,455.0,0.04708682603746248,1,0,1.8888888888888888,0.9193729003359462,3.971170437695075,3.6818934798522767,0.6352941176470588,0.0,4.0,0.0,4.0,36.0,52.0,248.0,0.9411764705882353,211,135.08257036207058,0.0,137,405.6918859589806,0.0,0.0,423.27415230407405,341.9944612110107,0.041538719643959277,3.052886835797075e-05,25.7895,0.0,0.1069272233581898,0.007537367426189602,0.01133203654047495,0.8066193033770597,341.9840205071252,405.6918859589806,80.24005751889504,9370.0,248.0,9370.0,76.88144498422781
8,0.4,126.04841231479587,200.37863398529498,465.136889444101,185.17026164392425,0.9878712615129877,341.9840205071252,405.6918859589806,328.8104409747528,328.8104409747528,76.88144498422781,0.1895069821337301,80.24005751889504,81.23896013832669,36.756591796875,82.00292639590069,80.24005751889504,152.0,0.6352941176470588,9370.0,22633.5,-13263.5,9370.0,9663.0,455.0,0.04708682603746248,1,0,1.8888888888888888,0.9193729003359462,3.971170437695075,3.6818934798522767,0.6352941176470588,0.0,4.0,0.0,4.0,36.0,52.0,248.0,0.9411764705882353,211,135.08257036207058,0.0,137,405.6918859589806,0.0,0.0,423.27415230407405,341.9944612110107,0.041538719643959277,3.052886835797075e-05,25.9023,0.0,0.1069272233581898,0.007537367426189602,0.01133203654047495,0.8066193033770597,341.9840205071252,405.6918859589806,80.24005751889504,9370.0,248.0,9370.0,76.88144498422781
9,0.45,126.04841231479587,200.37863398529498,465.136889444101,185.17026164392425,0.9878712615129877,341.9840205071252,405.6918859589806,328.8104409747528,328.8104409747528,76.88144498422781,0.1895069821337301,80.24005751889504,81.23896013832669,36.756591796875,82.00292639590069,80.24005751889504,152.0,0.6352941176470588,9370.0,22633.5,-13263.5,9370.0,9663.0,455.0,0.04708682603746248,1,0,1.8888888888888888,0.9193729003359462,3.971170437695075,3.6818934798522767,0.6352941176470588,0.0,4.0,0.0,4.0,36.0,52.0,248.0,0.9411764705882353,211,135.08257036207058,0.0,137,405.6918859589806,0.0,0.0,423.27415230407405,341.9944612110107,0.041538719643959277,3.052886835797075e-05,26.015,0.0,0.1069272233581898,0.007537367426189602,0.01133203654047495,0.8066193033770597,341.9840205071252,405.6918859589806,80.24005751889504,9370.0,248.0,9370.0,76.88144498422781
10,0.5,126.04841231479587,200.37863398529498,465.136889444101,185.17026164392425,0.9878712615129877,341.9840205071252,405.6918859589806,328.8104409747528,328.8104409747528,76.88144498422781,0.1895069821337301,80.24005751889504,81.23896013832669,36.756591796875,82.00292639590069,80.24005751889504,152.0,0.6352941176470588,9370.0,22633.5,-13263.5,9370.0,9663.0,455.0,0.04708682603746248,1,0,1.8888888888888888,0.9193729003359462,3.971170437695075,3.6818934798522767,0.6352941176470588,0.0,4.0,0.0,4.0,36.0,52.0,248.0,0.9411764705882353,211,135.08257036207058,0.0,137,405.6918859589806,0.0,0.0,423.27415230407405,341.9944612110107,0.041538719643959277,3.052886835797075e-05,26.1278,0.0,0.1069272233581898,0.007537367426189602,0.01133203654047495,0.8066193033770597,341.9840205071252,405.6918859589806,80.24005751889504,9370.0,248.0,9370.0,76.88144498422781
11,0.55,126.04841231479587,200.37863398529498,465.136889444101,185.17026164392425,0.9878712615129877,341.9840205071252,405.6918859589806,328.8104409747528,328.8104409747528,76.88144498422781,0.1895069821337301,80.24005751889504,81.23896013832669,36.756591796875,82.00292639590069,80.24005751889504,152.0,0.6352941176470588,9370.0,22633.5,-13263.5,9370.0,9663.0,455.0,0.04708682603746248,1,0,1.8888888888888888,0.9193729003359462,3.971170437695075,3.6818934798522767,0.6352941176470588,0.0,4.0,0.0,4.0,36.0,52.0,248.0,0.9411764705882353,211,135.08257036207058,0.0,137,405.6918859589806,0.0,0.0,423.27415230407405,341.9944612110107,0.041538719643959277,3.052886835797075e-05,26.2406,0.0,0.1069272233581898,0.007537367426189602,0.01133203654047495,0.8066193033770597,341.9840205071252,405.6918859589806,80.24005751889504,9370.0,248.0,9370.0,76.88144498422781
12,0.6,126.04841231479587,200.37863398529498,465.136889444101,185.17026164392425,0.9878712615129877,341.9840205071252,405.6918859589806,328.8104409747528,328.8104409747528,76.88144498422781,0.1895069821337301,80.24005751889504,81.23896013832669,36.756591796875,82.00292639590069,80.24005751889504,152.0,0.6352941176470588,9370.0,22633.5,-13263.5,9370.0,9663.0,455.0,0.04708682603746248,1,0,1.8888888888888888,0.9193729003359462,3.971170437695075,3.6818934798522767,0.6352941176470588,0.0,4.0,0.0,4.0,36.0,52.0,248.0,0.9411764705882353,211,135.08257036207058,0.0,137,405.6918859589806,0.0,0.0,423.27415230407405,341.9944612110107,0.041538719643959277,3.052886835797075e-05,26.3534,0.0,0.1069272233581898,0.007537367426189602,0.01133203654047495,0.8066193033770597,341.9840205071252,405.6918859589806,80.24005751889504,9370.0,248.0,9370.0,76.88144498422781
13,0.65,126.04841231479587,200.37863398529498,465.136889444101,185.17026164392425,0.9878712615129877,341.9840205071252,405.6918859589806,328.8104409747528,328.8104409747528,76.88144498422781,0.1895069821337301,80.24005751889504,81.23896013832669,36.756591796875,82.00292639590069,80.24005751889504,152.0,0.6352941176470588,9370.0,22633.5,-13263.5,9370.0,9663.0,455.0,0.04708682603746248,1,0,1.8888888888888888,0.9193729003359462,3.971170437695075,3.6818934798522767,0.6352941176470588,0.0,4.0,0.0,4.0,36.0,52.0,248.0,0.9411764705882353,211,135.08257036207058,0.0,137,405.6918859589806,0.0,0.0,423.27415230407405,341.9944612110107,0.041538719643959277,3.052886835797075e-05,26.4662,0.0,0.1069272233581898,0.007537367426189602,0.01133203654047495,0.8066193033770597,341.9840205071252,405.6918859589806,80.24005751889504,9370.0,248.0,9370.0,76.88144498422781
14,0.7,126.04841231479587,200.37863398529498,465.136889444101,185.17026164392425,0.9878712615129877,341.9840205071252,405.6918859589806,328.8104409747528,328.8104409747528,76.88144498422781,0.1895069821337301,80.24005751889504,81.23896013832669,36.756591796875,82.00292639590069,80.24005751889504,152.0,0.6352941176470588,9370.0,22633.5,-13263.5,9370.0,9663.0,455.0,0.04708682603746248,1,0,1.8888888888888888,0.9193729003359462,3.971170437695075,3.6818934798522767,0.6352941176470588,0.0,4.0,0.0,4.0,36.0,52.0,248.0,0.9411764705882353,211,135.08257036207058,0.0,137,405.6918859589806,0.0,0.0,423.27415230407405,341.9944612110107,0.041538719643959277,3.052886835797075e-05,26.5789,0.0,0.1069272233581898,0.007537367426189602,0.01133203654047495,0.8066193033770597,341.9840205071252,405.6918859589806,80.24005751889504,9370.0,248.0,9370.0,76.88144498422781
15,0.75,126.04841231479587,200.37863398529498,465.136889444101,185.17026164392425,0.9878712615129877,341.9840205071252,405.6918859589806,328.8104409747528,328.8104409747528,76.88144498422781,0.1895069821337301,80.24005751889504,81.23896013832669,36.756591796875,82.00292639590069,80.24005751889504,152.0,0.6352941176470588,9370.0,22633.5,-13263.5,9370.0,9663.0,455.0,0.04708682603746248,1,0,1.8888888888888888,0.9193729003359462,3.971170437695075,3.6818934798522767,0.6352941176470588,0.0,4.0,0.0,4.0,36.0,52.0,248.0,0.9411764705882353,211,135.08257036207058,0.0,137,405.6918859589806,0.0,0.0,423.27415230407405,341.9944612110107,0.041538719643959277,3.052886835797075e-05,26.6917,0.0,0.1069272233581898,0.007537367426189602,0.01133203654047495,0.8066193033770597,341.9840205071252,405.6918859589806,80.24005751889504,9370.0,248.0,9370.0,76.88144498422781
16,0.8,126.04841231479587,200.37863398529498,465.136889444101,185.17026164392425,0.9878712615129877,341.9840205071252,405.6918859589806,328.8104409747528,328.8104409747528,76.88144498422781,0.1895069821337301,80.24005751889504,81.23896013832669,36.756591796875,82.00292639590069,80.24005751889504,152.0,0.6352941176470588,9370.0,22633.5,-13263.5,9370.0,9663.0,455.0,0.04708682603746248,1,0,1.8888888888888888,0.9193729003359462,3.971170437695075,3.6818934798522767,0.6352941176470588,0.0,4.0,0.0,4.0,36.0,52.0,248.0,0.9411764705882353,211,135.08257036207058,0.0,137,405.6918859589806,0.0,0.0,423.27415230407405,341.9944612110107,0.041538719643959277,3.052886835797075e-05,26.8045,0.0,0.1069272233581898,0.007537367426189602,0.01133203654047495,0.8066193033770597,341.9840205071252,405.6918859589806,80.24005751889504,9370.0,248.0,9370.0,76.88144498422781
17,0.85,126.04841231479587,200.37863398529498,465.136889444101,185.17026164392425,0.9878712615129877,341.9840205071252,405.6918859589806,328.8104409747528,328.8104409747528,76.88144498422781,0.1895069821337301,80.24005751889504,81.23896013832669,36.756591796875,82.00292639590069,80.24005751889504,152.0,0.6352941176470588,9370.0,22633.5,-13263.5,9370.0,9663.0,455.0,0.04708682603746248,1,0,1.8888888888888888,0.9193729003359462,3.971170437695075,3.6818934798522767,0.6352941176470588,0.0,4.0,0.0,4.0,36.0,52.0,248.0,0.9411764705882353,211,135.08257036207058,0.0,137,405.6918859589806,0.0,0.0,423.27415230407405,341.9944612110107,0.041538719643959277,3.052886835797075e-05,26.9173,0.0,0.1069272233581898,0.007537367426189602,0.01133203654047495,0.8066193033770597,341.9840205071252,405.6918859589806,80.24005751889504,9370.0,248.0,9370.0,76.88144498422781
18,0.9,126.04841231479587,200.37863398529498,465.136889444101,185.17026164392425,0.9878712615129877,341.9840205071252,405.6918859589806,328.8104409747528,328.8104409747528,76.88144498422781,0.1895069821337301,80.24005751889504,81.23896013832669,36.756591796875,82.00292639590069,80.24005751889504,152.0,0.6352941176470588,9370.0,22633.5,-13263.5,9370.0,9663.0,455.0,0.04708682603746248,1,0,1.8888888888888888,0.9193729003359462,3.971170437695075,3.6818934798522767,0.6352941176470588,0.0,4.0,0.0,4.0,36.0,52.0,248.0,0.9411764705882353,211,135.08257036207058,0.0,137,405.6918859589806,0.0,0.0,423.27415230407405,341.9944612110107,0.041538719643959277,3.052886835797075e-05,27.0301,0.0,0.1069272233581898,0.007537367426189602,0.01133203654047495,0.8066193033770597,341.9840205071252,405.6918859589806,80.24005751889504,9370.0,248.0,9370.0,76.88144498422781
19,0.95,126.04841231479587,200.37863398529498,465.136889444101,185.17026164392425,0.9878712615129877,341.9840205071252,405.6918859589806,328.8104409747528,328.8104409747528,76.88144498422781,0.1895069821337301,80.24005751889504,81.23896013832669,36.756591796875,82.00292639590069,80.24005751889504,152.0,0.6352941176470588,9370.0,22633.5,-13263.5,9370.0,9663.0,455.0,0.04708682603746248,1,0,1.8888888888888888,0.9193729003359462,3.971170437695075,3.6818934798522767,0.6352941176470588,0.0,4.0,0.0,4.0,36.0,52.0,248.0,0.9411764705882353,211,135.08257036207058,0.0,137,405.6918859589806,0.0,0.0,423.27415230407405,341.9944612110107,0.041538719643959277,3.052886835797075e-05,27.1429,0.0,0.1069272233581898,0.007537367426189602,0.01133203654047495,0.8066193033770597,341.9840205071252,405.6918859589806,80.24005751889504,9370.0,248.0,9370.0,76.88144498422781
20,1.0,126.04841231479587,200.37863398529498,465.136889444101,185.17026164392425,0.9878712615129877,341.9840205071252,405.6918859589806,328.8104409747528,328.8104409747528,76.88144498422781,0.1895069821337301,80.24005751889504,81.23896013832669,36.756591796875,82.00292639590069,80.24005751889504,152.0,0.6352941176470588,9370.0,22633.5,-13263.5,9370.0,9663.0,455.0,0.04708682603746248,1,0,1.8888888888888888,0.9193729003359462,3.971170437695075,3.6818934798522767,0.6352941176470588,0.0,4.0,0.0,4.0,36.0,52.0,248.0,0.9411764705882353,211,135.08257036207058,0.0,137,405.6918859589806,0.0,0.0,423.27415230407405,341.9944612110107,0.041538719643959277,3.052886835797075e-05,27.2556,0.0,0.1069272233581898,0.007537367426189602,0.01133203654047495,0.8066193033770597,341.9840205071252,405.6918859589806,80.24005751889504,9370.0,248.0,9370.0,76.88144498422781
21,1.05,126.04841231479587,200.37863398529498,465.136889444101,185.17026164392425,0.9878712615129877,341.9840205071252,405.6918859589806,328.8104409747528,328.8104409747528,76.88144498422781,0.1895069821337301,80.24005751889504,81.23896013832669,36.756591796875,82.00292639590069,80.24005751889504,152.0,0.6352941176470588,9370.0,22633.5,-13263.5,9370.0,9663.0,455.0,0.04708682603746248,1,0,1.8888888888888888,0.9193729003359462,3.971170437695075,3.6818934798522767,0.6352941176470588,0.0,4.0,0.0,4.0,36.0,52.0,248.0,0.9411764705882353,211,135.08257036207058,0.0,137,405.6918859589806,0.0,0.0,423.27415230407405,341.9944612110107,0.041538719643959277,3.052886835797075e-05,27.3684,0.0,0.1069272233581898,0.007537367426189602,0.01133203654047495,0.8066193033770597,341.9840205071252,405.6918859589806,80.24005751889504,9370.0,248.0,9370.0,76.88144498422781
22,1.1,126.04841231479587,200.37863398529498,465.136889444101,185.17026164392425,0.9878712615129877,341.9840205071252,405.6918859589806,328.8104409747528,328.8104409747528,76.88144498422781,0.1895069821337301,80.24005751889504,81.23896013832669,36.756591796875,82.00292639590069,80.24005751889504,152.0,0.6352941176470588,9370.0,22633.5,-13263.5,9370.0,9663.0,455.0,0.04708682603746248,1,0,1.8888888888888888,0.9193729003359462,3.971170437695075,3.6818934798522767,0.6352941176470588,0.0,4.0,0.0,4.0,36.0,52.0,248.0,0.9411764705882353,211,135.08257036207058,0.0,137,405.6918859589806,0.0,0.0,423.27415230407405,341.9944612110107,0.041538719643959277,3.052886835797075e-05,27.4812,0.0,0.1069272233581898,0.007537367426189602,0.01133203654047495,0.8066193033770597,341.9840205071252,405.6918859589806,80.24005751889504,9370.0,248.0,9370.0,76.88144498422781
23,1.15,126.04841231479587,200.37863398529498,465.136889444101,185.17026164392425,0.9878712615129877,341.9840205071252,405.6918859589806,328.8104409747528,328.8104409747528,76.88144498422781,0.1895069821337301,80.24005751889504,81.23896013832669,36.756591796875,82.00292639590069,80.24005751889504,152.0,0.6352941176470588,9370.0,22633.5,-13263.5,9370.0,9663.0,455.0,0.04708682603746248,1,0,1.8888888888888888,0.9193729003359462,3.971170437695075,3.6818934798522767,0.6352941176470588,0.0,4.0,0.0,4.0,36.0,52.0,248.0,0.9411764705882353,211,135.08257036207058,0.0,137,405.6918859589806,0.0,0.0,423.27415230407405,341.9944612110107,0.041538719643959277,3.052886835797075e-05,27.594,0.0,0.1069272233581898,0.007537367426189602,0.01133203654047495,0.8066193033770597,341.9840205071252,405.6918859589806,80.24005751889504,9370.0,248.0,9370.0,76.88144498422781
24,1.2,126.04841231479587,200.37863398529498,465.136889444101,185.17026164392425,0.9878712615129877,341.9840205071252,405.6918859589806,328.8104409747528,328.8104409747528,76.88144498422781,0.1895069821337301,80.24005751889504,81.23896013832669,36.756591796875,82.00292639590069,80.24005751889504,152.0,0.6352941176470588,9370.0,22633.5,-13263.5,9370.0,9663.0,455.0,0.04708682603746248,1,0,1.8888888888888888,0.9193729003359462,3.971170437695075,3.6818934798522767,0.6352941176470588,0.0,4.0,0.0,4.0,36.0,52.0,248.0,0.9411764705882353,211,135.08257036207058,0.0,137,405.6918859589806,0.0,0.0,423.27415230407405,341.9944612110107,0.041538719643959277,3.052886835797075e-05,27.7068,0.0,0.1069272233581898,0.007537367426189602,0.01133203654047495,0.8066193033770597,341.9840205071252,405.6918859589806,80.24005751889504,9370.0,248.0,9370.0,76.88144498422781
25,1.25,126.04841231479587,200.37863398529498,465.136889444101,185.17026164392425,0.9878712615129877,341.9840205071252,405.6918859589806,328.8104409747528,328.8104409747528,76.88144498422781,0.1895069821337301,80.24005751889504,81.23896013832669,36.756591796875,82.00292639590069,80.24005751889504,152.0,0.6352941176470588,9370.0,22633.5,-13263.5,9370.0,9663.0,455.0,0.04708682603746248,1,0,1.8888888888888888,0.9193729003359462,3.971170437695075,3.6818934798522767,0.6352941176470588,0.0,4.0,0.0,4.0,36.0,52.0,248.0,0.9411764705882353,211,135.08257036207058,0.0,137,405.6918859589806,0.0,0.0,423.27415230407405,341.9944612110107,0.041538719643959277,3.052886835797075e-05,27.8195,0.0,0.1069272233581898,0.007537367426189602,0.01133203654047495,0.8066193033770597,341.9840205071252,405.6918859589806,80.24005751889504,9370.0,248.0,9370.0,76.88144498422781
26,1.3,126.04841231479587,200.37863398529498,465.136889444101,185.17026164392425,0.9878712615129877,341.9840205071252,405.6918859589806,328.8104409747528,328.8104409747528,76.88144498422781,0.1895069821337301,80.24005751889504,81.23896013832669,36.756591796875,82.00292639590069,80.24005751889504,152.0,0.6352941176470588,9370.0,22633.5,-13263.5,9370.0,9663.0,455.0,0.04708682603746248,1,0,1.8888888888888888,0.9193729003359462,3.971170437695075,3.6818934798522767,0.6352941176470588,0.0,4.0,0.0,4.0,36.0,52.0,248.0,0.9411764705882353,211,135.08257036207058,0.0,137,405.6918859589806,0.0,0.0,423.27415230407405,341.9944612110107,0.041538719643959277,3.052886835797075e-05,27.9323,0.0,0.1069272233581898,0.007537367426189602,0.01133203654047495,0.8066193033770597,341.9840205071252,405.6918859589806,80.24005751889504,9370.0,248.0,9370.0,76.88144498422781
27,1.35,126.04841231479587,200.37863398529498,465.136889444101,185.17026164392425,0.9878712615129877,341.9840205071252,405.6918859589806,328.8104409747528,328.8104409747528,76.88144498422781,0.1895069821337301,80.24005751889504,81.23896013832669,36.756591796875,82.00292639590069,80.24005751889504,152.0,0.6352941176470588,9370.0,22633.5,-13263.5,9370.0,9663.0,455.0,0.04708682603746248,1,0,1.8888888888888888,0.9193729003359462,3.971170437695075,3.6818934798522767,0.6352941176470588,0.0,4.0,0.0,4.0,36.0,52.0,248.0,0.9411764705882353,211,135.08257036207058,0.0,137,405.6918859589806,0.0,0.0,423.27415230407405,341.9944612110107,0.041538719643959277,3.052886835797075e-05,28.0451,0.0,0.1069272233581898,0.007537367426189602,0.01133203654047495,0.8066193033770597,341.9840205071252,405.6918859589806,80.24005751889504,9370.0,248.0,9370.0,76.88144498422781
28,1.4,126.04841231479587,200.37863398529498,465.136889444101,185.17026164392425,0.9878712615129877,341.9840205071252,405.6918859589806,328.8104409747528,328.8104409747528,76.88144498422781,0.1895069821337301,80.24005751889504,81.23896013832669,36.756591796875,82.00292639590069,80.24005751889504,152.0,0.6352941176470588,9370.0,22633.5,-13263.5,9370.0,9663.0,455.0,0.04708682603746248,1,0,1.8888888888888888,0.9193729003359462,3.971170437695075,3.6818934798522767,0.6352941176470588,0.0,4.0,0.0,4.0,36.0,52.0,248.0,0.9411764705882353,211,135.08257036207058,0.0,137,405.6918859589806,0.0,0.0,423.27415230407405,341.9944612110107,0.041538719643959277,3.052886835797075e-05,28.1579,0.0,0.1069272233581898,0.007537367426189602,0.01133203654047495,0.8066193033770597,341.9840205071252,405.6918859589806,80.24005751889504,9370.0,248.0,9370.0,76.88144498422781
29,1.45,126.04841231479587,200.37863398529498,465.136889444101,185.17026164392425,0.9878712615129877,341.9840205071252,405.6918859589806,328.8104409747528,328.8104409747528,76.88144498422781,0.1895069821337301,80.24005751889504,81.23896013832669,36.756591796875,82.00292639590069,80.24005751889504,152.0,0.6352941176470588,9370.0,22633.5,-13263.5,9370.0,9663.0,455.0,0.04708682603746248,1,0,1.8888888888888888,0.9193729003359462,3.971170437695075,3.6818934798522767,0.6352941176470588,0.0,4.0,0.0,4.0,36.0,52.0,248.0,0.9411764705882353,211,135.08257036207058,0.0,137,405.6918859589806,0.0,0.0,423.27415230407405,341.9944612110107,0.041538719643959277,3.052886835797075e-05,28.2707,0.0,0.1069272233581898,0.007537367426189602,0.01133203654047495,0.8066193033770597,341.9840205071252,405.6918859589806,80.24005751889504,9370.0,248.0,9370.0,76.88144498422781
30,1.5,126.04841231479587,200.37863398529498,465.136889444101,185.17026164392425,0.9878712615129877,341.9840205071252,405.6918859589806,328.8104409747528,328.8104409747528,76.88144498422781,0.1895069821337301,80.24005751889504,81.23896013832669,36.756591796875,82.00292639590069,80.24005751889504,152.0,0.6352941176470588,9370.0,22633.5,-13263.5,9370.0,9663.0,455.0,0.04708682603746248,1,0,1.8888888888888888,0.9193729003359462,3.971170437695075,3.6818934798522767,0.6352941176470588,0.0,4.0,0.0,4.0,36.0,52.0,248.0,0.9411764705882353,211,135.08257036207058,0.0,137,405.6918859589806,0.0,0.0,423.27415230407405,341.9944612110107,0.041538719643959277,3.052886835797075e-05,28.3835,0.0,0.1069272233581898,0.007537367426189602,0.01133203654047495,0.8066193033770597,341.9840205071252,405.6918859589806,80.24005751889504,9370.0,248.0,9370.0,76.88144498422781
31,1.55,126.04841231479587,200.37863398529498,465.136889444101,185.17026164392425,0.9878712615129877,341.9840205071252,405.6918859589806,328.8104409747528,328.8104409747528,76.88144498422781,0.1895069821337301,80.24005751889504,81.23896013832669,36.756591796875,82.00292639590069,80.24005751889504,152.0,0.6352941176470588,9370.0,22633.5,-13263.5,9370.0,9663.0,455.0,0.04708682603746248,1,0,1.8888888888888888,0.9193729003359462,3.971170437695075,3.6818934798522767,0.6352941176470588,0.0,4.0,0.0,4.0,36.0,52.0,248.0,0.9411764705882353,211,135.08257036207058,0.0,137,405.6918859589806,0.0,0.0,423.27415230407405,341.9944612110107,0.041538719643959277,3.052886835797075e-05,28.4962,0.0,0.1069272233581898,0.007537367426189602,0.01133203654047495,0.8066193033770597,341.9840205071252,405.6918859589806,80.24005751889504,9370.0,248.0,9370.0,76.88144498422781
32,1.6,126.04841231479587,200.37863398529498,465.136889444101,185.17026164392425,0.9878712615129877,341.9840205071252,405.6918859589806,328.8104409747528,328.8104409747528,76.88144498422781,0.1895069821337301,80.24005751889504,81.23896013832669,36.756591796875,82.00292639590069,80.24005751889504,152.0,0.6352941176470588,9370.0,22633.5,-13263.5,9370.0,9663.0,455.0,0.04708682603746248,1,0,1.8888888888888888,0.9193729003359462,3.971170437695075,3.6818934798522767,0.6352941176470588,0.0,4.0,0.0,4.0,36.0,52.0,248.0,0.9411764705882353,211,135.08257036207058,0.0,137,405.6918859589806,0.0,0.0,423.27415230407405,341.9944612110107,0.041538719643959277,3.052886835797075e-05,28.609,0.0,0.1069272233581898,0.007537367426189602,0.01133203654047495,0.8066193033770597,341.9840205071252,405.6918859589806,80.24005751889504,9370.0,248.0,9370.0,76.88144498422781
33,1.65,126.04841231479587,200.37863398529498,465.136889444101,185.17026164392425,0.9878712615129877,341.9840205071252,405.6918859589806,328.8104409747528,328.8104409747528,76.88144498422781,0.1895069821337301,80.24005751889504,81.23896013832669,36.756591796875,82.00292639590069,80.24005751889504,152.0,0.6352941176470588,9370.0,22633.5,-13263.5,9370.0,9663.0,455.0,0.04708682603746248,1,0,1.8888888888888888,0.9193729003359462,3.971170437695075,3.6818934798522767,0.6352941176470588,0.0,4.0,0.0,4.0,36.0,52.0,248.0,0.9411764705882353,211,135.08257036207058,0.0,137,405.6918859589806,0.0,0.0,423.27415230407405,341.9944612110107,0.041538719643959277,3.052886835797075e-05,28.7218,0.0,0.1069272233581898,0.007537367426189602,0.01133203654047495,0.8066193033770597,341.9840205071252,405.6918859589806,80.24005751889504,9370.0,248.0,9370.0,76.88144498422781
34,1.7,126.04841231479587,200.37863398529498,465.136889444101,185.17026164392425,0.9878712615129877,341.9840205071252,405.6918859589806,328.8104409747528,328.8104409747528,76.88144498422781,0.1895069821337301,80.24005751889504,81.23896013832669,36.756591796875,82.00292639590069,80.24005751889504,152.0,0.6352941176470588,9370.0,22633.5,-13263.5,9370.0,9663.0,455.0,0.04708682603746248,1,0,1.8888888888888888,0.9193729003359462,3.971170437695075,3.6818934798522767,0.6352941176470588,0.0,4.0,0.0,4.0,36.0,52.0,248.0,0.9411764705882353,211,135.08257036207058,0.0,137,405.6918859589806,0.0,0.0,423.27415230407405,341.9944612110107,0.041538719643959277,3.052886835797075e-05,28.8346,0.0,0.1069272233581898,0.007537367426189602,0.01133203654047495,0.8066193033770597,341.9840205071252,405.6918859589806,80.24005751889504,9370.0,248.0,9370.0,76.88144498422781
35,1.75,126.04841231479587,200.37863398529498,465.136889444101,185.17026164392425,0.9878712615129877,341.9840205071252,405.6918859589806,328.8104409747528,328.8104409747528,76.88144498422781,0.1895069821337301,80.24005751889504,81.23896013832669,36.756591796875,82.00292639590069,80.24005751889504,152.0,0.6352941176470588,9370.0,22633.5,-13263.5,9370.0,9663.0,455.0,0.04708682603746248,1,0,1.8888888888888888,0.9193729003359462,3.971170437695075,3.6818934798522767,0.6352941176470588,0.0,4.0,0.0,4.0,36.0,52.0,248.0,0.9411764705882353,211,135.08257036207058,0.0,137,405.6918859589806,0.0,0.0,423.27415230407405,341.9944612110107,0.041538719643959277,3.052886835797075e-05,28.9474,0.0,0.1069272233581898,0.007537367426189602,0.01133203654047495,0.8066193033770597,341.9840205071252,405.6918859589806,80.24005751889504,9370.0,248.0,9370.0,76.88144498422781
36,1.8,126.04841231479587,200.37863398529498,465.136889444101,185.17026164392425,0.9878712615129877,341.9840205071252,405.6918859589806,328.8104409747528,328.8104409747528,76.88144498422781,0.1895069821337301,80.24005751889504,81.23896013832669,36.756591796875,82.00292639590069,80.24005751889504,152.0,0.6352941176470588,9370.0,22633.5,-13263.5,9370.0,9663.0,455.0,0.04708682603746248,1,0,1.8888888888888888,0.9193729003359462,3.971170437695075,3.6818934798522767,0.6352941176470588,0.0,4.0,0.0,4.0,36.0,52.0,248.0,0.9411764705882353,211,135.08257036207058,0.0,137,405.6918859589806,0.0,0.0,423.27415230407405,341.9944612110107,0.041538719643959277,3.052886835797075e-05,29.0602,0.0,0.1069272233581898,0.007537367426189602,0.01133203654047495,0.8066193033770597,341.9840205071252,405.6918859589806,80.24005751889504,9370.0,248.0,9370.0,76.88144498422781
37,1.85,126.04841231479587,200.37863398529498,465.136889444101,185.17026164392425,0.9878712615129877,341.9840205071252,405.6918859589806,328.8104409747528,328.8104409747528,76.88144498422781,0.1895069821337301,80.24005751889504,81.23896013832669,36.756591796875,82.00292639590069,80.24005751889504,152.0,0.6352941176470588,9370.0,22633.5,-13263.5,9370.0,9663.0,455.0,0.04708682603746248,1,0,1.8888888888888888,0.9193729003359462,3.971170437695075,3.6818934798522767,0.6352941176470588,0.0,4.0,0.0,4.0,36.0,52.0,248.0,0.9411764705882353,211,135.08257036207058,0.0,137,405.6918859589806,0.0,0.0,423.27415230407405,341.9944612110107,0.041538719643959277,3.052886835797075e-05,29.1729,0.0,0.1069272233581898,0.007537367426189602,0.01133203654047495,0.8066193033770597,341.9840205071252,405.6918859589806,80.24005751889504,9370.0,248.0,9370.0,76.88144498422781
38,1.9,126.04841231479587,200.37863398529498,465.136889444101,185.17026164392425,0.9878712615129877,341.9840205071252,405.6918859589806,328.8104409747528,328.8104409747528,76.88144498422781,0.1895069821337301,80.24005751889504,81.23896013832669,36.756591796875,82.00292639590069,80.24005751889504,152.0,0.6352941176470588,9370.0,22633.5,-13263.5,9370.0,9663.0,455.0,0.04708682603746248,1,0,1.8888888888888888,0.9193729003359462,3.971170437695075,3.6818934798522767,0.6352941176470588,0.0,4.0,0.0,4.0,36.0,52.0,248.0,0.9411764705882353,211,135.08257036207058,0.0,137,405.6918859589806,0.0,0.0,423.27415230407405,341.9944612110107,0.041538719643959277,3.052886835797075e-05,29.2857,0.0,0.1069272233581898,0.007537367426189602,0.01133203654047495,0.8066193033770597,341.9840205071252,405.6918859589806,80.24005751889504,9370.0,248.0,9370.0,76.88144498422781
39,1.95,126.04841231479587,200.37863398529498,465.136889444101,185.17026164392425,0.9878712615129877,341.9840205071252,405.6918859589806,328.8104409747528,328.8104409747528,76.88144498422781,0.1895069821337301,80.24005751889504,81.23896013832669,36.756591796875,82.00292639590069,80.24005751889504,152.0,0.6352941176470588,9370.0,22633.5,-13263.5,9370.0,9663.0,455.0,0.04708682603746248,1,0,1.8888888888888888,0.9193729003359462,3.971170437695075,3.6818934798522767,0.6352941176470588,0.0,4.0,0.0,4.0,36.0,52.0,248.0,0.9411764705882353,211,135.08257036207058,0.0,137,405.6918859589806,0.0,0.0,423.27415230407405,341.9944612110107,0.041538719643959277,3.052886835797075e-05,29.3985,0.0,0.1069272233581898,0.007537367426189602,0.01133203654047495,0.8066193033770597,341.9840205071252,405.6918859589806,80.24005751889504,9370.0,248.0,9370.0,76.88144498422781
40,2.0,126.04841231479587,200.37863398529498,465.136889444101,185.17026164392425,0.9878712615129877,341.9840205071252,405.6918859589806,328.8104409747528,328.8104409747528,76.88144498422781,0.1895069821337301,80.24005751889504,81.23896013832669,36.756591796875,82.00292639590069,80.24005751889504,152.0,0.6352941176470588,9370.0,22633.5,-13263.5,9370.0,9663.0,455.0,0.04708682603746248,1,0,1.8888888888888888,0.9193729003359462,3.971170437695075,3.6818934798522767,0.6352941176470588,0.0,4.0,0.0,4.0,36.0,52.0,248.0,0.9411764705882353,211,135.08257036207058,0.0,137,405.6918859589806,0.0,0.0,423.27415230407405,341.9944612110107,0.041538719643959277,3.052886835797075e-05,29.5113,0.0,0.1069272233581898,0.007537367426189602,0.01133203654047495,0.8066193033770597,341.9840205071252,405.6918859589806,80.24005751889504,9370.0,248.0,9370.0,76.88144498422781
41,2.05,126.04841231479587,200.37863398529498,465.136889444101,185.17026164392425,0.9878712615129877,341.9840205071252,405.6918859589806,328.8104409747528,328.8104409747528,76.88144498422781,0.1895069821337301,80.24005751889504,81.23896013832669,36.756591796875,82.00292639590069,80.24005751889504,152.0,0.6352941176470588,9370.0,22633.5,-13263.5,9370.0,9663.0,455.0,0.04708682603746248,1,0,1.8888888888888888,0.9193729003359462,3.971170437695075,3.6818934798522767,0.6352941176470588,0.0,4.0,0.0,4.0,36.0,52.0,248.0,0.9411764705882353,211,135.08257036207058,0.0,137,405.6918859589806,0.0,0.0,423.27415230407405,341.9944612110107,0.041538719643959277,3.052886835797075e-05,29.6241,0.0,0.1069272233581898,0.007537367426189602,0.01133203654047495,0.8066193033770597,341.9840205071252,405.6918859589806,80.24005751889504,9370.0,248.0,9370.0,76.88144498422781
42,2.1,126.04841231479587,200.37863398529498,465.136889444101,185.17026164392425,0.9878712615129877,341.9840205071252,405.6918859589806,328.8104409747528,328.8104409747528,76.88144498422781,0.1895069821337301,80.24005751889504,81.23896013832669,36.756591796875,82.00292639590069,80.24005751889504,152.0,0.6352941176470588,9370.0,22633.5,-13263.5,9370.0,9663.0,455.0,0.04708682603746248,1,0,1.8888888888888888,0.9193729003359462,3.971170437695075,3.6818934798522767,0.6352941176470588,0.0,4.0,0.0,4.0,36.0,52.0,248.0,0.9411764705882353,211,135.08257036207058,0.0,137,405.6918859589806,0.0,0.0,423.27415230407405,341.9944612110107,0.041538719643959277,3.052886835797075e-05,29.7368,0.0,0.1069272233581898,0.007537367426189602,0.01133203654047495,0.8066193033770597,341.9840205071252,405.6918859589806,80.24005751889504,9370.0,248.0,9370.0,76.88144498422781
43,2.15,126.04841231479587,200.37863398529498,465.136889444101,185.17026164392425,0.9878712615129877,341.9840205071252,405.6918859589806,328.8104409747528,328.8104409747528,76.88144498422781,0.1895069821337301,80.24005751889504,81.23896013832669,36.756591796875,82.00292639590069,80.24005751889504,152.0,0.6352941176470588,9370.0,22633.5,-13263.5,9370.0,9663.0,455.0,0.04708682603746248,1,0,1.8888888888888888,0.9193729003359462,3.971170437695075,3.6818934798522767,0.6352941176470588,0.0,4.0,0.0,4.0,36.0,52.0,248.0,0.9411764705882353,211,135.08257036207058,0.0,137,405.6918859589806,0.0,0.0,423.27415230407405,341.9944612110107,0.041538719643959277,3.052886835797075e-05,29.8496,0.0,0.1069272233581898,0.007537367426189602,0.01133203654047495,0.8066193033770597,341.9840205071252,405.6918859589806,80.24005751889504,9370.0,248.0,9370.0,76.88144498422781
44,2.2,126.04841231479587,200.37863398529498,465.136889444101,185.17026164392425,0.9878712615129877,341.9840205071252,405.6918859589806,328.8104409747528,328.8104409747528,76.88144498422781,0.1895069821337301,80.24005751889504,81.23896013832669,36.756591796875,82.00292639590069,80.24005751889504,152.0,0.6352941176470588,9370.0,22633.5,-13263.5,9370.0,9663.0,455.0,0.04708682603746248,1,0,1.8888888888888888,0.9193729003359462,3.971170437695075,3.6818934798522767,0.6352941176470588,0.0,4.0,0.0,4.0,36.0,52.0,248.0,0.9411764705882353,211,135.08257036207058,0.0,137,405.6918859589806,0.0,0.0,423.27415230407405,341.9944612110107,0.041538719643959277,3.052886835797075e-05,29.9624,0.0,0.1069272233581898,0.007537367426189602,0.01133203654047495,0.8066193033770597,341.9840205071252,405.6918859589806,80.24005751889504,9370.0,248.0,9370.0,76.88144498422781
45,2.25,126.04841231479587,200.37863398529498,465.136889444101,185.17026164392425,0.9878712615129877,341.9840205071252,405.6918859589806,328.8104409747528,328.8104409747528,76.88144498422781,0.1895069821337301,80.24005751889504,81.23896013832669,36.756591796875,82.00292639590069,80.24005751889504,152.0,0.6352941176470588,9370.0,22633.5,-13263.5,9370.0,9663.0,455.0,0.04708682603746248,1,0,1.8888888888888888,0.9193729003359462,3.971170437695075,3.6818934798522767,0.6352941176470588,0.0,4.0,0.0,4.0,36.0,52.0,248.0,0.9411764705882353,211,135.08257036207058,0.0,137,405.6918859589806,0.0,0.0,423.27415230407405,341.9944612110107,0.041538719643959277,3.052886835797075e-05,30.0752,0.0,0.1069272233581898,0.007537367426189602,0.01133203654047495,0.8066193033770597,341.9840205071252,405.6918859589806,80.24005751889504,9370.0,248.0,9370.0,76.88144498422781
46,2.3,126.04841231479587,200.37863398529498,465.136889444101,185.17026164392425,0.9878712615129877,341.9840205071252,405.6918859589806,328.8104409747528,328.8104409747528,76.88144498422781,0.1895069821337301,80.24005751889504,81.23896013832669,36.756591796875,82.00292639590069,80.24005751889504,152.0,0.6352941176470588,9370.0,22633.5,-13263.5,9370.0,9663.0,455.0,0.04708682603746248,1,0,1.8888888888888888,0.9193729003359462,3.971170437695075,3.6818934798522767,0.6352941176470588,0.0,4.0,0.0,4.0,36.0,52.0,248.0,0.9411764705882353,211,135.08257036207058,0.0,137,405.6918859589806,0.0,0.0,423.27415230407405,341.9944612110107,0.041538719643959277,3.052886835797075e-05,30.188,0.0,0.1069272233581898,0.007537367426189602,0.01133203654047495,0.8066193033770597,341.9840205071252,405.6918859589806,80.24005751889504,9370.0,248.0,9370.0,76.88144498422781
47,2.35,126.04841231479587,200.37863398529498,465.136889444101,185.17026164392425,0.9878712615129877,341.9840205071252,405.6918859589806,328.8104409747528,328.8104409747528,76.88144498422781,0.1895069821337301,80.24005751889504,81.23896013832669,36.756591796875,82.00292639590069,80.24005751889504,152.0,0.6352941176470588,9370.0,22633.5,-13263.5,9370.0,9663.0,455.0,0.04708682603746248,1,0,1.8888888888888888,0.9193729003359462,3.971170437695075,3.6818934798522767,0.6352941176470588,0.0,4.0,0.0,4.0,36.0,52.0,248.0,0.9411764705882353,211,135.08257036207058,0.0,137,405.6918859589806,0.0,0.0,423.27415230407405,341.9944612110107,0.041538719643959277,3.052886835797075e-05,30.3008,0.0,0.1069272233581898,0.007537367426189602,0.01133203654047495,0.8066193033770597,341.9840205071252,405.6918859589806,80.24005751889504,9370.0,248.0,9370.0,76.88144498422781
48,2.4,126.04841231479587,200.37863398529498,465.136889444101,185.17026164392425,0.9878712615129877,341.9840205071252,405.6918859589806,328.8104409747528,328.8104409747528,76.88144498422781,0.1895069821337301,80.24005751889504,81.23896013832669,36.756591796875,82.00292639590069,80.24005751889504,152.0,0.6352941176470588,9370.0,22633.5,-13263.5,9370.0,9663.0,455.0,0.04708682603746248,1,0,1.8888888888888888,0.9193729003359462,3.971170437695075,3.6818934798522767,0.6352941176470588,0.0,4.0,0.0,4.0,36.0,52.0,248.0,0.9411764705882353,211,135.08257036207058,0.0,137,405.6918859589806,0.0,0.0,423.27415230407405,341.9944612110107,0.041538719643959277,3.052886835797075e-05,30.4135,0.0,0.1069272233581898,0.007537367426189602,0.01133203654047495,0.8066193033770597,341.9840205071252,405.6918859589806,80.24005751889504,9370.0,248.0,9370.0,76.88144498422781
49,2.45,126.04841231479587,200.37863398529498,465.136889444101,185.17026164392425,0.9878712615129877,341.9840205071252,405.6918859589806,328.8104409747528,328.8104409747528,76.88144498422781,0.1895069821337301,80.24005751889504,81.23896013832669,36.756591796875,82.00292639590069,80.24005751889504,152.0,0.6352941176470588,9370.0,22633.5,-13263.5,9370.0,9663.0,455.0,0.04708682603746248,1,0,1.8888888888888888,0.9193729003359462,3.971170437695075,3.6818934798522767,0.6352941176470588,0.0,4.0,0.0,4.0,36.0,52.0,248.0,0.9411764705882353,211,135.08257036207058,0.0,137,405.6918859589806,0.0,0.0,423.27415230407405,341.9944612110107,0.041538719643959277,3.052886835797075e-05,30.5263,0.0,0.1069272233581898,0.007537367426189602,0.01133203654047495,0.8066193033770597,341.9840205071252,405.6918859589806,80.24005751889504,9370.0,248.0,9370.0,76.88144498422781
50,2.5,126.04841231479587,200.37863398529498,465.136889444101,185.17026164392425,0.9878712615129877,341.9840205071252,405.6918859589806,328.8104409747528,328.8104409747528,76.88144498422781,0.1895069821337301,80.24005751889504,81.23896013832669,36.756591796875,82.00292639590069,80.24005751889504,152.0,0.6352941176470588,9370.0,22633.5,-13263.5,9370.0,9663.0,455.0,0.04708682603746248,1,0,1.8888888888888888,0.9193729003359462,3.971170437695075,3.6818934798522767,0.6352941176470588,0.0,4.0,0.0,4.0,36.0,52.0,248.0,0.9411764705882353,211,135.08257036207058,0.0,137,405.6918859589806,0.0,0.0,423.27415230407405,341.9944612110107,0.041538719643959277,3.052886835797075e-05,30.6391,0.0,0.1069272233581898,0.007537367426189602,0.01133203654047495,0.8066193033770597,341.9840205071252,405.6918859589806,80.24005751889504,9370.0,248.0,9370.0,76.88144498422781
51,2.55,126.04841231479587,200.37863398529498,465.136889444101,185.17026164392425,0.9878712615129877,341.9840205071252,405.6918859589806,328.8104409747528,328.8104409747528,76.88144498422781,0.1895069821337301,80.24005751889504,81.23896013832669,36.756591796875,82.00292639590069,80.24005751889504,152.0,0.6352941176470588,9370.0,22633.5,-13263.5,9370.0,9663.0,455.0,0.04708682603746248,1,0,1.8888888888888888,0.9193729003359462,3.971170437695075,3.6818934798522767,0.6352941176470588,0.0,4.0,0.0,4.0,36.0,52.0,248.0,0.9411764705882353,211,135.08257036207058,0.0,137,405.6918859589806,0.0,0.0,423.27415230407405,341.9944612110107,0.041538719643959277,3.052886835797075e-05,30.7519,0.0,0.1069272233581898,0.007537367426189602,0.01133203654047495,0.8066193033770597,341.9840205071252,405.6918859589806,80.24005751889504,9370.0,248.0,9370.0,76.88144498422781
52,2.6,126.04841231479587,200.37863398529498,465.136889444101,185.17026164392425,0.9878712615129877,341.9840205071252,405.6918859589806,328.8104409747528,328.8104409747528,76.88144498422781,0.1895069821337301,80.24005751889504,81.23896013832669,36.756591796875,82.00292639590069,80.24005751889504,152.0,0.6352941176470588,9370.0,22633.5,-13263.5,9370.0,9663.0,455.0,0.04708682603746248,1,0,1.8888888888888888,0.9193729003359462,3.971170437695075,3.6818934798522767,0.6352941176470588,0.0,4.0,0.0,4.0,36.0,52.0,248.0,0.9411764705882353,211,135.08257036207058,0.0,137,405.6918859589806,0.0,0.0,423.27415230407405,341.9944612110107,0.041538719643959277,3.052886835797075e-05,30.8647,0.0,0.1069272233581898,0.007537367426189602,0.01133203654047495,0.8066193033770597,341.9840205071252,405.6918859589806,80.24005751889504,9370.0,248.0,9370.0,76.88144498422781
53,2.65,126.04841231479587,200.37863398529498,465.136889444101,185.17026164392425,0.9878712615129877,341.9840205071252,405.6918859589806,328.8104409747528,328.8104409747528,76.88144498422781,0.1895069821337301,80.24005751889504,81.23896013832669,36.756591796875,82.00292639590069,80.24005751889504,152.0,0.6352941176470588,9370.0,22633.5,-13263.5,9370.0,9663.0,455.0,0.04708682603746248,1,0,1.8888888888888888,0.9193729003359462,3.971170437695075,3.6818934798522767,0.6352941176470588,0.0,4.0,0.0,4.0,36.0,52.0,248.0,0.9411764705882353,211,135.08257036207058,0.0,137,405.6918859589806,0.0,0.0,423.27415230407405,341.9944612110107,0.041538719643959277,3.052886835797075e-05,30.9774,0.0,0.1069272233581898,0.007537367426189602,0.01133203654047495,0.8066193033770597,341.9840205071252,405.6918859589806,80.24005751889504,9370.0,248.0,9370.0,76.88144498422781
54,2.7,126.04841231479587,200.37863398529498,465.136889444101,185.17026164392425,0.9878712615129877,341.9840205071252,405.6918859589806,328.8104409747528,328.8104409747528,76.88144498422781,0.1895069821337301,80.24005751889504,81.23896013832669,36.756591796875,82.00292639590069,80.24005751889504,152.0,0.6352941176470588,9370.0,22633.5,-13263.5,9370.0,9663.0,455.0,0.04708682603746248,1,0,1.8888888888888888,0.9193729003359462,3.971170437695075,3.6818934798522767,0.6352941176470588,0.0,4.0,0.0,4.0,36.0,52.0,248.0,0.9411764705882353,211,135.08257036207058,0.0,137,405.6918859589806,0.0,0.0,423.27415230407405,341.9944612110107,0.041538719643959277,3.052886835797075e-05,31.0902,0.0,0.1069272233581898,0.007537367426189602,0.01133203654047495,0.8066193033770597,341.9840205071252,405.6918859589806,80.24005751889504,9370.0,248.0,9370.0,76.88144498422781
55,2.75,126.04841231479587,200.37863398529498,465.136889444101,185.17026164392425,0.9878712615129877,341.9840205071252,405.6918859589806,328.8104409747528,328.8104409747528,76.88144498422781,0.1895069821337301,80.24005751889504,81.23896013832669,36.756591796875,82.00292639590069,80.24005751889504,152.0,0.6352941176470588,9370.0,22633.5,-13263.5,9370.0,9663.0,455.0,0.04708682603746248,1,0,1.8888888888888888,0.9193729003359462,3.971170437695075,3.6818934798522767,0.6352941176470588,0.0,4.0,0.0,4.0,36.0,52.0,248.0,0.9411764705882353,211,135.08257036207058,0.0,137,405.6918859589806,0.0,0.0,423.27415230407405,341.9944612110107,0.041538719643959277,3.052886835797075e-05,31.203,0.0,0.1069272233581898,0.007537367426189602,0.01133203654047495,0.8066193033770597,341.9840205071252,405.6918859589806,80.24005751889504,9370.0,248.0,9370.0,76.88144498422781
56,2.8,126.04841231479587,200.37863398529498,465.136889444101,185.17026164392425,0.9878712615129877,341.9840205071252,405.6918859589806,328.8104409747528,328.8104409747528,76.88144498422781,0.1895069821337301,80.24005751889504,81.23896013832669,36.756591796875,82.00292639590069,80.24005751889504,152.0,0.6352941176470588,9370.0,22633.5,-13263.5,9370.0,9663.0,455.0,0.04708682603746248,1,0,1.8888888888888888,0.9193729003359462,3.971170437695075,3.6818934798522767,0.6352941176470588,0.0,4.0,0.0,4.0,36.0,52.0,248.0,0.9411764705882353,211,135.08257036207058,0.0,137,405.6918859589806,0.0,0.0,423.27415230407405,341.9944612110107,0.041538719643959277,3.052886835797075e-05,31.3158,0.0,0.1069272233581898,0.007537367426189602,0.01133203654047495,0.8066193033770597,341.9840205071252,405.6918859589806,80.24005751889504,9370.0,248.0,9370.0,76.88144498422781
57,2.85,126.04841231479587,200.37863398529498,465.136889444101,185.17026164392425,0.9878712615129877,341.9840205071252,405.6918859589806,328.8104409747528,328.8104409747528,76.88144498422781,0.1895069821337301,80.24005751889504,81.23896013832669,36.756591796875,82.00292639590069,80.24005751889504,152.0,0.6352941176470588,9370.0,22633.5,-13263.5,9370.0,9663.0,455.0,0.04708682603746248,1,0,1.8888888888888888,0.9193729003359462,3.971170437695075,3.6818934798522767,0.6352941176470588,0.0,4.0,0.0,4.0,36.0,52.0,248.0,0.9411764705882353,211,135.08257036207058,0.0,137,405.6918859589806,0.0,0.0,423.27415230407405,341.9944612110107,0.041538719643959277,3.052886835797075e-05,31.4286,0.0,0.1069272233581898,0.007537367426189602,0.01133203654047495,0.8066193033770597,341.9840205071252,405.6918859589806,80.24005751889504,9370.0,248.0,9370.0,76.88144498422781
58,2.9,126.04841231479587,200.37863398529498,465.136889444101,185.17026164392425,0.9878712615129877,341.9840205071252,405.6918859589806,328.8104409747528,328.8104409747528,76.88144498422781,0.1895069821337301,80.24005751889504,81.23896013832669,36.756591796875,82.00292639590069,80.24005751889504,152.0,0.6352941176470588,9370.0,22633.5,-13263.5,9370.0,9663.0,455.0,0.04708682603746248,1,0,1.8888888888888888,0.9193729003359462,3.971170437695075,3.6818934798522767,0.6352941176470588,0.0,4.0,0.0,4.0,36.0,52.0,248.0,0.9411764705882353,211,135.08257036207058,0.0,137,405.6918859589806,0.0,0.0,423.27415230407405,341.9944612110107,0.041538719643959277,3.052886835797075e-05,31.5414,0.0,0.1069272233581898,0.007537367426189602,0.01133203654047495,0.8066193033770597,341.9840205071252,405.6918859589806,80.24005751889504,9370.0,248.0,9370.0,76.88144498422781
59,2.95,126.04841231479587,200.37863398529498,465.136889444101,185.17026164392425,0.9878712615129877,341.9840205071252,405.6918859589806,328.8104409747528,328.8104409747528,76.88144498422781,0.1895069821337301,80.24005751889504,81.23896013832669,36.756591796875,82.00292639590069,80.24005751889504,152.0,0.6352941176470588,9370.0,22633.5,-13263.5,9370.0,9663.0,455.0,0.04708682603746248,1,0,1.8888888888888888,0.9193729003359462,3.971170437695075,3.6818934798522767,0.6352941176470588,0.0,4.0,0.0,4.0,36.0,52.0,248.0,0.9411764705882353,211,135.08257036207058,0.0,137,405.6918859589806,0.0,0.0,423.27415230407405,341.9944612110107,0.041538719643959277,3.052886835797075e-05,31.6541,0.0,0.1069272233581898,0.007537367426189602,0.01133203654047495,0.8066193033770597,341.9840205071252,405.6918859589806,80.24005751889504,9370.0,248.0,9370.0,76.88144498422781
60,3.0,126.04841231479587,200.37863398529498,465.136889444101,185.17026164392425,0.9878712615129877,341.9840205071252,405.6918859589806,328.8104409747528,328.8104409747528,76.88144498422781,0.1895069821337301,80.24005751889504,81.23896013832669,36.756591796875,82.00292639590069,80.24005751889504,152.0,0.6352941176470588,9370.0,22633.5,-13263.5,9370.0,9663.0,455.0,0.04708682603746248,1,0,1.8888888888888888,0.9193729003359462,3.971170437695075,3.6818934798522767,0.6352941176470588,0.0,4.0,0.0,4.0,36.0,52.0,248.0,0.9411764705882353,211,135.08257036207058,0.0,137,405.6918859589806,0.0,0.0,423.27415230407405,341.9944612110107,0.041538719643959277,3.052886835797075e-05,31.7669,0.0,0.1069272233581898,0.007537367426189602,0.01133203654047495,0.8066193033770597,341.9840205071252,405.6918859589806,80.24005751889504,9370.0,248.0,9370.0,76.88144498422781
61,3.05,126.04841231479587,200.37863398529498,465.136889444101,185.17026164392425,0.9878712615129877,341.9840205071252,405.6918859589806,328.8104409747528,328.8104409747528,76.88144498422781,0.1895069821337301,80.24005751889504,81.23896013832669,36.756591796875,82.00292639590069,80.24005751889504,152.0,0.6352941176470588,9370.0,22633.5,-13263.5,9370.0,9663.0,455.0,0.04708682603746248,1,0,1.8888888888888888,0.9193729003359462,3.971170437695075,3.6818934798522767,0.6352941176470588,0.0,4.0,0.0,4.0,36.0,52.0,248.0,0.9411764705882353,211,135.08257036207058,0.0,137,405.6918859589806,0.0,0.0,423.27415230407405,341.9944612110107,0.041538719643959277,3.052886835797075e-05,31.8797,0.0,0.1069272233581898,0.007537367426189602,0.01133203654047495,0.8066193033770597,341.9840205071252,405.6918859589806,80.24005751889504,9370.0,248.0,9370.0,76.88144498422781
62,3.1,126.04841231479587,200.37863398529498,465.136889444101,185.17026164392425,0.9878712615129877,341.9840205071252,405.6918859589806,328.8104409747528,328.8104409747528,76.88144498422781,0.1895069821337301,80.24005751889504,81.23896013832669,36.756591796875,82.00292639590069,80.24005751889504,152.0,0.6352941176470588,9370.0,22633.5,-13263.5,9370.0,9663.0,455.0,0.04708682603746248,1,0,1.8888888888888888,0.9193729003359462,3.971170437695075,3.6818934798522767,0.6352941176470588,0.0,4.0,0.0,4.0,36.0,52.0,248.0,0.9411764705882353,211,135.08257036207058,0.0,137,405.6918859589806,0.0,0.0,423.27415230407405,341.9944612110107,0.041538719643959277,3.052886835797075e-05,31.9925,0.0,0.1069272233581898,0.007537367426189602,0.01133203654047495,0.8066193033770597,341.9840205071252,405.6918859589806,80.24005751889504,9370.0,248.0,9370.0,76.88144498422781
63,3.15,126.04841231479587,200.37863398529498,465.136889444101,185.17026164392425,0.9878712615129877,341.9840205071252,405.6918859589806,328.8104409747528,328.8104409747528,76.88144498422781,0.1895069821337301,80.24005751889504,81.23896013832669,36.756591796875,82.00292639590069,80.24005751889504,152.0,0.6352941176470588,9370.0,22633.5,-13263.5,9370.0,9663.0,455.0,0.04708682603746248,1,0,1.8888888888888888,0.9193729003359462,3.971170437695075,3.6818934798522767,0.6352941176470588,0.0,4.0,0.0,4.0,36.0,52.0,248.0,0.9411764705882353,211,135.08257036207058,0.0,137,405.6918859589806,0.0,0.0,423.27415230407405,341.9944612110107,0.041538719643959277,3.052886835797075e-05,32.1053,0.0,0.1069272233581898,0.007537367426189602,0.01133203654047495,0.8066193033770597,341.9840205071252,405.6918859589806,80.24005751889504,9370.0,248.0,9370.0,76.88144498422781
64,3.2,126.04841231479587,200.37863398529498,465.136889444101,185.17026164392425,0.9878712615129877,341.9840205071252,405.6918859589806,328.8104409747528,328.8104409747528,76.88144498422781,0.1895069821337301,80.24005751889504,81.23896013832669,36.756591796875,82.00292639590069,80.24005751889504,152.0,0.6352941176470588,9370.0,22633.5,-13263.5,9370.0,9663.0,455.0,0.04708682603746248,1,0,1.8888888888888888,0.9193729003359462,3.971170437695075,3.6818934798522767,0.6352941176470588,0.0,4.0,0.0,4.0,36.0,52.0,248.0,0.9411764705882353,211,135.08257036207058,0.0,137,405.6918859589806,0.0,0.0,423.27415230407405,341.9944612110107,0.041538719643959277,3.052886835797075e-05,32.218,0.0,0.1069272233581898,0.007537367426189602,0.01133203654047495,0.8066193033770597,341.9840205071252,405.6918859589806,80.24005751889504,9370.0,248.0,9370.0,76.88144498422781
65,3.25,126.04841231479587,200.37863398529498,465.136889444101,185.17026164392425,0.9878712615129877,341.9840205071252,405.6918859589806,328.8104409747528,328.8104409747528,76.88144498422781,0.1895069821337301,80.24005751889504,81.23896013832669,36.756591796875,82.00292639590069,80.24005751889504,152.0,0.6352941176470588,9370.0,22633.5,-13263.5,9370.0,9663.0,455.0,0.04708682603746248,1,0,1.8888888888888888,0.9193729003359462,3.971170437695075,3.6818934798522767,0.6352941176470588,0.0,4.0,0.0,4.0,36.0,52.0,248.0,0.9411764705882353,211,135.08257036207058,0.0,137,405.6918859589806,0.0,0.0,423.27415230407405,341.9944612110107,0.041538719643959277,3.052886835797075e-05,32.3308,0.0,0.1069272233581898,0.007537367426189602,0.01133203654047495,0.8066193033770597,341.9840205071252,405.6918859589806,80.24005751889504,9370.0,248.0,9370.0,76.88144498422781
66,3.3,126.04841231479587,200.37863398529498,465.136889444101,185.17026164392425,0.9878712615129877,341.9840205071252,405.6918859589806,328.8104409747528,328.8104409747528,76.88144498422781,0.1895069821337301,80.24005751889504,81.23896013832669,36.756591796875,82.00292639590069,80.24005751889504,152.0,0.6352941176470588,9370.0,22633.5,-13263.5,9370.0,9663.0,455.0,0.04708682603746248,1,0,1.8888888888888888,0.9193729003359462,3.971170437695075,3.6818934798522767,0.6352941176470588,0.0,4.0,0.0,4.0,36.0,52.0,248.0,0.9411764705882353,211,135.08257036207058,0.0,137,405.6918859589806,0.0,0.0,423.27415230407405,341.9944612110107,0.041538719643959277,3.052886835797075e-05,32.4436,0.0,0.1069272233581898,0.007537367426189602,0.01133203654047495,0.8066193033770597,341.9840205071252,405.6918859589806,80.24005751889504,9370.0,248.0,9370.0,76.88144498422781
67,3.35,126.04841231479587,200.37863398529498,465.136889444101,185.17026164392425,0.9878712615129877,341.9840205071252,405.6918859589806,328.8104409747528,328.8104409747528,76.88144498422781,0.1895069821337301,80.24005751889504,81.23896013832669,36.756591796875,82.00292639590069,80.24005751889504,152.0,0.6352941176470588,9370.0,22633.5,-13263.5,9370.0,9663.0,455.0,0.04708682603746248,1,0,1.8888888888888888,0.9193729003359462,3.971170437695075,3.6818934798522767,0.6352941176470588,0.0,4.0,0.0,4.0,36.0,52.0,248.0,0.9411764705882353,211,135.08257036207058,0.0,137,405.6918859589806,0.0,0.0,423.27415230407405,341.9944612110107,0.041538719643959277,3.052886835797075e-05,32.5564,0.0,0.1069272233581898,0.007537367426189602,0.01133203654047495,0.8066193033770597,341.9840205071252,405.6918859589806,80.24005751889504,9370.0,248.0,9370.0,76.88144498422781
68,3.4,126.04841231479587,200.37863398529498,465.136889444101,185.17026164392425,0.9878712615129877,341.9840205071252,405.6918859589806,328.8104409747528,328.8104409747528,76.88144498422781,0.1895069821337301,80.24005751889504,81.23896013832669,36.756591796875,82.00292639590069,80.24005751889504,152.0,0.6352941176470588,9370.0,22633.5,-13263.5,9370.0,9663.0,455.0,0.04708682603746248,1,0,1.8888888888888888,0.9193729003359462,3.971170437695075,3.6818934798522767,0.6352941176470588,0.0,4.0,0.0,4.0,36.0,52.0,248.0,0.9411764705882353,211,135.08257036207058,0.0,137,405.6918859589806,0.0,0.0,423.27415230407405,341.9944612110107,0.041538719643959277,3.052886835797075e-05,32.6692,0.0,0.1069272233581898,0.007537367426189602,0.01133203654047495,0.8066193033770597,341.9840205071252,405.6918859589806,80.24005751889504,9370.0,248.0,9370.0,76.88144498422781
69,3.45,126.04841231479587,200.37863398529498,465.136889444101,185.17026164392425,0.9878712615129877,341.9840205071252,405.6918859589806,328.8104409747528,328.8104409747528,76.88144498422781,0.1895069821337301,80.24005751889504,81.23896013832669,36.756591796875,82.00292639590069,80.24005751889504,152.0,0.6352941176470588,9370.0,22633.5,-13263.5,9370.0,9663.0,455.0,0.04708682603746248,1,0,1.8888888888888888,0.9193729003359462,3.971170437695075,3.6818934798522767,0.6352941176470588,0.0,4.0,0.0,4.0,36.0,52.0,248.0,0.9411764705882353,211,135.08257036207058,0.0,137,405.6918859589806,0.0,0.0,423.27415230407405,341.9944612110107,0.041538719643959277,3.052886835797075e-05,32.782,0.0,0.1069272233581898,0.007537367426189602,0.01133203654047495,0.8066193033770597,341.9840205071252,405.6918859589806,80.24005751889504,9370.0,248.0,9370.0,76.88144498422781
70,3.5,126.04841231479587,200.37863398529498,465.136889444101,185.17026164392425,0.9878712615129877,341.9840205071252,405.6918859589806,328.8104409747528,328.8104409747528,76.88144498422781,0.1895069821337301,80.24005751889504,81.23896013832669,36.756591796875,82.00292639590069,80.24005751889504,152.0,0.6352941176470588,9370.0,22633.5,-13263.5,9370.0,9663.0,455.0,0.04708682603746248,1,0,1.8888888888888888,0.9193729003359462,3.971170437695075,3.6818934798522767,0.6352941176470588,0.0,4.0,0.0,4.0,36.0,52.0,248.0,0.9411764705882353,211,135.08257036207058,0.0,137,405.6918859589806,0.0,0.0,423.27415230407405,341.9944612110107,0.041538719643959277,3.052886835797075e-05,32.8947,0.0,0.1069272233581898,0.007537367426189602,0.01133203654047495,0.8066193033770597,341.9840205071252,405.6918859589806,80.24005751889504,9370.0,248.0,9370.0,76.88144498422781
71,3.55,126.04841231479587,200.37863398529498,465.136889444101,185.17026164392425,0.9878712615129877,341.9840205071252,405.6918859589806,328.8104409747528,328.8104409747528,76.88144498422781,0.1895069821337301,80.24005751889504,81.23896013832669,36.756591796875,82.00292639590069,80.24005751889504,152.0,0.6352941176470588,9370.0,22633.5,-13263.5,9370.0,9663.0,455.0,0.04708682603746248,1,0,1.8888888888888888,0.9193729003359462,3.971170437695075,3.6818934798522767,0.6352941176470588,0.0,4.0,0.0,4.0,36.0,52.0,248.0,0.9411764705882353,211,135.08257036207058,0.0,137,405.6918859589806,0.0,0.0,423.27415230407405,341.9944612110107,0.041538719643959277,3.052886835797075e-05,33.0075,0.0,0.1069272233581898,0.007537367426189602,0.01133203654047495,0.8066193033770597,341.9840205071252,405.6918859589806,80.24005751889504,9370.0,248.0,9370.0,76.88144498422781
72,3.6,126.04841231479587,200.37863398529498,465.136889444101,185.17026164392425,0.9878712615129877,341.9840205071252,405.6918859589806,328.8104409747528,328.8104409747528,76.88144498422781,0.1895069821337301,80.24005751889504,81.23896013832669,36.756591796875,82.00292639590069,80.24005751889504,152.0,0.6352941176470588,9370.0,22633.5,-13263.5,9370.0,9663.0,455.0,0.04708682603746248,1,0,1.8888888888888888,0.9193729003359462,3.971170437695075,3.6818934798522767,0.6352941176470588,0.0,4.0,0.0,4.0,36.0,52.0,248.0,0.9411764705882353,211,135.08257036207058,0.0,137,405.6918859589806,0.0,0.0,423.27415230407405,341.9944612110107,0.041538719643959277,3.052886835797075e-05,33.1203,0.0,0.1069272233581898,0.007537367426189602,0.01133203654047495,0.8066193033770597,341.9840205071252,405.6918859589806,80.24005751889504,9370.0,248.0,9370.0,76.88144498422781
73,3.65,126.04841231479587,200.37863398529498,465.136889444101,185.17026164392425,0.9878712615129877,341.9840205071252,405.6918859589806,328.8104409747528,328.8104409747528,76.88144498422781,0.1895069821337301,80.24005751889504,81.23896013832669,36.756591796875,82.00292639590069,80.24005751889504,152.0,0.6352941176470588,9370.0,22633.5,-13263.5,9370.0,9663.0,455.0,0.04708682603746248,1,0,1.8888888888888888,0.9193729003359462,3.971170437695075,3.6818934798522767,0.6352941176470588,0.0,4.0,0.0,4.0,36.0,52.0,248.0,0.9411764705882353,211,135.08257036207058,0.0,137,405.6918859589806,0.0,0.0,423.27415230407405,341.9944612110107,0.041538719643959277,3.052886835797075e-05,33.2331,0.0,0.1069272233581898,0.007537367426189602,0.01133203654047495,0.8066193033770597,341.9840205071252,405.6918859589806,80.24005751889504,9370.0,248.0,9370.0,76.88144498422781
74,3.7,126.04841231479587,200.37863398529498,465.136889444101,185.17026164392425,0.9878712615129877,341.9840205071252,405.6918859589806,328.8104409747528,328.8104409747528,76.88144498422781,0.1895069821337301,80.24005751889504,81.23896013832669,36.756591796875,82.00292639590069,80.24005751889504,152.0,0.6352941176470588,9370.0,22633.5,-13263.5,9370.0,9663.0,455.0,0.04708682603746248,1,0,1.8888888888888888,0.9193729003359462,3.971170437695075,3.6818934798522767,0.6352941176470588,0.0,4.0,0.0,4.0,36.0,52.0,248.0,0.9411764705882353,211,135.08257036207058,0.0,137,405.6918859589806,0.0,0.0,423.27415230407405,341.9944612110107,0.041538719643959277,3.052886835797075e-05,33.3459,0.0,0.1069272233581898,0.007537367426189602,0.01133203654047495,0.8066193033770597,341.9840205071252,405.6918859589806,80.24005751889504,9370.0,248.0,9370.0,76.88144498422781
75,3.75,126.04841231479587,200.37863398529498,465.136889444101,185.17026164392425,0.9878712615129877,341.9840205071252,405.6918859589806,328.8104409747528,328.8104409747528,76.88144498422781,0.1895069821337301,80.24005751889504,81.23896013832669,36.756591796875,82.00292639590069,80.24005751889504,152.0,0.6352941176470588,9370.0,22633.5,-13263.5,9370.0,9663.0,455.0,0.04708682603746248,1,0,1.8888888888888888,0.9193729003359462,3.971170437695075,3.6818934798522767,0.6352941176470588,0.0,4.0,0.0,4.0,36.0,52.0,248.0,0.9411764705882353,211,135.08257036207058,0.0,137,405.6918859589806,0.0,0.0,423.27415230407405,341.9944612110107,0.041538719643959277,3.052886835797075e-05,33.4586,0.0,0.1069272233581898,0.007537367426189602,0.01133203654047495,0.8066193033770597,341.9840205071252,405.6918859589806,80.24005751889504,9370.0,248.0,9370.0,76.88144498422781
76,3.8,126.04841231479587,200.37863398529498,465.136889444101,185.17026164392425,0.9878712615129877,341.9840205071252,405.6918859589806,328.8104409747528,328.8104409747528,76.88144498422781,0.1895069821337301,80.24005751889504,81.23896013832669,36.756591796875,82.00292639590069,80.24005751889504,152.0,0.6352941176470588,9370.0,22633.5,-13263.5,9370.0,9663.0,455.0,0.04708682603746248,1,0,1.8888888888888888,0.9193729003359462,3.971170437695075,3.6818934798522767,0.6352941176470588,0.0,4.0,0.0,4.0,36.0,52.0,248.0,0.9411764705882353,211,135.08257036207058,0.0,137,405.6918859589806,0.0,0.0,423.27415230407405,341.9944612110107,0.041538719643959277,3.052886835797075e-05,33.5714,0.0,0.1069272233581898,0.007537367426189602,0.01133203654047495,0.8066193033770597,341.9840205071252,405.6918859589806,80.24005751889504,9370.0,248.0,9370.0,76.88144498422781
77,3.85,126.04841231479587,200.37863398529498,465.136889444101,185.17026164392425,0.9878712615129877,341.9840205071252,405.6918859589806,328.8104409747528,328.8104409747528,76.88144498422781,0.1895069821337301,80.24005751889504,81.23896013832669,36.756591796875,82.00292639590069,80.24005751889504,152.0,0.6352941176470588,9370.0,22633.5,-13263.5,9370.0,9663.0,455.0,0.04708682603746248,1,0,1.8888888888888888,0.9193729003359462,3.971170437695075,3.6818934798522767,0.6352941176470588,0.0,4.0,0.0,4.0,36.0,52.0,248.0,0.9411764705882353,211,135.08257036207058,0.0,137,405.6918859589806,0.0,0.0,423.27415230407405,341.9944612110107,0.041538719643959277,3.052886835797075e-05,33.6842,0.0,0.1069272233581898,0.007537367426189602,0.01133203654047495,0.8066193033770597,341.9840205071252,405.6918859589806,80.24005751889504,9370.0,248.0,9370.0,76.88144498422781
78,3.9,126.04841231479587,200.37863398529498,465.136889444101,185.17026164392425,0.9878712615129877,341.9840205071252,405.6918859589806,328.8104409747528,328.8104409747528,76.88144498422781,0.1895069821337301,80.24005751889504,81.23896013832669,36.756591796875,82.00292639590069,80.24005751889504,152.0,0.6352941176470588,9370.0,22633.5,-13263.5,9370.0,9663.0,455.0,0.04708682603746248,1,0,1.8888888888888888,0.9193729003359462,3.971170437695075,3.6818934798522767,0.6352941176470588,0.0,4.0,0.0,4.0,36.0,52.0,248.0,0.9411764705882353,211,135.08257036207058,0.0,137,405.6918859589806,0.0,0.0,423.27415230407405,341.9944612110107,0.041538719643959277,3.052886835797075e-05,33.797,0.0,0.1069272233581898,0.007537367426189602,0.01133203654047495,0.8066193033770597,341.9840205071252,405.6918859589806,80.24005751889504,9370.0,248.0,9370.0,76.88144498422781
79,3.95,126.04841231479587,200.37863398529498,465.136889444101,185.17026164392425,0.9878712615129877,341.9840205071252,405.6918859589806,328.8104409747528,328.8104409747528,76.88144498422781,0.1895069821337301,80.24005751889504,81.23896013832669,36.756591796875,82.00292639590069,80.24005751889504,152.0,0.6352941176470588,9370.0,22633.5,-13263.5,9370.0,9663.0,455.0,0.04708682603746248,1,0,1.8888888888888888,0.9193729003359462,3.971170437695075,3.6818934798522767,0.6352941176470588,0.0,4.0,0.0,4.0,36.0,52.0,248.0,0.9411764705882353,211,135.08257036207058,0.0,137,405.6918859589806,0.0,0.0,423.27415230407405,341.9944612110107,0.041538719643959277,3.052886835797075e-05,33.9098,0.0,0.1069272233581898,0.007537367426189602,0.01133203654047495,0.8066193033770597,341.9840205071252,405.6918859589806,80.24005751889504,9370.0,248.0,9370.0,76.88144498422781
80,4.0,126.04841231479587,200.37863398529498,465.136889444101,185.17026164392425,0.9878712615129877,341.9840205071252,405.6918859589806,328.8104409747528,328.8104409747528,76.88144498422781,0.1895069821337301,80.24005751889504,81.23896013832669,36.756591796875,82.00292639590069,80.24005751889504,152.0,0.6352941176470588,9370.0,22633.5,-13263.5,9370.0,9663.0,455.0,0.04708682603746248,1,0,1.8888888888888888,0.9193729003359462,3.971170437695075,3.6818934798522767,0.6352941176470588,0.0,4.0,0.0,4.0,36.0,52.0,248.0,0.9411764705882353,211,135.08257036207058,0.0,137,405.6918859589806,0.0,0.0,423.27415230407405,341.9944612110107,0.041538719643959277,3.052886835797075e-05,34.0226,0.0,0.1069272233581898,0.007537367426189602,0.01133203654047495,0.8066193033770597,341.9840205071252,405.6918859589806,80.24005751889504,9370.0,248.0,9370.0,76.88144498422781
81,4.05,126.04841231479587,200.37863398529498,465.136889444101,185.17026164392425,0.9878712615129877,341.9840205071252,405.6918859589806,328.8104409747528,328.8104409747528,76.88144498422781,0.1895069821337301,80.24005751889504,81.23896013832669,36.756591796875,82.00292639590069,80.24005751889504,152.0,0.6352941176470588,9370.0,22633.5,-13263.5,9370.0,9663.0,455.0,0.04708682603746248,1,0,1.8888888888888888,0.9193729003359462,3.971170437695075,3.6818934798522767,0.6352941176470588,0.0,4.0,0.0,4.0,36.0,52.0,248.0,0.9411764705882353,211,135.08257036207058,0.0,137,405.6918859589806,0.0,0.0,423.27415230407405,341.9944612110107,0.041538719643959277,3.052886835797075e-05,34.1353,0.0,0.1069272233581898,0.007537367426189602,0.01133203654047495,0.8066193033770597,341.9840205071252,405.6918859589806,80.24005751889504,9370.0,248.0,9370.0,76.88144498422781
82,4.1,126.04841231479587,200.37863398529498,465.136889444101,185.17026164392425,0.9878712615129877,341.9840205071252,405.6918859589806,328.8104409747528,328.8104409747528,76.88144498422781,0.1895069821337301,80.24005751889504,81.23896013832669,36.756591796875,82.00292639590069,80.24005751889504,152.0,0.6352941176470588,9370.0,22633.5,-13263.5,9370.0,9663.0,455.0,0.04708682603746248,1,0,1.8888888888888888,0.9193729003359462,3.971170437695075,3.6818934798522767,0.6352941176470588,0.0,4.0,0.0,4.0,36.0,52.0,248.0,0.9411764705882353,211,135.08257036207058,0.0,137,405.6918859589806,0.0,0.0,423.27415230407405,341.9944612110107,0.041538719643959277,3.052886835797075e-05,34.2481,0.0,0.1069272233581898,0.007537367426189602,0.01133203654047495,0.8066193033770597,341.9840205071252,405.6918859589806,80.24005751889504,9370.0,248.0,9370.0,76.88144498422781
83,4.15,126.04841231479587,200.37863398529498,465.136889444101,185.17026164392425,0.9878712615129877,341.9840205071252,405.6918859589806,328.8104409747528,328.8104409747528,76.88144498422781,0.1895069821337301,80.24005751889504,81.23896013832669,36.756591796875,82.00292639590069,80.24005751889504,152.0,0.6352941176470588,9370.0,22633.5,-13263.5,9370.0,9663.0,455.0,0.04708682603746248,1,0,1.8888888888888888,0.9193729003359462,3.971170437695075,3.6818934798522767,0.6352941176470588,0.0,4.0,0.0,4.0,36.0,52.0,248.0,0.9411764705882353,211,135.08257036207058,0.0,137,405.6918859589806,0.0,0.0,423.27415230407405,341.9944612110107,0.041538719643959277,3.052886835797075e-05,34.3609,0.0,0.1069272233581898,0.007537367426189602,0.01133203654047495,0.8066193033770597,341.9840205071252,405.6918859589806,80.24005751889504,9370.0,248.0,9370.0,76.88144498422781
84,4.2,126.04841231479587,200.37863398529498,465.136889444101,185.17026164392425,0.9878712615129877,341.9840205071252,405.6918859589806,328.8104409747528,328.8104409747528,76.88144498422781,0.1895069821337301,80.24005751889504,81.23896013832669,36.756591796875,82.00292639590069,80.24005751889504,152.0,0.6352941176470588,9370.0,22633.5,-13263.5,9370.0,9663.0,455.0,0.04708682603746248,1,0,1.8888888888888888,0.9193729003359462,3.971170437695075,3.6818934798522767,0.6352941176470588,0.0,4.0,0.0,4.0,36.0,52.0,248.0,0.9411764705882353,211,135.08257036207058,0.0,137,405.6918859589806,0.0,0.0,423.27415230407405,341.9944612110107,0.041538719643959277,3.052886835797075e-05,34.4737,0.0,0.1069272233581898,0.007537367426189602,0.01133203654047495,0.8066193033770597,341.9840205071252,405.6918859589806,80.24005751889504,9370.0,248.0,9370.0,76.88144498422781
85,4.25,126.04841231479587,200.37863398529498,465.136889444101,185.17026164392425,0.9878712615129877,341.9840205071252,405.6918859589806,328.8104409747528,328.8104409747528,76.88144498422781,0.1895069821337301,80.24005751889504,81.23896013832669,36.756591796875,82.00292639590069,80.24005751889504,152.0,0.6352941176470588,9370.0,22633.5,-13263.5,9370.0,9663.0,455.0,0.04708682603746248,1,0,1.8888888888888888,0.9193729003359462,3.971170437695075,3.6818934798522767,0.6352941176470588,0.0,4.0,0.0,4.0,36.0,52.0,248.0,0.9411764705882353,211,135.08257036207058,0.0,137,405.6918859589806,0.0,0.0,423.27415230407405,341.9944612110107,0.041538719643959277,3.052886835797075e-05,34.5865,0.0,0.1069272233581898,0.007537367426189602,0.01133203654047495,0.8066193033770597,341.9840205071252,405.6918859589806,80.24005751889504,9370.0,248.0,9370.0,76.88144498422781
86,4.3,126.04841231479587,200.37863398529498,465.136889444101,185.17026164392425,0.9878712615129877,341.9840205071252,405.6918859589806,328.8104409747528,328.8104409747528,76.88144498422781,0.1895069821337301,80.24005751889504,81.23896013832669,36.756591796875,82.00292639590069,80.24005751889504,152.0,0.6352941176470588,9370.0,22633.5,-13263.5,9370.0,9663.0,455.0,0.04708682603746248,1,0,1.8888888888888888,0.9193729003359462,3.971170437695075,3.6818934798522767,0.6352941176470588,0.0,4.0,0.0,4.0,36.0,52.0,248.0,0.9411764705882353,211,135.08257036207058,0.0,137,405.6918859589806,0.0,0.0,423.27415230407405,341.9944612110107,0.041538719643959277,3.052886835797075e-05,34.6992,0.0,0.1069272233581898,0.007537367426189602,0.01133203654047495,0.8066193033770597,341.9840205071252,405.6918859589806,80.24005751889504,9370.0,248.0,9370.0,76.88144498422781
87,4.35,126.04841231479587,200.37863398529498,465.136889444101,185.17026164392425,0.9878712615129877,341.9840205071252,405.6918859589806,328.8104409747528,328.8104409747528,76.88144498422781,0.1895069821337301,80.24005751889504,81.23896013832669,36.756591796875,82.00292639590069,80.24005751889504,152.0,0.6352941176470588,9370.0,22633.5,-13263.5,9370.0,9663.0,455.0,0.04708682603746248,1,0,1.8888888888888888,0.9193729003359462,3.971170437695075,3.6818934798522767,0.6352941176470588,0.0,4.0,0.0,4.0,36.0,52.0,248.0,0.9411764705882353,211,135.08257036207058,0.0,137,405.6918859589806,0.0,0.0,423.27415230407405,341.9944612110107,0.041538719643959277,3.052886835797075e-05,34.812,0.0,0.1069272233581898,0.007537367426189602,0.01133203654047495,0.8066193033770597,341.9840205071252,405.6918859589806,80.24005751889504,9370.0,248.0,9370.0,76.88144498422781
88,4.4,126.04841231479587,200.37863398529498,465.136889444101,185.17026164392425,0.9878712615129877,341.9840205071252,405.6918859589806,328.8104409747528,328.8104409747528,76.88144498422781,0.1895069821337301,80.24005751889504,81.23896013832669,36.756591796875,82.00292639590069,80.24005751889504,152.0,0.6352941176470588,9370.0,22633.5,-13263.5,9370.0,9663.0,455.0,0.04708682603746248,1,0,1.8888888888888888,0.9193729003359462,3.971170437695075,3.6818934798522767,0.6352941176470588,0.0,4.0,0.0,4.0,36.0,52.0,248.0,0.9411764705882353,211,135.08257036207058,0.0,137,405.6918859589806,0.0,0.0,423.27415230407405,341.9944612110107,0.041538719643959277,3.052886835797075e-05,34.9248,0.0,0.1069272233581898,0.007537367426189602,0.01133203654047495,0.8066193033770597,341.9840205071252,405.6918859589806,80.24005751889504,9370.0,248.0,9370.0,76.88144498422781
89,4.45,126.04841231479587,200.37863398529498,465.136889444101,185.17026164392425,0.9878712615129877,341.9840205071252,405.6918859589806,328.8104409747528,328.8104409747528,76.88144498422781,0.1895069821337301,80.24005751889504,81.23896013832669,36.756591796875,82.00292639590069,80.24005751889504,152.0,0.6352941176470588,9370.0,22633.5,-13263.5,9370.0,9663.0,455.0,0.04708682603746248,1,0,1.8888888888888888,0.9193729003359462,3.971170437695075,3.6818934798522767,0.6352941176470588,0.0,4.0,0.0,4.0,36.0,52.0,248.0,0.9411764705882353,211,135.08257036207058,0.0,137,405.6918859589806,0.0,0.0,423.27415230407405,341.9944612110107,0.041538719643959277,3.052886835797075e-05,35.0376,0.0,0.1069272233581898,0.007537367426189602,0.01133203654047495,0.8066193033770597,341.9840205071252,405.6918859589806,80.24005751889504,9370.0,248.0,9370.0,76.88144498422781
90,4.5,126.04841231479587,200.37863398529498,465.136889444101,185.17026164392425,0.9878712615129877,341.9840205071252,405.6918859589806,328.8104409747528,328.8104409747528,76.88144498422781,0.1895069821337301,80.24005751889504,81.23896013832669,36.756591796875,82.00292639590069,80.24005751889504,152.0,0.6352941176470588,9370.0,22633.5,-13263.5,9370.0,9663.0,455.0,0.04708682603746248,1,0,1.8888888888888888,0.9193729003359462,3.971170437695075,3.6818934798522767,0.6352941176470588,0.0,4.0,0.0,4.0,36.0,52.0,248.0,0.9411764705882353,211,135.08257036207058,0.0,137,405.6918859589806,0.0,0.0,423.27415230407405,341.9944612110107,0.041538719643959277,3.052886835797075e-05,35.1504,0.0,0.1069272233581898,0.007537367426189602,0.01133203654047495,0.8066193033770597,341.9840205071252,405.6918859589806,80.24005751889504,9370.0,248.0,9370.0,76.88144498422781
91,4.55,126.04841231479587,200.37863398529498,465.136889444101,185.17026164392425,0.9878712615129877,341.9840205071252,405.6918859589806,328.8104409747528,328.8104409747528,76.88144498422781,0.1895069821337301,80.24005751889504,81.23896013832669,36.756591796875,82.00292639590069,80.24005751889504,152.0,0.6352941176470588,9370.0,22633.5,-13263.5,9370.0,9663.0,455.0,0.04708682603746248,1,0,1.8888888888888888,0.9193729003359462,3.971170437695075,3.6818934798522767,0.6352941176470588,0.0,4.0,0.0,4.0,36.0,52.0,248.0,0.9411764705882353,211,135.08257036207058,0.0,137,405.6918859589806,0.0,0.0,423.27415230407405,341.9944612110107,0.041538719643959277,3.052886835797075e-05,35.2632,0.0,0.1069272233581898,0.007537367426189602,0.01133203654047495,0.8066193033770597,341.9840205071252,405.6918859589806,80.24005751889504,9370.0,248.0,9370.0,76.88144498422781
92,4.6,126.04841231479587,200.37863398529498,465.136889444101,185.17026164392425,0.9878712615129877,341.9840205071252,405.6918859589806,328.8104409747528,328.8104409747528,76.88144498422781,0.1895069821337301,80.24005751889504,81.23896013832669,36.756591796875,82.00292639590069,80.24005751889504,152.0,0.6352941176470588,9370.0,22633.5,-13263.5,9370.0,9663.0,455.0,0.04708682603746248,1,0,1.8888888888888888,0.9193729003359462,3.971170437695075,3.6818934798522767,0.6352941176470588,0.0,4.0,0.0,4.0,36.0,52.0,248.0,0.9411764705882353,211,135.08257036207058,0.0,137,405.6918859589806,0.0,0.0,423.27415230407405,341.9944612110107,0.041538719643959277,3.052886835797075e-05,35.3759,0.0,0.1069272233581898,0.007537367426189602,0.01133203654047495,0.8066193033770597,341.9840205071252,405.6918859589806,80.24005751889504,9370.0,248.0,9370.0,76.88144498422781
93,4.65,126.04841231479587,200.37863398529498,465.136889444101,185.17026164392425,0.9878712615129877,341.9840205071252,405.6918859589806,328.8104409747528,328.8104409747528,76.88144498422781,0.1895069821337301,80.24005751889504,81.23896013832669,36.756591796875,82.00292639590069,80.24005751889504,152.0,0.6352941176470588,9370.0,22633.5,-13263.5,9370.0,9663.0,455.0,0.04708682603746248,1,0,1.8888888888888888,0.9193729003359462,3.971170437695075,3.6818934798522767,0.6352941176470588,0.0,4.0,0.0,4.0,36.0,52.0,248.0,0.9411764705882353,211,135.08257036207058,0.0,137,405.6918859589806,0.0,0.0,423.27415230407405,341.9944612110107,0.041538719643959277,3.052886835797075e-05,35.4887,0.0,0.1069272233581898,0.007537367426189602,0.01133203654047495,0.8066193033770597,341.9840205071252,405.6918859589806,80.24005751889504,9370.0,248.0,9370.0,76.88144498422781
94,4.7,126.04841231479587,200.37863398529498,465.136889444101,185.17026164392425,0.9878712615129877,341.9840205071252,405.6918859589806,328.8104409747528,328.8104409747528,76.88144498422781,0.1895069821337301,80.24005751889504,81.23896013832669,36.756591796875,82.00292639590069,80.24005751889504,152.0,0.6352941176470588,9370.0,22633.5,-13263.5,9370.0,9663.0,455.0,0.04708682603746248,1,0,1.8888888888888888,0.9193729003359462,3.971170437695075,3.6818934798522767,0.6352941176470588,0.0,4.0,0.0,4.0,36.0,52.0,248.0,0.9411764705882353,211,135.08257036207058,0.0,137,405.6918859589806,0.0,0.0,423.27415230407405,341.9944612110107,0.041538719643959277,3.052886835797075e-05,35.6015,0.0,0.1069272233581898,0.007537367426189602,0.01133203654047495,0.8066193033770597,341.9840205071252,405.6918859589806,80.24005751889504,9370.0,248.0,9370.0,76.88144498422781
95,4.75,126.04841231479587,200.37863398529498,465.136889444101,185.17026164392425,0.9878712615129877,341.9840205071252,405.6918859589806,328.8104409747528,328.8104409747528,76.88144498422781,0.1895069821337301,80.24005751889504,81.23896013832669,36.756591796875,82.00292639590069,80.24005751889504,152.0,0.6352941176470588,9370.0,22633.5,-13263.5,9370.0,9663.0,455.0,0.04708682603746248,1,0,1.8888888888888888,0.9193729003359462,3.971170437695075,3.6818934798522767,0.6352941176470588,0.0,4.0,0.0,4.0,36.0,52.0,248.0,0.9411764705882353,211,135.08257036207058,0.0,137,405.6918859589806,0.0,0.0,423.27415230407405,341.9944612110107,0.041538719643959277,3.052886835797075e-05,35.7143,0.0,0.1069272233581898,0.007537367426189602,0.01133203654047495,0.8066193033770597,341.9840205071252,405.6918859589806,80.24005751889504,9370.0,248.0,9370.0,76.88144498422781
96,4.8,126.04841231479587,200.37863398529498,465.136889444101,185.17026164392425,0.9878712615129877,341.9840205071252,405.6918859589806,328.8104409747528,328.8104409747528,76.88144498422781,0.1895069821337301,80.24005751889504,81.23896013832669,36.756591796875,82.00292639590069,80.24005751889504,152.0,0.6352941176470588,9370.0,22633.5,-13263.5,9370.0,9663.0,455.0,0.04708682603746248,1,0,1.8888888888888888,0.9193729003359462,3.971170437695075,3.6818934798522767,0.6352941176470588,0.0,4.0,0.0,4.0,36.0,52.0,248.0,0.9411764705882353,211,135.08257036207058,0.0,137,405.6918859589806,0.0,0.0,423.27415230407405,341.9944612110107,0.041538719643959277,3.052886835797075e-05,35.8271,0.0,0.1069272233581898,0.007537367426189602,0.01133203654047495,0.8066193033770597,341.9840205071252,405.6918859589806,80.24005751889504,9370.0,248.0,9370.0,76.88144498422781
97,4.85,126.04841231479587,200.37863398529498,465.136889444101,185.17026164392425,0.9878712615129877,341.9840205071252,405.6918859589806,328.8104409747528,328.8104409747528,76.88144498422781,0.1895069821337301,80.24005751889504,81.23896013832669,36.756591796875,82.00292639590069,80.24005751889504,152.0,0.6352941176470588,9370.0,22633.5,-13263.5,9370.0,9663.0,455.0,0.04708682603746248,1,0,1.8888888888888888,0.9193729003359462,3.971170437695075,3.6818934798522767,0.6352941176470588,0.0,4.0,0.0,4.0,36.0,52.0,248.0,0.9411764705882353,211,135.08257036207058,0.0,137,405.6918859589806,0.0,0.0,423.27415230407405,341.9944612110107,0.041538719643959277,3.052886835797075e-05,35.9398,0.0,0.1069272233581898,0.007537367426189602,0.01133203654047495,0.8066193033770597,341.9840205071252,405.6918859589806,80.24005751889504,9370.0,248.0,9370.0,76.88144498422781
98,4.9,126.04841231479587,200.37863398529498,465.136889444101,185.17026164392425,0.9878712615129877,341.9840205071252,405.6918859589806,328.8104409747528,328.8104409747528,76.88144498422781,0.1895069821337301,80.24005751889504,81.23896013832669,36.756591796875,82.00292639590069,80.24005751889504,152.0,0.6352941176470588,9370.0,22633.5,-13263.5,9370.0,9663.0,455.0,0.04708682603746248,1,0,1.8888888888888888,0.9193729003359462,3.971170437695075,3.6818934798522767,0.6352941176470588,0.0,4.0,0.0,4.0,36.0,52.0,248.0,0.9411764705882353,211,135.08257036207058,0.0,137,405.6918859589806,0.0,0.0,423.27415230407405,341.9944612110107,0.041538719643959277,3.052886835797075e-05,36.0526,0.0,0.1069272233581898,0.007537367426189602,0.01133203654047495,0.8066193033770597,341.9840205071252,405.6918859589806,80.24005751889504,9370.0,248.0,9370.0,76.88144498422781
99,4.95,126.04841231479587,200.37863398529498,465.136889444101,185.17026164392425,0.9878712615129877,341.9840205071252,405.6918859589806,328.8104409747528,328.8104409747528,76.88144498422781,0.1895069821337301,80.24005751889504,81.23896013832669,36.756591796875,82.00292639590069,80.24005751889504,152.0,0.6352941176470588,9370.0,22633.5,-13263.5,9370.0,9663.0,455.0,0.04708682603746248,1,0,1.8888888888888888,0.9193729003359462,3.971170437695075,3.6818934798522767,0.6352941176470588,0.0,4.0,0.0,4.0,36.0,52.0,248.0,0.9411764705882353,211,135.08257036207058,0.0,137,405.6918859589806,0.0,0.0,423.27415230407405,341.9944612110107,0.041538719643959277,3.052886835797075e-05,36.1654,0.0,0.1069272233581898,0.007537367426189602,0.01133203654047495,0.8066193033770597,341.9840205071252,405.6918859589806,80.24005751889504,9370.0,248.0,9370.0,76.88144498422781
100,5.0,126.04841231479587,200.37863398529498,465.136889444101,185.17026164392425,0.9878712615129877,341.9840205071252,405.6918859589806,328.8104409747528,328.8104409747528,76.88144498422781,0.1895069821337301,80.24005751889504,81.23896013832669,36.756591796875,82.00292639590069,80.24005751889504,152.0,0.6352941176470588,9370.0,22633.5,-13263.5,9370.0,9663.0,455.0,0.04708682603746248,1,0,1.8888888888888888,0.9193729003359462,3.971170437695075,3.6818934798522767,0.6352941176470588,0.0,4.0,0.0,4.0,36.0,52.0,248.0,0.9411764705882353,211,135.08257036207058,0.0,137,405.6918859589806,0.0,0.0,423.27415230407405,341.9944612110107,0.041538719643959277,3.052886835797075e-05,36.2782,0.0,0.1069272233581898,0.007537367426189602,0.01133203654047495,0.8066193033770597,341.9840205071252,405.6918859589806,80.24005751889504,9370.0,248.0,9370.0,76.88144498422781
101,5.05,126.04841231479587,200.37863398529498,465.136889444101,185.17026164392425,0.9878712615129877,341.9840205071252,405.6918859589806,328.8104409747528,328.8104409747528,76.88144498422781,0.1895069821337301,80.24005751889504,81.23896013832669,36.756591796875,82.00292639590069,80.24005751889504,152.0,0.6352941176470588,9370.0,22633.5,-13263.5,9370.0,9663.0,455.0,0.04708682603746248,1,0,1.8888888888888888,0.9193729003359462,3.971170437695075,3.6818934798522767,0.6352941176470588,0.0,4.0,0.0,4.0,36.0,52.0,248.0,0.9411764705882353,211,135.08257036207058,0.0,137,405.6918859589806,0.0,0.0,423.27415230407405,341.9944612110107,0.041538719643959277,3.052886835797075e-05,36.391,0.0,0.1069272233581898,0.007537367426189602,0.01133203654047495,0.8066193033770597,341.9840205071252,405.6918859589806,80.24005751889504,9370.0,248.0,9370.0,76.88144498422781
102,5.1,126.04841231479587,200.37863398529498,465.136889444101,185.17026164392425,0.9878712615129877,341.9840205071252,405.6918859589806,328.8104409747528,328.8104409747528,76.88144498422781,0.1895069821337301,80.24005751889504,81.23896013832669,36.756591796875,82.00292639590069,80.24005751889504,152.0,0.6352941176470588,9370.0,22633.5,-13263.5,9370.0,9663.0,455.0,0.04708682603746248,1,0,1.8888888888888888,0.9193729003359462,3.971170437695075,3.6818934798522767,0.6352941176470588,0.0,4.0,0.0,4.0,36.0,52.0,248.0,0.9411764705882353,211,135.08257036207058,0.0,137,405.6918859589806,0.0,0.0,423.27415230407405,341.9944612110107,0.041538719643959277,3.052886835797075e-05,36.5038,0.0,0.1069272233581898,0.007537367426189602,0.01133203654047495,0.8066193033770597,341.9840205071252,405.6918859589806,80.24005751889504,9370.0,248.0,9370.0,76.88144498422781
103,5.15,126.04841231479587,200.37863398529498,465.136889444101,185.17026164392425,0.9878712615129877,341.9840205071252,405.6918859589806,328.8104409747528,328.8104409747528,76.88144498422781,0.1895069821337301,80.24005751889504,81.23896013832669,36.756591796875,82.00292639590069,80.24005751889504,152.0,0.6352941176470588,9370.0,22633.5,-13263.5,9370.0,9663.0,455.0,0.04708682603746248,1,0,1.8888888888888888,0.9193729003359462,3.971170437695075,3.6818934798522767,0.6352941176470588,0.0,4.0,0.0,4.0,36.0,52.0,248.0,0.9411764705882353,211,135.08257036207058,0.0,137,405.6918859589806,0.0,0.0,423.27415230407405,341.9944612110107,0.041538719643959277,3.052886835797075e-05,36.6165,0.0,0.1069272233581898,0.007537367426189602,0.01133203654047495,0.8066193033770597,341.9840205071252,405.6918859589806,80.24005751889504,9370.0,248.0,9370.0,76.88144498422781
104,5.2,126.04841231479587,200.37863398529498,465.136889444101,185.17026164392425,0.9878712615129877,341.9840205071252,405.6918859589806,328.8104409747528,328.8104409747528,76.88144498422781,0.1895069821337301,80.24005751889504,81.23896013832669,36.756591796875,82.00292639590069,80.24005751889504,152.0,0.6352941176470588,9370.0,22633.5,-13263.5,9370.0,9663.0,455.0,0.04708682603746248,1,0,1.8888888888888888,0.9193729003359462,3.971170437695075,3.6818934798522767,0.6352941176470588,0.0,4.0,0.0,4.0,36.0,52.0,248.0,0.9411764705882353,211,135.08257036207058,0.0,137,405.6918859589806,0.0,0.0,423.27415230407405,341.9944612110107,0.041538719643959277,3.052886835797075e-05,36.7293,0.0,0.1069272233581898,0.007537367426189602,0.01133203654047495,0.8066193033770597,341.9840205071252,405.6918859589806,80.24005751889504,9370.0,248.0,9370.0,76.88144498422781
105,5.25,126.04841231479587,200.37863398529498,465.136889444101,185.17026164392425,0.9878712615129877,341.9840205071252,405.6918859589806,328.8104409747528,328.8104409747528,76.88144498422781,0.1895069821337301,80.24005751889504,81.23896013832669,36.756591796875,82.00292639590069,80.24005751889504,152.0,0.6352941176470588,9370.0,22633.5,-13263.5,9370.0,9663.0,455.0,0.04708682603746248,1,0,1.8888888888888888,0.9193729003359462,3.971170437695075,3.6818934798522767,0.6352941176470588,0.0,4.0,0.0,4.0,36.0,52.0,248.0,0.9411764705882353,211,135.08257036207058,0.0,137,405.6918859589806,0.0,0.0,423.27415230407405,341.9944612110107,0.041538719643959277,3.052886835797075e-05,36.8421,0.0,0.1069272233581898,0.007537367426189602,0.01133203654047495,0.8066193033770597,341.9840205071252,405.6918859589806,80.24005751889504,9370.0,248.0,9370.0,76.88144498422781
106,5.3,126.04841231479587,200.37863398529498,465.136889444101,185.17026164392425,0.9878712615129877,341.9840205071252,405.6918859589806,328.8104409747528,328.8104409747528,76.88144498422781,0.1895069821337301,80.24005751889504,81.23896013832669,36.756591796875,82.00292639590069,80.24005751889504,152.0,0.6352941176470588,9370.0,22633.5,-13263.5,9370.0,9663.0,455.0,0.04708682603746248,1,0,1.8888888888888888,0.9193729003359462,3.971170437695075,3.6818934798522767,0.6352941176470588,0.0,4.0,0.0,4.0,36.0,52.0,248.0,0.9411764705882353,211,135.08257036207058,0.0,137,405.6918859589806,0.0,0.0,423.27415230407405,341.9944612110107,0.041538719643959277,3.052886835797075e-05,36.9549,0.0,0.1069272233581898,0.007537367426189602,0.01133203654047495,0.8066193033770597,341.9840205071252,405.6918859589806,80.24005751889504,9370.0,248.0,9370.0,76.88144498422781
107,5.35,126.04841231479587,200.37863398529498,465.136889444101,185.17026164392425,0.9878712615129877,341.9840205071252,405.6918859589806,328.8104409747528,328.8104409747528,76.88144498422781,0.1895069821337301,80.24005751889504,81.23896013832669,36.756591796875,82.00292639590069,80.24005751889504,152.0,0.6352941176470588,9370.0,22633.5,-13263.5,9370.0,9663.0,455.0,0.04708682603746248,1,0,1.8888888888888888,0.9193729003359462,3.971170437695075,3.6818934798522767,0.6352941176470588,0.0,4.0,0.0,4.0,36.0,52.0,248.0,0.9411764705882353,211,135.08257036207058,0.0,137,405.6918859589806,0.0,0.0,423.27415230407405,341.9944612110107,0.041538719643959277,3.052886835797075e-05,37.0677,0.0,0.1069272233581898,0.007537367426189602,0.01133203654047495,0.8066193033770597,341.9840205071252,405.6918859589806,80.24005751889504,9370.0,248.0,9370.0,76.88144498422781
108,5.4,126.04841231479587,200.37863398529498,465.136889444101,185.17026164392425,0.9878712615129877,341.9840205071252,405.6918859589806,328.8104409747528,328.8104409747528,76.88144498422781,0.1895069821337301,80.24005751889504,81.23896013832669,36.756591796875,82.00292639590069,80.24005751889504,152.0,0.6352941176470588,9370.0,22633.5,-13263.5,9370.0,9663.0,455.0,0.04708682603746248,1,0,1.8888888888888888,0.9193729003359462,3.971170437695075,3.6818934798522767,0.6352941176470588,0.0,4.0,0.0,4.0,36.0,52.0,248.0,0.9411764705882353,211,135.08257036207058,0.0,137,405.6918859589806,0.0,0.0,423.27415230407405,341.9944612110107,0.041538719643959277,3.052886835797075e-05,37.1805,0.0,0.1069272233581898,0.007537367426189602,0.01133203654047495,0.8066193033770597,341.9840205071252,405.6918859589806,80.24005751889504,9370.0,248.0,9370.0,76.88144498422781
109,5.45,126.04841231479587,200.37863398529498,465.136889444101,185.17026164392425,0.9878712615129877,341.9840205071252,405.6918859589806,328.8104409747528,328.8104409747528,76.88144498422781,0.1895069821337301,80.24005751889504,81.23896013832669,36.756591796875,82.00292639590069,80.24005751889504,152.0,0.6352941176470588,9370.0,22633.5,-13263.5,9370.0,9663.0,455.0,0.04708682603746248,1,0,1.8888888888888888,0.9193729003359462,3.971170437695075,3.6818934798522767,0.6352941176470588,0.0,4.0,0.0,4.0,36.0,52.0,248.0,0.9411764705882353,211,135.08257036207058,0.0,137,405.6918859589806,0.0,0.0,423.27415230407405,341.9944612110107,0.041538719643959277,3.052886835797075e-05,37.2932,0.0,0.1069272233581898,0.007537367426189602,0.01133203654047495,0.8066193033770597,341.9840205071252,405.6918859589806,80.24005751889504,9370.0,248.0,9370.0,76.88144498422781
110,5.5,126.04841231479587,200.37863398529498,465.136889444101,185.17026164392425,0.9878712615129877,341.9840205071252,405.6918859589806,328.8104409747528,328.8104409747528,76.88144498422781,0.1895069821337301,80.24005751889504,81.23896013832669,36.756591796875,82.00292639590069,80.24005751889504,152.0,0.6352941176470588,9370.0,22633.5,-13263.5,9370.0,9663.0,455.0,0.04708682603746248,1,0,1.8888888888888888,0.9193729003359462,3.971170437695075,3.6818934798522767,0.6352941176470588,0.0,4.0,0.0,4.0,36.0,52.0,248.0,0.9411764705882353,211,135.08257036207058,0.0,137,405.6918859589806,0.0,0.0,423.27415230407405,341.9944612110107,0.041538719643959277,3.052886835797075e-05,37.406,0.0,0.1069272233581898,0.007537367426189602,0.01133203654047495,0.8066193033770597,341.9840205071252,405.6918859589806,80.24005751889504,9370.0,248.0,9370.0,76.88144498422781
111,5.55,126.04841231479587,200.37863398529498,465.136889444101,185.17026164392425,0.9878712615129877,341.9840205071252,405.6918859589806,328.8104409747528,328.8104409747528,76.88144498422781,0.1895069821337301,80.24005751889504,81.23896013832669,36.756591796875,82.00292639590069,80.24005751889504,152.0,0.6352941176470588,9370.0,22633.5,-13263.5,9370.0,9663.0,455.0,0.04708682603746248,1,0,1.8888888888888888,0.9193729003359462,3.971170437695075,3.6818934798522767,0.6352941176470588,0.0,4.0,0.0,4.0,36.0,52.0,248.0,0.9411764705882353,211,135.08257036207058,0.0,137,405.6918859589806,0.0,0.0,423.27415230407405,341.9944612110107,0.041538719643959277,3.052886835797075e-05,37.5188,0.0,0.1069272233581898,0.007537367426189602,0.01133203654047495,0.8066193033770597,341.9840205071252,405.6918859589806,80.24005751889504,9370.0,248.0,9370.0,76.88144498422781
112,5.6,126.04841231479587,200.37863398529498,465.136889444101,185.17026164392425,0.9878712615129877,341.9840205071252,405.6918859589806,328.8104409747528,328.8104409747528,76.88144498422781,0.1895069821337301,80.24005751889504,81.23896013832669,36.756591796875,82.00292639590069,80.24005751889504,152.0,0.6352941176470588,9370.0,22633.5,-13263.5,9370.0,9663.0,455.0,0.04708682603746248,1,0,1.8888888888888888,0.9193729003359462,3.971170437695075,3.6818934798522767,0.6352941176470588,0.0,4.0,0.0,4.0,36.0,52.0,248.0,0.9411764705882353,211,135.08257036207058,0.0,137,405.6918859589806,0.0,0.0,423.27415230407405,341.9944612110107,0.041538719643959277,3.052886835797075e-05,37.6316,0.0,0.1069272233581898,0.007537367426189602,0.01133203654047495,0.8066193033770597,341.9840205071252,405.6918859589806,80.24005751889504,9370.0,248.0,9370.0,76.88144498422781
113,5.65,126.04841231479587,200.37863398529498,465.136889444101,185.17026164392425,0.9878712615129877,341.9840205071252,405.6918859589806,328.8104409747528,328.8104409747528,76.88144498422781,0.1895069821337301,80.24005751889504,81.23896013832669,36.756591796875,82.00292639590069,80.24005751889504,152.0,0.6352941176470588,9370.0,22633.5,-13263.5,9370.0,9663.0,455.0,0.04708682603746248,1,0,1.8888888888888888,0.9193729003359462,3.971170437695075,3.6818934798522767,0.6352941176470588,0.0,4.0,0.0,4.0,36.0,52.0,248.0,0.9411764705882353,211,135.08257036207058,0.0,137,405.6918859589806,0.0,0.0,423.27415230407405,341.9944612110107,0.041538719643959277,3.052886835797075e-05,37.7444,0.0,0.1069272233581898,0.007537367426189602,0.01133203654047495,0.8066193033770597,341.9840205071252,405.6918859589806,80.24005751889504,9370.0,248.0,9370.0,76.88144498422781
114,5.7,126.04841231479587,200.37863398529498,465.136889444101,185.17026164392425,0.9878712615129877,341.9840205071252,405.6918859589806,328.8104409747528,328.8104409747528,76.88144498422781,0.1895069821337301,80.24005751889504,81.23896013832669,36.756591796875,82.00292639590069,80.24005751889504,152.0,0.6352941176470588,9370.0,22633.5,-13263.5,9370.0,9663.0,455.0,0.04708682603746248,1,0,1.8888888888888888,0.9193729003359462,3.971170437695075,3.6818934798522767,0.6352941176470588,0.0,4.0,0.0,4.0,36.0,52.0,248.0,0.9411764705882353,211,135.08257036207058,0.0,137,405.6918859589806,0.0,0.0,423.27415230407405,341.9944612110107,0.041538719643959277,3.052886835797075e-05,37.8571,0.0,0.1069272233581898,0.007537367426189602,0.01133203654047495,0.8066193033770597,341.9840205071252,405.6918859589806,80.24005751889504,9370.0,248.0,9370.0,76.88144498422781
115,5.75,126.04841231479587,200.37863398529498,465.136889444101,185.17026164392425,0.9878712615129877,341.9840205071252,405.6918859589806,328.8104409747528,328.8104409747528,76.88144498422781,0.1895069821337301,80.24005751889504,81.23896013832669,36.756591796875,82.00292639590069,80.24005751889504,152.0,0.6352941176470588,9370.0,22633.5,-13263.5,9370.0,9663.0,455.0,0.04708682603746248,1,0,1.8888888888888888,0.9193729003359462,3.971170437695075,3.6818934798522767,0.6352941176470588,0.0,4.0,0.0,4.0,36.0,52.0,248.0,0.9411764705882353,211,135.08257036207058,0.0,137,405.6918859589806,0.0,0.0,423.27415230407405,341.9944612110107,0.041538719643959277,3.052886835797075e-05,37.9699,0.0,0.1069272233581898,0.007537367426189602,0.01133203654047495,0.8066193033770597,341.9840205071252,405.6918859589806,80.24005751889504,9370.0,248.0,9370.0,76.88144498422781
116,5.8,126.04841231479587,200.37863398529498,465.136889444101,185.17026164392425,0.9878712615129877,341.9840205071252,405.6918859589806,328.8104409747528,328.8104409747528,76.88144498422781,0.1895069821337301,80.24005751889504,81.23896013832669,36.756591796875,82.00292639590069,80.24005751889504,152.0,0.6352941176470588,9370.0,22633.5,-13263.5,9370.0,9663.0,455.0,0.04708682603746248,1,0,1.8888888888888888,0.9193729003359462,3.971170437695075,3.6818934798522767,0.6352941176470588,0.0,4.0,0.0,4.0,36.0,52.0,248.0,0.9411764705882353,211,135.08257036207058,0.0,137,405.6918859589806,0.0,0.0,423.27415230407405,341.9944612110107,0.041538719643959277,3.052886835797075e-05,38.0827,0.0,0.1069272233581898,0.007537367426189602,0.01133203654047495,0.8066193033770597,341.9840205071252,405.6918859589806,80.24005751889504,9370.0,248.0,9370.0,76.88144498422781
117,5.85,126.04841231479587,200.37863398529498,465.136889444101,185.17026164392425,0.9878712615129877,341.9840205071252,405.6918859589806,328.8104409747528,328.8104409747528,76.88144498422781,0.1895069821337301,80.24005751889504,81.23896013832669,36.756591796875,82.00292639590069,80.24005751889504,152.0,0.6352941176470588,9370.0,22633.5,-13263.5,9370.0,9663.0,455.0,0.04708682603746248,1,0,1.8888888888888888,0.9193729003359462,3.971170437695075,3.6818934798522767,0.6352941176470588,0.0,4.0,0.0,4.0,36.0,52.0,248.0,0.9411764705882353,211,135.08257036207058,0.0,137,405.6918859589806,0.0,0.0,423.27415230407405,341.9944612110107,0.041538719643959277,3.052886835797075e-05,38.1955,0.0,0.1069272233581898,0.007537367426189602,0.01133203654047495,0.8066193033770597,341.9840205071252,405.6918859589806,80.24005751889504,9370.0,248.0,9370.0,76.88144498422781
118,5.9,126.04841231479587,200.37863398529498,465.136889444101,185.17026164392425,0.9878712615129877,341.9840205071252,405.6918859589806,328.8104409747528,328.8104409747528,76.88144498422781,0.1895069821337301,80.24005751889504,81.23896013832669,36.756591796875,82.00292639590069,80.24005751889504,152.0,0.6352941176470588,9370.0,22633.5,-13263.5,9370.0,9663.0,455.0,0.04708682603746248,1,0,1.8888888888888888,0.9193729003359462,3.971170437695075,3.6818934798522767,0.6352941176470588,0.0,4.0,0.0,4.0,36.0,52.0,248.0,0.9411764705882353,211,135.08257036207058,0.0,137,405.6918859589806,0.0,0.0,423.27415230407405,341.9944612110107,0.041538719643959277,3.052886835797075e-05,38.3083,0.0,0.1069272233581898,0.007537367426189602,0.01133203654047495,0.8066193033770597,341.9840205071252,405.6918859589806,80.24005751889504,9370.0,248.0,9370.0,76.88144498422781
119,5.95,126.04841231479587,200.37863398529498,465.136889444101,185.17026164392425,0.9878712615129877,341.9840205071252,405.6918859589806,328.8104409747528,328.8104409747528,76.88144498422781,0.1895069821337301,80.24005751889504,81.23896013832669,36.756591796875,82.00292639590069,80.24005751889504,152.0,0.6352941176470588,9370.0,22633.5,-13263.5,9370.0,9663.0,455.0,0.04708682603746248,1,0,1.8888888888888888,0.9193729003359462,3.971170437695075,3.6818934798522767,0.6352941176470588,0.0,4.0,0.0,4.0,36.0,52.0,248.0,0.9411764705882353,211,135.08257036207058,0.0,137,405.6918859589806,0.0,0.0,423.27415230407405,341.9944612110107,0.041538719643959277,3.052886835797075e-05,38.4211,0.0,0.1069272233581898,0.007537367426189602,0.01133203654047495,0.8066193033770597,341.9840205071252,405.6918859589806,80.24005751889504,9370.0,248.0,9370.0,76.88144498422781
120,6.0,126.04841231479587,200.37863398529498,465.136889444101,185.17026164392425,0.9878712615129877,341.9840205071252,405.6918859589806,328.8104409747528,328.8104409747528,76.88144498422781,0.1895069821337301,80.24005751889504,81.23896013832669,36.756591796875,82.00292639590069,80.24005751889504,152.0,0.6352941176470588,9370.0,22633.5,-13263.5,9370.0,9663.0,455.0,0.04708682603746248,1,0,1.8888888888888888,0.9193729003359462,3.971170437695075,3.6818934798522767,0.6352941176470588,0.0,4.0,0.0,4.0,36.0,52.0,248.0,0.9411764705882353,211,135.08257036207058,0.0,137,405.6918859589806,0.0,0.0,423.27415230407405,341.9944612110107,0.041538719643959277,3.052886835797075e-05,38.5338,0.0,0.1069272233581898,0.007537367426189602,0.01133203654047495,0.8066193033770597,341.9840205071252,405.6918859589806,80.24005751889504,9370.0,248.0,9370.0,76.88144498422781
121,6.05,126.04841231479587,200.37863398529498,465.136889444101,185.17026164392425,0.9878712615129877,341.9840205071252,405.6918859589806,328.8104409747528,328.8104409747528,76.88144498422781,0.1895069821337301,80.24005751889504,81.23896013832669,36.756591796875,82.00292639590069,80.24005751889504,152.0,0.6352941176470588,9370.0,22633.5,-13263.5,9370.0,9663.0,455.0,0.04708682603746248,1,0,1.8888888888888888,0.9193729003359462,3.971170437695075,3.6818934798522767,0.6352941176470588,0.0,4.0,0.0,4.0,36.0,52.0,248.0,0.9411764705882353,211,135.08257036207058,0.0,137,405.6918859589806,0.0,0.0,423.27415230407405,341.9944612110107,0.041538719643959277,3.052886835797075e-05,38.6466,0.0,0.1069272233581898,0.007537367426189602,0.01133203654047495,0.8066193033770597,341.9840205071252,405.6918859589806,80.24005751889504,9370.0,248.0,9370.0,76.88144498422781
122,6.1,126.04841231479587,200.37863398529498,465.136889444101,185.17026164392425,0.9878712615129877,341.9840205071252,405.6918859589806,328.8104409747528,328.8104409747528,76.88144498422781,0.1895069821337301,80.24005751889504,81.23896013832669,36.756591796875,82.00292639590069,80.24005751889504,152.0,0.6352941176470588,9370.0,22633.5,-13263.5,9370.0,9663.0,455.0,0.04708682603746248,1,0,1.8888888888888888,0.9193729003359462,3.971170437695075,3.6818934798522767,0.6352941176470588,0.0,4.0,0.0,4.0,36.0,52.0,248.0,0.9411764705882353,211,135.08257036207058,0.0,137,405.6918859589806,0.0,0.0,423.27415230407405,341.9944612110107,0.041538719643959277,3.052886835797075e-05,38.7594,1.1e-05,0.1069272233581898,0.007537367426189602,0.01133203654047495,0.8066193033770597,341.9840205071252,405.6918859589806,80.24005751889504,9370.0,248.0,9370.0,76.88144498422781
123,6.15,126.04841231479587,200.37863398529498,465.136889444101,185.17026164392425,0.9878712615129877,341.9840205071252,405.6918859589806,328.8104409747528,328.8104409747528,76.88144498422781,0.1895069821337301,80.24005751889504,81.23896013832669,36.756591796875,82.00292639590069,80.24005751889504,152.0,0.6352941176470588,9370.0,22633.5,-13263.5,9370.0,9663.0,455.0,0.04708682603746248,1,0,1.8888888888888888,0.9193729003359462,3.971170437695075,3.6818934798522767,0.6352941176470588,0.0,4.0,0.0,4.0,36.0,52.0,248.0,0.9411764705882353,211,135.08257036207058,0.0,137,405.6918859589806,0.0,0.0,423.27415230407405,341.9944612110107,0.041538719643959277,3.052886835797075e-05,38.8722,4.4e-05,0.1069272233581898,0.007537367426189602,0.01133203654047495,0.8066193033770597,341.9840205071252,405.6918859589806,80.24005751889504,9370.0,248.0,9370.0,76.88144498422781
124,6.2,126.04841231479587,200.37863398529498,465.136889444101,185.17026164392425,0.9878712615129877,341.9840205071252,405.6918859589806,328.8104409747528,328.8104409747528,76.88144498422781,0.1895069821337301,80.24005751889504,81.23896013832669,36.756591796875,82.00292639590069,80.24005751889504,152.0,0.6352941176470588,9370.0,22633.5,-13263.5,9370.0,9663.0,455.0,0.04708682603746248,1,0,1.8888888888888888,0.9193729003359462,3.971170437695075,3.6818934798522767,0.6352941176470588,0.0,4.0,0.0,4.0,36.0,52.0,248.0,0.9411764705882353,211,135.08257036207058,0.0,137,405.6918859589806,0.0,0.0,423.27415230407405,341.9944612110107,0.041538719643959277,3.052886835797075e-05,38.985,0.000107,0.1069272233581898,0.007537367426189602,0.01133203654047495,0.8066193033770597,341.9840205071252,405.6918859589806,80.24005751889504,9370.0,248.0,9370.0,76.88144498422781
125,6.25,126.04841231479587,200.37863398529498,465.136889444101,185.17026164392425,0.9878712615129877,341.9840205071252,405.6918859589806,328.8104409747528,328.8104409747528,76.88144498422781,0.1895069821337301,80.24005751889504,81.23896013832669,36.756591796875,82.00292639590069,80.24005751889504,152.0,0.6352941176470588,9370.0,22633.5,-13263.5,9370.0,9663.0,455.0,0.04708682603746248,1,0,1.8888888888888888,0.9193729003359462,3.971170437695075,3.6818934798522767,0.6352941176470588,0.0,4.0,0.0,4.0,36.0,52.0,248.0,0.9411764705882353,211,135.08257036207058,0.0,137,405.6918859589806,0.0,0.0,423.27415230407405,341.9944612110107,0.041538719643959277,3.052886835797075e-05,39.0977,0.000205,0.1069272233581898,0.007537367426189602,0.01133203654047495,0.8066193033770597,341.9840205071252,405.6918859589806,80.24005751889504,9370.0,248.0,9370.0,76.88144498422781
126,6.3,126.04841231479587,200.37863398529498,465.136889444101,185.17026164392425,0.9878712615129877,341.9840205071252,405.6918859589806,328.8104409747528,328.8104409747528,76.88144498422781,0.1895069821337301,80.24005751889504,81.23896013832669,36.756591796875,82.00292639590069,80.24005751889504,152.0,0.6352941176470588,9370.0,22633.5,-13263.5,9370.0,9663.0,455.0,0.04708682603746248,1,0,1.8888888888888888,0.9193729003359462,3.971170437695075,3.6818934798522767,0.6352941176470588,0.0,4.0,0.0,4.0,36.0,52.0,248.0,0.9411764705882353,211,135.08257036207058,0.0,137,405.6918859589806,0.0,0.0,423.27415230407405,341.9944612110107,0.041538719643959277,3.052886835797075e-05,39.2105,0.000342,0.1069272233581898,0.007537367426189602,0.01133203654047495,0.8066193033770597,341.9840205071252,405.6918859589806,80.24005751889504,9370.0,248.0,9370.0,76.88144498422781
127,6.35,126.04841231479587,200.37863398529498,465.136889444101,185.17026164392425,0.9878712615129877,341.9840205071252,405.6918859589806,328.8104409747528,328.8104409747528,76.88144498422781,0.1895069821337301,80.24005751889504,81.23896013832669,36.756591796875,82.00292639590069,80.24005751889504,152.0,0.6352941176470588,9370.0,22633.5,-13263.5,9370.0,9663.0,455.0,0.04708682603746248,1,0,1.8888888888888888,0.9193729003359462,3.971170437695075,3.6818934798522767,0.6352941176470588,0.0,4.0,0.0,4.0,36.0,52.0,248.0,0.9411764705882353,211,135.08257036207058,0.0,137,405.6918859589806,0.0,0.0,423.27415230407405,341.9944612110107,0.041538719643959277,3.052886835797075e-05,39.3233,0.000524,0.1069272233581898,0.007537367426189602,0.01133203654047495,0.8066193033770597,341.9840205071252,405.6918859589806,80.24005751889504,9370.0,248.0,9370.0,76.88144498422781
128,6.4,126.04841222829417,200.3786339906025,465.12396707343356,185.1713566740843,0.9878737713398862,341.9840131096644,405.691385083622,328.8104409747528,328.8104409747528,76.88094410886919,0.18950598148152029,80.24005567171605,81.23895831780388,36.756591796875,82.00296391022593,80.24005567171605,152.0,0.6352941176470588,9372.0,22635.5,-13263.5,9372.0,9665.0,455.0,0.0470770822555613,1,0,1.8888888888888888,0.9193729003359462,3.9712030475616755,3.6817351850164184,0.6352941176470588,0.0,4.0,0.0,4.0,36.0,52.0,248.0,0.9411764705882353,211,135.06981579082785,0.0,137,405.6918859589806,8.666437531436881e-08,0.012968683615440879,423.27415230407405,341.9944612110107,0.04153990297952537,3.055049871070192e-05,39.4361,0.000753,0.10692726288705161,0.007537367426189602,0.011331980180040058,0.8069658637651885,341.9840205071252,405.6918859589806,80.24005751889504,9370.0,248.0,9370.0,76.88144498422781
129,6.45,126.04842455133479,200.378633233639,465.12477835548395,185.1713040821228,0.987877534133223,341.98481114751377,405.69243696133793,328.8104409747528,328.8104409747528,76.88199598658514,0.1895080829271459,80.24025495497298,81.23915472121746,36.756591796875,81.99891346854089,80.24025495497298,152.0,0.6352941176470588,9375.0,22638.5,-13263.5,9375.0,9668.0,455.0,0.04706247414149772,1,0,1.8888888888888888,0.9193729003359462,3.9676822762231096,3.686666233925192,0.6352941176470588,0.0,4.0,0.0,4.0,36.0,52.0,248.0,0.9411764705882353,211,135.07061810863965,0.0,137,405.691385083622,1.2346267611251828e-05,0.0008129849197282591,423.27415230407405,341.9944612110107,0.041537417881604255,2.821701691524403e-05,39.5489,0.001033,0.10692299851463556,0.007542837213938512,0.011338060636276683,0.807485704347382,341.9840205071252,405.691385083622,80.24025495497298,9370.0,248.0,9370.0,76.88144498422781
130,6.5,126.05039428901739,200.39002868439474,465.2415468212817,185.1615023357913,0.987932821895086,341.98894089336613,405.6458515376449,328.8346296104242,328.8346296104242,76.81122192722069,0.18935537399448155,80.24128653498218,81.24017126243113,36.756591796875,81.98825918432885,80.24128653498218,152.0,0.6352941176470588,9355.0,22638.5,-13283.5,9355.0,9646.0,455.0,0.04716981132075472,1,0,1.8888888888888888,0.9193729003359462,3.949370857308045,3.695543977788702,0.6352941176470588,0.0,4.0,0.0,4.0,36.0,52.0,248.0,0.9411764705882353,210,135.2059785933909,0.0,137,405.6458515376449,0.011564435328402498,0.11717913140105761,423.27415230407405,341.9944612110107,0.04164747757563336,1.6141541079317534e-05,39.6617,0.001366,0.10690093092183711,0.008040084338719144,0.011369535819877359,0.8040201004660925,341.9840205071252,405.6458515376449,80.24123134376973,9370.0,248.0,9370.0,76.88144498422781
131,6.55,126.05039511188974,200.3900286490391,465.1462828022052,185.16904625453614,0.987987987987988,341.9887199991025,405.57167841014143,328.98449585437294,328.98449585437294,76.58718255576849,0.18883760043599093,80.24123134376973,81.24011688144726,36.756591796875,82.01160634304908,80.24123134376973,152.0,0.611764705882353,9367.0,22643.5,-13276.5,9367.0,9657.0,455.0,0.04711608159884022,1,0,1.8888888888888888,0.9193729003359462,3.9503542447714985,3.70057882795487,0.611764705882353,0.0,4.0,0.0,4.0,36.0,52.0,248.0,0.9411764705882353,215,135.0073845908407,0.0235294117647058,137,405.57167841014143,8.236315488778046e-07,0.0955622521743856,423.27415230407405,341.9944612110107,0.041822714185522525,1.6787441199594966e-05,39.7744,0.001756,0.1069021112861587,0.00885008877820724,0.01136785184623534,0.8060994627948662,341.9840131096644,405.57167841014143,80.24123134376973,9367.0,248.0,9367.0,76.88094410886919
132,6.6,126.04799265677264,200.59495173198619,465.5345673003847,185.13344097111906,0.9880214787277984,341.9514793863717,398.38866446452687,374.264442341334,374.264442341334,24.12422212319285,0.06055448930912267,80.88496257328353,81.24277814116078,36.3565673828125,82.10007922354063,80.88496257328353,152.0,0.611764705882353,9394.0,22644.5,-13250.5,9394.0,9684.0,456.0,0.04708798017348203,1,0,1.8888888888888888,0.9205816554809844,3.848821538159188,3.6494267602270605,0.611764705882353,0.0,4.0,0.0,4.0,36.0,52.0,248.0,0.9411764705882353,219,147.2483081969415,0.0,135,403.4066305631796,0.20493716528519093,0.3899135644392747,423.27415230407405,341.9944612110107,0.05879283604747454,0.0001256798852435903,39.8872,0.002206,0.10710110916803478,0.03249340040291264,0.03100913847236949,0.8107780280346071,341.9770083524181,403.4066305631796,80.24123134376973,9355.0,248.0,9355.0,76.81122192722069
133,6.65,126.05045622344078,200.3908785657235,465.33178513167434,185.15049122703337,0.9879699248120302,341.9770083524181,397.85227195575226,325.11485379002534,325.11485379002534,72.73741816572692,0.18282519239658013,80.88332735539069,81.23723485887345,35.19366455078125,82.08452664308521,80.88332735539069,152.0,0.611764705882353,9288.0,22634.5,-13346.5,9288.0,9576.0,457.0,0.0477234753550543,1,0,1.8888888888888888,0.9228187919463087,3.8347895604077467,3.681636155674046,0.611764705882353,0.0,4.0,0.0,4.0,36.0,52.0,248.0,0.9411764705882353,211,139.01338420902235,0.0,134,401.9062808623011,0.20408803578162382,0.2034977129444578,423.27415230407405,341.9944612110107,0.06006008212393532,5.103257675798112e-05,40.0,0.002717,0.10696469330918609,0.048877904594670805,0.03095924531532363,0.7924103274637726,341.97497543127474,401.9062808623011,80.24123134376973,9288.0,248.0,9288.0,76.58718255576849
134,6.7,126.03886155528669,200.18528577231012,465.608053627477,185.12697289838442,0.9884949273088589,341.97497543127474,403.4066305631796,605.160923490791,605.160923490791,201.7542929276114,0.5001263678932357,81.0867586833561,81.2367348304747,35.19366455078125,82.04836459089606,81.0867586833561,152.0,0.611764705882353,9286.0,22625.5,-13339.5,9286.0,9561.0,454.0,0.04748457274343688,1,0,1.8888888888888888,0.9276018099547512,3.964227622681989,3.666644178191321,0.611764705882353,0.0,4.0,0.0,4.0,36.0,52.0,248.0,0.9411764705882353,221,224.1414406191923,0.0,136,398.38866446452687,0.2059194819173828,0.2772677290192515,423.27415230407405,341.9944612110107,0.04693771550364345,5.697688689731972e-05,40.1128,0.003292,0.10697555636894503,0.08729188273628924,0.03716626594460308,0.7920637670756436,341.9737757940734,398.38866446452687,80.24128653498218,9286.0,248.0,9286.0,76.58718255576849
135,6.75,126.03841343873282,200.18532227377767,464.4404356040889,185.22087671614415,0.9885618518906463,341.9737757940734,401.9062808623011,605.3109219529603,605.3109219529603,203.40464109065914,0.506099682379307,81.08675761406263,81.23643979299739,35.19366455078125,82.05432742161081,81.08675761406263,152.0,0.611764705882353,9274.0,22632.5,-13358.5,9274.0,9547.0,454.0,0.04755420550958416,1,0,1.8888888888888888,0.9276018099547512,3.969415642198544,3.660401943229862,0.611764705882353,0.0,4.0,0.0,4.0,36.0,52.0,248.0,0.9411764705882353,221,222.90774929592075,0.0,136,397.85227195575226,0.00044960071506259294,1.1713879696883047,423.27415230407405,341.9944612110107,0.0504823441862865,6.048465482166865e-05,40.2256,0.003934,0.10698196671626704,0.09314953399139296,0.03716623331872074,0.7899844047468699,341.9737757940734,398.38866446452687,80.88332735539069,9280.0,248.0,9280.0,72.73741816572692
136,6.8,296.60516776335226,157.04346702567818,480.8184284642981,184.71824944882087,0.9579103922662204,183.97390844106843,188.81071745194782,183.33186732377018,183.33186732377018,5.4788501281776405,0.02901768608327016,63.73084480659249,66.27804588898151,30.36895751953125,66.45779125148327,63.73084480659249,8.0,0.5434782608695652,4813.0,5070.0,-257.0,4813.0,5379.0,642.0,0.11935303959843838,2,0,3.1578947368421053,0.9325513196480938,41.19015764546955,13.131581199552476,0.5434782608695652,0.0,16.0,0.0,16.0,100.0,40.0,28.0,0.7608695652173914,109,175.9381634412587,0.0682864450127878,64,391.5235253007609,175.9381634412587,16.385703655898336,423.27415230407405,341.9944612110107,0.5539280713831329,0.4620558830408763,40.3383,0.004644,0.9512655763132521,0.16226233885053162,0.0,0.016981459025245,341.9737757940734,398.38866446452687,80.88496257328353,9280.0,244.0,9280.0,31.141506603245034
137,6.85,296.5751332600918,157.11434324553048,480.7917904156089,184.71928532135158,0.9581767441860465,184.05605612608468,188.81147902286398,185.5394718665444,185.5394718665444,3.2720071563195745,0.017329492747225148,63.73141595366815,67.08200251898168,30.36895751953125,67.26191850348539,63.73141595366815,8.0,0.5434782608695652,4813.0,5071.5,-258.5,4813.0,5375.0,637.0,0.11851162790697674,2,0,3.5294117647058822,0.9262536873156342,41.1654438423075,13.211882837389167,0.5434782608695652,0.0,16.0,0.0,16.0,100.0,40.0,28.0,0.7608695652173914,108,151.61074692088116,0.0,64,391.5235253007609,0.076977333850002,0.026658182043590665,423.27415230407405,341.9944612110107,0.5539262721451875,0.4618156812413343,40.4511,0.005424,0.950826614273679,0.16226233885053162,0.0,0.016981459025245,341.9737757940734,397.85227195575226,81.08675761406263,9280.0,244.0,9280.0,31.13130943378161
138,6.9,296.5749888558925,157.11425461994733,481.9408903791751,184.69111963538745,0.9582122905027932,184.05567760642242,190.02948410764753,185.40432596550318,185.40432596550318,4.6251581421443575,0.02433916065111405,63.73149188381417,67.08200087761037,30.36895751953125,67.26193958797539,63.73149188381417,8.0,0.5434782608695652,4809.0,5072.0,-263.0,4809.0,5370.0,637.0,0.1186219739292365,2,0,3.5294117647058822,0.9230769230769231,42.29998783738251,13.19065096357428,0.5434782608695652,0.0,16.0,0.0,16.0,100.0,40.0,28.0,0.7608695652173914,106,152.6315559912274,0.0,65,391.5235253007609,0.0001694315990371268,1.1494450974855828,423.27415230407405,341.9944612110107,0.5510486925005214,0.4618167880418975,40.5639,0.006277,0.9508286369206098,0.16226233885053162,0.0,0.016288338248987098,341.974674103406,395.87201569521613,81.0867586833561,9280.0,244.0,9280.0,31.13130943378161
139,6.95,126.03644831610075,200.12044596660627,465.6077535194478,185.12633247806284,0.9884070145962407,341.97365703749625,391.5235253007609,618.9507171836877,618.9507171836877,227.42719188292682,0.5808774624927623,81.20187525313838,82.05116140710564,35.19366455078125,82.10096402332243,81.20187525313838,136.0,0.6235294117647059,9247.0,9139.0,108.0,9247.0,9523.0,453.0,0.04756904336868634,1,0,1.8888888888888888,0.9263873159682899,3.968594229749251,3.701002875288774,0.6235294117647059,0.0,4.0,0.0,4.0,40.0,52.0,244.0,0.9529411764705882,218,264.7038576715116,0.0800511508951407,132,391.5235253007609,175.87758897479702,16.33893417261395,423.27415230407405,341.9944612110107,0.0750119676112515,6.0831901899094376e-05,40.6767,0.007204,0.10698260130054416,0.16226233885053162,0.04067865968728198,0.7853058395071292,341.974674103406,395.87201569521613,81.20187525313838,9274.0,244.0,9274.0,31.13130943378161
140,7.0,126.03606874764336,200.1311327926688,465.52600158071766,185.0684797503651,0.9888947092718701,341.9801420702651,401.35069947114306,370.21939003736145,370.21939003736145,31.13130943378161,0.07756635150954792,81.21473652658754,82.05076825018288,35.19366455078125,82.06905331761719,81.21473652658754,136.0,0.6235294117647059,9280.0,22583.0,-13303.0,9280.0,9545.0,448.0,0.04693556836039811,1,0,2.0,0.9418604651162791,3.6725720488059563,3.6260166143025474,0.6235294117647059,0.0,4.0,0.0,4.0,40.0,52.0,244.0,0.9529411764705882,229,146.38006925869954,0.0,135,394.7045774034492,0.010693564583655378,0.10015147322032715,423.27415230407405,341.9944612110107,0.051794924669015696,4.186951067819411e-05,40.7895,0.008206,0.1069479480633853,0.1275237965759003,0.04107107805477808,0.7910240859112568,341.974674103406,395.352597504167,81.21359883648539,9274.0,244.0,9274.0,31.13130943378161
141,7.05,126.03208079524973,200.13064310921754,464.38630461096506,185.15989231289043,0.9885583046246998,341.974674103406,399.9432847042788,368.8017781010338,368.8017781010338,31.141506603245034,0.07786480682197554,81.21359883648539,82.09722515157998,35.19366455078125,82.09722515157998,81.21359883648539,132.0,0.6235294117647059,9305.0,22570.5,-13265.5,9305.0,9579.0,448.0,0.04676897379684727,1,0,2.0,0.9418604651162791,3.6963604204259206,3.6010818384786205,0.6235294117647059,0.0,4.0,0.0,4.0,40.0,52.0,244.0,0.9529411764705882,215,146.38408421546322,0.0,135,395.87201569521613,0.004017904201980766,1.1433570918355827,423.27415230407405,341.9944612110107,0.0551199913171988,5.785797680635252e-05,40.9023,0.009286,0.10697716653599733,0.11477483706741065,0.04103636527968867,0.7953560907628687,341.97653237425345,395.352597504167,81.21473652658754,9280.0,244.0,9280.0,31.13130943378161
142,7.1,126.0376485273209,200.46039707446874,464.6132581802956,185.14418150123734,0.9884783969943645,341.98113550365923,394.7045774034492,371.23448050409945,371.23448050409945,23.470096899349755,0.059462439107615624,81.21494303732129,82.09732014776611,35.19366455078125,82.09732014776611,81.21494303732129,132.0,0.6235294117647059,9306.0,22637.5,-13331.5,9306.0,9582.0,448.0,0.04675433103736172,1,0,2.0,0.9418604651162791,3.668222386169809,3.606453995687738,0.6235294117647059,0.0,4.0,0.0,4.0,40.0,52.0,244.0,0.9529411764705882,205,146.3512785785434,0.0,133,395.87201569521613,0.3298009660981999,0.22749670818424603,423.27415230407405,341.9944612110107,0.06749662067742057,3.8964687627540684e-05,41.015,0.010446,0.10694263958087878,0.11477483706741065,0.041077379033085386,0.7955293709569332,341.97653237425345,395.87201569521613,81.21494303732129,9280.0,244.0,9280.0,31.141506603245034
143,7.15,126.03631671763505,200.45935838577736,464.4224367153552,185.1573653266665,0.9886285535770072,341.97653237425345,395.87201569521613,371.2646529917243,371.2646529917243,24.607362703491845,0.06215989443021701,81.22555172477732,82.09725437106954,35.19366455078125,82.09725437106954,81.22555172477732,132.0,0.6235294117647059,9330.0,22650.5,-13320.5,9330.0,9603.0,448.0,0.04665208788920129,1,0,2.0,0.9418604651162791,3.6883047380655167,3.599186964045505,0.6235294117647059,0.0,4.0,0.0,4.0,40.0,52.0,244.0,0.9529411764705882,208,146.42061432720328,0.0,134,399.9432847042788,0.0016889615853918234,0.1912763569679633,423.27415230407405,341.9944612110107,0.064738506851164,5.242434831764786e-05,41.1278,0.011685,0.10696723673260594,0.07031471946569039,0.04140106733885282,0.7996880956144806,341.9801420702651,399.9432847042788,81.22382153357118,9280.0,244.0,9280.0,88.61545149988387
144,7.2,126.03596734431203,200.39600837098723,464.674071772898,185.13505110252652,0.988077370256844,341.98274776817937,402.539566618712,646.3989624058883,646.3989624058883,243.85939578717625,0.6058023012136876,81.22696249658678,82.14407865879929,35.19366455078125,82.14407865879929,81.22696249658678,132.0,0.6235294117647059,9179.0,8947.5,231.5,9179.0,9461.0,446.0,0.047140894197230734,1,0,2.0,0.94049008168028,3.621150849153428,3.7173731131317833,0.6235294117647059,0.0,4.0,0.0,4.0,40.0,52.0,244.0,0.9529411764705882,190,259.9008819489224,0.0,136,399.9432847042788,0.06335097817420603,0.25262249856956615,423.27415230407405,341.9944612110107,0.0489861844208872,3.4250387535017524e-05,41.2406,0.013007,0.1069340243299201,0.07031471946569039,0.041444112280908246,0.7735227863107448,341.9801420702651,401.2740051266614,81.22555172477732,9305.0,244.0,9305.0,88.61545149988387
145,7.25,126.03666129418443,200.39648318115343,464.7526834560842,185.1392359599584,0.98843714256005,341.98880772488496,395.352597504167,646.4311616274621,646.4311616274621,251.07856412329505,0.6350750335481194,81.22833719304104,82.19181855364853,35.19366455078125,82.19181855364853,81.22833719304104,140.0,0.6235294117647059,9339.0,9044.0,295.0,9339.0,9617.0,446.0,0.046376208796922114,1,0,2.0,0.94049008168028,3.594340782354727,3.6420485674614054,0.6235294117647059,0.0,4.0,0.0,4.0,40.0,52.0,244.0,0.9529411764705882,201,259.90015706641606,0.0,134,402.539566618712,0.0008408395324473573,0.0787229938778359,423.27415230407405,341.9944612110107,0.06596565050787362,1.6530928909408438e-05,41.3534,0.014413,0.10690164251715584,0.041962134808187314,0.04148605650521209,0.8012476173610609,341.9801420702651,401.35069947114306,81.22696249658678,9305.0,244.0,9305.0,88.61545149988387
146,7.3,126.03804589748574,200.47283271124988,465.53039496783185,185.0734986403794,0.9885845224455786,341.9828781070755,407.15207803696313,631.9880894216436,631.9880894216436,224.8360113846805,0.5522162934024589,81.22699207222036,82.19083800528168,35.150390625,82.51807208616718,81.22699207222036,140.0,0.6,9327.0,9030.5,296.5,9327.0,9601.0,444.0,0.046245182793459017,1,0,2.0,0.9380116959064327,3.77238417661047,3.6071088430418974,0.6,0.0,4.0,0.0,4.0,40.0,52.0,244.0,0.9529411764705882,201,259.04969431306733,0.02352941176470591,137,402.539566618712,0.07636208399625338,0.7804848433443632,423.27415230407405,341.9944612110107,0.038088964750980225,3.386927347925894e-05,41.4662,0.015903,0.1069333278546916,0.041962134808187314,0.04144501468158353,0.7991682550322872,341.98006003551774,401.61732522196,81.22699207222036,9306.0,244.0,9306.0,194.0692171658556
147,7.35,126.04430038993374,200.461213748515,465.15560488198827,185.0954065721442,0.988109243697479,341.96891448878546,408.5645298524805,631.0000303116967,631.0000303116967,222.4355004592162,0.5444317462887209,81.22382153357118,82.23420003802039,36.3565673828125,82.73680823023949,81.22382153357118,140.0,0.6235294117647059,9237.0,8949.0,288.0,9237.0,9520.0,443.0,0.04653361344537815,1,0,2.0,0.936768149882904,3.9353733228555337,3.60457405955068,0.6235294117647059,0.0,4.0,0.0,4.0,40.0,52.0,244.0,0.9529411764705882,204,259.90580246573575,0.02352941176470591,138,407.15207803696313,0.013195414764847225,0.3754298415428028,423.27415230407405,341.9944612110107,0.03475199789905048,7.469922797798123e-05,41.5789,0.01748,0.10700794344931504,0.0,0.04134827639157597,0.7835730375664843,341.98006003551774,401.61732522196,81.22833719304104,9320.0,244.0,9320.0,194.0692171658556
148,7.4,126.03460499669133,200.46441570269212,464.8875215018441,185.17892243322515,0.9884937904681032,341.9944612110107,421.4462866371931,332.83083513730924,332.83083513730924,88.61545149988387,0.21026511398870032,81.24153057087176,82.2403948319716,36.756591796875,82.81215269789021,81.24153057087176,140.0,0.6235294117647059,9150.0,22642.0,-13492.0,9150.0,9421.0,439.0,0.04659802568729434,1,0,1.9411764705882353,0.935064935064935,3.9055732166442914,3.6512873041166727,0.6235294117647059,0.0,4.0,0.0,4.0,40.0,52.0,244.0,0.9529411764705882,193,166.49486562491242,0.0,142,407.15207803696313,0.010210443706191839,0.28079102151174684,423.27415230407405,341.9944612110107,0.0043183966158364395,0.0,41.6917,0.019145,0.10687143270905292,0.0,0.04188860791744623,0.7684976606828751,341.9779587580471,402.539566618712,81.24153057087176,9327.0,244.0,9327.0,194.0692171658556
149,7.45,126.0215247012673,200.66840516676126,464.84176708649744,185.1193866131626,0.9885761934542422,341.95192131653545,401.2740051266614,373.04323553167336,373.04323553167336,28.230769594988033,0.07035284926088607,81.84777543721049,82.24173969381366,36.39984130859375,82.86683792732066,81.84777543721049,140.0,0.6,9320.0,22659.0,-13339.0,9320.0,9594.0,439.0,0.04575776526996039,1,0,1.9411764705882353,0.9418052256532067,3.6973439142440654,3.5930480364743667,0.6,0.0,4.0,0.0,4.0,40.0,52.0,244.0,0.9529411764705882,192,146.42837601391707,0.02352941176470591,135,407.15207803696313,0.20440840388691062,0.07508648609594845,423.27415230407405,341.9944612110107,0.05197611774226196,0.0001243876708546532,41.8045,0.020899,0.10709874768254701,0.0,0.06038612464406945,0.7979552936738359,341.98006003551774,404.72761423384753,81.84777543721049,9327.0,244.0,9327.0,194.0692171658556
150,7.5,126.03589440280692,200.46366727535295,465.19896127363694,185.0922687813633,0.9888667156811259,341.98006003551774,409.3252265911131,603.3944437569687,603.3944437569687,194.0692171658556,0.474119855211653,82.12057175666426,82.23690238467239,35.150390625,82.88835390151782,82.12057175666426,140.0,0.6,9256.0,22658.5,-13402.5,9256.0,9521.0,437.0,0.04589854006932045,1,0,1.9411764705882353,0.9404052443384983,3.731328537847697,3.5773836703695463,0.6,0.0,4.0,0.0,4.0,40.0,52.0,244.0,0.9529411764705882,224,222.56604826194106,0.0,138,408.5645298524805,0.20524154672156505,0.35822208771618513,423.27415230407405,341.9944612110107,0.03295482522859139,4.210938224535887e-05,41.9173,0.022744,0.10694838642193452,0.0,0.06870958396263145,0.7868653612537094,341.9779587580471,404.72761423384753,82.12057175666426,9339.0,244.0,9339.0,88.61545149988387
151,7.55,126.0375873740253,200.46050481620676,465.5580560782133,185.06192726166563,0.9892397174906522,341.9749431028234,401.61732522196,603.4453299036279,603.4453299036279,201.8280046816679,0.502538092872673,82.14337354158519,82.23566167457469,35.150390625,82.88167860550121,82.14337354158519,140.0,0.6,9369.0,22673.0,-13304.0,9369.0,9628.0,437.0,0.04538845035313668,1,0,1.9411764705882353,0.9415274463007159,3.821109729414125,3.5734347963453494,0.6,0.0,4.0,0.0,4.0,40.0,52.0,244.0,0.9529411764705882,225,223.09415753405244,0.0,136,404.72761423384753,0.003587101810315108,0.36037436991456073,423.27415230407405,341.9944612110107,0.05116501200043999,5.707141606381416e-05,42.0301,0.024681,0.10697572911834077,0.01806765520722235,0.06940530350005035,0.8064460231829952,341.9749431028234,404.72761423384753,82.14337354158519,9369.0,244.0,9369.0,88.26407411758242
152,7.6,126.03568345743903,200.45644400064526,464.583328119462,185.14521493068958,0.9894227801214117,341.9779587580471,395.2209725600442,380.1690154354616,380.1690154354616,15.0519571245826,0.038084914945387474,82.22479978017101,83.2353170954304,35.150390625,83.4208065706593,82.22479978017101,128.0,0.6352941176470588,9462.0,22671.5,-13209.5,9462.0,9719.0,435.0,0.044757691120485645,1,0,1.9411764705882353,0.9424460431654677,3.664859479788649,3.5543228364566604,0.6352941176470588,0.0,4.0,0.0,4.0,40.0,56.0,240.0,0.9411764705882353,228,147.3502499365977,0.03529411764705881,133,401.61732522196,0.004484988449485451,0.978279831839004,423.27415230407405,341.9944612110107,0.06627661904541926,4.825356792359514e-05,42.1429,0.026711,0.10695961474862477,0.052033432201087415,0.07188975045186283,0.8225610812309914,341.9738873810295,401.61732522196,82.2238895899985,9369.0,240.0,9369.0,56.875877015207436
153,7.65,126.08010279050876,200.25761630778487,464.4875342456394,185.30471827643035,0.9894080996884735,341.9738873810295,423.27415230407405,335.0100781864916,335.0100781864916,88.26407411758242,0.2085269644676408,82.2238895899985,83.23434417428362,35.150390625,83.41860201323048,82.2238895899985,132.0,0.6352941176470588,9375.0,22664.0,-13289.0,9375.0,9630.0,431.0,0.044755970924195226,1,0,1.9411764705882353,0.9396135265700483,3.8562042992600474,3.577899558706058,0.6352941176470588,0.0,4.0,0.0,4.0,40.0,56.0,240.0,0.9411764705882353,221,127.64429084057468,0.0,143,401.61732522196,0.20372905683418163,0.18605854875400527,423.27415230407405,341.9944612110107,0.0,6.015837188799722e-05,42.2556,0.028837,0.10698137044337348,0.052033432201087415,0.07186197906957965,0.807485704347382,341.9738873810295,401.2740051266614,82.22479978017101,9369.0,240.0,9369.0,56.875877015207436
154,7.7,126.07259297074414,200.26013148272816,464.9002813036847,185.28455622328244,0.9897971727105102,341.9870567669618,404.72761423384753,379.26774502959114,379.26774502959114,25.459869204256393,0.06290618259999907,82.22683168896566,83.23749067967263,35.150390625,83.95396532992247,82.22683168896566,132.0,0.611764705882353,9513.0,22672.5,-13159.5,9513.0,9762.0,430.0,0.04404835074779758,1,0,1.9411764705882353,0.9394673123486683,3.7223394166985453,3.5875662996568014,0.611764705882353,0.0,4.0,0.0,4.0,40.0,56.0,240.0,0.9411764705882353,218,147.32033619343594,0.0235294117647058,137,398.14655698531345,0.007919816784018338,0.41323920713337814,423.27415230407405,341.9944612110107,0.043816845345432176,2.1650771836023708e-05,42.3684,0.031059,0.10691099888624889,0.08993580701987833,0.07195174729340803,0.8313983711282796,341.968257335695,400.2267600341101,82.22683168896566,9369.0,240.0,9369.0,56.875877015207436
155,7.75,126.06455630889084,200.47197020038587,465.29089714878614,185.25458537969905,0.9893300248138959,341.9596373611223,396.17172889165965,369.00197880708555,369.00197880708555,27.169750084574105,0.06858073936922482,82.91974682306947,83.9976097779236,34.756591796875,83.9976097779236,82.91974682306947,112.0,0.6235294117647059,9414.0,22659.0,-13245.0,9414.0,9672.0,429.0,0.04435483870967742,1,0,1.9411764705882353,0.9381818181818182,3.7266480697029714,3.6524899352411664,0.6235294117647059,0.0,4.0,0.0,4.0,44.0,56.0,236.0,0.9529411764705882,206,147.39793280929445,0.0117647058823529,134,396.8034899713651,0.21199110885272635,0.3917639466686514,423.27415230407405,341.9944612110107,0.06403042393418912,0.00010182577157846762,42.4812,0.03338,0.10705751644555458,0.10460271241331075,0.09309371482976372,0.8142436319158965,341.968257335695,400.2267600341101,82.91974682306947,9369.0,236.0,9369.0,88.26407411758242
156,7.8,126.07107022112615,200.2674127535903,464.96163679139283,184.79697860367716,0.9891299855342013,341.9524952314159,389.99618640767784,368.52965036721696,368.52965036721696,21.46653604046088,0.05504293833791773,83.13243018584973,84.04703646756397,34.756591796875,84.04703646756397,83.13243018584973,108.0,0.6235294117647059,9415.0,22649.5,-13234.5,9415.0,9678.0,428.0,0.04422401322587311,1,0,1.9411764705882353,0.9368932038834952,3.595308808797275,3.61633748326455,0.6235294117647059,0.0,4.0,0.0,4.0,44.0,56.0,236.0,0.9529411764705882,205,147.40792803172266,0.0,132,398.14655698531345,0.20466113478658854,0.563752023865031,423.27415230407405,341.9944612110107,0.0786203592051371,0.00012270952999104967,42.594,0.035801,0.10709568092727052,0.08993580701987833,0.09958303008658623,0.814416912109961,341.96536443911316,400.2267600341101,83.13243018584973,9369.0,236.0,9369.0,88.26407411758242
157,7.85,126.06487266848126,200.26290487105723,464.35222759221705,184.92178875305342,0.9888725593113583,341.9602709609269,398.14655698531345,341.270679970106,341.270679970106,56.875877015207436,0.14285161083863254,83.16953024864347,84.04630543092473,35.19366455078125,84.04630543092473,83.16953024864347,108.0,0.6235294117647059,9261.0,22643.5,-13382.5,9261.0,9526.0,422.0,0.04429981104346,1,0,1.8823529411764706,0.942998760842627,3.840841454738075,3.685628037105377,0.6235294117647059,0.0,4.0,0.0,4.0,44.0,56.0,236.0,0.9529411764705882,175,136.58584464317403,0.0,134,398.14655698531345,0.007663593394621843,0.6220587957961831,423.27415230407405,341.9944612110107,0.0593648234412133,9.997311056653135e-05,42.7068,0.038325,0.10705413075961055,0.08993580701987833,0.10071501333327414,0.7877317622240319,341.9602709609269,400.2267600341101,83.16872515259296,9287.0,236.0,9287.0,60.61205325151133
158,7.9,126.06691912182004,200.4686258238211,464.6433944623369,184.83352519931677,0.9889842931937173,341.9539968214615,396.8034899713651,633.7259293095688,633.7259293095688,236.92243933820367,0.597077508958656,83.16872515259296,84.0951635763029,36.3565673828125,84.0951635763029,83.16872515259296,108.0,0.6235294117647059,9287.0,22669.5,-13382.5,9287.0,9550.0,421.0,0.04408376963350785,1,0,1.8823529411764706,0.945273631840796,3.916543255684177,3.6410463290877355,0.6235294117647059,0.0,4.0,0.0,4.0,44.0,56.0,236.0,0.9529411764705882,193,220.75225027344405,0.0,134,398.14655698531345,0.20573113127901144,0.304250885247064,423.27415230407405,341.9944612110107,0.06253786627087221,0.00011831884471436016,42.8195,0.040962,0.10708765707329493,0.08993580701987833,0.10069044854355337,0.7922370472697081,341.9596373611223,400.2267600341101,83.16953024864347,9261.0,236.0,9261.0,60.61205325151133
159,7.95,126.06408983711212,200.46832524006953,464.1752353163496,184.4242844128065,0.988912579957356,341.968257335695,400.2267600341101,634.8395830502351,634.8395830502351,234.612823016125,0.5861997408572321,83.17053736911086,84.14454756530002,34.756591796875,84.14454756530002,83.17053736911086,112.0,0.6235294117647059,9120.0,8919.5,200.5,9120.0,9380.0,421.0,0.04488272921108742,1,0,1.8823529411764706,0.9464508094645081,3.6811307110640694,3.7760757875273456,0.6235294117647059,0.0,8.0,0.0,8.0,44.0,52.0,236.0,0.9529411764705882,194,220.14155486377723,0.0,135,400.2267600341101,0.0028452069432897335,0.62181267863814,423.27415230407405,341.9944612110107,0.05445027092844312,7.662075936221147e-05,42.9323,0.043734,0.10701145499392938,0.0672190393538064,0.10074574221647906,0.7632992548609407,341.9539968214615,398.14655698531345,83.17053736911086,9199.0,236.0,9199.0,60.61205325151133
160,8.0,126.06640583944558,200.46912228379983,464.1580763746704,184.41950920965527,0.9889387144992526,341.96536443911316,414.0734241414883,635.2484253192705,635.2484253192705,221.17500117778218,0.5341444011683468,83.2440732501637,84.19359341222369,34.756591796875,84.43992117884503,83.2440732501637,112.0,0.6235294117647059,9107.0,22670.0,-13563.0,9107.0,9366.0,416.0,0.044415972667093746,1,0,2.0,0.9555273189326556,3.616919333338601,3.764004529579685,0.6235294117647059,0.0,8.0,0.0,8.0,44.0,52.0,236.0,0.9529411764705882,184,220.12196486141482,0.0,140,400.2267600341101,0.0024493153158785586,0.01781100347217917,423.27415230407405,341.9944612110107,0.02173704232233875,8.507965829174235e-05,43.0451,0.046662,0.10702691339404848,0.0672190393538064,0.10298944152893108,0.7610466123381026,341.9524952314159,396.8034899713651,83.24293544138874,9166.0,236.0,9166.0,221.17500117778218
161,8.05,126.05493481659215,200.2876167137462,460.71032379752705,185.38158886017698,0.985899496410586,337.96576599046745,402.840706085812,635.5378485989918,635.5378485989918,232.6971425131798,0.5776405884454272,83.24293544138874,84.24174028637124,34.756591796875,84.73050215471486,83.24293544138874,116.0,0.6428571428571429,9004.0,22604.5,-13600.5,9004.0,9333.0,483.0,0.05175184828029573,1,0,2.0,0.9190325972660357,3.2460684505557906,3.878512886431383,0.6428571428571429,0.0,4.0,0.0,4.0,44.0,52.0,236.0,0.9642857142857143,190,217.03646978041402,0.019327731092437017,136,400.2267600341101,0.18186768906488696,3.579468548143196,423.27415230407405,341.9944612110107,0.04827473188956499,0.011780001366915482,43.1579,0.049758,0.1283990542175381,0.0672190393538064,0.10295472513294153,0.7431987523494616,337.9854137657296,396.8034899713651,83.2440732501637,9166.0,236.0,9166.0,221.17500117778218
162,8.1,126.07139857154966,200.28681701161494,461.04474405168014,185.36378681985676,0.9865532093707322,337.9854137657296,400.90801516664715,340.2959619151358,340.2959619151358,60.61205325151133,0.15118693305823894,83.96061570989913,84.23497287107514,33.599853515625,84.79428177013409,83.96061570989913,116.0,0.6190476190476191,9199.0,22624.0,-13425.0,9199.0,9519.0,479.0,0.05032041180796302,1,0,2.0,0.9135021097046413,3.6124936407610253,3.7024221101153683,0.6190476190476191,0.0,4.0,0.0,4.0,44.0,52.0,236.0,0.9642857142857143,216,160.95299365486508,0.023809523809523836,135,400.2267600341101,0.016483165678951455,0.334893742890754,423.27415230407405,341.9944612110107,0.052840781832951156,0.011722550801217424,43.2707,0.053021,0.1282940649229469,0.0672190393538064,0.12485231719225492,0.7769883901920344,337.9696458692104,398.14655698531345,83.96061570989913,9132.0,236.0,9132.0,221.17500117778218
163,8.15,126.10024954828859,200.28713904642643,461.1236732353341,185.4193876799287,0.9867918556809789,337.9645575303107,396.28009523723085,368.39905155814813,368.39905155814813,27.881043679082723,0.0703569117252581,84.14389419581755,85.24024685989926,35.19366455078125,85.33778955421883,84.14389419581755,88.0,0.6428571428571429,9166.0,22612.5,-13446.5,9166.0,9479.0,472.0,0.04979428209726765,1,0,1.9444444444444444,0.9063829787234042,3.7552029191929948,3.6978308042204318,0.6428571428571429,0.0,4.0,0.0,4.0,44.0,52.0,236.0,0.9642857142857143,217,148.37875634158965,0.023809523809523836,134,396.28009523723085,0.028852773960395574,0.09654673310379917,423.27415230407405,341.9944612110107,0.063774404649805,0.011783534933372919,43.3835,0.056451,0.12840551171095438,0.11031842203110541,0.13044444183881973,0.7712701437879066,337.9696458692104,397.2930388613573,84.14389419581755,9132.0,236.0,9132.0,232.6971425131798
164,8.2,126.0971561922717,200.27325079216223,460.6409911952797,185.44232664082244,0.9868262204807794,337.9696458692104,382.080639581874,631.9946509771282,631.9946509771282,249.91401139525425,0.654087083995528,84.19349942532175,85.24150262342475,35.19366455078125,85.43836258318534,84.19349942532175,92.0,0.6428571428571429,9132.0,22635.0,-13503.0,9132.0,9443.0,472.0,0.04998411521762152,1,0,1.9444444444444444,0.9152360515021459,3.7981990163914383,3.76906255220729,0.6428571428571429,0.0,4.0,0.0,4.0,44.0,52.0,236.0,0.9642857142857143,198,215.66927387365075,0.0,129,396.28009523723085,0.01422857891549133,0.4832268077393351,423.27415230407405,341.9944612110107,0.09732111563620172,0.011768656508495234,43.4962,0.060046,0.1283783218075381,0.11031842203110541,0.1319579780573172,0.7653786171897144,337.9696458692104,397.2930388613573,84.19349942532175,9121.0,236.0,9121.0,221.17500117778218
165,8.25,126.09215883474671,200.27368534775886,461.0907719774466,185.420149510872,0.987221396731055,337.9678250274209,385.8728564748449,629.0808562457321,629.0808562457321,243.20799977088717,0.6302801445862827,84.23244613090067,85.24105329508482,35.19366455078125,85.4372755593117,84.23244613090067,92.0,0.6428571428571429,9121.0,22636.0,-13515.0,9121.0,9422.0,470.0,0.04988325196348971,1,0,1.9444444444444444,0.9138858988159311,3.715813425056136,3.8386807368844473,0.6428571428571429,0.0,4.0,0.0,4.0,44.0,52.0,236.0,0.9642857142857143,211,216.34762449270062,0.0,130,396.28009523723085,0.005016215784740998,0.45032718894100193,423.27415230407405,341.9944612110107,0.08836187049371391,0.011773980693521757,43.609,0.063806,0.12838805160607739,0.11031842203110541,0.13314630537832825,0.7634725350550052,337.9680392300727,396.28009523723085,84.23244613090067,9132.0,236.0,9132.0,215.49223707918122
166,8.3,126.09020594498486,200.30275474286526,461.67543077710087,185.3301887922607,0.9877589257832831,337.9619043810892,394.6138283885604,368.75066973776325,368.75066973776325,25.863158650797175,0.0655404265897412,84.92332620570706,85.23959194118966,35.19366455078125,85.89861699852429,84.92332620570706,92.0,0.6190476190476191,9313.0,22651.5,-13338.5,9313.0,9607.0,465.0,0.048402206724263555,1,0,1.9444444444444444,0.9150326797385621,3.52743586219262,3.755558500105723,0.6190476190476191,0.0,4.0,0.0,4.0,44.0,52.0,236.0,0.9642857142857143,212,150.2723095116635,0.023809523809523836,133,394.6138283885604,0.029134919088169616,0.5915393840702741,423.27415230407405,341.9944612110107,0.06771101840143656,0.011791292805275577,43.7218,0.067728,0.128419689003879,0.12851481727858893,0.15422617994617574,0.7967423323153845,337.9678250274209,394.6138283885604,84.92332620570706,9139.0,236.0,9139.0,215.49223707918122
167,8.35,126.10078457379578,200.3252385457124,461.140615539339,185.34928958883935,0.9865743207245605,337.9680392300727,415.9059270187631,631.3981640979443,631.3981640979443,215.49223707918122,0.5181273530383219,85.13314273671818,85.99452987986317,35.150390625,85.99452987986317,85.13314273671818,64.0,0.6309523809523809,9070.0,22643.5,-13573.5,9070.0,9385.0,461.0,0.049120937666489076,1,0,1.9444444444444444,0.9102844638949672,3.6069275084799473,3.8687986133453838,0.6309523809523809,0.0,4.0,0.0,4.0,48.0,56.0,228.0,0.9642857142857143,194,216.4155001511555,0.011904761904761862,140,393.92873044899216,0.024848114173687794,0.5351562192222008,423.27415230407405,341.9944612110107,0.017407690134638054,0.011773354359834731,43.8346,0.071811,0.12838690699886288,0.1359963997763551,0.16062802350377864,0.754635245157717,337.9678250274209,394.554881457457,85.13314273671818,9144.0,232.0,9144.0,209.48553768064943
168,8.4,126.09804643972372,200.31410150894615,461.7333904232533,185.3116307628147,0.9871705303270879,337.97334935353894,397.2930388613573,631.0709517630845,631.0709517630845,233.77791290172723,0.5884269041605542,85.13342486601331,86.04302204857314,35.150390625,86.04302204857314,85.13342486601331,64.0,0.6309523809523809,9144.0,22645.5,-13501.5,9144.0,9447.0,457.0,0.048375145548851486,1,0,1.8888888888888888,0.9094922737306843,3.4630460625196138,3.9062486345781626,0.6309523809523809,0.0,4.0,0.0,4.0,48.0,56.0,228.0,0.9642857142857143,196,216.78169340117861,0.0,134,393.92873044899216,0.011468695049112968,0.5939699067942211,423.27415230407405,341.9944612110107,0.06138128988337643,0.011757827431569723,43.9474,0.076054,0.12835853197372776,0.1359963997763551,0.16063663172736203,0.7674579795184882,337.9671498725502,393.92873044899216,85.13342486601331,9144.0,228.0,9144.0,209.48553768064943
169,8.45,126.10508775364855,200.39545346378512,460.76868111010043,185.42189459393165,0.9874840357598978,337.9793748951846,393.92873044899216,339.47653883265866,339.47653883265866,54.452191616333494,0.1382285357919184,85.23388664643987,86.0924080416865,35.150390625,86.0924080416865,85.23388664643987,64.0,0.6309523809523809,9102.0,22649.0,-13547.0,9102.0,9396.0,453.0,0.04821200510855683,1,0,1.8888888888888888,0.9263873159682899,3.8189448797802803,3.952562547593395,0.6309523809523809,0.0,4.0,0.0,4.0,44.0,56.0,232.0,0.9523809523809523,186,169.75451203906366,0.0,133,394.554881457457,0.08165611218952934,0.970990304450288,423.27415230407405,341.9944612110107,0.06932958626304342,0.011740208603404079,44.0602,0.080455,0.12832633406030156,0.12915854469706342,0.16370188401568128,0.7601802113677802,337.9678250274209,390.6741914227203,85.22750573649769,9144.0,228.0,9144.0,209.48553768064943
170,8.5,126.09782586795835,200.39923199797445,461.2207367278688,185.33248512049934,0.9883422124725791,337.9671498725502,390.6741914227203,600.1597291033697,600.1597291033697,209.48553768064943,0.5362154508281308,85.23108734687187,86.14169233206842,35.150390625,86.14169233206842,85.23108734687187,68.0,0.6309523809523809,9294.0,22643.0,-13349.0,9294.0,9573.0,449.0,0.046902747310143114,1,0,2.0,0.9386574074074074,3.5931493989902887,3.7774427975027334,0.6309523809523809,0.0,4.0,0.0,4.0,48.0,56.0,228.0,0.9642857142857143,191,203.10274229649508,0.0,132,393.92873044899216,0.008186104348070178,0.4608126902499625,423.27415230407405,341.9944612110107,0.07701854862598467,0.011775954862542792,44.1729,0.085012,0.12839165934449395,0.1359963997763551,0.16361647283373665,0.7934500086281595,337.9678250274209,393.92873044899216,85.23108734687187,9188.0,228.0,9188.0,200.49982600843424
171,8.55,126.10299066507798,200.36017395765884,461.04921555468195,185.5643303064578,0.9878620689655173,337.95156364772583,382.9371729478973,605.1690314120175,605.1690314120175,222.2318584641202,0.5803350370854626,85.22750573649769,86.23590192641618,34.756591796875,86.42655698781768,85.22750573649769,88.0,0.6428571428571429,9139.0,22640.0,-13501.0,9139.0,9425.0,446.0,0.0473209549071618,1,0,2.0,0.94049008168028,3.5911373769102166,3.664078028147122,0.6428571428571429,4.0,4.0,4.0,4.0,44.0,56.0,228.0,0.9642857142857143,187,215.8903324148337,0.011904761904761973,129,390.6741914227203,0.03939804110083057,0.2883950469469198,423.27415230407405,341.9944612110107,0.09529752557911741,0.011821529357431193,44.2857,0.089722,0.12847494545336954,0.17153745283016644,0.16350719207692824,0.7665915785481658,337.9671498725502,393.92873044899216,85.23388664643987,9222.0,228.0,9222.0,73.1185078413937
172,8.6,126.09554503939609,200.34691250347595,461.0600659046038,185.50365576550269,0.9882947368421053,337.9518433083974,394.554881457457,321.4363736160633,321.4363736160633,73.1185078413937,0.1853189791273124,86.13105796073337,86.23596988110415,34.756591796875,86.9010215419531,86.13105796073337,88.0,0.6190476190476191,9222.0,22659.5,-13437.5,9222.0,9500.0,442.0,0.046526315789473686,1,0,2.0,0.9377203290246768,3.777180986255056,3.6283090837813483,0.6190476190476191,4.0,4.0,4.0,4.0,44.0,56.0,228.0,0.9642857142857143,193,132.98732944742846,0.023809523809523836,133,390.6741914227203,0.015208665583803021,0.0616370831037681,423.27415230407405,341.9944612110107,0.06785028258939274,0.011820711622925972,44.3985,0.094584,0.12847345106653757,0.17153745283016644,0.19107603976402573,0.7809738346555173,337.9671498725502,393.92873044899216,86.13105796073337,9188.0,228.0,9188.0,94.9098011104096
173,8.65,126.15226878653756,200.46329175484314,461.37203247056857,185.78939340590406,0.9885810953689997,337.94936453244287,389.16987761616895,322.13348505963927,322.13348505963927,67.03639255652968,0.1722548337172345,86.1404080025859,87.23423968619235,34.756591796875,87.3291991686782,86.1404080025859,64.0,0.6428571428571429,9188.0,22651.5,-13463.5,9188.0,9458.0,435.0,0.04599281031930641,1,0,1.9411764705882353,0.9389952153110048,3.942981314167467,3.6433493400886747,0.6428571428571429,4.0,4.0,4.0,4.0,44.0,60.0,224.0,0.9523809523809523,207,133.44562386918216,0.023809523809523836,131,389.16987761616895,0.12946703688027378,0.4230474411008838,423.27415230407405,341.9944612110107,0.08057254264702907,0.011827959623217366,44.5113,0.099596,0.12848669658341874,0.18796524686693597,0.19136132474566406,0.7750823080573251,337.9590625995304,390.6741914227203,86.1404080025859,9222.0,228.0,9222.0,73.1185078413937
174,8.7,126.13929916446922,200.2590160809511,461.4550561723177,185.49036941492602,0.9896569485937983,337.97232038450545,386.46008788932266,586.9599138977569,586.9599138977569,200.49982600843424,0.5188112105016518,86.23104899353264,87.23971567440611,34.756591796875,87.43751781347726,86.23104899353264,64.0,0.6428571428571429,9456.0,9301.0,155.0,9456.0,9707.0,432.0,0.04450396620995158,1,0,1.9411764705882353,0.937424789410349,3.868391417394584,3.593645132332503,0.6428571428571429,4.0,4.0,4.0,4.0,44.0,60.0,224.0,0.9523809523809523,226,244.563493889368,0.0,131,389.16987761616895,0.20468698551846803,0.3103357572574694,423.27415230407405,341.9944612110107,0.08697451572309733,0.011760836161681443,44.6241,0.104754,0.12836403034346888,0.18796524686693597,0.1941269287767227,0.8215214000666045,337.9518433083974,389.16987761616895,86.1404080025859,9222.0,224.0,9222.0,67.03639255652968
175,8.75,126.13386924148287,200.2157354914061,461.27052119135453,185.49251715929336,0.9889062662913147,337.9730485039327,396.3365618847366,334.55794547620104,334.55794547620104,61.778616408535584,0.15587412908552747,86.23121255602359,87.23988892830513,33.599853515625,87.43794872068537,86.23121255602359,64.0,0.6428571428571429,9325.0,22689.0,-13364.0,9325.0,9591.0,429.0,0.044729433844228964,1,0,1.9411764705882353,0.9381818181818182,3.6513003852940193,3.6081093813848804,0.6428571428571429,4.0,4.0,4.0,4.0,44.0,60.0,224.0,0.9523809523809523,206,150.36598603707967,0.0,134,389.16987761616895,0.04361987499984629,0.18454747899916715,423.27415230407405,341.9944612110107,0.0636410002186617,0.011758707123027734,44.7368,0.110057,0.1283601395851501,0.18796524686693597,0.19413191933430143,0.7988216946441582,337.95156364772583,389.16987761616895,86.23104899353264,9294.0,224.0,9294.0,73.1185078413937
176,8.8,126.17083883012944,200.4715232514648,460.57343323831515,185.06088534172954,0.9895424836601308,337.9590625995304,381.98731059791834,365.1202887465691,365.1202887465691,16.86702185134925,0.044155974251991734,87.09166031130195,87.99389596922248,37.150390625,87.99389596922248,87.09166031130195,48.0,0.6309523809523809,9536.0,22713.5,-13177.5,9536.0,9792.0,426.0,0.04350490196078431,1,0,1.9411764705882353,0.9377289377289377,3.7159888580885374,3.604812725015675,0.6309523809523809,4.0,4.0,4.0,4.0,44.0,60.0,224.0,0.9523809523809523,193,150.33691039455377,0.011904761904761973,129,387.09170880707165,0.2584456010082994,0.819900994148733,423.27415230407405,341.9944612110107,0.09754160862744066,0.011799602242652751,44.8496,0.115503,0.12843487426721084,0.21065979970611678,0.2203855795785005,0.8353838155917626,337.94936453244287,387.09170880707165,86.23121255602359,9289.0,224.0,9289.0,67.03639255652968
177,8.85,126.1397125147574,200.4731432504051,457.44817317153985,185.42822371320224,0.9866371588154705,333.9846929468344,415.7319371175403,320.8221360071307,320.8221360071307,94.9098011104096,0.22829566996575404,87.13373406788128,88.0397811302283,35.19366455078125,88.0397811302283,87.13373406788128,48.0,0.6385542168674698,9172.0,22622.0,-13450.0,9172.0,9489.0,491.0,0.051744124776056485,1,0,1.894736842105263,0.9051987767584098,3.6528923831953777,3.8474685943624927,0.6385542168674698,4.0,4.0,4.0,4.0,44.0,56.0,224.0,0.963855421686747,196,129.20728988387523,0.007601835915088895,140,387.09170880707165,0.031168444061356895,3.146774215627259,423.27415230407405,341.9944612110107,0.01781874736616451,0.023420754347346695,44.9624,0.121088,0.1496722032122663,0.21065979970611678,0.22166931831063708,0.7723098249522935,333.98770313119417,389.16987761616895,87.09166031130195,9325.0,224.0,9325.0,61.778616408535584
178,8.9,126.13160974832351,200.48657928818528,457.40697935669976,185.4228713027471,0.9871807915352528,333.98770313119417,387.09170880707165,364.32008549071094,364.32008549071094,22.771623316360717,0.05882746335884503,87.22705267820696,88.0897733295939,35.150390625,88.0897733295939,87.22705267820696,60.0,0.6385542168674698,9514.0,22642.0,-13128.0,9514.0,9829.0,484.0,0.04924203886458439,1,0,1.894736842105263,0.9020618556701031,3.4183810537321015,3.7367815040136994,0.6385542168674698,4.0,4.0,4.0,4.0,44.0,52.0,228.0,0.9759036144578314,217,150.43464697503714,0.0,131,387.09170880707165,0.015690185948963972,0.0415400852040479,423.27415230407405,341.9944612110107,0.08548228919730838,0.023411952496143917,45.0752,0.126811,0.1496561180765039,0.21065979970611678,0.22451662086320018,0.8315716513223441,333.985164590714,387.09170880707165,87.13373406788128,9325.0,224.0,9325.0,61.778616408535584
179,8.95,289.0553894830729,157.07301541993868,466.9469853673932,185.55102652787755,0.9457290132547864,169.85371187381912,182.43164808822985,213.06129638242305,213.06129638242305,30.629648294193203,0.16789657175809602,66.19561624739507,69.6303437067425,30.79986572265625,70.55506617257203,66.19561624739507,8.0,0.5714285714285714,4695.0,4858.5,-163.5,4695.0,5432.0,803.0,0.1478276877761414,2,0,4.894736842105263,0.95,25.781179045770635,13.793946749498556,0.5714285714285714,4.0,8.0,4.0,8.0,92.0,40.0,24.0,0.7142857142857143,101,168.60870538260903,0.06712564543889843,62,387.09170880707165,168.60870538260903,9.540866755478525,423.27415230407405,341.9944612110107,0.5689988460311803,0.5033436761742778,45.188,0.132669,1.0,0.21065979970611678,0.0,0.0,333.9846929468344,386.46008788932266,87.22705267820696,9325.0,224.0,9325.0,61.778616408535584
180,9.0,126.1372473028693,200.4899712915467,458.00846838618276,185.32060675302793,0.9875761015375091,333.985164590714,394.17965822841194,596.8266930224298,596.8266930224298,202.64703479401788,0.5140981543918021,87.95510329147945,88.24031464315613,36.3565673828125,88.83787099938613,87.95510329147945,64.0,0.6265060240963856,9390.0,9250.5,139.5,9390.0,9691.0,475.0,0.049014549582086474,1,0,1.9444444444444444,0.9226638023630505,3.335850351455205,3.7288286704839755,0.6265060240963856,4.0,4.0,4.0,4.0,48.0,56.0,220.0,0.9759036144578314,203,248.67909527487208,0.055077452667814164,133,387.09170880707165,168.60413135094342,8.94148640305567,423.27415230407405,341.9944612110107,0.06873676060134437,0.023419375249340457,45.3008,0.138659,0.1496696829494091,0.21065979970611678,0.2467306290051044,0.8100849072583491,333.98441241459375,381.98731059791834,87.95510329147945,9305.0,224.0,9305.0,56.3792256749399
181,9.05,126.21808317819495,200.45092337305394,457.524227958147,185.5008193279485,0.9876878130217028,333.98441241459375,373.2674826432151,362.3158497204744,362.3158497204744,10.951632922740714,0.029339906185208074,88.0898977966061,89.23888760869963,34.756591796875,89.28896916895971,88.0898977966061,48.0,0.6506024096385542,9289.0,22619.5,-13330.5,9289.0,9584.0,466.0,0.04862270450751252,1,0,1.9444444444444444,0.9192139737991266,3.347160369940752,3.742487779474541,0.6506024096385542,4.0,4.0,4.0,4.0,48.0,56.0,220.0,0.9759036144578314,193,150.32380178606053,0.02409638554216864,126,380.34587316186554,0.0897729284265672,0.5166869112952007,423.27415230407405,341.9944612110107,0.11814250737648369,0.02342157463034089,45.4135,0.144779,0.1496737022563903,0.2843274068920123,0.25084342855472397,0.7925836076578371,333.9837765299445,380.34587316186554,88.0898977966061,9305.0,224.0,9305.0,56.36136783162158
182,9.1,126.21895932037263,200.42059443388624,457.6660112159846,185.4980542837524,0.9886657833044542,333.9714868009323,397.2771042278168,362.2426914292916,362.2426914292916,35.03441279852518,0.08818633751024034,88.13926279684682,89.23597691270558,34.756591796875,89.3828467267183,88.13926279684682,48.0,0.6506024096385542,9533.0,22641.0,-13108.0,9533.0,9811.0,462.0,0.04709000101926409,1,0,1.9444444444444444,0.9154774972557629,3.5803020505621808,3.772590603919666,0.6506024096385542,4.0,4.0,4.0,4.0,48.0,56.0,220.0,0.9759036144578314,215,150.30812537945832,0.0,134,379.58263698218457,0.030341591523084792,0.14181021709474417,423.27415230407405,341.9944612110107,0.06141893601285009,0.023459369434431165,45.5263,0.151026,0.14974277119892263,0.29266229467048316,0.25234963498774043,0.8348639750095691,333.9714868009323,380.34587316186554,88.13926279684682,9289.0,220.0,9289.0,56.3792256749399
183,9.15,126.20620461752537,200.45218017736562,456.7761632576334,185.51712405559172,0.9888018385041262,333.9837765299445,380.34587316186554,594.2853058540361,594.2853058540361,213.93943269217056,0.5624865360406405,88.23249308726255,89.23874483746607,35.19366455078125,89.38882086769331,88.23249308726255,48.0,0.6506024096385542,9305.0,9154.0,151.0,9305.0,9573.0,454.0,0.047425049618719316,1,0,1.8888888888888888,0.9181614349775785,3.589564229848428,3.7964785112951334,0.6506024096385542,8.0,4.0,8.0,4.0,44.0,56.0,220.0,0.9759036144578314,206,246.4011806186691,0.0,128,379.58263698218457,0.03406378774985664,0.8900522710379418,423.27415230407405,341.9944612110107,0.1014195620226993,0.023423433972293406,45.6391,0.157395,0.14967710015156532,0.29266229467048316,0.25519424275622815,0.7953560907628687,331.9365371416662,380.34587316186554,88.23249308726255,9305.0,220.0,9305.0,56.36136783162158
184,9.2,126.19288153687071,200.4746218565151,457.31818510492155,185.79274325759195,0.98610348468849,331.9365371416662,379.58263698218457,591.4018784264624,591.4018784264624,211.81924144427785,0.5580319561724828,88.24006699923137,89.23881359224129,36.3565673828125,89.9372457729421,88.24006699923137,60.0,0.6506024096385542,9141.0,9028.0,113.0,9141.0,9470.0,487.0,0.05142555438225977,2,1,6.0,0.9291428571428572,87.82222064964215,4.667707589097427,0.6506024096385542,4.0,8.0,4.0,8.0,44.0,52.0,224.0,0.963855421686747,193,245.31308105450256,0.0,128,379.58263698218457,0.02609853331471669,0.6080737023164963,423.27415230407405,341.9944612110107,0.10322273421151906,0.029409611002848224,45.7519,0.163886,0.16061667047780517,0.29266229467048316,0.25542533512683296,0.7669381389362947,331.93497470230477,379.58263698218457,88.24006699923137,9289.0,220.0,9289.0,56.36136783162158
185,9.25,126.1880887304772,200.46660636143488,457.3002063485534,185.0194017532181,0.9867118070249683,331.93497470230477,373.9744024625319,317.595176787592,317.595176787592,56.3792256749399,0.15075691091073667,89.00378468023331,89.2384323765165,33.599853515625,90.03757567578566,89.00378468023331,68.0,0.6385542168674698,9138.0,22593.5,-13455.5,9138.0,9452.0,479.0,0.05067710537452391,2,1,6.0,0.9455621301775148,87.83080889217243,4.664345533410432,0.6385542168674698,4.0,8.0,4.0,8.0,44.0,52.0,224.0,0.963855421686747,198,129.6516117848108,0.012048192771084376,126,380.34587316186554,0.009339119578785682,0.773550462521852,423.27415230407405,341.9944612110107,0.11647238456017495,0.02941417961298265,45.8647,0.170494,0.16062501948445893,0.2843274068920123,0.27872760350572606,0.7664182983541014,331.93497470230477,380.34587316186554,89.00378468023331,9305.0,220.0,9305.0,56.3792256749399
186,9.3,126.26787362243574,200.52856250524692,457.0357367972308,185.2628374432974,0.9883987425210425,331.92272967174523,373.23893728455903,316.87756945293745,316.87756945293745,56.36136783162158,0.15100613092961257,89.22812558555881,89.23543856598494,35.19366455078125,90.0392366101958,89.22812558555881,68.0,0.6144578313253012,9575.0,22606.5,-13031.5,9575.0,9861.0,473.0,0.04796673765338201,2,1,6.0,0.94377990430622,88.568694976208,4.580607150707504,0.6144578313253012,4.0,8.0,4.0,8.0,44.0,52.0,224.0,0.963855421686747,229,128.90065009244,0.02409638554216864,126,379.58263698218457,0.10101580441145798,0.3594510798163703,423.27415230407405,341.9944612110107,0.11820994678543573,0.02944998437577384,45.9774,0.177216,0.16069045168243248,0.29266229467048316,0.2855726093427004,0.8421417431602771,331.92272967174523,380.34587316186554,89.22812558555881,9289.0,220.0,9289.0,56.3792256749399
187,9.35,126.27286708556002,200.54160601370864,454.1721216551045,185.3985582021211,0.9849504950495049,327.93366207466465,387.1631182239897,309.61730423523585,309.61730423523585,77.54581398875388,0.20029235828163375,89.23199101375324,90.13707110288252,35.150390625,90.39609320130518,89.23199101375324,48.0,0.6585365853658537,9234.0,22502.0,-13268.0,9234.0,9595.0,538.0,0.056070870244919226,2,1,5.666666666666667,0.882865440464666,88.81225140705035,4.289903200405753,0.6585365853658537,4.0,4.0,4.0,4.0,48.0,56.0,216.0,0.975609756097561,210,143.44570086528515,0.044078754040552504,131,379.58263698218457,0.013966666995547225,2.866829574040081,423.27415230407405,341.9944612110107,0.08531358195041094,0.04111411362206385,46.0902,0.18405,0.18200632014620122,0.29266229467048316,0.2856905498427394,0.783053196984291,327.9348379682843,380.84838368609394,89.23199101375324,9261.0,216.0,9261.0,77.54581398875388
188,9.4,126.26904417410833,200.60320094489532,453.2110898180222,185.45130285596258,0.9855342012812565,327.9348379682843,387.07348175280305,357.75597792720475,357.75597792720475,29.317503825598294,0.0757414424073653,90.13218831845597,91.03705685564796,35.150390625,91.28418647393045,90.13218831845597,44.0,0.6463414634146342,9328.0,22503.5,-13175.5,9328.0,9678.0,532.0,0.05497003513122546,2,1,5.666666666666667,0.8824681684622919,88.80602608940373,4.270793414841334,0.6463414634146342,4.0,4.0,4.0,4.0,52.0,56.0,212.0,0.9878048780487805,213,153.1689385049974,0.012195121951219523,131,387.07348175280305,0.061713452341112744,0.9624781506063755,423.27415230407405,341.9944612110107,0.08552535125099003,0.04111067528094148,46.203,0.190993,0.182000036674409,0.21085884746604405,0.3131570334792313,0.7993415352263517,327.93366207466465,380.39005580203036,90.13218831845597,9234.0,212.0,9234.0,77.54581398875388
189,9.45,126.2600505540654,200.66697806908547,453.98257169102766,185.39303064267366,0.9857544517338331,327.90583685547176,376.7222485041528,359.24100356803496,359.24100356803496,17.481244936117832,0.04640353736879209,90.18968352197096,91.18835217392444,35.150390625,91.34310459700345,90.18968352197096,44.0,0.6463414634146342,9261.0,22522.5,-13261.5,9261.0,9603.0,525.0,0.05467041549515776,2,1,5.666666666666667,0.9117043121149897,88.6822113069767,4.256598059739402,0.6463414634146342,8.0,4.0,8.0,4.0,48.0,56.0,212.0,0.9878048780487805,221,153.17285254017597,0.0,127,387.07348175280305,0.06440812659473033,0.773679475763471,423.27415230407405,341.9944612110107,0.10998050210842791,0.0411954752297764,46.3158,0.198041,0.18215500619823133,0.21085884746604405,0.3149113056352035,0.7877317622240319,327.90583685547176,380.39005580203036,90.18968352197096,9234.0,212.0,9234.0,65.04206621109654
190,9.5,126.25462239950139,200.61093489822082,453.7130377814735,185.26808742490192,0.9829892141756549,323.91555856121,395.1486287568044,577.142305907294,577.142305907294,181.99367715048965,0.46057018525679433,90.23977325941547,91.18896023169694,34.756591796875,91.39720017779038,90.23977325941547,44.0,0.6419753086419753,9321.0,22478.5,-13157.5,9321.0,9735.0,590.0,0.06060606060606061,2,1,2.857142857142857,0.9057971014492754,88.45349062888415,4.463283482948053,0.6419753086419753,4.0,4.0,4.0,4.0,48.0,56.0,212.0,0.9753086419753086,242,204.19138263447886,0.004366154772658892,133,387.07348175280305,0.056305433685708534,0.2970847287672667,423.27415230407405,341.9944612110107,0.06644753381270652,0.052863144583636945,46.4286,0.205192,0.20347734410911664,0.21085884746604405,0.31643962497885014,0.7981285738679004,323.95167899450536,380.84838368609394,90.23783681855953,9234.0,212.0,9234.0,56.3792256749399
191,9.55,126.31738638776194,200.67831642326118,453.84443968898916,185.85533898141796,0.9818784058125868,323.9477662739075,401.4443653637239,315.13472261841,315.13472261841,86.30964274531385,0.21499776853789948,90.23783681855953,91.23657782556398,35.19366455078125,91.43723279022554,90.23783681855953,44.0,0.6419753086419753,8935.0,22447.0,-13512.0,8935.0,9359.0,581.0,0.06207928197456993,2,1,2.857142857142857,0.9064143007360673,89.32684563935,4.508604724986861,0.6419753086419753,4.0,4.0,4.0,4.0,48.0,56.0,212.0,0.9753086419753086,206,127.4785741785021,0.0,136,380.84838368609394,0.09208467917702712,0.6017730900674005,423.27415230407405,341.9944612110107,0.05157363571935758,0.05276896845989665,46.5414,0.212444,0.20330523988910248,0.2788397623876664,0.3163805410193616,0.7312424189590128,323.9477662739075,380.84838368609394,90.23977325941547,9234.0,212.0,9234.0,56.36136783162158
192,9.6,126.31100717231985,200.6010669084733,453.90238482664836,185.22207666979025,0.9828125,323.9099036407053,380.84838368609394,578.2012743709928,578.2012743709928,197.35289068489885,0.5181928009639729,90.2409499332731,91.2396255380853,34.756591796875,91.98105435705808,90.2409499332731,52.0,0.6419753086419753,9065.0,22471.0,-13406.0,9065.0,9472.0,574.0,0.060599662162162164,2,1,2.857142857142857,0.9273318872017353,89.23044113865956,4.272071181819305,0.6419753086419753,4.0,8.0,4.0,8.0,48.0,56.0,208.0,0.962962962962963,204,204.08491998730852,0.0,129,380.84838368609394,0.07751246302767938,0.6359078504833908,423.27415230407405,341.9944612110107,0.10023236332064533,0.05287967970670493,46.6541,0.219791,0.20350756158192643,0.2788397623876664,0.3164755272117131,0.7537688441873946,323.94494680640406,381.14665069702136,90.2409499332731,9221.0,208.0,9221.0,65.04206621109654
193,9.65,126.31922030556781,200.62817023545014,452.6603056864702,185.29717875136797,0.9829205807002561,323.94494680640406,380.39005580203036,315.3479895909338,315.3479895909338,65.04206621109654,0.170987819526352,91.23095131078817,91.23594162440982,33.599853515625,92.03508314186203,91.23095131078817,60.0,0.6419753086419753,8968.0,22476.0,-13508.0,8968.0,9368.0,562.0,0.05999146029035013,2,1,2.7142857142857144,0.9267480577136515,89.98667542230874,4.295933353619733,0.6419753086419753,4.0,8.0,4.0,8.0,48.0,56.0,208.0,0.962962962962963,192,125.58503024011598,0.0,128,380.84838368609394,0.0283204147385179,1.2443475853325545,423.27415230407405,341.9944612110107,0.10131517898885634,0.05277721265044133,46.7669,0.227233,0.2033203059156811,0.2788397623876664,0.3466820791460156,0.7369606653631405,323.919712997695,380.84838368609394,91.23095131078817,9221.0,208.0,9221.0,29.317503825598294
194,9.7,126.37437408485039,200.66542873314853,453.4286658756996,185.73114791629567,0.9846548363934762,323.95167899450536,375.68228379013544,364.65203342531464,364.65203342531464,11.030250364820802,0.029360581642392664,91.23240575592128,92.08459478469615,36.3565673828125,92.1232698304124,91.23240575592128,44.0,0.6296296296296297,9375.0,22494.0,-13119.0,9375.0,9749.0,551.0,0.05651861729408145,2,1,2.7142857142857144,0.9245495495495496,88.50682967865109,4.04698263155954,0.6296296296296297,4.0,8.0,4.0,8.0,48.0,56.0,208.0,0.962962962962963,203,157.37419593088134,0.012345679012345623,127,380.84838368609394,0.06655925946021372,0.8824435486197755,423.27415230407405,341.9944612110107,0.11243745514549941,0.052757527571105634,46.8797,0.234766,0.2032843319862983,0.2788397623876664,0.34672645663219553,0.807485704347382,323.91555856121,380.39005580203036,91.23240575592128,9162.0,208.0,9162.0,17.962715925727537
195,9.75,126.36460673809609,200.7068363606931,453.73597201526263,185.22273768475654,0.9841845831148401,323.919712997695,381.14665069702136,363.1839347712938,363.1839347712938,17.962715925727537,0.047128095951724215,91.23679033975456,93.23928209943408,35.150390625,93.23928209943408,91.23679033975456,44.0,0.6419753086419753,9158.0,22497.5,-13339.5,9158.0,9535.0,541.0,0.056738332459360254,2,1,2.5714285714285716,0.9215017064846417,89.8086017129876,3.898078001708575,0.6419753086419753,4.0,8.0,4.0,8.0,52.0,56.0,204.0,0.9753086419753086,205,158.90627275193438,0.012345679012345623,129,380.39005580203036,0.04254400876138485,0.5940690422390327,423.27415230407405,341.9944612110107,0.09952769706757081,0.05285099691179951,46.9925,0.242386,0.20345514458015396,0.2838449122758841,0.3468602374150091,0.7698839022353908,323.9099036407053,380.84838368609394,91.23679033975456,9158.0,204.0,9158.0,65.04206621109654
196,9.8,126.36640040645916,200.7609414457921,452.7427306283107,185.68421459568086,0.9824157594608605,319.94996642456687,376.5983548407376,362.36900764357466,362.36900764357466,14.229347197162951,0.037783880397407744,92.19105325026659,93.24485766487881,35.150390625,93.3001943264376,92.19105325026659,44.0,0.65,9221.0,22428.0,-13207.0,9221.0,9645.0,608.0,0.06303784344219802,2,1,2.4285714285714284,0.8846153846153846,88.84219921311652,4.030277774384225,0.65,8.0,4.0,8.0,4.0,48.0,56.0,204.0,0.9875,218,158.94249080734664,0.00802469135802475,127,379.03384896327947,0.054134808393180085,1.095212030645404,423.27415230407405,341.9944612110107,0.11027320522469608,0.06445863102105143,47.1053,0.250092,0.224667769768362,0.298655310559294,0.37597635060437834,0.7808005544614528,319.94996642456687,380.84838368609394,92.19008808742832,9116.0,204.0,9116.0,65.04206621109654
197,9.85,126.41494645522287,200.67366539596796,452.75247265489423,185.72202706197012,0.9829066973148051,319.94133149688975,387.69372169187005,607.514428891726,607.514428891726,219.82070719985592,0.5669957879136467,92.19008808742832,93.29724937809829,36.39984130859375,93.40588702589835,92.19008808742832,44.0,0.65,9162.0,9048.0,114.0,9162.0,9571.0,597.0,0.06237592728032598,2,1,2.4285714285714284,0.8940397350993378,87.7130443574247,4.001498093200508,0.65,8.0,4.0,8.0,4.0,48.0,56.0,204.0,0.9875,209,230.4493186406573,0.0,131,379.03384896327947,0.09986905288163339,0.03904727505000918,423.27415230407405,341.9944612110107,0.0840600126856873,0.06448387975650327,47.218,0.257879,0.22471391112297187,0.298655310559294,0.37594690191666796,0.7705770230116488,319.94133149688975,380.39005580203036,92.19105325026659,9158.0,204.0,9158.0,64.92140918334587
198,9.9,126.40652914253606,200.6845055507715,449.9931092673581,185.19907003862767,0.9838194938510011,319.9005833508728,379.03384896327947,369.21839659542945,369.21839659542945,9.815452367850014,0.02589597840587828,92.30409792038878,93.30251942355252,34.756591796875,93.4148493308837,92.30409792038878,48.0,0.65,9441.0,22439.0,-12998.0,9441.0,9839.0,585.0,0.05945726191686147,2,1,2.4285714285714284,0.8872549019607843,87.24383965841837,3.98946773668142,0.65,8.0,4.0,8.0,4.0,48.0,56.0,204.0,0.9875,226,158.90655612107005,0.0,128,381.14665069702136,0.013724434743630613,2.808481859072301,423.27415230407405,341.9944612110107,0.10451926511452314,0.0646030283119291,47.3308,0.265745,0.22493165176022634,0.2755825503604023,0.3794255273191755,0.8189221971556374,319.9005833508728,380.39005580203036,92.30409792038878,9158.0,204.0,9158.0,64.92140918334587
199,9.95,126.41298283976741,200.54318117165167,450.07683991339013,185.68702524596625,0.9804052642573637,315.9099800272609,364.8799951193927,350.63906686927317,350.63906686927317,14.24092825011951,0.03902907377933867,92.40049053429058,93.3602865070934,34.756591796875,93.96253730547357,92.40049053429058,52.0,0.6455696202531646,9105.0,22357.5,-13252.5,9105.0,9574.0,653.0,0.06820555671610612,2,1,1.9090909090909092,0.8959731543624161,85.76064707329519,4.150604847942263,0.6455696202531646,4.0,4.0,4.0,4.0,48.0,56.0,204.0,0.9746835443037974,212,152.24569216024753,0.004430379746835467,123,379.03384896327947,0.14147165914612475,0.4950869675660912,423.27415230407405,341.9944612110107,0.13795824022519532,0.07627164805939846,47.4436,0.273688,0.2462557264887279,0.298655310559294,0.3823666227196852,0.7607000519499736,315.94858787728356,381.14665069702136,92.40049053429058,9158.0,204.0,9158.0,64.92140918334587
200,10.0,126.43789822141903,200.68685243456522,450.07801025612986,185.2500021956766,0.9812232096184004,315.9481785939662,394.96510636263696,309.937023159719,309.937023159719,85.02808320291797,0.21527998760692924,93.24313660091408,94.02395341623011,36.3565673828125,94.02395341623011,93.24313660091408,44.0,0.6329113924050633,9116.0,22371.5,-13255.5,9116.0,9565.0,635.0,0.06638787245164662,2,1,1.8181818181818181,0.9042553191489362,86.86002651576192,3.9978210668652165,0.6329113924050633,4.0,8.0,4.0,8.0,48.0,52.0,204.0,0.9746835443037974,231,124.15915853160028,0.012658227848101222,133,387.69372169187005,0.14581566455639297,0.4370246173691062,423.27415230407405,341.9944612110107,0.06688111189246515,0.07615995453497681,47.5564,0.281704,0.2460516097111654,0.2040855439651409,0.4080771244945285,0.7626061340846828,315.9481785939662,384.19192454687993,93.24313660091408,9116.0,204.0,9116.0,71.28475276294603
201,10.05,126.43162130724836,200.82131884293753,449.9765533940201,185.20706900734098,0.9811344537815125,315.93940320749215,392.6819589361001,309.3709458176187,309.3709458176187,83.31101311848141,0.2121590035462728,93.29465477867251,94.23977678288212,33.599853515625,94.54351561237732,93.29465477867251,44.0,0.6708860759493671,9071.0,22365.0,-13294.0,9071.0,9520.0,625.0,0.06565126050420168,2,1,1.8181818181818181,0.8989169675090253,86.57495836864553,3.9183845202679226,0.6708860759493671,4.0,8.0,4.0,8.0,48.0,52.0,204.0,0.9746835443037974,211,123.9971953708071,0.03797468354430378,133,384.19192454687993,0.13461283234540958,0.11016693482994296,423.27415230407405,341.9944612110107,0.07227512760098087,0.07618561397531687,47.6692,0.28979,0.24609850161741845,0.24232676863908426,0.40964902787503343,0.7548085253517814,315.94689145137204,384.19192454687993,93.29465477867251,9116.0,204.0,9116.0,71.28475276294603
202,10.1,126.41545466690006,200.74937081301167,449.33004103756593,185.3028447615794,0.9824008243173622,315.9314761446304,372.94834261232774,308.02693342898186,308.02693342898186,64.92140918334587,0.17407614343745823,93.33933875462341,95.28926961624968,33.599853515625,95.28926961624968,93.33933875462341,40.0,0.6455696202531646,9278.0,22379.5,-13101.5,9278.0,9705.0,609.0,0.06275115919629057,2,1,1.9444444444444444,0.9232456140350878,83.76107097916464,3.8410573694386656,0.6455696202531646,4.0,8.0,4.0,8.0,52.0,56.0,196.0,0.9746835443037974,229,123.97377888742133,0.025316455696202556,126,392.6819589361001,0.07374197766784064,0.6535680700185872,423.27415230407405,341.9944612110107,0.11889648686979826,0.0762087928970856,47.782,0.297943,0.24614086044567926,0.14961171430415074,0.4110124086448461,0.7906775255231279,315.9413151537898,384.19192454687993,93.33933875462341,9105.0,196.0,9105.0,71.28475276294603
203,10.15,126.41062426499367,200.81656622629168,449.84554962011515,185.20116729180924,0.9816657824933688,315.94689145137204,393.93470961503147,322.64995685208544,322.64995685208544,71.28475276294603,0.18095575490823923,94.14096288042374,95.29418629124044,33.599853515625,95.29418629124044,94.14096288042374,40.0,0.6455696202531646,8993.0,22398.0,-13405.0,8993.0,9425.0,598.0,0.06344827586206897,2,1,1.7894736842105263,0.9020674646354734,83.7849426408702,3.926309792835777,0.6455696202531646,4.0,8.0,4.0,8.0,52.0,56.0,196.0,0.9746835443037974,217,133.22184181626756,0.0,133,392.6819589361001,0.06736880842385207,0.5254402026308632,423.27415230407405,341.9944612110107,0.06931546027399649,0.07616371817076673,47.8947,0.30616,0.24605848764982233,0.14961171430415074,0.4354712642966999,0.7412926702147524,315.93940320749215,379.03384896327947,94.14096288042374,9089.0,196.0,9089.0,64.92140918334587
204,10.2,126.41079077465386,200.7575259938799,448.85010606421724,185.22942519150678,0.9823325270796088,315.94858787728356,384.19192454687993,306.6212528438226,306.6212528438226,77.57067170305731,0.20190604421096303,94.29621303325024,95.29472835106291,35.150390625,95.40367164077803,94.29621303325024,40.0,0.6455696202531646,9089.0,22355.5,-13266.5,9089.0,9509.0,588.0,0.06183615522136923,2,1,1.7894736842105263,0.8986784140969163,83.26981461620808,4.018136167989596,0.6455696202531646,4.0,8.0,4.0,8.0,52.0,56.0,196.0,0.9746835443037974,216,125.49008472138473,0.0,130,384.19192454687993,0.05904046721277964,0.9958445570840792,423.27415230407405,341.9944612110107,0.09233313100847695,0.07615875778074899,48.0075,0.314438,0.24604942267643984,0.24232676863908426,0.4402081989219152,0.7579275688449421,315.9314761446304,378.42221776611336,94.29384658606621,9089.0,196.0,9089.0,64.92140918334587
205,10.25,126.41208041315276,200.80920797141988,448.87838095701966,185.24264857729693,0.9828384233329811,315.9413151537898,393.45787530447114,309.90462280709943,309.90462280709943,83.55325249737172,0.21235628447572782,94.29384658606621,95.29240592807406,36.39984130859375,95.39972303740609,94.29384658606621,44.0,0.6455696202531646,9057.0,22355.0,-13298.0,9057.0,9463.0,577.0,0.06097432103983937,2,1,1.736842105263158,0.9,83.35402865172874,3.921885693249509,0.6455696202531646,4.0,8.0,4.0,8.0,52.0,56.0,196.0,0.9746835443037974,198,122.05108063528012,0.0,133,378.42221776611336,0.051698065436725255,0.031214219431908444,423.27415230407405,341.9944612110107,0.07044199802255657,0.07618002339852536,48.1203,0.322775,0.24608828499541383,0.3053346026656013,0.44013599477009513,0.7523826026348788,315.9314761446304,378.42221776611336,94.29621303325024,9089.0,196.0,9089.0,64.92140918334587
206,10.3,126.61625365852406,200.75252882791543,449.72138318638684,185.06730122205664,0.978114374034003,307.90916062344263,375.0884030259702,327.9506770122152,327.9506770122152,47.137726013755014,0.12567097685099934,94.42240411520201,96.02001349871713,35.150390625,96.02001349871713,94.42240411520201,44.0,0.6363636363636364,9174.0,22220.0,-13046.0,9174.0,9705.0,729.0,0.07511591962905718,2,1,1.7619047619047619,0.8657074340527577,79.20219711180954,4.058700211052574,0.6363636363636364,4.0,4.0,4.0,4.0,48.0,56.0,196.0,0.974025974025974,222,159.71276708368524,0.009205983889528202,127,378.42221776611336,0.21189440632976847,0.8610455584391641,423.27415230407405,341.9944612110107,0.11384051923748917,0.09966623572461131,48.2331,0.331167,0.28900867811556225,0.3053346026656013,0.44405849403987735,0.7726563853404225,307.966731354475,375.0884030259702,94.42240411520201,9071.0,196.0,9071.0,47.137726013755014
207,10.35,126.61289916819094,200.8122166515641,449.1658867122209,185.17836934121704,0.9775681341719078,307.92182012760765,363.9663638187452,350.38699037062344,350.38699037062344,13.579373448121771,0.03730941866618279,94.49103190866028,96.07270160356619,35.150390625,96.07270160356619,94.49103190866028,44.0,0.6363636363636364,9005.0,22213.0,-13208.0,9005.0,9540.0,710.0,0.07442348008385745,2,1,1.8,0.8758357211079274,78.10404855127639,4.074662599705574,0.6363636363636364,4.0,4.0,4.0,4.0,48.0,56.0,196.0,0.974025974025974,202,154.90248813459166,0.0,123,375.0884030259702,0.05978201148599646,0.5664913590731958,423.27415230407405,341.9944612110107,0.14011672615133608,0.09962921903106559,48.3459,0.339612,0.2889410311481868,0.3417413827332339,0.44615243961845513,0.7433720325435261,307.95564086129934,372.94834261232774,94.49103190866028,9089.0,196.0,9089.0,47.137726013755014
208,10.4,128.4033712506037,200.84303558264304,447.073655607797,184.92958596644027,0.9776153685529338,307.9287701866491,378.42221776611336,349.4944931310782,349.4944931310782,28.92772463503519,0.07644298689913123,95.49247307738047,96.30089846361577,37.562744140625,97.01229574654793,95.49247307738047,40.0,0.6233766233766234,9042.0,22216.0,-13174.0,9042.0,9578.0,706.0,0.07371058676132804,2,1,1.8,0.8825794032723773,71.85646126566344,4.089432767300374,0.6233766233766234,4.0,4.0,4.0,4.0,48.0,56.0,196.0,0.974025974025974,183,153.1157819632186,0.012987012987012991,128,371.64900489956426,1.7907373018989525,2.1069703751795745,423.27415230407405,341.9944612110107,0.10596426522576718,0.0996088968918799,48.4586,0.348106,0.288903893009828,0.3793011816162729,0.47670803818542234,0.7497833997239117,307.94038108306256,371.64900489956426,95.49247307738047,9089.0,196.0,9089.0,47.137726013755014
209,10.45,128.403879663566,200.75709973440743,447.5086614162231,185.1953242591498,0.9786943005181348,307.9249127361214,371.64900489956426,347.386169580082,347.386169580082,24.262835319482235,0.06528427360121443,95.49931437054863,97.29797903333773,35.150390625,97.29797903333773,95.49931437054863,40.0,0.6493506493506493,9136.0,22269.0,-13133.0,9136.0,9650.0,690.0,0.07150259067357513,2,1,1.75,0.8852621167161226,65.87323570568117,4.013865427979805,0.6493506493506493,4.0,4.0,4.0,4.0,48.0,56.0,196.0,0.974025974025974,198,153.11773590308812,0.025974025974025983,126,363.9663638187452,0.08593735215675158,0.5097517960504335,423.27415230407405,341.9944612110107,0.12196621769482163,0.09962017616966123,48.5714,0.356646,0.28892450557305294,0.4631991321532385,0.4769167771650596,0.7660717379659724,307.9287701866491,363.9663638187452,95.49931437054863,9136.0,196.0,9136.0,28.92772463503519
210,10.5,128.53346422641607,200.820271513699,447.75463864508635,185.00701056696317,0.9803564196030782,307.966731354475,360.5680866320095,347.80210449405575,347.80210449405575,12.765982137953756,0.03540519144996471,96.29676987546122,97.29521308998488,34.76275634765625,97.29521308998488,96.29676987546122,40.0,0.6493506493506493,9391.0,22247.5,-12856.5,9391.0,9876.0,673.0,0.06814499797488861,2,1,1.8421052631578947,0.8938775510204081,55.58634421583844,3.956873268507439,0.6493506493506493,4.0,8.0,4.0,8.0,48.0,52.0,196.0,0.974025974025974,211,153.01252850444365,0.0,122,363.8481913854184,0.14416252157863238,0.3097851574627124,423.27415230407405,341.9944612110107,0.14814527494940777,0.09949789752747074,48.6842,0.36523,0.288701044790184,0.4644896291140871,0.50124844141476,0.8102581874524136,307.9249127361214,363.9663638187452,96.25677266186146,9136.0,196.0,9136.0,28.92772463503519
211,10.55,128.53377780530207,200.83076450625987,446.8448769128319,185.06101033103553,0.9794860994102781,307.95564086129934,360.61152987849323,346.37273337300684,346.37273337300684,14.238796505486391,0.03948513934172904,96.31923559250403,97.36952287118004,36.3565673828125,97.43090262829907,96.31923559250403,44.0,0.6493506493506493,9009.0,22234.5,-13225.5,9009.0,9496.0,657.0,0.06918702611625947,2,1,1.7894736842105263,0.897489539748954,47.83584148005003,4.310534509399498,0.6493506493506493,4.0,8.0,4.0,8.0,48.0,52.0,196.0,0.974025974025974,198,153.08753594875287,0.0,122,363.2686258437253,0.010497677104970241,0.9113629266074192,423.27415230407405,341.9944612110107,0.14804263875901613,0.09953032639528447,48.797,0.373855,0.28876030763494076,0.4708187496129338,0.5019339069747153,0.744065153319784,307.92182012760765,363.9663638187452,96.29676987546122,9136.0,196.0,9136.0,28.92772463503519
212,10.6,129.41621069487547,200.89407227673368,444.7166391011754,185.22467357304356,0.9803772029269298,307.94038108306256,359.28927409127425,304.8141702631432,304.8141702631432,54.47510382813107,0.1516190650720404,96.31368150158418,97.36211030852041,35.150390625,97.88815609184877,96.31368150158418,44.0,0.6493506493506493,9227.0,22259.5,-13032.5,9227.0,9703.0,650.0,0.06698959084819128,2,1,1.7894736842105263,0.9140708915145005,43.13098632697831,4.214645332090155,0.6493506493506493,4.0,8.0,4.0,8.0,48.0,52.0,196.0,0.974025974025974,214,119.80767273599184,0.0,121,363.2686258437253,0.8847008977068126,2.134521454506617,423.27415230407405,341.9944612110107,0.15116651433710504,0.09957494635252806,48.9098,0.382517,0.28884184935309054,0.4708187496129338,0.5017644426288785,0.7818402356258396,307.92182012760765,363.9663638187452,96.31368150158418,9112.0,196.0,9112.0,24.262835319482235
213,10.65,128.6954613280135,200.64337988331872,447.46894024829123,184.94141846866347,0.9815,307.9193974915083,363.8481913854184,304.87961342761963,304.87961342761963,58.96857795779874,0.16206917982267582,96.25677266186146,97.30639597683682,34.756591796875,98.00187109008928,96.25677266186146,44.0,0.6233766233766234,9156.0,22238.5,-13082.5,9156.0,9600.0,621.0,0.0646875,2,1,1.7777777777777777,0.9402985074626866,49.902145216807895,4.109480735648973,0.6233766233766234,4.0,8.0,4.0,8.0,48.0,52.0,196.0,0.974025974025974,213,122.10896763043111,0.025974025974025983,123,363.2686258437253,0.7631030899872372,2.7668384590670287,423.27415230407405,341.9944612110107,0.1403959126612695,0.09963630287707514,49.0226,0.391213,0.2889539766777305,0.4708187496129338,0.5000280613857331,0.7695373418472619,307.9193974915083,363.8481913854184,96.31923559250403,9136.0,196.0,9136.0,24.262835319482235
214,10.7,128.54740006038497,200.88720677169496,446.60954985264675,185.01032805900363,0.9795942720763724,303.95367996880503,363.2686258437253,343.2217990017908,343.2217990017908,20.04682684193449,0.055184580819149634,97.38431811118252,98.94990059544813,36.39984130859375,98.94990059544813,97.38431811118252,40.0,0.6447368421052632,9543.0,22223.5,-12680.5,9543.0,10056.0,687.0,0.06831742243436754,2,1,1.8,0.9067554709800191,48.61880954539201,4.072554364889451,0.6447368421052632,4.0,4.0,4.0,4.0,52.0,52.0,192.0,1.0,215,152.29764422874862,0.0213602187286398,123,363.8481913854184,0.2852607411948014,0.8621487016558264,423.27415230407405,341.9944612110107,0.14176515653911614,0.11123215594633407,49.1353,0.399941,0.3101450723463702,0.4644896291140871,0.5344313066202929,0.8365967769502138,303.95367996880503,363.2686258437253,97.38431811118252,9137.0,192.0,9137.0,20.04682684193449
215,10.75,131.39530930538942,200.8045963246023,446.3234397770287,184.90093709853815,0.9760224789260068,299.9464598506935,408.29958866883305,589.1225064383151,589.1225064383151,180.82291776948205,0.44286823398234026,98.13886511992625,99.00367982837685,33.599853515625,99.00367982837685,98.13886511992625,40.0,0.64,9033.0,8763.0,270.0,9033.0,9609.0,745.0,0.07753148090331981,2,1,1.75,0.8981571290009699,41.64642270754108,4.205089685098494,0.64,4.0,4.0,4.0,4.0,48.0,52.0,192.0,0.9866666666666667,222,218.29245889947433,0.00473684210526315,138,363.8481913854184,2.8491071502754393,0.30630925157712163,423.27415230407405,341.9944612110107,0.03537793071872597,0.12294936359911857,49.2481,0.408698,0.3315579401066325,0.4644896291140871,0.5574537628755551,0.7482238779773314,299.9636515498702,360.61152987849323,98.13886511992625,9156.0,192.0,9156.0,19.987264340351828
216,10.8,132.41026279856007,200.82349581573908,444.1461993638643,185.1231123089357,0.9771132953957579,299.9636515498702,369.32721761016785,592.3336560069821,592.3336560069821,223.00643839681425,0.6038180447134063,98.15410961447394,99.18120513737918,37.562744140625,99.29620521233278,98.15410961447394,40.0,0.64,9112.0,8878.0,234.0,9112.0,9665.0,732.0,0.07573719606828763,2,1,1.75,0.9052319842053307,40.94015735833618,4.018584752766224,0.64,4.0,4.0,4.0,4.0,48.0,56.0,188.0,0.9733333333333334,218,225.34076034279445,0.0,125,363.8481913854184,1.015129442024285,2.188546924521248,423.27415230407405,341.9944612110107,0.12745152143179184,0.12289909465875082,49.3609,0.417481,0.3314660750305462,0.4644896291140871,0.5579188971942798,0.761913013308425,299.9464598506935,363.2686258437253,98.15410961447394,9137.0,188.0,9137.0,20.04682684193449
217,10.85,132.39827800882756,200.870170215301,443.3433331076375,185.0252519753241,0.9777360066833751,299.9462647553081,369.95333450101526,349.96607016066343,349.96607016066343,19.987264340351828,0.054026447328310204,98.19817382213166,99.24090289143331,33.599853515625,99.35954303922304,98.19817382213166,44.0,0.6533333333333333,9043.0,22129.5,-13086.5,9043.0,9576.0,713.0,0.07445697577276525,2,1,1.75,0.898,39.281728979731184,4.073589175194551,0.6533333333333333,4.0,8.0,4.0,8.0,48.0,52.0,188.0,0.9733333333333334,209,154.26643990743514,0.013333333333333308,125,363.2686258437253,0.048188533484607256,0.8088083025552139,423.27415230407405,341.9944612110107,0.12597229836220636,0.1229499340627006,49.4737,0.426286,0.3315589826128,0.4708187496129338,0.5592633678256217,0.7499566799179761,299.9462647553081,363.8481913854184,98.19817382213166,9156.0,188.0,9156.0,21.036536308078723
218,10.9,131.49243953660294,200.89590621082996,442.4464464177964,184.9978577506358,0.9798201798201798,299.9448700975786,353.4140757944332,348.9905570271851,348.9905570271851,4.423518767248083,0.012516532504554423,98.21309863279323,99.24106006221822,34.0,99.41944510580811,98.21309863279323,44.0,0.64,9505.0,22113.5,-12608.5,9505.0,10010.0,695.0,0.06943056943056942,2,1,1.7894736842105263,0.9158878504672897,38.7969525432141,4.009700280085787,0.64,4.0,8.0,4.0,8.0,48.0,52.0,188.0,0.9733333333333334,239,155.16910764673375,0.013333333333333308,119,369.32721761016785,0.9062039942684504,0.8973049525999464,423.27415230407405,341.9944612110107,0.16504687595347045,0.12295401207532275,49.5865,0.435111,0.33156643506628464,0.40465615956122314,0.5597187480691218,0.8300121295757638,299.9448700975786,363.8481913854184,98.21309863279323,9137.0,188.0,9137.0,20.04682684193449
219,10.95,132.39073065023487,200.88602093330786,443.3990488600511,184.78934810463832,0.9795223260643822,299.9128329522439,356.166950026655,347.91134634275363,347.91134634275363,8.25560368390137,0.02317902793418517,98.65187098887085,99.30656067888857,35.150390625,99.92923712778178,98.65187098887085,52.0,0.64,9137.0,22029.5,-12892.5,9137.0,9630.0,676.0,0.07019730010384216,2,1,1.7894736842105263,0.9172852598091198,36.302968203662374,4.124036584848269,0.64,4.0,8.0,4.0,8.0,48.0,52.0,188.0,0.9733333333333334,218,153.56824212081295,0.0,120,364.6021550887844,0.8983455034349408,0.9751552109606156,423.27415230407405,341.9944612110107,0.1585431142254351,0.12304768945600675,49.6992,0.443953,0.33173762784737687,0.4562560010132509,0.5731064061696209,0.7662450181600369,299.9128329522439,364.6021550887844,98.65187098887085,9112.0,188.0,9112.0,20.04682684193449
220,11.0,132.4886593459975,200.8918986813422,443.11351173656686,184.99774603582028,0.9792828685258964,297.95697327771904,352.3368061019061,345.20790967954684,345.20790967954684,7.128896422359276,0.020233186822660218,99.2166100436928,100.29689294905558,34.756591796875,100.88517782614063,99.2166100436928,40.0,0.6351351351351351,9282.0,22063.5,-12781.5,9282.0,9789.0,701.0,0.07161099192971702,2,1,1.75,0.9124015748031497,32.733583829914664,4.026544076069341,0.6351351351351351,4.0,4.0,4.0,4.0,48.0,52.0,188.0,0.9864864864864865,238,153.4701379812958,0.004864864864864926,119,357.05286991075127,0.09810493043533969,0.3534984393297544,423.27415230407405,341.9944612110107,0.16759196330799708,0.1287666700137593,49.812,0.452809,0.3421889041271453,0.5386976441660698,0.5903375130915386,0.7913706462993858,297.9667892306246,369.32721761016785,99.2166100436928,9043.0,188.0,9043.0,21.036536308078723
221,11.05,132.4020304447625,200.46388802997112,443.43938036607767,184.88538299502014,0.9784514629766558,297.9667892306246,372.7525387732845,344.2921782750348,344.2921782750348,28.460360498249713,0.07635188908950628,99.30875703709346,100.43437688100182,34.756591796875,100.9855311060233,99.30875703709346,40.0,0.6351351351351351,8957.0,22052.5,-13095.5,8957.0,9467.0,682.0,0.07203971691137637,2,1,1.75,0.902,35.11498935600791,4.467157132796265,0.6351351351351351,4.0,4.0,4.0,4.0,52.0,52.0,184.0,1.0,220,153.6641301981873,0.0,126,357.05286991075127,0.4366894597036821,0.34469670238792205,423.27415230407405,341.9944612110107,0.1193590802929434,0.1287379679322379,49.9248,0.461676,0.3421364518796239,0.5386976441660698,0.593149067706476,0.7350545832284313,297.95697327771904,364.6021550887844,99.30875703709346,9112.0,184.0,9112.0,19.987264340351828
222,11.1,132.42249347443678,200.51956497041496,443.731548383033,184.89547607417495,0.9784555748240334,295.9409499387223,364.6021550887844,343.5656187807057,343.5656187807057,21.036536308078723,0.057697235231525465,99.54168410147236,101.23856137173753,35.19366455078125,101.23856137173753,99.54168410147236,40.0,0.6486486486486487,9275.0,22012.5,-12737.5,9275.0,9803.0,710.0,0.07242680811996327,2,1,1.6363636363636365,0.8779385171790235,31.823668567320073,4.172638257278912,0.6486486486486487,8.0,4.0,8.0,4.0,48.0,52.0,184.0,1.0,221,153.6562111162492,0.013513513513513598,123,364.6021550887844,0.059318271052335635,0.2923423000156271,423.27415230407405,341.9944612110107,0.1386146470222933,0.13466157056816574,50.0376,0.47055,0.35296166925787215,0.4562560010132509,0.600256051218687,0.7901576849409344,295.9409499387223,357.05286991075127,99.54168410147236,9043.0,184.0,9043.0,19.987264340351828
223,11.15,135.49636161215045,200.90096013931247,441.86353762384937,184.9392139139794,0.9755136268343816,291.97283537668795,357.05286991075127,343.4736478394003,343.4736478394003,13.579222071350955,0.03803140435405325,100.26581284872618,101.3056339076121,34.0,101.3056339076121,100.26581284872618,44.0,0.6438356164383562,8956.0,21971.0,-13015.0,8956.0,9540.0,774.0,0.08113207547169811,2,1,1.7142857142857142,0.8842203548085901,30.083194506446645,4.205203081732494,0.6438356164383562,0.0,4.0,0.0,4.0,52.0,52.0,184.0,0.9863013698630136,231,150.5638317068331,0.0048130322102925005,121,364.6021550887844,3.0974388779941555,1.8685227306769696,423.27415230407405,341.9944612110107,0.1564500974908346,0.1462644326378706,50.1504,0.47943,0.3741655736778908,0.4562560010132509,0.6223503968507579,0.7348813030343668,291.9768177874821,357.05286991075127,100.26581284872618,9015.0,184.0,9015.0,21.036536308078723
224,11.2,135.39021567115344,200.9090638762918,441.87701156915136,184.72734086277262,0.9766057441253264,291.92242274975376,374.5776536477472,274.8743299120601,274.8743299120601,99.70332373568709,0.2661753117537761,100.32769925364117,101.36674850009365,34.0,101.36674850009365,100.32769925364117,40.0,0.6438356164383562,9015.0,21959.5,-12944.5,9015.0,9575.0,761.0,0.07947780678851175,2,1,1.75,0.9131707317073171,27.104544511273733,4.243172525863362,0.6438356164383562,4.0,4.0,4.0,4.0,48.0,52.0,184.0,0.9863013698630136,241,102.90677443406116,0.0,127,364.6021550887844,0.10645483240873076,0.21230105282279205,423.27415230407405,341.9944612110107,0.11504718252047674,0.14641184036709431,50.2632,0.488311,0.3744349571612463,0.4562560010132509,0.6242386517022652,0.7451048344841709,291.97283537668795,363.2691840517505,100.32769925364117,9014.0,184.0,9014.0,27.802608512598
225,11.25,136.39360069016382,200.89414314159666,440.3174588476972,184.5765154504468,0.9760878749471905,291.9645482068978,383.45482784461524,283.3092698260208,283.3092698260208,100.14555801859444,0.2611665070994379,100.33181014690838,101.37211675114729,35.19366455078125,101.37211675114729,100.33181014690838,48.0,0.6438356164383562,8902.0,21957.0,-13055.0,8902.0,9468.0,738.0,0.0779467680608365,2,1,1.75,0.9072781655034895,26.89304050760441,4.316315062077133,0.6438356164383562,4.0,4.0,4.0,4.0,48.0,52.0,184.0,0.9863013698630136,227,116.74159453884357,0.0,130,363.2691840517505,1.0034959515106698,1.5668289619477784,423.27415230407405,341.9944612110107,0.09407454776698287,0.14628866452092748,50.3759,0.497192,0.3742098567633198,0.47081265372627246,0.6243640817408416,0.7255241725548851,291.9692123350004,363.2691840517505,100.33181014690838,9014.0,184.0,9014.0,27.802608512598
226,11.3,136.38886485990665,200.90599996260116,440.36725633053493,184.57599464830878,0.9777346542743335,291.9692123350004,350.5277720078583,341.6098994490545,341.6098994490545,8.917872558803765,0.025441272478130036,100.69967206055391,102.23923432572246,35.19366455078125,102.78333203693657,100.69967206055391,40.0,0.6301369863013698,9246.0,22001.5,-12755.5,9246.0,9791.0,724.0,0.07394546011643346,2,1,1.7,0.9087221095334685,26.674403541649987,4.13506148139295,0.6301369863013698,4.0,4.0,4.0,4.0,48.0,56.0,180.0,0.9726027397260274,230,149.66458274189466,0.013698630136986356,119,363.2691840517505,0.01276762673943453,0.04980020614255748,423.27415230407405,341.9944612110107,0.17186586967388406,0.14627502649858615,50.4887,0.506069,0.3741849336606865,0.47081265372627246,0.6355881469306057,0.7851325593130647,291.9645482068978,364.317994916029,100.69967206055391,8957.0,180.0,8957.0,28.460360498249713
227,11.35,135.39398234496772,200.49220796777703,438.32752828093095,184.63856859987,0.9772222222222222,291.92734371754466,353.44545275204393,564.8460697812708,564.8460697812708,211.40061702922685,0.5981138401504144,101.63616569375252,102.30870424874661,34.0,102.89355962451171,101.63616569375252,40.0,0.6301369863013698,8827.0,8817.5,9.5,8827.0,9360.0,701.0,0.07489316239316239,2,1,1.7894736842105263,0.928345626975764,27.08738645168046,4.48735010804334,0.6301369863013698,4.0,8.0,4.0,8.0,48.0,52.0,180.0,0.9726027397260274,218,208.5837573423571,0.0,119,363.2691840517505,1.0775040758678003,2.0406876330676487,423.27415230407405,341.9944612110107,0.1649727467928781,0.14639745133934956,50.6015,0.514939,0.37440866161733977,0.47081265372627246,0.6641620905733526,0.7125281580000494,291.92734371754466,364.317994916029,101.63188734768389,8956.0,180.0,8956.0,29.099517299592037
228,11.4,135.52404185491443,200.6898858294865,439.0169861215962,184.72208276245226,0.9786997164163429,291.9768177874821,363.2691840517505,335.46657553915253,335.46657553915253,27.802608512598,0.07653445360407257,101.63188734768389,102.3670290464646,34.0,102.98063471617353,101.63188734768389,44.0,0.6301369863013698,9014.0,21975.5,-12961.5,9014.0,9521.0,690.0,0.07247137905682176,2,1,1.736842105263158,0.9269602577873255,25.529513903856078,4.062642757784639,0.6301369863013698,4.0,8.0,4.0,8.0,48.0,52.0,180.0,0.9726027397260274,216,147.33541854623232,0.0,123,363.2691840517505,0.23662631539541204,0.6944974653708765,423.27415230407405,341.9944612110107,0.14176383775311852,0.14625278797327557,50.7143,0.523799,0.3741442933805303,0.47081265372627246,0.6640315512774989,0.7449315542901064,291.92242274975376,363.2691840517505,101.63616569375252,8902.0,180.0,8902.0,29.099517299592037
229,11.45,136.38356103436863,200.91180298523577,439.03908686086066,184.55703099961815,0.9769915254237288,289.96701672973904,364.56220103342685,335.4626837338348,335.4626837338348,29.099517299592037,0.0798204455017647,101.78478160083908,103.23730812581601,34.756591796875,103.23730812581601,101.78478160083908,40.0,0.6527777777777778,8897.0,21943.0,-13046.0,8897.0,9440.0,709.0,0.07510593220338983,2,1,1.75,0.9183266932270916,23.9574443929645,4.461197262728384,0.6527777777777778,4.0,4.0,4.0,4.0,52.0,52.0,176.0,1.0,233,146.62048190156708,0.022640791476407962,123,363.2691840517505,0.8877051559304209,0.16652485427312155,423.27415230407405,341.9944612110107,0.13870903987652283,0.15212949442818802,50.8271,0.532646,0.38488380930564214,0.47081265372627246,0.6686966035726596,0.7246577715845627,289.96701672973904,363.2691840517505,101.78478160083908,8902.0,176.0,8902.0,29.099517299592037
230,11.5,136.390702639614,200.47902807048854,439.4860766849342,184.69608738181662,0.9767567567567568,287.9426292817885,352.0429895999023,332.868106607827,332.868106607827,19.17488299207531,0.05446744732473614,102.26721454897678,103.30583661274383,35.150390625,103.30583661274383,102.26721454897678,48.0,0.6527777777777778,9061.0,21885.5,-12824.5,9061.0,9620.0,737.0,0.07661122661122662,2,1,1.6363636363636365,0.8854824165915239,24.381098882108386,4.589374295026273,0.6527777777777778,4.0,4.0,4.0,4.0,52.0,52.0,176.0,1.0,269,146.7173766238273,0.0,119,363.2691840517505,0.4328338357383245,0.4681202625986165,423.27415230407405,341.9944612110107,0.16828611507796565,0.15804885183760964,50.9398,0.541477,0.3957012686517305,0.47081265372627246,0.6834164173362705,0.7530757234111367,287.9426292817885,363.2691840517505,102.26721454897678,8897.0,176.0,8897.0,29.099517299592037
231,11.55,136.40289595005154,200.3176438590778,438.8495715672246,184.64319561014537,0.9761920137767732,287.927176518358,364.317994916029,333.70571105883664,333.70571105883664,30.61228385719238,0.08402627453043639,102.29557797469514,103.37675617198403,35.150390625,103.37675617198403,102.29557797469514,48.0,0.6527777777777778,8738.0,21876.5,-13138.5,8738.0,9291.0,718.0,0.07727908728877408,2,1,1.6363636363636365,0.8805834092980857,22.836014383908136,4.663983095708451,0.6527777777777778,4.0,4.0,4.0,4.0,52.0,52.0,176.0,1.0,225,146.77561256469207,0.0,123,363.2691840517505,0.16184418590759062,0.6386989152809188,423.27415230407405,341.9944612110107,0.13928598537642756,0.1580940360881843,51.0526,0.55029,0.3957838416000876,0.47081265372627246,0.6842818315785685,0.6971062207283112,287.927176518358,363.2691840517505,102.29557797469514,8897.0,176.0,8897.0,29.099517299592037
232,11.6,138.3940458270021,200.8978152636213,437.0451918858585,184.59228224974473,0.9741403026134801,283.95840065545895,369.3516027258469,334.1523156419838,334.1523156419838,35.199287083863055,0.09530021481994193,102.31956560761573,104.17229981863224,32.3936767578125,104.17229981863224,102.31956560761573,40.0,0.6197183098591549,8840.0,21840.5,-13000.5,8840.0,9451.0,786.0,0.0831658025605756,2,1,1.5909090909090908,0.88,21.321972613928104,4.109329562768057,0.6197183098591549,4.0,4.0,4.0,4.0,48.0,52.0,176.0,0.9859154929577465,262,144.73640018415568,0.03305946791862291,125,364.317994916029,2.073951950053364,1.8050978380115612,423.27415230407405,341.9944612110107,0.1273939107424873,0.1696988318174646,51.1654,0.559081,0.4169912797286493,0.4593591599227473,0.6850137332668425,0.7147808005228876,283.9792842047618,363.2691840517505,102.31956560761573,8868.0,176.0,8868.0,30.61228385719238
233,11.65,139.38352399734842,200.94648790439285,438.5112729715096,184.42267838652083,0.9748098055790364,283.9570274826677,358.5044965119299,332.3290766597221,332.3290766597221,26.175419852207824,0.07301280766875064,102.33137551087437,104.30305898074855,34.0,104.82638491090466,102.33137551087437,44.0,0.6197183098591549,8868.0,21792.5,-12924.5,8868.0,9464.0,767.0,0.08104395604395605,2,1,1.6666666666666667,0.8932692307692308,21.19913221054756,4.360902489718815,0.6197183098591549,4.0,4.0,4.0,4.0,48.0,52.0,176.0,0.9859154929577465,240,143.75972292929495,0.0,121,364.317994916029,0.9906745558212334,1.4758588076521035,423.27415230407405,341.9944612110107,0.15302057883660836,0.1697028470076124,51.2782,0.567847,0.41699861737582733,0.4593591599227473,0.6853740726201235,0.719632645956693,283.9675753905247,363.2691840517505,102.33137551087437,8897.0,176.0,8897.0,30.61228385719238
234,11.7,140.37623660589222,200.93017758367614,436.06374092404184,184.5287131985267,0.9765569301740407,283.9675753905247,351.839272461887,331.91655072854854,331.91655072854854,19.92272173333845,0.05662449673095143,102.79885667139908,104.36875679524891,33.98748779296875,104.89943317963447,102.79885667139908,44.0,0.647887323943662,8979.0,21784.5,-12805.5,8979.0,9538.0,749.0,0.0785279932899979,2,1,1.7,0.922920892494929,20.135360665402906,4.251717697191794,0.647887323943662,4.0,4.0,4.0,4.0,48.0,56.0,172.0,0.971830985915493,226,142.79480561439783,0.028169014084507116,119,364.317994916029,0.9928465892189554,2.4498278520620134,423.27415230407405,341.9944612110107,0.1687674039469088,0.1696720046722726,51.391,0.576586,0.4169422538745889,0.4593591599227473,0.6996376830295775,0.7388667474978498,283.96708975333524,359.7343699864776,102.79885667139908,8892.0,176.0,8892.0,30.61228385719238
235,11.75,139.38641250351236,200.96593758075088,438.32340865178173,184.58120690962377,0.975078556723372,283.96708975333524,365.9613270294467,329.6869277498699,329.6869277498699,36.27439927957681,0.09912085403673823,103.32768335199545,104.43563237196092,34.0,104.96596556059296,103.32768335199545,44.0,0.647887323943662,8654.0,21829.5,-13175.5,8654.0,9229.0,728.0,0.07888178567558782,2,1,1.7,0.9176954732510288,20.53594842801425,4.280028469761577,0.647887323943662,4.0,4.0,4.0,4.0,48.0,56.0,172.0,0.971830985915493,233,143.36189087325306,0.0,124,359.7343699864776,0.9904698536769673,2.260277378883823,423.27415230407405,341.9944612110107,0.13540355573957807,0.16967342468705227,51.5038,0.585295,0.41694484891169964,0.5094144382539992,0.7157730450144004,0.6825506844268951,283.95840065545895,358.5044965119299,103.32768335199545,8892.0,172.0,8892.0,30.61228385719238
236,11.8,139.3950902215719,200.5392191744953,437.8774237160546,184.53046035695147,0.9775641702756945,283.93463437959633,364.94792263060685,331.5991116227604,331.5991116227604,33.34881100784645,0.09137964334051427,103.44701195137114,104.44456722384035,34.0,105.02283116408486,103.44701195137114,52.0,0.647887323943662,8936.0,21826.0,-12890.0,8936.0,9467.0,712.0,0.07520861941480934,2,1,1.736842105263158,0.9358288770053476,20.55141485586626,4.356677476864742,0.647887323943662,4.0,8.0,4.0,8.0,48.0,52.0,172.0,0.971830985915493,242,143.4051204888345,0.0,123,358.5044965119299,0.42680663189321505,0.44886275798252273,423.27415230407405,341.9944612110107,0.1377977591023949,0.16976832497761252,51.6165,0.593969,0.41711827652622974,0.5228452184829419,0.7194139546294323,0.7314156991530772,283.958204799357,358.5044965119299,103.44701195137114,8868.0,172.0,8868.0,33.34881100784645
237,11.85,139.4013903125614,200.516822022728,434.9790527930491,184.51105873302643,0.9773955773955774,283.9792842047618,359.7343699864776,551.2296009899758,551.2296009899758,191.4952310034982,0.5323239784141184,103.83726479024602,105.2312805819875,34.76275634765625,105.30362476512659,103.83726479024602,48.0,0.6338028169014085,8832.0,21803.5,-12971.5,8832.0,9361.0,696.0,0.07435103087277001,2,1,1.736842105263158,0.9386637458926615,19.64032535283421,4.383570356449474,0.6338028169014085,4.0,8.0,4.0,8.0,48.0,48.0,176.0,0.9859154929577465,210,133.38112318541909,0.014084507042253502,122,351.839272461887,0.023266360990978,2.8984358592755726,423.27415230407405,341.9944612110107,0.1501149597057143,0.16963776781885798,51.7293,0.602607,0.41687968698694633,0.5956325102209906,0.7313212033592996,0.7133945589703719,283.9570274826677,351.839272461887,103.83726479024602,8892.0,172.0,8892.0,33.34881100784645
238,11.9,139.8296755331658,200.57195885733896,435.53173401535753,184.44444316412293,0.9803756543159191,283.958204799357,339.3186194491659,519.9831280105691,519.9831280105691,180.66450856140318,0.5324332300263557,103.85907375948827,105.30065993849385,35.19366455078125,105.63892639893004,103.85907375948827,48.0,0.647887323943662,9265.0,21830.0,-12565.0,9265.0,9743.0,677.0,0.06948578466591399,2,1,1.6842105263157894,0.9366666666666666,19.171441327518497,4.065208468396316,0.647887323943662,4.0,8.0,4.0,8.0,48.0,52.0,172.0,0.971830985915493,252,132.9837770757216,0.014084507042253502,115,345.14092661175414,0.43181975489674135,0.5566813877907798,423.27415230407405,341.9944612110107,0.1983478849296607,0.1696994045054001,51.8421,0.611206,0.4169923262997602,0.6687815071482325,0.731986630475879,0.7884248830002897,283.93463437959633,351.839272461887,103.85907375948827,8892.0,172.0,8892.0,27.372245480948322
239,11.95,140.41604107398916,200.54097808967774,435.8393804124665,184.37435901187936,0.9761023580416622,279.9873397451563,339.84880293349534,328.42783015200314,328.42783015200314,11.420972781492196,0.03360604093028733,103.90024390256451,106.23087581370353,35.19366455078125,106.23087581370353,103.90024390256451,40.0,0.6571428571428571,8892.0,21743.5,-12851.5,8892.0,9457.0,745.0,0.07877762503965317,2,1,1.6363636363636365,0.8925318761384335,18.956576449202327,4.426695087087293,0.6571428571428571,4.0,4.0,4.0,4.0,52.0,52.0,168.0,1.0,236,142.92410918514108,0.009255533199195143,115,344.6345124734917,0.5871834086807457,0.31552827773405595,423.27415230407405,341.9944612110107,0.19709530789077612,0.18131030908011092,51.9549,0.619762,0.4382109281717025,0.6743117809012568,0.7332427984906111,0.7237913706142404,279.9873397451563,345.14092661175414,103.90024390256451,8892.0,168.0,8892.0,27.372245480948322
240,12.0,143.37219642177723,200.94820219368938,434.0936377372609,184.4205651825099,0.9745840266222962,275.93842934227894,340.1801725572593,333.95353392155107,333.95353392155107,6.226638635708241,0.01830394343356437,104.35148379514688,106.30041449701736,32.78131103515625,106.80203396542336,104.35148379514688,40.0,0.6231884057971014,9005.0,21632.5,-12627.5,9005.0,9616.0,819.0,0.08517054908485856,2,1,1.5909090909090908,0.8944444444444445,18.12758966926269,4.53191491139845,0.6231884057971014,4.0,4.0,4.0,4.0,48.0,52.0,168.0,0.9855072463768116,242,144.40317349240686,0.0339544513457557,115,344.6345124734917,2.984072035180131,1.7463540586714545,423.27415230407405,341.9944612110107,0.1963124355562379,0.1931494201246,52.0677,0.628273,0.45984657095511444,0.6743117809012568,0.7470108614041506,0.7433720325435261,275.98941527832903,344.6345124734917,104.35148379514688,8892.0,168.0,8892.0,33.34881100784645
241,12.05,142.3773527387862,200.96372136955546,433.8806398852228,184.4242057091617,0.9732767762460233,275.92806645140104,345.14092661175414,294.66501020717766,294.66501020717766,50.47591640457648,0.14624726455972106,105.30107771375533,106.29875332215144,32.0,106.81943245240446,105.30107771375533,44.0,0.6231884057971014,8800.0,21643.0,-12843.0,8800.0,9430.0,805.0,0.08536585365853659,2,1,1.5909090909090908,0.889934148635936,18.125444190416214,4.608751982315656,0.6231884057971014,4.0,4.0,4.0,4.0,48.0,52.0,168.0,0.9855072463768116,246,116.03094163572824,0.0,117,340.2057758281432,0.9949647221920743,0.21302896142811376,423.27415230407405,341.9944612110107,0.1845924804692306,0.19317972146585927,52.1805,0.636735,0.45990194580487115,0.7226756084058842,0.7759845160579872,0.7078495927603086,275.93842934227894,340.2057758281432,105.30107771375533,8926.0,168.0,8926.0,33.34881100784645
242,12.1,142.48452151246894,200.98119977961676,433.8643423133165,184.39940735363282,0.9761845900288422,275.9278813602498,344.6345124734917,332.06430616390475,332.06430616390475,12.570206309586979,0.03647402060626137,105.40659402453757,106.4349169627186,32.0,106.95590587147498,105.40659402453757,48.0,0.6231884057971014,9130.0,21676.0,-12546.0,9130.0,9708.0,788.0,0.08117016893283889,2,1,1.619047619047619,0.9084712755598832,16.44756668170591,4.362790881857906,0.6231884057971014,4.0,4.0,4.0,4.0,48.0,52.0,168.0,0.9855072463768116,265,145.27114453606447,0.0,117,340.2057758281432,0.10858471748334243,0.029674387727089097,423.27415230407405,341.9944612110107,0.18578890159607175,0.19318026267682098,52.2932,0.645146,0.459902934852697,0.7226756084058842,0.7792039902869624,0.7650320568015855,275.92806645140104,340.2057758281432,105.40400609107375,8926.0,168.0,8926.0,27.372245480948322
243,12.15,143.3794376059687,200.964067259395,434.8159769878699,184.38646783015756,0.974048927686173,275.9232381046306,353.8367445214969,326.46449904054856,326.46449904054856,27.372245480948322,0.07735840300578324,105.40400609107375,106.43192342660562,34.0,106.96041131011367,105.40400609107375,48.0,0.6231884057971014,8677.0,21626.0,-12949.0,8677.0,9279.0,768.0,0.08276753960556095,2,1,1.619047619047619,0.9067460317460317,16.250939773519846,4.3243050923600235,0.6231884057971014,4.0,4.0,4.0,4.0,48.0,52.0,168.0,0.9855072463768116,215,140.6701674866282,0.0,120,340.2057758281432,0.8950800733196967,0.9517226408361043,423.27415230407405,341.9944612110107,0.16404830629179157,0.19319383966752046,52.406,0.653503,0.4599277464217198,0.7226756084058842,0.7791250282285727,0.6865361288903782,275.9278813602498,340.1801725572593,105.40659402453757,8967.0,168.0,8967.0,15.825808932355358
244,12.2,143.3744943329618,200.97460602116757,434.05320195818166,183.61437008587026,0.9739604489577766,275.86381354519796,340.2057758281432,324.37996689578785,324.37996689578785,15.825808932355358,0.04651834288771702,105.51031630978548,107.08896050935533,33.599853515625,107.08896050935533,105.51031630978548,48.0,0.6376811594202898,8746.0,21624.5,-12878.5,8746.0,9355.0,776.0,0.08295029396044895,2,1,1.619047619047619,0.9000979431929481,8.73575908859846,4.628657908696301,0.6376811594202898,4.0,4.0,4.0,4.0,48.0,52.0,168.0,0.9855072463768116,235,140.67394549283594,0.01449275362318836,115,340.80127015839645,0.011640508911547017,1.0853389667055096,423.27415230407405,341.9944612110107,0.1962519469326247,0.19336759850332808,52.5188,0.661803,0.46024528581195506,0.7161725382586447,0.7823687258795023,0.698492462280827,275.9232381046306,340.2057758281432,105.51031630978548,8967.0,168.0,8967.0,13.349102473709593
245,12.25,143.37918983901568,200.55135327021654,430.14753046016165,184.50805362782685,0.9753574432296047,275.98941527832903,336.85400335320975,520.0048931824745,520.0048931824745,183.1508898292647,0.5437099990087428,105.52000746564768,107.37048922749617,33.599853515625,107.58694737323587,105.52000746564768,48.0,0.6231884057971014,8926.0,21614.0,-12688.0,8926.0,9512.0,759.0,0.07979394449116906,2,1,1.619047619047619,0.8987090367428004,8.451169715507058,4.534910852892293,0.6231884057971014,4.0,8.0,4.0,8.0,48.0,48.0,168.0,0.9855072463768116,213,129.12788090807618,0.01449275362318836,114,340.2057758281432,0.42327879578916056,4.006612050549687,423.27415230407405,341.9944612110107,0.20417062672133435,0.19300033602578293,52.6316,0.670042,0.45957412395342884,0.7226756084058842,0.7826644188042837,0.7296828972124325,275.86711357725085,340.2057758281432,105.52000746564768,8968.0,168.0,8968.0,13.349102473709593
246,12.3,143.5205252869258,200.76954107243617,430.71039835439535,184.41045674953108,0.9767046037116784,275.86711357725085,338.0773682208769,512.091416534748,512.091416534748,174.01404831387106,0.5147166437955174,105.94682025106202,107.50976499280006,35.19366455078125,108.1540307427811,105.94682025106202,48.0,0.6376811594202898,9185.0,21665.0,-12480.0,9185.0,9753.0,747.0,0.07659181790218395,2,1,1.5714285714285714,0.8960244648318043,7.209417725592534,4.2795965573027575,0.6376811594202898,4.0,8.0,4.0,8.0,48.0,48.0,168.0,0.9855072463768116,226,129.08439788906077,0.01449275362318836,114,340.2057758281432,0.2599646627397349,0.571266502616918,423.27415230407405,341.9944612110107,0.20128038440200569,0.19335794913052473,52.7444,0.678218,0.46022765185428105,0.7226756084058842,0.7956871709556022,0.7745624674751317,275.86381354519796,340.2057758281432,105.94682025106202,8967.0,168.0,8967.0,13.443430136385132
247,12.35,144.381135128019,200.56029259508853,430.71366162947044,184.4081363660226,0.975070584544599,273.9862800413969,340.80127015839645,331.4821024012662,331.4821024012662,9.31916775713023,0.02734487389908758,106.92944259142219,108.22164452757906,33.599853515625,108.69921138010102,106.92944259142219,40.0,0.6323529411764706,8967.0,21575.0,-12608.0,8967.0,9563.0,770.0,0.08051866569068283,2,1,1.6666666666666667,0.9032567049808429,7.230479962451727,4.546686701369032,0.6323529411764706,8.0,4.0,8.0,4.0,44.0,48.0,168.0,1.0,250,142.7246815434094,0.005328218243819238,115,338.0773682208769,0.8856829138347331,0.004004140836943285,423.27415230407405,341.9944612110107,0.19484507073427504,0.1988575514609071,52.8571,0.686328,0.47027802058752805,0.7459187918734492,0.8256685764667712,0.736787385169076,273.9862800413969,340.2057758281432,106.92944259142219,8967.0,168.0,8967.0,13.443430136385132
248,12.4,144.38324397299328,200.55542103863854,431.2603260514296,184.3995652387697,0.9756485355648535,273.97513140217586,333.4193877744057,329.31979446402073,329.31979446402073,4.099593310384989,0.012295605656737657,107.43415284201069,108.29578043345487,33.599853515625,108.76586650859998,107.43415284201069,40.0,0.6323529411764706,8978.0,21583.5,-12605.5,8978.0,9560.0,759.0,0.07939330543933054,2,1,1.6666666666666667,0.9021526418786693,7.120662299842996,4.790965243124569,0.6323529411764706,8.0,4.0,8.0,4.0,44.0,48.0,168.0,1.0,253,142.80042422628338,0.0,113,336.85400335320975,0.005308416842238627,0.5467316109924031,423.27415230407405,341.9944612110107,0.21228502624256151,0.19889015034915103,52.9699,0.694369,0.4703375941398439,0.759278495141698,0.841068106954742,0.7386934673037853,273.97513140217586,340.2057758281432,107.43415284201069,8926.0,168.0,8926.0,15.825808932355358
249,12.45,145.38493878562824,200.98875673316013,431.7707746802963,183.63978574881338,0.9714611162887026,267.96397285053223,341.1776094227332,327.8285069490236,327.8285069490236,13.349102473709593,0.03912654906134096,107.49501318678082,108.29588802625938,32.0,108.77441033913294,107.49501318678082,40.0,0.6417910447761194,8968.0,21509.0,-12541.0,8968.0,9657.0,878.0,0.09091850471160816,2,1,1.565217391304348,0.8731277533039647,7.512230237109787,4.773986762279749,0.6417910447761194,4.0,4.0,4.0,4.0,44.0,48.0,168.0,0.9850746268656716,259,141.76790719691246,0.009438103599648806,115,338.0773682208769,1.0914084120100405,0.9153265406783366,423.27415230407405,341.9944612110107,0.19395595604988392,0.21646692200316542,53.0827,0.702338,0.5024586504727747,0.7459187918734492,0.842925055042686,0.7369606653631405,267.96397285053223,339.23868750026065,107.49501318678082,8967.0,168.0,8967.0,13.443430136385132
250,12.5,145.44494386198062,200.8054911113377,431.31335008665314,183.63668093048,0.9716642606723036,267.9255505400138,326.2477883775853,329.61691800760946,329.61691800760946,3.3691296300241333,0.01032690412026593,107.49916169699705,108.37140209320897,31.968994140625,108.83869323585563,107.49916169699705,48.0,0.6268656716417911,9011.0,21525.0,-12514.0,9011.0,9698.0,879.0,0.09063724479274077,2,1,1.565217391304348,0.8616740088105727,6.2869274239732515,4.8995654180106,0.6268656716417911,4.0,4.0,4.0,4.0,48.0,48.0,164.0,1.0,248,142.57356720792168,0.01492537313432829,110,340.80127015839645,0.19283904513874234,0.45743513066499464,423.27415230407405,341.9944612110107,0.2292281808334623,0.21657926975985842,53.1955,0.710232,0.5026639628414307,0.7161725382586447,0.8430516328355482,0.7444117137079129,267.9494707066095,338.0773682208769,107.49916169699705,8967.0,164.0,8967.0,13.443430136385132
251,12.55,146.36855778699953,201.0658009598363,428.9011408286068,184.19684597846322,0.9708097727515204,267.9010915590203,334.97176180199364,321.5283316656085,321.5283316656085,13.443430136385132,0.040133025136404564,107.52891481906786,108.37225780599383,33.968994140625,108.90820141126665,107.52891481906786,48.0,0.6268656716417911,8689.0,21459.5,-12770.5,8689.0,9373.0,862.0,0.09196628614104342,2,1,1.5909090909090908,0.869683257918552,6.533470669088603,4.778429620804599,0.6268656716417911,4.0,4.0,4.0,4.0,48.0,52.0,160.0,0.9850746268656716,245,137.10210231912504,0.0,113,339.23868750026065,0.9595956959648251,2.476396249711775,423.27415230407405,341.9944612110107,0.20861748826714377,0.2166507884064086,53.3083,0.718048,0.5027946611585001,0.7332366547757502,0.8439594489734364,0.6886154912191519,267.9255505400138,338.6389482801351,107.5227669887467,8967.0,160.0,8967.0,13.443430136385132
252,12.6,146.56659811370758,201.00773177969185,429.8931643997842,184.2968642938927,0.971222104144527,267.9494707066095,377.2147207598374,283.7919725892953,283.7919725892953,93.42274817054209,0.24766464039992192,107.5227669887467,109.29305858259329,31.9627685546875,109.29305858259329,107.5227669887467,44.0,0.6268656716417911,8733.0,21495.0,-12762.0,8733.0,9410.0,849.0,0.0902231668437832,2,1,1.5909090909090908,0.8673376029277219,5.860860760885473,4.688788731987991,0.6268656716417911,4.0,4.0,4.0,4.0,48.0,52.0,160.0,0.9850746268656716,212,110.32465693529751,0.0,128,339.23868750026065,0.20637829509248765,0.9970528718141972,423.27415230407405,341.9944612110107,0.10881701916716191,0.21650932661951916,53.4211,0.725783,0.502536143717694,0.7332366547757502,0.8437718686729465,0.6962398197579888,267.90866518157566,338.6389482801351,107.52659368994807,8786.0,160.0,8786.0,13.349102473709593
253,12.65,146.51840897862738,200.7987066424313,429.8287586561998,184.30960165733623,0.9717036235803136,267.90866518157566,346.2109175801475,558.0592883432098,558.0592883432098,211.8483707630623,0.611905517722501,107.52659368994807,109.36876602174686,33.181396484375,109.36876602174686,107.52659368994807,44.0,0.6268656716417911,8591.0,21477.5,-12886.5,8591.0,9245.0,834.0,0.09021092482422931,2,1,1.619047619047619,0.896817743490839,6.020288435979779,4.5262014758564755,0.6268656716417911,4.0,4.0,4.0,4.0,48.0,52.0,160.0,0.9850746268656716,225,162.26625824461627,0.0,117,338.6389482801351,0.21450804354747585,0.06565318144731633,423.27415230407405,341.9944612110107,0.18206458935523528,0.21662864295256545,53.5338,0.733434,0.5027541909638356,0.7397860810597396,0.8438886275494509,0.6716340322008333,267.90866518157566,334.97176180199364,107.52891481906786,8786.0,160.0,8786.0,13.349102473709593
254,12.7,146.54343492289468,200.5611160918708,429.26282612047913,184.32992856963557,0.9746767352849901,267.902016207722,339.23868750026065,327.25455316132434,327.25455316132434,11.984134338936315,0.03532655555073478,108.07803917288228,109.60233200646348,30.756591796875,109.60233200646348,108.07803917288228,44.0,0.6268656716417911,9055.0,21501.0,-12446.0,9055.0,9667.0,812.0,0.08399710354815351,2,1,1.619047619047619,0.8876953125,6.696117359014432,4.467731421305938,0.6268656716417911,4.0,8.0,4.0,8.0,48.0,48.0,160.0,0.9850746268656716,264,140.24520171265155,0.0,115,338.6389482801351,0.23890493423561557,0.5662974645456609,423.27415230407405,341.9944612110107,0.19853672695667823,0.21664808471144692,53.6466,0.740998,0.502789720231925,0.7397860810597396,0.8607141259755228,0.7520360422467498,267.9029379180247,334.97176180199364,108.07803917288228,8785.0,160.0,8785.0,13.443430136385132
255,12.75,146.77324646634807,200.62171692397223,429.1956149764902,183.96531431928966,0.974629570408272,267.9029379180247,320.9035337220783,535.5315515979337,535.5315515979337,214.6280178758554,0.6688241023289452,108.50246658572631,109.60518876799136,31.9627685546875,110.05353234888153,108.50246658572631,44.0,0.6268656716417911,8786.0,21468.0,-12682.0,8786.0,9381.0,783.0,0.08346658138791174,2,1,1.65,0.9033570701932858,6.904476274671225,4.497238256282073,0.6268656716417911,4.0,8.0,4.0,8.0,48.0,48.0,160.0,0.9850746268656716,244,145.33221791473017,0.0,109,338.6389482801351,0.23766742804982446,0.3707571839244759,423.27415230407405,341.9944612110107,0.2418541695134131,0.21664538960843427,53.7594,0.748473,0.5027847950068954,0.7397860810597396,0.8736640965307098,0.705423670043406,267.902016207722,334.100117096461,108.49996108366639,8733.0,160.0,8733.0,13.443430136385132
256,12.8,146.7990287527045,200.63742854049534,429.67516386525267,184.34019840626982,0.975869076906621,267.9016263072678,338.6389482801351,558.0318088319174,558.0318088319174,219.3928605517823,0.6478665896702825,108.49996108366639,109.4467669804296,31.5751953125,110.05757509840996,108.49996108366639,48.0,0.6268656716417911,8785.0,21471.5,-12686.5,8785.0,9349.0,760.0,0.08129211680393625,2,0,1.619047619047619,0.8961165048543689,7.147058086062708,4.6076782491869785,0.6268656716417911,8.0,4.0,8.0,4.0,44.0,52.0,160.0,0.9850746268656716,245,162.0937734066219,0.0,115,334.100117096461,0.030192402745283998,0.608691395851995,423.27415230407405,341.9944612110107,0.1999536318559283,0.21664922478971838,53.8722,0.755854,0.5027918036929326,0.7893521912212892,0.8735876495885001,0.7052503898493415,267.9016263072678,334.100117096461,108.50246658572631,8694.0,160.0,8694.0,17.560493403810597
257,12.85,148.4407793408519,200.92453768373585,427.3874688091533,184.2701926805331,0.9724935732647815,263.9140584986452,334.100117096461,321.85776601980746,321.85776601980746,12.242351076653563,0.036642762005135616,109.36969003066298,110.13404355720758,31.9627685546875,110.66576176556197,109.36969003066298,48.0,0.6363636363636364,8694.0,21387.5,-12693.5,8694.0,9336.0,836.0,0.0895458440445587,2,0,1.619047619047619,0.895771878072763,8.006535148412052,4.671211956220245,0.6363636363636364,4.0,8.0,4.0,8.0,44.0,48.0,160.0,0.9696969696969697,251,137.94566138201805,0.009497964721845276,113,331.7848957517838,1.6666663294776927,2.28876592759886,423.27415230407405,341.9944612110107,0.21067677939273666,0.22830896861861705,53.985,0.76314,0.5240996579296382,0.8146354660501518,0.9001244940847783,0.6894818921894742,267.9016263072678,331.7848957517838,109.36969003066298,8733.0,160.0,8733.0,93.42274817054209
258,12.9,147.79669333089564,200.69121323362427,426.5091854851216,184.30556699917463,0.9778124026176379,267.9112810944135,311.1573099999537,299.35739047228407,299.35739047228407,11.799919527669658,0.037922681384767766,109.41786881585558,110.28993793975124,35.19366455078125,110.75652691290772,109.41786881585558,48.0,0.6119402985074627,9093.0,21514.5,-12421.5,9093.0,9627.0,731.0,0.07593227381323361,2,0,1.6,0.9084210526315789,7.2675727450651815,4.632440748351936,0.6119402985074627,8.0,8.0,8.0,8.0,44.0,48.0,160.0,0.9850746268656716,260,138.6460511217497,0.024423337856173677,105,331.58846669652456,0.685045317655146,0.8789954150571815,423.27415230407405,341.9944612110107,0.26487996418826254,0.21662099396074097,54.0977,0.770327,0.5027402126461944,0.8167805610752605,0.9015945071676943,0.7586206896211999,263.91805509681035,331.7848957517838,109.41786881585558,8785.0,160.0,8785.0,177.57892617052352
259,12.95,149.34819672983713,201.22671186228112,428.5600384105956,184.1567087875286,0.971554032344436,261.96178133718746,331.7848957517838,314.2244023479732,314.2244023479732,17.560493403810597,0.05292734427834841,109.55029201616419,110.28754881660379,31.9627685546875,110.72532578699982,109.55029201616419,48.0,0.6153846153846154,8673.0,21333.5,-12660.5,8673.0,9337.0,850.0,0.0910356645603513,2,0,1.5454545454545454,0.8766603415559773,8.460295403149455,4.937919808407273,0.6153846153846154,4.0,4.0,4.0,4.0,44.0,48.0,160.0,0.9846153846153847,234,133.35009176020765,0.003444316877152742,112,331.58846669652456,1.6413170255073735,2.056248158442908,423.27415230407405,341.9944612110107,0.2161465708554906,0.23401747382231153,54.2105,0.777412,0.5345317907941975,0.8167805610752605,0.9056349543511808,0.6858430081141202,263.9164144288284,331.58846669652456,109.50464047909618,8786.0,160.0,8786.0,17.560493403810597
260,13.0,150.40825864155548,201.3452234582883,429.11128699847524,182.09428613486838,0.9707306620955646,259.96812392445537,331.58846669652456,322.5996674514496,322.5996674514496,8.988799245074972,0.027108298833872516,109.56968336224767,110.36736908369004,30.0,110.8066085770949,109.56968336224767,48.0,0.6153846153846154,8651.0,21277.0,-12626.0,8651.0,9334.0,878.0,0.09406470966359545,2,0,1.5217391304347827,0.8753339269813001,8.470029515513588,4.956487880861894,0.6153846153846154,0.0,4.0,0.0,4.0,48.0,48.0,160.0,0.9846153846153847,235,136.68844213596432,0.0,112,331.58846669652456,1.0666659528944065,2.1348213517400674,423.27415230407405,341.9944612110107,0.21661064137382957,0.23984697587235204,54.3233,0.784393,0.5451850419957355,0.8167805610752605,0.9062266158537303,0.6820308438447018,263.91602812298413,331.58846669652456,109.55029201616419,8785.0,160.0,8785.0,71.59074165039198
261,13.05,148.80177948211056,200.6956081193774,427.73285946433265,183.6990341618971,0.9746408899449184,263.91602812298413,330.0839779521596,533.7636377935196,533.7636377935196,203.67965984135998,0.6170540633477221,109.50464047909618,110.36720876402978,35.19366455078125,110.8110581901212,109.50464047909618,52.0,0.6212121212121212,8672.0,21411.0,-12739.0,8672.0,9259.0,766.0,0.08273031644886057,2,0,1.55,0.8838526912181303,7.629395790080027,4.8247894637585675,0.6212121212121212,8.0,4.0,8.0,4.0,44.0,48.0,160.0,1.0,229,143.14059701630669,0.005827505827505797,112,330.0839779521596,1.7328518050540775,2.1154854518844934,423.27415230407405,341.9944612110107,0.2201650486915817,0.22830320938985071,54.4361,0.791266,0.5240891331008881,0.8332102655128776,0.9042420517182704,0.6856697279200558,263.9140584986452,331.58846669652456,109.56968336224767,8785.0,160.0,8785.0,36.01204315305091
262,13.1,150.39507607761857,201.06885545072515,425.7602855050309,183.75217024480108,0.9726599186058645,259.9598345039904,325.987463487977,503.5663896585005,503.5663896585005,177.57892617052352,0.5447415807665651,109.59249138462162,111.20301745972833,31.9627685546875,111.20301745972833,109.59249138462162,44.0,0.6153846153846154,8928.0,10555.5,-1627.5,8928.0,9583.0,847.0,0.08838568298027757,2,0,1.5454545454545454,0.8812260536398467,8.659075677458924,4.759754908303217,0.6153846153846154,4.0,4.0,4.0,4.0,44.0,52.0,156.0,0.9692307692307692,254,143.81091329220973,0.005827505827505797,110,331.58846669652456,1.6364313647738573,1.973289504411818,423.27415230407405,341.9944612110107,0.2298432074968937,0.23987121433643588,54.5489,0.798029,0.5452293371078065,0.8167805610752605,0.9069225257059841,0.7300294576005615,261.99543153805996,330.0839779521596,109.59249138462162,8792.0,156.0,8792.0,17.560493403810597
263,13.15,149.33197368738468,200.267343558138,425.0339352492195,183.98463674291995,0.9764005527798447,263.91805509681035,335.81044026411575,530.314423001345,530.314423001345,194.5039827372292,0.5792076702089766,110.14185291779651,111.20138010219915,35.19366455078125,111.20138010219915,110.14185291779651,44.0,0.6212121212121212,8852.0,8969.5,-117.5,8852.0,9407.0,739.0,0.078558520250877,2,0,1.6,0.9176346356916578,7.9954081875149585,4.73237142790046,0.6212121212121212,4.0,8.0,4.0,8.0,48.0,48.0,156.0,0.9848484848484849,255,157.5838557366587,0.005827505827505797,114,330.0839779521596,1.331393257486173,0.7626436696550433,423.27415230407405,341.9944612110107,0.20663608104547249,0.2282972824698093,54.6617,0.804677,0.5240783018210444,0.8332102655128776,0.9236844394360513,0.7168601628516613,261.96178133718746,329.1341072485824,110.11585704523927,8852.0,156.0,8852.0,17.560493403810597
264,13.2,149.82959278288683,200.74190576838026,425.07959078792345,183.8133662351486,0.9766448064311403,263.9164144288284,329.1341072485824,313.1458841204382,313.1458841204382,15.98822312814417,0.048576622039565406,110.11585704523927,111.28479561336496,35.19366455078125,111.28479561336496,110.11585704523927,44.0,0.6212121212121212,8902.0,21430.5,-12528.5,8902.0,9454.0,727.0,0.07689866723080177,2,0,1.6,0.9176470588235294,7.677607403743003,4.533041924956545,0.6212121212121212,8.0,8.0,8.0,8.0,44.0,48.0,156.0,0.9848484848484849,243,133.77848905012058,0.0,111,329.1341072485824,0.6876293010033828,0.17725127657255596,423.27415230407405,341.9944612110107,0.22240915147557327,0.22830207982230488,54.7744,0.81121,0.5240870688479362,0.8435832875591892,0.9228912630907325,0.7255241725548851,259.96812392445537,329.1341072485824,110.14185291779651,8792.0,156.0,8792.0,17.560493403810597
265,13.25,149.75633522407009,200.35601374279287,428.6854304850505,183.92224813073238,0.9758813413585554,261.99543153805996,350.05168903968774,278.46094738929577,278.46094738929577,71.59074165039198,0.20451477279481214,110.28951245303122,111.28663001158083,35.19366455078125,111.28687650464872,110.28951245303122,48.0,0.6307692307692307,8743.0,21343.5,-12600.5,8743.0,9304.0,747.0,0.08028804815133277,2,0,1.55,0.8802336903602727,7.449976535649729,4.743528456701834,0.6307692307692307,4.0,4.0,4.0,4.0,48.0,48.0,156.0,1.0,257,115.29686030815469,0.009557109557109533,118,325.987463487977,0.39278406960533996,3.6074832208290775,423.27415230407405,341.9944612110107,0.17299063234975032,0.2339190798285803,54.8872,0.817623,0.534351978535287,0.8779460750182876,0.9281897719749389,0.6979726216986335,259.9598345039904,329.1341072485824,110.21296745733409,8852.0,156.0,8852.0,24.923993457850543
266,13.3,149.7278308534745,200.33552588511395,425.450157733579,184.05736579814644,0.9749035956227201,259.924547759517,321.29929049243333,285.2872473393824,285.2872473393824,36.01204315305091,0.11208254801265738,110.21296745733409,111.2865903072671,35.19366455078125,111.36334142003523,110.21296745733409,48.0,0.6307692307692307,8993.0,21336.0,-12343.0,8993.0,9595.0,788.0,0.08212610734757686,2,0,1.55,0.892623716153128,7.301878801412637,4.709587820842962,0.6307692307692307,4.0,4.0,4.0,4.0,48.0,52.0,152.0,0.9846153846153847,243,133.95630997974044,0.0,109,328.0307364120076,0.03510343936599249,3.2380930438240423,423.27415230407405,341.9944612110107,0.24091918029141424,0.23997439362287365,55.0,0.823913,0.5454178943546831,0.855632601186764,0.9258542596813701,0.7412926702147524,259.94496150447003,329.1341072485824,110.28951245303122,8852.0,156.0,8852.0,28.16977624569455
267,13.35,150.77642169155516,200.73683199625367,425.81565164343624,183.68544181797972,0.9748854066730626,259.9277265786951,322.2687477012713,313.07083125525634,313.07083125525634,9.197916446014972,0.02854113689777027,110.36704641293305,111.36396193963272,33.98748779296875,111.36396193963272,110.36704641293305,48.0,0.6153846153846154,8792.0,21330.5,-12538.5,8792.0,9381.0,768.0,0.0818676047329709,2,0,1.55,0.8903717826501429,7.938961106256351,4.706984412420793,0.6153846153846154,4.0,4.0,4.0,4.0,48.0,52.0,152.0,0.9846153846153847,244,132.86471700771557,0.01538461538461533,109,328.0307364120076,1.1227596984861796,0.5214530133826051,423.27415230407405,341.9944612110107,0.23862880370318929,0.23996509867942095,55.1128,0.830079,0.5454009081066886,0.855632601186764,0.9305554591746126,0.7064633512077928,259.9420914387354,329.1341072485824,110.36704641293305,8852.0,156.0,8852.0,24.923993457850543
268,13.4,150.73755792689295,200.3222745735297,425.791546837889,183.82489981835494,0.9759331711959396,259.94496150447003,308.4412070843545,312.95789470247774,312.95789470247774,4.516687618123228,0.014643593379817034,110.60109728612494,111.36384379799009,33.98748779296875,112.18673205906353,110.60109728612494,52.0,0.5846153846153846,8888.0,21347.0,-12459.0,8888.0,9457.0,747.0,0.07898910859680659,2,0,1.55,0.8821811100292113,8.085575295898709,4.61699821508689,0.5846153846153846,4.0,4.0,4.0,4.0,48.0,52.0,152.0,0.9846153846153847,261,132.9569460317583,0.03076923076923077,104,328.0307364120076,0.4163751300681287,0.14152588285937223,423.27415230407405,341.9944612110107,0.2712968523937299,0.2399147033434441,55.2256,0.836115,0.5453088120461782,0.855632601186764,0.9376967319212074,0.7230982498379824,259.94016546494913,329.1341072485824,110.60109728612494,8792.0,156.0,8792.0,24.923993457850543
269,13.45,150.7611669534932,200.3363683626559,426.0589196181048,183.4923787657947,0.9758415412923476,259.9420914387354,328.0307364120076,312.81474338483645,312.81474338483645,15.21599302717118,0.046385875889568606,110.61415172723764,111.44636202345083,31.9627685546875,112.20655325992192,110.61415172723764,52.0,0.6153846153846154,8681.0,21330.0,-12649.0,8681.0,9239.0,743.0,0.08041995887000758,2,0,1.6,0.926673751328374,8.048383664512253,4.582331844746555,0.6153846153846154,4.0,8.0,4.0,8.0,44.0,48.0,156.0,0.9692307692307692,262,131.76600650509553,0.03076923076923077,111,328.0307364120076,0.02749583657472636,0.42668308379418246,423.27415230407405,341.9944612110107,0.22501590369648872,0.23992309548442925,55.3383,0.842021,0.5453241484480296,0.855632601186764,0.9380950441482407,0.687229249666636,259.9277265786951,328.0307364120076,110.61104997091788,8792.0,152.0,8792.0,24.34896185488799
270,13.5,151.78867138792523,200.75932514666835,426.43032747130036,183.94914004732968,0.9773481246698363,259.94016546494913,334.80383509425195,309.8798416364014,309.8798416364014,24.923993457850543,0.0744435721616931,110.61464175868574,111.44650228134155,33.98748779296875,112.54178327805357,110.61464175868574,52.0,0.5846153846153846,8929.0,21345.0,-12416.0,8929.0,9465.0,733.0,0.07744321183306921,2,0,1.6,0.9268817204301075,7.924457264210408,4.6360799892550695,0.5846153846153846,4.0,8.0,4.0,8.0,48.0,48.0,152.0,0.9846153846153847,268,130.44362478666622,0.03076923076923077,113,328.0307364120076,1.1111515665829206,0.5887059212584674,423.27415230407405,341.9944612110107,0.20901422099185096,0.23992872707793367,55.4511,0.847792,0.5453344400269247,0.855632601186764,0.9381099958045944,0.730202737794626,259.924547759517,328.0307364120076,110.61415172723764,8743.0,152.0,8743.0,24.923993457850543
271,13.55,151.8043257898242,200.77888123102855,423.3066542296836,183.6539708807234,0.9747133966590239,257.9604420144053,338.6869001670605,310.51712392136596,310.51712392136596,28.16977624569455,0.08317350399971048,110.61104997091788,111.44542384999565,33.98748779296875,112.56876662675414,110.61104997091788,52.0,0.59375,8580.0,21282.5,-12702.5,8580.0,9159.0,759.0,0.0828693088765149,2,0,1.55,0.8891050583657587,8.157256447320446,4.730300392683552,0.59375,4.0,4.0,4.0,4.0,48.0,48.0,152.0,1.0,238,131.10466521757638,0.009134615384615352,115,328.0307364120076,0.025049964756810716,3.137588143352723,423.27415230407405,341.9944612110107,0.19984034384468452,0.24571748588862774,55.5639,0.853426,0.5559132341033435,0.855632601186764,0.9380004045189548,0.6697279500661241,257.9604420144053,327.7059574501141,110.61464175868574,8789.0,152.0,8789.0,24.34896185488799
272,13.6,151.75514675580553,200.3303927020657,422.8051632378261,183.6614177491285,0.9732495122479948,255.95164644422755,336.1577797040774,311.80881784918944,311.80881784918944,24.34896185488799,0.07243313504843645,111.14890742954618,111.44349354452194,33.98748779296875,112.68839500897394,111.14890742954618,60.0,0.5625,8609.0,21236.0,-12627.0,8609.0,9226.0,788.0,0.08541079557771515,2,0,1.5454545454545454,0.8992537313432836,8.461626473718626,4.646690549187376,0.5625,4.0,4.0,4.0,4.0,44.0,48.0,156.0,0.984375,223,131.18056636601804,0.03125,114,334.80383509425195,0.451176836726216,0.5015462797821062,423.27415230407405,341.9944612110107,0.2058154794612015,0.2515912522738042,55.6767,0.85892,0.5666473771336216,0.7816672691808674,0.954411310227074,0.6747530756939938,255.98548989321057,328.0307364120076,111.14890742954618,8742.0,152.0,8742.0,24.34896185488799
273,13.65,151.76026830885002,200.34004492704906,422.4049573425618,183.6507860915147,0.973700770315721,255.87400576163301,327.7059574501141,272.86439187308144,272.86439187308144,54.84156557703267,0.167349919433128,111.36416666743422,111.44632147764258,29.968994140625,112.62877439293888,111.36416666743422,56.0,0.5625,8611.0,21237.0,-12626.0,8611.0,9217.0,786.0,0.08527720516437018,2,0,1.5454545454545454,0.8992395437262357,8.188380444464732,5.01034591503174,0.5625,4.0,4.0,4.0,4.0,44.0,48.0,156.0,0.984375,240,106.88379500586463,0.0,111,334.80383509425195,0.010926836354457927,0.40034708784744993,423.27415230407405,341.9944612110107,0.22578320536167562,0.25181827549026103,55.7895,0.864271,0.5670622556828929,0.7816672691808674,0.9609792196222348,0.6750996360821228,255.95881734131234,328.0307364120076,111.36409063033219,8742.0,152.0,8742.0,24.923993457850543
274,13.7,152.81438536204732,200.78689385954567,423.03781006022155,183.6143045095412,0.9754999476494608,255.87665228602503,314.41498141490086,309.1048001430561,309.1048001430561,5.310181271844783,0.016889084762909207,111.36419687636845,111.52806813552792,33.98748779296875,112.63346152573875,111.36419687636845,60.0,0.5625,8966.0,21239.5,-12273.5,8966.0,9551.0,768.0,0.08041042822741075,2,0,1.55,0.896817743490839,7.761880861238877,4.791781844872834,0.5625,4.0,4.0,4.0,4.0,44.0,52.0,152.0,0.96875,245,129.29380562978392,0.0,106,336.1577797040774,1.1449177832118433,0.633903358622314,423.27415230407405,341.9944612110107,0.2571836014474381,0.2518105369895185,55.9023,0.869476,0.5670481137902191,0.7668815754708577,0.960980141345943,0.7366141049750116,255.95164644422755,334.80383509425195,111.36416666743422,8681.0,152.0,8681.0,28.16977624569455
275,13.75,152.7583832638641,200.39578436524883,423.07530685166086,183.80968748070438,0.9755961331901182,255.95881734131234,342.3356481536659,312.13543073441554,312.13543073441554,30.20021741925035,0.08821814959128718,111.36409063033219,111.4431316609859,30.36279296875,112.69484307726515,111.36409063033219,64.0,0.5625,8742.0,21222.0,-12480.0,8742.0,9310.0,751.0,0.08066595059076262,2,0,1.5238095238095237,0.9096509240246407,8.693828511945041,4.67071727839181,0.5625,4.0,8.0,4.0,8.0,44.0,48.0,152.0,0.96875,257,130.31297191804683,0.0,116,327.7059574501141,0.3950985592609207,0.19894852296208856,423.27415230407405,341.9944612110107,0.19122004901509582,0.25157028439888773,56.015,0.874547,0.5666090589313584,0.8591793358309762,0.9609768996066028,0.697799341504569,255.94133856858005,334.80383509425195,111.36419687636845,8678.0,152.0,8678.0,28.16977624569455
276,13.8,152.7717075092125,200.3543532202286,423.0151339216041,183.74447553124716,0.976,255.98548989321057,324.78519600605404,314.4877489749267,314.4877489749267,10.29744703112732,0.03170540762866351,111.42610256801927,112.36075010736204,33.98748779296875,112.81246256205958,111.42610256801927,52.0,0.59375,8789.0,21232.0,-12443.0,8789.0,9350.0,746.0,0.0797860962566845,2,0,1.6,0.9327641408751334,8.147597131740559,4.567759880943053,0.59375,4.0,8.0,4.0,8.0,44.0,48.0,152.0,0.96875,257,132.4629943881525,0.03125,110,327.7059574501141,0.04352097530836577,0.08873206784261224,423.27415230407405,341.9944612110107,0.2326836065039638,0.25149229321796684,56.1278,0.87949,0.5664665322395891,0.8591793358309762,0.9628689846671241,0.7059435106255993,255.90168482476264,332.49414953584574,111.42610256801927,8632.0,152.0,8632.0,28.16977624569455
277,13.85,152.75610925064277,200.33147967594786,423.79762626962753,183.6577425372344,0.9755901229196127,255.90168482476264,340.770687254058,499.09525445055544,499.09525445055544,158.32456719649747,0.4646073536203549,111.44401941965643,112.60044772538193,34.76275634765625,112.79916720945417,111.44401941965643,56.0,0.59375,8632.0,9944.5,-1312.5,8632.0,9193.0,743.0,0.08082236484281519,2,0,1.6,0.9311827956989247,7.658116114040706,4.742490709045928,0.59375,4.0,8.0,4.0,8.0,44.0,48.0,152.0,0.96875,256,210.40489540136335,0.0,115,332.49414953584574,0.02768582125151875,0.7872845019214006,423.27415230407405,341.9944612110107,0.19491732391621863,0.2517373412463799,56.2406,0.88431,0.5669143506262568,0.8068900906945401,0.9634156569463439,0.6787385201574767,255.87665228602503,327.7059574501141,111.44329253406684,8678.0,152.0,8678.0,25.381088343830754
278,13.9,153.80851018452267,200.87829269041382,424.07388198971245,183.872593260561,0.977418331747542,255.94133856858005,313.91376673977703,476.0320476584187,476.0320476584187,162.1182809186417,0.5164420872724317,111.44329253406684,112.59850531263761,36.0,112.80360530513539,111.44329253406684,60.0,0.59375,8925.0,21192.0,-12267.0,8925.0,9459.0,723.0,0.07643514113542658,2,0,1.631578947368421,0.9441340782122905,8.290567346752864,4.53229548425418,0.59375,4.0,8.0,4.0,8.0,44.0,48.0,152.0,0.96875,265,142.77415120297692,0.0,106,332.49414953584574,1.1859815337603903,0.3499686503011241,423.27415230407405,341.9944612110107,0.258367738660626,0.25162139274921125,56.3534,0.889009,0.5667024580055536,0.8068900906945401,0.9633934784849691,0.729509617018368,255.87400576163301,327.7059574501141,111.44401941965643,8678.0,152.0,8678.0,30.20021741925035
279,13.95,153.78971766636047,200.39298517397646,421.75503548008146,183.52947558344258,0.9722283447211815,251.9673861407112,336.07920065616224,512.1988225494088,512.1988225494088,176.11962189324652,0.5240420161360475,111.59581014864982,112.61799186197462,31.181396484375,112.83660189554234,111.59581014864982,56.0,0.6031746031746031,8444.0,21127.5,-12683.5,8444.0,9074.0,798.0,0.08794357504959224,2,0,1.4782608695652173,0.8884826325411335,9.265419314019622,5.00984172756352,0.6031746031746031,4.0,4.0,4.0,4.0,44.0,48.0,152.0,0.9841269841269842,247,154.42486023384905,0.009424603174603141,114,327.6417119600308,0.48567123061745626,2.344094468143071,423.27415230407405,341.9944612110107,0.20600112521227665,0.2632413248785124,56.4662,0.89359,0.5879375574798571,0.8598809259342401,0.9680470389248146,0.6461618436733554,251.98160572373476,327.6417119600308,111.53819757149627,8742.0,152.0,8742.0,25.381088343830754
280,14.0,153.7424387964899,200.40078756381888,421.4190356505833,183.51510934019782,0.9739308413228482,251.91372070070395,332.49414953584574,307.113061192015,307.113061192015,25.381088343830754,0.07633544343340229,111.53819757149627,112.6229695525224,31.181396484375,112.73187737808394,111.53819757149627,60.0,0.6031746031746031,8678.0,21175.0,-12497.0,8678.0,9283.0,794.0,0.08553269417214263,2,0,1.5454545454545454,0.9066918001885014,8.602931438362942,5.186679580983983,0.6031746031746031,4.0,4.0,4.0,4.0,44.0,48.0,152.0,0.9841269841269842,272,127.69262227465974,0.0,113,332.49414953584574,0.04791835580956981,0.33630681582116645,423.27415230407405,341.9944612110107,0.21447093396577943,0.2633982439111109,56.5789,0.898056,0.5882243226028854,0.8068900906945401,0.9662891855082609,0.6867094090844426,251.9673861407112,327.6417119600308,111.59581014864982,8742.0,152.0,8742.0,25.381088343830754
281,14.05,153.73932337105816,200.4021314314781,421.1708605886131,183.55640658915334,0.9738601823708206,251.98160572373476,327.6417119600308,307.1338886395278,307.1338886395278,20.507823320503007,0.06259222367573505,111.62023424526214,112.61654803710519,31.968994140625,112.97928698220898,111.62023424526214,60.0,0.6031746031746031,8610.0,21158.0,-12548.0,8610.0,9212.0,793.0,0.08608336951801997,2,0,1.5454545454545454,0.9032258064516129,7.824481370913827,4.988740477178099,0.6031746031746031,4.0,4.0,4.0,4.0,44.0,48.0,152.0,0.9841269841269842,269,127.69549687669608,0.0,111,327.6417119600308,0.0033929125992510872,0.25158760731641777,423.27415230407405,341.9944612110107,0.22593498758067865,0.26319974647699906,56.6917,0.902408,0.587861574119344,0.8598809259342401,0.9687922578300855,0.6749263558880583,251.96229876687806,324.78519600605404,111.61074269976928,8746.0,152.0,8746.0,20.507823320503007
282,14.1,153.71954693291175,200.50351474223834,421.48954184789875,183.44961004345683,0.9755828740991945,251.96229876687806,320.06109735262686,306.68617932057276,306.68617932057276,13.374918032054097,0.041788640177404315,111.61074269976928,112.35808058953072,34.0,113.42572988711316,111.61074269976928,60.0,0.5555555555555556,8860.0,21163.5,-12303.5,8860.0,9436.0,776.0,0.08223823654090716,2,0,1.5238095238095237,0.9009708737864077,8.846764252842219,5.063992674366011,0.5555555555555556,4.0,4.0,4.0,4.0,40.0,48.0,156.0,0.9682539682539683,231,128.2942173321725,0.04761904761904756,108,327.6417119600308,0.10329415862703122,0.33610005532965515,423.27415230407405,341.9944612110107,0.24384445492268192,0.2632562004815123,56.8045,0.906648,0.5879647422263709,0.8598809259342401,0.9685026553422722,0.7182464044041772,251.9538186497519,321.9652087939524,111.62023424526214,8678.0,152.0,8678.0,20.507823320503007
283,14.15,154.82738556956775,200.92847722552952,421.36730214023464,183.43375360586907,0.9740940632228219,251.88365320932752,336.79900079998464,266.8019091594337,266.8019091594337,69.99709164055093,0.207830461118619,112.17803100117757,112.36062288176946,34.76275634765625,113.52947048622485,112.17803100117757,64.0,0.5555555555555556,8491.0,21144.5,-12653.5,8491.0,9079.0,766.0,0.08437052538825862,2,0,1.5238095238095237,0.9158110882956879,8.751940196604435,5.100640623619307,0.5555555555555556,4.0,4.0,4.0,4.0,40.0,48.0,156.0,0.9682539682539683,241,107.68013209539984,0.0,114,321.9652087939524,1.1865494330506543,0.12326383387993764,423.27415230407405,341.9944612110107,0.20430057217849418,0.26348616197642094,56.9173,0.910776,0.5883849903969545,0.9218709339068373,0.9858115439230369,0.6543060127943857,251.9367683223897,321.9652087939524,111.71301480872614,8678.0,152.0,8678.0,20.507823320503007
284,14.2,154.7582777886102,200.41458709141176,422.0896542574731,183.3780219544087,0.9759077317385733,251.9367683223897,321.9652087939524,306.26706806167135,306.26706806167135,15.698140732281047,0.048757257938162386,112.11180527335134,112.44546055542476,34.76275634765625,113.50382661379416,112.11180527335134,64.0,0.5873015873015873,8800.0,21147.5,-12347.5,8800.0,9364.0,749.0,0.07998718496369073,2,0,1.5238095238095237,0.9137214137214137,9.311757278875751,4.97093897847653,0.5873015873015873,4.0,4.0,4.0,4.0,40.0,48.0,156.0,0.9682539682539683,239,127.27676471988396,0.031746031746031744,109,321.5138747689219,0.5185161090385186,0.7244988600773671,423.27415230407405,341.9944612110107,0.23934592499601248,0.26333085211299767,57.0301,0.914795,0.5881011659853801,0.9267997076591604,0.9837908892730491,0.7078495927603086,251.91372070070395,323.4693596478129,111.71938811959572,8639.0,152.0,8639.0,17.04042803051209
285,14.25,154.73849637633168,200.42328591212313,422.0204395653232,183.37829346444838,0.9754050863826591,251.9538186497519,321.5138747689219,306.36872749251484,306.36872749251484,15.145147276407045,0.04710573466632552,112.1132090141911,112.44532979415122,35.181396484375,113.6070613674919,112.1132090141911,64.0,0.5555555555555556,8746.0,21161.0,-12415.0,8746.0,9319.0,749.0,0.0803734306256036,2,0,1.5238095238095237,0.912041884816754,8.377416738140473,4.879342786568966,0.5555555555555556,4.0,8.0,4.0,8.0,40.0,44.0,156.0,0.9682539682539683,225,127.29507621131862,0.031746031746031744,109,321.5138747689219,0.02160957550488575,0.06921522467713961,423.27415230407405,341.9944612110107,0.2404122174274631,0.2632809965472034,57.1429,0.918706,0.5880100563397118,0.9267997076591604,0.9838337196887855,0.698492462280827,251.90444290515987,323.4693596478129,111.71938811959572,8678.0,152.0,8678.0,17.04042803051209
286,14.3,154.74428659643348,200.4253731791972,421.5037096681227,183.64123466359666,0.9768128161888702,251.90444290515987,308.3200443530846,307.0032559264315,307.0032559264315,1.3167884266530905,0.004270849238543568,112.11161062795216,112.44547354373171,32.0,113.58945411541075,112.11161062795216,64.0,0.5555555555555556,8938.0,21171.0,-12233.0,8938.0,9488.0,744.0,0.07841483979763912,2,0,1.4761904761904763,0.9091880341880342,9.015769362255933,4.966911785904605,0.5555555555555556,4.0,8.0,4.0,8.0,40.0,44.0,156.0,0.9682539682539683,251,127.31826517524155,0.0,104,321.9652087939524,0.00615494375813581,0.5797825979368211,423.27415230407405,341.9944612110107,0.2715831035872185,0.2634253724076111,57.2556,0.922508,0.5882738991679944,0.9218709339068373,0.9837849503253946,0.7317622595412062,251.88365320932752,323.4693596478129,111.72559036471412,8746.0,152.0,8746.0,17.04042803051209
287,14.35,154.77707918489682,200.5310154986329,421.6221164100881,183.37796013979113,0.9745521658886114,249.94082905522026,304.2458104202714,302.69898019023157,302.69898019023157,1.546830230039859,0.005084146361467189,111.71301480872614,112.7091451562444,32.36279296875,113.58822007412236,111.71301480872614,68.0,0.5967741935483871,8625.0,21121.0,-12496.0,8625.0,9211.0,773.0,0.08392139832808598,2,0,1.5238095238095237,0.9204081632653062,9.826580612241338,5.100281655483493,0.5967741935483871,4.0,4.0,4.0,4.0,40.0,48.0,152.0,0.967741935483871,240,127.17717070427258,0.04121863799283154,103,321.9652087939524,0.11061488830117208,0.2886756509092611,423.27415230407405,341.9944612110107,0.2812086238573207,0.2691670263600945,57.3684,0.926205,0.5987666104395657,0.9218709339068373,0.9716231436979454,0.6775255587990254,249.9678656803688,323.4693596478129,112.11161062795216,8776.0,152.0,8776.0,17.04042803051209
288,14.4,155.8253749843562,200.99127207796494,422.65814187633254,183.82237494635854,0.9742782152230971,249.9678656803688,327.87474117314036,306.6180441845947,306.6180441845947,21.256696988545684,0.06483176139915178,111.72559036471412,112.72133786889158,31.5751953125,113.40546999485554,111.72559036471412,68.0,0.5967741935483871,8556.0,21098.5,-12542.5,8556.0,9144.0,766.0,0.08377077865266842,2,0,1.5238095238095237,0.9149377593360996,9.74544659311817,5.284710043281175,0.5967741935483871,4.0,4.0,4.0,4.0,44.0,48.0,148.0,0.9838709677419355,236,124.95731910136263,0.0,111,323.4693596478129,1.144884361838597,1.1273212882773722,423.27415230407405,341.9944612110107,0.2253844479083621,0.26908797062026524,57.4812,0.929795,0.598622138296303,0.9054449193878994,0.972006844361077,0.6655692254085767,249.94082905522026,325.54826026216443,112.11180527335134,8776.0,152.0,8776.0,21.222494290842747
289,14.45,155.77231705720862,200.5283950610047,419.4194091444751,183.45281146971078,0.9739017528673448,247.90066825431146,323.4693596478129,306.4289316173008,306.4289316173008,17.04042803051209,0.052680192179764336,111.71938811959572,112.71533437868342,31.1875,113.45441669275385,111.71938811959572,68.0,0.5967741935483871,8639.0,21079.0,-12440.0,8639.0,9242.0,801.0,0.08666955204501191,2,0,1.4761904761904763,0.8690909090909091,8.90999228288005,5.308876189822533,0.5967741935483871,4.0,4.0,4.0,4.0,40.0,48.0,152.0,0.967741935483871,256,124.93711214770207,0.0,109,325.91037371264855,0.465908012877236,3.259749510572372,423.27415230407405,341.9944612110107,0.2357923159564037,0.2751325054315523,57.594,0.933282,0.6096683558271184,0.8787879305845404,0.9718176037766361,0.6799514815159281,247.96483632046682,323.4693596478129,112.11180527335134,8776.0,152.0,8776.0,21.222494290842747
290,14.5,155.7647827422095,200.40014009751465,419.5844927823802,183.39130284264056,0.9744156396090098,247.92153594975605,325.91037371264855,303.69683045671155,303.69683045671155,22.213543255936997,0.06815844185285867,111.71668771636567,112.71271419637259,34.3751220703125,113.474354337169,111.71668771636567,68.0,0.5967741935483871,8810.0,21087.0,-12277.0,8810.0,9412.0,799.0,0.08489162770930726,2,0,1.4761904761904763,0.86996336996337,7.86903027508336,5.203907756718405,0.5967741935483871,4.0,4.0,4.0,4.0,40.0,48.0,152.0,0.967741935483871,247,124.9139408548935,0.0,110,325.91037371264855,0.1284760738905759,0.17617014136355544,423.27415230407405,341.9944612110107,0.23002533478935605,0.27507148779000723,57.7068,0.936664,0.6095568478016429,0.8787879305845404,0.971735210082784,0.7095823947009534,247.95679955455165,325.54826026216443,112.1132090141911,8776.0,152.0,8776.0,21.256696988545684
291,14.55,155.28773001996504,200.34973064593038,418.42653781190955,183.088539523232,0.9741234146861345,247.9204431935073,329.2898802024271,303.5581145386193,303.5581145386193,25.731765663807835,0.07814320211720303,112.35768362983978,112.62103588485988,33.1689453125,113.50263642143432,112.35768362983978,64.0,0.5967741935483871,8776.0,21074.5,-12298.5,8776.0,9383.0,798.0,0.08504742619631248,2,0,1.434782608695652,0.8819641170915958,8.680294764696805,5.1879677240400985,0.5967741935483871,4.0,4.0,4.0,4.0,40.0,48.0,152.0,0.967741935483871,250,125.44359584219377,0.0,111,325.91037371264855,0.479708674728599,1.1968815067570353,423.27415230407405,341.9944612110107,0.2220411324198459,0.2750746830354649,57.8195,0.939943,0.6095626870229381,0.8787879305845404,0.99129303776847,0.7036908681027612,247.92153594975605,325.91037371264855,112.3549272926605,8793.0,152.0,8793.0,22.213543255936997
292,14.6,155.73675294683824,200.4381240772618,419.7250748193216,183.41327165414566,0.9745288041742093,247.95679955455165,332.60506619450047,304.1723224668749,304.1723224668749,28.432743727625564,0.08548499892962752,112.35790175759297,112.62048907701183,33.5751953125,113.59580551561609,112.35790175759297,68.0,0.5967741935483871,8793.0,21079.5,-12286.5,8793.0,9391.0,783.0,0.0833777020551592,2,0,1.4545454545454546,0.9039039039039038,9.354054422198779,5.011548718060712,0.5967741935483871,4.0,4.0,4.0,4.0,40.0,48.0,152.0,0.967741935483871,269,125.41543806805389,0.0,113,325.91037371264855,0.45764067515935936,1.3385250526106638,423.27415230407405,341.9944612110107,0.21420888947747085,0.27496837616454195,57.9323,0.94312,0.6093684142032924,0.8787879305845404,0.9912996932009316,0.7066366314018573,247.9204431935073,325.91037371264855,112.35518043825863,8793.0,152.0,8793.0,22.213543255936997
293,14.65,155.7560815352429,200.5476622231592,418.899779546538,183.44127959849635,0.9750584236243892,247.89334033705194,325.54826026216443,304.3257659713217,304.3257659713217,21.222494290842747,0.06519000984294078,112.35518043825863,112.53570386484307,33.181396484375,113.53770041398471,112.35518043825863,68.0,0.5967741935483871,8827.0,21067.0,-12240.0,8827.0,9414.0,782.0,0.08306777140429147,2,0,1.5238095238095237,0.9219712525667351,9.489088457129178,5.03860546320545,0.5967741935483871,4.0,4.0,4.0,4.0,40.0,48.0,152.0,0.967741935483871,272,125.34856767471344,0.0,110,329.22704891910695,0.11123039034525661,0.8257703871087256,423.27415230407405,341.9944612110107,0.2308808404905971,0.2751539324372225,58.0451,0.946196,0.6097075130779336,0.8425683220552089,0.9912166613227246,0.7125281580000494,247.90732146907285,325.91037371264855,112.35768362983978,8793.0,152.0,8793.0,22.213543255936997
294,14.7,155.7342867477824,200.5648838276861,419.15222948343114,183.43148575261637,0.9753859348198971,247.96483632046682,317.32073518578915,274.2675853282526,274.2675853282526,43.05314985753654,0.1356770771135684,112.35819074830238,112.53254504361476,32.36279296875,113.60322627069816,112.35819074830238,68.0,0.5967741935483871,8754.0,21070.0,-12316.0,8754.0,9328.0,768.0,0.0823327615780446,2,0,1.5238095238095237,0.9186652763295099,9.57749013040069,5.019760434757495,0.5967741935483871,4.0,4.0,4.0,4.0,40.0,48.0,152.0,0.967741935483871,276,106.14296199245678,0.0,108,329.22704891910695,0.027777624501207625,0.2526398425713283,423.27415230407405,341.9944612110107,0.25031865645830764,0.27494487646841614,58.1579,0.949172,0.6093254691689072,0.8425683220552089,0.9913085107774223,0.6998787038333427,247.90066825431146,325.54826026216443,112.35790175759297,8802.0,152.0,8802.0,22.213543255936997
295,14.75,155.74451802991575,200.5142054413486,422.4017864732735,183.7191183782454,0.9758657318886764,247.88820494631852,329.22704891910695,304.483358237525,304.483358237525,24.74369068158194,0.07515691910132698,112.3549272926605,112.53588601929442,31.5751953125,113.53303501800377,112.3549272926605,68.0,0.5967741935483871,8846.0,21069.5,-12223.5,8846.0,9414.0,770.0,0.08179307414489059,2,0,1.4761904761904763,0.9210526315789473,8.871641364054945,5.015863891542471,0.5967741935483871,4.0,4.0,4.0,4.0,40.0,48.0,152.0,0.967741935483871,291,125.36762012172369,0.0,111,325.54826026216443,0.0517008508234132,3.262261969486741,423.27415230407405,341.9944612110107,0.22218957352587176,0.2751689484427895,58.2707,0.952048,0.6097349544061937,0.8827423749010056,0.9912089374388691,0.7158204816872745,247.89334033705194,325.54826026216443,112.35819074830238,8803.0,152.0,8803.0,22.213543255936997
296,14.8,155.72825668516356,200.35803385318448,421.71918069235335,183.74803947873679,0.9761136630701848,247.8924395730493,329.45450900090594,304.2029558027281,304.2029558027281,25.251553198177817,0.07664655516403443,112.43640631562991,112.53573623470614,32.36279296875,113.44658177613992,112.43640631562991,68.0,0.5483870967741935,8802.0,21074.0,-12272.0,8802.0,9361.0,756.0,0.08076060249973294,2,0,1.4761904761904763,0.9170212765957447,9.007522603382819,4.894177768182631,0.5483870967741935,4.0,4.0,4.0,4.0,40.0,48.0,152.0,0.967741935483871,268,125.36378561252437,0.048387096774193616,111,325.10253829789684,0.15701591092259154,0.6832181805245148,423.27415230407405,341.9944612110107,0.2216521911212037,0.27515656629275176,58.3835,0.954825,0.6097123263749084,0.8876098623858399,0.9936949949280609,0.7081961531484375,247.8924395730493,325.10253829789684,112.4354572046768,8803.0,152.0,8803.0,21.222494290842747
297,14.85,155.8402166268672,200.54111642909712,419.2821407527445,183.353429384256,0.9764378875347445,247.889089877449,325.10253829789684,306.4607476834369,306.4607476834369,18.64179061445992,0.057341264427096354,112.44535160591776,112.71765117322698,33.1689453125,113.52687123425922,112.44535160591776,76.0,0.4838709677419355,8803.0,21071.0,-12268.0,8803.0,9354.0,755.0,0.0807141329912337,2,0,1.4761904761904763,0.9118279569892473,9.513992592943225,5.01034493890586,0.4838709677419355,4.0,8.0,4.0,8.0,40.0,44.0,152.0,0.967741935483871,271,125.22609851049094,0.06451612903225801,110,317.32073518578915,0.21460255858001703,2.468781236544619,423.27415230407405,341.9944612110107,0.23193387423206535,0.27516636088295776,58.4962,0.957504,0.6097302257133055,0.9725907076081984,0.993967930281268,0.708369433342502,247.889089877449,322.05785845394206,112.4354572046768,8803.0,152.0,8803.0,18.64179061445992
298,14.9,156.73160802417434,200.5206207510506,420.0576017220547,183.33659143890608,0.9761045695149617,247.90732146907285,316.8520419759588,304.173435422558,304.173435422558,12.678606553400812,0.040014280717063526,112.4354572046768,112.72288742387892,33.1689453125,113.4846980381584,112.4354572046768,76.0,0.4838709677419355,8704.0,21074.0,-12370.0,8704.0,9257.0,748.0,0.08080371610673004,2,0,1.5789473684210527,0.9559164733178654,9.399657163303772,5.197772014460257,0.4838709677419355,4.0,8.0,4.0,8.0,40.0,44.0,152.0,0.967741935483871,272,123.27686627497319,0.0,107,316.8520419759588,0.8916269937657494,0.7756437528447604,423.27415230407405,341.9944612110107,0.2514259605714434,0.275113051272155,58.609,0.960085,0.6096328038974347,0.9777090515893501,0.9936660360094697,0.6912146941301189,247.88820494631852,322.05785845394206,112.4354572046768,8803.0,152.0,8803.0,18.64179061445992
299,14.95,156.73077772350752,200.51541852675302,420.15265282111034,183.31941036722827,0.9747927736450585,245.9825456442589,295.1862469365099,304.4057266176329,304.4057266176329,9.219479681123005,0.03123275483463149,112.43903486237065,112.82190579755414,33.1689453125,113.44506928443425,112.43903486237065,76.0,0.4918032786885246,8817.0,21037.0,-12220.0,8817.0,9410.0,791.0,0.08405951115834219,2,0,1.4545454545454546,0.8940594059405941,8.928132782966603,5.207320398393169,0.4918032786885246,4.0,4.0,4.0,4.0,40.0,48.0,148.0,0.9672131147540983,270,123.27850830675749,0.007932310946589083,100,316.8520419759588,0.005268067657070368,0.09659141087945043,423.27415230407405,341.9944612110107,0.3026121596849779,0.280741141908472,58.7218,0.962571,0.6199179813995666,0.9777090515893501,0.9937751961635735,0.7107953560594047,245.9825456442589,320.83749773286553,112.4354572046768,8802.0,152.0,8802.0,18.631762013222897
300,15.0,156.7139920461892,200.59340058686237,420.2148503399479,183.3141310963933,0.9753728974928594,245.94266311081822,302.04155440667375,303.9730307972639,303.9730307972639,1.9314763905901486,0.006394737288332111,112.43927743454341,112.72649972662407,33.1689453125,113.35888668587958,112.43927743454341,76.0,0.4918032786885246,8871.0,21041.5,-12170.5,8871.0,9453.0,788.0,0.08335977996403258,2,0,1.5238095238095237,0.9083585095669687,9.642662527091273,5.217950426383497,0.4918032786885246,4.0,4.0,4.0,4.0,40.0,44.0,152.0,0.9836065573770492,274,123.2494608040206,0.0,102,316.8520419759588,0.07976816822475645,0.06242116668322136,423.27415230407405,341.9944612110107,0.2864162558414589,0.28085775939198165,58.8346,0.964961,0.6201310965740112,0.9777090515893501,0.9937825974350271,0.7201524865388864,245.98233873771125,322.05785845394206,112.4354572046768,8802.0,152.0,8802.0,18.631762013222897
301,15.05,156.74602479505467,200.52562284251553,420.2416456996683,183.29686856559007,0.9756014477325953,245.94225662014495,299.80909469861115,303.71019895761134,303.71019895761134,3.901104259000192,0.013011961037812585,112.44223826672433,112.73193306370231,31.57513427734375,113.30378981653826,112.44223826672433,76.0,0.4918032786885246,8821.0,21041.0,-12220.0,8821.0,9394.0,775.0,0.08249946774536938,2,0,1.5238095238095237,0.9071428571428571,10.546793197139937,5.414830842260075,0.4918032786885246,4.0,4.0,4.0,4.0,40.0,44.0,152.0,0.9836065573770492,267,123.25368534388241,0.0,102,316.8520419759588,0.07496612320658193,0.03187453956185682,423.27415230407405,341.9944612110107,0.29169052004093887,0.2808589479804513,58.9474,0.967256,0.620133268686043,0.9777090515893501,0.9938729372396707,0.7114884768356626,245.94266311081822,322.05785845394206,112.43640631562991,8801.0,152.0,8801.0,18.631762013222897
302,15.1,156.26124224409938,200.40504990511513,419.32347818692165,182.9369542449181,0.9752166934189406,245.94030239741204,322.05785845394206,303.42609644071916,303.42609644071916,18.631762013222897,0.057852219792635336,112.41296555131103,112.72695960759725,33.1689453125,113.4488545452563,112.41296555131103,76.0,0.4918032786885246,8766.0,21030.5,-12264.5,8766.0,9345.0,771.0,0.08250401284109149,2,0,1.4761904761904763,0.9073881373569199,10.56596914860613,5.176031815028262,0.4918032786885246,4.0,4.0,4.0,4.0,36.0,44.0,156.0,0.9672131147540983,247,123.5406423403986,0.0,109,320.83749773286553,0.4995517540196171,0.9861895860777298,423.27415230407405,341.9944612110107,0.23912703693142046,0.2808646621745525,59.0602,0.969458,0.620143711215208,0.9341860539062957,0.9929797790901242,0.7019580661621164,245.94225662014495,322.05785845394206,112.43903486237065,8766.0,152.0,8766.0,18.631762013222897
303,15.15,156.25992126330044,200.40606600433753,418.3872909588577,183.03937241385697,0.9748218527315915,245.98233873771125,323.40177135344817,501.30088268789325,501.30088268789325,177.89911133444508,0.5500870035124756,112.41282197101013,112.72774884020963,32.0,113.44153959451215,112.41282197101013,80.0,0.5901639344262295,8679.0,21023.0,-12344.0,8679.0,9262.0,771.0,0.08324335996545022,2,0,1.4761904761904763,0.9068062827225131,11.06545091130656,5.204826906097357,0.5901639344262295,4.0,4.0,4.0,4.0,36.0,48.0,152.0,0.9508196721311475,240,152.6875966246048,0.09836065573770492,109,322.05785845394206,0.0016665677006700073,0.9417728002649259,423.27415230407405,341.9944612110107,0.23595199566752423,0.28074174690817555,59.1729,0.971567,0.6199190870195258,0.9208591572913077,0.9929753982216584,0.686882689278507,245.94030239741204,322.05785845394206,112.43903486237065,8740.0,152.0,8740.0,18.631762013222897
304,15.2,156.30384458865805,200.45543094548114,419.42268134117694,182.83975182682596,0.9732298739088263,243.99173396921907,320.83749773286553,302.94307579279194,302.94307579279194,17.894421940073585,0.05577409768658889,111.82561876945206,112.7268456155433,29.9813232421875,113.44990042645834,111.82561876945206,80.0,0.4918032786885246,8658.0,20986.0,-12328.0,8658.0,9279.0,816.0,0.08794051083090851,2,0,1.375,0.8640510948905109,10.415926756374118,5.2683728567872725,0.4918032786885246,4.0,4.0,4.0,4.0,36.0,48.0,152.0,0.9508196721311475,250,123.49061130048649,0.09836065573770492,109,323.40177135344817,0.06607689402947454,1.0544579757229664,423.27415230407405,341.9944612110107,0.24201018184927936,0.2865623229533062,59.2857,0.973584,0.6305560261978901,0.9061830144411288,0.9750588736523959,0.6832438052031531,243.99173396921907,322.05785845394206,112.43927743454341,8755.0,152.0,8755.0,25.824032631705336
305,15.25,156.30472542530495,200.39401376845453,418.537985141096,183.00890692432404,0.974304068522484,243.90258553883154,326.1577395945034,279.4283569814123,279.4283569814123,46.729382613091104,0.14327234016027812,112.32255351399681,112.62756039670623,29.5751953125,113.5186633492672,112.32255351399681,76.0,0.47540983606557374,8740.0,20987.5,-12247.5,8740.0,9340.0,810.0,0.0867237687366167,2,0,1.4545454545454546,0.9077526987242395,9.378873854199627,4.896788159380382,0.47540983606557374,4.0,4.0,4.0,4.0,36.0,48.0,152.0,0.9508196721311475,279,124.07169518074886,0.016393442622950838,110,323.9168314145961,0.061423493120440355,0.9007223842268277,423.27415230407405,341.9944612110107,0.22944092423532536,0.2868229951000768,59.3985,0.975511,0.6310323972218563,0.9005583232601697,0.9902211608067102,0.69745278111644,243.92282152943739,322.05785845394206,112.44017876802327,8752.0,152.0,8752.0,25.824032631705336
306,15.3,156.30471139009762,200.4474017013914,418.2438260970667,182.97322265005818,0.9746700723712218,243.90172098359974,323.9168314145961,298.0927987828908,298.0927987828908,25.824032631705336,0.07972426909379082,112.44048527865759,112.62867971645217,30.78759765625,113.50456172314529,112.44048527865759,76.0,0.47540983606557374,8801.0,20993.0,-12192.0,8801.0,9396.0,809.0,0.08610046828437633,2,0,1.4545454545454546,0.9086444007858546,9.566219490030496,5.021127579415235,0.47540983606557374,4.0,4.0,4.0,4.0,36.0,48.0,152.0,0.9508196721311475,269,123.87825441934035,0.0,110,323.9168314145961,0.05338793478175066,0.2963155591833017,423.27415230407405,341.9944612110107,0.23473514824524666,0.2868255230802925,59.5113,0.977348,0.6310370170346703,0.9005583232601697,0.9938194507231053,0.708022872954373,243.91637236140573,322.05785845394206,112.44046160350705,8740.0,152.0,8740.0,25.824032631705336
307,15.35,156.3046779152432,200.44739680520806,418.99720504920515,182.89270191440528,0.9737194726604712,243.91637236140573,325.1060286898035,271.5575281491144,271.5575281491144,53.54850054068913,0.16471088142072526,112.44046160350705,112.62878410387174,31.57513427734375,113.50321202759237,112.44046160350705,76.0,0.47540983606557374,8646.0,21000.5,-12354.5,8646.0,9254.0,808.0,0.08731359412146099,2,0,1.4545454545454546,0.9072063178677197,9.673691837432822,5.157793009675447,0.47540983606557374,4.0,4.0,4.0,4.0,36.0,48.0,152.0,0.9508196721311475,255,111.78355597701994,0.0,110,323.9168314145961,3.3831028520890634e-05,0.7576697396592599,423.27415230407405,341.9944612110107,0.2319256280590174,0.28678268210048796,59.6241,0.979097,0.6309587263478056,0.9005583232601697,0.9938187283557626,0.6811644428743794,243.91637236140573,323.40177135344817,112.44017876802327,8728.0,152.0,8728.0,41.444228720326635
308,15.4,156.303274798312,200.44842045079966,418.8525348574905,182.93345505810538,0.9735812344611393,243.92282152943739,327.9452032212586,277.1884426020705,277.1884426020705,50.75676061918813,0.15477207814179697,112.44017876802327,112.62987958967321,31.968994140625,113.48865665120142,112.44017876802327,76.0,0.47540983606557374,8640.0,21005.5,-12365.5,8640.0,9251.0,803.0,0.08680142687277051,2,0,1.4545454545454546,0.9008919722497523,9.712379554242066,5.189670807714755,0.47540983606557374,4.0,4.0,4.0,4.0,36.0,48.0,152.0,0.9508196721311475,256,111.78452421490482,0.0,111,323.9168314145961,0.0017368325825441412,0.15030064235453963,423.27415230407405,341.9944612110107,0.22521797885341344,0.28676382457861815,59.7368,0.980758,0.6309242647564391,0.9005583232601697,0.9938100985852152,0.6801247617099926,243.91604132146125,323.9168314145961,112.44017876802327,8721.0,152.0,8721.0,46.729382613091104
309,15.45,156.2981417378182,200.3443365093687,418.8444131428939,182.87017035516809,0.9743052586575459,243.9058734960722,315.3597190204874,273.91549030016074,273.91549030016074,41.444228720326635,0.1314189042565522,112.44089475450524,112.62626619709846,31.1875,113.53419881494972,112.44089475450524,76.0,0.47540983606557374,8755.0,21001.0,-12246.0,8755.0,9356.0,799.0,0.08539974348011971,2,0,1.4545454545454546,0.8987090367428004,9.272272978986145,4.9103806768642455,0.47540983606557374,4.0,4.0,4.0,4.0,36.0,48.0,152.0,0.9508196721311475,273,106.20218118348333,0.0,107,323.9168314145961,0.10421043697171539,0.06380372930989468,423.27415230407405,341.9944612110107,0.25495162578711517,0.28681338103431386,59.8496,0.982333,0.6310148277868066,0.9005583232601697,0.9938319444970927,0.7000519840274072,243.9153666332811,323.99211087015817,112.44046160350705,8721.0,152.0,8721.0,46.729382613091104
310,15.5,156.30442861389676,200.34158949792788,418.46517851915485,182.9074320153033,0.9744171122994653,243.90790662437064,310.2701858352945,304.23293236410603,304.23293236410603,6.037253471188478,0.019458052197104513,112.44091350773522,112.62610556511515,33.1689453125,113.53607462151345,112.44091350773522,76.0,0.47540983606557374,8752.0,21000.0,-12248.0,8752.0,9350.0,797.0,0.08524064171122994,2,0,1.4761904761904763,0.9166666666666666,9.372135663503691,5.050902897706563,0.47540983606557374,4.0,4.0,4.0,4.0,36.0,48.0,152.0,0.9508196721311475,268,123.78006734717111,0.0,105,323.99211087015817,0.0068608223037036585,0.38106079719456054,423.27415230407405,341.9944612110107,0.26697582607784454,0.28680743611844817,59.9624,0.983823,0.6310039636200997,0.8997362372128386,0.9938325166886353,0.6995321434452137,243.9153666332811,325.1060286898035,112.44046160350705,8721.0,152.0,8721.0,50.75676061918813
311,15.55,156.2957007806385,200.35169580372752,419.53097868862346,182.83856676287436,0.9742710120068611,243.91604132146125,321.1736699216981,304.07510240656336,304.07510240656336,17.098567515134732,0.053237762358612245,112.44047462101605,112.72055743509583,31.57513427734375,113.50395107249514,112.44047462101605,76.0,0.47540983606557374,8728.0,20993.5,-12265.5,8728.0,9328.0,791.0,0.08479845626072041,2,0,1.4761904761904763,0.9175257731958762,9.763169862312116,5.179105778234586,0.47540983606557374,4.0,4.0,4.0,4.0,36.0,48.0,152.0,0.9508196721311475,261,123.78718454059374,0.0,109,323.99211087015817,0.013353369997863586,1.068022670279724,423.27415230407405,341.9944612110107,0.24121596328667017,0.2867836500692186,60.0752,0.98523,0.6309604952834631,0.8997362372128386,0.9938191255411309,0.6953734187876663,243.9153666332811,323.99211087015817,112.44047462101605,8711.0,152.0,8711.0,50.75676061918813
312,15.6,156.34551483761814,200.3914829686885,419.05823224975006,182.82592148120563,0.9742240360863494,243.9235073721205,323.99211087015817,265.5831120670791,265.5831120670791,58.408998803079044,0.1802790773090361,112.35584865349638,112.62483884913183,31.5751953125,113.46083366083187,112.35584865349638,76.0,0.47540983606557374,8711.0,20991.0,-12280.0,8711.0,9311.0,785.0,0.08430888196756525,2,0,1.4761904761904763,0.9202072538860103,9.845908415185967,5.126120707482846,0.47540983606557374,4.0,4.0,4.0,4.0,36.0,48.0,152.0,0.9508196721311475,244,107.51134861953841,0.0,110,323.99211087015817,0.06375310791172117,0.47291553010655474,423.27415230407405,341.9944612110107,0.23455729789659607,0.28676181915817744,60.188,0.986555,0.6309205999069313,0.8997362372128386,0.991237049656257,0.6924276554885703,243.91604132146125,323.99211087015817,112.44047462101605,8696.0,152.0,8696.0,50.75676061918813
313,15.65,156.34498622900122,200.3851892086242,418.4373513597795,182.9047758482355,0.9746134020618556,243.90732565186474,326.4127513130869,267.5426471949858,267.5426471949858,58.870104118101096,0.18035479276247504,112.35524648657429,112.7160631026162,32.0,113.4487291389742,112.35524648657429,76.0,0.47540983606557374,8721.0,20989.0,-12268.0,8721.0,9312.0,784.0,0.08419243986254296,2,0,1.4761904761904763,0.9176225234619395,10.135619961435758,5.081302794338298,0.47540983606557374,4.0,4.0,4.0,4.0,36.0,48.0,152.0,0.9508196721311475,239,106.41038321207182,0.0,111,323.99211087015817,0.00631591979182757,0.6258682694707713,423.27415230407405,341.9944612110107,0.2288384501244085,0.2868091348959776,60.3008,0.987799,0.6310070680883032,0.8997362372128386,0.9912186765642408,0.6941604574292151,243.91604132146125,323.99211087015817,112.44050070706672,8696.0,152.0,8696.0,50.75676061918813
314,15.7,156.3421990411628,200.38643679580704,418.6154338232299,182.88824724529812,0.9740740740740741,243.9153666332811,325.65141224315914,265.67117554152117,265.67117554152117,59.98023670163798,0.18418540330742253,112.44050070706672,112.72037118580397,31.57513427734375,113.50545491189769,112.44050070706672,76.0,0.47540983606557374,8686.0,20993.0,-12307.0,8686.0,9288.0,782.0,0.08419465977605513,2,0,1.4761904761904763,0.9203354297693921,10.17333880547825,5.2103002458908305,0.47540983606557374,4.0,4.0,4.0,4.0,36.0,48.0,152.0,0.9508196721311475,246,107.9121777391216,0.0,110,323.99211087015817,0.003053668257275332,0.17884786412936968,423.27415230407405,341.9944612110107,0.2306371403250349,0.2867856228736252,60.4135,0.988964,0.6309641005280853,0.8997362372128386,0.993819921468957,0.6880956506369584,243.91604132146125,321.1736699216981,112.44050070706672,8696.0,152.0,8696.0,44.653265802855174
315,15.75,156.34082097596814,200.38730145270293,418.4977391612029,182.84958278195958,0.9745894554883319,243.91667187481215,325.5059968919184,267.94991860851644,267.94991860851644,57.55607828340197,0.17682033152376297,112.4404497015042,112.72073129979991,31.57513427734375,113.5025426957039,112.4404497015042,76.0,0.47540983606557374,8668.0,20991.0,-12323.0,8668.0,9256.0,779.0,0.08416162489196197,2,0,1.4761904761904763,0.9177215189873418,10.528870303717392,5.2638991698088935,0.47540983606557374,4.0,4.0,4.0,4.0,36.0,48.0,152.0,0.9508196721311475,257,107.161605290128,0.0,110,325.5059968919184,0.0016268666903865388,0.12388290517626455,423.27415230407405,341.9944612110107,0.2309806891820798,0.28678180631611017,60.5263,0.990051,0.6309571258764626,0.8832039102127721,0.9938183652063013,0.6849766071437978,243.91604132146125,321.1736699216981,112.44050070706672,8689.0,152.0,8689.0,44.653265802855174
316,15.8,157.29723514091484,200.53576585427385,419.21495115109605,182.3846721198349,0.9747871996552095,243.90424861688737,306.0050053852665,267.99107960089043,267.99107960089043,38.013925784376056,0.12422648360446181,112.44084726591797,112.71727100586753,31.57513427734375,113.52978707981734,112.44084726591797,76.0,0.47540983606557374,8696.0,20990.0,-12294.0,8696.0,9281.0,781.0,0.08415041482598858,2,0,1.5,0.9331872946330778,10.254044005377043,5.274347218064928,0.47540983606557374,4.0,4.0,4.0,4.0,36.0,48.0,152.0,0.9508196721311475,272,107.78740536097064,0.0,104,325.5059968919184,0.9678686550583668,0.8547133801478084,423.27415230407405,341.9944612110107,0.27705246417825935,0.2868181322199882,60.6391,0.991063,0.6310235104451296,0.8832039102127721,0.9938304955430707,0.6898284525776032,243.91667187481215,323.99211087015817,112.44047462101605,8686.0,152.0,8686.0,57.55607828340197
317,15.85,157.30077824869272,200.53326307778244,419.7914527552491,182.30885830430708,0.9746873652436395,243.92981043154703,312.073120572429,267.4198547695738,267.4198547695738,44.653265802855174,0.14308590794666537,112.44106102250362,112.71369936181115,31.57513427734375,113.55633869983498,112.44106102250362,76.0,0.47540983606557374,8689.0,20990.5,-12301.5,8689.0,9276.0,781.0,0.08419577404053472,2,0,1.5,0.9330406147091108,9.973400619623897,5.14160761387318,0.47540983606557374,4.0,4.0,4.0,4.0,36.0,48.0,152.0,0.9508196721311475,256,108.32353447828254,0.0,106,312.073120572429,0.0043379145786521306,0.5814652476424923,423.27415230407405,341.9944612110107,0.2627163296561512,0.2867433888613703,60.7519,0.992002,0.6308869190573629,1.0,0.9938370176041026,0.6886154912191519,243.9235073721205,323.99211087015817,112.4404497015042,8672.0,152.0,8672.0,57.55607828340197
318,15.9,157.14911657893018,200.42936006219648,419.87633758205664,182.28749684936219,0.9747158783418118,243.93727530095313,334.04599023142697,265.7650795387569,265.7650795387569,68.28091069267009,0.20440571864181065,112.44108816536357,112.71273436156412,32.78759765625,113.56326815070179,112.44108816536357,76.0,0.47540983606557374,8655.0,20990.0,-12335.0,8655.0,9239.0,779.0,0.08431648446801603,2,0,1.5,0.9330406147091108,9.937530989801958,5.019968681889239,0.47540983606557374,4.0,4.0,4.0,4.0,36.0,48.0,152.0,0.9508196721311475,252,109.31410778841915,0.0,113,312.073120572429,0.18383987250599154,0.08753139767823992,423.27415230407405,341.9944612110107,0.21080465600589482,0.2867215614043417,60.8647,0.992869,0.630847029992942,1.0,0.9938378457768984,0.6827239646209596,243.9218081475856,316.261213034728,112.4404497015042,8668.0,152.0,8668.0,48.88866914589249
319,15.95,157.13171955760285,200.4842012915549,420.1013156340008,182.24856542708233,0.9743167028199566,243.9608079250625,305.08610107243754,267.31716731912826,267.31716731912826,37.768933753309284,0.12379762178789551,112.43974119203816,112.7246077315209,33.1689453125,113.46992127828318,112.43974119203816,76.0,0.47540983606557374,8628.0,20989.0,-12361.0,8628.0,9220.0,777.0,0.08427331887201735,2,0,1.5,0.9318681318681319,10.421672527740977,5.334333282982551,0.47540983606557374,4.0,8.0,4.0,8.0,36.0,44.0,152.0,0.9508196721311475,241,108.42810142918462,0.0,104,312.073120572429,0.057534483473891056,0.2283216579681462,423.27415230407405,341.9944612110107,0.27922340778024146,0.28665275144751945,60.9774,0.993667,0.6307212817302427,1.0,0.9937967474303382,0.6780453993812189,243.9218081475856,316.261213034728,112.44050070706672,8663.0,152.0,8663.0,48.88866914589249
320,16.0,157.14452414714185,200.4620769531541,420.07974731590554,182.2555228126953,0.9746004319654428,243.90900238186333,307.55794859215683,267.23505298619665,267.23505298619665,40.322895605960184,0.13110666068146767,112.44071796547784,112.71860359027616,32.78759765625,113.51948510089089,112.44071796547784,76.0,0.47540983606557374,8672.0,20988.5,-12316.5,8672.0,9260.0,777.0,0.08390928725701943,2,0,1.5,0.9306930693069307,10.055220344755691,5.109435766544631,0.47540983606557374,4.0,8.0,4.0,8.0,36.0,44.0,152.0,0.9508196721311475,251,108.55922939187248,0.0,104,312.4306149331174,0.025562548052481922,0.022662690926408022,423.27415230407405,341.9944612110107,0.27338358149681763,0.28680423209728123,61.0902,0.994399,0.6309981083614424,1.0,0.9938265503763787,0.6856697279200558,243.9218081475856,316.261213034728,112.44071796547784,8663.0,152.0,8663.0,48.88866914589249
321,16.05,157.1501380384056,200.42706066500406,419.37968781608515,182.3723116748894,0.9733831940167179,243.93580842851188,332.3075266637685,267.22899623585687,267.22899623585687,65.07853042791163,0.19583826788780087,112.35641185082088,112.71292520335913,31.57513427734375,113.56190553833343,112.35641185082088,76.0,0.47540983606557374,8487.0,20985.5,-12498.5,8487.0,9092.0,775.0,0.0852397712274527,2,0,1.5,0.9283351708930541,9.941213223441283,5.1748864142967665,0.47540983606557374,4.0,8.0,4.0,8.0,36.0,44.0,152.0,0.9508196721311475,250,107.90872664157203,0.0,113,316.261213034728,0.03546344894293699,0.7097344162581954,423.27415230407405,341.9944612110107,0.2149118370331209,0.2867258505745115,61.203,0.995067,0.6308548683309119,0.9841611735570089,0.9912542337224797,0.6536128920181278,243.9218081475856,316.261213034728,112.44084403409838,8663.0,152.0,8663.0,48.88866914589249
322,16.1,157.13012699118764,200.54910066218432,418.8997355995372,182.43005739941498,0.9741712558039088,243.95394638232273,312.4306149331174,267.31929536761004,267.31929536761004,45.11131956550736,0.14438828145943516,112.43940319876758,112.72601950276606,32.78759765625,113.45740245782007,112.43940319876758,76.0,0.47540983606557374,8663.0,20988.5,-12325.5,8663.0,9261.0,775.0,0.08368426735773675,2,0,1.5,0.9281767955801105,10.480184467870941,5.327657257046354,0.47540983606557374,4.0,8.0,4.0,8.0,36.0,44.0,152.0,0.9508196721311475,258,107.49608300366549,0.0,106,316.261213034728,0.12366973325157414,0.48341358986922733,423.27415230407405,341.9944612110107,0.261871736716227,0.28667281476291784,61.3158,0.995674,0.6307579468754027,0.9841611735570089,0.9937864347060199,0.6841102061734755,243.92191470516792,325.84875943131897,112.44071796547784,8663.0,152.0,8663.0,58.525130777233926
323,16.15,157.13463003106972,200.54969641100794,415.9761862353243,183.04543329476667,0.9743299193724123,243.9218081475856,316.261213034728,267.3725438888355,267.3725438888355,48.88866914589249,0.1545831962028304,112.44022695092845,112.72214018172087,34.756591796875,113.49096395892188,112.44022695092845,76.0,0.47540983606557374,8589.0,20987.0,-12398.0,8589.0,9178.0,775.0,0.08444105469601221,2,0,1.5,0.9269911504424779,10.156426978866488,5.138734147852205,0.47540983606557374,4.0,8.0,4.0,8.0,36.0,44.0,152.0,0.9508196721311475,254,104.75720527548681,0.0,107,325.84875943131897,0.004542277494877308,2.9876124878520858,423.27415230407405,341.9944612110107,0.2528218146249326,0.28676678773143705,61.4286,0.996223,0.6309296798349583,0.8794607866861051,0.9938115687240056,0.6712874718127043,243.9218081475856,326.0882302865197,112.44071796547784,8655.0,152.0,8655.0,58.894895054841015
324,16.2,157.14693099054114,200.58077209958813,415.8021929548596,183.05698285896338,0.9745735086384875,243.91112415954825,330.644148422286,267.3322540304324,267.3322540304324,63.31189439185357,0.19148046228537532,112.4409414439611,112.71604821172198,34.756591796875,113.53904494899771,112.4409414439611,76.0,0.47540983606557374,8618.0,20988.0,-12370.0,8618.0,9203.0,774.0,0.08410300988807998,2,0,1.5,0.9269911504424779,10.219137973375421,4.871876056404055,0.47540983606557374,4.0,8.0,4.0,8.0,36.0,44.0,152.0,0.9508196721311475,251,104.64034666728618,0.0,112,326.0882302865197,0.03342172982731867,0.17437618553001072,423.27415230407405,341.9944612110107,0.21884162634916582,0.2867980279684851,61.5414,0.996718,0.6309867704903884,0.8768456555413171,0.9938333690683157,0.676312597440574,243.9218081475856,325.84875943131897,112.44071796547784,8663.0,152.0,8663.0,58.525130777233926
325,16.25,157.14656111723434,200.5167323202108,416.5722305341423,182.98527201855453,0.9750969409737182,243.90438109587132,325.84875943131897,267.32362865408504,267.32362865408504,58.525130777233926,0.1796082663606691,112.44084403409838,112.71730828100053,34.756591796875,113.52950198553515,112.44084403409838,76.0,0.47540983606557374,8706.0,20991.5,-12285.5,8706.0,9284.0,774.0,0.08336923739767342,2,0,1.5,0.9289678135405105,10.765696609696265,4.8273381379332685,0.47540983606557374,4.0,8.0,4.0,8.0,36.0,44.0,152.0,0.9508196721311475,255,105.39494876103872,0.0,110,326.0882302865197,0.06404084750345918,0.7733694577236065,423.27415230407405,341.9944612110107,0.23017090068558232,0.2868177448482645,61.6541,0.997162,0.6310228025341887,0.8768456555413171,0.9938303969349995,0.6915612545182479,243.9218081475856,326.0882302865197,112.44077479273705,8669.0,152.0,8669.0,58.894895054841015
326,16.3,157.14700517726777,200.51673906743875,416.37274784442695,183.00464900377267,0.9753548387096774,243.9035729272395,326.0882302865197,267.1933352316787,267.1933352316787,58.894895054841015,0.18061030599936895,112.44086342238353,112.7170807677485,34.756591796875,113.53123939835346,112.44086342238353,76.0,0.47540983606557374,8727.0,20991.5,-12264.5,8727.0,9300.0,773.0,0.08311827956989247,2,0,1.5,0.92880978865406,10.761039285118265,4.791883137886375,0.47540983606557374,4.0,8.0,4.0,8.0,36.0,44.0,152.0,0.9508196721311475,256,105.25659882116139,0.0,110,326.0882302865197,0.0004441112905291319,0.20042158329934426,423.27415230407405,341.9944612110107,0.22960514240835894,0.2868201079527105,61.7669,0.997559,0.6310271210411663,0.8768456555413171,0.9938309885031081,0.6952001385936019,243.92191470516792,327.6077436292103,112.44077479273705,8669.0,152.0,8669.0,60.24189438802961
327,16.35,157.13488664728442,200.60204387472817,416.47603359939484,182.9954535357081,0.9750784207679828,243.92191470516792,328.76613053083315,267.23054931679286,267.23054931679286,61.53558121404029,0.18717129138175992,112.4402219510588,112.72216926949164,34.756591796875,113.49072170347733,112.4402219510588,76.0,0.47540983606557374,8669.0,20992.0,-12323.0,8669.0,9245.0,774.0,0.08372093023255814,2,0,1.5,0.92880978865406,10.867915345076707,4.954980490379199,0.47540983606557374,4.0,8.0,4.0,8.0,36.0,44.0,152.0,0.9508196721311475,252,105.32732315207832,0.0,111,327.6077436292103,0.08616129592596805,0.10369428051832293,423.27415230407405,341.9944612110107,0.22327850935095062,0.2867664761545128,61.8797,0.997913,0.6309291104368838,0.8602518756257621,0.993811416169852,0.6851498873378623,243.92191470516792,326.0882302865197,112.44077479273705,8674.0,152.0,8674.0,58.894895054841015
328,16.4,157.14515533381052,200.58170372750635,416.38229147101964,183.00399256087195,0.9747423239665834,243.90703621691821,327.6077436292103,267.3658492411807,267.3658492411807,60.24189438802961,0.1838842199536406,112.44077479273705,112.718053678189,33.181396484375,113.52376407200614,112.44077479273705,76.0,0.47540983606557374,8635.0,20992.0,-12357.0,8635.0,9217.0,775.0,0.08408375827275687,2,0,1.5,0.92880978865406,10.589982917580047,5.034547827899935,0.47540983606557374,4.0,8.0,4.0,8.0,36.0,44.0,152.0,0.9508196721311475,257,105.21662890241025,0.0,111,327.6077436292103,0.022785247683019202,0.09413023734731014,423.27415230407405,341.9944612110107,0.2260152389511807,0.2868099812106971,61.9925,0.998227,0.6310086147046738,0.8602518756257621,0.9938282842684674,0.6792583607396702,243.92191470516792,327.6077436292103,112.44077479273705,8706.0,152.0,8706.0,58.894895054841015
329,16.45,157.14593134140378,200.55049273238518,416.2078653142049,183.02124791451755,0.9751324467510001,243.92386024205175,322.88208565216877,267.3711142995326,267.3711142995326,55.51097135263615,0.17192335474578313,112.44103090319621,112.71445758570567,32.36279296875,113.55082387290096,112.44103090319621,80.0,0.47540983606557374,8674.0,20991.0,-12317.0,8674.0,9249.0,770.0,0.08325224348578225,2,0,1.45,0.9322799097065463,10.517320629110671,4.999409937930767,0.47540983606557374,4.0,8.0,4.0,8.0,36.0,44.0,152.0,0.9508196721311475,262,104.99551658481803,0.0,109,327.6077436292103,0.03122064067629867,0.1752775838793631,423.27415230407405,341.9944612110107,0.23717977132651624,0.28676078735804245,62.1053,0.998503,0.6309187143211756,0.8602518756257621,0.9938360986150545,0.6860162883081847,243.92386024205175,327.6077436292103,112.44084403409838,8727.0,152.0,8727.0,58.894895054841015
330,16.5,156.3619552044411,200.4374239966483,418.1599542661665,182.19033939999045,0.9754355775435577,243.99271318148965,334.7227818791987,265.3837806834872,265.3837806834872,69.33900119571149,0.20715351613185357,112.4410007247635,112.70672414054684,33.181396484375,113.60437862252829,112.4410007247635,80.0,0.47540983606557374,8727.0,20994.5,-12267.5,8727.0,9298.0,769.0,0.08270595827059583,2,0,1.45,0.9333333333333333,9.922813816628105,4.695747739519265,0.47540983606557374,4.0,8.0,4.0,8.0,36.0,44.0,152.0,0.9508196721311475,264,107.3226370221392,0.0,113,328.76613053083315,0.792087824883112,2.121570228836191,423.27415230407405,341.9944612110107,0.2092057120493891,0.28655945971316166,62.218,0.998745,0.630550793706976,0.8476017614329144,0.9938351778219974,0.6952001385936019,243.94944820574852,326.94778870352104,112.44084403409838,8727.0,152.0,8727.0,58.525130777233926
331,16.55,155.80640596383367,200.457158737356,417.85908128706274,183.2420574910507,0.9790967741935483,247.9159868374877,333.3887261981503,265.49825986874873,265.49825986874873,67.89046632940159,0.20363755878490847,112.4366926262244,112.70998401408062,34.756591796875,113.58249909658954,112.4366926262244,80.0,0.4838709677419355,8814.0,21083.5,-12269.5,8814.0,9300.0,682.0,0.07333333333333333,2,0,1.45,0.9333333333333333,7.515804347078709,4.700447518420468,0.4838709677419355,8.0,8.0,8.0,8.0,36.0,44.0,152.0,0.967741935483871,267,107.23310681491031,0.008461131676361755,113,327.6077436292103,0.5558996480753481,1.0939083565903456,423.27415230407405,341.9944612110107,0.21235746528966248,0.2750877135272566,62.3308,0.998957,0.6095864998805621,0.8602518756257621,0.9937037307298873,0.7102755154772112,243.9541588617913,327.6077436292103,112.44086342238353,8741.0,152.0,8741.0,58.894895054841015
332,16.6,155.80660067345536,200.457226024682,418.11532329019013,183.23258750213844,0.9789678255236449,247.90967980424824,321.595500358502,265.52284084954596,265.52284084954596,56.072659508956065,0.17435772405536915,112.43667053023027,112.71158925072612,34.756591796875,113.57136583263735,112.43667053023027,80.0,0.4838709677419355,8775.0,21082.5,-12307.5,8775.0,9262.0,682.0,0.07363420427553444,2,0,1.45,0.9333333333333333,7.545999808203426,4.7333574993801095,0.4838709677419355,8.0,8.0,8.0,8.0,36.0,44.0,152.0,0.967741935483871,259,107.4879542558921,0.0,109,326.94778870352104,0.000206008303282924,0.2564169355887777,423.27415230407405,341.9944612110107,0.24021937411507133,0.27510615544358796,62.4436,0.999141,0.6096202019644845,0.8674588849249913,0.9937030565451748,0.7035175879086967,243.9541588617913,328.76613053083315,112.4410007247635,8741.0,152.0,8741.0,60.24189438802961
333,16.65,155.80651053614088,200.45724334303452,418.26845051942723,183.22789933030677,0.9789813718100571,247.91106309558467,329.02946119751977,276.74697769957606,276.74697769957606,52.2824834979437,0.15889909465146038,112.43667802113656,112.71124134937415,33.181396484375,113.57379995664755,112.43667802113656,80.0,0.4838709677419355,8799.0,21080.0,-12281.0,8799.0,9287.0,682.0,0.07343598578658339,2,0,1.45,0.9333333333333333,7.539405317830254,4.72132581401796,0.4838709677419355,8.0,8.0,8.0,8.0,36.0,44.0,152.0,0.967741935483871,262,111.30875669680711,0.0,111,329.02946119751977,9.17859509778775e-05,0.15319897939919402,423.27415230407405,341.9944612110107,0.22265638143396538,0.27510211066657164,62.5564,0.999301,0.6096128102481356,0.8447260702459738,0.9937032851049069,0.7076763125662442,243.99271318148965,327.6077436292103,112.4410007247635,8741.0,152.0,8741.0,56.072659508956065
334,16.7,156.36405952160135,200.4369307298041,418.5065815165287,182.35951486085835,0.9750804203302594,243.9541588617913,320.51236733667236,277.02159911905784,277.02159911905784,43.490768217614516,0.135691388694312,112.44510934477643,112.70361136206012,33.181396484375,113.6244372582682,112.44510934477643,80.0,0.47540983606557374,8745.0,20993.5,-12248.5,8745.0,9326.0,770.0,0.08256487239974265,2,0,1.45,0.9323562570462233,9.867884481157624,4.654538855489633,0.47540983606557374,4.0,8.0,4.0,8.0,36.0,44.0,152.0,0.9508196721311475,267,110.79230994151706,0.008461131676361755,109,329.02946119751977,0.5579188771176772,0.9004432011846923,423.27415230407405,341.9944612110107,0.2427783137902999,0.2866721934678599,62.6692,0.99944,0.6307568114761412,0.8447260702459738,0.993960538499889,0.6983191820867625,247.88793740989416,326.94778870352104,112.4410007247635,8741.0,152.0,8741.0,55.51097135263615
335,16.75,156.36341322540463,200.43669455686538,418.64342767721274,182.33461246678533,0.9751099667417659,243.94944820574852,326.94778870352104,277.0436121632986,277.0436121632986,49.904176540222466,0.15263653177809375,112.44525175150662,112.70525318217881,33.181396484375,113.61395370954958,112.44525175150662,80.0,0.47540983606557374,8741.0,20995.5,-12254.5,8741.0,9321.0,770.0,0.08260916210707006,2,0,1.45,0.9323562570462233,9.896628698942964,4.632359804412923,0.47540983606557374,4.0,8.0,4.0,8.0,36.0,44.0,152.0,0.9508196721311475,266,110.79299803610553,0.0,111,326.94778870352104,0.0006880962366380386,0.13909349706055738,423.27415230407405,341.9944612110107,0.22757440556245812,0.2866859675390133,62.782,0.999559,0.6307819832041559,0.8674588849249913,0.993964883560804,0.6976260613105045,247.88793740989416,326.94778870352104,112.44075269263784,8741.0,152.0,8741.0,52.2824834979437
336,16.8,155.80754503097066,200.4569535890478,418.19853468930984,183.23331384100976,0.9785921547555079,247.89157577832776,339.8973499500651,276.7268172095437,276.7268172095437,63.17053274052142,0.1858517954017644,112.4454569754624,112.71593530504028,35.5751953125,113.53989070083347,112.4454569754624,80.0,0.4838709677419355,8807.0,21085.5,-12278.5,8807.0,9305.0,682.0,0.07329392799570124,2,0,1.45,0.9333333333333333,7.630907676745734,4.763938637415024,0.4838709677419355,8.0,8.0,8.0,8.0,36.0,44.0,152.0,0.967741935483871,248,111.30788467850677,0.008461131676361755,115,326.94778870352104,0.5562372497129708,1.0027930647536671,423.27415230407405,341.9944612110107,0.19698061386491716,0.2751590920492172,62.8947,0.999659,0.6097169421238812,0.8674588849249913,0.9939711452774233,0.70906255411876,247.88793740989416,322.8598471252083,112.44075269263784,8741.0,152.0,8741.0,49.904176540222466
337,16.85,156.34837395563284,200.4428236117472,417.99983527430066,182.42644289907076,0.9739158929546696,243.9221233516289,341.8478602831041,276.5330563102957,276.5330563102957,65.31480397280842,0.19106395435301957,112.44483529761153,112.72222620833435,34.76275634765625,113.49024710813765,112.44483529761153,76.0,0.47540983606557374,8558.0,20994.0,-12436.0,8558.0,9155.0,769.0,0.08399781540141998,2,0,1.45,0.935374149659864,10.679312437190292,5.123691595999745,0.47540983606557374,4.0,8.0,4.0,8.0,36.0,44.0,152.0,0.9508196721311475,254,110.8049966689984,0.008461131676361755,116,322.8598471252083,0.541013476735806,0.8309766389439058,423.27415230407405,341.9944612110107,0.19237246493254911,0.28676586606726095,63.0075,0.999744,0.6309279955195731,0.9121010746000453,0.993952176875242,0.6659157857967055,244.0002375098762,321.595500358502,112.44082833195056,8726.0,152.0,8726.0,46.32679081491261
338,16.9,155.8066656915862,200.4571121001829,417.95289023920765,183.47912900612073,0.9784862285838213,247.9080250839636,322.8598471252083,276.5330563102957,276.5330563102957,46.32679081491261,0.14348885817611942,112.436659644059,112.71200238312463,33.181396484375,113.47963943944896,112.436659644059,80.0,0.4838709677419355,8726.0,21081.5,-12355.5,8726.0,9222.0,680.0,0.07373671654738669,2,0,1.45,0.9459148446490219,7.202863006645476,4.97161885622279,0.4838709677419355,8.0,8.0,8.0,8.0,36.0,44.0,152.0,0.967741935483871,250,111.30865606365917,0.008461131676361755,109,322.8598471252083,0.5418966730274273,1.0537323551528133,423.27415230407405,341.9944612110107,0.23723231062483952,0.2751109938853534,63.1203,0.999813,0.6096290440808623,0.9121010746000453,0.9937027243903866,0.6950268583995375,244.0002375098762,321.15612633728034,112.44082833195056,8714.0,152.0,8714.0,44.623070026984635
339,16.95,155.8077060604836,200.45703403178166,419.00546900565945,183.2138627174635,0.9784360705728599,247.88793740989416,321.15612633728034,276.5330563102957,276.5330563102957,44.623070026984635,0.13894509980519937,112.43636653967143,112.71676402842529,33.181396484375,113.44319673260777,112.43636653967143,76.0,0.4838709677419355,8687.0,21080.5,-12393.5,8687.0,9182.0,680.0,0.07405793944674363,2,0,1.45,0.9459148446490219,7.2966650640932365,5.120998818472216,0.4838709677419355,8.0,8.0,8.0,8.0,36.0,44.0,152.0,0.967741935483871,260,111.30770581508105,0.0,109,321.15612633728034,0.0010432938790028586,1.0854898725843418,423.27415230407405,341.9944612110107,0.24125741061890682,0.2751697307257054,63.2331,0.999868,0.6097363840062424,0.9307064839756376,0.9936937812988852,0.6882689308310229,244.0001302589905,320.51236733667236,112.44082833195056,8689.0,152.0,8689.0,43.490768217614516
340,17.0,156.3637313852913,200.43681080256806,418.36711657090314,182.38909531762218,0.9751991388589882,243.95611713713464,315.30454090252243,276.5330563102957,276.5330563102957,38.77148459222673,0.12296519574772974,112.44075269263784,112.70302409485218,35.5751953125,113.54214634187042,112.44075269263784,80.0,0.47540983606557374,8714.0,20995.0,-12281.0,8714.0,9290.0,768.0,0.08266953713670613,2,0,1.45,0.9448909299655568,9.552319866532136,4.756475118101761,0.47540983606557374,4.0,8.0,4.0,8.0,32.0,44.0,156.0,0.9344262295081968,261,110.79265930582649,0.008461131676361755,107,315.3050888188854,0.5563929733806037,1.0429453939686153,423.27415230407405,341.9944612110107,0.25508198602211785,0.28666646742382873,63.3459,0.999912,0.6307463472915621,0.9946024868142728,0.9938276099585024,0.6929474960707638,244.0001302589905,315.3050888188854,112.44082833195056,8687.0,156.0,8687.0,38.77203250858969
341,17.05,156.36296036870246,200.43668467489616,418.4919716629444,182.3703860573394,0.9752350081037278,244.0001302589905,315.3027842193891,276.5330563102957,276.5330563102957,38.769727909093376,0.12296030942155343,112.4408295432181,112.70397902049963,35.5751953125,113.53582926064985,112.4408295432181,80.0,0.47540983606557374,8682.0,20994.5,-12312.5,8682.0,9255.0,767.0,0.08287412209616424,2,0,1.45,0.9459148446490219,9.568876479522695,4.783156404105841,0.47540983606557374,4.0,8.0,4.0,8.0,32.0,44.0,156.0,0.9344262295081968,267,110.79342645389467,0.0,107,315.3050888188854,0.000781264852574793,0.1262490809034539,423.27415230407405,341.9944612110107,0.25508613624750676,0.2865377720008092,63.4586,0.999945,0.6305111600220241,0.9946024868142728,0.9938299547946777,0.6874025298607005,244.0001302589905,315.3050888188854,112.44079557003504,8683.0,156.0,8683.0,38.77203250858969
342,17.1,156.3629679418186,200.4366874186496,418.49330814487763,182.37016185607177,0.9752376836646499,244.0002375098762,315.3050888188854,276.5330563102957,276.5330563102957,38.77203250858969,0.12296671980089975,112.44082833195056,112.70396308542692,35.5751953125,113.53593526666893,112.44082833195056,80.0,0.47540983606557374,8683.0,20994.5,-12311.5,8683.0,9256.0,767.0,0.08286516853932584,2,0,1.45,0.9459148446490219,9.568598850253037,4.782565182919898,0.47540983606557374,4.0,8.0,4.0,8.0,32.0,44.0,156.0,0.9344262295081968,267,110.79341839916412,0.0,107,315.30454090252243,8.05482904572009e-06,0.0013551568788143585,423.27415230407405,341.9944612110107,0.2550806915505326,0.28653745839664935,63.5714,0.999969,0.6305105869192336,0.9946084703112804,0.9938299178369352,0.687575810054765,243.9719384603884,315.30454090252243,112.44075269263784,8683.0,156.0,8683.0,38.77148459222673
343,17.15,156.3629679418186,200.4366874186496,418.49330814487763,182.37016185607177,0.9752376836646499,244.0002375098762,315.3050888188854,276.5330563102957,276.5330563102957,38.77203250858969,0.12296671980089975,112.44082833195056,112.70396308542692,35.5751953125,113.53593526666893,112.44082833195056,80.0,0.47540983606557374,8683.0,20994.5,-12311.5,8683.0,9256.0,767.0,0.08286516853932584,2,0,1.45,0.9459148446490219,9.568598850253037,4.782565182919898,0.47540983606557374,4.0,8.0,4.0,8.0,32.0,44.0,156.0,0.9344262295081968,267,110.79341839916412,0.0,107,315.3027842193891,0.0,0.0,423.27415230407405,341.9944612110107,0.2550806915505326,0.28653745839664935,63.6842,0.999985,0.6305105869192336,0.9946276540936647,0.9938299178369352,0.687575810054765,243.9719384603884,315.3027842193891,112.44026083319726,8683.0,156.0,8683.0,38.769727909093376
344,17.2,156.36323829627898,200.4366306580538,418.5235002302979,182.36508054098695,0.9752132138615999,243.95438591718272,315.1244286027288,276.5330563102957,276.5330563102957,38.59137229243311,0.12246391834345693,112.44079557003504,112.70354356966071,35.5751953125,113.53871878255626,112.44079557003504,80.0,0.47540983606557374,8689.0,20994.5,-12305.5,8689.0,9263.0,768.0,0.08291050415632084,2,0,1.45,0.9448909299655568,9.561306334906748,4.791077032042001,0.47540983606557374,4.0,8.0,4.0,8.0,32.0,44.0,156.0,0.9344262295081968,272,110.79318427002167,0.0,107,315.1244286027288,0.0002762486189756424,0.030616691281311465,423.27415230407405,341.9944612110107,0.2555075076345603,0.28667152955245434,63.797,0.999994,0.630755598189392,0.9965753789121405,0.9938289182176164,0.6886154912191519,243.9719334869436,315.1244286027288,112.44026083319726,8682.0,156.0,8682.0,38.59137229243311
345,17.25,156.36570242874126,200.4362121638524,418.6499222428069,182.34354618790707,0.9748886716628653,243.9719334869436,315.0406554375383,276.52486719573744,276.52486719573744,38.51578824180086,0.12225656459579458,112.44022131007131,112.69805906799695,33.5751953125,113.57389585289542,112.44022131007131,80.0,0.47540983606557374,8629.0,20994.5,-12365.5,8629.0,9207.0,768.0,0.08341479309221245,2,0,1.45,0.9448909299655568,9.468727217641757,4.659579022470984,0.47540983606557374,4.0,8.0,4.0,8.0,32.0,44.0,156.0,0.9344262295081968,269,110.79101618910062,0.0,107,315.0836680300305,0.002499417169714092,0.12824294760101868,423.27415230407405,341.9944612110107,0.25570542466949964,0.2866202200379705,63.9098,0.999999,0.6306618314933461,0.9970205029881098,0.9938113966122812,0.6782186795752834,243.9719334869436,315.0836680300305,112.44026083319726,8674.0,156.0,8674.0,38.55880083429304
346,17.3,156.36570242874126,200.4362121638524,418.6499222428069,182.34354618790707,0.9748886716628653,243.9719334869436,315.0406554375383,276.52486719573744,276.52486719573744,38.51578824180086,0.12225656459579458,112.44022131007131,112.69805906799695,33.5751953125,113.57389585289542,112.44022131007131,80.0,0.47540983606557374,8629.0,20994.5,-12365.5,8629.0,9207.0,768.0,0.08341479309221245,2,0,1.45,0.9448909299655568,9.468727217641757,4.659579022470984,0.47540983606557374,4.0,8.0,4.0,8.0,32.0,44.0,156.0,0.9344262295081968,269,110.79101618910062,0.0,107,315.0406554375383,0.0,0.0,423.27415230407405,341.9944612110107,0.25570542466949964,0.2866202200379705,64.0226,1.0,0.6306618314933461,0.9974902201490982,0.9938113966122812,0.6782186795752834,243.9719334869436,315.0406554375383,112.44026083319726,8674.0,156.0,8674.0,38.51578824180086
347,17.35,156.36570276218313,200.43621228144596,418.6013862154391,182.3516268730779,0.974885943949598,243.9719384603884,315.0836680300305,276.52486719573744,276.52486719573744,38.55880083429304,0.12237638680345062,112.44022110191797,112.69805744232067,35.5751953125,113.57390596455113,112.44022110191797,80.0,0.47540983606557374,8628.0,20994.5,-12366.5,8628.0,9206.0,768.0,0.08342385400825549,2,0,1.45,0.9448909299655568,9.468700493098869,4.661083336431916,0.47540983606557374,4.0,8.0,4.0,8.0,32.0,44.0,156.0,0.9344262295081968,269,110.79101583556287,0.0,107,315.0406554375383,3.5356998208189337e-07,0.04920409968159857,423.27415230407405,341.9944612110107,0.2556038059142366,0.2866202054954988,64.1353,1.0,0.6306618049173875,0.9974902201490982,0.9938113902611844,0.6780453993812189,243.97097733465023,315.0406554375383,112.44026083319726,8674.0,156.0,8674.0,38.51578824180086
348,17.4,156.36560345609558,200.43617726100877,418.5879249654071,182.35388891686614,0.9750513458004539,243.97097733465023,313.0538175294141,276.52486719573744,276.52486719573744,36.528950333676676,0.11668584852904554,112.44026083319726,112.69837083055839,35.5751953125,113.57195341425675,112.44026083319726,80.0,0.47540983606557374,8674.0,20994.5,-12320.5,8674.0,9251.0,768.0,0.08301805210247541,2,0,1.45,0.9448909299655568,9.473859764154984,4.612960938098308,0.47540983606557374,4.0,8.0,4.0,8.0,32.0,44.0,156.0,0.9344262295081968,269,110.79112112613633,0.0,106,313.0538175294141,0.0001053001901498581,0.01364998514737105,423.27415230407405,341.9944612110107,0.2603993987695219,0.28662301585018923,64.2481,1.0,0.6306669407616201,1.0,0.9938126025271251,0.6860162883081847,243.97097733465023,313.1835593579353,112.44026083319726,8674.0,156.0,8674.0,36.65869216219784
349,17.45,156.36560345609558,200.43617726100877,418.5879249654071,182.35388891686614,0.9750513458004539,243.97097733465023,313.0538175294141,276.52486719573744,276.52486719573744,36.528950333676676,0.11668584852904554,112.44026083319726,112.69837083055839,35.5751953125,113.57195341425675,112.44026083319726,80.0,0.47540983606557374,8674.0,20994.5,-12320.5,8674.0,9251.0,768.0,0.08301805210247541,2,0,1.45,0.9448909299655568,9.473859764154984,4.612960938098308,0.47540983606557374,4.0,8.0,4.0,8.0,32.0,44.0,156.0,0.9344262295081968,269,110.79112112613633,0.0,106,313.0538175294141,0.0,0.0,423.27415230407405,341.9944612110107,0.2603993987695219,0.28662301585018923,64.3609,1.0,0.6306669407616201,1.0,0.9938126025271251,0.6860162883081847,243.97097733465023,313.0800233867322,112.44026083319726,8674.0,156.0,8674.0,36.55515619099475
350,17.5,156.36560345609558,200.43617726100877,418.5879249654071,182.35388891686614,0.9750513458004539,243.97097733465023,313.0538175294141,276.52486719573744,276.52486719573744,36.528950333676676,0.11668584852904554,112.44026083319726,112.69837083055839,35.5751953125,113.57195341425675,112.44026083319726,80.0,0.47540983606557374,8674.0,20994.5,-12320.5,8674.0,9251.0,768.0,0.08301805210247541,2,0,1.45,0.9448909299655568,9.473859764154984,4.612960938098308,0.47540983606557374,4.0,8.0,4.0,8.0,32.0,44.0,156.0,0.9344262295081968,269,110.79112112613633,0.0,106,313.0538175294141,0.0,0.0,423.27415230407405,341.9944612110107,0.2603993987695219,0.28662301585018923,64.4737,1.0,0.6306669407616201,1.0,0.9938126025271251,0.6860162883081847,243.97097733465023,313.0668285808084,112.44026083319726,8674.0,156.0,8674.0,36.54196138507098
351,17.55,156.36560345609558,200.43617726100877,418.5879249654071,182.35388891686614,0.9750513458004539,243.97097733465023,313.0538175294141,276.52486719573744,276.52486719573744,36.528950333676676,0.11668584852904554,112.44026083319726,112.69837083055839,35.5751953125,113.57195341425675,112.44026083319726,80.0,0.47540983606557374,8674.0,20994.5,-12320.5,8674.0,9251.0,768.0,0.08301805210247541,2,0,1.45,0.9448909299655568,9.473859764154984,4.612960938098308,0.47540983606557374,4.0,8.0,4.0,8.0,32.0,44.0,156.0,0.9344262295081968,269,110.79112112613633,0.0,106,313.0538175294141,0.0,0.0,423.27415230407405,341.9944612110107,0.2603993987695219,0.28662301585018923,64.5865,1.0,0.6306669407616201,1.0,0.9938126025271251,0.6860162883081847,243.97097733465023,313.0668285808084,112.44026083319726,8674.0,156.0,8674.0,36.54196138507098
352,17.6,156.36539748866005,200.43610463551605,418.6136986597902,182.34964097212884,0.975018908698001,243.96996921762687,313.0800233867322,276.52486719573744,276.52486719573744,36.55515619099475,0.11675978491237042,112.44030144288018,112.69869787127146,35.5751953125,113.56990871822495,112.44030144288018,80.0,0.47540983606557374,8677.0,20994.5,-12317.5,8677.0,9255.0,768.0,0.08298217179902755,2,0,1.45,0.9448909299655568,9.479259907815159,4.619055226497403,0.47540983606557374,4.0,8.0,4.0,8.0,32.0,44.0,156.0,0.9344262295081968,270,110.79133950260874,0.0,106,313.0668285808084,0.00021839653544222885,0.02612141567073633,423.27415230407405,341.9944612110107,0.2603374865143666,0.28662596360852366,64.6992,1.0,0.6306723277071514,1.0,0.9938138415945892,0.6865361288903782,243.97097733465023,313.0538175294141,112.44026083319726,8674.0,156.0,8674.0,36.528950333676676
353,17.65,156.36578665891534,200.43617717562995,418.6628390130341,182.3413786800132,0.9749540391478317,243.9731231254384,313.1835593579353,276.52486719573744,276.52486719573744,36.65869216219784,0.11705177703884793,112.440170758069,112.69766901354015,35.5751953125,113.57631691808132,112.440170758069,80.0,0.47540983606557374,8668.0,20993.5,-12325.5,8668.0,9247.0,768.0,0.08305396344760463,2,0,1.45,0.9448909299655568,9.462326612020501,4.619562920898451,0.47540983606557374,4.0,8.0,4.0,8.0,32.0,44.0,156.0,0.9344262295081968,270,110.7909492206535,0.0,106,313.0668285808084,0.00039587315610835664,0.049830109250725535,423.27415230407405,341.9944612110107,0.260092879158497,0.28661674150650374,64.812,1.0,0.6306554745748288,1.0,0.9938098541884849,0.6849766071437978,243.96996921762687,313.0538175294141,112.44030144288018,8675.0,156.0,8675.0,36.528950333676676
354,17.7,156.36536263464555,200.43609234698954,418.59452321657835,182.35284095223147,0.9750135091321733,243.9697320121375,313.0668285808084,276.52486719573744,276.52486719573744,36.54196138507098,0.11672255904824747,112.4403108405627,112.69877457523208,35.5751953125,113.56942810168715,112.4403108405627,80.0,0.47540983606557374,8675.0,20993.5,-12318.5,8675.0,9253.0,768.0,0.08300010807305738,2,0,1.45,0.9448909299655568,9.480528853322863,4.62253513308941,0.47540983606557374,4.0,8.0,4.0,8.0,32.0,44.0,156.0,0.9344262295081968,270,110.79137645606752,0.0,106,313.0668285808084,0.000432426270715822,0.06927071336278454,423.27415230407405,341.9944612110107,0.26036865970519807,0.2866266572030588,64.9248,1.0,0.6306735952316761,1.0,0.9938141283331651,0.6861895685022492,243.9697320121375,313.0538175294141,112.4403108405627,8675.0,156.0,8675.0,36.528950333676676
355,17.75,156.36536263464555,200.43609234698954,418.59452321657835,182.35284095223147,0.9750135091321733,243.9697320121375,313.0668285808084,276.52486719573744,276.52486719573744,36.54196138507098,0.11672255904824747,112.4403108405627,112.69877457523208,35.5751953125,113.56942810168715,112.4403108405627,80.0,0.47540983606557374,8675.0,20993.5,-12318.5,8675.0,9253.0,768.0,0.08300010807305738,2,0,1.45,0.9448909299655568,9.480528853322863,4.62253513308941,0.47540983606557374,4.0,8.0,4.0,8.0,32.0,44.0,156.0,0.9344262295081968,270,110.79137645606752,0.0,106,313.0668285808084,0.0,0.0,423.27415230407405,341.9944612110107,0.26036865970519807,0.2866266572030588,65.0376,1.0,0.6306735952316761,1.0,0.9938141283331651,0.6861895685022492,243.9697320121375,313.0538175294141,112.4403108405627,8677.0,156.0,8677.0,36.528950333676676
356,17.8,156.3649741061139,200.43726518729056,418.6863940470797,182.3375903341816,0.9749783923941227,243.96872376214608,312.98806771284956,276.52486719573744,276.52486719573744,36.463200517112114,0.1165002895591701,112.44035011899288,112.6990995618782,35.5751953125,113.56738730379797,112.44035011899288,80.0,0.47540983606557374,8677.0,20993.5,-12316.5,8677.0,9256.0,768.0,0.08297320656871218,2,0,1.45,0.9448909299655568,9.485915422879224,4.623541740421272,0.47540983606557374,4.0,8.0,4.0,8.0,32.0,44.0,156.0,0.9344262295081968,272,110.79133612273174,0.0,106,312.98806771284956,0.0012355196443676493,0.09312803470444918,423.27415230407405,341.9944612110107,0.2605547350124904,0.2866296053501951,65.1504,1.0,0.6306789828877318,1.0,0.9938153267819431,0.6865361288903782,243.96872376214608,312.98806771284956,112.44035011899288,8677.0,156.0,8677.0,36.463200517112114
357,17.85,156.3649741061139,200.43726518729056,418.6863940470797,182.3375903341816,0.9749783923941227,243.96872376214608,312.98806771284956,276.52486719573744,276.52486719573744,36.463200517112114,0.1165002895591701,112.44035011899288,112.6990995618782,35.5751953125,113.56738730379797,112.44035011899288,80.0,0.47540983606557374,8677.0,20993.5,-12316.5,8677.0,9256.0,768.0,0.08297320656871218,2,0,1.45,0.9448909299655568,9.485915422879224,4.623541740421272,0.47540983606557374,4.0,8.0,4.0,8.0,32.0,44.0,156.0,0.9344262295081968,272,110.79133612273174,0.0,106,312.98806771284956,0.0,0.0,423.27415230407405,341.9944612110107,0.2605547350124904,0.2866296053501951,65.2632,1.0,0.6306789828877318,1.0,0.9938153267819431,0.6865361288903782,243.96872376214608,312.98806771284956,112.44035011899288,8677.0,156.0,8677.0,36.463200517112114
358,17.9,156.3649741061139,200.43726518729056,418.6863940470797,182.3375903341816,0.9749783923941227,243.96872376214608,312.98806771284956,276.52486719573744,276.52486719573744,36.463200517112114,0.1165002895591701,112.44035011899288,112.6990995618782,35.5751953125,113.56738730379797,112.44035011899288,80.0,0.47540983606557374,8677.0,20993.5,-12316.5,8677.0,9256.0,768.0,0.08297320656871218,2,0,1.45,0.9448909299655568,9.485915422879224,4.623541740421272,0.47540983606557374,4.0,8.0,4.0,8.0,32.0,44.0,156.0,0.9344262295081968,272,110.79133612273174,0.0,106,312.98806771284956,0.0,0.0,423.27415230407405,341.9944612110107,0.2605547350124904,0.2866296053501951,65.3759,1.0,0.6306789828877318,1.0,0.9938153267819431,0.6865361288903782,243.96872376214608,312.98806771284956,112.44035011899288,8677.0,156.0,8677.0,36.463200517112114
359,17.95,156.3649741061139,200.43726518729056,418.6863940470797,182.3375903341816,0.9749783923941227,243.96872376214608,312.98806771284956,276.52486719573744,276.52486719573744,36.463200517112114,0.1165002895591701,112.44035011899288,112.6990995618782,35.5751953125,113.56738730379797,112.44035011899288,80.0,0.47540983606557374,8677.0,20993.5,-12316.5,8677.0,9256.0,768.0,0.08297320656871218,2,0,1.45,0.9448909299655568,9.485915422879224,4.623541740421272,0.47540983606557374,4.0,8.0,4.0,8.0,32.0,44.0,156.0,0.9344262295081968,272,110.79133612273174,0.0,106,312.98806771284956,0.0,0.0,423.27415230407405,341.9944612110107,0.2605547350124904,0.2866296053501951,65.4887,1.0,0.6306789828877318,1.0,0.9938153267819431,0.6865361288903782,243.96872376214608,312.98806771284956,112.44035011899288,8677.0,156.0,8677.0,36.463200517112114
360,18.0,156.3649741061139,200.43726518729056,418.6863940470797,182.3375903341816,0.9749783923941227,243.96872376214608,312.98806771284956,276.52486719573744,276.52486719573744,36.463200517112114,0.1165002895591701,112.44035011899288,112.6990995618782,35.5751953125,113.56738730379797,112.44035011899288,80.0,0.47540983606557374,8677.0,20993.5,-12316.5,8677.0,9256.0,768.0,0.08297320656871218,2,0,1.45,0.9448909299655568,9.485915422879224,4.623541740421272,0.47540983606557374,4.0,8.0,4.0,8.0,32.0,44.0,156.0,0.9344262295081968,272,110.79133612273174,0.0,106,312.98806771284956,0.0,0.0,423.27415230407405,341.9944612110107,0.2605547350124904,0.2866296053501951,65.6015,1.0,0.6306789828877318,1.0,0.9938153267819431,0.6865361288903782,243.96872376214608,312.98806771284956,112.44035011899288,8677.0,156.0,8677.0,36.463200517112114
361,18.05,156.3649741061139,200.43726518729056,418.6863940470797,182.3375903341816,0.9749783923941227,243.96872376214608,312.98806771284956,276.52486719573744,276.52486719573744,36.463200517112114,0.1165002895591701,112.44035011899288,112.6990995618782,35.5751953125,113.56738730379797,112.44035011899288,80.0,0.47540983606557374,8677.0,20993.5,-12316.5,8677.0,9256.0,768.0,0.08297320656871218,2,0,1.45,0.9448909299655568,9.485915422879224,4.623541740421272,0.47540983606557374,4.0,8.0,4.0,8.0,32.0,44.0,156.0,0.9344262295081968,272,110.79133612273174,0.0,106,312.98806771284956,0.0,0.0,423.27415230407405,341.9944612110107,0.2605547350124904,0.2866296053501951,65.7143,1.0,0.6306789828877318,1.0,0.9938153267819431,0.6865361288903782,243.96872376214608,312.98806771284956,112.44035011899288,8677.0,156.0,8677.0,36.463200517112114
362,18.1,156.3649741061139,200.43726518729056,418.6863940470797,182.3375903341816,0.9749783923941227,243.96872376214608,312.98806771284956,276.52486719573744,276.52486719573744,36.463200517112114,0.1165002895591701,112.44035011899288,112.6990995618782,35.5751953125,113.56738730379797,112.44035011899288,80.0,0.47540983606557374,8677.0,20993.5,-12316.5,8677.0,9256.0,768.0,0.08297320656871218,2,0,1.45,0.9448909299655568,9.485915422879224,4.623541740421272,0.47540983606557374,4.0,8.0,4.0,8.0,32.0,44.0,156.0,0.9344262295081968,272,110.79133612273174,0.0,106,312.98806771284956,0.0,0.0,423.27415230407405,341.9944612110107,0.2605547350124904,0.2866296053501951,65.8271,1.0,0.6306789828877318,1.0,0.9938153267819431,0.6865361288903782,243.96872376214608,312.98806771284956,112.44035011899288,8677.0,156.0,8677.0,36.463200517112114
363,18.15,156.3649741061139,200.43726518729056,418.6863940470797,182.3375903341816,0.9749783923941227,243.96872376214608,312.98806771284956,276.52486719573744,276.52486719573744,36.463200517112114,0.1165002895591701,112.44035011899288,112.6990995618782,35.5751953125,113.56738730379797,112.44035011899288,80.0,0.47540983606557374,8677.0,20993.5,-12316.5,8677.0,9256.0,768.0,0.08297320656871218,2,0,1.45,0.9448909299655568,9.485915422879224,4.623541740421272,0.47540983606557374,4.0,8.0,4.0,8.0,32.0,44.0,156.0,0.9344262295081968,272,110.79133612273174,0.0,106,312.98806771284956,0.0,0.0,423.27415230407405,341.9944612110107,0.2605547350124904,0.2866296053501951,65.9398,1.0,0.6306789828877318,1.0,0.9938153267819431,0.6865361288903782,243.96872376214608,312.98806771284956,112.44035011899288,8677.0,156.0,8677.0,36.463200517112114
364,18.2,156.3649741061139,200.43726518729056,418.6863940470797,182.3375903341816,0.9749783923941227,243.96872376214608,312.98806771284956,276.52486719573744,276.52486719573744,36.463200517112114,0.1165002895591701,112.44035011899288,112.6990995618782,35.5751953125,113.56738730379797,112.44035011899288,80.0,0.47540983606557374,8677.0,20993.5,-12316.5,8677.0,9256.0,768.0,0.08297320656871218,2,0,1.45,0.9448909299655568,9.485915422879224,4.623541740421272,0.47540983606557374,4.0,8.0,4.0,8.0,32.0,44.0,156.0,0.9344262295081968,272,110.79133612273174,0.0,106,312.98806771284956,0.0,0.0,423.27415230407405,341.9944612110107,0.2605547350124904,0.2866296053501951,66.0526,1.0,0.6306789828877318,1.0,0.9938153267819431,0.6865361288903782,243.96872376214608,312.98806771284956,112.44035011899288,8677.0,156.0,8677.0,36.463200517112114
365,18.25,156.3649741061139,200.43726518729056,418.6863940470797,182.3375903341816,0.9749783923941227,243.96872376214608,312.98806771284956,276.52486719573744,276.52486719573744,36.463200517112114,0.1165002895591701,112.44035011899288,112.6990995618782,35.5751953125,113.56738730379797,112.44035011899288,80.0,0.47540983606557374,8677.0,20993.5,-12316.5,8677.0,9256.0,768.0,0.08297320656871218,2,0,1.45,0.9448909299655568,9.485915422879224,4.623541740421272,0.47540983606557374,4.0,8.0,4.0,8.0,32.0,44.0,156.0,0.9344262295081968,272,110.79133612273174,0.0,106,312.98806771284956,0.0,0.0,423.27415230407405,341.9944612110107,0.2605547350124904,0.2866296053501951,66.1654,1.0,0.6306789828877318,1.0,0.9938153267819431,0.6865361288903782,243.96872376214608,312.98806771284956,112.44035011899288,8677.0,156.0,8677.0,36.463200517112114
366,18.3,156.3649741061139,200.43726518729056,418.6863940470797,182.3375903341816,0.9749783923941227,243.96872376214608,312.98806771284956,276.52486719573744,276.52486719573744,36.463200517112114,0.1165002895591701,112.44035011899288,112.6990995618782,35.5751953125,113.56738730379797,112.44035011899288,80.0,0.47540983606557374,8677.0,20993.5,-12316.5,8677.0,9256.0,768.0,0.08297320656871218,2,0,1.45,0.9448909299655568,9.485915422879224,4.623541740421272,0.47540983606557374,4.0,8.0,4.0,8.0,32.0,44.0,156.0,0.9344262295081968,272,110.79133612273174,0.0,106,312.98806771284956,0.0,0.0,423.27415230407405,341.9944612110107,0.2605547350124904,0.2866296053501951,66.2782,1.0,0.6306789828877318,1.0,0.9938153267819431,0.6865361288903782,243.96872376214608,312.98806771284956,112.44035011899288,8677.0,156.0,8677.0,36.463200517112114
367,18.35,156.3649741061139,200.43726518729056,418.6863940470797,182.3375903341816,0.9749783923941227,243.96872376214608,312.98806771284956,276.52486719573744,276.52486719573744,36.463200517112114,0.1165002895591701,112.44035011899288,112.6990995618782,35.5751953125,113.56738730379797,112.44035011899288,80.0,0.47540983606557374,8677.0,20993.5,-12316.5,8677.0,9256.0,768.0,0.08297320656871218,2,0,1.45,0.9448909299655568,9.485915422879224,4.623541740421272,0.47540983606557374,4.0,8.0,4.0,8.0,32.0,44.0,156.0,0.9344262295081968,272,110.79133612273174,0.0,106,312.98806771284956,0.0,0.0,423.27415230407405,341.9944612110107,0.2605547350124904,0.2866296053501951,66.391,1.0,0.6306789828877318,1.0,0.9938153267819431,0.6865361288903782,243.96872376214608,312.98806771284956,112.44035011899288,8677.0,156.0,8677.0,36.463200517112114
368,18.4,156.3649741061139,200.43726518729056,418.6863940470797,182.3375903341816,0.9749783923941227,243.96872376214608,312.98806771284956,276.52486719573744,276.52486719573744,36.463200517112114,0.1165002895591701,112.44035011899288,112.6990995618782,35.5751953125,113.56738730379797,112.44035011899288,80.0,0.47540983606557374,8677.0,20993.5,-12316.5,8677.0,9256.0,768.0,0.08297320656871218,2,0,1.45,0.9448909299655568,9.485915422879224,4.623541740421272,0.47540983606557374,4.0,8.0,4.0,8.0,32.0,44.0,156.0,0.9344262295081968,272,110.79133612273174,0.0,106,312.98806771284956,0.0,0.0,423.27415230407405,341.9944612110107,0.2605547350124904,0.2866296053501951,66.5038,1.0,0.6306789828877318,1.0,0.9938153267819431,0.6865361288903782,243.96872376214608,312.98806771284956,112.44035011899288,8677.0,156.0,8677.0,36.463200517112114
369,18.45,156.3649741061139,200.43726518729056,418.6863940470797,182.3375903341816,0.9749783923941227,243.96872376214608,312.98806771284956,276.52486719573744,276.52486719573744,36.463200517112114,0.1165002895591701,112.44035011899288,112.6990995618782,35.5751953125,113.56738730379797,112.44035011899288,80.0,0.47540983606557374,8677.0,20993.5,-12316.5,8677.0,9256.0,768.0,0.08297320656871218,2,0,1.45,0.9448909299655568,9.485915422879224,4.623541740421272,0.47540983606557374,4.0,8.0,4.0,8.0,32.0,44.0,156.0,0.9344262295081968,272,110.79133612273174,0.0,106,312.98806771284956,0.0,0.0,423.27415230407405,341.9944612110107,0.2605547350124904,0.2866296053501951,66.6165,1.0,0.6306789828877318,1.0,0.9938153267819431,0.6865361288903782,243.96872376214608,312.98806771284956,112.44035011899288,8677.0,156.0,8677.0,36.463200517112114
370,18.5,156.3649741061139,200.43726518729056,418.6863940470797,182.3375903341816,0.9749783923941227,243.96872376214608,312.98806771284956,276.52486719573744,276.52486719573744,36.463200517112114,0.1165002895591701,112.44035011899288,112.6990995618782,35.5751953125,113.56738730379797,112.44035011899288,80.0,0.47540983606557374,8677.0,20993.5,-12316.5,8677.0,9256.0,768.0,0.08297320656871218,2,0,1.45,0.9448909299655568,9.485915422879224,4.623541740421272,0.47540983606557374,4.0,8.0,4.0,8.0,32.0,44.0,156.0,0.9344262295081968,272,110.79133612273174,0.0,106,312.98806771284956,0.0,0.0,423.27415230407405,341.9944612110107,0.2605547350124904,0.2866296053501951,66.7293,1.0,0.6306789828877318,1.0,0.9938153267819431,0.6865361288903782,243.96872376214608,312.98806771284956,112.44035011899288,8677.0,156.0,8677.0,36.463200517112114
371,18.55,156.3649741061139,200.43726518729056,418.6863940470797,182.3375903341816,0.9749783923941227,243.96872376214608,312.98806771284956,276.52486719573744,276.52486719573744,36.463200517112114,0.1165002895591701,112.44035011899288,112.6990995618782,35.5751953125,113.56738730379797,112.44035011899288,80.0,0.47540983606557374,8677.0,20993.5,-12316.5,8677.0,9256.0,768.0,0.08297320656871218,2,0,1.45,0.9448909299655568,9.485915422879224,4.623541740421272,0.47540983606557374,4.0,8.0,4.0,8.0,32.0,44.0,156.0,0.9344262295081968,272,110.79133612273174,0.0,106,312.98806771284956,0.0,0.0,423.27415230407405,341.9944612110107,0.2605547350124904,0.2866296053501951,66.8421,1.0,0.6306789828877318,1.0,0.9938153267819431,0.6865361288903782,243.96872376214608,312.98806771284956,112.44035011899288,8677.0,156.0,8677.0,36.463200517112114
372,18.6,156.3649741061139,200.43726518729056,418.6863940470797,182.3375903341816,0.9749783923941227,243.96872376214608,312.98806771284956,276.52486719573744,276.52486719573744,36.463200517112114,0.1165002895591701,112.44035011899288,112.6990995618782,35.5751953125,113.56738730379797,112.44035011899288,80.0,0.47540983606557374,8677.0,20993.5,-12316.5,8677.0,9256.0,768.0,0.08297320656871218,2,0,1.45,0.9448909299655568,9.485915422879224,4.623541740421272,0.47540983606557374,4.0,8.0,4.0,8.0,32.0,44.0,156.0,0.9344262295081968,272,110.79133612273174,0.0,106,312.98806771284956,0.0,0.0,423.27415230407405,341.9944612110107,0.2605547350124904,0.2866296053501951,66.9549,1.0,0.6306789828877318,1.0,0.9938153267819431,0.6865361288903782,243.96872376214608,312.98806771284956,112.44035011899288,8677.0,156.0,8677.0,36.463200517112114
373,18.65,156.3649741061139,200.43726518729056,418.6863940470797,182.3375903341816,0.9749783923941227,243.96872376214608,312.98806771284956,276.52486719573744,276.52486719573744,36.463200517112114,0.1165002895591701,112.44035011899288,112.6990995618782,35.5751953125,113.56738730379797,112.44035011899288,80.0,0.47540983606557374,8677.0,20993.5,-12316.5,8677.0,9256.0,768.0,0.08297320656871218,2,0,1.45,0.9448909299655568,9.485915422879224,4.623541740421272,0.47540983606557374,4.0,8.0,4.0,8.0,32.0,44.0,156.0,0.9344262295081968,272,110.79133612273174,0.0,106,312.98806771284956,0.0,0.0,423.27415230407405,341.9944612110107,0.2605547350124904,0.2866296053501951,67.0677,1.0,0.6306789828877318,1.0,0.9938153267819431,0.6865361288903782,243.96872376214608,312.98806771284956,112.44035011899288,8677.0,156.0,8677.0,36.463200517112114
374,18.7,156.3649741061139,200.43726518729056,418.6863940470797,182.3375903341816,0.9749783923941227,243.96872376214608,312.98806771284956,276.52486719573744,276.52486719573744,36.463200517112114,0.1165002895591701,112.44035011899288,112.6990995618782,35.5751953125,113.56738730379797,112.44035011899288,80.0,0.47540983606557374,8677.0,20993.5,-12316.5,8677.0,9256.0,768.0,0.08297320656871218,2,0,1.45,0.9448909299655568,9.485915422879224,4.623541740421272,0.47540983606557374,4.0,8.0,4.0,8.0,32.0,44.0,156.0,0.9344262295081968,272,110.79133612273174,0.0,106,312.98806771284956,0.0,0.0,423.27415230407405,341.9944612110107,0.2605547350124904,0.2866296053501951,67.1805,1.0,0.6306789828877318,1.0,0.9938153267819431,0.6865361288903782,243.96872376214608,312.98806771284956,112.44035011899288,8677.0,156.0,8677.0,36.463200517112114
375,18.75,156.3649741061139,200.43726518729056,418.6863940470797,182.3375903341816,0.9749783923941227,243.96872376214608,312.98806771284956,276.52486719573744,276.52486719573744,36.463200517112114,0.1165002895591701,112.44035011899288,112.6990995618782,35.5751953125,113.56738730379797,112.44035011899288,80.0,0.47540983606557374,8677.0,20993.5,-12316.5,8677.0,9256.0,768.0,0.08297320656871218,2,0,1.45,0.9448909299655568,9.485915422879224,4.623541740421272,0.47540983606557374,4.0,8.0,4.0,8.0,32.0,44.0,156.0,0.9344262295081968,272,110.79133612273174,0.0,106,312.98806771284956,0.0,0.0,423.27415230407405,341.9944612110107,0.2605547350124904,0.2866296053501951,67.2932,1.0,0.6306789828877318,1.0,0.9938153267819431,0.6865361288903782,243.96872376214608,312.98806771284956,112.44035011899288,8677.0,156.0,8677.0,36.463200517112114
376,18.8,156.3649741061139,200.43726518729056,418.6863940470797,182.3375903341816,0.9749783923941227,243.96872376214608,312.98806771284956,276.52486719573744,276.52486719573744,36.463200517112114,0.1165002895591701,112.44035011899288,112.6990995618782,35.5751953125,113.56738730379797,112.44035011899288,80.0,0.47540983606557374,8677.0,20993.5,-12316.5,8677.0,9256.0,768.0,0.08297320656871218,2,0,1.45,0.9448909299655568,9.485915422879224,4.623541740421272,0.47540983606557374,4.0,8.0,4.0,8.0,32.0,44.0,156.0,0.9344262295081968,272,110.79133612273174,0.0,106,312.98806771284956,0.0,0.0,423.27415230407405,341.9944612110107,0.2605547350124904,0.2866296053501951,67.406,1.0,0.6306789828877318,1.0,0.9938153267819431,0.6865361288903782,243.96872376214608,312.98806771284956,112.44035011899288,8677.0,156.0,8677.0,36.463200517112114
377,18.85,156.3649741061139,200.43726518729056,418.6863940470797,182.3375903341816,0.9749783923941227,243.96872376214608,312.98806771284956,276.52486719573744,276.52486719573744,36.463200517112114,0.1165002895591701,112.44035011899288,112.6990995618782,35.5751953125,113.56738730379797,112.44035011899288,80.0,0.47540983606557374,8677.0,20993.5,-12316.5,8677.0,9256.0,768.0,0.08297320656871218,2,0,1.45,0.9448909299655568,9.485915422879224,4.623541740421272,0.47540983606557374,4.0,8.0,4.0,8.0,32.0,44.0,156.0,0.9344262295081968,272,110.79133612273174,0.0,106,312.98806771284956,0.0,0.0,423.27415230407405,341.9944612110107,0.2605547350124904,0.2866296053501951,67.5188,1.0,0.6306789828877318,1.0,0.9938153267819431,0.6865361288903782,243.96872376214608,312.98806771284956,112.44035011899288,8677.0,156.0,8677.0,36.463200517112114
378,18.9,156.3649741061139,200.43726518729056,418.6863940470797,182.3375903341816,0.9749783923941227,243.96872376214608,312.98806771284956,276.52486719573744,276.52486719573744,36.463200517112114,0.1165002895591701,112.44035011899288,112.6990995618782,35.5751953125,113.56738730379797,112.44035011899288,80.0,0.47540983606557374,8677.0,20993.5,-12316.5,8677.0,9256.0,768.0,0.08297320656871218,2,0,1.45,0.9448909299655568,9.485915422879224,4.623541740421272,0.47540983606557374,4.0,8.0,4.0,8.0,32.0,44.0,156.0,0.9344262295081968,272,110.79133612273174,0.0,106,312.98806771284956,0.0,0.0,423.27415230407405,341.9944612110107,0.2605547350124904,0.2866296053501951,67.6316,1.0,0.6306789828877318,1.0,0.9938153267819431,0.6865361288903782,243.96872376214608,312.98806771284956,112.44035011899288,8677.0,156.0,8677.0,36.463200517112114
379,18.95,156.3649741061139,200.43726518729056,418.6863940470797,182.3375903341816,0.9749783923941227,243.96872376214608,312.98806771284956,276.52486719573744,276.52486719573744,36.463200517112114,0.1165002895591701,112.44035011899288,112.6990995618782,35.5751953125,113.56738730379797,112.44035011899288,80.0,0.47540983606557374,8677.0,20993.5,-12316.5,8677.0,9256.0,768.0,0.08297320656871218,2,0,1.45,0.9448909299655568,9.485915422879224,4.623541740421272,0.47540983606557374,4.0,8.0,4.0,8.0,32.0,44.0,156.0,0.9344262295081968,272,110.79133612273174,0.0,106,312.98806771284956,0.0,0.0,423.27415230407405,341.9944612110107,0.2605547350124904,0.2866296053501951,67.7444,1.0,0.6306789828877318,1.0,0.9938153267819431,0.6865361288903782,243.96872376214608,312.98806771284956,112.44035011899288,8677.0,156.0,8677.0,36.463200517112114
380,19.0,156.3649741061139,200.43726518729056,418.6863940470797,182.3375903341816,0.9749783923941227,243.96872376214608,312.98806771284956,276.52486719573744,276.52486719573744,36.463200517112114,0.1165002895591701,112.44035011899288,112.6990995618782,35.5751953125,113.56738730379797,112.44035011899288,80.0,0.47540983606557374,8677.0,20993.5,-12316.5,8677.0,9256.0,768.0,0.08297320656871218,2,0,1.45,0.9448909299655568,9.485915422879224,4.623541740421272,0.47540983606557374,4.0,8.0,4.0,8.0,32.0,44.0,156.0,0.9344262295081968,272,110.79133612273174,0.0,106,312.98806771284956,0.0,0.0,423.27415230407405,341.9944612110107,0.2605547350124904,0.2866296053501951,67.8571,1.0,0.6306789828877318,1.0,0.9938153267819431,0.6865361288903782,243.96872376214608,312.98806771284956,112.44035011899288,8677.0,156.0,8677.0,36.463200517112114
381,19.05,156.3649741061139,200.43726518729056,418.6863940470797,182.3375903341816,0.9749783923941227,243.96872376214608,312.98806771284956,276.52486719573744,276.52486719573744,36.463200517112114,0.1165002895591701,112.44035011899288,112.6990995618782,35.5751953125,113.56738730379797,112.44035011899288,80.0,0.47540983606557374,8677.0,20993.5,-12316.5,8677.0,9256.0,768.0,0.08297320656871218,2,0,1.45,0.9448909299655568,9.485915422879224,4.623541740421272,0.47540983606557374,4.0,8.0,4.0,8.0,32.0,44.0,156.0,0.9344262295081968,272,110.79133612273174,0.0,106,312.98806771284956,0.0,0.0,423.27415230407405,341.9944612110107,0.2605547350124904,0.2866296053501951,67.9699,1.0,0.6306789828877318,1.0,0.9938153267819431,0.6865361288903782,243.96872376214608,312.98806771284956,112.44035011899288,8677.0,156.0,8677.0,36.463200517112114
382,19.1,156.3649741061139,200.43726518729056,418.6863940470797,182.3375903341816,0.9749783923941227,243.96872376214608,312.98806771284956,276.52486719573744,276.52486719573744,36.463200517112114,0.1165002895591701,112.44035011899288,112.6990995618782,35.5751953125,113.56738730379797,112.44035011899288,80.0,0.47540983606557374,8677.0,20993.5,-12316.5,8677.0,9256.0,768.0,0.08297320656871218,2,0,1.45,0.9448909299655568,9.485915422879224,4.623541740421272,0.47540983606557374,4.0,8.0,4.0,8.0,32.0,44.0,156.0,0.9344262295081968,272,110.79133612273174,0.0,106,312.98806771284956,0.0,0.0,423.27415230407405,341.9944612110107,0.2605547350124904,0.2866296053501951,68.0827,1.0,0.6306789828877318,1.0,0.9938153267819431,0.6865361288903782,243.96872376214608,312.98806771284956,112.44035011899288,8677.0,156.0,8677.0,36.463200517112114
383,19.15,156.3649741061139,200.43726518729056,418.6863940470797,182.3375903341816,0.9749783923941227,243.96872376214608,312.98806771284956,276.52486719573744,276.52486719573744,36.463200517112114,0.1165002895591701,112.44035011899288,112.6990995618782,35.5751953125,113.56738730379797,112.44035011899288,80.0,0.47540983606557374,8677.0,20993.5,-12316.5,8677.0,9256.0,768.0,0.08297320656871218,2,0,1.45,0.9448909299655568,9.485915422879224,4.623541740421272,0.47540983606557374,4.0,8.0,4.0,8.0,32.0,44.0,156.0,0.9344262295081968,272,110.79133612273174,0.0,106,312.98806771284956,0.0,0.0,423.27415230407405,341.9944612110107,0.2605547350124904,0.2866296053501951,68.1955,1.0,0.6306789828877318,1.0,0.9938153267819431,0.6865361288903782,243.96872376214608,312.98806771284956,112.44035011899288,8677.0,156.0,8677.0,36.463200517112114
384,19.2,156.3649741061139,200.43726518729056,418.6863940470797,182.3375903341816,0.9749783923941227,243.96872376214608,312.98806771284956,276.52486719573744,276.52486719573744,36.463200517112114,0.1165002895591701,112.44035011899288,112.6990995618782,35.5751953125,113.56738730379797,112.44035011899288,80.0,0.47540983606557374,8677.0,20993.5,-12316.5,8677.0,9256.0,768.0,0.08297320656871218,2,0,1.45,0.9448909299655568,9.485915422879224,4.623541740421272,0.47540983606557374,4.0,8.0,4.0,8.0,32.0,44.0,156.0,0.9344262295081968,272,110.79133612273174,0.0,106,312.98806771284956,0.0,0.0,423.27415230407405,341.9944612110107,0.2605547350124904,0.2866296053501951,68.3083,1.0,0.6306789828877318,1.0,0.9938153267819431,0.6865361288903782,243.96872376214608,312.98806771284956,112.44035011899288,8677.0,156.0,8677.0,36.463200517112114
385,19.25,156.3649741061139,200.43726518729056,418.6863940470797,182.3375903341816,0.9749783923941227,243.96872376214608,312.98806771284956,276.52486719573744,276.52486719573744,36.463200517112114,0.1165002895591701,112.44035011899288,112.6990995618782,35.5751953125,113.56738730379797,112.44035011899288,80.0,0.47540983606557374,8677.0,20993.5,-12316.5,8677.0,9256.0,768.0,0.08297320656871218,2,0,1.45,0.9448909299655568,9.485915422879224,4.623541740421272,0.47540983606557374,4.0,8.0,4.0,8.0,32.0,44.0,156.0,0.9344262295081968,272,110.79133612273174,0.0,106,312.98806771284956,0.0,0.0,423.27415230407405,341.9944612110107,0.2605547350124904,0.2866296053501951,68.4211,1.0,0.6306789828877318,1.0,0.9938153267819431,0.6865361288903782,243.96872376214608,312.98806771284956,112.44035011899288,8677.0,156.0,8677.0,36.463200517112114
386,19.3,156.3649741061139,200.43726518729056,418.6863940470797,182.3375903341816,0.9749783923941227,243.96872376214608,312.98806771284956,276.52486719573744,276.52486719573744,36.463200517112114,0.1165002895591701,112.44035011899288,112.6990995618782,35.5751953125,113.56738730379797,112.44035011899288,80.0,0.47540983606557374,8677.0,20993.5,-12316.5,8677.0,9256.0,768.0,0.08297320656871218,2,0,1.45,0.9448909299655568,9.485915422879224,4.623541740421272,0.47540983606557374,4.0,8.0,4.0,8.0,32.0,44.0,156.0,0.9344262295081968,272,110.79133612273174,0.0,106,312.98806771284956,0.0,0.0,423.27415230407405,341.9944612110107,0.2605547350124904,0.2866296053501951,68.5338,1.0,0.6306789828877318,1.0,0.9938153267819431,0.6865361288903782,243.96872376214608,312.98806771284956,112.44035011899288,8677.0,156.0,8677.0,36.463200517112114
387,19.35,156.3649741061139,200.43726518729056,418.6863940470797,182.3375903341816,0.9749783923941227,243.96872376214608,312.98806771284956,276.52486719573744,276.52486719573744,36.463200517112114,0.1165002895591701,112.44035011899288,112.6990995618782,35.5751953125,113.56738730379797,112.44035011899288,80.0,0.47540983606557374,8677.0,20993.5,-12316.5,8677.0,9256.0,768.0,0.08297320656871218,2,0,1.45,0.9448909299655568,9.485915422879224,4.623541740421272,0.47540983606557374,4.0,8.0,4.0,8.0,32.0,44.0,156.0,0.9344262295081968,272,110.79133612273174,0.0,106,312.98806771284956,0.0,0.0,423.27415230407405,341.9944612110107,0.2605547350124904,0.2866296053501951,68.6466,1.0,0.6306789828877318,1.0,0.9938153267819431,0.6865361288903782,243.96872376214608,312.98806771284956,112.44035011899288,8677.0,156.0,8677.0,36.463200517112114
388,19.4,156.3649741061139,200.43726518729056,418.6863940470797,182.3375903341816,0.9749783923941227,243.96872376214608,312.98806771284956,276.52486719573744,276.52486719573744,36.463200517112114,0.1165002895591701,112.44035011899288,112.6990995618782,35.5751953125,113.56738730379797,112.44035011899288,80.0,0.47540983606557374,8677.0,20993.5,-12316.5,8677.0,9256.0,768.0,0.08297320656871218,2,0,1.45,0.9448909299655568,9.485915422879224,4.623541740421272,0.47540983606557374,4.0,8.0,4.0,8.0,32.0,44.0,156.0,0.9344262295081968,272,110.79133612273174,0.0,106,312.98806771284956,0.0,0.0,423.27415230407405,341.9944612110107,0.2605547350124904,0.2866296053501951,68.7594,1.0,0.6306789828877318,1.0,0.9938153267819431,0.6865361288903782,243.96872376214608,312.98806771284956,112.44035011899288,8677.0,156.0,8677.0,36.463200517112114
389,19.45,156.3649741061139,200.43726518729056,418.6863940470797,182.3375903341816,0.9749783923941227,243.96872376214608,312.98806771284956,276.52486719573744,276.52486719573744,36.463200517112114,0.1165002895591701,112.44035011899288,112.6990995618782,35.5751953125,113.56738730379797,112.44035011899288,80.0,0.47540983606557374,8677.0,20993.5,-12316.5,8677.0,9256.0,768.0,0.08297320656871218,2,0,1.45,0.9448909299655568,9.485915422879224,4.623541740421272,0.47540983606557374,4.0,8.0,4.0,8.0,32.0,44.0,156.0,0.9344262295081968,272,110.79133612273174,0.0,106,312.98806771284956,0.0,0.0,423.27415230407405,341.9944612110107,0.2605547350124904,0.2866296053501951,68.8722,1.0,0.6306789828877318,1.0,0.9938153267819431,0.6865361288903782,243.96872376214608,312.98806771284956,112.44035011899288,8677.0,156.0,8677.0,36.463200517112114
390,19.5,156.3649741061139,200.43726518729056,418.6863940470797,182.3375903341816,0.9749783923941227,243.96872376214608,312.98806771284956,276.52486719573744,276.52486719573744,36.463200517112114,0.1165002895591701,112.44035011899288,112.6990995618782,35.5751953125,113.56738730379797,112.44035011899288,80.0,0.47540983606557374,8677.0,20993.5,-12316.5,8677.0,9256.0,768.0,0.08297320656871218,2,0,1.45,0.9448909299655568,9.485915422879224,4.623541740421272,0.47540983606557374,4.0,8.0,4.0,8.0,32.0,44.0,156.0,0.9344262295081968,272,110.79133612273174,0.0,106,312.98806771284956,0.0,0.0,423.27415230407405,341.9944612110107,0.2605547350124904,0.2866296053501951,68.985,1.0,0.6306789828877318,1.0,0.9938153267819431,0.6865361288903782,243.96872376214608,312.98806771284956,112.44035011899288,8677.0,156.0,8677.0,36.463200517112114
391,19.55,156.3649741061139,200.43726518729056,418.6863940470797,182.3375903341816,0.9749783923941227,243.96872376214608,312.98806771284956,276.52486719573744,276.52486719573744,36.463200517112114,0.1165002895591701,112.44035011899288,112.6990995618782,35.5751953125,113.56738730379797,112.44035011899288,80.0,0.47540983606557374,8677.0,20993.5,-12316.5,8677.0,9256.0,768.0,0.08297320656871218,2,0,1.45,0.9448909299655568,9.485915422879224,4.623541740421272,0.47540983606557374,4.0,8.0,4.0,8.0,32.0,44.0,156.0,0.9344262295081968,272,110.79133612273174,0.0,106,312.98806771284956,0.0,0.0,423.27415230407405,341.9944612110107,0.2605547350124904,0.2866296053501951,69.0977,1.0,0.6306789828877318,1.0,0.9938153267819431,0.6865361288903782,243.96872376214608,312.98806771284956,112.44035011899288,8677.0,156.0,8677.0,36.463200517112114
392,19.6,156.3649741061139,200.43726518729056,418.6863940470797,182.3375903341816,0.9749783923941227,243.96872376214608,312.98806771284956,276.52486719573744,276.52486719573744,36.463200517112114,0.1165002895591701,112.44035011899288,112.6990995618782,35.5751953125,113.56738730379797,112.44035011899288,80.0,0.47540983606557374,8677.0,20993.5,-12316.5,8677.0,9256.0,768.0,0.08297320656871218,2,0,1.45,0.9448909299655568,9.485915422879224,4.623541740421272,0.47540983606557374,4.0,8.0,4.0,8.0,32.0,44.0,156.0,0.9344262295081968,272,110.79133612273174,0.0,106,312.98806771284956,0.0,0.0,423.27415230407405,341.9944612110107,0.2605547350124904,0.2866296053501951,69.2105,1.0,0.6306789828877318,1.0,0.9938153267819431,0.6865361288903782,243.96872376214608,312.98806771284956,112.44035011899288,8677.0,156.0,8677.0,36.463200517112114
393,19.65,156.3649741061139,200.43726518729056,418.6863940470797,182.3375903341816,0.9749783923941227,243.96872376214608,312.98806771284956,276.52486719573744,276.52486719573744,36.463200517112114,0.1165002895591701,112.44035011899288,112.6990995618782,35.5751953125,113.56738730379797,112.44035011899288,80.0,0.47540983606557374,8677.0,20993.5,-12316.5,8677.0,9256.0,768.0,0.08297320656871218,2,0,1.45,0.9448909299655568,9.485915422879224,4.623541740421272,0.47540983606557374,4.0,8.0,4.0,8.0,32.0,44.0,156.0,0.9344262295081968,272,110.79133612273174,0.0,106,312.98806771284956,0.0,0.0,423.27415230407405,341.9944612110107,0.2605547350124904,0.2866296053501951,69.3233,1.0,0.6306789828877318,1.0,0.9938153267819431,0.6865361288903782,243.96872376214608,312.98806771284956,112.44035011899288,8677.0,156.0,8677.0,36.463200517112114
394,19.7,156.3649741061139,200.43726518729056,418.6863940470797,182.3375903341816,0.9749783923941227,243.96872376214608,312.98806771284956,276.52486719573744,276.52486719573744,36.463200517112114,0.1165002895591701,112.44035011899288,112.6990995618782,35.5751953125,113.56738730379797,112.44035011899288,80.0,0.47540983606557374,8677.0,20993.5,-12316.5,8677.0,9256.0,768.0,0.08297320656871218,2,0,1.45,0.9448909299655568,9.485915422879224,4.623541740421272,0.47540983606557374,4.0,8.0,4.0,8.0,32.0,44.0,156.0,0.9344262295081968,272,110.79133612273174,0.0,106,312.98806771284956,0.0,0.0,423.27415230407405,341.9944612110107,0.2605547350124904,0.2866296053501951,69.4361,1.0,0.6306789828877318,1.0,0.9938153267819431,0.6865361288903782,243.96872376214608,312.98806771284956,112.44035011899288,8677.0,156.0,8677.0,36.463200517112114
395,19.75,156.3649741061139,200.43726518729056,418.6863940470797,182.3375903341816,0.9749783923941227,243.96872376214608,312.98806771284956,276.52486719573744,276.52486719573744,36.463200517112114,0.1165002895591701,112.44035011899288,112.6990995618782,35.5751953125,113.56738730379797,112.44035011899288,80.0,0.47540983606557374,8677.0,20993.5,-12316.5,8677.0,9256.0,768.0,0.08297320656871218,2,0,1.45,0.9448909299655568,9.485915422879224,4.623541740421272,0.47540983606557374,4.0,8.0,4.0,8.0,32.0,44.0,156.0,0.9344262295081968,272,110.79133612273174,0.0,106,312.98806771284956,0.0,0.0,423.27415230407405,341.9944612110107,0.2605547350124904,0.2866296053501951,69.5489,1.0,0.6306789828877318,1.0,0.9938153267819431,0.6865361288903782,243.96872376214608,312.98806771284956,112.44035011899288,8677.0,156.0,8677.0,36.463200517112114
396,19.8,156.3649741061139,200.43726518729056,418.6863940470797,182.3375903341816,0.9749783923941227,243.96872376214608,312.98806771284956,276.52486719573744,276.52486719573744,36.463200517112114,0.1165002895591701,112.44035011899288,112.6990995618782,35.5751953125,113.56738730379797,112.44035011899288,80.0,0.47540983606557374,8677.0,20993.5,-12316.5,8677.0,9256.0,768.0,0.08297320656871218,2,0,1.45,0.9448909299655568,9.485915422879224,4.623541740421272,0.47540983606557374,4.0,8.0,4.0,8.0,32.0,44.0,156.0,0.9344262295081968,272,110.79133612273174,0.0,106,312.98806771284956,0.0,0.0,423.27415230407405,341.9944612110107,0.2605547350124904,0.2866296053501951,69.6617,1.0,0.6306789828877318,1.0,0.9938153267819431,0.6865361288903782,243.96872376214608,312.98806771284956,112.44035011899288,8677.0,156.0,8677.0,36.463200517112114
397,19.85,156.3649741061139,200.43726518729056,418.6863940470797,182.3375903341816,0.9749783923941227,243.96872376214608,312.98806771284956,276.52486719573744,276.52486719573744,36.463200517112114,0.1165002895591701,112.44035011899288,112.6990995618782,35.5751953125,113.56738730379797,112.44035011899288,80.0,0.47540983606557374,8677.0,20993.5,-12316.5,8677.0,9256.0,768.0,0.08297320656871218,2,0,1.45,0.9448909299655568,9.485915422879224,4.623541740421272,0.47540983606557374,4.0,8.0,4.0,8.0,32.0,44.0,156.0,0.9344262295081968,272,110.79133612273174,0.0,106,312.98806771284956,0.0,0.0,423.27415230407405,341.9944612110107,0.2605547350124904,0.2866296053501951,69.7744,1.0,0.6306789828877318,1.0,0.9938153267819431,0.6865361288903782,243.96872376214608,312.98806771284956,112.44035011899288,8677.0,156.0,8677.0,36.463200517112114
398,19.9,156.3649741061139,200.43726518729056,418.6863940470797,182.3375903341816,0.9749783923941227,243.96872376214608,312.98806771284956,276.52486719573744,276.52486719573744,36.463200517112114,0.1165002895591701,112.44035011899288,112.6990995618782,35.5751953125,113.56738730379797,112.44035011899288,80.0,0.47540983606557374,8677.0,20993.5,-12316.5,8677.0,9256.0,768.0,0.08297320656871218,2,0,1.45,0.9448909299655568,9.485915422879224,4.623541740421272,0.47540983606557374,4.0,8.0,4.0,8.0,32.0,44.0,156.0,0.9344262295081968,272,110.79133612273174,0.0,106,312.98806771284956,0.0,0.0,423.27415230407405,341.9944612110107,0.2605547350124904,0.2866296053501951,69.8872,1.0,0.6306789828877318,1.0,0.9938153267819431,0.6865361288903782,243.96872376214608,312.98806771284956,112.44035011899288,8677.0,156.0,8677.0,36.463200517112114
399,19.95,156.3649741061139,200.43726518729056,418.6863940470797,182.3375903341816,0.9749783923941227,243.96872376214608,312.98806771284956,276.52486719573744,276.52486719573744,36.463200517112114,0.1165002895591701,112.44035011899288,112.6990995618782,35.5751953125,113.56738730379797,112.44035011899288,80.0,0.47540983606557374,8677.0,20993.5,-12316.5,8677.0,9256.0,768.0,0.08297320656871218,2,0,1.45,0.9448909299655568,9.485915422879224,4.623541740421272,0.47540983606557374,4.0,8.0,4.0,8.0,32.0,44.0,156.0,0.9344262295081968,272,110.79133612273174,0.0,106,312.98806771284956,0.0,0.0,423.27415230407405,341.9944612110107,0.2605547350124904,0.2866296053501951,70.0,1.0,0.6306789828877318,1.0,0.9938153267819431,0.6865361288903782,243.96872376214608,312.98806771284956,112.44035011899288,8677.0,156.0,8677.0,36.463200517112114
