frame,time_sec,anchor_x,anchor_y,tip_x,tip_y,quality,length_env_px,length_axis_px,length_axis_skeleton_px,length_axis_alt_px,length_axis_disagreement_px,centerline_disagreement,diameter_max_px,diameter_max_orth_px,diameter_max_thickness_px,diameter_max_feret_px,diameter_p95_px,diameter_peak_span_px,diameter_peak_pos_norm,area_proj_px2,area_proj_contour_px2,area_proj_definition_gap_px2,body_mask_area_px2,component_area_px2,excluded_attachment_area_px2,body_mask_attachment_leak_fraction,attachment_count,attachment_border_touch_count,attachment_max_elongation,attachment_max_solidity,attachment_max_orientation_mismatch_deg,attachment_max_distance_to_main_axis_px,x_peak_norm,taper_left_px,taper_right_px,landing_zone_left_px,landing_zone_right_px,transition_zone_left_px,transition_zone_right_px,compaction_zone_length_px,zone_symmetry,branch_count_after_pruning,endpoint_jump_px,axis_peak_position_stability,centerline_points,length_axis_formal_px,anchor_jump_px,tip_jump_px,length_axis_ref_px,length_env_ref_px,foreshortening_axis,foreshortening_env,temperature_c,austenite_fraction,length_env_recovery,length_axis_recovery,diameter_max_recovery,area_proj_recovery,length_env_smooth,length_axis_smooth,diameter_max_smooth,area_proj_smooth_px2,compaction_zone_smooth,body_mask_area_smooth_px2,axis_definition_gap_smooth_px
0,0.0,125.96297135798231,201.28900149970892,464.8608319298164,184.65967686147644,0.6808990992387628,352.18675220909034,394.4090752162859,348.77846319733356,348.77846319733356,45.63061201895232,0.11569361580721596,51.5,51.5,36.3565673828125,86.86811475618163,46.29999999999999,341.49513945658185,0.8962642308975007,5640.932231580435,24390.0,-18749.067768419565,10435.0,10767.0,332.0,0.030834958670010217,1,0,1.588235294117647,0.8862275449101796,4.90192778161257,3.712138931447731,0.8962642308975007,0.0,0.0,0.0,0.0,5.999790223131043,25.914512380912527,362.4947726122423,0.9495074444043645,264,177.18098370282564,0.0,133,405.6918859589806,,,423.27415230407405,352.18675220909034,0.06819475493757987,0.0,25.0,0.0,0.11454089909127252,0.007537367426189602,0.09786042317048593,0.5412736904806484,351.8768019014851,405.6918859589806,51.5,5333.07773315991,368.2222932264773,9342.0,76.88144498422781
1,0.05,126.04841231479587,200.37863398529498,465.136889444101,185.17026164392425,0.649485923807495,351.8768019014851,405.6918859589806,328.8104409747528,328.8104409747528,76.88144498422781,0.1895069821337301,51.5,51.5,36.756591796875,82.01896874198536,47.05,0.0,0.04436819553793564,5333.07773315991,22752.5,-17419.42226684009,9342.0,9663.0,321.0,0.0332194970506054,1,0,1.6875,0.8892355694227769,3.2702295302097713,3.5302114779180567,0.04436819553793564,0.0,0.0,0.0,0.0,5.9999652126134375,31.469627519889855,368.2222932264773,0.9372191971572937,211,135.08257036207058,0.851896035359565,137,405.6918859589806,0.9143681798933191,0.5804348122401385,423.27415230407405,352.18675220909034,0.041538719643959277,0.0008800737269674119,25.1128,0.0,0.11631599844211049,0.007537367426189602,0.09786042317048593,0.48539509789284746,351.8768019014851,405.6918859589806,51.5,5333.07773315991,368.2222932264773,9342.0,76.88144498422781
2,0.1,126.04841231479587,200.37863398529498,465.136889444101,185.17026164392425,0.649485923807495,351.8768019014851,405.6918859589806,328.8104409747528,328.8104409747528,76.88144498422781,0.1895069821337301,51.5,51.5,36.756591796875,82.01896874198536,47.05,0.0,0.04436819553793564,5333.07773315991,22752.5,-17419.42226684009,9342.0,9663.0,321.0,0.0332194970506054,1,0,1.6875,0.8892355694227769,3.2702295302097713,3.5302114779180567,0.04436819553793564,0.0,0.0,0.0,0.0,5.9999652126134375,31.469627519889855,368.2222932264773,0.9372191971572937,211,135.08257036207058,0.0,137,405.6918859589806,0.0,0.0,423.27415230407405,352.18675220909034,0.041538719643959277,0.0008800737269674119,25.2256,0.0,0.11631599844211049,0.007537367426189602,0.09786042317048593,0.48539509789284746,351.8768019014851,405.6918859589806,51.5,5333.07773315991,368.2222932264773,9342.0,76.88144498422781
3,0.15,126.04841231479587,200.37863398529498,465.136889444101,185.17026164392425,0.649485923807495,351.8768019014851,405.6918859589806,328.8104409747528,328.8104409747528,76.88144498422781,0.1895069821337301,51.5,51.5,36.756591796875,82.01896874198536,47.05,0.0,0.04436819553793564,5333.07773315991,22752.5,-17419.42226684009,9342.0,9663.0,321.0,0.0332194970506054,1,0,1.6875,0.8892355694227769,3.2702295302097713,3.5302114779180567,0.04436819553793564,0.0,0.0,0.0,0.0,5.9999652126134375,31.469627519889855,368.2222932264773,0.9372191971572937,211,135.08257036207058,0.0,137,405.6918859589806,0.0,0.0,423.27415230407405,352.18675220909034,0.041538719643959277,0.0008800737269674119,25.3383,0.0,0.11631599844211049,0.007537367426189602,0.09786042317048593,0.48539509789284746,351.8768019014851,405.6918859589806,51.5,5333.07773315991,368.2222932264773,9342.0,76.88144498422781
4,0.2,126.04841231479587,200.37863398529498,465.136889444101,185.17026164392425,0.649485923807495,351.8768019014851,405.6918859589806,328.8104409747528,328.8104409747528,76.88144498422781,0.1895069821337301,51.5,51.5,36.756591796875,82.01896874198536,47.05,0.0,0.04436819553793564,5333.07773315991,22752.5,-17419.42226684009,9342.0,9663.0,321.0,0.0332194970506054,1,0,1.6875,0.8892355694227769,3.2702295302097713,3.5302114779180567,0.04436819553793564,0.0,0.0,0.0,0.0,5.9999652126134375,31.469627519889855,368.2222932264773,0.9372191971572937,211,135.08257036207058,0.0,137,405.6918859589806,0.0,0.0,423.27415230407405,352.18675220909034,0.041538719643959277,0.0008800737269674119,25.4511,0.0,0.11631599844211049,0.007537367426189602,0.09786042317048593,0.48539509789284746,351.8768019014851,405.6918859589806,51.5,5333.07773315991,368.2222932264773,9342.0,76.88144498422781
5,0.25,126.04841231479587,200.37863398529498,465.136889444101,185.17026164392425,0.649485923807495,351.8768019014851,405.6918859589806,328.8104409747528,328.8104409747528,76.88144498422781,0.1895069821337301,51.5,51.5,36.756591796875,82.01896874198536,47.05,0.0,0.04436819553793564,5333.07773315991,22752.5,-17419.42226684009,9342.0,9663.0,321.0,0.0332194970506054,1,0,1.6875,0.8892355694227769,3.2702295302097713,3.5302114779180567,0.04436819553793564,0.0,0.0,0.0,0.0,5.9999652126134375,31.469627519889855,368.2222932264773,0.9372191971572937,211,135.08257036207058,0.0,137,405.6918859589806,0.0,0.0,423.27415230407405,352.18675220909034,0.041538719643959277,0.0008800737269674119,25.5639,0.0,0.11631599844211049,0.007537367426189602,0.09786042317048593,0.48539509789284746,351.8768019014851,405.6918859589806,51.5,5333.07773315991,368.2222932264773,9342.0,76.88144498422781
6,0.3,126.04841231479587,200.37863398529498,465.136889444101,185.17026164392425,0.649485923807495,351.8768019014851,405.6918859589806,328.8104409747528,328.8104409747528,76.88144498422781,0.1895069821337301,51.5,51.5,36.756591796875,82.01896874198536,47.05,0.0,0.04436819553793564,5333.07773315991,22752.5,-17419.42226684009,9342.0,9663.0,321.0,0.0332194970506054,1,0,1.6875,0.8892355694227769,3.2702295302097713,3.5302114779180567,0.04436819553793564,0.0,0.0,0.0,0.0,5.9999652126134375,31.469627519889855,368.2222932264773,0.9372191971572937,211,135.08257036207058,0.0,137,405.6918859589806,0.0,0.0,423.27415230407405,352.18675220909034,0.041538719643959277,0.0008800737269674119,25.6767,0.0,0.11631599844211049,0.007537367426189602,0.09786042317048593,0.48539509789284746,351.8768019014851,405.6918859589806,51.5,5333.07773315991,368.2222932264773,9342.0,76.88144498422781
7,0.35,126.04841231479587,200.37863398529498,465.136889444101,185.17026164392425,0.649485923807495,351.8768019014851,405.6918859589806,328.8104409747528,328.8104409747528,76.88144498422781,0.1895069821337301,51.5,51.5,36.756591796875,82.01896874198536,47.05,0.0,0.04436819553793564,5333.07773315991,22752.5,-17419.42226684009,9342.0,9663.0,321.0,0.0332194970506054,1,0,1.6875,0.8892355694227769,3.2702295302097713,3.5302114779180567,0.04436819553793564,0.0,0.0,0.0,0.0,5.9999652126134375,31.469627519889855,368.2222932264773,0.9372191971572937,211,135.08257036207058,0.0,137,405.6918859589806,0.0,0.0,423.27415230407405,352.18675220909034,0.041538719643959277,0.0008800737269674119,25.7895,0.0,0.11631599844211049,0.007537367426189602,0.09786042317048593,0.48539509789284746,351.8768019014851,405.6918859589806,51.5,5333.07773315991,368.2222932264773,9342.0,76.88144498422781
8,0.4,126.04841231479587,200.37863398529498,465.136889444101,185.17026164392425,0.649485923807495,351.8768019014851,405.6918859589806,328.8104409747528,328.8104409747528,76.88144498422781,0.1895069821337301,51.5,51.5,36.756591796875,82.01896874198536,47.05,0.0,0.04436819553793564,5333.07773315991,22752.5,-17419.42226684009,9342.0,9663.0,321.0,0.0332194970506054,1,0,1.6875,0.8892355694227769,3.2702295302097713,3.5302114779180567,0.04436819553793564,0.0,0.0,0.0,0.0,5.9999652126134375,31.469627519889855,368.2222932264773,0.9372191971572937,211,135.08257036207058,0.0,137,405.6918859589806,0.0,0.0,423.27415230407405,352.18675220909034,0.041538719643959277,0.0008800737269674119,25.9023,0.0,0.11631599844211049,0.007537367426189602,0.09786042317048593,0.48539509789284746,351.8768019014851,405.6918859589806,51.5,5333.07773315991,368.2222932264773,9342.0,76.88144498422781
9,0.45,126.04841231479587,200.37863398529498,465.136889444101,185.17026164392425,0.649485923807495,351.8768019014851,405.6918859589806,328.8104409747528,328.8104409747528,76.88144498422781,0.1895069821337301,51.5,51.5,36.756591796875,82.01896874198536,47.05,0.0,0.04436819553793564,5333.07773315991,22752.5,-17419.42226684009,9342.0,9663.0,321.0,0.0332194970506054,1,0,1.6875,0.8892355694227769,3.2702295302097713,3.5302114779180567,0.04436819553793564,0.0,0.0,0.0,0.0,5.9999652126134375,31.469627519889855,368.2222932264773,0.9372191971572937,211,135.08257036207058,0.0,137,405.6918859589806,0.0,0.0,423.27415230407405,352.18675220909034,0.041538719643959277,0.0008800737269674119,26.015,0.0,0.11631599844211049,0.007537367426189602,0.09786042317048593,0.48539509789284746,351.8768019014851,405.6918859589806,51.5,5333.07773315991,368.2222932264773,9342.0,76.88144498422781
10,0.5,126.04841231479587,200.37863398529498,465.136889444101,185.17026164392425,0.649485923807495,351.8768019014851,405.6918859589806,328.8104409747528,328.8104409747528,76.88144498422781,0.1895069821337301,51.5,51.5,36.756591796875,82.01896874198536,47.05,0.0,0.04436819553793564,5333.07773315991,22752.5,-17419.42226684009,9342.0,9663.0,321.0,0.0332194970506054,1,0,1.6875,0.8892355694227769,3.2702295302097713,3.5302114779180567,0.04436819553793564,0.0,0.0,0.0,0.0,5.9999652126134375,31.469627519889855,368.2222932264773,0.9372191971572937,211,135.08257036207058,0.0,137,405.6918859589806,0.0,0.0,423.27415230407405,352.18675220909034,0.041538719643959277,0.0008800737269674119,26.1278,0.0,0.11631599844211049,0.007537367426189602,0.09786042317048593,0.48539509789284746,351.8768019014851,405.6918859589806,51.5,5333.07773315991,368.2222932264773,9342.0,76.88144498422781
11,0.55,126.04841231479587,200.37863398529498,465.136889444101,185.17026164392425,0.649485923807495,351.8768019014851,405.6918859589806,328.8104409747528,328.8104409747528,76.88144498422781,0.1895069821337301,51.5,51.5,36.756591796875,82.01896874198536,47.05,0.0,0.04436819553793564,5333.07773315991,22752.5,-17419.42226684009,9342.0,9663.0,321.0,0.0332194970506054,1,0,1.6875,0.8892355694227769,3.2702295302097713,3.5302114779180567,0.04436819553793564,0.0,0.0,0.0,0.0,5.9999652126134375,31.469627519889855,368.2222932264773,0.9372191971572937,211,135.08257036207058,0.0,137,405.6918859589806,0.0,0.0,423.27415230407405,352.18675220909034,0.041538719643959277,0.0008800737269674119,26.2406,0.0,0.11631599844211049,0.007537367426189602,0.09786042317048593,0.48539509789284746,351.8768019014851,405.6918859589806,51.5,5333.07773315991,368.2222932264773,9342.0,76.88144498422781
12,0.6,126.04841231479587,200.37863398529498,465.136889444101,185.17026164392425,0.649485923807495,351.8768019014851,405.6918859589806,328.8104409747528,328.8104409747528,76.88144498422781,0.1895069821337301,51.5,51.5,36.756591796875,82.01896874198536,47.05,0.0,0.04436819553793564,5333.07773315991,22752.5,-17419.42226684009,9342.0,9663.0,321.0,0.0332194970506054,1,0,1.6875,0.8892355694227769,3.2702295302097713,3.5302114779180567,0.04436819553793564,0.0,0.0,0.0,0.0,5.9999652126134375,31.469627519889855,368.2222932264773,0.9372191971572937,211,135.08257036207058,0.0,137,405.6918859589806,0.0,0.0,423.27415230407405,352.18675220909034,0.041538719643959277,0.0008800737269674119,26.3534,0.0,0.11631599844211049,0.007537367426189602,0.09786042317048593,0.48539509789284746,351.8768019014851,405.6918859589806,51.5,5333.07773315991,368.2222932264773,9342.0,76.88144498422781
13,0.65,126.04841231479587,200.37863398529498,465.136889444101,185.17026164392425,0.649485923807495,351.8768019014851,405.6918859589806,328.8104409747528,328.8104409747528,76.88144498422781,0.1895069821337301,51.5,51.5,36.756591796875,82.01896874198536,47.05,0.0,0.04436819553793564,5333.07773315991,22752.5,-17419.42226684009,9342.0,9663.0,321.0,0.0332194970506054,1,0,1.6875,0.8892355694227769,3.2702295302097713,3.5302114779180567,0.04436819553793564,0.0,0.0,0.0,0.0,5.9999652126134375,31.469627519889855,368.2222932264773,0.9372191971572937,211,135.08257036207058,0.0,137,405.6918859589806,0.0,0.0,423.27415230407405,352.18675220909034,0.041538719643959277,0.0008800737269674119,26.4662,0.0,0.11631599844211049,0.007537367426189602,0.09786042317048593,0.48539509789284746,351.8768019014851,405.6918859589806,51.5,5333.07773315991,368.2222932264773,9342.0,76.88144498422781
14,0.7,126.04841231479587,200.37863398529498,465.136889444101,185.17026164392425,0.649485923807495,351.8768019014851,405.6918859589806,328.8104409747528,328.8104409747528,76.88144498422781,0.1895069821337301,51.5,51.5,36.756591796875,82.01896874198536,47.05,0.0,0.04436819553793564,5333.07773315991,22752.5,-17419.42226684009,9342.0,9663.0,321.0,0.0332194970506054,1,0,1.6875,0.8892355694227769,3.2702295302097713,3.5302114779180567,0.04436819553793564,0.0,0.0,0.0,0.0,5.9999652126134375,31.469627519889855,368.2222932264773,0.9372191971572937,211,135.08257036207058,0.0,137,405.6918859589806,0.0,0.0,423.27415230407405,352.18675220909034,0.041538719643959277,0.0008800737269674119,26.5789,0.0,0.11631599844211049,0.007537367426189602,0.09786042317048593,0.48539509789284746,351.8768019014851,405.6918859589806,51.5,5333.07773315991,368.2222932264773,9342.0,76.88144498422781
15,0.75,126.04841231479587,200.37863398529498,465.136889444101,185.17026164392425,0.649485923807495,351.8768019014851,405.6918859589806,328.8104409747528,328.8104409747528,76.88144498422781,0.1895069821337301,51.5,51.5,36.756591796875,82.01896874198536,47.05,0.0,0.04436819553793564,5333.07773315991,22752.5,-17419.42226684009,9342.0,9663.0,321.0,0.0332194970506054,1,0,1.6875,0.8892355694227769,3.2702295302097713,3.5302114779180567,0.04436819553793564,0.0,0.0,0.0,0.0,5.9999652126134375,31.469627519889855,368.2222932264773,0.9372191971572937,211,135.08257036207058,0.0,137,405.6918859589806,0.0,0.0,423.27415230407405,352.18675220909034,0.041538719643959277,0.0008800737269674119,26.6917,0.0,0.11631599844211049,0.007537367426189602,0.09786042317048593,0.48539509789284746,351.8768019014851,405.6918859589806,51.5,5333.07773315991,368.2222932264773,9342.0,76.88144498422781
16,0.8,126.04841231479587,200.37863398529498,465.136889444101,185.17026164392425,0.649485923807495,351.8768019014851,405.6918859589806,328.8104409747528,328.8104409747528,76.88144498422781,0.1895069821337301,51.5,51.5,36.756591796875,82.01896874198536,47.05,0.0,0.04436819553793564,5333.07773315991,22752.5,-17419.42226684009,9342.0,9663.0,321.0,0.0332194970506054,1,0,1.6875,0.8892355694227769,3.2702295302097713,3.5302114779180567,0.04436819553793564,0.0,0.0,0.0,0.0,5.9999652126134375,31.469627519889855,368.2222932264773,0.9372191971572937,211,135.08257036207058,0.0,137,405.6918859589806,0.0,0.0,423.27415230407405,352.18675220909034,0.041538719643959277,0.0008800737269674119,26.8045,0.0,0.11631599844211049,0.007537367426189602,0.09786042317048593,0.48539509789284746,351.8768019014851,405.6918859589806,51.5,5333.07773315991,368.2222932264773,9342.0,76.88144498422781
17,0.85,126.04841231479587,200.37863398529498,465.136889444101,185.17026164392425,0.649485923807495,351.8768019014851,405.6918859589806,328.8104409747528,328.8104409747528,76.88144498422781,0.1895069821337301,51.5,51.5,36.756591796875,82.01896874198536,47.05,0.0,0.04436819553793564,5333.07773315991,22752.5,-17419.42226684009,9342.0,9663.0,321.0,0.0332194970506054,1,0,1.6875,0.8892355694227769,3.2702295302097713,3.5302114779180567,0.04436819553793564,0.0,0.0,0.0,0.0,5.9999652126134375,31.469627519889855,368.2222932264773,0.9372191971572937,211,135.08257036207058,0.0,137,405.6918859589806,0.0,0.0,423.27415230407405,352.18675220909034,0.041538719643959277,0.0008800737269674119,26.9173,0.0,0.11631599844211049,0.007537367426189602,0.09786042317048593,0.48539509789284746,351.8768019014851,405.6918859589806,51.5,5333.07773315991,368.2222932264773,9342.0,76.88144498422781
18,0.9,126.04841231479587,200.37863398529498,465.136889444101,185.17026164392425,0.649485923807495,351.8768019014851,405.6918859589806,328.8104409747528,328.8104409747528,76.88144498422781,0.1895069821337301,51.5,51.5,36.756591796875,82.01896874198536,47.05,0.0,0.04436819553793564,5333.07773315991,22752.5,-17419.42226684009,9342.0,9663.0,321.0,0.0332194970506054,1,0,1.6875,0.8892355694227769,3.2702295302097713,3.5302114779180567,0.04436819553793564,0.0,0.0,0.0,0.0,5.9999652126134375,31.469627519889855,368.2222932264773,0.9372191971572937,211,135.08257036207058,0.0,137,405.6918859589806,0.0,0.0,423.27415230407405,352.18675220909034,0.041538719643959277,0.0008800737269674119,27.0301,0.0,0.11631599844211049,0.007537367426189602,0.09786042317048593,0.48539509789284746,351.8768019014851,405.6918859589806,51.5,5333.07773315991,368.2222932264773,9342.0,76.88144498422781
19,0.95,126.04841231479587,200.37863398529498,465.136889444101,185.17026164392425,0.649485923807495,351.8768019014851,405.6918859589806,328.8104409747528,328.8104409747528,76.88144498422781,0.1895069821337301,51.5,51.5,36.756591796875,82.01896874198536,47.05,0.0,0.04436819553793564,5333.07773315991,22752.5,-17419.42226684009,9342.0,9663.0,321.0,0.0332194970506054,1,0,1.6875,0.8892355694227769,3.2702295302097713,3.5302114779180567,0.04436819553793564,0.0,0.0,0.0,0.0,5.9999652126134375,31.469627519889855,368.2222932264773,0.9372191971572937,211,135.08257036207058,0.0,137,405.6918859589806,0.0,0.0,423.27415230407405,352.18675220909034,0.041538719643959277,0.0008800737269674119,27.1429,0.0,0.11631599844211049,0.007537367426189602,0.09786042317048593,0.48539509789284746,351.8768019014851,405.6918859589806,51.5,5333.07773315991,368.2222932264773,9342.0,76.88144498422781
20,1.0,126.04841231479587,200.37863398529498,465.136889444101,185.17026164392425,0.649485923807495,351.8768019014851,405.6918859589806,328.8104409747528,328.8104409747528,76.88144498422781,0.1895069821337301,51.5,51.5,36.756591796875,82.01896874198536,47.05,0.0,0.04436819553793564,5333.07773315991,22752.5,-17419.42226684009,9342.0,9663.0,321.0,0.0332194970506054,1,0,1.6875,0.8892355694227769,3.2702295302097713,3.5302114779180567,0.04436819553793564,0.0,0.0,0.0,0.0,5.9999652126134375,31.469627519889855,368.2222932264773,0.9372191971572937,211,135.08257036207058,0.0,137,405.6918859589806,0.0,0.0,423.27415230407405,352.18675220909034,0.041538719643959277,0.0008800737269674119,27.2556,0.0,0.11631599844211049,0.007537367426189602,0.09786042317048593,0.48539509789284746,351.8768019014851,405.6918859589806,51.5,5333.07773315991,368.2222932264773,9342.0,76.88144498422781
21,1.05,126.04841231479587,200.37863398529498,465.136889444101,185.17026164392425,0.649485923807495,351.8768019014851,405.6918859589806,328.8104409747528,328.8104409747528,76.88144498422781,0.1895069821337301,51.5,51.5,36.756591796875,82.01896874198536,47.05,0.0,0.04436819553793564,5333.07773315991,22752.5,-17419.42226684009,9342.0,9663.0,321.0,0.0332194970506054,1,0,1.6875,0.8892355694227769,3.2702295302097713,3.5302114779180567,0.04436819553793564,0.0,0.0,0.0,0.0,5.9999652126134375,31.469627519889855,368.2222932264773,0.9372191971572937,211,135.08257036207058,0.0,137,405.6918859589806,0.0,0.0,423.27415230407405,352.18675220909034,0.041538719643959277,0.0008800737269674119,27.3684,0.0,0.11631599844211049,0.007537367426189602,0.09786042317048593,0.48539509789284746,351.8768019014851,405.6918859589806,51.5,5333.07773315991,368.2222932264773,9342.0,76.88144498422781
22,1.1,126.04841231479587,200.37863398529498,465.136889444101,185.17026164392425,0.649485923807495,351.8768019014851,405.6918859589806,328.8104409747528,328.8104409747528,76.88144498422781,0.1895069821337301,51.5,51.5,36.756591796875,82.01896874198536,47.05,0.0,0.04436819553793564,5333.07773315991,22752.5,-17419.42226684009,9342.0,9663.0,321.0,0.0332194970506054,1,0,1.6875,0.8892355694227769,3.2702295302097713,3.5302114779180567,0.04436819553793564,0.0,0.0,0.0,0.0,5.9999652126134375,31.469627519889855,368.2222932264773,0.9372191971572937,211,135.08257036207058,0.0,137,405.6918859589806,0.0,0.0,423.27415230407405,352.18675220909034,0.041538719643959277,0.0008800737269674119,27.4812,0.0,0.11631599844211049,0.007537367426189602,0.09786042317048593,0.48539509789284746,351.8768019014851,405.6918859589806,51.5,5333.07773315991,368.2222932264773,9342.0,76.88144498422781
23,1.15,126.04841231479587,200.37863398529498,465.136889444101,185.17026164392425,0.649485923807495,351.8768019014851,405.6918859589806,328.8104409747528,328.8104409747528,76.88144498422781,0.1895069821337301,51.5,51.5,36.756591796875,82.01896874198536,47.05,0.0,0.04436819553793564,5333.07773315991,22752.5,-17419.42226684009,9342.0,9663.0,321.0,0.0332194970506054,1,0,1.6875,0.8892355694227769,3.2702295302097713,3.5302114779180567,0.04436819553793564,0.0,0.0,0.0,0.0,5.9999652126134375,31.469627519889855,368.2222932264773,0.9372191971572937,211,135.08257036207058,0.0,137,405.6918859589806,0.0,0.0,423.27415230407405,352.18675220909034,0.041538719643959277,0.0008800737269674119,27.594,0.0,0.11631599844211049,0.007537367426189602,0.09786042317048593,0.48539509789284746,351.8768019014851,405.6918859589806,51.5,5333.07773315991,368.2222932264773,9342.0,76.88144498422781
24,1.2,126.04841231479587,200.37863398529498,465.136889444101,185.17026164392425,0.649485923807495,351.8768019014851,405.6918859589806,328.8104409747528,328.8104409747528,76.88144498422781,0.1895069821337301,51.5,51.5,36.756591796875,82.01896874198536,47.05,0.0,0.04436819553793564,5333.07773315991,22752.5,-17419.42226684009,9342.0,9663.0,321.0,0.0332194970506054,1,0,1.6875,0.8892355694227769,3.2702295302097713,3.5302114779180567,0.04436819553793564,0.0,0.0,0.0,0.0,5.9999652126134375,31.469627519889855,368.2222932264773,0.9372191971572937,211,135.08257036207058,0.0,137,405.6918859589806,0.0,0.0,423.27415230407405,352.18675220909034,0.041538719643959277,0.0008800737269674119,27.7068,0.0,0.11631599844211049,0.007537367426189602,0.09786042317048593,0.48539509789284746,351.8768019014851,405.6918859589806,51.5,5333.07773315991,368.2222932264773,9342.0,76.88144498422781
25,1.25,126.04841231479587,200.37863398529498,465.136889444101,185.17026164392425,0.649485923807495,351.8768019014851,405.6918859589806,328.8104409747528,328.8104409747528,76.88144498422781,0.1895069821337301,51.5,51.5,36.756591796875,82.01896874198536,47.05,0.0,0.04436819553793564,5333.07773315991,22752.5,-17419.42226684009,9342.0,9663.0,321.0,0.0332194970506054,1,0,1.6875,0.8892355694227769,3.2702295302097713,3.5302114779180567,0.04436819553793564,0.0,0.0,0.0,0.0,5.9999652126134375,31.469627519889855,368.2222932264773,0.9372191971572937,211,135.08257036207058,0.0,137,405.6918859589806,0.0,0.0,423.27415230407405,352.18675220909034,0.041538719643959277,0.0008800737269674119,27.8195,0.0,0.11631599844211049,0.007537367426189602,0.09786042317048593,0.48539509789284746,351.8768019014851,405.6918859589806,51.5,5333.07773315991,368.2222932264773,9342.0,76.88144498422781
26,1.3,126.04841231479587,200.37863398529498,465.136889444101,185.17026164392425,0.649485923807495,351.8768019014851,405.6918859589806,328.8104409747528,328.8104409747528,76.88144498422781,0.1895069821337301,51.5,51.5,36.756591796875,82.01896874198536,47.05,0.0,0.04436819553793564,5333.07773315991,22752.5,-17419.42226684009,9342.0,9663.0,321.0,0.0332194970506054,1,0,1.6875,0.8892355694227769,3.2702295302097713,3.5302114779180567,0.04436819553793564,0.0,0.0,0.0,0.0,5.9999652126134375,31.469627519889855,368.2222932264773,0.9372191971572937,211,135.08257036207058,0.0,137,405.6918859589806,0.0,0.0,423.27415230407405,352.18675220909034,0.041538719643959277,0.0008800737269674119,27.9323,0.0,0.11631599844211049,0.007537367426189602,0.09786042317048593,0.48539509789284746,351.8768019014851,405.6918859589806,51.5,5333.07773315991,368.2222932264773,9342.0,76.88144498422781
27,1.35,126.04841231479587,200.37863398529498,465.136889444101,185.17026164392425,0.649485923807495,351.8768019014851,405.6918859589806,328.8104409747528,328.8104409747528,76.88144498422781,0.1895069821337301,51.5,51.5,36.756591796875,82.01896874198536,47.05,0.0,0.04436819553793564,5333.07773315991,22752.5,-17419.42226684009,9342.0,9663.0,321.0,0.0332194970506054,1,0,1.6875,0.8892355694227769,3.2702295302097713,3.5302114779180567,0.04436819553793564,0.0,0.0,0.0,0.0,5.9999652126134375,31.469627519889855,368.2222932264773,0.9372191971572937,211,135.08257036207058,0.0,137,405.6918859589806,0.0,0.0,423.27415230407405,352.18675220909034,0.041538719643959277,0.0008800737269674119,28.0451,0.0,0.11631599844211049,0.007537367426189602,0.09786042317048593,0.48539509789284746,351.8768019014851,405.6918859589806,51.5,5333.07773315991,368.2222932264773,9342.0,76.88144498422781
28,1.4,126.04841231479587,200.37863398529498,465.136889444101,185.17026164392425,0.649485923807495,351.8768019014851,405.6918859589806,328.8104409747528,328.8104409747528,76.88144498422781,0.1895069821337301,51.5,51.5,36.756591796875,82.01896874198536,47.05,0.0,0.04436819553793564,5333.07773315991,22752.5,-17419.42226684009,9342.0,9663.0,321.0,0.0332194970506054,1,0,1.6875,0.8892355694227769,3.2702295302097713,3.5302114779180567,0.04436819553793564,0.0,0.0,0.0,0.0,5.9999652126134375,31.469627519889855,368.2222932264773,0.9372191971572937,211,135.08257036207058,0.0,137,405.6918859589806,0.0,0.0,423.27415230407405,352.18675220909034,0.041538719643959277,0.0008800737269674119,28.1579,0.0,0.11631599844211049,0.007537367426189602,0.09786042317048593,0.48539509789284746,351.8768019014851,405.6918859589806,51.5,5333.07773315991,368.2222932264773,9342.0,76.88144498422781
29,1.45,126.04841231479587,200.37863398529498,465.136889444101,185.17026164392425,0.649485923807495,351.8768019014851,405.6918859589806,328.8104409747528,328.8104409747528,76.88144498422781,0.1895069821337301,51.5,51.5,36.756591796875,82.01896874198536,47.05,0.0,0.04436819553793564,5333.07773315991,22752.5,-17419.42226684009,9342.0,9663.0,321.0,0.0332194970506054,1,0,1.6875,0.8892355694227769,3.2702295302097713,3.5302114779180567,0.04436819553793564,0.0,0.0,0.0,0.0,5.9999652126134375,31.469627519889855,368.2222932264773,0.9372191971572937,211,135.08257036207058,0.0,137,405.6918859589806,0.0,0.0,423.27415230407405,352.18675220909034,0.041538719643959277,0.0008800737269674119,28.2707,0.0,0.11631599844211049,0.007537367426189602,0.09786042317048593,0.48539509789284746,351.8768019014851,405.6918859589806,51.5,5333.07773315991,368.2222932264773,9342.0,76.88144498422781
30,1.5,126.04841231479587,200.37863398529498,465.136889444101,185.17026164392425,0.649485923807495,351.8768019014851,405.6918859589806,328.8104409747528,328.8104409747528,76.88144498422781,0.1895069821337301,51.5,51.5,36.756591796875,82.01896874198536,47.05,0.0,0.04436819553793564,5333.07773315991,22752.5,-17419.42226684009,9342.0,9663.0,321.0,0.0332194970506054,1,0,1.6875,0.8892355694227769,3.2702295302097713,3.5302114779180567,0.04436819553793564,0.0,0.0,0.0,0.0,5.9999652126134375,31.469627519889855,368.2222932264773,0.9372191971572937,211,135.08257036207058,0.0,137,405.6918859589806,0.0,0.0,423.27415230407405,352.18675220909034,0.041538719643959277,0.0008800737269674119,28.3835,0.0,0.11631599844211049,0.007537367426189602,0.09786042317048593,0.48539509789284746,351.8768019014851,405.6918859589806,51.5,5333.07773315991,368.2222932264773,9342.0,76.88144498422781
31,1.55,126.04841231479587,200.37863398529498,465.136889444101,185.17026164392425,0.649485923807495,351.8768019014851,405.6918859589806,328.8104409747528,328.8104409747528,76.88144498422781,0.1895069821337301,51.5,51.5,36.756591796875,82.01896874198536,47.05,0.0,0.04436819553793564,5333.07773315991,22752.5,-17419.42226684009,9342.0,9663.0,321.0,0.0332194970506054,1,0,1.6875,0.8892355694227769,3.2702295302097713,3.5302114779180567,0.04436819553793564,0.0,0.0,0.0,0.0,5.9999652126134375,31.469627519889855,368.2222932264773,0.9372191971572937,211,135.08257036207058,0.0,137,405.6918859589806,0.0,0.0,423.27415230407405,352.18675220909034,0.041538719643959277,0.0008800737269674119,28.4962,0.0,0.11631599844211049,0.007537367426189602,0.09786042317048593,0.48539509789284746,351.8768019014851,405.6918859589806,51.5,5333.07773315991,368.2222932264773,9342.0,76.88144498422781
32,1.6,126.04841231479587,200.37863398529498,465.136889444101,185.17026164392425,0.649485923807495,351.8768019014851,405.6918859589806,328.8104409747528,328.8104409747528,76.88144498422781,0.1895069821337301,51.5,51.5,36.756591796875,82.01896874198536,47.05,0.0,0.04436819553793564,5333.07773315991,22752.5,-17419.42226684009,9342.0,9663.0,321.0,0.0332194970506054,1,0,1.6875,0.8892355694227769,3.2702295302097713,3.5302114779180567,0.04436819553793564,0.0,0.0,0.0,0.0,5.9999652126134375,31.469627519889855,368.2222932264773,0.9372191971572937,211,135.08257036207058,0.0,137,405.6918859589806,0.0,0.0,423.27415230407405,352.18675220909034,0.041538719643959277,0.0008800737269674119,28.609,0.0,0.11631599844211049,0.007537367426189602,0.09786042317048593,0.48539509789284746,351.8768019014851,405.6918859589806,51.5,5333.07773315991,368.2222932264773,9342.0,76.88144498422781
33,1.65,126.04841231479587,200.37863398529498,465.136889444101,185.17026164392425,0.649485923807495,351.8768019014851,405.6918859589806,328.8104409747528,328.8104409747528,76.88144498422781,0.1895069821337301,51.5,51.5,36.756591796875,82.01896874198536,47.05,0.0,0.04436819553793564,5333.07773315991,22752.5,-17419.42226684009,9342.0,9663.0,321.0,0.0332194970506054,1,0,1.6875,0.8892355694227769,3.2702295302097713,3.5302114779180567,0.04436819553793564,0.0,0.0,0.0,0.0,5.9999652126134375,31.469627519889855,368.2222932264773,0.9372191971572937,211,135.08257036207058,0.0,137,405.6918859589806,0.0,0.0,423.27415230407405,352.18675220909034,0.041538719643959277,0.0008800737269674119,28.7218,0.0,0.11631599844211049,0.007537367426189602,0.09786042317048593,0.48539509789284746,351.8768019014851,405.6918859589806,51.5,5333.07773315991,368.2222932264773,9342.0,76.88144498422781
34,1.7,126.04841231479587,200.37863398529498,465.136889444101,185.17026164392425,0.649485923807495,351.8768019014851,405.6918859589806,328.8104409747528,328.8104409747528,76.88144498422781,0.1895069821337301,51.5,51.5,36.756591796875,82.01896874198536,47.05,0.0,0.04436819553793564,5333.07773315991,22752.5,-17419.42226684009,9342.0,9663.0,321.0,0.0332194970506054,1,0,1.6875,0.8892355694227769,3.2702295302097713,3.5302114779180567,0.04436819553793564,0.0,0.0,0.0,0.0,5.9999652126134375,31.469627519889855,368.2222932264773,0.9372191971572937,211,135.08257036207058,0.0,137,405.6918859589806,0.0,0.0,423.27415230407405,352.18675220909034,0.041538719643959277,0.0008800737269674119,28.8346,0.0,0.11631599844211049,0.007537367426189602,0.09786042317048593,0.48539509789284746,351.8768019014851,405.6918859589806,51.5,5333.07773315991,368.2222932264773,9342.0,76.88144498422781
35,1.75,126.04841231479587,200.37863398529498,465.136889444101,185.17026164392425,0.649485923807495,351.8768019014851,405.6918859589806,328.8104409747528,328.8104409747528,76.88144498422781,0.1895069821337301,51.5,51.5,36.756591796875,82.01896874198536,47.05,0.0,0.04436819553793564,5333.07773315991,22752.5,-17419.42226684009,9342.0,9663.0,321.0,0.0332194970506054,1,0,1.6875,0.8892355694227769,3.2702295302097713,3.5302114779180567,0.04436819553793564,0.0,0.0,0.0,0.0,5.9999652126134375,31.469627519889855,368.2222932264773,0.9372191971572937,211,135.08257036207058,0.0,137,405.6918859589806,0.0,0.0,423.27415230407405,352.18675220909034,0.041538719643959277,0.0008800737269674119,28.9474,0.0,0.11631599844211049,0.007537367426189602,0.09786042317048593,0.48539509789284746,351.8768019014851,405.6918859589806,51.5,5333.07773315991,368.2222932264773,9342.0,76.88144498422781
36,1.8,126.04841231479587,200.37863398529498,465.136889444101,185.17026164392425,0.649485923807495,351.8768019014851,405.6918859589806,328.8104409747528,328.8104409747528,76.88144498422781,0.1895069821337301,51.5,51.5,36.756591796875,82.01896874198536,47.05,0.0,0.04436819553793564,5333.07773315991,22752.5,-17419.42226684009,9342.0,9663.0,321.0,0.0332194970506054,1,0,1.6875,0.8892355694227769,3.2702295302097713,3.5302114779180567,0.04436819553793564,0.0,0.0,0.0,0.0,5.9999652126134375,31.469627519889855,368.2222932264773,0.9372191971572937,211,135.08257036207058,0.0,137,405.6918859589806,0.0,0.0,423.27415230407405,352.18675220909034,0.041538719643959277,0.0008800737269674119,29.0602,0.0,0.11631599844211049,0.007537367426189602,0.09786042317048593,0.48539509789284746,351.8768019014851,405.6918859589806,51.5,5333.07773315991,368.2222932264773,9342.0,76.88144498422781
37,1.85,126.04841231479587,200.37863398529498,465.136889444101,185.17026164392425,0.649485923807495,351.8768019014851,405.6918859589806,328.8104409747528,328.8104409747528,76.88144498422781,0.1895069821337301,51.5,51.5,36.756591796875,82.01896874198536,47.05,0.0,0.04436819553793564,5333.07773315991,22752.5,-17419.42226684009,9342.0,9663.0,321.0,0.0332194970506054,1,0,1.6875,0.8892355694227769,3.2702295302097713,3.5302114779180567,0.04436819553793564,0.0,0.0,0.0,0.0,5.9999652126134375,31.469627519889855,368.2222932264773,0.9372191971572937,211,135.08257036207058,0.0,137,405.6918859589806,0.0,0.0,423.27415230407405,352.18675220909034,0.041538719643959277,0.0008800737269674119,29.1729,0.0,0.11631599844211049,0.007537367426189602,0.09786042317048593,0.48539509789284746,351.8768019014851,405.6918859589806,51.5,5333.07773315991,368.2222932264773,9342.0,76.88144498422781
38,1.9,126.04841231479587,200.37863398529498,465.136889444101,185.17026164392425,0.649485923807495,351.8768019014851,405.6918859589806,328.8104409747528,328.8104409747528,76.88144498422781,0.1895069821337301,51.5,51.5,36.756591796875,82.01896874198536,47.05,0.0,0.04436819553793564,5333.07773315991,22752.5,-17419.42226684009,9342.0,9663.0,321.0,0.0332194970506054,1,0,1.6875,0.8892355694227769,3.2702295302097713,3.5302114779180567,0.04436819553793564,0.0,0.0,0.0,0.0,5.9999652126134375,31.469627519889855,368.2222932264773,0.9372191971572937,211,135.08257036207058,0.0,137,405.6918859589806,0.0,0.0,423.27415230407405,352.18675220909034,0.041538719643959277,0.0008800737269674119,29.2857,0.0,0.11631599844211049,0.007537367426189602,0.09786042317048593,0.48539509789284746,351.8768019014851,405.6918859589806,51.5,5333.07773315991,368.2222932264773,9342.0,76.88144498422781
39,1.95,126.04841231479587,200.37863398529498,465.136889444101,185.17026164392425,0.649485923807495,351.8768019014851,405.6918859589806,328.8104409747528,328.8104409747528,76.88144498422781,0.1895069821337301,51.5,51.5,36.756591796875,82.01896874198536,47.05,0.0,0.04436819553793564,5333.07773315991,22752.5,-17419.42226684009,9342.0,9663.0,321.0,0.0332194970506054,1,0,1.6875,0.8892355694227769,3.2702295302097713,3.5302114779180567,0.04436819553793564,0.0,0.0,0.0,0.0,5.9999652126134375,31.469627519889855,368.2222932264773,0.9372191971572937,211,135.08257036207058,0.0,137,405.6918859589806,0.0,0.0,423.27415230407405,352.18675220909034,0.041538719643959277,0.0008800737269674119,29.3985,0.0,0.11631599844211049,0.007537367426189602,0.09786042317048593,0.48539509789284746,351.8768019014851,405.6918859589806,51.5,5333.07773315991,368.2222932264773,9342.0,76.88144498422781
40,2.0,126.04841231479587,200.37863398529498,465.136889444101,185.17026164392425,0.649485923807495,351.8768019014851,405.6918859589806,328.8104409747528,328.8104409747528,76.88144498422781,0.1895069821337301,51.5,51.5,36.756591796875,82.01896874198536,47.05,0.0,0.04436819553793564,5333.07773315991,22752.5,-17419.42226684009,9342.0,9663.0,321.0,0.0332194970506054,1,0,1.6875,0.8892355694227769,3.2702295302097713,3.5302114779180567,0.04436819553793564,0.0,0.0,0.0,0.0,5.9999652126134375,31.469627519889855,368.2222932264773,0.9372191971572937,211,135.08257036207058,0.0,137,405.6918859589806,0.0,0.0,423.27415230407405,352.18675220909034,0.041538719643959277,0.0008800737269674119,29.5113,0.0,0.11631599844211049,0.007537367426189602,0.09786042317048593,0.48539509789284746,351.8768019014851,405.6918859589806,51.5,5333.07773315991,368.2222932264773,9342.0,76.88144498422781
41,2.05,126.04841231479587,200.37863398529498,465.136889444101,185.17026164392425,0.649485923807495,351.8768019014851,405.6918859589806,328.8104409747528,328.8104409747528,76.88144498422781,0.1895069821337301,51.5,51.5,36.756591796875,82.01896874198536,47.05,0.0,0.04436819553793564,5333.07773315991,22752.5,-17419.42226684009,9342.0,9663.0,321.0,0.0332194970506054,1,0,1.6875,0.8892355694227769,3.2702295302097713,3.5302114779180567,0.04436819553793564,0.0,0.0,0.0,0.0,5.9999652126134375,31.469627519889855,368.2222932264773,0.9372191971572937,211,135.08257036207058,0.0,137,405.6918859589806,0.0,0.0,423.27415230407405,352.18675220909034,0.041538719643959277,0.0008800737269674119,29.6241,0.0,0.11631599844211049,0.007537367426189602,0.09786042317048593,0.48539509789284746,351.8768019014851,405.6918859589806,51.5,5333.07773315991,368.2222932264773,9342.0,76.88144498422781
42,2.1,126.04841231479587,200.37863398529498,465.136889444101,185.17026164392425,0.649485923807495,351.8768019014851,405.6918859589806,328.8104409747528,328.8104409747528,76.88144498422781,0.1895069821337301,51.5,51.5,36.756591796875,82.01896874198536,47.05,0.0,0.04436819553793564,5333.07773315991,22752.5,-17419.42226684009,9342.0,9663.0,321.0,0.0332194970506054,1,0,1.6875,0.8892355694227769,3.2702295302097713,3.5302114779180567,0.04436819553793564,0.0,0.0,0.0,0.0,5.9999652126134375,31.469627519889855,368.2222932264773,0.9372191971572937,211,135.08257036207058,0.0,137,405.6918859589806,0.0,0.0,423.27415230407405,352.18675220909034,0.041538719643959277,0.0008800737269674119,29.7368,0.0,0.11631599844211049,0.007537367426189602,0.09786042317048593,0.48539509789284746,351.8768019014851,405.6918859589806,51.5,5333.07773315991,368.2222932264773,9342.0,76.88144498422781
43,2.15,126.04841231479587,200.37863398529498,465.136889444101,185.17026164392425,0.649485923807495,351.8768019014851,405.6918859589806,328.8104409747528,328.8104409747528,76.88144498422781,0.1895069821337301,51.5,51.5,36.756591796875,82.01896874198536,47.05,0.0,0.04436819553793564,5333.07773315991,22752.5,-17419.42226684009,9342.0,9663.0,321.0,0.0332194970506054,1,0,1.6875,0.8892355694227769,3.2702295302097713,3.5302114779180567,0.04436819553793564,0.0,0.0,0.0,0.0,5.9999652126134375,31.469627519889855,368.2222932264773,0.9372191971572937,211,135.08257036207058,0.0,137,405.6918859589806,0.0,0.0,423.27415230407405,352.18675220909034,0.041538719643959277,0.0008800737269674119,29.8496,0.0,0.11631599844211049,0.007537367426189602,0.09786042317048593,0.48539509789284746,351.8768019014851,405.6918859589806,51.5,5333.07773315991,368.2222932264773,9342.0,76.88144498422781
44,2.2,126.04841231479587,200.37863398529498,465.136889444101,185.17026164392425,0.649485923807495,351.8768019014851,405.6918859589806,328.8104409747528,328.8104409747528,76.88144498422781,0.1895069821337301,51.5,51.5,36.756591796875,82.01896874198536,47.05,0.0,0.04436819553793564,5333.07773315991,22752.5,-17419.42226684009,9342.0,9663.0,321.0,0.0332194970506054,1,0,1.6875,0.8892355694227769,3.2702295302097713,3.5302114779180567,0.04436819553793564,0.0,0.0,0.0,0.0,5.9999652126134375,31.469627519889855,368.2222932264773,0.9372191971572937,211,135.08257036207058,0.0,137,405.6918859589806,0.0,0.0,423.27415230407405,352.18675220909034,0.041538719643959277,0.0008800737269674119,29.9624,0.0,0.11631599844211049,0.007537367426189602,0.09786042317048593,0.48539509789284746,351.8768019014851,405.6918859589806,51.5,5333.07773315991,368.2222932264773,9342.0,76.88144498422781
45,2.25,126.04841231479587,200.37863398529498,465.136889444101,185.17026164392425,0.649485923807495,351.8768019014851,405.6918859589806,328.8104409747528,328.8104409747528,76.88144498422781,0.1895069821337301,51.5,51.5,36.756591796875,82.01896874198536,47.05,0.0,0.04436819553793564,5333.07773315991,22752.5,-17419.42226684009,9342.0,9663.0,321.0,0.0332194970506054,1,0,1.6875,0.8892355694227769,3.2702295302097713,3.5302114779180567,0.04436819553793564,0.0,0.0,0.0,0.0,5.9999652126134375,31.469627519889855,368.2222932264773,0.9372191971572937,211,135.08257036207058,0.0,137,405.6918859589806,0.0,0.0,423.27415230407405,352.18675220909034,0.041538719643959277,0.0008800737269674119,30.0752,0.0,0.11631599844211049,0.007537367426189602,0.09786042317048593,0.48539509789284746,351.8768019014851,405.6918859589806,51.5,5333.07773315991,368.2222932264773,9342.0,76.88144498422781
46,2.3,126.04841231479587,200.37863398529498,465.136889444101,185.17026164392425,0.649485923807495,351.8768019014851,405.6918859589806,328.8104409747528,328.8104409747528,76.88144498422781,0.1895069821337301,51.5,51.5,36.756591796875,82.01896874198536,47.05,0.0,0.04436819553793564,5333.07773315991,22752.5,-17419.42226684009,9342.0,9663.0,321.0,0.0332194970506054,1,0,1.6875,0.8892355694227769,3.2702295302097713,3.5302114779180567,0.04436819553793564,0.0,0.0,0.0,0.0,5.9999652126134375,31.469627519889855,368.2222932264773,0.9372191971572937,211,135.08257036207058,0.0,137,405.6918859589806,0.0,0.0,423.27415230407405,352.18675220909034,0.041538719643959277,0.0008800737269674119,30.188,0.0,0.11631599844211049,0.007537367426189602,0.09786042317048593,0.48539509789284746,351.8768019014851,405.6918859589806,51.5,5333.07773315991,368.2222932264773,9342.0,76.88144498422781
47,2.35,126.04841231479587,200.37863398529498,465.136889444101,185.17026164392425,0.649485923807495,351.8768019014851,405.6918859589806,328.8104409747528,328.8104409747528,76.88144498422781,0.1895069821337301,51.5,51.5,36.756591796875,82.01896874198536,47.05,0.0,0.04436819553793564,5333.07773315991,22752.5,-17419.42226684009,9342.0,9663.0,321.0,0.0332194970506054,1,0,1.6875,0.8892355694227769,3.2702295302097713,3.5302114779180567,0.04436819553793564,0.0,0.0,0.0,0.0,5.9999652126134375,31.469627519889855,368.2222932264773,0.9372191971572937,211,135.08257036207058,0.0,137,405.6918859589806,0.0,0.0,423.27415230407405,352.18675220909034,0.041538719643959277,0.0008800737269674119,30.3008,0.0,0.11631599844211049,0.007537367426189602,0.09786042317048593,0.48539509789284746,351.8768019014851,405.6918859589806,51.5,5333.07773315991,368.2222932264773,9342.0,76.88144498422781
48,2.4,126.04841231479587,200.37863398529498,465.136889444101,185.17026164392425,0.649485923807495,351.8768019014851,405.6918859589806,328.8104409747528,328.8104409747528,76.88144498422781,0.1895069821337301,51.5,51.5,36.756591796875,82.01896874198536,47.05,0.0,0.04436819553793564,5333.07773315991,22752.5,-17419.42226684009,9342.0,9663.0,321.0,0.0332194970506054,1,0,1.6875,0.8892355694227769,3.2702295302097713,3.5302114779180567,0.04436819553793564,0.0,0.0,0.0,0.0,5.9999652126134375,31.469627519889855,368.2222932264773,0.9372191971572937,211,135.08257036207058,0.0,137,405.6918859589806,0.0,0.0,423.27415230407405,352.18675220909034,0.041538719643959277,0.0008800737269674119,30.4135,0.0,0.11631599844211049,0.007537367426189602,0.09786042317048593,0.48539509789284746,351.8768019014851,405.6918859589806,51.5,5333.07773315991,368.2222932264773,9342.0,76.88144498422781
49,2.45,126.04841231479587,200.37863398529498,465.136889444101,185.17026164392425,0.649485923807495,351.8768019014851,405.6918859589806,328.8104409747528,328.8104409747528,76.88144498422781,0.1895069821337301,51.5,51.5,36.756591796875,82.01896874198536,47.05,0.0,0.04436819553793564,5333.07773315991,22752.5,-17419.42226684009,9342.0,9663.0,321.0,0.0332194970506054,1,0,1.6875,0.8892355694227769,3.2702295302097713,3.5302114779180567,0.04436819553793564,0.0,0.0,0.0,0.0,5.9999652126134375,31.469627519889855,368.2222932264773,0.9372191971572937,211,135.08257036207058,0.0,137,405.6918859589806,0.0,0.0,423.27415230407405,352.18675220909034,0.041538719643959277,0.0008800737269674119,30.5263,0.0,0.11631599844211049,0.007537367426189602,0.09786042317048593,0.48539509789284746,351.8768019014851,405.6918859589806,51.5,5333.07773315991,368.2222932264773,9342.0,76.88144498422781
50,2.5,126.04841231479587,200.37863398529498,465.136889444101,185.17026164392425,0.649485923807495,351.8768019014851,405.6918859589806,328.8104409747528,328.8104409747528,76.88144498422781,0.1895069821337301,51.5,51.5,36.756591796875,82.01896874198536,47.05,0.0,0.04436819553793564,5333.07773315991,22752.5,-17419.42226684009,9342.0,9663.0,321.0,0.0332194970506054,1,0,1.6875,0.8892355694227769,3.2702295302097713,3.5302114779180567,0.04436819553793564,0.0,0.0,0.0,0.0,5.9999652126134375,31.469627519889855,368.2222932264773,0.9372191971572937,211,135.08257036207058,0.0,137,405.6918859589806,0.0,0.0,423.27415230407405,352.18675220909034,0.041538719643959277,0.0008800737269674119,30.6391,0.0,0.11631599844211049,0.007537367426189602,0.09786042317048593,0.48539509789284746,351.8768019014851,405.6918859589806,51.5,5333.07773315991,368.2222932264773,9342.0,76.88144498422781
51,2.55,126.04841231479587,200.37863398529498,465.136889444101,185.17026164392425,0.649485923807495,351.8768019014851,405.6918859589806,328.8104409747528,328.8104409747528,76.88144498422781,0.1895069821337301,51.5,51.5,36.756591796875,82.01896874198536,47.05,0.0,0.04436819553793564,5333.07773315991,22752.5,-17419.42226684009,9342.0,9663.0,321.0,0.0332194970506054,1,0,1.6875,0.8892355694227769,3.2702295302097713,3.5302114779180567,0.04436819553793564,0.0,0.0,0.0,0.0,5.9999652126134375,31.469627519889855,368.2222932264773,0.9372191971572937,211,135.08257036207058,0.0,137,405.6918859589806,0.0,0.0,423.27415230407405,352.18675220909034,0.041538719643959277,0.0008800737269674119,30.7519,0.0,0.11631599844211049,0.007537367426189602,0.09786042317048593,0.48539509789284746,351.8768019014851,405.6918859589806,51.5,5333.07773315991,368.2222932264773,9342.0,76.88144498422781
52,2.6,126.04841231479587,200.37863398529498,465.136889444101,185.17026164392425,0.649485923807495,351.8768019014851,405.6918859589806,328.8104409747528,328.8104409747528,76.88144498422781,0.1895069821337301,51.5,51.5,36.756591796875,82.01896874198536,47.05,0.0,0.04436819553793564,5333.07773315991,22752.5,-17419.42226684009,9342.0,9663.0,321.0,0.0332194970506054,1,0,1.6875,0.8892355694227769,3.2702295302097713,3.5302114779180567,0.04436819553793564,0.0,0.0,0.0,0.0,5.9999652126134375,31.469627519889855,368.2222932264773,0.9372191971572937,211,135.08257036207058,0.0,137,405.6918859589806,0.0,0.0,423.27415230407405,352.18675220909034,0.041538719643959277,0.0008800737269674119,30.8647,0.0,0.11631599844211049,0.007537367426189602,0.09786042317048593,0.48539509789284746,351.8768019014851,405.6918859589806,51.5,5333.07773315991,368.2222932264773,9342.0,76.88144498422781
53,2.65,126.04841231479587,200.37863398529498,465.136889444101,185.17026164392425,0.649485923807495,351.8768019014851,405.6918859589806,328.8104409747528,328.8104409747528,76.88144498422781,0.1895069821337301,51.5,51.5,36.756591796875,82.01896874198536,47.05,0.0,0.04436819553793564,5333.07773315991,22752.5,-17419.42226684009,9342.0,9663.0,321.0,0.0332194970506054,1,0,1.6875,0.8892355694227769,3.2702295302097713,3.5302114779180567,0.04436819553793564,0.0,0.0,0.0,0.0,5.9999652126134375,31.469627519889855,368.2222932264773,0.9372191971572937,211,135.08257036207058,0.0,137,405.6918859589806,0.0,0.0,423.27415230407405,352.18675220909034,0.041538719643959277,0.0008800737269674119,30.9774,0.0,0.11631599844211049,0.007537367426189602,0.09786042317048593,0.48539509789284746,351.8768019014851,405.6918859589806,51.5,5333.07773315991,368.2222932264773,9342.0,76.88144498422781
54,2.7,126.04841231479587,200.37863398529498,465.136889444101,185.17026164392425,0.649485923807495,351.8768019014851,405.6918859589806,328.8104409747528,328.8104409747528,76.88144498422781,0.1895069821337301,51.5,51.5,36.756591796875,82.01896874198536,47.05,0.0,0.04436819553793564,5333.07773315991,22752.5,-17419.42226684009,9342.0,9663.0,321.0,0.0332194970506054,1,0,1.6875,0.8892355694227769,3.2702295302097713,3.5302114779180567,0.04436819553793564,0.0,0.0,0.0,0.0,5.9999652126134375,31.469627519889855,368.2222932264773,0.9372191971572937,211,135.08257036207058,0.0,137,405.6918859589806,0.0,0.0,423.27415230407405,352.18675220909034,0.041538719643959277,0.0008800737269674119,31.0902,0.0,0.11631599844211049,0.007537367426189602,0.09786042317048593,0.48539509789284746,351.8768019014851,405.6918859589806,51.5,5333.07773315991,368.2222932264773,9342.0,76.88144498422781
55,2.75,126.04841231479587,200.37863398529498,465.136889444101,185.17026164392425,0.649485923807495,351.8768019014851,405.6918859589806,328.8104409747528,328.8104409747528,76.88144498422781,0.1895069821337301,51.5,51.5,36.756591796875,82.01896874198536,47.05,0.0,0.04436819553793564,5333.07773315991,22752.5,-17419.42226684009,9342.0,9663.0,321.0,0.0332194970506054,1,0,1.6875,0.8892355694227769,3.2702295302097713,3.5302114779180567,0.04436819553793564,0.0,0.0,0.0,0.0,5.9999652126134375,31.469627519889855,368.2222932264773,0.9372191971572937,211,135.08257036207058,0.0,137,405.6918859589806,0.0,0.0,423.27415230407405,352.18675220909034,0.041538719643959277,0.0008800737269674119,31.203,0.0,0.11631599844211049,0.007537367426189602,0.09786042317048593,0.48539509789284746,351.8768019014851,405.6918859589806,51.5,5333.07773315991,368.2222932264773,9342.0,76.88144498422781
56,2.8,126.04841231479587,200.37863398529498,465.136889444101,185.17026164392425,0.649485923807495,351.8768019014851,405.6918859589806,328.8104409747528,328.8104409747528,76.88144498422781,0.1895069821337301,51.5,51.5,36.756591796875,82.01896874198536,47.05,0.0,0.04436819553793564,5333.07773315991,22752.5,-17419.42226684009,9342.0,9663.0,321.0,0.0332194970506054,1,0,1.6875,0.8892355694227769,3.2702295302097713,3.5302114779180567,0.04436819553793564,0.0,0.0,0.0,0.0,5.9999652126134375,31.469627519889855,368.2222932264773,0.9372191971572937,211,135.08257036207058,0.0,137,405.6918859589806,0.0,0.0,423.27415230407405,352.18675220909034,0.041538719643959277,0.0008800737269674119,31.3158,0.0,0.11631599844211049,0.007537367426189602,0.09786042317048593,0.48539509789284746,351.8768019014851,405.6918859589806,51.5,5333.07773315991,368.2222932264773,9342.0,76.88144498422781
57,2.85,126.04841231479587,200.37863398529498,465.136889444101,185.17026164392425,0.649485923807495,351.8768019014851,405.6918859589806,328.8104409747528,328.8104409747528,76.88144498422781,0.1895069821337301,51.5,51.5,36.756591796875,82.01896874198536,47.05,0.0,0.04436819553793564,5333.07773315991,22752.5,-17419.42226684009,9342.0,9663.0,321.0,0.0332194970506054,1,0,1.6875,0.8892355694227769,3.2702295302097713,3.5302114779180567,0.04436819553793564,0.0,0.0,0.0,0.0,5.9999652126134375,31.469627519889855,368.2222932264773,0.9372191971572937,211,135.08257036207058,0.0,137,405.6918859589806,0.0,0.0,423.27415230407405,352.18675220909034,0.041538719643959277,0.0008800737269674119,31.4286,0.0,0.11631599844211049,0.007537367426189602,0.09786042317048593,0.48539509789284746,351.8768019014851,405.6918859589806,51.5,5333.07773315991,368.2222932264773,9342.0,76.88144498422781
58,2.9,126.04841231479587,200.37863398529498,465.136889444101,185.17026164392425,0.649485923807495,351.8768019014851,405.6918859589806,328.8104409747528,328.8104409747528,76.88144498422781,0.1895069821337301,51.5,51.5,36.756591796875,82.01896874198536,47.05,0.0,0.04436819553793564,5333.07773315991,22752.5,-17419.42226684009,9342.0,9663.0,321.0,0.0332194970506054,1,0,1.6875,0.8892355694227769,3.2702295302097713,3.5302114779180567,0.04436819553793564,0.0,0.0,0.0,0.0,5.9999652126134375,31.469627519889855,368.2222932264773,0.9372191971572937,211,135.08257036207058,0.0,137,405.6918859589806,0.0,0.0,423.27415230407405,352.18675220909034,0.041538719643959277,0.0008800737269674119,31.5414,0.0,0.11631599844211049,0.007537367426189602,0.09786042317048593,0.48539509789284746,351.8768019014851,405.6918859589806,51.5,5333.07773315991,368.2222932264773,9342.0,76.88144498422781
59,2.95,126.04841231479587,200.37863398529498,465.136889444101,185.17026164392425,0.649485923807495,351.8768019014851,405.6918859589806,328.8104409747528,328.8104409747528,76.88144498422781,0.1895069821337301,51.5,51.5,36.756591796875,82.01896874198536,47.05,0.0,0.04436819553793564,5333.07773315991,22752.5,-17419.42226684009,9342.0,9663.0,321.0,0.0332194970506054,1,0,1.6875,0.8892355694227769,3.2702295302097713,3.5302114779180567,0.04436819553793564,0.0,0.0,0.0,0.0,5.9999652126134375,31.469627519889855,368.2222932264773,0.9372191971572937,211,135.08257036207058,0.0,137,405.6918859589806,0.0,0.0,423.27415230407405,352.18675220909034,0.041538719643959277,0.0008800737269674119,31.6541,0.0,0.11631599844211049,0.007537367426189602,0.09786042317048593,0.48539509789284746,351.8768019014851,405.6918859589806,51.5,5333.07773315991,368.2222932264773,9342.0,76.88144498422781
60,3.0,126.04841231479587,200.37863398529498,465.136889444101,185.17026164392425,0.649485923807495,351.8768019014851,405.6918859589806,328.8104409747528,328.8104409747528,76.88144498422781,0.1895069821337301,51.5,51.5,36.756591796875,82.01896874198536,47.05,0.0,0.04436819553793564,5333.07773315991,22752.5,-17419.42226684009,9342.0,9663.0,321.0,0.0332194970506054,1,0,1.6875,0.8892355694227769,3.2702295302097713,3.5302114779180567,0.04436819553793564,0.0,0.0,0.0,0.0,5.9999652126134375,31.469627519889855,368.2222932264773,0.9372191971572937,211,135.08257036207058,0.0,137,405.6918859589806,0.0,0.0,423.27415230407405,352.18675220909034,0.041538719643959277,0.0008800737269674119,31.7669,0.0,0.11631599844211049,0.007537367426189602,0.09786042317048593,0.48539509789284746,351.8768019014851,405.6918859589806,51.5,5333.07773315991,368.2222932264773,9342.0,76.88144498422781
61,3.05,126.04841231479587,200.37863398529498,465.136889444101,185.17026164392425,0.649485923807495,351.8768019014851,405.6918859589806,328.8104409747528,328.8104409747528,76.88144498422781,0.1895069821337301,51.5,51.5,36.756591796875,82.01896874198536,47.05,0.0,0.04436819553793564,5333.07773315991,22752.5,-17419.42226684009,9342.0,9663.0,321.0,0.0332194970506054,1,0,1.6875,0.8892355694227769,3.2702295302097713,3.5302114779180567,0.04436819553793564,0.0,0.0,0.0,0.0,5.9999652126134375,31.469627519889855,368.2222932264773,0.9372191971572937,211,135.08257036207058,0.0,137,405.6918859589806,0.0,0.0,423.27415230407405,352.18675220909034,0.041538719643959277,0.0008800737269674119,31.8797,0.0,0.11631599844211049,0.007537367426189602,0.09786042317048593,0.48539509789284746,351.8768019014851,405.6918859589806,51.5,5333.07773315991,368.2222932264773,9342.0,76.88144498422781
62,3.1,126.04841231479587,200.37863398529498,465.136889444101,185.17026164392425,0.649485923807495,351.8768019014851,405.6918859589806,328.8104409747528,328.8104409747528,76.88144498422781,0.1895069821337301,51.5,51.5,36.756591796875,82.01896874198536,47.05,0.0,0.04436819553793564,5333.07773315991,22752.5,-17419.42226684009,9342.0,9663.0,321.0,0.0332194970506054,1,0,1.6875,0.8892355694227769,3.2702295302097713,3.5302114779180567,0.04436819553793564,0.0,0.0,0.0,0.0,5.9999652126134375,31.469627519889855,368.2222932264773,0.9372191971572937,211,135.08257036207058,0.0,137,405.6918859589806,0.0,0.0,423.27415230407405,352.18675220909034,0.041538719643959277,0.0008800737269674119,31.9925,0.0,0.11631599844211049,0.007537367426189602,0.09786042317048593,0.48539509789284746,351.8768019014851,405.6918859589806,51.5,5333.07773315991,368.2222932264773,9342.0,76.88144498422781
63,3.15,126.04841231479587,200.37863398529498,465.136889444101,185.17026164392425,0.649485923807495,351.8768019014851,405.6918859589806,328.8104409747528,328.8104409747528,76.88144498422781,0.1895069821337301,51.5,51.5,36.756591796875,82.01896874198536,47.05,0.0,0.04436819553793564,5333.07773315991,22752.5,-17419.42226684009,9342.0,9663.0,321.0,0.0332194970506054,1,0,1.6875,0.8892355694227769,3.2702295302097713,3.5302114779180567,0.04436819553793564,0.0,0.0,0.0,0.0,5.9999652126134375,31.469627519889855,368.2222932264773,0.9372191971572937,211,135.08257036207058,0.0,137,405.6918859589806,0.0,0.0,423.27415230407405,352.18675220909034,0.041538719643959277,0.0008800737269674119,32.1053,0.0,0.11631599844211049,0.007537367426189602,0.09786042317048593,0.48539509789284746,351.8768019014851,405.6918859589806,51.5,5333.07773315991,368.2222932264773,9342.0,76.88144498422781
64,3.2,126.04841231479587,200.37863398529498,465.136889444101,185.17026164392425,0.649485923807495,351.8768019014851,405.6918859589806,328.8104409747528,328.8104409747528,76.88144498422781,0.1895069821337301,51.5,51.5,36.756591796875,82.01896874198536,47.05,0.0,0.04436819553793564,5333.07773315991,22752.5,-17419.42226684009,9342.0,9663.0,321.0,0.0332194970506054,1,0,1.6875,0.8892355694227769,3.2702295302097713,3.5302114779180567,0.04436819553793564,0.0,0.0,0.0,0.0,5.9999652126134375,31.469627519889855,368.2222932264773,0.9372191971572937,211,135.08257036207058,0.0,137,405.6918859589806,0.0,0.0,423.27415230407405,352.18675220909034,0.041538719643959277,0.0008800737269674119,32.218,0.0,0.11631599844211049,0.007537367426189602,0.09786042317048593,0.48539509789284746,351.8768019014851,405.6918859589806,51.5,5333.07773315991,368.2222932264773,9342.0,76.88144498422781
65,3.25,126.04841231479587,200.37863398529498,465.136889444101,185.17026164392425,0.649485923807495,351.8768019014851,405.6918859589806,328.8104409747528,328.8104409747528,76.88144498422781,0.1895069821337301,51.5,51.5,36.756591796875,82.01896874198536,47.05,0.0,0.04436819553793564,5333.07773315991,22752.5,-17419.42226684009,9342.0,9663.0,321.0,0.0332194970506054,1,0,1.6875,0.8892355694227769,3.2702295302097713,3.5302114779180567,0.04436819553793564,0.0,0.0,0.0,0.0,5.9999652126134375,31.469627519889855,368.2222932264773,0.9372191971572937,211,135.08257036207058,0.0,137,405.6918859589806,0.0,0.0,423.27415230407405,352.18675220909034,0.041538719643959277,0.0008800737269674119,32.3308,0.0,0.11631599844211049,0.007537367426189602,0.09786042317048593,0.48539509789284746,351.8768019014851,405.6918859589806,51.5,5333.07773315991,368.2222932264773,9342.0,76.88144498422781
66,3.3,126.04841231479587,200.37863398529498,465.136889444101,185.17026164392425,0.649485923807495,351.8768019014851,405.6918859589806,328.8104409747528,328.8104409747528,76.88144498422781,0.1895069821337301,51.5,51.5,36.756591796875,82.01896874198536,47.05,0.0,0.04436819553793564,5333.07773315991,22752.5,-17419.42226684009,9342.0,9663.0,321.0,0.0332194970506054,1,0,1.6875,0.8892355694227769,3.2702295302097713,3.5302114779180567,0.04436819553793564,0.0,0.0,0.0,0.0,5.9999652126134375,31.469627519889855,368.2222932264773,0.9372191971572937,211,135.08257036207058,0.0,137,405.6918859589806,0.0,0.0,423.27415230407405,352.18675220909034,0.041538719643959277,0.0008800737269674119,32.4436,0.0,0.11631599844211049,0.007537367426189602,0.09786042317048593,0.48539509789284746,351.8768019014851,405.6918859589806,51.5,5333.07773315991,368.2222932264773,9342.0,76.88144498422781
67,3.35,126.04841231479587,200.37863398529498,465.136889444101,185.17026164392425,0.649485923807495,351.8768019014851,405.6918859589806,328.8104409747528,328.8104409747528,76.88144498422781,0.1895069821337301,51.5,51.5,36.756591796875,82.01896874198536,47.05,0.0,0.04436819553793564,5333.07773315991,22752.5,-17419.42226684009,9342.0,9663.0,321.0,0.0332194970506054,1,0,1.6875,0.8892355694227769,3.2702295302097713,3.5302114779180567,0.04436819553793564,0.0,0.0,0.0,0.0,5.9999652126134375,31.469627519889855,368.2222932264773,0.9372191971572937,211,135.08257036207058,0.0,137,405.6918859589806,0.0,0.0,423.27415230407405,352.18675220909034,0.041538719643959277,0.0008800737269674119,32.5564,0.0,0.11631599844211049,0.007537367426189602,0.09786042317048593,0.48539509789284746,351.8768019014851,405.6918859589806,51.5,5333.07773315991,368.2222932264773,9342.0,76.88144498422781
68,3.4,126.04841231479587,200.37863398529498,465.136889444101,185.17026164392425,0.649485923807495,351.8768019014851,405.6918859589806,328.8104409747528,328.8104409747528,76.88144498422781,0.1895069821337301,51.5,51.5,36.756591796875,82.01896874198536,47.05,0.0,0.04436819553793564,5333.07773315991,22752.5,-17419.42226684009,9342.0,9663.0,321.0,0.0332194970506054,1,0,1.6875,0.8892355694227769,3.2702295302097713,3.5302114779180567,0.04436819553793564,0.0,0.0,0.0,0.0,5.9999652126134375,31.469627519889855,368.2222932264773,0.9372191971572937,211,135.08257036207058,0.0,137,405.6918859589806,0.0,0.0,423.27415230407405,352.18675220909034,0.041538719643959277,0.0008800737269674119,32.6692,0.0,0.11631599844211049,0.007537367426189602,0.09786042317048593,0.48539509789284746,351.8768019014851,405.6918859589806,51.5,5333.07773315991,368.2222932264773,9342.0,76.88144498422781
69,3.45,126.04841231479587,200.37863398529498,465.136889444101,185.17026164392425,0.649485923807495,351.8768019014851,405.6918859589806,328.8104409747528,328.8104409747528,76.88144498422781,0.1895069821337301,51.5,51.5,36.756591796875,82.01896874198536,47.05,0.0,0.04436819553793564,5333.07773315991,22752.5,-17419.42226684009,9342.0,9663.0,321.0,0.0332194970506054,1,0,1.6875,0.8892355694227769,3.2702295302097713,3.5302114779180567,0.04436819553793564,0.0,0.0,0.0,0.0,5.9999652126134375,31.469627519889855,368.2222932264773,0.9372191971572937,211,135.08257036207058,0.0,137,405.6918859589806,0.0,0.0,423.27415230407405,352.18675220909034,0.041538719643959277,0.0008800737269674119,32.782,0.0,0.11631599844211049,0.007537367426189602,0.09786042317048593,0.48539509789284746,351.8768019014851,405.6918859589806,51.5,5333.07773315991,368.2222932264773,9342.0,76.88144498422781
70,3.5,126.04841231479587,200.37863398529498,465.136889444101,185.17026164392425,0.649485923807495,351.8768019014851,405.6918859589806,328.8104409747528,328.8104409747528,76.88144498422781,0.1895069821337301,51.5,51.5,36.756591796875,82.01896874198536,47.05,0.0,0.04436819553793564,5333.07773315991,22752.5,-17419.42226684009,9342.0,9663.0,321.0,0.0332194970506054,1,0,1.6875,0.8892355694227769,3.2702295302097713,3.5302114779180567,0.04436819553793564,0.0,0.0,0.0,0.0,5.9999652126134375,31.469627519889855,368.2222932264773,0.9372191971572937,211,135.08257036207058,0.0,137,405.6918859589806,0.0,0.0,423.27415230407405,352.18675220909034,0.041538719643959277,0.0008800737269674119,32.8947,0.0,0.11631599844211049,0.007537367426189602,0.09786042317048593,0.48539509789284746,351.8768019014851,405.6918859589806,51.5,5333.07773315991,368.2222932264773,9342.0,76.88144498422781
71,3.55,126.04841231479587,200.37863398529498,465.136889444101,185.17026164392425,0.649485923807495,351.8768019014851,405.6918859589806,328.8104409747528,328.8104409747528,76.88144498422781,0.1895069821337301,51.5,51.5,36.756591796875,82.01896874198536,47.05,0.0,0.04436819553793564,5333.07773315991,22752.5,-17419.42226684009,9342.0,9663.0,321.0,0.0332194970506054,1,0,1.6875,0.8892355694227769,3.2702295302097713,3.5302114779180567,0.04436819553793564,0.0,0.0,0.0,0.0,5.9999652126134375,31.469627519889855,368.2222932264773,0.9372191971572937,211,135.08257036207058,0.0,137,405.6918859589806,0.0,0.0,423.27415230407405,352.18675220909034,0.041538719643959277,0.0008800737269674119,33.0075,0.0,0.11631599844211049,0.007537367426189602,0.09786042317048593,0.48539509789284746,351.8768019014851,405.6918859589806,51.5,5333.07773315991,368.2222932264773,9342.0,76.88144498422781
72,3.6,126.04841231479587,200.37863398529498,465.136889444101,185.17026164392425,0.649485923807495,351.8768019014851,405.6918859589806,328.8104409747528,328.8104409747528,76.88144498422781,0.1895069821337301,51.5,51.5,36.756591796875,82.01896874198536,47.05,0.0,0.04436819553793564,5333.07773315991,22752.5,-17419.42226684009,9342.0,9663.0,321.0,0.0332194970506054,1,0,1.6875,0.8892355694227769,3.2702295302097713,3.5302114779180567,0.04436819553793564,0.0,0.0,0.0,0.0,5.9999652126134375,31.469627519889855,368.2222932264773,0.9372191971572937,211,135.08257036207058,0.0,137,405.6918859589806,0.0,0.0,423.27415230407405,352.18675220909034,0.041538719643959277,0.0008800737269674119,33.1203,0.0,0.11631599844211049,0.007537367426189602,0.09786042317048593,0.48539509789284746,351.8768019014851,405.6918859589806,51.5,5333.07773315991,368.2222932264773,9342.0,76.88144498422781
73,3.65,126.04841231479587,200.37863398529498,465.136889444101,185.17026164392425,0.649485923807495,351.8768019014851,405.6918859589806,328.8104409747528,328.8104409747528,76.88144498422781,0.1895069821337301,51.5,51.5,36.756591796875,82.01896874198536,47.05,0.0,0.04436819553793564,5333.07773315991,22752.5,-17419.42226684009,9342.0,9663.0,321.0,0.0332194970506054,1,0,1.6875,0.8892355694227769,3.2702295302097713,3.5302114779180567,0.04436819553793564,0.0,0.0,0.0,0.0,5.9999652126134375,31.469627519889855,368.2222932264773,0.9372191971572937,211,135.08257036207058,0.0,137,405.6918859589806,0.0,0.0,423.27415230407405,352.18675220909034,0.041538719643959277,0.0008800737269674119,33.2331,0.0,0.11631599844211049,0.007537367426189602,0.09786042317048593,0.48539509789284746,351.8768019014851,405.6918859589806,51.5,5333.07773315991,368.2222932264773,9342.0,76.88144498422781
74,3.7,126.04841231479587,200.37863398529498,465.136889444101,185.17026164392425,0.649485923807495,351.8768019014851,405.6918859589806,328.8104409747528,328.8104409747528,76.88144498422781,0.1895069821337301,51.5,51.5,36.756591796875,82.01896874198536,47.05,0.0,0.04436819553793564,5333.07773315991,22752.5,-17419.42226684009,9342.0,9663.0,321.0,0.0332194970506054,1,0,1.6875,0.8892355694227769,3.2702295302097713,3.5302114779180567,0.04436819553793564,0.0,0.0,0.0,0.0,5.9999652126134375,31.469627519889855,368.2222932264773,0.9372191971572937,211,135.08257036207058,0.0,137,405.6918859589806,0.0,0.0,423.27415230407405,352.18675220909034,0.041538719643959277,0.0008800737269674119,33.3459,0.0,0.11631599844211049,0.007537367426189602,0.09786042317048593,0.48539509789284746,351.8768019014851,405.6918859589806,51.5,5333.07773315991,368.2222932264773,9342.0,76.88144498422781
75,3.75,126.04841231479587,200.37863398529498,465.136889444101,185.17026164392425,0.649485923807495,351.8768019014851,405.6918859589806,328.8104409747528,328.8104409747528,76.88144498422781,0.1895069821337301,51.5,51.5,36.756591796875,82.01896874198536,47.05,0.0,0.04436819553793564,5333.07773315991,22752.5,-17419.42226684009,9342.0,9663.0,321.0,0.0332194970506054,1,0,1.6875,0.8892355694227769,3.2702295302097713,3.5302114779180567,0.04436819553793564,0.0,0.0,0.0,0.0,5.9999652126134375,31.469627519889855,368.2222932264773,0.9372191971572937,211,135.08257036207058,0.0,137,405.6918859589806,0.0,0.0,423.27415230407405,352.18675220909034,0.041538719643959277,0.0008800737269674119,33.4586,0.0,0.11631599844211049,0.007537367426189602,0.09786042317048593,0.48539509789284746,351.8768019014851,405.6918859589806,51.5,5333.07773315991,368.2222932264773,9342.0,76.88144498422781
76,3.8,126.04841231479587,200.37863398529498,465.136889444101,185.17026164392425,0.649485923807495,351.8768019014851,405.6918859589806,328.8104409747528,328.8104409747528,76.88144498422781,0.1895069821337301,51.5,51.5,36.756591796875,82.01896874198536,47.05,0.0,0.04436819553793564,5333.07773315991,22752.5,-17419.42226684009,9342.0,9663.0,321.0,0.0332194970506054,1,0,1.6875,0.8892355694227769,3.2702295302097713,3.5302114779180567,0.04436819553793564,0.0,0.0,0.0,0.0,5.9999652126134375,31.469627519889855,368.2222932264773,0.9372191971572937,211,135.08257036207058,0.0,137,405.6918859589806,0.0,0.0,423.27415230407405,352.18675220909034,0.041538719643959277,0.0008800737269674119,33.5714,0.0,0.11631599844211049,0.007537367426189602,0.09786042317048593,0.48539509789284746,351.8768019014851,405.6918859589806,51.5,5333.07773315991,368.2222932264773,9342.0,76.88144498422781
77,3.85,126.04841231479587,200.37863398529498,465.136889444101,185.17026164392425,0.649485923807495,351.8768019014851,405.6918859589806,328.8104409747528,328.8104409747528,76.88144498422781,0.1895069821337301,51.5,51.5,36.756591796875,82.01896874198536,47.05,0.0,0.04436819553793564,5333.07773315991,22752.5,-17419.42226684009,9342.0,9663.0,321.0,0.0332194970506054,1,0,1.6875,0.8892355694227769,3.2702295302097713,3.5302114779180567,0.04436819553793564,0.0,0.0,0.0,0.0,5.9999652126134375,31.469627519889855,368.2222932264773,0.9372191971572937,211,135.08257036207058,0.0,137,405.6918859589806,0.0,0.0,423.27415230407405,352.18675220909034,0.041538719643959277,0.0008800737269674119,33.6842,0.0,0.11631599844211049,0.007537367426189602,0.09786042317048593,0.48539509789284746,351.8768019014851,405.6918859589806,51.5,5333.07773315991,368.2222932264773,9342.0,76.88144498422781
78,3.9,126.04841231479587,200.37863398529498,465.136889444101,185.17026164392425,0.649485923807495,351.8768019014851,405.6918859589806,328.8104409747528,328.8104409747528,76.88144498422781,0.1895069821337301,51.5,51.5,36.756591796875,82.01896874198536,47.05,0.0,0.04436819553793564,5333.07773315991,22752.5,-17419.42226684009,9342.0,9663.0,321.0,0.0332194970506054,1,0,1.6875,0.8892355694227769,3.2702295302097713,3.5302114779180567,0.04436819553793564,0.0,0.0,0.0,0.0,5.9999652126134375,31.469627519889855,368.2222932264773,0.9372191971572937,211,135.08257036207058,0.0,137,405.6918859589806,0.0,0.0,423.27415230407405,352.18675220909034,0.041538719643959277,0.0008800737269674119,33.797,0.0,0.11631599844211049,0.007537367426189602,0.09786042317048593,0.48539509789284746,351.8768019014851,405.6918859589806,51.5,5333.07773315991,368.2222932264773,9342.0,76.88144498422781
79,3.95,126.04841231479587,200.37863398529498,465.136889444101,185.17026164392425,0.649485923807495,351.8768019014851,405.6918859589806,328.8104409747528,328.8104409747528,76.88144498422781,0.1895069821337301,51.5,51.5,36.756591796875,82.01896874198536,47.05,0.0,0.04436819553793564,5333.07773315991,22752.5,-17419.42226684009,9342.0,9663.0,321.0,0.0332194970506054,1,0,1.6875,0.8892355694227769,3.2702295302097713,3.5302114779180567,0.04436819553793564,0.0,0.0,0.0,0.0,5.9999652126134375,31.469627519889855,368.2222932264773,0.9372191971572937,211,135.08257036207058,0.0,137,405.6918859589806,0.0,0.0,423.27415230407405,352.18675220909034,0.041538719643959277,0.0008800737269674119,33.9098,0.0,0.11631599844211049,0.007537367426189602,0.09786042317048593,0.48539509789284746,351.8768019014851,405.6918859589806,51.5,5333.07773315991,368.2222932264773,9342.0,76.88144498422781
80,4.0,126.04841231479587,200.37863398529498,465.136889444101,185.17026164392425,0.649485923807495,351.8768019014851,405.6918859589806,328.8104409747528,328.8104409747528,76.88144498422781,0.1895069821337301,51.5,51.5,36.756591796875,82.01896874198536,47.05,0.0,0.04436819553793564,5333.07773315991,22752.5,-17419.42226684009,9342.0,9663.0,321.0,0.0332194970506054,1,0,1.6875,0.8892355694227769,3.2702295302097713,3.5302114779180567,0.04436819553793564,0.0,0.0,0.0,0.0,5.9999652126134375,31.469627519889855,368.2222932264773,0.9372191971572937,211,135.08257036207058,0.0,137,405.6918859589806,0.0,0.0,423.27415230407405,352.18675220909034,0.041538719643959277,0.0008800737269674119,34.0226,0.0,0.11631599844211049,0.007537367426189602,0.09786042317048593,0.48539509789284746,351.8768019014851,405.6918859589806,51.5,5333.07773315991,368.2222932264773,9342.0,76.88144498422781
81,4.05,126.04841231479587,200.37863398529498,465.136889444101,185.17026164392425,0.649485923807495,351.8768019014851,405.6918859589806,328.8104409747528,328.8104409747528,76.88144498422781,0.1895069821337301,51.5,51.5,36.756591796875,82.01896874198536,47.05,0.0,0.04436819553793564,5333.07773315991,22752.5,-17419.42226684009,9342.0,9663.0,321.0,0.0332194970506054,1,0,1.6875,0.8892355694227769,3.2702295302097713,3.5302114779180567,0.04436819553793564,0.0,0.0,0.0,0.0,5.9999652126134375,31.469627519889855,368.2222932264773,0.9372191971572937,211,135.08257036207058,0.0,137,405.6918859589806,0.0,0.0,423.27415230407405,352.18675220909034,0.041538719643959277,0.0008800737269674119,34.1353,0.0,0.11631599844211049,0.007537367426189602,0.09786042317048593,0.48539509789284746,351.8768019014851,405.6918859589806,51.5,5333.07773315991,368.2222932264773,9342.0,76.88144498422781
82,4.1,126.04841231479587,200.37863398529498,465.136889444101,185.17026164392425,0.649485923807495,351.8768019014851,405.6918859589806,328.8104409747528,328.8104409747528,76.88144498422781,0.1895069821337301,51.5,51.5,36.756591796875,82.01896874198536,47.05,0.0,0.04436819553793564,5333.07773315991,22752.5,-17419.42226684009,9342.0,9663.0,321.0,0.0332194970506054,1,0,1.6875,0.8892355694227769,3.2702295302097713,3.5302114779180567,0.04436819553793564,0.0,0.0,0.0,0.0,5.9999652126134375,31.469627519889855,368.2222932264773,0.9372191971572937,211,135.08257036207058,0.0,137,405.6918859589806,0.0,0.0,423.27415230407405,352.18675220909034,0.041538719643959277,0.0008800737269674119,34.2481,0.0,0.11631599844211049,0.007537367426189602,0.09786042317048593,0.48539509789284746,351.8768019014851,405.6918859589806,51.5,5333.07773315991,368.2222932264773,9342.0,76.88144498422781
83,4.15,126.04841231479587,200.37863398529498,465.136889444101,185.17026164392425,0.649485923807495,351.8768019014851,405.6918859589806,328.8104409747528,328.8104409747528,76.88144498422781,0.1895069821337301,51.5,51.5,36.756591796875,82.01896874198536,47.05,0.0,0.04436819553793564,5333.07773315991,22752.5,-17419.42226684009,9342.0,9663.0,321.0,0.0332194970506054,1,0,1.6875,0.8892355694227769,3.2702295302097713,3.5302114779180567,0.04436819553793564,0.0,0.0,0.0,0.0,5.9999652126134375,31.469627519889855,368.2222932264773,0.9372191971572937,211,135.08257036207058,0.0,137,405.6918859589806,0.0,0.0,423.27415230407405,352.18675220909034,0.041538719643959277,0.0008800737269674119,34.3609,0.0,0.11631599844211049,0.007537367426189602,0.09786042317048593,0.48539509789284746,351.8768019014851,405.6918859589806,51.5,5333.07773315991,368.2222932264773,9342.0,76.88144498422781
84,4.2,126.04841231479587,200.37863398529498,465.136889444101,185.17026164392425,0.649485923807495,351.8768019014851,405.6918859589806,328.8104409747528,328.8104409747528,76.88144498422781,0.1895069821337301,51.5,51.5,36.756591796875,82.01896874198536,47.05,0.0,0.04436819553793564,5333.07773315991,22752.5,-17419.42226684009,9342.0,9663.0,321.0,0.0332194970506054,1,0,1.6875,0.8892355694227769,3.2702295302097713,3.5302114779180567,0.04436819553793564,0.0,0.0,0.0,0.0,5.9999652126134375,31.469627519889855,368.2222932264773,0.9372191971572937,211,135.08257036207058,0.0,137,405.6918859589806,0.0,0.0,423.27415230407405,352.18675220909034,0.041538719643959277,0.0008800737269674119,34.4737,0.0,0.11631599844211049,0.007537367426189602,0.09786042317048593,0.48539509789284746,351.8768019014851,405.6918859589806,51.5,5333.07773315991,368.2222932264773,9342.0,76.88144498422781
85,4.25,126.04841231479587,200.37863398529498,465.136889444101,185.17026164392425,0.649485923807495,351.8768019014851,405.6918859589806,328.8104409747528,328.8104409747528,76.88144498422781,0.1895069821337301,51.5,51.5,36.756591796875,82.01896874198536,47.05,0.0,0.04436819553793564,5333.07773315991,22752.5,-17419.42226684009,9342.0,9663.0,321.0,0.0332194970506054,1,0,1.6875,0.8892355694227769,3.2702295302097713,3.5302114779180567,0.04436819553793564,0.0,0.0,0.0,0.0,5.9999652126134375,31.469627519889855,368.2222932264773,0.9372191971572937,211,135.08257036207058,0.0,137,405.6918859589806,0.0,0.0,423.27415230407405,352.18675220909034,0.041538719643959277,0.0008800737269674119,34.5865,0.0,0.11631599844211049,0.007537367426189602,0.09786042317048593,0.48539509789284746,351.8768019014851,405.6918859589806,51.5,5333.07773315991,368.2222932264773,9342.0,76.88144498422781
86,4.3,126.04841231479587,200.37863398529498,465.136889444101,185.17026164392425,0.649485923807495,351.8768019014851,405.6918859589806,328.8104409747528,328.8104409747528,76.88144498422781,0.1895069821337301,51.5,51.5,36.756591796875,82.01896874198536,47.05,0.0,0.04436819553793564,5333.07773315991,22752.5,-17419.42226684009,9342.0,9663.0,321.0,0.0332194970506054,1,0,1.6875,0.8892355694227769,3.2702295302097713,3.5302114779180567,0.04436819553793564,0.0,0.0,0.0,0.0,5.9999652126134375,31.469627519889855,368.2222932264773,0.9372191971572937,211,135.08257036207058,0.0,137,405.6918859589806,0.0,0.0,423.27415230407405,352.18675220909034,0.041538719643959277,0.0008800737269674119,34.6992,0.0,0.11631599844211049,0.007537367426189602,0.09786042317048593,0.48539509789284746,351.8768019014851,405.6918859589806,51.5,5333.07773315991,368.2222932264773,9342.0,76.88144498422781
87,4.35,126.04841231479587,200.37863398529498,465.136889444101,185.17026164392425,0.649485923807495,351.8768019014851,405.6918859589806,328.8104409747528,328.8104409747528,76.88144498422781,0.1895069821337301,51.5,51.5,36.756591796875,82.01896874198536,47.05,0.0,0.04436819553793564,5333.07773315991,22752.5,-17419.42226684009,9342.0,9663.0,321.0,0.0332194970506054,1,0,1.6875,0.8892355694227769,3.2702295302097713,3.5302114779180567,0.04436819553793564,0.0,0.0,0.0,0.0,5.9999652126134375,31.469627519889855,368.2222932264773,0.9372191971572937,211,135.08257036207058,0.0,137,405.6918859589806,0.0,0.0,423.27415230407405,352.18675220909034,0.041538719643959277,0.0008800737269674119,34.812,0.0,0.11631599844211049,0.007537367426189602,0.09786042317048593,0.48539509789284746,351.8768019014851,405.6918859589806,51.5,5333.07773315991,368.2222932264773,9342.0,76.88144498422781
88,4.4,126.04841231479587,200.37863398529498,465.136889444101,185.17026164392425,0.649485923807495,351.8768019014851,405.6918859589806,328.8104409747528,328.8104409747528,76.88144498422781,0.1895069821337301,51.5,51.5,36.756591796875,82.01896874198536,47.05,0.0,0.04436819553793564,5333.07773315991,22752.5,-17419.42226684009,9342.0,9663.0,321.0,0.0332194970506054,1,0,1.6875,0.8892355694227769,3.2702295302097713,3.5302114779180567,0.04436819553793564,0.0,0.0,0.0,0.0,5.9999652126134375,31.469627519889855,368.2222932264773,0.9372191971572937,211,135.08257036207058,0.0,137,405.6918859589806,0.0,0.0,423.27415230407405,352.18675220909034,0.041538719643959277,0.0008800737269674119,34.9248,0.0,0.11631599844211049,0.007537367426189602,0.09786042317048593,0.48539509789284746,351.8768019014851,405.6918859589806,51.5,5333.07773315991,368.2222932264773,9342.0,76.88144498422781
89,4.45,126.04841231479587,200.37863398529498,465.136889444101,185.17026164392425,0.649485923807495,351.8768019014851,405.6918859589806,328.8104409747528,328.8104409747528,76.88144498422781,0.1895069821337301,51.5,51.5,36.756591796875,82.01896874198536,47.05,0.0,0.04436819553793564,5333.07773315991,22752.5,-17419.42226684009,9342.0,9663.0,321.0,0.0332194970506054,1,0,1.6875,0.8892355694227769,3.2702295302097713,3.5302114779180567,0.04436819553793564,0.0,0.0,0.0,0.0,5.9999652126134375,31.469627519889855,368.2222932264773,0.9372191971572937,211,135.08257036207058,0.0,137,405.6918859589806,0.0,0.0,423.27415230407405,352.18675220909034,0.041538719643959277,0.0008800737269674119,35.0376,0.0,0.11631599844211049,0.007537367426189602,0.09786042317048593,0.48539509789284746,351.8768019014851,405.6918859589806,51.5,5333.07773315991,368.2222932264773,9342.0,76.88144498422781
90,4.5,126.04841231479587,200.37863398529498,465.136889444101,185.17026164392425,0.649485923807495,351.8768019014851,405.6918859589806,328.8104409747528,328.8104409747528,76.88144498422781,0.1895069821337301,51.5,51.5,36.756591796875,82.01896874198536,47.05,0.0,0.04436819553793564,5333.07773315991,22752.5,-17419.42226684009,9342.0,9663.0,321.0,0.0332194970506054,1,0,1.6875,0.8892355694227769,3.2702295302097713,3.5302114779180567,0.04436819553793564,0.0,0.0,0.0,0.0,5.9999652126134375,31.469627519889855,368.2222932264773,0.9372191971572937,211,135.08257036207058,0.0,137,405.6918859589806,0.0,0.0,423.27415230407405,352.18675220909034,0.041538719643959277,0.0008800737269674119,35.1504,0.0,0.11631599844211049,0.007537367426189602,0.09786042317048593,0.48539509789284746,351.8768019014851,405.6918859589806,51.5,5333.07773315991,368.2222932264773,9342.0,76.88144498422781
91,4.55,126.04841231479587,200.37863398529498,465.136889444101,185.17026164392425,0.649485923807495,351.8768019014851,405.6918859589806,328.8104409747528,328.8104409747528,76.88144498422781,0.1895069821337301,51.5,51.5,36.756591796875,82.01896874198536,47.05,0.0,0.04436819553793564,5333.07773315991,22752.5,-17419.42226684009,9342.0,9663.0,321.0,0.0332194970506054,1,0,1.6875,0.8892355694227769,3.2702295302097713,3.5302114779180567,0.04436819553793564,0.0,0.0,0.0,0.0,5.9999652126134375,31.469627519889855,368.2222932264773,0.9372191971572937,211,135.08257036207058,0.0,137,405.6918859589806,0.0,0.0,423.27415230407405,352.18675220909034,0.041538719643959277,0.0008800737269674119,35.2632,0.0,0.11631599844211049,0.007537367426189602,0.09786042317048593,0.48539509789284746,351.8768019014851,405.6918859589806,51.5,5333.07773315991,368.2222932264773,9342.0,76.88144498422781
92,4.6,126.04841231479587,200.37863398529498,465.136889444101,185.17026164392425,0.649485923807495,351.8768019014851,405.6918859589806,328.8104409747528,328.8104409747528,76.88144498422781,0.1895069821337301,51.5,51.5,36.756591796875,82.01896874198536,47.05,0.0,0.04436819553793564,5333.07773315991,22752.5,-17419.42226684009,9342.0,9663.0,321.0,0.0332194970506054,1,0,1.6875,0.8892355694227769,3.2702295302097713,3.5302114779180567,0.04436819553793564,0.0,0.0,0.0,0.0,5.9999652126134375,31.469627519889855,368.2222932264773,0.9372191971572937,211,135.08257036207058,0.0,137,405.6918859589806,0.0,0.0,423.27415230407405,352.18675220909034,0.041538719643959277,0.0008800737269674119,35.3759,0.0,0.11631599844211049,0.007537367426189602,0.09786042317048593,0.48539509789284746,351.8768019014851,405.6918859589806,51.5,5333.07773315991,368.2222932264773,9342.0,76.88144498422781
93,4.65,126.04841231479587,200.37863398529498,465.136889444101,185.17026164392425,0.649485923807495,351.8768019014851,405.6918859589806,328.8104409747528,328.8104409747528,76.88144498422781,0.1895069821337301,51.5,51.5,36.756591796875,82.01896874198536,47.05,0.0,0.04436819553793564,5333.07773315991,22752.5,-17419.42226684009,9342.0,9663.0,321.0,0.0332194970506054,1,0,1.6875,0.8892355694227769,3.2702295302097713,3.5302114779180567,0.04436819553793564,0.0,0.0,0.0,0.0,5.9999652126134375,31.469627519889855,368.2222932264773,0.9372191971572937,211,135.08257036207058,0.0,137,405.6918859589806,0.0,0.0,423.27415230407405,352.18675220909034,0.041538719643959277,0.0008800737269674119,35.4887,0.0,0.11631599844211049,0.007537367426189602,0.09786042317048593,0.48539509789284746,351.8768019014851,405.6918859589806,51.5,5333.07773315991,368.2222932264773,9342.0,76.88144498422781
94,4.7,126.04841231479587,200.37863398529498,465.136889444101,185.17026164392425,0.649485923807495,351.8768019014851,405.6918859589806,328.8104409747528,328.8104409747528,76.88144498422781,0.1895069821337301,51.5,51.5,36.756591796875,82.01896874198536,47.05,0.0,0.04436819553793564,5333.07773315991,22752.5,-17419.42226684009,9342.0,9663.0,321.0,0.0332194970506054,1,0,1.6875,0.8892355694227769,3.2702295302097713,3.5302114779180567,0.04436819553793564,0.0,0.0,0.0,0.0,5.9999652126134375,31.469627519889855,368.2222932264773,0.9372191971572937,211,135.08257036207058,0.0,137,405.6918859589806,0.0,0.0,423.27415230407405,352.18675220909034,0.041538719643959277,0.0008800737269674119,35.6015,0.0,0.11631599844211049,0.007537367426189602,0.09786042317048593,0.48539509789284746,351.8768019014851,405.6918859589806,51.5,5333.07773315991,368.2222932264773,9342.0,76.88144498422781
95,4.75,126.04841231479587,200.37863398529498,465.136889444101,185.17026164392425,0.649485923807495,351.8768019014851,405.6918859589806,328.8104409747528,328.8104409747528,76.88144498422781,0.1895069821337301,51.5,51.5,36.756591796875,82.01896874198536,47.05,0.0,0.04436819553793564,5333.07773315991,22752.5,-17419.42226684009,9342.0,9663.0,321.0,0.0332194970506054,1,0,1.6875,0.8892355694227769,3.2702295302097713,3.5302114779180567,0.04436819553793564,0.0,0.0,0.0,0.0,5.9999652126134375,31.469627519889855,368.2222932264773,0.9372191971572937,211,135.08257036207058,0.0,137,405.6918859589806,0.0,0.0,423.27415230407405,352.18675220909034,0.041538719643959277,0.0008800737269674119,35.7143,0.0,0.11631599844211049,0.007537367426189602,0.09786042317048593,0.48539509789284746,351.8768019014851,405.6918859589806,51.5,5333.07773315991,368.2222932264773,9342.0,76.88144498422781
96,4.8,126.04841231479587,200.37863398529498,465.136889444101,185.17026164392425,0.649485923807495,351.8768019014851,405.6918859589806,328.8104409747528,328.8104409747528,76.88144498422781,0.1895069821337301,51.5,51.5,36.756591796875,82.01896874198536,47.05,0.0,0.04436819553793564,5333.07773315991,22752.5,-17419.42226684009,9342.0,9663.0,321.0,0.0332194970506054,1,0,1.6875,0.8892355694227769,3.2702295302097713,3.5302114779180567,0.04436819553793564,0.0,0.0,0.0,0.0,5.9999652126134375,31.469627519889855,368.2222932264773,0.9372191971572937,211,135.08257036207058,0.0,137,405.6918859589806,0.0,0.0,423.27415230407405,352.18675220909034,0.041538719643959277,0.0008800737269674119,35.8271,0.0,0.11631599844211049,0.007537367426189602,0.09786042317048593,0.48539509789284746,351.8768019014851,405.6918859589806,51.5,5333.07773315991,368.2222932264773,9342.0,76.88144498422781
97,4.85,126.04841231479587,200.37863398529498,465.136889444101,185.17026164392425,0.649485923807495,351.8768019014851,405.6918859589806,328.8104409747528,328.8104409747528,76.88144498422781,0.1895069821337301,51.5,51.5,36.756591796875,82.01896874198536,47.05,0.0,0.04436819553793564,5333.07773315991,22752.5,-17419.42226684009,9342.0,9663.0,321.0,0.0332194970506054,1,0,1.6875,0.8892355694227769,3.2702295302097713,3.5302114779180567,0.04436819553793564,0.0,0.0,0.0,0.0,5.9999652126134375,31.469627519889855,368.2222932264773,0.9372191971572937,211,135.08257036207058,0.0,137,405.6918859589806,0.0,0.0,423.27415230407405,352.18675220909034,0.041538719643959277,0.0008800737269674119,35.9398,0.0,0.11631599844211049,0.007537367426189602,0.09786042317048593,0.48539509789284746,351.8768019014851,405.6918859589806,51.5,5333.07773315991,368.2222932264773,9342.0,76.88144498422781
98,4.9,126.04841231479587,200.37863398529498,465.136889444101,185.17026164392425,0.649485923807495,351.8768019014851,405.6918859589806,328.8104409747528,328.8104409747528,76.88144498422781,0.1895069821337301,51.5,51.5,36.756591796875,82.01896874198536,47.05,0.0,0.04436819553793564,5333.07773315991,22752.5,-17419.42226684009,9342.0,9663.0,321.0,0.0332194970506054,1,0,1.6875,0.8892355694227769,3.2702295302097713,3.5302114779180567,0.04436819553793564,0.0,0.0,0.0,0.0,5.9999652126134375,31.469627519889855,368.2222932264773,0.9372191971572937,211,135.08257036207058,0.0,137,405.6918859589806,0.0,0.0,423.27415230407405,352.18675220909034,0.041538719643959277,0.0008800737269674119,36.0526,0.0,0.11631599844211049,0.007537367426189602,0.09786042317048593,0.48539509789284746,351.8768019014851,405.6918859589806,51.5,5333.07773315991,368.2222932264773,9342.0,76.88144498422781
99,4.95,126.04841231479587,200.37863398529498,465.136889444101,185.17026164392425,0.649485923807495,351.8768019014851,405.6918859589806,328.8104409747528,328.8104409747528,76.88144498422781,0.1895069821337301,51.5,51.5,36.756591796875,82.01896874198536,47.05,0.0,0.04436819553793564,5333.07773315991,22752.5,-17419.42226684009,9342.0,9663.0,321.0,0.0332194970506054,1,0,1.6875,0.8892355694227769,3.2702295302097713,3.5302114779180567,0.04436819553793564,0.0,0.0,0.0,0.0,5.9999652126134375,31.469627519889855,368.2222932264773,0.9372191971572937,211,135.08257036207058,0.0,137,405.6918859589806,0.0,0.0,423.27415230407405,352.18675220909034,0.041538719643959277,0.0008800737269674119,36.1654,0.0,0.11631599844211049,0.007537367426189602,0.09786042317048593,0.48539509789284746,351.8768019014851,405.6918859589806,51.5,5333.07773315991,368.2222932264773,9342.0,76.88144498422781
100,5.0,126.04841231479587,200.37863398529498,465.136889444101,185.17026164392425,0.649485923807495,351.8768019014851,405.6918859589806,328.8104409747528,328.8104409747528,76.88144498422781,0.1895069821337301,51.5,51.5,36.756591796875,82.01896874198536,47.05,0.0,0.04436819553793564,5333.07773315991,22752.5,-17419.42226684009,9342.0,9663.0,321.0,0.0332194970506054,1,0,1.6875,0.8892355694227769,3.2702295302097713,3.5302114779180567,0.04436819553793564,0.0,0.0,0.0,0.0,5.9999652126134375,31.469627519889855,368.2222932264773,0.9372191971572937,211,135.08257036207058,0.0,137,405.6918859589806,0.0,0.0,423.27415230407405,352.18675220909034,0.041538719643959277,0.0008800737269674119,36.2782,0.0,0.11631599844211049,0.007537367426189602,0.09786042317048593,0.48539509789284746,351.8768019014851,405.6918859589806,51.5,5333.07773315991,368.2222932264773,9342.0,76.88144498422781
101,5.05,126.04841231479587,200.37863398529498,465.136889444101,185.17026164392425,0.649485923807495,351.8768019014851,405.6918859589806,328.8104409747528,328.8104409747528,76.88144498422781,0.1895069821337301,51.5,51.5,36.756591796875,82.01896874198536,47.05,0.0,0.04436819553793564,5333.07773315991,22752.5,-17419.42226684009,9342.0,9663.0,321.0,0.0332194970506054,1,0,1.6875,0.8892355694227769,3.2702295302097713,3.5302114779180567,0.04436819553793564,0.0,0.0,0.0,0.0,5.9999652126134375,31.469627519889855,368.2222932264773,0.9372191971572937,211,135.08257036207058,0.0,137,405.6918859589806,0.0,0.0,423.27415230407405,352.18675220909034,0.041538719643959277,0.0008800737269674119,36.391,0.0,0.11631599844211049,0.007537367426189602,0.09786042317048593,0.48539509789284746,351.8768019014851,405.6918859589806,51.5,5333.07773315991,368.2222932264773,9342.0,76.88144498422781
102,5.1,126.04841231479587,200.37863398529498,465.136889444101,185.17026164392425,0.649485923807495,351.8768019014851,405.6918859589806,328.8104409747528,328.8104409747528,76.88144498422781,0.1895069821337301,51.5,51.5,36.756591796875,82.01896874198536,47.05,0.0,0.04436819553793564,5333.07773315991,22752.5,-17419.42226684009,9342.0,9663.0,321.0,0.0332194970506054,1,0,1.6875,0.8892355694227769,3.2702295302097713,3.5302114779180567,0.04436819553793564,0.0,0.0,0.0,0.0,5.9999652126134375,31.469627519889855,368.2222932264773,0.9372191971572937,211,135.08257036207058,0.0,137,405.6918859589806,0.0,0.0,423.27415230407405,352.18675220909034,0.041538719643959277,0.0008800737269674119,36.5038,0.0,0.11631599844211049,0.007537367426189602,0.09786042317048593,0.48539509789284746,351.8768019014851,405.6918859589806,51.5,5333.07773315991,368.2222932264773,9342.0,76.88144498422781
103,5.15,126.04841231479587,200.37863398529498,465.136889444101,185.17026164392425,0.649485923807495,351.8768019014851,405.6918859589806,328.8104409747528,328.8104409747528,76.88144498422781,0.1895069821337301,51.5,51.5,36.756591796875,82.01896874198536,47.05,0.0,0.04436819553793564,5333.07773315991,22752.5,-17419.42226684009,9342.0,9663.0,321.0,0.0332194970506054,1,0,1.6875,0.8892355694227769,3.2702295302097713,3.5302114779180567,0.04436819553793564,0.0,0.0,0.0,0.0,5.9999652126134375,31.469627519889855,368.2222932264773,0.9372191971572937,211,135.08257036207058,0.0,137,405.6918859589806,0.0,0.0,423.27415230407405,352.18675220909034,0.041538719643959277,0.0008800737269674119,36.6165,0.0,0.11631599844211049,0.007537367426189602,0.09786042317048593,0.48539509789284746,351.8768019014851,405.6918859589806,51.5,5333.07773315991,368.2222932264773,9342.0,76.88144498422781
104,5.2,126.04841231479587,200.37863398529498,465.136889444101,185.17026164392425,0.649485923807495,351.8768019014851,405.6918859589806,328.8104409747528,328.8104409747528,76.88144498422781,0.1895069821337301,51.5,51.5,36.756591796875,82.01896874198536,47.05,0.0,0.04436819553793564,5333.07773315991,22752.5,-17419.42226684009,9342.0,9663.0,321.0,0.0332194970506054,1,0,1.6875,0.8892355694227769,3.2702295302097713,3.5302114779180567,0.04436819553793564,0.0,0.0,0.0,0.0,5.9999652126134375,31.469627519889855,368.2222932264773,0.9372191971572937,211,135.08257036207058,0.0,137,405.6918859589806,0.0,0.0,423.27415230407405,352.18675220909034,0.041538719643959277,0.0008800737269674119,36.7293,0.0,0.11631599844211049,0.007537367426189602,0.09786042317048593,0.48539509789284746,351.8768019014851,405.6918859589806,51.5,5333.07773315991,368.2222932264773,9342.0,76.88144498422781
105,5.25,126.04841231479587,200.37863398529498,465.136889444101,185.17026164392425,0.649485923807495,351.8768019014851,405.6918859589806,328.8104409747528,328.8104409747528,76.88144498422781,0.1895069821337301,51.5,51.5,36.756591796875,82.01896874198536,47.05,0.0,0.04436819553793564,5333.07773315991,22752.5,-17419.42226684009,9342.0,9663.0,321.0,0.0332194970506054,1,0,1.6875,0.8892355694227769,3.2702295302097713,3.5302114779180567,0.04436819553793564,0.0,0.0,0.0,0.0,5.9999652126134375,31.469627519889855,368.2222932264773,0.9372191971572937,211,135.08257036207058,0.0,137,405.6918859589806,0.0,0.0,423.27415230407405,352.18675220909034,0.041538719643959277,0.0008800737269674119,36.8421,0.0,0.11631599844211049,0.007537367426189602,0.09786042317048593,0.48539509789284746,351.8768019014851,405.6918859589806,51.5,5333.07773315991,368.2222932264773,9342.0,76.88144498422781
106,5.3,126.04841231479587,200.37863398529498,465.136889444101,185.17026164392425,0.649485923807495,351.8768019014851,405.6918859589806,328.8104409747528,328.8104409747528,76.88144498422781,0.1895069821337301,51.5,51.5,36.756591796875,82.01896874198536,47.05,0.0,0.04436819553793564,5333.07773315991,22752.5,-17419.42226684009,9342.0,9663.0,321.0,0.0332194970506054,1,0,1.6875,0.8892355694227769,3.2702295302097713,3.5302114779180567,0.04436819553793564,0.0,0.0,0.0,0.0,5.9999652126134375,31.469627519889855,368.2222932264773,0.9372191971572937,211,135.08257036207058,0.0,137,405.6918859589806,0.0,0.0,423.27415230407405,352.18675220909034,0.041538719643959277,0.0008800737269674119,36.9549,0.0,0.11631599844211049,0.007537367426189602,0.09786042317048593,0.48539509789284746,351.8768019014851,405.6918859589806,51.5,5333.07773315991,368.2222932264773,9342.0,76.88144498422781
107,5.35,126.04841231479587,200.37863398529498,465.136889444101,185.17026164392425,0.649485923807495,351.8768019014851,405.6918859589806,328.8104409747528,328.8104409747528,76.88144498422781,0.1895069821337301,51.5,51.5,36.756591796875,82.01896874198536,47.05,0.0,0.04436819553793564,5333.07773315991,22752.5,-17419.42226684009,9342.0,9663.0,321.0,0.0332194970506054,1,0,1.6875,0.8892355694227769,3.2702295302097713,3.5302114779180567,0.04436819553793564,0.0,0.0,0.0,0.0,5.9999652126134375,31.469627519889855,368.2222932264773,0.9372191971572937,211,135.08257036207058,0.0,137,405.6918859589806,0.0,0.0,423.27415230407405,352.18675220909034,0.041538719643959277,0.0008800737269674119,37.0677,0.0,0.11631599844211049,0.007537367426189602,0.09786042317048593,0.48539509789284746,351.8768019014851,405.6918859589806,51.5,5333.07773315991,368.2222932264773,9342.0,76.88144498422781
108,5.4,126.04841231479587,200.37863398529498,465.136889444101,185.17026164392425,0.649485923807495,351.8768019014851,405.6918859589806,328.8104409747528,328.8104409747528,76.88144498422781,0.1895069821337301,51.5,51.5,36.756591796875,82.01896874198536,47.05,0.0,0.04436819553793564,5333.07773315991,22752.5,-17419.42226684009,9342.0,9663.0,321.0,0.0332194970506054,1,0,1.6875,0.8892355694227769,3.2702295302097713,3.5302114779180567,0.04436819553793564,0.0,0.0,0.0,0.0,5.9999652126134375,31.469627519889855,368.2222932264773,0.9372191971572937,211,135.08257036207058,0.0,137,405.6918859589806,0.0,0.0,423.27415230407405,352.18675220909034,0.041538719643959277,0.0008800737269674119,37.1805,0.0,0.11631599844211049,0.007537367426189602,0.09786042317048593,0.48539509789284746,351.8768019014851,405.6918859589806,51.5,5333.07773315991,368.2222932264773,9342.0,76.88144498422781
109,5.45,126.04841231479587,200.37863398529498,465.136889444101,185.17026164392425,0.649485923807495,351.8768019014851,405.6918859589806,328.8104409747528,328.8104409747528,76.88144498422781,0.1895069821337301,51.5,51.5,36.756591796875,82.01896874198536,47.05,0.0,0.04436819553793564,5333.07773315991,22752.5,-17419.42226684009,9342.0,9663.0,321.0,0.0332194970506054,1,0,1.6875,0.8892355694227769,3.2702295302097713,3.5302114779180567,0.04436819553793564,0.0,0.0,0.0,0.0,5.9999652126134375,31.469627519889855,368.2222932264773,0.9372191971572937,211,135.08257036207058,0.0,137,405.6918859589806,0.0,0.0,423.27415230407405,352.18675220909034,0.041538719643959277,0.0008800737269674119,37.2932,0.0,0.11631599844211049,0.007537367426189602,0.09786042317048593,0.48539509789284746,351.8768019014851,405.6918859589806,51.5,5333.07773315991,368.2222932264773,9342.0,76.88144498422781
110,5.5,126.04841231479587,200.37863398529498,465.136889444101,185.17026164392425,0.649485923807495,351.8768019014851,405.6918859589806,328.8104409747528,328.8104409747528,76.88144498422781,0.1895069821337301,51.5,51.5,36.756591796875,82.01896874198536,47.05,0.0,0.04436819553793564,5333.07773315991,22752.5,-17419.42226684009,9342.0,9663.0,321.0,0.0332194970506054,1,0,1.6875,0.8892355694227769,3.2702295302097713,3.5302114779180567,0.04436819553793564,0.0,0.0,0.0,0.0,5.9999652126134375,31.469627519889855,368.2222932264773,0.9372191971572937,211,135.08257036207058,0.0,137,405.6918859589806,0.0,0.0,423.27415230407405,352.18675220909034,0.041538719643959277,0.0008800737269674119,37.406,0.0,0.11631599844211049,0.007537367426189602,0.09786042317048593,0.48539509789284746,351.8768019014851,405.6918859589806,51.5,5333.07773315991,368.2222932264773,9342.0,76.88144498422781
111,5.55,126.04841231479587,200.37863398529498,465.136889444101,185.17026164392425,0.649485923807495,351.8768019014851,405.6918859589806,328.8104409747528,328.8104409747528,76.88144498422781,0.1895069821337301,51.5,51.5,36.756591796875,82.01896874198536,47.05,0.0,0.04436819553793564,5333.07773315991,22752.5,-17419.42226684009,9342.0,9663.0,321.0,0.0332194970506054,1,0,1.6875,0.8892355694227769,3.2702295302097713,3.5302114779180567,0.04436819553793564,0.0,0.0,0.0,0.0,5.9999652126134375,31.469627519889855,368.2222932264773,0.9372191971572937,211,135.08257036207058,0.0,137,405.6918859589806,0.0,0.0,423.27415230407405,352.18675220909034,0.041538719643959277,0.0008800737269674119,37.5188,0.0,0.11631599844211049,0.007537367426189602,0.09786042317048593,0.48539509789284746,351.8768019014851,405.6918859589806,51.5,5333.07773315991,368.2222932264773,9342.0,76.88144498422781
112,5.6,126.04841231479587,200.37863398529498,465.136889444101,185.17026164392425,0.649485923807495,351.8768019014851,405.6918859589806,328.8104409747528,328.8104409747528,76.88144498422781,0.1895069821337301,51.5,51.5,36.756591796875,82.01896874198536,47.05,0.0,0.04436819553793564,5333.07773315991,22752.5,-17419.42226684009,9342.0,9663.0,321.0,0.0332194970506054,1,0,1.6875,0.8892355694227769,3.2702295302097713,3.5302114779180567,0.04436819553793564,0.0,0.0,0.0,0.0,5.9999652126134375,31.469627519889855,368.2222932264773,0.9372191971572937,211,135.08257036207058,0.0,137,405.6918859589806,0.0,0.0,423.27415230407405,352.18675220909034,0.041538719643959277,0.0008800737269674119,37.6316,0.0,0.11631599844211049,0.007537367426189602,0.09786042317048593,0.48539509789284746,351.8768019014851,405.6918859589806,51.5,5333.07773315991,368.2222932264773,9342.0,76.88144498422781
113,5.65,126.04841231479587,200.37863398529498,465.136889444101,185.17026164392425,0.649485923807495,351.8768019014851,405.6918859589806,328.8104409747528,328.8104409747528,76.88144498422781,0.1895069821337301,51.5,51.5,36.756591796875,82.01896874198536,47.05,0.0,0.04436819553793564,5333.07773315991,22752.5,-17419.42226684009,9342.0,9663.0,321.0,0.0332194970506054,1,0,1.6875,0.8892355694227769,3.2702295302097713,3.5302114779180567,0.04436819553793564,0.0,0.0,0.0,0.0,5.9999652126134375,31.469627519889855,368.2222932264773,0.9372191971572937,211,135.08257036207058,0.0,137,405.6918859589806,0.0,0.0,423.27415230407405,352.18675220909034,0.041538719643959277,0.0008800737269674119,37.7444,0.0,0.11631599844211049,0.007537367426189602,0.09786042317048593,0.48539509789284746,351.8768019014851,405.6918859589806,51.5,5333.07773315991,368.2222932264773,9342.0,76.88144498422781
114,5.7,126.04841231479587,200.37863398529498,465.136889444101,185.17026164392425,0.649485923807495,351.8768019014851,405.6918859589806,328.8104409747528,328.8104409747528,76.88144498422781,0.1895069821337301,51.5,51.5,36.756591796875,82.01896874198536,47.05,0.0,0.04436819553793564,5333.07773315991,22752.5,-17419.42226684009,9342.0,9663.0,321.0,0.0332194970506054,1,0,1.6875,0.8892355694227769,3.2702295302097713,3.5302114779180567,0.04436819553793564,0.0,0.0,0.0,0.0,5.9999652126134375,31.469627519889855,368.2222932264773,0.9372191971572937,211,135.08257036207058,0.0,137,405.6918859589806,0.0,0.0,423.27415230407405,352.18675220909034,0.041538719643959277,0.0008800737269674119,37.8571,0.0,0.11631599844211049,0.007537367426189602,0.09786042317048593,0.48539509789284746,351.8768019014851,405.6918859589806,51.5,5333.07773315991,368.2222932264773,9342.0,76.88144498422781
115,5.75,126.04841231479587,200.37863398529498,465.136889444101,185.17026164392425,0.649485923807495,351.8768019014851,405.6918859589806,328.8104409747528,328.8104409747528,76.88144498422781,0.1895069821337301,51.5,51.5,36.756591796875,82.01896874198536,47.05,0.0,0.04436819553793564,5333.07773315991,22752.5,-17419.42226684009,9342.0,9663.0,321.0,0.0332194970506054,1,0,1.6875,0.8892355694227769,3.2702295302097713,3.5302114779180567,0.04436819553793564,0.0,0.0,0.0,0.0,5.9999652126134375,31.469627519889855,368.2222932264773,0.9372191971572937,211,135.08257036207058,0.0,137,405.6918859589806,0.0,0.0,423.27415230407405,352.18675220909034,0.041538719643959277,0.0008800737269674119,37.9699,0.0,0.11631599844211049,0.007537367426189602,0.09786042317048593,0.48539509789284746,351.8768019014851,405.6918859589806,51.5,5333.07773315991,368.2222932264773,9342.0,76.88144498422781
116,5.8,126.04841231479587,200.37863398529498,465.136889444101,185.17026164392425,0.649485923807495,351.8768019014851,405.6918859589806,328.8104409747528,328.8104409747528,76.88144498422781,0.1895069821337301,51.5,51.5,36.756591796875,82.01896874198536,47.05,0.0,0.04436819553793564,5333.07773315991,22752.5,-17419.42226684009,9342.0,9663.0,321.0,0.0332194970506054,1,0,1.6875,0.8892355694227769,3.2702295302097713,3.5302114779180567,0.04436819553793564,0.0,0.0,0.0,0.0,5.9999652126134375,31.469627519889855,368.2222932264773,0.9372191971572937,211,135.08257036207058,0.0,137,405.6918859589806,0.0,0.0,423.27415230407405,352.18675220909034,0.041538719643959277,0.0008800737269674119,38.0827,0.0,0.11631599844211049,0.007537367426189602,0.09786042317048593,0.48539509789284746,351.8768019014851,405.6918859589806,51.5,5333.07773315991,368.2222932264773,9342.0,76.88144498422781
117,5.85,126.04841231479587,200.37863398529498,465.136889444101,185.17026164392425,0.649485923807495,351.8768019014851,405.6918859589806,328.8104409747528,328.8104409747528,76.88144498422781,0.1895069821337301,51.5,51.5,36.756591796875,82.01896874198536,47.05,0.0,0.04436819553793564,5333.07773315991,22752.5,-17419.42226684009,9342.0,9663.0,321.0,0.0332194970506054,1,0,1.6875,0.8892355694227769,3.2702295302097713,3.5302114779180567,0.04436819553793564,0.0,0.0,0.0,0.0,5.9999652126134375,31.469627519889855,368.2222932264773,0.9372191971572937,211,135.08257036207058,0.0,137,405.6918859589806,0.0,0.0,423.27415230407405,352.18675220909034,0.041538719643959277,0.0008800737269674119,38.1955,0.0,0.11631599844211049,0.007537367426189602,0.09786042317048593,0.48539509789284746,351.8768019014851,405.6918859589806,51.5,5333.07773315991,368.2222932264773,9342.0,76.88144498422781
118,5.9,126.04841231479587,200.37863398529498,465.136889444101,185.17026164392425,0.649485923807495,351.8768019014851,405.6918859589806,328.8104409747528,328.8104409747528,76.88144498422781,0.1895069821337301,51.5,51.5,36.756591796875,82.01896874198536,47.05,0.0,0.04436819553793564,5333.07773315991,22752.5,-17419.42226684009,9342.0,9663.0,321.0,0.0332194970506054,1,0,1.6875,0.8892355694227769,3.2702295302097713,3.5302114779180567,0.04436819553793564,0.0,0.0,0.0,0.0,5.9999652126134375,31.469627519889855,368.2222932264773,0.9372191971572937,211,135.08257036207058,0.0,137,405.6918859589806,0.0,0.0,423.27415230407405,352.18675220909034,0.041538719643959277,0.0008800737269674119,38.3083,0.0,0.11631599844211049,0.007537367426189602,0.09786042317048593,0.48539509789284746,351.8768019014851,405.6918859589806,51.5,5333.07773315991,368.2222932264773,9342.0,76.88144498422781
119,5.95,126.04841231479587,200.37863398529498,465.136889444101,185.17026164392425,0.649485923807495,351.8768019014851,405.6918859589806,328.8104409747528,328.8104409747528,76.88144498422781,0.1895069821337301,51.5,51.5,36.756591796875,82.01896874198536,47.05,0.0,0.04436819553793564,5333.07773315991,22752.5,-17419.42226684009,9342.0,9663.0,321.0,0.0332194970506054,1,0,1.6875,0.8892355694227769,3.2702295302097713,3.5302114779180567,0.04436819553793564,0.0,0.0,0.0,0.0,5.9999652126134375,31.469627519889855,368.2222932264773,0.9372191971572937,211,135.08257036207058,0.0,137,405.6918859589806,0.0,0.0,423.27415230407405,352.18675220909034,0.041538719643959277,0.0008800737269674119,38.4211,0.0,0.11631599844211049,0.007537367426189602,0.09786042317048593,0.48539509789284746,351.8768019014851,405.6918859589806,51.5,5333.07773315991,368.2222932264773,9342.0,76.88144498422781
120,6.0,126.04841231479587,200.37863398529498,465.136889444101,185.17026164392425,0.649485923807495,351.8768019014851,405.6918859589806,328.8104409747528,328.8104409747528,76.88144498422781,0.1895069821337301,51.5,51.5,36.756591796875,82.01896874198536,47.05,0.0,0.04436819553793564,5333.07773315991,22752.5,-17419.42226684009,9342.0,9663.0,321.0,0.0332194970506054,1,0,1.6875,0.8892355694227769,3.2702295302097713,3.5302114779180567,0.04436819553793564,0.0,0.0,0.0,0.0,5.9999652126134375,31.469627519889855,368.2222932264773,0.9372191971572937,211,135.08257036207058,0.0,137,405.6918859589806,0.0,0.0,423.27415230407405,352.18675220909034,0.041538719643959277,0.0008800737269674119,38.5338,0.0,0.11631599844211049,0.007537367426189602,0.09786042317048593,0.48539509789284746,351.8768019014851,405.6918859589806,51.5,5333.07773315991,368.2222932264773,9342.0,76.88144498422781
121,6.05,126.04841231479587,200.37863398529498,465.136889444101,185.17026164392425,0.649485923807495,351.8768019014851,405.6918859589806,328.8104409747528,328.8104409747528,76.88144498422781,0.1895069821337301,51.5,51.5,36.756591796875,82.01896874198536,47.05,0.0,0.04436819553793564,5333.07773315991,22752.5,-17419.42226684009,9342.0,9663.0,321.0,0.0332194970506054,1,0,1.6875,0.8892355694227769,3.2702295302097713,3.5302114779180567,0.04436819553793564,0.0,0.0,0.0,0.0,5.9999652126134375,31.469627519889855,368.2222932264773,0.9372191971572937,211,135.08257036207058,0.0,137,405.6918859589806,0.0,0.0,423.27415230407405,352.18675220909034,0.041538719643959277,0.0008800737269674119,38.6466,0.0,0.11631599844211049,0.007537367426189602,0.09786042317048593,0.48539509789284746,351.8768019014851,405.6918859589806,51.5,5333.07773315991,368.2222932264773,9342.0,76.88144498422781
122,6.1,126.04841231479587,200.37863398529498,465.136889444101,185.17026164392425,0.649485923807495,351.8768019014851,405.6918859589806,328.8104409747528,328.8104409747528,76.88144498422781,0.1895069821337301,51.5,51.5,36.756591796875,82.01896874198536,47.05,0.0,0.04436819553793564,5333.07773315991,22752.5,-17419.42226684009,9342.0,9663.0,321.0,0.0332194970506054,1,0,1.6875,0.8892355694227769,3.2702295302097713,3.5302114779180567,0.04436819553793564,0.0,0.0,0.0,0.0,5.9999652126134375,31.469627519889855,368.2222932264773,0.9372191971572937,211,135.08257036207058,0.0,137,405.6918859589806,0.0,0.0,423.27415230407405,352.18675220909034,0.041538719643959277,0.0008800737269674119,38.7594,1.1e-05,0.11631599844211049,0.007537367426189602,0.09786042317048593,0.48539509789284746,351.8768019014851,405.6918859589806,51.5,5333.07773315991,368.2222932264773,9342.0,76.88144498422781
123,6.15,126.04841231479587,200.37863398529498,465.136889444101,185.17026164392425,0.649485923807495,351.8768019014851,405.6918859589806,328.8104409747528,328.8104409747528,76.88144498422781,0.1895069821337301,51.5,51.5,36.756591796875,82.01896874198536,47.05,0.0,0.04436819553793564,5333.07773315991,22752.5,-17419.42226684009,9342.0,9663.0,321.0,0.0332194970506054,1,0,1.6875,0.8892355694227769,3.2702295302097713,3.5302114779180567,0.04436819553793564,0.0,0.0,0.0,0.0,5.9999652126134375,31.469627519889855,368.2222932264773,0.9372191971572937,211,135.08257036207058,0.0,137,405.6918859589806,0.0,0.0,423.27415230407405,352.18675220909034,0.041538719643959277,0.0008800737269674119,38.8722,4.4e-05,0.11631599844211049,0.007537367426189602,0.09786042317048593,0.48539509789284746,351.8768019014851,405.6918859589806,51.5,5333.07773315991,368.2222932264773,9342.0,76.88144498422781
124,6.2,126.04841231479587,200.37863398529498,465.136889444101,185.17026164392425,0.649485923807495,351.8768019014851,405.6918859589806,328.8104409747528,328.8104409747528,76.88144498422781,0.1895069821337301,51.5,51.5,36.756591796875,82.01896874198536,47.05,0.0,0.04436819553793564,5333.07773315991,22752.5,-17419.42226684009,9342.0,9663.0,321.0,0.0332194970506054,1,0,1.6875,0.8892355694227769,3.2702295302097713,3.5302114779180567,0.04436819553793564,0.0,0.0,0.0,0.0,5.9999652126134375,31.469627519889855,368.2222932264773,0.9372191971572937,211,135.08257036207058,0.0,137,405.6918859589806,0.0,0.0,423.27415230407405,352.18675220909034,0.041538719643959277,0.0008800737269674119,38.985,0.000107,0.11631599844211049,0.007537367426189602,0.09786042317048593,0.48539509789284746,351.8768019014851,405.6918859589806,51.5,5333.07773315991,368.2222932264773,9342.0,76.88144498422781
125,6.25,126.04841231479587,200.37863398529498,465.136889444101,185.17026164392425,0.649485923807495,351.8768019014851,405.6918859589806,328.8104409747528,328.8104409747528,76.88144498422781,0.1895069821337301,51.5,51.5,36.756591796875,82.01896874198536,47.05,0.0,0.04436819553793564,5333.07773315991,22752.5,-17419.42226684009,9342.0,9663.0,321.0,0.0332194970506054,1,0,1.6875,0.8892355694227769,3.2702295302097713,3.5302114779180567,0.04436819553793564,0.0,0.0,0.0,0.0,5.9999652126134375,31.469627519889855,368.2222932264773,0.9372191971572937,211,135.08257036207058,0.0,137,405.6918859589806,0.0,0.0,423.27415230407405,352.18675220909034,0.041538719643959277,0.0008800737269674119,39.0977,0.000205,0.11631599844211049,0.007537367426189602,0.09786042317048593,0.48539509789284746,351.8768019014851,405.6918859589806,51.5,5333.07773315991,368.2222932264773,9342.0,76.88144498422781
126,6.3,126.04841231479587,200.37863398529498,465.136889444101,185.17026164392425,0.649485923807495,351.8768019014851,405.6918859589806,328.8104409747528,328.8104409747528,76.88144498422781,0.1895069821337301,51.5,51.5,36.756591796875,82.01896874198536,47.05,0.0,0.04436819553793564,5333.07773315991,22752.5,-17419.42226684009,9342.0,9663.0,321.0,0.0332194970506054,1,0,1.6875,0.8892355694227769,3.2702295302097713,3.5302114779180567,0.04436819553793564,0.0,0.0,0.0,0.0,5.9999652126134375,31.469627519889855,368.2222932264773,0.9372191971572937,211,135.08257036207058,0.0,137,405.6918859589806,0.0,0.0,423.27415230407405,352.18675220909034,0.041538719643959277,0.0008800737269674119,39.2105,0.000342,0.11631599844211049,0.007537367426189602,0.09786042317048593,0.48539509789284746,351.8768019014851,405.6918859589806,51.5,5333.07773315991,368.2222932264773,9342.0,76.88144498422781
127,6.35,126.04841231479587,200.37863398529498,465.136889444101,185.17026164392425,0.649485923807495,351.8768019014851,405.6918859589806,328.8104409747528,328.8104409747528,76.88144498422781,0.1895069821337301,51.5,51.5,36.756591796875,82.01896874198536,47.05,0.0,0.04436819553793564,5333.07773315991,22752.5,-17419.42226684009,9342.0,9663.0,321.0,0.0332194970506054,1,0,1.6875,0.8892355694227769,3.2702295302097713,3.5302114779180567,0.04436819553793564,0.0,0.0,0.0,0.0,5.9999652126134375,31.469627519889855,368.2222932264773,0.9372191971572937,211,135.08257036207058,0.0,137,405.6918859589806,0.0,0.0,423.27415230407405,352.18675220909034,0.041538719643959277,0.0008800737269674119,39.3233,0.000524,0.11631599844211049,0.007537367426189602,0.09786042317048593,0.48539509789284746,351.8768019014851,405.6918859589806,51.5,5333.07773315991,368.2222932264773,9342.0,76.88144498422781
128,6.4,126.04841222829417,200.3786339906025,465.12396707343356,185.1713566740843,0.6494886734813328,351.87679760823596,405.691385083622,328.8104409747528,328.8104409747528,76.88094410886919,0.18950598148152029,51.5,51.5,36.756591796875,82.01899538780589,47.05,0.0,0.044368250315493137,5321.820862407326,22754.5,-17432.679137592673,9344.0,9665.0,321.0,0.03321262286601138,1,0,1.6875,0.8892355694227769,3.270252699487262,3.5300921707840924,0.044368250315493137,0.0,0.0,0.0,0.0,5.9999652125889815,31.46939493489299,368.22202493614003,0.9372196929519364,211,135.06981579082785,5.477755749688784e-08,137,405.6918859589806,8.666437531436881e-08,0.012968683615440879,423.27415230407405,352.18675220909034,0.04153990297952537,0.0008800859172305442,39.4361,0.000753,0.11631602302974152,0.007537367426189602,0.09786042317048593,0.48335186611346975,351.8768019014851,405.6918859589806,51.5,5333.07773315991,368.2222932264773,9342.0,76.88144498422781
129,6.45,126.04842455133479,200.378633233639,465.12477835548395,185.1713040821228,0.6494927958590158,351.87740864812815,405.69243696133793,328.8104409747528,328.8104409747528,76.88199598658514,0.1895080829271459,51.5,51.5,36.756591796875,82.01519926798872,47.05,0.0,0.04436813533130733,5321.836944501634,22757.5,-17435.663055498364,9347.0,9668.0,321.0,0.033202316921803886,1,0,1.6875,0.8892355694227769,3.266951985864433,3.533866838785785,0.04436813533130733,0.0,0.0,0.0,0.0,5.9999652160737815,31.470585505201598,368.22188624006253,0.9372169210747324,211,135.07061810863965,1.1498418580474512e-07,137,405.691385083622,1.2346267611251828e-05,0.0008129849197282591,423.27415230407405,352.18675220909034,0.041537417881604255,0.0008783509289370661,39.5489,0.001033,0.11631252357679907,0.007542837213938512,0.09786042317048593,0.4833547851703633,351.8768019014851,405.691385083622,51.5,5333.07773315991,368.2222932264773,9342.0,76.88144498422781
130,6.5,126.05039428901739,200.39002868439474,465.2415468212817,185.1615023357913,0.6450829434991396,351.88154205631133,405.6458515376449,328.8346296104242,328.8346296104242,76.81122192722069,0.18935537399448155,48.0,48.0,36.756591796875,81.98931976809186,44.749999999999986,353.2163637430777,0.036977904179389634,6171.675967252856,22757.5,-16585.824032747143,9325.0,9646.0,321.0,0.03327804271200498,1,0,1.6875,0.8892355694227769,3.244456148803168,3.542401362262886,0.036977904179389634,0.0,0.0,0.0,0.0,2.9999982028584955,25.429741800947454,377.21611153383895,0.9447060939657916,210,135.2059785933909,0.007390231151917698,137,405.6458515376449,0.011564435328402498,0.11717913140105761,423.27415230407405,352.18675220909034,0.04164747757563336,0.0008666145187591345,39.6617,0.001366,0.11628885136224507,0.008040084338719144,0.0,0.6376088524689444,351.8768019014851,405.6458515376449,51.5,5333.07773315991,368.2222932264773,9342.0,76.88144498422781
131,6.55,126.05039511188974,200.3900286490391,465.1462828022052,185.16904625453614,0.6450981059085765,351.88158204968397,405.57167841014143,328.98449585437294,328.98449585437294,76.58718255576849,0.18883760043599093,48.0,48.0,36.756591796875,82.00329643568452,44.749999999999986,353.21554851788517,0.03698466689745697,6145.754758364463,22762.5,-16616.745241635537,9336.0,9657.0,321.0,0.03324013668841255,1,0,1.6875,0.8892355694227769,3.2442370354078838,3.546669286777799,0.03698466689745697,0.0,0.0,0.0,0.0,2.999998202839557,25.356404468440985,377.2152757388609,0.9448768061092443,215,135.0073845908407,6.762718067335194e-06,137,405.57167841014143,8.236315488778046e-07,0.0955622521743856,423.27415230407405,352.18675220909034,0.041822714185522525,0.0008665009614705621,39.7744,0.001756,0.11628862231840137,0.00885008877820724,0.0,0.6329039003623838,351.8768019014851,405.57167841014143,48.5,5333.07773315991,368.2222932264773,9336.0,76.88094410886919
132,6.6,126.04799265677264,200.59495173198619,465.5345673003847,185.13344097111906,0.657852127220157,351.890192542193,398.38866446452687,374.264442341334,374.264442341334,24.12422212319285,0.06055448930912267,51.5,51.5,36.3565673828125,82.08268896183681,47.0,0.0,0.0451814020565529,5599.3196870384445,22764.5,-17165.180312961555,9363.0,9684.0,321.0,0.03314745972738538,1,0,1.6875,0.8892355694227769,3.19638697262806,3.5128109163397028,0.0451814020565529,0.0,0.0,0.0,0.0,5.9999420327139275,30.117057800375562,362.2716646314374,0.9394633484361876,219,147.2483081969415,0.008196735159095928,135,403.4066305631796,0.20493716528519093,0.3899135644392747,423.27415230407405,352.18675220909034,0.05879283604747454,0.0008420523061618557,39.8872,0.002206,0.11623930964056833,0.03249340040291264,0.09786042317048593,0.5337206079857247,351.87679760823596,403.4066305631796,48.0,5333.07773315991,368.22202493614003,9325.0,76.81122192722069
133,6.65,126.05045622344078,200.3908785657235,465.33178513167434,185.15049122703337,0.6552064240202496,351.8734322909027,397.85227195575226,325.11485379002534,325.11485379002534,72.73741816572692,0.18282519239658013,48.5,48.5,33.98748779296875,82.08604612472394,45.099999999999994,344.16929734077877,0.8952299483720939,5001.4413436878,22754.5,-17753.058656312198,9254.0,9576.0,322.0,0.033625730994152045,1,0,1.6875,0.8909657320872274,3.006343086829491,3.5348747239794527,0.8952299483720939,0.0,0.0,0.0,0.0,5.9999965958415125,26.683054905453844,365.1692204544569,0.9480132205656661,211,139.01338420902235,0.850048546315541,134,401.9062808623011,0.20408803578162382,0.2034977129444578,423.27415230407405,352.18675220909034,0.06006008212393532,0.0008896414082083526,40.0,0.002717,0.11633529635345514,0.048877904594670805,0.0,0.42519986024104034,351.8734322909027,401.9062808623011,48.0,5321.836944501634,368.22188624006253,9254.0,76.58718255576849
134,6.7,126.03886155528669,200.18528577231012,465.608053627477,185.12697289838442,0.6469482333253351,351.87229865284286,403.4066305631796,605.160923490791,605.160923490791,201.7542929276114,0.5001263678932357,48.0,48.0,33.98748779296875,82.04671708586855,44.29999999999998,350.32874861194426,0.03718324830030424,6028.812374497414,9104.0,-3075.1876255025863,9242.0,9561.0,319.0,0.033364710804309174,1,0,1.6875,0.8929133858267716,3.1808421255527892,3.5196997227916165,0.03718324830030424,0.0,0.0,0.0,0.0,2.9999863708326155,26.077948363882513,374.32869582846445,0.9427923086915262,221,224.1414406191923,0.8580467000717896,136,398.38866446452687,0.2059194819173828,0.2772677290192515,423.27415230407405,352.18675220909034,0.04693771550364345,0.0008928602631276261,40.1128,0.003292,0.11634178874960627,0.08729188273628924,0.0,0.6116777176758246,351.87229865284286,398.38866446452687,48.0,5524.990166517549,365.1692204544569,9242.0,76.58718255576849
135,6.75,126.03841343873282,200.18532227377767,464.4404356040889,185.22087671614415,0.6469286625302682,351.8714783821919,401.9062808623011,605.3109219529603,605.3109219529603,203.40464109065914,0.506099682379307,48.0,48.0,33.98748779296875,82.0517288873412,44.29999999999998,350.3408038571759,0.037322056446153454,5892.3090550484685,9089.5,-3197.1909449515315,9228.0,9547.0,319.0,0.033413637791976536,1,0,1.6875,0.8929133858267716,3.1852025175724177,3.51556768008,0.037322056446153454,0.0,0.0,0.0,0.0,2.999986342710188,24.56553850323985,374.34075601635107,0.9463418384150152,221,222.90774929592075,0.00013880814584921186,136,397.85227195575226,0.00044960071506259294,1.1713879696883047,423.27415230407405,352.18675220909034,0.0504823441862865,0.0008951893417934453,40.2256,0.003934,0.11634648647651363,0.09314953399139296,0.0,0.5869010344910597,351.87229865284286,398.38866446452687,48.0,5524.990166517549,365.1692204544569,9230.0,72.73741816572692
136,6.8,296.60516776335226,157.04346702567818,480.8184284642981,184.71824944882087,0.7726412902026398,198.05515268416872,188.81071745194782,183.33186732377018,183.33186732377018,5.4788501281776405,0.02901768608327016,47.5,47.5,30.36895751953125,64.24096186390241,38.2,0.0,0.6990261605375244,2836.919184008598,5005.5,-2168.580815991402,4843.0,5379.0,536.0,0.09964677449340026,2,0,3.0,0.7092511013215859,72.19135526715328,13.475438481842534,0.6990261605375244,14.999620834023078,0.0,14.999620834023078,0.0,116.98401005474737,41.82726847466046,14.999818088516918,0.522503999609796,109,175.9381634412587,0.6617041040913709,64,391.5235253007609,175.9381634412587,16.385703655898336,423.27415230407405,352.18675220909034,0.5539280713831329,0.4376416732262972,40.3383,0.004644,0.9972595012253488,0.16226233885053162,0.0,0.03231798738055379,351.87194780755686,398.38866446452687,48.0,5139.522821972654,365.1692204544569,9230.0,31.141506603245034
137,6.85,296.5751332600918,157.11434324553048,480.7917904156089,184.71928532135158,0.7728348837209302,198.05529541338385,188.81147902286398,185.5394718665444,185.5394718665444,3.2720071563195745,0.017329492747225148,47.5,47.5,30.36895751953125,64.76352348981743,38.2,0.0,0.699021664804829,2839.1775944235355,5006.0,-2166.8224055764645,4842.0,5375.0,533.0,0.09916279069767442,2,0,3.235294117647059,0.7092511013215859,72.19282101195431,13.507333894177489,0.699021664804829,14.999640445958201,0.0,14.999640445958201,0.0,116.9836739548662,41.82835473315515,14.999809888884414,0.5225133549388064,108,151.61074692088116,4.495732695453114e-06,64,391.5235253007609,0.076977333850002,0.026658182043590665,423.27415230407405,352.18675220909034,0.5539262721451875,0.43764126796058456,40.4511,0.005424,0.997258683808715,0.16226233885053162,0.0,0.03272791088701478,351.87194780755686,397.85227195575226,48.0,5139.522821972654,365.1692204544569,9230.0,31.13130943378161
138,6.9,296.5749888558925,157.11425461994733,481.9408903791751,184.69111963538745,0.7756825669674832,198.05575580819448,190.02948410764753,185.40432596550318,185.40432596550318,4.6251581421443575,0.02433916065111405,47.5,47.5,30.36895751953125,64.7636306230571,38.099999999999994,0.0,0.6945266078152611,2797.2075306880006,5003.5,-2206.2924693119994,4837.0,5370.0,533.0,0.09925512104283055,2,0,3.235294117647059,0.7035398230088495,72.19021382192213,13.480478192083282,0.6945266078152611,14.999636231235442,0.0,14.999636231235442,0.0,116.98089675093307,43.04920058235899,14.99975054312003,0.5320129777891105,106,152.6315559912274,0.004495056989567869,65,391.5235253007609,0.0001694315990371268,1.1494450974855828,423.27415230407405,352.18675220909034,0.5510486925005214,0.437639960714336,40.5639,0.006277,0.9972560471069294,0.16226233885053162,0.0,0.025109935173181108,351.87172210648106,395.87201569521613,48.0,5139.522821972654,365.4505508990382,9230.0,31.13130943378161
139,6.95,126.03644831610075,200.12044596660627,465.6077535194478,185.12633247806284,0.6502792282798583,351.86985149999856,391.5235253007609,618.9507171836877,618.9507171836877,227.42719188292682,0.5808774624927623,48.0,48.0,33.98748779296875,82.10757627431443,44.3,338.3076420718234,0.03831180897123004,5524.990166517549,8956.5,-3431.5098334824506,9205.0,9523.0,318.0,0.03339283839126326,1,0,1.6875,0.8911671924290221,3.177161347320694,3.5451565674046046,0.03831180897123004,0.0,0.0,0.0,0.0,2.999992815108365,26.21596762928425,362.3075648563683,0.940703499754346,218,264.7038576715116,0.6562147988440311,132,391.5235253007609,175.87758897479702,16.33893417261395,423.27415230407405,352.18675220909034,0.0750119676112515,0.0008998087154159506,40.6767,0.007204,0.11635580370399969,0.16226233885053162,0.0,0.5202290754086689,351.87172210648106,395.87201569521613,48.0,5264.814322158425,368.4265076579802,9228.0,31.13130943378161
140,7.0,126.03606874764336,200.1311327926688,465.52600158071766,185.0684797503651,0.6534660380653047,351.8766653388291,401.35069947114306,370.21939003736145,370.21939003736145,31.13130943378161,0.07756635150954792,48.0,48.0,33.98748779296875,82.06639554868079,40.67499999999999,2.999999618526722,0.03737371630777082,5056.367504555692,22687.5,-17631.132495444308,9230.0,9545.0,315.0,0.03300157150340492,1,0,1.6875,0.8931419457735247,3.4437630460882196,3.5080171190814364,0.03737371630777082,0.0,0.0,0.0,0.0,2.9999827486320036,26.913339862385442,371.4373768601256,0.940417801326212,229,146.38006925869954,0.0009380926634592196,135,394.7045774034492,0.010693564583655378,0.10015147322032715,423.27415230407405,352.18675220909034,0.051794924669015696,0.0008804614833357594,40.7895,0.008206,0.11631678054258292,0.1275237965759003,0.0,0.4351694938871158,351.87172210648106,395.352597504167,48.0,5264.814322158425,368.27962355390787,9228.0,31.13130943378161
141,7.05,126.03208079524973,200.13064310921754,464.38630461096506,185.15989231289043,0.64017955945297,351.87194780755686,399.9432847042788,368.8017781010338,368.8017781010338,31.141506603245034,0.07786480682197554,48.0,48.0,33.98748779296875,82.09722839006452,41.19999999999999,2.9999995706726086,0.03750523220317537,5139.522821972654,22675.0,-17535.477178027344,9264.0,9579.0,315.0,0.03288443470090824,1,0,1.6875,0.8931419457735247,3.469026835702434,3.486212534133351,0.03750523220317537,0.0,0.0,0.0,0.0,2.999981782793317,25.50275787447123,371.44054504701427,0.943735082067157,215,146.38408421546322,0.00013151589540455477,135,395.87201569521613,0.004017904201980766,1.1433570918355827,423.27415230407405,352.18675220909034,0.0551199913171988,0.0008938564541649541,40.9023,0.009286,0.11634379805633747,0.11477483706741065,0.0,0.45026299463922925,351.87194780755686,395.352597504167,48.0,5264.814322158425,368.27962355390787,9230.0,31.13130943378161
142,7.1,126.0376485273209,200.46039707446874,464.6132581802956,185.14418150123734,0.6620383143205542,351.8757997091177,394.7045774034492,371.23448050409945,371.23448050409945,23.470096899349755,0.059462439107615624,48.0,48.0,33.98748779296875,82.09729943173579,42.5,2.9999959623967154,0.03800299755170885,5450.173001782885,22751.0,-17300.826998217115,9267.0,9582.0,315.0,0.03287413901064496,1,0,1.6875,0.8931419457735247,3.4484263237027695,3.49075230234031,0.03800299755170885,0.0,0.0,0.0,0.0,2.9999977003669507,26.254028804044026,365.4505508990382,0.9410849723186568,205,146.3512785785434,0.0004977653485334771,133,395.87201569521613,0.3298009660981999,0.22749670818424603,423.27415230407405,352.18675220909034,0.06749662067742057,0.0008829193546383562,41.015,0.010446,0.11632173804286963,0.11477483706741065,0.0,0.5066490306530065,351.87194780755686,395.87201569521613,48.0,5369.5224344788285,368.4265076579802,9230.0,31.141506603245034
143,7.15,126.03631671763505,200.45935838577736,464.4224367153552,185.1573653266665,0.6600134286393711,351.87172210648106,395.87201569521613,371.2646529917243,371.2646529917243,24.607362703491845,0.06215989443021701,48.0,48.0,33.98748779296875,82.09722392625025,43.0,344.4265567764154,0.03789095539814755,5369.5224344788285,22765.5,-17395.97756552117,9288.0,9603.0,315.0,0.03280224929709466,1,0,1.6875,0.8931419457735247,3.470226421292354,3.4853790559823588,0.03789095539814755,0.0,0.0,0.0,0.0,2.999997468711656,24.44551056852424,368.4265076579802,0.9458271556221252,208,146.42061432720328,0.00011204215356130226,134,399.9432847042788,0.0016889615853918234,0.1912763569679633,423.27415230407405,352.18675220909034,0.064738506851164,0.000894497310399256,41.1278,0.011685,0.11634509065654891,0.07031471946569039,0.0,0.49201016646398177,351.87194780755686,399.9432847042788,48.0,5450.173001782885,371.0137527956463,9230.0,88.61545149988387
144,7.2,126.03596734431203,200.39600837098723,464.674071772898,185.13505110252652,0.6382373147969684,351.8760093936222,402.539566618712,646.3989624058883,646.3989624058883,243.85939578717625,0.6058023012136876,48.0,48.0,33.98748779296875,82.14382080853616,43.59999999999999,350.3748660703697,0.0372632970444272,5264.814322158425,8858.0,-3593.185677841575,9148.0,9461.0,313.0,0.03308318359581439,1,0,1.6875,0.8910256410256411,3.341987999586895,3.582688727371511,0.0372632970444272,0.0,0.0,0.0,0.0,2.9999979776736936,25.1652217889569,374.37434685208143,0.9449365338233241,190,259.9008819489224,0.0006276583537203478,136,399.9432847042788,0.06335097817420603,0.25262249856956615,423.27415230407405,352.18675220909034,0.0489861844208872,0.0008823239758991575,41.2406,0.013007,0.1163205371702823,0.07031471946569039,0.0,0.4730046233291297,351.87194780755686,401.2740051266614,48.0,5450.173001782885,371.0137527956463,9264.0,88.61545149988387
145,7.25,126.03666129418443,200.39648318115343,464.7526834560842,185.1392359599584,0.6511604916045747,351.8805989469627,395.352597504167,646.4311616274621,646.4311616274621,251.07856412329505,0.6350750335481194,48.0,48.0,33.98748779296875,82.19127730519745,43.29999999999998,344.27979056268066,0.03794069101976255,5826.260536369909,8955.5,-3129.2394636300914,9304.0,9617.0,313.0,0.032546532182593325,1,0,1.6875,0.8910256410256411,3.3171018651985444,3.525079750125223,0.03794069101976255,0.0,0.0,0.0,0.0,2.9999976550855196,24.072976295173646,368.27962355390787,0.9466982668809555,201,259.90015706641606,0.0006773939753353525,134,402.539566618712,0.0008408395324473573,0.0787229938778359,423.27415230407405,352.18675220909034,0.06596565050787362,0.0008692923859494606,41.3534,0.014413,0.11629425259189836,0.041962134808187314,0.0,0.5749125844758658,351.87194780755686,401.35069947114306,48.0,5369.5224344788285,371.1950689669752,9264.0,88.61545149988387
146,7.3,126.03804589748574,200.47283271124988,465.53039496783185,185.0734986403794,0.6410576148926093,351.8763918637832,407.15207803696313,631.9880894216436,631.9880894216436,224.8360113846805,0.5522162934024589,48.0,48.0,33.98748779296875,82.51629287430643,40.875,2.9999953790286593,0.03684117876812849,5481.660182795444,8851.0,-3369.3398172045563,9290.0,9601.0,311.0,0.03239245911884179,1,0,1.6875,0.887459807073955,3.4943307715196505,3.488246643455758,0.03684117876812849,0.0,0.0,0.0,0.0,2.9999974859962335,26.68236889813022,377.4697116528367,0.9418340893006961,201,259.04969431306733,0.0010995122516340647,137,402.539566618712,0.07636208399625338,0.7804848433443632,423.27415230407405,352.18675220909034,0.038088964750980225,0.0008812379891076638,41.4662,0.015903,0.11631834674646961,0.041962134808187314,0.0,0.512364260960071,351.87172210648106,401.61732522196,48.0,5369.5224344788285,371.0137527956463,9267.0,194.0692171658556
147,7.35,126.04430038993374,200.461213748515,465.15560488198827,185.0954065721442,0.6389386189258313,351.00264473372164,408.5645298524805,631.0000303116967,631.0000303116967,222.4355004592162,0.5444317462887209,51.0,51.0,36.3565673828125,82.7342038272001,47.075,0.0,0.04405655288841359,6339.762498610553,8776.0,-2436.237501389447,9205.0,9520.0,315.0,0.03308823529411765,1,0,1.6875,0.8803149606299212,4.327119993007085,3.502273332656993,0.04405655288841359,0.0,0.0,0.0,0.0,5.999995694957116,31.550781361877057,371.0137527956463,0.9374620560523316,204,259.90580246573575,0.007215374120285105,138,407.15207803696313,0.013195414764847225,0.3754298415428028,423.27415230407405,352.18675220909034,0.03475199789905048,0.0033621579117936173,41.5789,0.01748,0.12132233585476351,0.0,0.041799994230741835,0.6681181965045916,351.0358774192765,401.61732522196,50.5,5369.5224344788285,368.4265076579802,9284.0,194.0692171658556
148,7.4,126.03460499669133,200.46441570269212,464.8875215018441,185.17892243322515,0.6318234211553153,351.0286973758005,421.4462866371931,332.83083513730924,332.83083513730924,88.61545149988387,0.21026511398870032,51.0,51.0,36.756591796875,82.80854553483263,47.075,0.0,0.042709920180163854,5604.248094164392,22713.5,-17109.25190583561,9109.0,9421.0,312.0,0.03311750344973994,1,0,1.625,0.8805732484076433,3.954228783413959,3.542000391671847,0.042709920180163854,0.0,0.0,0.0,0.0,5.999995778026361,29.189955705308932,386.25633515385783,0.9449752894673245,193,166.49486562491242,0.001346632708249737,142,407.15207803696313,0.010210443706191839,0.28079102151174684,423.27415230407405,352.18675220909034,0.0043183966158364395,0.0032881839706517813,41.6917,0.019145,0.12117313120193021,0.0,0.041799994230741835,0.5346151619237395,351.0286973758005,402.539566618712,50.5,5369.5224344788285,371.0137527956463,9288.0,194.0692171658556
149,7.45,126.0215247012673,200.66840516676126,464.84176708649744,185.1193866131626,0.6581863664790495,351.0358774192765,401.2740051266614,373.04323553167336,373.04323553167336,28.230769594988033,0.07035284926088607,51.0,51.0,35.19366455078125,82.86464120778936,46.0,341.3229707709344,0.04485687582822511,5211.580203177446,22734.0,-17522.419796822556,9284.0,9594.0,310.0,0.03231186158015426,1,0,1.625,0.8828250401284109,3.7227856044802254,3.489708750996357,0.04485687582822511,0.0,0.0,0.0,0.0,5.99999033440682,29.951202861183276,365.32281193107127,0.9403120754876302,192,146.42837601391707,0.0021469556480612564,135,407.15207803696313,0.20440840388691062,0.07508648609594845,423.27415230407405,352.18675220909034,0.05197611774226196,0.00326779693612822,41.8045,0.020899,0.12113201077003992,0.0,0.041799994230741835,0.46334211178042606,351.0171192269826,404.72761423384753,50.5,5408.682747054626,371.0137527956463,9290.0,194.0692171658556
150,7.5,126.03589440280692,200.46366727535295,465.19896127363694,185.0922687813633,0.6522355616646042,351.0171192269826,409.3252265911131,603.3944437569687,603.3944437569687,194.0692171658556,0.474119855211653,51.0,51.0,35.150390625,82.8886999946559,47.0,0.0,0.04397463095721098,5097.101314018965,9036.5,-3939.3986859810348,9212.0,9521.0,309.0,0.03245457409935931,1,0,1.625,0.8824476650563607,3.5386683076495222,3.474954963058101,0.04397463095721098,0.0,0.0,0.0,0.0,5.999995909410854,32.13016171472702,371.1950689669752,0.9361628257732125,224,222.56604826194106,0.0008822448710141331,138,408.5645298524805,0.20524154672156505,0.35822208771618513,423.27415230407405,352.18675220909034,0.03295482522859139,0.0033210589971691684,41.9173,0.022744,0.12123943978090668,0.0,0.041799994230741835,0.4425630773988895,351.0156746262079,404.72761423384753,50.5,5408.682747054626,368.4808781687072,9304.0,88.61545149988387
151,7.55,126.0375873740253,200.46050481620676,465.5580560782133,185.06192726166563,0.660691854639654,351.0116419497567,401.61732522196,603.4453299036279,603.4453299036279,201.8280046816679,0.502538092872673,51.0,51.0,35.150390625,82.88185485167524,46.79999999999998,341.25445354677936,0.04481859927911903,5331.436727227822,9107.0,-3775.5632727721777,9319.0,9628.0,309.0,0.03209389281262983,1,0,1.625,0.8838709677419355,3.353738596690602,3.4694734975796058,0.04481859927911903,0.0,0.0,0.0,0.0,5.999995762063728,30.36303082486063,365.25429863503564,0.9393376890567848,225,223.09415753405244,0.0008439683219080493,136,404.72761423384753,0.003587101810315108,0.36037436991456073,423.27415230407405,352.18675220909034,0.05116501200043999,0.0033366111926775854,42.0301,0.024681,0.12127080839390496,0.01806765520722235,0.041799994230741835,0.48509723931880105,351.0116419497567,404.72761423384753,50.5,5408.682747054626,368.4808781687072,9319.0,88.26407411758242
152,7.6,126.03568345743903,200.45644400064526,464.583328119462,185.14521493068958,0.6670230468650276,351.0156746262079,395.2209725600442,380.1690154354616,380.1690154354616,15.0519571245826,0.038084914945387474,50.5,50.5,35.150390625,83.42133979023106,45.84999999999999,338.2423218009208,0.04554393222438395,5218.983631165505,22777.5,-17558.516368834495,9411.0,9719.0,308.0,0.03169050313818294,1,0,1.6875,0.8637083993660856,2.366743278986773,3.4681753754922173,0.04554393222438395,0.0,0.0,0.0,0.0,5.99998696165486,29.978722444431185,359.2422631539581,0.9393282817775229,228,147.3502499365977,0.000725332945264924,133,401.61732522196,0.004484988449485451,0.978279831839004,423.27415230407405,352.18675220909034,0.06627661904541926,0.003325160800447091,42.1429,0.026711,0.12124771307451028,0.052033432201087415,0.0,0.46468590613269445,351.00264473372164,401.61732522196,50.5,5408.682747054626,365.4069643593454,9319.0,56.875877015207436
153,7.65,126.08010279050876,200.25761630778487,464.4875342456394,185.30471827643035,0.6348421671786157,350.96448656211703,423.27415230407405,335.0100781864916,335.0100781864916,88.26407411758242,0.2085269644676408,50.0,50.0,35.150390625,83.41868732996141,46.05,0.0,0.042525398459187645,5526.93456884541,22767.5,-17240.56543115459,9324.0,9630.0,306.0,0.03177570093457944,1,0,1.6875,0.8628389154704944,3.0512846089580203,3.4793657140589813,0.042525398459187645,0.0,0.0,0.0,0.0,5.999930841755486,28.017295965839196,389.25692549647937,0.9479832042560757,221,127.64429084057468,0.003018533765196306,143,401.61732522196,0.20372905683418163,0.18605854875400527,423.27415230407405,352.18675220909034,0.0,0.0034705043256358925,42.2556,0.028837,0.12154086941960442,0.052033432201087415,0.0,0.5205820033862125,350.99510302857846,401.2740051266614,50.0,5408.682747054626,365.32281193107127,9319.0,56.875877015207436
154,7.7,126.07259297074414,200.26013148272816,464.9002813036847,185.28455622328244,0.6590354076659534,350.9759864625195,404.72761423384753,379.26774502959114,379.26774502959114,25.459869204256393,0.06290618259999907,49.0,49.0,35.150390625,83.95422364407506,42.925,2.9999805978751386,0.04447418011778066,5408.682747054626,22776.0,-17367.317252945373,9457.0,9762.0,305.0,0.03124359762343782,1,0,1.6875,0.8624,2.8014827469188233,3.4848526288274173,0.04447418011778066,0.0,0.0,0.0,0.0,5.999957423491849,30.24677864164852,368.4808781687072,0.940091013399083,218,147.32033619343594,0.001948781658593017,137,398.14655698531345,0.007919816784018338,0.41323920713337814,423.27415230407405,352.18675220909034,0.043816845345432176,0.0034378514778774516,42.3684,0.031059,0.12147500897282248,0.08993580701987833,0.0,0.49911814495141915,350.9759864625195,400.2267600341101,49.0,5408.682747054626,365.32281193107127,9319.0,56.875877015207436
155,7.75,126.06455630889084,200.47197020038587,465.29089714878614,185.25458537969905,0.6650809229287804,350.99510302857846,396.17172889165965,369.00197880708555,369.00197880708555,27.169750084574105,0.06858073936922482,49.0,49.0,34.756591796875,83.99806251426824,44.89999999999999,2.999976380998783,0.0454347292245746,5321.331430721316,22765.0,-17443.668569278685,9369.0,9672.0,303.0,0.031327543424317615,1,0,1.6875,0.8587479935794543,3.135597194808212,3.544300352228652,0.0454347292245746,0.0,0.0,0.0,0.0,5.999996159475911,30.923793666253005,359.2479390659307,0.9370883995773637,206,147.39793280929445,0.0009605491067939398,134,396.8034899713651,0.21199110885272635,0.3917639466686514,423.27415230407405,352.18675220909034,0.06403042393418912,0.003383571849415845,42.4812,0.03338,0.12136552753928646,0.10460271241331075,0.0,0.48326302949122635,350.96448656211703,400.2267600341101,49.0,5429.056626375384,365.4069643593454,9319.0,88.26407411758242
156,7.8,126.07107022112615,200.2674127535903,464.96163679139283,184.79697860367716,0.6826006500216049,350.84320728464616,389.99618640767784,368.52965036721696,368.52965036721696,21.46653604046088,0.05504293833791773,49.0,49.0,34.756591796875,84.04732843557254,44.599999999999994,2.999984306432296,0.04615418747003268,5429.056626375384,22747.0,-17317.943373624614,9367.0,9678.0,311.0,0.032134738582351725,1,0,1.6875,0.887459807073955,3.2342055664784444,3.51627033364706,0.04615418747003268,0.0,0.0,0.0,0.0,5.999978163657386,30.66785177241013,353.32835647161033,0.9367484235269765,205,147.40792803172266,0.0007194582454580767,132,398.14655698531345,0.20466113478658854,0.563752023865031,423.27415230407405,352.18675220909034,0.0786203592051371,0.0038148650283317265,42.594,0.035801,0.12223544129589,0.08993580701987833,0.0,0.5028162026632236,350.8560672471697,400.2267600341101,49.0,5429.403984751229,365.4069643593454,9319.0,88.26407411758242
157,7.85,126.06487266848126,200.26290487105723,464.35222759221705,184.92178875305342,0.6513300597578975,350.8496587356078,398.14655698531345,341.270679970106,341.270679970106,56.875877015207436,0.14285161083863254,48.5,48.5,34.76275634765625,84.0465818301125,44.55,2.9999806420323054,0.04520936001998231,6223.145710923739,22701.0,-16477.854289076262,9220.0,9526.0,306.0,0.03212261179928617,1,0,1.625,0.8856209150326797,2.7771566123200664,3.561975026027021,0.04520936001998231,0.0,0.0,0.0,0.0,5.999979551033862,26.739613074934198,365.4069643593454,0.9479095494861572,175,136.58584464317403,0.0009448274500503673,134,398.14655698531345,0.007663593394621843,0.6220587957961831,423.27415230407405,352.18675220909034,0.0593648234412133,0.0037965467613293447,42.7068,0.038325,0.12219849354609587,0.08993580701987833,0.0,0.6469511126988247,350.85523371013915,400.2267600341101,49.0,5429.403984751229,367.7754379913403,9246.0,60.61205325151133
158,7.9,126.06691912182004,200.4686258238211,464.6433944623369,184.83352519931677,0.6648789560053137,350.8453743517915,396.8034899713651,633.7259293095688,633.7259293095688,236.92243933820367,0.597077508958656,48.5,48.5,35.19366455078125,84.0951726439122,44.974999999999994,341.3197268766708,0.0453623473691953,5743.091032685662,8957.0,-3213.908967314338,9246.0,9550.0,304.0,0.03183246073298429,1,0,1.625,0.8879736408566722,3.2527503616783884,3.5161210601112756,0.0453623473691953,0.0,0.0,0.0,0.0,5.999993370776024,28.484317892686306,362.3191787079028,0.9433363740738953,193,220.75225027344405,0.00015298734921298518,134,398.14655698531345,0.20573113127901144,0.304250885247064,423.27415230407405,352.18675220909034,0.06253786627087221,0.0038087118521211716,42.8195,0.040962,0.12222303040489046,0.08993580701987833,0.0,0.5598165087779452,350.8496587356078,400.2267600341101,48.5,5429.403984751229,367.7754379913403,9220.0,60.61205325151133
159,7.95,126.06408983711212,200.46832524006953,464.1752353163496,184.4242844128065,0.6403695806680881,350.8560672471697,400.2267600341101,634.8395830502351,634.8395830502351,234.612823016125,0.5861997408572321,48.5,48.5,34.756591796875,84.14434378270991,45.39999999999999,343.7758154623225,0.04497432776705414,6976.815389152933,8876.0,-1899.1846108470672,9076.0,9380.0,304.0,0.032409381663113,1,0,1.625,0.8894389438943895,2.536481150703219,3.6304395346090343,0.04497432776705414,0.0,0.0,0.0,0.0,5.999995123945224,26.451326918824577,367.7754379913403,0.9489006387450546,194,220.14155486377723,0.0003880196021411597,135,400.2267600341101,0.0028452069432897335,0.62181267863814,423.27415230407405,352.18675220909034,0.05445027092844312,0.0037783504165729287,42.9323,0.043734,0.1221617917121755,0.0672190393538064,0.0,0.7837495064582726,350.8453743517915,398.14655698531345,48.5,5429.403984751229,365.4069643593454,9203.0,60.61205325151133
160,8.0,126.06640583944558,200.46912228379983,464.1580763746704,184.41950920965527,0.6443305573350416,350.85523371013915,414.0734241414883,635.2484253192705,635.2484253192705,221.17500117778218,0.5341444011683468,54.0,54.0,34.756591796875,84.43939504899461,45.574999999999996,0.0,0.8819650091628154,5429.403984751229,8737.5,-3308.0960152487714,9066.0,9366.0,300.0,0.032030749519538756,1,0,1.625,0.8896321070234113,2.8430960482024172,3.636597477060791,0.8819650091628154,0.0,0.0,0.0,0.0,8.999989459298735,33.87577403600403,371.19766064618557,0.9399242184443953,184,220.12196486141482,0.8369906813957613,140,400.2267600341101,0.0024493153158785586,0.01781100347217917,423.27415230407405,352.18675220909034,0.02173704232233875,0.0037807171638321035,43.0451,0.046662,0.12216656541623544,0.0672190393538064,0.37816256786920643,0.502879251594668,350.84320728464616,396.8034899713651,48.5,5532.307543340618,365.2199350335886,9159.0,221.17500117778218
161,8.05,126.05493481659215,200.2876167137462,460.71032379752705,185.38158886017698,0.6377986713811208,348.9982872489194,402.840706085812,635.5378485989918,635.5378485989918,232.6971425131798,0.5776405884454272,48.0,48.0,34.756591796875,84.72705809718795,44.499999999999986,349.9562315969154,0.04468253851517774,6085.661497725152,8755.5,-2669.838502274848,9014.0,9333.0,319.0,0.03417979213543341,1,0,1.6875,0.8873239436619719,3.6613213949943404,3.6571310725581356,0.04468253851517774,0.0,0.0,0.0,0.0,5.999956443794693,22.885053254055606,373.95569638796167,0.958084928967769,190,217.03646978041402,0.8372824706476376,136,400.2267600341101,0.18186768906488696,3.579468548143196,423.27415230407405,352.18675220909034,0.04827473188956499,0.009053335879817492,43.1579,0.049758,0.13280138131082228,0.0672190393538064,0.0,0.6219963877362413,348.9982872489194,396.8034899713651,48.5,5743.091032685662,365.4069643593454,9159.0,221.17500117778218
162,8.1,126.07139857154966,200.28681701161494,461.04474405168014,185.36378681985676,0.6578324053647092,348.9717242494905,400.90801516664715,340.2959619151358,340.2959619151358,60.61205325151133,0.15118693305823894,48.0,48.0,33.599853515625,84.79223489406044,43.5,347.31730986003134,0.04489791762364004,4881.052048712818,22728.5,-17847.447951287184,9203.0,9519.0,316.0,0.033196764366004834,1,0,1.6875,0.8820754716981132,4.021231509344296,3.509738269890834,0.04489791762364004,0.0,0.0,0.0,0.0,5.999942526674636,23.590818962133824,371.31725367783866,0.9561224126982169,216,160.95299365486508,0.00021537910846229635,135,400.2267600341101,0.016483165678951455,0.334893742890754,423.27415230407405,352.18675220909034,0.052840781832951156,0.0091287589309752,43.2707,0.053021,0.13295350880315118,0.0672190393538064,0.0,0.4033480295861236,348.9717242494905,398.14655698531345,48.5,5743.091032685662,365.48015132554235,9118.0,221.17500117778218
163,8.15,126.10024954828859,200.28713904642643,461.1236732353341,185.4193876799287,0.6775412419913305,348.80459591587714,396.28009523723085,368.39905155814813,368.39905155814813,27.881043679082723,0.0703569117252581,48.0,48.0,33.98748779296875,85.33745237707511,42.89999999999999,344.22001238241137,0.045422251114497804,5101.7881135975695,22706.0,-17604.21188640243,9159.0,9479.0,320.0,0.03375883532018145,1,0,1.625,0.9074960127591707,3.6745113498266577,3.5096040931368138,0.045422251114497804,0.0,0.0,0.0,0.0,5.999941888074005,25.060218315568193,365.2199350335886,0.95190200906739,217,148.37875634158965,0.000524333490857766,134,396.28009523723085,0.028852773960395574,0.09654673310379917,423.27415230407405,352.18675220909034,0.063774404649805,0.009603303565505095,43.3835,0.056451,0.13391066028590282,0.11031842203110541,0.0,0.44341377721174646,348.80459591587714,397.2930388613573,48.5,5707.442017982406,365.48015132554235,9118.0,232.6971425131798
164,8.2,126.0971561922717,200.27325079216223,460.6409911952797,185.44232664082244,0.6653029560471766,347.9553380075188,382.080639581874,631.9946509771282,631.9946509771282,249.91401139525425,0.654087083995528,48.0,48.0,33.98748779296875,85.4369969023031,44.12499999999999,329.4385315957978,0.047110316553425714,5532.307543340618,8796.0,-3263.6924566593816,9118.0,9443.0,325.0,0.03441702848670973,1,0,1.6875,0.8878648233486943,3.736429314427356,3.5761003148585986,0.047110316553425714,0.0,0.0,0.0,0.0,5.99995320610824,22.642247146725197,353.43843922904057,0.9564429803121423,198,215.66927387365075,0.0016880654389279104,129,396.28009523723085,0.01422857891549133,0.4832268077393351,423.27415230407405,352.18675220909034,0.09732111563620172,0.01201468872701783,43.4962,0.060046,0.1387743985201654,0.11031842203110541,0.0,0.5215572506356203,347.9569341282672,397.2930388613573,48.5,5707.442017982406,365.48015132554235,9099.0,221.17500117778218
165,8.25,126.09215883474671,200.27368534775886,461.0907719774466,185.420149510872,0.6585951047466649,347.95418172120134,385.8728564748449,629.0808562457321,629.0808562457321,243.20799977088717,0.6302801445862827,52.0,52.0,33.98748779296875,85.43627794419456,45.69999999999999,0.0,0.05442177668452468,5966.108606224577,8860.5,-2894.3913937754232,9099.0,9422.0,323.0,0.03428146890256846,1,0,1.6875,0.8858024691358025,3.50632523671316,3.632749702565511,0.05442177668452468,0.0,0.0,0.0,0.0,8.999962644784077,29.335388910758866,347.53750491930197,0.9473001898818441,211,216.34762449270062,0.007311460131098964,130,396.28009523723085,0.005016215784740998,0.45032718894100193,423.27415230407405,352.18675220909034,0.08836187049371391,0.012017971889459855,43.609,0.063806,0.13878102062390624,0.11031842203110541,0.15392085211023004,0.6002963724656221,347.9553380075188,396.28009523723085,49.5,5532.307543340618,365.2199350335886,9118.0,215.49223707918122
166,8.3,126.09020594498486,200.30275474286526,461.67543077710087,185.3301887922607,0.661864351729746,347.9480161873706,394.6138283885604,368.75066973776325,368.75066973776325,25.863158650797175,0.0655404265897412,48.5,48.5,33.98748779296875,85.89940114286168,43.0,335.4802522992815,0.8957622535249629,5857.8897495425745,22775.5,-16917.610250457426,9287.0,9607.0,320.0,0.033309045487665244,1,0,1.6875,0.8876755070202809,3.8387436103246704,3.5755821122126425,0.8957622535249629,0.0,0.0,0.0,0.0,5.999928565678812,23.13374849733924,365.48015132554235,0.9565807919057783,212,150.2723095116635,0.8413404768404382,133,394.6138283885604,0.029134919088169616,0.5915393840702741,423.27415230407405,352.18675220909034,0.06771101840143656,0.012035478322600879,43.7218,0.067728,0.13881633091343304,0.12851481727858893,0.0,0.5806535950045926,347.95418172120134,394.6138283885604,48.5,5707.442017982406,359.45282471948644,9118.0,215.49223707918122
167,8.35,126.10078457379578,200.3252385457124,461.140615539339,185.34928958883935,0.6436745566633686,347.95294023772504,415.9059270187631,631.3981640979443,631.3981640979443,215.49223707918122,0.5181273530383219,54.0,54.0,35.150390625,85.99514374556762,47.525,0.0,0.8857225359528473,5707.442017982406,8729.5,-3022.0579820175944,9069.0,9385.0,316.0,0.033670751198721365,1,0,1.6875,0.8820754716981132,3.8879501200934325,3.660519206434683,0.8857225359528473,0.0,0.0,0.0,0.0,11.999907498968609,32.52877211475351,371.37724740504103,0.9506406057664604,194,216.4155001511555,0.010039717572115525,140,393.92873044899216,0.024848114173687794,0.5351562192222008,423.27415230407405,352.18675220909034,0.017407690134638054,0.012021496960941125,43.8346,0.071811,0.13878813065560736,0.1359963997763551,0.37816256786920643,0.5533458650843172,347.95294023772504,394.554881457457,49.0,5532.307543340618,356.4810446564917,9135.0,209.48553768064943
168,8.4,126.09804643972372,200.31410150894615,461.7333904232533,185.3116307628147,0.6688790092092727,347.9569341282672,397.2930388613573,631.0709517630845,631.0709517630845,233.77791290172723,0.5884269041605542,51.0,51.0,35.150390625,86.04349809976387,42.5,0.0,0.052857467768396865,5497.8962513567985,8795.5,-3297.6037486432015,9135.0,9447.0,312.0,0.03302635757383296,1,0,1.625,0.8819776714513556,3.0051162544141707,3.6908559502188436,0.052857467768396865,0.0,0.0,0.0,0.0,8.999925685007884,28.840288456862936,359.45282471948644,0.9500611366644692,196,216.78169340117861,0.8328650681844505,134,393.92873044899216,0.011468695049112968,0.5939699067942211,423.27415230407405,352.18675220909034,0.06138128988337643,0.0120101566975237,43.9474,0.076054,0.1387652574648578,0.1359963997763551,0.041799994230741835,0.5153112656815296,347.9480161873706,393.92873044899216,49.0,5532.307543340618,356.2815528883228,9135.0,209.48553768064943
169,8.45,126.10508775364855,200.39545346378512,460.76868111010043,185.42189459393165,0.657096444815743,347.8152818576656,393.92873044899216,339.47653883265866,339.47653883265866,54.452191616333494,0.1382285357919184,50.5,50.5,35.150390625,86.09246020351152,46.025,2.9999958396594693,0.05330884638830932,6117.79218170009,22700.5,-16582.70781829991,9077.0,9396.0,319.0,0.033950617283950615,1,0,1.6875,0.8929133858267716,2.9664594762394962,3.7429499307666885,0.05330884638830932,0.0,0.0,0.0,0.0,8.99989676598398,28.44778902651649,356.4810446564917,0.9506309371282308,186,169.75451203906366,0.000451378619912457,133,394.554881457457,0.08165611218952934,0.970990304450288,423.27415230407405,352.18675220909034,0.06932958626304342,0.012412364531046993,44.0602,0.080455,0.13957650638902394,0.12915854469706342,0.0,0.6278284201041765,347.8152818576656,390.6741914227203,49.0,5532.307543340618,353.4776121792428,9135.0,209.48553768064943
170,8.5,126.09782586795835,200.39923199797445,461.2207367278688,185.33248512049934,0.6594816861817802,347.80813757654727,390.6741914227203,600.1597291033697,600.1597291033697,209.48553768064943,0.5362154508281308,49.5,49.5,35.150390625,86.14169117668558,43.62499999999999,0.0,0.05375293737405247,5334.886686307271,9180.5,-3845.613313692729,9256.0,9573.0,317.0,0.033113966363731324,1,0,1.6875,0.8908227848101266,3.288844252024845,3.6270006198124207,0.05375293737405247,0.0,0.0,0.0,0.0,8.999888832411022,28.19669041106647,353.4776121792428,0.9508623758617216,191,203.10274229649508,0.000444090985743148,132,393.92873044899216,0.008186104348070178,0.4608126902499625,423.27415230407405,352.18675220909034,0.07701854862598467,0.012432650021837022,44.1729,0.085012,0.13961742200828337,0.1359963997763551,0.0,0.4857234405237019,347.80813757654727,393.92873044899216,49.0,5631.180454650432,356.2815528883228,9149.0,200.49982600843424
171,8.55,126.10299066507798,200.36017395765884,461.04921555468195,185.5643303064578,0.6750458330763062,347.7967945984908,382.9371729478973,605.1690314120175,605.1690314120175,222.2318584641202,0.5803350370854626,48.5,48.5,34.756591796875,86.42622055631554,44.874999999999986,323.45224763189384,0.05483902747853003,5772.64079360999,8703.0,-2930.3592063900096,9111.0,9425.0,314.0,0.03331564986737401,1,0,1.6875,0.8928,2.696858142726257,3.5295859032914483,0.05483902747853003,0.0,0.0,0.0,0.0,8.999915134419677,23.485032548467416,350.4522252650102,0.9621736450850683,187,215.8903324148337,0.0010860901044775564,129,390.6741914227203,0.03939804110083057,0.2883950469469198,423.27415230407405,352.18675220909034,0.09529752557911741,0.012464857303869481,44.2857,0.089722,0.1396823837537327,0.17153745283016644,0.0,0.5651800784520253,347.7967945984908,393.92873044899216,49.0,5631.180454650432,356.2815528883228,9190.0,73.1185078413937
172,8.6,126.09554503939609,200.34691250347595,461.0600659046038,185.50365576550269,0.6711578947368422,347.7960812916316,394.554881457457,321.4363736160633,321.4363736160633,73.1185078413937,0.1853189791273124,49.0,49.0,34.756591796875,86.90167017503377,44.75,332.28157053060636,0.05322431322097954,5229.25333350096,22772.0,-17542.74666649904,9190.0,9500.0,310.0,0.03263157894736842,1,0,1.6875,0.8870967741935484,2.800175950515141,3.4943756911646378,0.05322431322097954,0.0,0.0,0.0,0.0,8.999919775304768,29.273408793829446,356.2815528883228,0.948616808532096,193,132.98732944742846,0.0016147142575504841,133,390.6741914227203,0.015208665583803021,0.0616370831037681,423.27415230407405,352.18675220909034,0.06785028258939274,0.01246688266926077,44.3985,0.094584,0.13968646889419448,0.17153745283016644,0.0,0.4665499572209361,347.7960812916316,393.92873044899216,49.0,5497.8962513567985,356.2815528883228,9164.0,94.9098011104096
173,8.65,126.15226878653756,200.46329175484314,461.37203247056857,185.78939340590406,0.6709011636822659,346.8919901692593,389.16987761616895,322.13348505963927,322.13348505963927,67.03639255652968,0.1722548337172345,49.0,49.0,34.756591796875,87.32931699361242,44.874999999999986,326.36043057715733,0.05396061048923163,5432.394061595239,22761.0,-17328.605938404762,9149.0,9458.0,309.0,0.032670754916472824,1,0,1.625,0.8838709677419355,3.276323779696254,3.5230675766032262,0.05396061048923163,0.0,0.0,0.0,0.0,8.999855263354446,29.80961567932775,350.36040667348675,0.9465278234188064,207,133.44562386918216,0.0007362972682520841,131,389.16987761616895,0.12946703688027378,0.4230474411008838,423.27415230407405,352.18675220909034,0.08057254264702907,0.015033961404339213,44.5113,0.099596,0.14486423941109128,0.18796524686693597,0.0,0.5034219796906675,346.94636544770424,390.6741914227203,48.5,5432.394061595239,356.2815528883228,9190.0,73.1185078413937
174,8.7,126.13929916446922,200.2590160809511,461.4550561723177,185.49036941492602,0.689639411866938,346.9127124950202,386.46008788932266,586.9599138977569,586.9599138977569,200.49982600843424,0.5188112105016518,48.0,48.0,34.756591796875,87.4380971363943,42.875,2.9999968099570964,0.05433872096030561,5168.318691946818,9218.0,-4049.681308053182,9400.0,9707.0,307.0,0.03162666117234985,1,0,1.625,0.8831168831168831,3.413486776432023,3.4945991879350604,0.05433872096030561,0.0,0.0,0.0,0.0,8.999761845603617,24.010556900506344,353.4497691432127,0.9611582268769715,226,244.563493889368,0.0003781104710739863,131,389.16987761616895,0.20468698551846803,0.3103357572574694,423.27415230407405,352.18675220909034,0.08697451572309733,0.014975122377513528,44.6241,0.104754,0.1447455617195279,0.18796524686693597,0.0,0.4554897257565366,346.9127124950202,389.16987761616895,48.5,5359.720713497175,353.4776121792428,9190.0,67.03639255652968
175,8.75,126.13386924148287,200.2157354914061,461.27052119135453,185.49251715929336,0.6694109994288799,346.91220765903904,396.3365618847366,334.55794547620104,334.55794547620104,61.778616408535584,0.15587412908552747,47.5,47.5,33.599853515625,87.4377543306943,43.849999999999994,338.43769023074464,0.052984663097638274,5631.180454650432,22794.0,-17162.81954534957,9287.0,9591.0,304.0,0.03169638202481493,1,0,1.625,0.8836065573770492,2.6681899939902523,3.49748312745084,0.052984663097638274,0.0,0.0,0.0,0.0,8.999802487001176,24.899151376302314,362.4376080214331,0.9598842236161774,206,150.36598603707967,0.0013540578626673391,134,389.16987761616895,0.04361987499984629,0.18454747899916715,423.27415230407405,352.18675220909034,0.0636410002186617,0.014976555810139791,44.7368,0.110057,0.14474845293789548,0.18796524686693597,0.0,0.5395036479025004,346.91220765903904,389.16987761616895,48.5,5359.720713497175,353.4776121792428,9256.0,73.1185078413937
176,8.8,126.17083883012944,200.4715232514648,460.57343323831515,185.06088534172954,0.6622045523635811,346.94636544770424,381.98731059791834,365.1202887465691,365.1202887465691,16.86702185134925,0.044155974251991734,48.5,48.5,37.150390625,87.99433199518901,45.64999999999999,323.2695975641501,0.8934051674717496,5799.229149930808,22820.0,-17020.77085006919,9493.0,9792.0,299.0,0.030535130718954247,1,0,1.5625,0.8983050847457628,4.970991929009577,3.5092511796873516,0.8934051674717496,0.0,0.0,0.0,0.0,8.99985532482416,25.717998812352448,347.2694564607417,0.9562337726314529,193,150.33691039455377,0.8404205043741113,129,387.09170880707165,0.2584456010082994,0.819900994148733,423.27415230407405,352.18675220909034,0.09754160862744066,0.014879568094244844,44.8496,0.115503,0.14455282974605507,0.21065979970611678,0.0,0.5700061243212682,346.8919901692593,387.09170880707165,48.5,5432.394061595239,353.4497691432127,9263.0,67.03639255652968
177,8.85,126.1397125147574,200.4731432504051,457.44817317153985,185.42822371320224,0.6220142119446578,344.917821791453,415.7319371175403,320.8221360071307,320.8221360071307,94.9098011104096,0.22829566996575404,48.5,48.5,33.98748779296875,88.04020296086503,44.74999999999999,359.261576739668,0.90746315072326,5359.720713497175,22766.0,-17406.279286502824,9164.0,9489.0,325.0,0.03425018442406998,1,0,1.6875,0.8892307692307693,3.157340288755097,3.592944635378618,0.90746315072326,0.0,0.0,0.0,0.0,8.999853186846183,23.470532204267727,383.26155172642643,0.9651922844375311,196,129.20728988387523,0.01405798325151042,140,387.09170880707165,0.031168444061356895,3.146774215627259,423.27415230407405,352.18675220909034,0.01781874736616451,0.02063942034174493,44.9624,0.121088,0.1561703904937104,0.21065979970611678,0.0,0.49023105855357874,344.92127683205433,389.16987761616895,48.5,5432.394061595239,356.2815528883228,9287.0,61.778616408535584
178,8.9,126.13160974832351,200.48657928818528,457.40697935669976,185.4228713027471,0.6572063196694002,344.92127683205433,387.09170880707165,364.32008549071094,364.32008549071094,22.771623316360717,0.05882746335884503,48.0,48.0,33.98748779296875,88.08986576503165,42.84999999999998,332.415120376614,0.05425031319158481,5293.377642987772,22785.5,-17492.122357012227,9509.0,9829.0,320.0,0.03255671991046902,1,0,1.6875,0.8890625,3.2573935085912473,3.5296578847410047,0.05425031319158481,0.0,0.0,0.0,0.0,8.999870780123643,21.67680025665902,356.415037770289,0.9672508369771009,217,150.43464697503714,0.8532128375316752,131,387.09170880707165,0.015690185948963972,0.0415400852040479,423.27415230407405,352.18675220909034,0.08548228919730838,0.020629610090281192,45.0752,0.126811,0.15615060332080527,0.21065979970611678,0.0,0.4781891445096436,344.9178658858935,387.09170880707165,48.5,5453.546778018152,353.4497691432127,9287.0,61.778616408535584
179,8.95,289.0553894830729,157.07301541993868,466.9469853673932,185.55102652787755,0.7137346192218157,192.57663386898588,182.43164808822985,213.06129638242305,213.06129638242305,30.629648294193203,0.16789657175809602,41.5,41.5,29.9813232421875,69.00549830047228,37.3,0.0,0.7892486000164032,2638.8682107446793,4908.5,-2269.6317892553207,4830.0,5432.0,602.0,0.11082474226804123,2,0,5.5,0.7942583732057417,15.19579763384284,13.980700954740694,0.7783121280344372,17.999441288137646,0.0,17.999441288137646,0.0,101.98534440943929,26.447883591530626,26.999124227688014,0.4606703868458354,101,168.60870538260903,0.7349982868248184,62,387.09170880707165,168.60870538260903,9.540866755478525,423.27415230407405,352.18675220909034,0.5689988460311803,0.45319739410682114,45.188,0.132669,1.0,0.21065979970611678,0.0,0.0,344.917821791453,386.46008788932266,48.5,5631.180454650432,353.4497691432127,9287.0,61.778616408535584
180,9.0,126.1372473028693,200.4899712915467,458.00846838618276,185.32060675302793,0.6849077083380208,344.9178658858935,394.17965822841194,596.8266930224298,596.8266930224298,202.64703479401788,0.5140981543918021,51.0,51.0,36.3565673828125,88.8397158185804,45.625,0.0,0.06088549067249974,5453.546778018152,9174.5,-3720.9532219818484,9380.0,9691.0,311.0,0.03209163141058714,1,0,1.625,0.8860353130016051,3.020898267916304,3.517567391379958,0.06088549067249974,0.0,0.0,0.0,0.0,11.99984174378828,25.709352948073217,356.4704635365504,0.9652201453877642,203,248.67909527487208,0.7283631093439035,133,387.09170880707165,168.60413135094342,8.94148640305567,423.27415230407405,352.18675220909034,0.06873676060134437,0.02063929513987328,45.3008,0.138659,0.15617013796286655,0.21065979970611678,0.041799994230741835,0.5072614039290188,343.86955371958607,381.98731059791834,48.5,5729.351242084768,347.2694564607417,9264.0,56.3792256749399
181,9.05,126.21808317819495,200.45092337305394,457.524227958147,185.5008193279485,0.6961264806423404,343.86955371958607,373.2674826432151,362.3158497204744,362.3158497204744,10.951632922740714,0.029339906185208074,49.5,49.5,34.756591796875,89.28810772109807,44.699999999999996,0.0,0.06429663901855402,5729.351242084768,22743.5,-17014.14875791523,9263.0,9584.0,321.0,0.033493322203672786,1,0,1.6875,0.8894080996884736,3.4422128992215777,3.5761271826130714,0.06429663901855402,0.0,0.0,0.0,0.0,11.999855762921664,28.521635432704954,332.7459914475885,0.9557374257388086,193,150.32380178606053,0.003411148346054285,126,380.34587316186554,0.0897729284265672,0.5166869112952007,423.27415230407405,352.18675220909034,0.11814250737648369,0.02361587549030364,45.4135,0.144779,0.16217386888433416,0.2843274068920123,0.0,0.5573226028413157,343.86618782965445,380.34587316186554,48.5,5729.351242084768,344.5468360792527,9264.0,56.36136783162158
182,9.1,126.21895932037263,200.42059443388624,457.6660112159846,185.4980542837524,0.6333443880384035,343.85856396313466,397.2771042278168,362.2426914292916,362.2426914292916,35.03441279852518,0.08818633751024034,50.0,50.0,34.756591796875,89.38100094203307,45.599999999999994,335.2714614089035,0.06041077987007092,6382.302995578414,22764.5,-16382.197004421585,9494.0,9811.0,317.0,0.03231067169503618,1,0,1.6875,0.8838304552590267,3.4553910300148436,3.587162899326973,0.06041077987007092,0.0,0.0,0.0,0.0,11.999829924647818,26.00582375590153,359.2714505472674,0.9647450263752878,215,150.30812537945832,0.0038858591484830993,134,379.58263698218457,0.030341591523084792,0.14181021709474417,423.27415230407405,352.18675220909034,0.06141893601285009,0.023647079833972073,45.5263,0.151026,0.16223680771376617,0.29266229467048316,0.0,0.6758397114109699,343.85856396313466,380.34587316186554,48.5,5729.351242084768,344.5468360792527,9264.0,56.3792256749399
183,9.15,126.20620461752537,200.45218017736562,456.7761632576334,185.51712405559172,0.6730261869319962,343.86618782965445,380.34587316186554,594.2853058540361,594.2853058540361,213.93943269217056,0.5624865360406405,49.5,49.5,34.756591796875,89.38568809052725,45.0,320.5171012005636,0.06309998317403219,5798.310847056179,9059.5,-3261.189152943821,9264.0,9573.0,309.0,0.0322782826700094,1,0,1.625,0.8852988691437803,3.0745629166937705,3.5885297453196965,0.06309998317403219,0.0,0.0,0.0,0.0,11.999853295193116,26.828944810611688,341.5170750560607,0.9610115619445471,206,246.4011806186691,0.002689203303961267,128,379.58263698218457,0.03406378774985664,0.8900522710379418,423.27415230407405,352.18675220909034,0.1014195620226993,0.0236254326071188,45.6391,0.157395,0.1621931454873444,0.29266229467048316,0.0,0.569839443397433,343.769332712031,380.34587316186554,49.5,5763.808284898291,344.5468360792527,9269.0,56.36136783162158
184,9.2,126.19288153687071,200.4746218565151,457.31818510492155,185.79274325759195,0.6679025871172123,343.71856987711647,379.58263698218457,591.4018784264624,591.4018784264624,211.81924144427785,0.5580319561724828,48.0,48.0,36.3565673828125,89.93885535877655,45.074999999999996,320.54693192601775,0.06322687909423187,6848.356543287331,9041.5,-2193.143456712669,9154.0,9470.0,316.0,0.03336853220696938,1,0,1.6875,0.8949044585987261,2.3814243324401034,3.581941050700515,0.06322687909423187,0.0,0.0,0.0,0.0,11.999833940572197,23.035966962359623,344.5468360792527,0.9709256115887477,193,245.31308105450256,0.0001268959201996822,128,379.58263698218457,0.02609853331471669,0.6080737023164963,423.27415230407405,352.18675220909034,0.10322273421151906,0.02404457941378324,45.7519,0.163886,0.1630385601402505,0.29266229467048316,0.0,0.7604329736505632,343.71856987711647,379.58263698218457,49.5,5763.808284898291,341.5170750560607,9269.0,56.36136783162158
185,9.25,126.1880887304772,200.46660636143488,457.3002063485534,185.0194017532181,0.667875783406888,343.769332712031,373.9744024625319,317.595176787592,317.595176787592,56.3792256749399,0.15075691091073667,48.0,48.0,33.55657958984375,90.03778839816277,45.14999999999999,314.2669290876404,0.06417507705175642,5763.808284898291,22744.0,-16980.191715101708,9143.0,9452.0,309.0,0.032691493863732546,1,0,1.5625,0.8941368078175895,5.733704219387233,3.6234971209236293,0.06417507705175642,0.0,0.0,0.0,0.0,11.999843984566889,23.70767248790486,338.26688599006013,0.9686935030145253,198,129.6516117848108,0.0009481979575245436,126,380.34587316186554,0.009339119578785682,0.773550462521852,423.27415230407405,352.18675220909034,0.11647238456017495,0.023900443285447603,45.8647,0.170494,0.1627478391017729,0.2843274068920123,0.0,0.5635768920170002,343.71856987711647,380.34587316186554,50.0,5798.310847056179,344.5468360792527,9286.0,56.3792256749399
186,9.3,126.26787362243574,200.52856250524692,457.0357367972308,185.2628374432974,0.6781042200877918,343.71184331129643,373.23893728455903,316.87756945293745,316.87756945293745,56.36136783162158,0.15100613092961257,51.5,51.5,33.98748779296875,90.03958822247472,46.5,308.4850411397005,0.0723391510499089,5318.405607895609,22755.5,-17437.09439210439,9556.0,9861.0,305.0,0.030929925970996856,1,0,1.5625,0.8912685337726524,4.183524720556401,3.551110860118012,0.0723391510499089,0.0,0.0,0.0,0.0,14.999872932647609,28.754064780627175,329.4849995712842,0.9631490970689017,229,128.90065009244,0.008164073998152485,126,379.58263698218457,0.10101580441145798,0.3594510798163703,423.27415230407405,352.18675220909034,0.11820994678543573,0.024063678842645486,45.9774,0.177216,0.16307708348521105,0.29266229467048316,0.09786042317048593,0.4827319641259302,343.71184331129643,380.34587316186554,49.5,6247.6932184441675,344.5468360792527,9269.0,56.3792256749399
187,9.35,126.27286708556002,200.54160601370864,454.1721216551045,185.3985582021211,0.6474782906173301,341.6688751169628,387.1631182239897,309.61730423523585,309.61730423523585,77.54581398875388,0.20029235828163375,48.5,48.5,33.98748779296875,90.39933519125327,44.59999999999999,329.26849837862034,0.904704608419048,6339.263085925295,22690.5,-16351.236914074705,9269.0,9595.0,326.0,0.033976029181865555,1,0,1.6875,0.9106583072100314,3.765594332723001,3.523112509588605,0.904704608419048,0.0,0.0,0.0,0.0,14.999764901515686,21.894942500236255,350.2684108222378,0.9821905102160805,210,143.44570086528515,0.832365457369139,131,379.58263698218457,0.013966666995547225,2.866829574040081,423.27415230407405,352.18675220909034,0.08531358195041094,0.029864488161903346,46.0902,0.18405,0.17477725421116905,0.29266229467048316,0.0,0.6680275482336847,341.8157629060167,380.84838368609394,50.0,6247.6932184441675,344.5468360792527,9269.0,77.54581398875388
188,9.4,126.26904417410833,200.60320094489532,453.2110898180222,185.45130285596258,0.6343503562814221,341.8157629060167,387.07348175280305,357.75597792720475,357.75597792720475,29.317503825598294,0.0757414424073653,50.0,50.0,33.98748779296875,91.2828511011522,45.04999999999998,326.4695727851216,0.9054335942004974,6247.6932184441675,22699.0,-16451.30678155583,9364.0,9678.0,314.0,0.03244471998346766,1,0,1.5625,0.9133986928104575,3.1347024169347226,3.493965711426286,0.9054335942004974,0.0,0.0,0.0,0.0,14.999772169956765,24.604211433558703,347.4694981492876,0.9751870388534246,213,153.1689385049974,0.0007289857814494205,131,387.07348175280305,0.061713452341112744,0.9624781506063755,423.27415230407405,352.18675220909034,0.08552535125099003,0.02944741458337563,46.203,0.190993,0.17393602123737348,0.21085884746604405,0.0,0.65140672461555,341.680415125624,380.39005580203036,49.5,6175.370296385692,341.5170750560607,9264.0,77.54581398875388
189,9.45,126.2600505540654,200.66697806908547,453.98257169102766,185.39303064267366,0.6560871315640371,341.67783374345834,376.7222485041528,359.24100356803496,359.24100356803496,17.481244936117832,0.04640353736879209,52.0,52.0,35.150390625,91.34019205688253,46.39999999999999,311.384002954131,0.0716700814151977,5761.96070331837,22653.5,-16891.53929668163,9286.0,9603.0,317.0,0.03301051754660002,1,0,1.625,0.912621359223301,3.295586693979995,3.581150844517617,0.0716700814151977,0.0,0.0,0.0,0.0,14.999797803473662,29.3385862778444,332.38386442283473,0.9619380364942458,221,153.17285254017597,0.8337635127852997,127,387.07348175280305,0.06440812659473033,0.773679475763471,423.27415230407405,352.18675220909034,0.10998050210842791,0.029839051014028395,46.3158,0.198041,0.17472594775433892,0.21085884746604405,0.15392085211023004,0.5632415379490661,341.67783374345834,380.39005580203036,49.5,6175.370296385692,341.441385606499,9269.0,65.04206621109654
190,9.5,126.25462239950139,200.61093489822082,453.7130377814735,185.26808742490192,0.6398118562971373,341.680415125624,395.1486287568044,577.142305907294,577.142305907294,181.99367715048965,0.46057018525679433,50.5,50.5,34.756591796875,91.39415118301645,44.125,0.0,0.06832814999814371,6302.846121977859,9190.0,-2887.153878022141,9423.0,9735.0,312.0,0.03204930662557781,1,0,1.625,0.9098360655737705,2.7278366793713213,3.5891966672233715,0.06832814999814371,0.0,0.0,0.0,0.0,14.99983270434406,26.77902797713773,353.3697680753226,0.9701904690651395,242,204.19138263447886,0.003341931417053995,133,387.07348175280305,0.056305433685708534,0.2970847287672667,423.27415230407405,352.18675220909034,0.06644753381270652,0.029831721430648273,46.4286,0.205192,0.17471116406258544,0.21085884746604405,0.0,0.6614175142658727,341.6688751169628,380.84838368609394,50.0,5763.808284898291,338.36413086954104,9269.0,56.3792256749399
191,9.55,126.31738638776194,200.67831642326118,453.84443968898916,185.85533898141796,0.6376229549411387,340.6255326308351,401.4443653637239,315.13472261841,315.13472261841,86.30964274531385,0.21499776853789948,47.5,47.5,35.150390625,91.43748174617181,45.0,341.24826445881564,0.9098348255294245,6438.394890072236,22616.5,-16178.105109927765,9035.0,9359.0,324.0,0.0346190832353884,1,0,1.625,0.9203821656050956,2.4501655557552207,3.623888031857246,0.9098348255294245,0.0,0.0,0.0,0.0,14.999816963655789,21.196513995866212,365.24803440420186,0.9845639954951267,206,127.4785741785021,0.8415066755312808,136,380.84838368609394,0.09208467917702712,0.6017730900674005,423.27415230407405,352.18675220909034,0.05157363571935758,0.0328269575892266,46.5414,0.212444,0.18075252355074936,0.2788397623876664,0.0,0.6860209370743244,340.681525343985,380.84838368609394,50.0,5761.96070331837,338.36413086954104,9286.0,56.36136783162158
192,9.6,126.31100717231985,200.6010669084733,453.90238482664836,185.22207666979025,0.6423004399748586,340.681525343985,380.84838368609394,578.2012743709928,578.2012743709928,197.35289068489885,0.5181928009639729,51.0,51.0,34.756591796875,91.98109474016289,45.599999999999994,314.2271840520679,0.8959655691018511,5736.258374623375,8961.5,-3225.241625376625,9152.0,9472.0,320.0,0.033783783783783786,1,0,1.625,0.8958990536277602,3.5042840406805102,3.631833941036844,0.8959655691018511,0.0,0.0,0.0,0.0,17.999861955253127,27.621415740266457,335.22710599057433,0.9747365245668373,204,204.08491998730852,0.013869256427573418,129,380.84838368609394,0.07751246302767938,0.6359078504833908,423.27415230407405,352.18675220909034,0.10023236332064533,0.032667971730733325,46.6541,0.219791,0.1804318507644178,0.2788397623876664,0.041799994230741835,0.5585763147313643,340.6255326308351,381.14665069702136,49.5,5761.96070331837,341.441385606499,9269.0,65.04206621109654
193,9.65,126.31922030556781,200.62817023545014,452.6603056864702,185.29717875136797,0.6255697587532024,339.82709543850063,380.39005580203036,315.3479895909338,315.3479895909338,65.04206621109654,0.170987819526352,49.5,49.5,33.55657958984375,92.0347043676718,46.0,317.4414654164102,0.0709792138715089,6175.370296385692,22632.5,-16457.129703614308,9052.0,9368.0,316.0,0.033731853116994025,1,0,1.5625,0.9108589951377634,3.7587415049538313,3.615127453089337,0.0709792138715089,0.0,0.0,0.0,0.0,14.999841026826552,23.948829168704776,341.441385606499,0.9764741795812464,192,125.58503024011598,0.8249863552303422,128,380.84838368609394,0.0283204147385179,1.2443475853325545,423.27415230407405,352.18675220909034,0.10131517898885634,0.03509404227462787,46.7669,0.227233,0.18532520925881776,0.2788397623876664,0.0,0.6382794092207804,339.82709543850063,380.84838368609394,50.0,5736.258374623375,338.36413086954104,9286.0,29.317503825598294
194,9.7,126.37437408485039,200.66542873314853,453.4286658756996,185.73114791629567,0.6847954524712003,339.72748782014287,375.68228379013544,364.65203342531464,364.65203342531464,11.030250364820802,0.029360581642392664,49.0,49.0,36.3565673828125,92.1287390697835,45.9,314.4147578547733,0.07186860572602159,5684.362147462702,22712.0,-17027.6378525373,9436.0,9749.0,313.0,0.032105857010975486,1,0,1.625,0.8922829581993569,1.6997378198177995,3.500013141549564,0.07186860572602159,0.0,0.0,0.0,0.0,17.999775733524487,25.267944648847617,332.41456340776335,0.9806534158544903,203,157.37419593088134,0.0008893918545126861,127,380.84838368609394,0.06655925946021372,0.8824435486197755,423.27415230407405,352.18675220909034,0.11243745514549941,0.0353768684108553,46.8797,0.234766,0.18589566656873788,0.2788397623876664,0.0,0.5491566435905059,339.72748782014287,380.39005580203036,49.5,5684.362147462702,335.5054465535337,9256.0,17.962715925727537
195,9.75,126.36460673809609,200.7068363606931,453.73597201526263,185.22273768475654,0.661204131656931,339.63461256608923,381.14665069702136,363.1839347712938,363.1839347712938,17.962715925727537,0.047128095951724215,50.0,50.0,33.98748779296875,93.2389940235671,44.29999999999998,314.3642813254961,0.8956239244023098,5380.9782151759755,22702.5,-17321.521784824025,9220.0,9535.0,315.0,0.03303618248557944,1,0,1.6875,0.871875,2.839467052317758,3.6386088335813263,0.8956239244023098,0.0,0.0,0.0,0.0,17.999794881725926,24.78272494575441,338.36413086954104,0.9822038838551402,205,158.90627275193438,0.8237553186762882,129,380.39005580203036,0.04254400876138485,0.5940690422390327,423.27415230407405,352.18675220909034,0.09952769706757081,0.035640578653989285,46.9925,0.242386,0.18642756732551824,0.2838449122758841,0.0,0.4940895023373743,339.63461256608923,380.84838368609394,49.5,5606.25403777278,338.36413086954104,9256.0,65.04206621109654
196,9.8,126.36640040645916,200.7609414457921,452.7427306283107,185.68421459568086,0.6795593163607271,338.5879752692763,376.5983548407376,362.36900764357466,362.36900764357466,14.229347197162951,0.037783880397407744,49.5,49.5,33.98748779296875,93.29839748762205,43.39999999999999,311.3580807679243,0.8984581325620523,5606.25403777278,22689.5,-17083.24596222722,9323.0,9645.0,322.0,0.033385173665111456,1,0,1.625,0.9124203821656051,1.8141776390244377,3.635952288361142,0.8984581325620523,0.0,0.0,0.0,0.0,17.999792471840312,26.240531853396305,332.358030515501,0.9781179623446815,218,158.94249080734664,0.0028342081597425572,127,379.03384896327947,0.054134808393180085,1.095212030645404,423.27415230407405,352.18675220909034,0.11027320522469608,0.03861240337552663,47.1053,0.250092,0.1924217061940682,0.298655310559294,0.0,0.5349792602436351,338.5879752692763,380.84838368609394,49.5,5606.25403777278,338.36413086954104,9253.0,65.04206621109654
197,9.85,126.41494645522287,200.67366539596796,452.75247265489423,185.72202706197012,0.6753848497488836,338.5327198004905,387.69372169187005,607.514428891726,607.514428891726,219.82070719985592,0.5669957879136467,49.0,49.0,35.19366455078125,93.4035319781344,45.349999999999994,326.5130241746442,0.06964174726803839,4916.866967233047,8936.0,-4019.133032766953,9256.0,9571.0,315.0,0.03291192142931773,1,0,1.625,0.9090909090909091,1.8162028674200663,3.61671067169784,0.06964174726803839,0.0,0.0,0.0,0.0,17.99970191652345,25.18119667769156,344.51282309765503,0.981476370755171,209,230.4493186406573,0.8288163852940139,131,379.03384896327947,0.09986905288163339,0.03904727505000918,423.27415230407405,352.18675220909034,0.0840600126856873,0.03876929590041356,47.218,0.257879,0.19273815674877076,0.298655310559294,0.0,0.4098487864398482,338.5327198004905,380.39005580203036,49.5,5606.25403777278,335.5054465535337,9256.0,64.92140918334587
198,9.9,126.40652914253606,200.6845055507715,449.9931092673581,185.19907003862767,0.6966094750482772,337.7575717844831,379.03384896327947,369.21839659542945,369.21839659542945,9.815452367850014,0.02589597840587828,51.0,51.0,34.756591796875,93.41221926063028,46.0,311.5055938889697,0.07914791347549495,5075.3398277974275,22685.5,-17610.160172202573,9525.0,9839.0,314.0,0.03191381237930684,1,0,1.5625,0.9117647058823529,3.478581917345255,3.683205741873307,0.07914791347549495,0.0,0.0,0.0,0.0,17.99977232361188,25.528630086133887,335.5054465535337,0.9801367139554562,226,158.90655612107005,0.009506166207456562,128,381.14665069702136,0.013724434743630613,2.808481859072301,423.27415230407405,352.18675220909034,0.10451926511452314,0.04097025323667136,47.3308,0.265745,0.19717746429664587,0.2755825503604023,0.041799994230741835,0.43861315550748575,337.7575717844831,380.39005580203036,49.5,5418.704281197234,338.36413086954104,9256.0,64.92140918334587
199,9.95,126.41298283976741,200.54318117165167,450.07683991339013,185.68702524596625,0.7231740435223446,337.53514540379615,364.8799951193927,350.63906686927317,350.63906686927317,14.24092825011951,0.03902907377933867,47.0,47.0,34.756591796875,93.96508954199481,42.29999999999998,2.9999990978589075,0.07399577005035013,5056.400528801477,22665.5,-17609.099471198522,9253.0,9574.0,321.0,0.033528305828284935,1,0,1.6875,0.8976377952755905,1.7609047445169974,3.6588865212960444,0.07399577005035013,0.0,0.0,0.0,0.0,17.999672792281988,20.096319022003968,326.7840033051067,0.9942538745402144,212,152.24569216024753,0.00515214342514482,123,379.03384896327947,0.14147165914612475,0.4950869675660912,423.27415230407405,352.18675220909034,0.13795824022519532,0.041601811292991675,47.4436,0.273688,0.19845131018186934,0.298655310559294,0.0,0.43517548810966317,337.5886536253429,381.14665069702136,49.5,5418.704281197234,338.2628781853565,9256.0,64.92140918334587
200,10.0,126.43789822141903,200.68685243456522,450.07801025612986,185.2500021956766,0.6532433016676558,337.5886536253429,394.96510636263696,309.937023159719,309.937023159719,85.02808320291797,0.21527998760692924,48.5,48.5,36.3565673828125,94.02441701804722,45.55,332.35185373910946,0.9098310928585834,5330.6586892536,22674.5,-17343.8413107464,9256.0,9565.0,309.0,0.03230527966544694,1,0,1.5625,0.9165275459098498,3.8850086945914,3.6827993575885767,0.9098310928585834,0.0,0.0,0.0,0.0,17.99971928139721,20.614035517744696,356.35135156349503,0.9933808931618705,231,124.15915853160028,0.8358353228082334,133,387.69372169187005,0.14581566455639297,0.4370246173691062,423.27415230407405,352.18675220909034,0.06688111189246515,0.04144987990655791,47.5564,0.281704,0.19814486619068258,0.2040855439651409,0.0,0.48495601784176406,337.5850830247373,384.19192454687993,49.5,5380.9782151759755,338.36413086954104,9253.0,71.28475276294603
201,10.05,126.43162130724836,200.82131884293753,449.9765533940201,185.20706900734098,0.6440756302521009,336.74901830637566,392.6819589361001,309.3709458176187,309.3709458176187,83.31101311848141,0.2121590035462728,49.5,49.5,33.55657958984375,94.54356367759996,45.19999999999999,329.3461311531738,0.9074669742359409,5832.2339561742765,22655.0,-16822.766043825723,9209.0,9520.0,311.0,0.03266806722689076,1,0,1.625,0.8887096774193548,3.3896493210913317,3.675934464701112,0.9074669742359409,0.0,0.0,0.0,0.0,17.9998288270223,24.336193040147464,350.3459370689303,0.9838638774485785,211,123.9971953708071,0.0023641186226425193,133,384.19192454687993,0.13461283234540958,0.11016693482994296,423.27415230407405,352.18675220909034,0.07227512760098087,0.043833942662185765,47.6692,0.28979,0.20295349542275196,0.24232676863908426,0.0,0.5759968184023366,337.53514540379615,384.19192454687993,49.5,5373.245231705233,338.2628781853565,9256.0,71.28475276294603
202,10.1,126.41545466690006,200.74937081301167,449.33004103756593,185.3028447615794,0.6448605284463089,337.5850830247373,372.94834261232774,308.02693342898186,308.02693342898186,64.92140918334587,0.17407614343745823,50.5,50.5,33.55657958984375,95.28876704900489,45.69999999999999,305.3903992302504,0.8992938530910692,6599.409644341534,22664.0,-16064.590355658467,9407.0,9705.0,298.0,0.030705821741370428,1,0,1.5625,0.8857142857142857,3.4449013560343063,3.614494148635165,0.8992938530910692,0.0,0.0,0.0,0.0,20.999775237347517,25.55825905865737,326.39030831632283,0.9877771709900095,229,123.97377888742133,0.008173121144871676,126,392.6819589361001,0.07374197766784064,0.6535680700185872,423.27415230407405,352.18675220909034,0.11889648686979826,0.04146001827940471,47.782,0.297943,0.19816531518092903,0.14961171430415074,0.0,0.7152466846290957,336.74901830637566,384.19192454687993,49.5,5345.584499780655,338.2628781853565,9253.0,71.28475276294603
203,10.15,126.41062426499367,200.81656622629168,449.84554962011515,185.20116729180924,0.6485825173012105,336.58976114229654,393.93470961503147,322.64995685208544,322.64995685208544,71.28475276294603,0.18095575490823923,49.5,49.5,33.1689453125,95.29339950924916,45.724999999999994,326.2280813642495,0.9042813475298791,5418.704281197234,22668.5,-17249.795718802765,9117.0,9425.0,308.0,0.0326790450928382,1,0,1.4705882352941178,0.8694267515923567,4.25812454239637,3.7183837282213394,0.9042813475298791,0.0,0.0,0.0,0.0,20.999740934774604,22.706966141360965,350.2280025388959,0.9956662229427442,217,133.22184181626756,0.0049874944388098585,133,392.6819589361001,0.06736880842385207,0.5254402026308632,423.27415230407405,352.18675220909034,0.06931546027399649,0.044286137877026066,47.8947,0.30616,0.20386556836359646,0.14961171430415074,0.0,0.5009371510933877,336.5900849968856,379.03384896327947,49.5,5373.245231705233,335.5054465535337,9240.0,64.92140918334587
204,10.2,126.41079077465386,200.7575259938799,448.85010606421724,185.22942519150678,0.6551988804128882,336.5900849968856,384.19192454687993,306.6212528438226,306.6212528438226,77.57067170305731,0.20190604421096303,50.5,50.5,33.98748779296875,95.40228123482265,44.449999999999996,317.2632090585524,0.9038786896053541,5986.3143169678515,22551.0,-16564.68568303215,9212.0,9509.0,297.0,0.031233568198548743,1,0,1.4705882352941178,0.8737541528239202,3.797933951847207,3.7723684423451562,0.9038786896053541,0.0,0.0,0.0,0.0,20.999732413672355,24.929313947851085,338.2628781853565,0.9897718268315678,216,125.49008472138473,0.00040265792452498506,130,384.19192454687993,0.05904046721277964,0.9958445570840792,423.27415230407405,352.18675220909034,0.09233313100847695,0.04428521832344545,48.0075,0.314438,0.20386371363380043,0.24232676863908426,0.0,0.6039639059412191,336.58976114229654,378.42221776611336,49.5,5418.704281197234,332.29621780072983,9240.0,64.92140918334587
205,10.25,126.41208041315276,200.80920797141988,448.87838095701966,185.24264857729693,0.6625915417307933,335.7500788766001,393.45787530447114,309.90462280709943,309.90462280709943,83.55325249737172,0.21235628447572782,49.5,49.5,36.39984130859375,95.39831514497942,46.5,326.17883197886886,0.9052520797078653,5345.584499780655,22543.5,-17197.915500219344,9165.0,9463.0,298.0,0.031491070485047026,1,0,1.4705882352941178,0.8569105691056911,3.481192110500526,3.6889113545277255,0.9052520797078653,0.0,0.0,0.0,0.0,20.999758863459054,22.279528731281914,350.17858770973015,0.9967473776784045,198,122.05108063528012,0.0013733901025111406,133,378.42221776611336,0.051698065436725255,0.031214219431908444,423.27415230407405,352.18675220909034,0.07044199802255657,0.04667033393332154,48.1203,0.322775,0.20867446646169516,0.3053346026656013,0.0,0.48766519795692603,335.7500788766001,378.42221776611336,49.5,5832.2339561742765,332.29621780072983,9240.0,64.92140918334587
206,10.3,126.61625365852406,200.75252882791543,449.72138318638684,185.06730122205664,0.6747526033743464,334.43007735902506,375.0884030259702,327.9506770122152,327.9506770122152,47.137726013755014,0.12567097685099934,49.0,49.0,33.98748779296875,96.02078198240477,44.0,2.999991294731654,0.07998034659157839,5373.245231705233,22594.0,-17220.754768294766,9379.0,9705.0,326.0,0.03359093250901597,1,0,1.5294117647058822,0.8800623052959502,4.314488961294915,3.6705593290635337,0.07998034659157839,0.0,0.0,0.0,0.0,20.999759970606085,24.838787478963752,329.24985557640036,0.9897650061228583,222,159.71276708368524,0.8252717331162869,127,378.42221776611336,0.21189440632976847,0.8610455584391641,423.27415230407405,352.18675220909034,0.11384051923748917,0.05041834974963311,48.2331,0.331167,0.21623417451637164,0.3053346026656013,0.0,0.49268589045232214,334.43007735902506,375.0884030259702,49.5,5832.2339561742765,329.24985557640036,9224.0,47.137726013755014
207,10.35,126.61289916819094,200.8122166515641,449.1658867122209,185.17836934121704,0.6891895484992586,334.4279531005833,363.9663638187452,350.38699037062344,350.38699037062344,13.579373448121771,0.03730941866618279,49.5,49.5,33.98748779296875,96.07341493724265,45.39999999999999,296.4369044204219,0.8968869109386167,5258.198736695095,22514.5,-17256.301263304904,9224.0,9540.0,316.0,0.03312368972746331,1,0,1.4705882352941178,0.882258064516129,3.7957508757419545,3.690274529613843,0.8968869109386167,0.0,0.0,0.0,0.0,20.999826387359917,22.52972833512274,320.43680909626255,0.9957965842455576,202,154.90248813459166,0.8169065643470383,123,375.0884030259702,0.05978201148599646,0.5664913590731958,423.27415230407405,352.18675220909034,0.14011672615133608,0.05042438137469696,48.3459,0.339612,0.21624634024000047,0.3417413827332339,0.0,0.47180383007539517,334.4279531005833,372.94834261232774,49.5,5859.384898964518,326.47770109860335,9240.0,47.137726013755014
208,10.4,128.4033712506037,200.84303558264304,447.073655607797,184.92958596644027,0.6624468182292754,331.7724291722667,378.42221776611336,349.4944931310782,349.4944931310782,28.92772463503519,0.07644298689913123,50.5,50.5,36.39984130859375,97.01355593070791,46.64999999999999,314.29644749095274,0.9018925996162744,6370.624603015769,22560.5,-16189.875396984231,9240.0,9578.0,338.0,0.035289204426811445,1,0,1.4705882352941178,0.8941548183254344,5.367555738928807,3.7946397036809403,0.9018925996162744,0.0,0.0,0.0,0.0,20.99977017244968,25.126229792933827,332.29621780072983,0.9890956201122564,183,153.1157819632186,0.005005688677657716,128,371.64900489956426,1.7907373018989525,2.1069703751795745,423.27415230407405,352.18675220909034,0.10596426522576718,0.05796448307261659,48.4586,0.348106,0.23145464520252831,0.3793011816162729,0.0,0.673719969313854,332.4872253224533,371.64900489956426,49.5,5764.152368593492,326.47770109860335,9240.0,47.137726013755014
209,10.45,128.403879663566,200.75709973440743,447.5086614162231,185.1953242591498,0.6813106340981989,331.60132194693244,371.64900489956426,347.386169580082,347.386169580082,24.262835319482235,0.06528427360121443,49.0,49.0,33.98748779296875,97.29717475769208,43.34999999999999,2.9999999812839384,0.08072066680375894,6114.218473448828,22577.0,-16462.78152655117,9314.0,9650.0,336.0,0.034818652849740936,1,0,1.4705882352941178,0.8993610223642172,5.16730425681238,3.7258149590520846,0.08072066680375894,0.0,0.0,0.0,0.0,20.99980995785574,24.171493843105168,326.47770109860335,0.9914659158414629,198,153.11773590308812,0.8211719328125155,126,363.9663638187452,0.08593735215675158,0.5097517960504335,423.27415230407405,352.18675220909034,0.12196621769482163,0.05845032538287098,48.5714,0.356646,0.23243458397710562,0.4631991321532385,0.0,0.6271797572182208,331.7724291722667,363.9663638187452,50.5,5764.152368593492,320.43680909626255,9298.0,28.92772463503519
210,10.5,128.53346422641607,200.820271513699,447.75463864508635,185.00701056696317,0.6724066954830057,332.4872253224533,360.5680866320095,347.80210449405575,347.80210449405575,12.765982137953756,0.03540519144996471,49.5,49.5,33.98748779296875,97.29481482558171,45.3,293.4666655946581,0.08320161685603682,6165.252238213733,22575.5,-16410.247761786268,9559.0,9876.0,317.0,0.032098015390846495,1,0,1.5,0.9018932874354562,5.09797175233666,3.6845747938319002,0.08320161685603682,0.0,0.0,0.0,0.0,20.999860275777024,22.101719919025413,317.46650643720704,0.99694410103362,211,153.01252850444365,0.002480950052277872,122,363.8481913854184,0.14416252157863238,0.3097851574627124,423.27415230407405,352.18675220909034,0.14814527494940777,0.05593488898452825,48.6842,0.36523,0.227360975504372,0.4644896291140871,0.0,0.6364428830265187,331.6640282813317,363.9663638187452,49.5,5764.152368593492,320.43680909626255,9298.0,28.92772463503519
211,10.55,128.53377780530207,200.83076450625987,446.8448769128319,185.06101033103553,0.6916914110514176,331.6640282813317,360.61152987849323,346.37273337300684,346.37273337300684,14.238796505486391,0.03948513934172904,51.0,51.0,36.3565673828125,97.42669340832674,46.974999999999994,293.6939005428367,0.09151035622372218,5273.891464108826,22550.5,-17276.608535891173,9182.0,9496.0,314.0,0.03306655433866891,1,0,1.411764705882353,0.8708053691275168,4.6086150510436585,3.960128345581766,0.09151035622372218,2.9999989009743944,0.0,2.9999989009743944,0.0,17.99975068978666,24.918184338525464,314.6935959492067,0.9891339171848312,198,153.08753594875287,0.008308739367685364,122,363.2686258437253,0.010497677104970241,0.9113629266074192,423.27415230407405,352.18675220909034,0.14804263875901613,0.05827227685036396,48.797,0.373855,0.23207546197995207,0.4708187496129338,0.041799994230741835,0.4746522130817901,331.60132194693244,363.9663638187452,50.5,5764.152368593492,320.43680909626255,9314.0,28.92772463503519
212,10.6,129.41621069487547,200.89407227673368,444.7166391011754,185.22467357304356,0.6837104993513977,329.78390464197275,359.28927409127425,304.8141702631432,304.8141702631432,54.47510382813107,0.1516190650720404,50.5,50.5,33.98748779296875,97.88824408868183,45.12499999999999,293.3015846274563,0.8998357732591614,5859.384898964518,22551.5,-16692.11510103548,9368.0,9703.0,335.0,0.03452540451406781,2,1,2.5,0.8743961352657005,85.72061630458778,3.9524049297154162,0.8998357732591614,0.0,0.0,0.0,0.0,20.999808289939438,20.988079973685444,317.30138582764937,0.9999673568984667,214,119.80767273599184,0.8083254170354393,121,363.2686258437253,0.8847008977068126,2.134521454506617,423.27415230407405,352.18675220909034,0.15116651433710504,0.06361070490754062,48.9098,0.382517,0.24284301461607335,0.4708187496129338,0.0,0.5809249792001632,331.3044929219309,363.9663638187452,50.5,5764.152368593492,320.43680909626255,9298.0,24.262835319482235
213,10.65,128.6954613280135,200.64337988331872,447.46894024829123,184.94141846866347,0.704489837398374,331.3044929219309,363.8481913854184,304.87961342761963,304.87961342761963,58.96857795779874,0.16206917982267582,50.5,50.5,33.98748779296875,98.00393249259946,45.89999999999999,296.45061651548036,0.09069592298255771,5764.152368593492,22531.5,-16767.34763140651,9298.0,9600.0,302.0,0.03145833333333333,1,0,1.3529411764705883,0.8769230769230769,5.964844181541178,3.905893543143087,0.09069592298255771,2.9999875297095677,0.0,2.9999875297095677,0.0,17.999630330804248,25.398156002157236,317.45041752274733,0.9879110622347875,213,122.10896763043111,0.8091398502766037,123,363.2686258437253,0.7631030899872372,2.7668384590670287,423.27415230407405,352.18675220909034,0.1403959126612695,0.05929314250514972,49.0226,0.391213,0.23413453715237798,0.4708187496129338,0.0,0.5636393465619844,330.546516418163,363.8481913854184,50.5,5848.595538808496,317.46650643720704,9314.0,24.262835319482235
214,10.7,128.54740006038497,200.88720677169496,446.60954985264675,185.01032805900363,0.7048615557754623,330.546516418163,363.2686258437253,343.2217990017908,343.2217990017908,20.04682684193449,0.055184580819149634,51.0,51.0,35.19366455078125,98.95152264696824,45.9,296.52068528807763,0.09084115149095971,5267.079064327391,22578.5,-17311.42093567261,9749.0,10056.0,307.0,0.03052903739061257,1,0,1.5,0.9025641025641026,4.978929399332249,3.696775558415511,0.09084115149095971,2.9999999864719387,0.0,2.9999999864719387,0.0,20.99975253538167,24.748323523227896,314.5205497986438,0.9979393458500974,215,152.29764422874862,0.0001452285084019983,123,363.8481913854184,0.2852607411948014,0.8621487016558264,423.27415230407405,352.18675220909034,0.14176515653911614,0.06144534300392912,49.1353,0.399941,0.23847550267741488,0.4644896291140871,0.041799994230741835,0.4734156961106721,329.78390464197275,363.2686258437253,50.5,5848.595538808496,317.45041752274733,9322.0,20.04682684193449
215,10.75,131.39530930538942,200.8045963246023,446.3234397770287,184.90093709853815,0.6605089431556466,326.7873076793596,408.29958866883305,589.1225064383151,589.1225064383151,180.82291776948205,0.44286823398234026,49.5,49.5,32.78131103515625,99.00587241279041,44.849999999999994,344.0614519475401,0.07347485659145378,5848.595538808496,8933.0,-3084.404461191504,9287.0,9609.0,322.0,0.03351025080653554,2,1,2.0,0.8890784982935154,77.58321201262567,3.836112718816494,0.07347485659145378,0.0,0.0,0.0,0.0,20.999771633121714,22.238538879921748,365.0612781557896,0.996966033566581,222,218.29245889947433,0.017366294899505932,138,363.8481913854184,2.8491071502754393,0.30630925157712163,423.27415230407405,352.18675220909034,0.03537793071872597,0.07211925028528976,49.2481,0.408698,0.26000466018486135,0.4644896291140871,0.0,0.578966605151596,326.7873076793596,360.61152987849323,51.0,5764.152368593492,317.30138582764937,9332.0,19.987264340351828
216,10.8,132.41026279856007,200.82349581573908,444.1461993638643,185.1231123089357,0.698218313502328,325.611680893763,369.32721761016785,592.3336560069821,592.3336560069821,223.00643839681425,0.6038180447134063,51.0,51.0,36.39984130859375,99.29516272061835,47.199999999999996,302.4772195800632,0.08122811175829855,5328.889025218546,9017.5,-3688.6109747814544,9332.0,9665.0,333.0,0.03445421624418003,2,1,1.6666666666666667,0.9044368600682594,74.23543403110332,3.711453532117601,0.08122811175829855,0.0,0.0,0.0,0.0,20.9997654606624,24.850484730960716,323.47696741854475,0.9895736921442848,218,225.34076034279445,0.007753255166844775,125,363.8481913854184,1.015129442024285,2.188546924521248,423.27415230407405,352.18675220909034,0.12745152143179184,0.07545732810401107,49.3609,0.417481,0.2667375276566315,0.4644896291140871,0.041799994230741835,0.4846348065678038,325.73179570038144,363.2686258437253,51.0,5764.152368593492,317.30138582764937,9322.0,20.04682684193449
217,10.85,132.39827800882756,200.870170215301,443.3433331076375,185.0252519753241,0.6745914786967419,325.613670802204,369.95333450101526,349.96607016066343,349.96607016066343,19.987264340351828,0.054026447328310204,51.0,51.0,33.1689453125,99.35787630970981,45.14999999999999,305.16705331055545,0.08109059098015772,5657.7928551539,22497.0,-16839.2071448461,9255.0,9576.0,321.0,0.03352130325814536,2,1,1.6666666666666667,0.8987783595113438,71.18432393125046,3.766945961254998,0.08109059098015772,0.0,0.0,0.0,0.0,20.999767028655413,22.78697043922142,326.16659703313843,0.9951691112259428,209,154.26643990743514,0.00013752077814083163,125,363.2686258437253,0.048188533484607256,0.8088083025552139,423.27415230407405,352.18675220909034,0.12597229836220636,0.07545167795269625,49.4737,0.426286,0.2667261313614989,0.4708187496129338,0.041799994230741835,0.5443340580252896,325.613670802204,363.8481913854184,51.0,5764.152368593492,317.30138582764937,9332.0,21.036536308078723
218,10.9,131.49243953660294,200.89590621082996,442.4464464177964,184.9978577506358,0.6748874654757008,325.73179570038144,353.4140757944332,348.9905570271851,348.9905570271851,4.423518767248083,0.012516532504554423,53.0,53.0,34.756591796875,99.41746800620157,47.19999999999999,284.4566453689517,0.09337407448989302,6542.301821492079,22467.0,-15924.69817850792,9697.0,10010.0,313.0,0.03126873126873127,1,0,1.4375,0.9057591623036649,5.344440067359613,3.761494206966456,0.09337407448989302,2.9999999901592793,0.0,2.9999999901592793,0.0,17.99976231992776,23.957747976480334,308.45656550786583,0.991630255077577,239,155.16910764673375,0.012283483509735293,119,369.32721761016785,0.9062039942684504,0.8973049525999464,423.27415230407405,352.18675220909034,0.16504687595347045,0.07511627380294761,49.5865,0.435111,0.26604962475728666,0.40465615956122314,0.2660417099897182,0.7048810580654001,325.611680893763,363.8481913854184,51.0,5657.7928551539,314.5205497986438,9322.0,20.04682684193449
219,10.95,132.39073065023487,200.88602093330786,443.3990488600511,184.78934810463832,0.6622066458982347,324.80131142956964,356.166950026655,347.91134634275363,347.91134634275363,8.25560368390137,0.02317902793418517,49.0,49.0,33.98748779296875,99.93354839669827,43.949999999999996,2.999998679557404,0.084229380886499,5867.1574918634,22364.0,-16496.8425081366,9322.0,9630.0,308.0,0.03198338525441329,1,0,1.4375,0.9016100178890877,5.904798284548469,3.8393594051972926,0.084229380886499,0.0,0.0,0.0,0.0,20.999754156034943,20.650303432580017,314.51689243804003,0.9990188569618018,218,153.56824212081295,0.00914469360339401,120,364.6021550887844,0.8983455034349408,0.9751552109606156,423.27415230407405,352.18675220909034,0.1585431142254351,0.0777582933138331,49.6992,0.443953,0.27137855002225764,0.4562560010132509,0.0,0.5823357805825558,324.80131142956964,364.6021550887844,51.0,5480.0194224307015,314.5205497986438,9322.0,20.04682684193449
220,11.0,132.4886593459975,200.8918986813422,443.11351173656686,184.99774603582028,0.6793610732677993,323.73382440201624,352.3368061019061,345.20790967954684,345.20790967954684,7.128896422359276,0.020233186822660218,52.0,52.0,34.756591796875,100.88554194424847,45.02499999999999,0.0,0.09365964670936018,5480.0194224307015,22418.5,-16938.4805775693,9469.0,9789.0,320.0,0.032689753805291655,1,0,1.5,0.8862478777589134,4.13806281744381,3.739121158249876,0.09365964670936018,2.9999970628797423,0.0,2.9999970628797423,0.0,17.99977986360294,22.875130539024326,308.4618986363991,0.9946773837417393,238,153.4701379812958,0.009430265822861175,119,357.05286991075127,0.09810493043533969,0.3534984393297544,423.27415230407405,352.18675220909034,0.16759196330799708,0.08078931881623375,49.812,0.452809,0.27749209623641885,0.5386976441660698,0.15392085211023004,0.5120664469588918,323.8061659635099,369.32721761016785,51.0,5480.0194224307015,323.3108704684312,9287.0,21.036536308078723
221,11.05,132.4020304447625,200.46388802997112,443.43938036607767,184.88538299502014,0.6299280206431364,323.8061659635099,372.7525387732845,344.2921782750348,344.2921782750348,28.460360498249713,0.07635188908950628,51.0,51.0,34.756591796875,100.98986969794117,46.25,2.999994000880992,0.0885292108897566,5884.583438091935,22399.0,-16514.416561908067,9161.0,9467.0,306.0,0.032322805535016375,1,0,1.5,0.8797909407665505,4.88611679510501,4.047965692515941,0.0885292108897566,2.999964806352652,0.0,2.999964806352652,0.0,20.999541382851223,25.442162115649467,323.3108704684312,0.9961297220638836,220,153.6641301981873,0.005130435819603582,126,357.05286991075127,0.4366894597036821,0.34469670238792205,423.27415230407405,352.18675220909034,0.1193590802929434,0.08058391199431358,49.9248,0.461676,0.27707779286037715,0.5386976441660698,0.041799994230741835,0.585498759700149,323.73382440201624,364.6021550887844,51.0,5480.0194224307015,314.51689243804003,9322.0,19.987264340351828
222,11.1,132.42249347443678,200.51956497041496,443.731548383033,184.89547607417495,0.6848301789148667,322.79885128778324,364.6021550887844,343.5656187807057,343.5656187807057,21.036536308078723,0.057697235231525465,51.0,51.0,35.150390625,101.23777381101584,45.5,2.999999958291891,0.09050801074527316,5376.542544299339,22382.5,-17005.95745570066,9491.0,9803.0,312.0,0.0318269917372233,1,0,1.4375,0.9252669039145908,5.234414517339665,3.7457557500892844,0.09050801074527316,2.999944761050162,0.0,2.999944761050162,0.0,20.999471532339346,26.148767019235493,314.4539717761594,0.9941049423437374,221,153.6562111162492,0.0019787998555165637,123,364.6021550887844,0.059318271052335635,0.2923423000156271,423.27415230407405,352.18675220909034,0.1386146470222933,0.0834440839610564,50.0376,0.47055,0.2828467293095367,0.4562560010132509,0.041799994230741835,0.4932843848320567,322.79885128778324,357.05286991075127,51.5,5619.633457982563,314.4539717761594,9255.0,19.987264340351828
223,11.15,135.49636161215045,200.90096013931247,441.86353762384937,184.9392139139794,0.6833487534002114,319.5630735419137,357.05286991075127,343.4736478394003,343.4736478394003,13.579222071350955,0.03803140435405325,51.5,51.5,34.756591796875,101.3036993834776,45.55,2.999993342516653,0.08402048235753394,5220.198766880083,22382.0,-17161.801233119917,9202.0,9540.0,338.0,0.035429769392033544,2,1,1.5,0.9048442906574394,43.95575967588721,3.915886632291074,0.08402048235753394,0.0,0.0,0.0,0.0,20.999803661306768,24.594443788903334,311.45862246054116,0.9899324709853331,231,150.5638317068331,0.006487528387739222,121,364.6021550887844,3.0974388779941555,1.8685227306769696,423.27415230407405,352.18675220909034,0.1564500974908346,0.09263175989029893,50.1504,0.47943,0.30137817398054767,0.4562560010132509,0.09786042317048593,0.4649064651106601,319.626296346032,357.05286991075127,51.5,5619.633457982563,314.4539717761594,9248.0,21.036536308078723
224,11.2,135.39021567115344,200.9090638762918,441.87701156915136,184.72734086277262,0.6698039925166013,319.626296346032,374.5776536477472,274.8743299120601,274.8743299120601,99.70332373568709,0.2661753117537761,50.5,50.5,35.150390625,101.36376216601153,45.05,2.999999447195002,0.08008954009825231,5236.143629712523,22368.5,-17132.356370287478,9248.0,9575.0,327.0,0.03415143603133159,2,1,1.4375,0.904424778761062,43.00304001449895,3.841081737508564,0.08008954009825231,0.0,0.0,0.0,0.0,20.999779504838965,24.37087203851445,329.2070021043938,0.9910002839175087,241,102.90677443406116,0.003930942259281631,127,364.6021550887844,0.10645483240873076,0.21230105282279205,423.27415230407405,352.18675220909034,0.11504718252047674,0.0924522448922993,50.2632,0.488311,0.3010160941380863,0.4562560010132509,0.0,0.46780061315349697,319.5630735419137,363.2691840517505,51.5,5480.0194224307015,314.51689243804003,9206.0,27.802608512598
225,11.25,136.39360069016382,200.89414314159666,440.3174588476972,184.5765154504468,0.6628968834292028,317.821415755728,383.45482784461524,283.3092698260208,283.3092698260208,100.14555801859444,0.2611665070994379,51.5,51.5,34.756591796875,101.36828317175579,46.599999999999994,317.2025834947623,0.07823522971938489,4628.730254666838,22334.5,-17705.769745333164,9136.0,9468.0,332.0,0.03506548373468526,2,1,1.4375,0.9237749546279492,37.040498078982964,3.91449115685089,0.07823522971938489,0.0,0.0,0.0,0.0,20.999706156172934,24.252672314027905,338.2024493744144,0.9915166900462833,227,116.74159453884357,0.0018543103788674214,130,363.2691840517505,1.0034959515106698,1.5668289619477784,423.27415230407405,352.18675220909034,0.09407454776698287,0.0975770276360648,50.3759,0.497192,0.31135272644841566,0.47081265372627246,0.09786042317048593,0.3575491642037545,317.8286181311611,363.2691840517505,51.5,5480.0194224307015,314.4539717761594,9206.0,27.802608512598
226,11.3,136.38886485990665,200.90599996260116,440.36725633053493,184.57599464830878,0.6741991659292662,317.82194856355454,350.5277720078583,341.6098994490545,341.6098994490545,8.917872558803765,0.025441272478130036,54.5,54.5,34.756591796875,102.78925650139466,46.79999999999998,0.0,0.8886494925152933,5827.5839656220505,22375.0,-16547.41603437795,9468.0,9791.0,323.0,0.032989480134817686,2,1,1.375,0.9217877094972067,33.192921683685704,4.062531106887072,0.8886494925152933,0.0,0.0,0.0,0.0,20.999634263436615,27.031547982168377,302.4965897622533,0.9827919092282464,230,149.66458274189466,0.8104142627959084,119,363.2691840517505,0.01276762673943453,0.04980020614255748,423.27415230407405,352.18675220909034,0.17186586967388406,0.09757551478010651,50.4887,0.506069,0.3113496750340316,0.47081265372627246,0.43422299680895055,0.5751527997866007,317.82194856355454,364.317994916029,51.5,5619.633457982563,320.4211748923766,9202.0,28.460360498249713
227,11.35,135.39398234496772,200.49220796777703,438.32752828093095,184.63856859987,0.6688059326294621,317.8286181311611,353.44545275204393,564.8460697812708,564.8460697812708,211.40061702922685,0.5981138401504144,53.5,53.5,34.756591796875,102.9027709774665,48.5,284.5455224927646,0.8984266231436816,5619.633457982563,8794.0,-3174.3665420174366,9043.0,9360.0,317.0,0.033867521367521365,2,1,2.25,0.9078014184397163,4.398740496991765,4.722138507397676,0.8984266231436816,2.9999099807197322,0.0,2.9999099807197322,0.0,20.999400905348246,23.90066869261915,305.5454731733568,0.9997209125405893,218,208.5837573423571,0.009777130628388253,119,363.2691840517505,1.0775040758678003,2.0406876330676487,423.27415230407405,352.18675220909034,0.1649727467928781,0.09755657719212318,50.6015,0.514939,0.31131147812040305,0.47081265372627246,0.3221021389294623,0.5374077554412016,317.821415755728,364.317994916029,51.5,5619.633457982563,320.4211748923766,9202.0,29.099517299592037
228,11.4,135.52404185491443,200.6898858294865,439.0169861215962,184.72208276245226,0.6892051203885634,317.7568705856432,363.2691840517505,335.46657553915253,335.46657553915253,27.802608512598,0.07653445360407257,52.5,52.5,34.756591796875,102.98333782606434,44.474999999999994,2.999996116686834,0.09084063681336263,5760.231139037014,22261.5,-16501.268860962984,9206.0,9521.0,315.0,0.03308476000420124,2,1,2.5,0.9074410163339383,4.9300128036294275,4.4935709984977095,0.09084063681336263,2.9999854112732267,0.0,2.9999854112732267,0.0,17.999675843915785,21.84834790418489,320.4211748923766,0.9976637527039041,216,147.33541854623232,0.807585986330319,123,363.2691840517505,0.23662631539541204,0.6944974653708765,423.27415230407405,352.18675220909034,0.14176383775311852,0.09776029736350345,50.7143,0.523799,0.3117223795402373,0.47081265372627246,0.20998128104997413,0.562927605171315,317.7568705856432,363.2691840517505,52.0,5619.633457982563,320.4211748923766,9140.0,29.099517299592037
229,11.45,136.38356103436863,200.91180298523577,439.03908686086066,184.55703099961815,0.6406076891277388,316.8249492699447,364.56220103342685,335.4626837338348,335.4626837338348,29.099517299592037,0.0798204455017647,50.0,50.0,34.756591796875,103.23694982037497,44.724999999999994,2.999990976825412,0.08228942483148936,5295.238845256814,22260.0,-16964.761154743188,9132.0,9440.0,308.0,0.032627118644067796,2,1,2.5,0.9087523277467412,4.362763141831203,4.021419146004189,0.08228942483148936,2.9999948923680373,0.0,2.9999948923680373,0.0,17.99971051302758,20.31145190977543,323.2510437182558,0.998112109555875,233,146.62048190156708,0.008551211981873266,123,363.2691840517505,0.8877051559304209,0.16652485427312155,423.27415230407405,352.18675220909034,0.13870903987652283,0.10040639722345845,50.8271,0.532646,0.3170595348259016,0.47081265372627246,0.0,0.4785269708654347,316.8249492699447,363.2691840517505,52.5,5619.633457982563,320.4211748923766,9140.0,29.099517299592037
230,11.5,136.390702639614,200.47902807048854,439.4860766849342,184.69608738181662,0.6537965373259491,315.63260605711764,352.0429895999023,332.868106607827,332.868106607827,19.17488299207531,0.05446744732473614,54.0,54.0,35.150390625,103.30413320997313,47.099999999999994,0.0,0.0937365732759171,6203.090708213918,22274.0,-16070.909291786082,9297.0,9620.0,323.0,0.03357588357588358,2,1,2.5,0.908289241622575,3.6864651126150183,4.520587361008537,0.0937365732759171,2.9999398504666175,0.0,2.9999398504666175,0.0,20.999403643497082,28.567340203938727,299.47630590199987,0.9870243213331231,269,146.7173766238273,0.011447148444427735,119,363.2691840517505,0.4328338357383245,0.4681202625986165,423.27415230407405,352.18675220909034,0.16828611507796565,0.10379193971007405,50.9398,0.541477,0.32388813802819666,0.47081265372627246,0.37816256786920643,0.6433109342004792,315.63260605711764,363.2691840517505,52.5,5619.633457982563,320.35042578088115,9136.0,29.099517299592037
231,11.55,136.40289595005154,200.3176438590778,438.8495715672246,184.64319561014537,0.6593939584859201,314.83680389498625,364.317994916029,333.70571105883664,333.70571105883664,30.61228385719238,0.08402627453043639,52.0,52.0,35.150390625,103.37311689154402,45.0,2.999977080465122,0.09057744691791339,6074.49670114254,22244.0,-16169.50329885746,8971.0,9291.0,320.0,0.03444193305349263,2,1,2.5,0.9276672694394213,3.9340486080851433,4.560744213439843,0.09057744691791339,2.999866609663435,0.0,2.999866609663435,0.0,17.999232265541863,22.769449519614284,320.54944652120946,0.995140644521781,225,146.77561256469207,0.0031591263580037082,123,363.2691840517505,0.16184418590759062,0.6386989152809188,423.27415230407405,352.18675220909034,0.13928598537642756,0.1060515424837154,51.0526,0.55029,0.32844573279978867,0.47081265372627246,0.15392085211023004,0.6199698683163001,314.83680389498625,363.2691840517505,53.5,5619.633457982563,314.3263590185253,9140.0,29.099517299592037
232,11.6,138.3940458270021,200.8978152636213,437.0451918858585,184.59228224974473,0.6454871653793249,312.820726530187,369.3516027258469,334.1523156419838,334.1523156419838,35.199287083863055,0.09530021481994193,51.0,51.0,35.150390625,104.172434742377,46.19999999999999,2.999999638019645,0.08122258501789852,5837.160804464381,22276.5,-16439.33919553562,9127.0,9451.0,324.0,0.03428208655168765,2,1,2.4,0.9257884972170687,3.8236091666330356,3.7433886783533223,0.08122258501789852,0.0,0.0,0.0,0.0,20.999735561284066,22.013124990592246,326.33874217397056,0.9972563015245385,262,144.73640018415568,0.009354861900014874,125,364.317994916029,2.073951950053364,1.8050978380115612,423.27415230407405,352.18675220909034,0.1273939107424873,0.11177599791014303,51.1654,0.559081,0.33999189853566025,0.4593591599227473,0.041799994230741835,0.5768910893964495,312.820726530187,363.2691840517505,53.5,5295.238845256814,314.3263590185253,9132.0,30.61228385719238
233,11.65,139.38352399734842,200.94648790439285,438.5112729715096,184.42267838652083,0.6838266628476419,311.84096743416626,358.5044965119299,332.3290766597221,332.3290766597221,26.175419852207824,0.07301280766875064,53.5,53.5,35.150390625,104.83436583729691,45.72499999999999,290.31902553676014,0.8934854667227229,4858.96787337268,22206.0,-17347.03212662732,9140.0,9464.0,324.0,0.03423499577345731,2,1,1.375,0.9257142857142857,15.692742968636782,4.124629728524851,0.8934854667227229,0.0,0.0,0.0,0.0,20.999596084116458,26.1859413646564,311.3189590631571,0.9855333884762939,240,143.75972292929495,0.8122628817048244,121,364.317994916029,0.9906745558212334,1.4758588076521035,423.27415230407405,352.18675220909034,0.15302057883660836,0.11455792849065238,51.2782,0.567847,0.34560302294060585,0.4593591599227473,0.3221021389294623,0.3993395364739538,311.84096743416626,363.2691840517505,52.5,5295.238845256814,314.3263590185253,9140.0,30.61228385719238
234,11.7,140.37623660589222,200.93017758367614,436.06374092404184,184.5287131985267,0.678262095360266,309.84298994353617,351.839272461887,331.91655072854854,331.91655072854854,19.92272173333845,0.05662449673095143,54.5,54.5,35.150390625,104.90543677707792,47.02499999999999,284.27985521529376,0.8932471889103483,4940.0777484756945,22166.0,-17225.922251524305,9200.0,9538.0,338.0,0.03543719857412456,2,1,1.4,0.9257884972170687,17.313846644335527,4.009800041371825,0.8932471889103483,0.0,0.0,0.0,0.0,20.999634282238013,25.55993392859733,305.27970425105167,0.987038684981213,226,142.79480561439783,0.00023827781237462098,119,364.317994916029,0.9928465892189554,2.4498278520620134,423.27415230407405,352.18675220909034,0.1687674039469088,0.12023099108627189,51.391,0.576586,0.3570455298831175,0.4593591599227473,0.43422299680895055,0.41406176950605894,310.8469984692794,359.7343699864776,53.5,5295.238845256814,311.3189590631571,9140.0,30.61228385719238
235,11.75,139.38641250351236,200.96593758075088,438.32340865178173,184.58120690962377,0.6910994096449131,310.8409371054552,365.9613270294467,329.6869277498699,329.6869277498699,36.27439927957681,0.09912085403673823,51.5,51.5,33.98748779296875,104.97081251827242,44.25,2.999986082497635,0.0819746128524475,4967.2568483019,22215.5,-17248.2431516981,8912.0,9229.0,317.0,0.034348250081265574,2,1,3.25,0.9257142857142857,2.7396805699258753,4.254243898342093,0.0819746128524475,2.9999870192214924,0.0,2.9999870192214924,0.0,17.999612612014676,24.61130161732939,320.35042578088115,0.990130918981495,233,143.36189087325306,0.8112725760579007,124,359.7343699864776,0.9904698536769673,2.260277378883823,423.27415230407405,352.18675220909034,0.13540355573957807,0.11739741726312425,51.5038,0.585295,0.3513302416068129,0.5094144382539992,0.09786042317048593,0.41899504108040236,310.8409371054552,358.5044965119299,53.5,5251.4320734899775,308.3154505471994,9142.0,30.61228385719238
236,11.8,139.3950902215719,200.5392191744953,437.8774237160546,184.53046035695147,0.6795847964817453,310.8469984692794,364.94792263060685,331.5991116227604,331.5991116227604,33.34881100784645,0.09137964334051427,53.5,53.5,33.98748779296875,105.02800405213642,46.074999999999996,296.3263882416816,0.8941702786212556,4666.484684539927,22135.5,-17469.015315460074,9157.0,9467.0,310.0,0.032745325868807434,2,1,3.25,0.9005736137667304,1.4384188123304522,4.8744288332250845,0.8941702786212556,2.9999134270857275,0.0,2.9999134270857275,0.0,20.999292378751374,26.62235780624445,314.3263590185253,0.9928122566598017,242,143.4051204888345,0.8121956657688081,123,358.5044965119299,0.42680663189321505,0.44886275798252273,423.27415230407405,352.18675220909034,0.1377977591023949,0.11738020661057647,51.6165,0.593969,0.35129552790359825,0.5228452184829419,0.3221021389294623,0.36440196127538044,309.8525821606463,358.5044965119299,52.5,5251.4320734899775,308.3154505471994,9140.0,33.34881100784645
237,11.85,139.4013903125614,200.516822022728,434.9790527930491,184.51105873302643,0.6815364058414665,309.8525821606463,359.7343699864776,551.2296009899758,551.2296009899758,191.4952310034982,0.5323239784141184,54.5,54.5,34.756591796875,105.30270813798657,47.574999999999996,0.0,0.8987602839171388,5251.4320734899775,10125.5,-4874.0679265100225,9044.0,9361.0,317.0,0.03386390342912082,2,1,3.25,0.8860759493670886,1.7543437238102442,5.334320034409373,0.8987602839171388,2.9999379267734403,0.0,2.9999379267734403,0.0,20.999350234194306,27.41963127831042,308.3154505471994,0.99049203133559,210,133.38112318541909,0.004590005295883159,122,351.839272461887,0.023266360990978,2.8984358592755726,423.27415230407405,352.18675220909034,0.1501149597057143,0.12020375491952229,51.7293,0.602607,0.35699059482434353,0.5956325102209906,0.43422299680895055,0.4705756147387424,309.84298994353617,351.839272461887,53.5,5251.4320734899775,305.27970425105167,9142.0,33.34881100784645
238,11.9,139.8296755331658,200.57195885733896,435.53173401535753,184.44444316412293,0.6845410528852376,309.44665535870956,339.3186194491659,519.9831280105691,519.9831280105691,180.66450856140318,0.5324332300263557,52.5,52.5,33.98748779296875,105.63182355360033,45.499999999999986,272.5618859231898,0.8916724573661595,5829.51636982792,10788.5,-4958.98363017208,9430.0,9743.0,313.0,0.03212562865647131,2,1,3.5,0.8831168831168831,2.987457107885712,4.86621559055415,0.8916724573661595,2.999906186831782,0.0,2.999906186831782,0.0,17.99932054125396,21.757755069478605,296.5616376516016,0.9977645543217634,252,132.9837770757216,0.0070878265509792815,115,345.14092661175414,0.43181975489674135,0.5566813877907798,423.27415230407405,352.18675220909034,0.1983478849296607,0.12135634455950894,51.8421,0.611206,0.3593153558745033,0.6687815071482325,0.20998128104997413,0.5755035499880392,309.44665535870956,351.839272461887,53.5,5251.4320734899775,305.27970425105167,9142.0,27.372245480948322
239,11.95,140.41604107398916,200.54097808967774,435.8393804124665,184.37435901187936,0.6579808837254209,307.9083446271755,339.84880293349534,328.42783015200314,328.42783015200314,11.420972781492196,0.03360604093028733,53.5,53.5,33.98748779296875,106.23076251966503,47.34999999999999,272.5345820707516,0.8902011396595043,6003.15111291291,22149.5,-16146.34888708709,9142.0,9457.0,315.0,0.033308660251665435,2,1,3.5,0.8940520446096655,1.9412580326129953,3.8951138287618607,0.8902011396595043,2.9999278634129074,0.0,2.9999278634129074,0.0,20.999339640268907,25.315039304006007,290.5344961258075,0.9961283612330932,236,142.92410918514108,0.0014713177066552063,115,344.6345124734917,0.5871834086807457,0.31552827773405595,423.27415230407405,352.18675220909034,0.19709530789077612,0.125724228137994,51.9549,0.619762,0.3681253306153937,0.6743117809012568,0.3221021389294623,0.6070199485390204,307.9083446271755,345.14092661175414,53.0,5262.291028017374,302.3653858311502,9142.0,27.372245480948322
240,12.0,143.37219642177723,200.94820219368938,434.0936377372609,184.4205651825099,0.6574108370107792,304.9309453287101,340.1801725572593,333.95353392155107,333.95353392155107,6.226638635708241,0.01830394343356437,51.0,51.0,33.98748779296875,106.81508872225092,45.224999999999994,2.9999965887440254,0.0793685907263811,4978.718103863769,22086.0,-17107.28189613623,9282.0,9616.0,334.0,0.03473377703826955,2,1,1.7,0.8937381404174574,12.933571717956186,4.190438342313524,0.0793685907263811,0.0,0.0,0.0,0.0,17.999660507450574,22.682893424090594,299.49761862571813,0.9862330808952373,242,144.40317349240686,0.8108325489331232,115,344.6345124734917,2.984072035180131,1.7463540586714545,423.27415230407405,352.18675220909034,0.1963124355562379,0.1341782636171529,52.0677,0.628273,0.3851770302982443,0.6743117809012568,0.041799994230741835,0.42107537069511375,304.9309453287101,344.6345124734917,53.0,5432.820620197695,299.49761862571813,9142.0,33.34881100784645
241,12.05,142.3773527387862,200.96372136955546,433.8806398852228,184.4242057091617,0.6525839519264758,304.8577625900736,345.14092661175414,294.66501020717766,294.66501020717766,50.47591640457648,0.14624726455972106,52.5,52.5,34.76275634765625,106.82690659684599,45.624999999999986,2.9999851717117387,0.08691977907988438,5432.820620197695,22085.5,-16652.679379802306,9098.0,9430.0,332.0,0.0352067868504772,2,1,3.2,0.9052044609665427,3.0079066213051937,4.086686791008435,0.08691977907988438,0.0,0.0,0.0,0.0,20.999590355652924,21.77595042495102,302.3653858311502,0.9977505998001465,246,116.03094163572824,0.0075511883535032825,117,340.2057758281432,0.9949647221920743,0.21302896142811376,423.27415230407405,352.18675220909034,0.1845924804692306,0.13438605887968758,52.1805,0.636735,0.3855961511336127,0.7226756084058842,0.20998128104997413,0.5034994042353265,304.8577625900736,340.2057758281432,53.5,5538.369990787303,299.4115687828934,9154.0,33.34881100784645
242,12.1,142.48452151246894,200.98119977961676,433.8643423133165,184.39940735363282,0.6633260435485405,304.79116463754576,344.6345124734917,332.06430616390475,332.06430616390475,12.570206309586979,0.03647402060626137,53.5,53.5,34.3751220703125,106.95986935273876,48.04999999999998,278.41165071711794,0.8948937470863411,5640.803857155455,22104.5,-16463.696142844543,9378.0,9708.0,330.0,0.033992583436341164,2,1,3.4,0.905123339658444,3.069505359757696,4.1484289244369865,0.8948937470863411,2.999992362134155,0.0,2.999992362134155,0.0,17.99963667855157,24.223314649912595,299.4115687828934,0.99064607434093,265,145.27114453606447,0.8079739680064567,117,340.2057758281432,0.10858471748334243,0.029674387727089097,423.27415230407405,352.18675220909034,0.18578890159607175,0.13457515728304914,52.2932,0.645146,0.3859775606028037,0.7226756084058842,0.3221021389294623,0.5412503892710546,304.79116463754576,340.2057758281432,53.0,5538.369990787303,296.5616376516016,9154.0,27.372245480948322
243,12.15,143.3794376059687,200.964067259395,434.8159769878699,184.38646783015756,0.6659898695980171,303.8579710916067,353.8367445214969,326.46449904054856,326.46449904054856,27.372245480948322,0.07735840300578324,53.0,53.0,34.76275634765625,106.96382570421929,45.875,0.0,0.0847835230124259,5262.291028017374,22039.0,-16776.708971982625,8954.0,9279.0,325.0,0.03502532600495743,2,1,3.4,0.9009708737864077,3.725510695941543,3.8874635610416153,0.0847835230124259,0.0,0.0,0.0,0.0,20.99961266864535,24.232077588019422,308.6050542648321,0.9908645301274591,215,140.6701674866282,0.8101102240739152,120,340.2057758281432,0.8950800733196967,0.9517226408361043,423.27415230407405,352.18675220909034,0.16404830629179157,0.13722486951692958,52.406,0.653503,0.3913220020082708,0.7226756084058842,0.2660417099897182,0.4725466208441558,303.8579710916067,340.1801725572593,53.0,5538.369990787303,296.38972228777186,9194.0,15.825808932355358
244,12.2,143.3744943329618,200.97460602116757,434.05320195818166,183.61437008587026,0.6507368763507075,302.6608776779191,340.2057758281432,324.37996689578785,324.37996689578785,15.825808932355358,0.04651834288771702,53.0,53.0,34.756591796875,107.09199032738775,45.75,0.0,0.08818040876229695,5538.369990787303,22010.5,-16472.1300092127,8996.0,9355.0,359.0,0.03837520042757883,2,1,1.5454545454545454,0.9100917431192661,13.29678805506659,4.136407689699599,0.08818040876229695,2.9999856444508946,0.0,2.9999856444508946,0.0,17.999592388551065,25.80590265557646,293.4002951395648,0.9858723015184715,235,140.67394549283594,0.0033968857498710564,115,340.80127015839645,0.011640508911547017,1.0853389667055096,423.27415230407405,352.18675220909034,0.1962519469326247,0.14062389973649025,52.5188,0.661803,0.398177809824522,0.7161725382586447,0.2660417099897182,0.522657643947059,302.6608776779191,340.2057758281432,53.0,5538.369990787303,296.3760271317351,9194.0,13.349102473709593
245,12.25,143.37918983901568,200.55135327021654,430.14753046016165,184.50805362782685,0.6744190164224692,301.8730631592399,336.85400335320975,520.0048931824745,520.0048931824745,183.1508898292647,0.5437099990087428,53.5,53.5,33.599853515625,107.58112253956304,47.04999999999999,272.4182072394668,0.8977700450991911,5649.498217957336,10358.5,-4709.001782042664,9154.0,9512.0,358.0,0.03763666947014298,2,1,1.5454545454545454,0.9084249084249084,14.590331513996018,4.066066566878487,0.8977700450991911,0.0,0.0,0.0,0.0,20.999248174223236,22.43662372577097,293.41813145321555,0.9957329420543043,213,129.12788090807618,0.8095896363368942,114,340.2057758281432,0.42327879578916056,4.006612050549687,423.27415230407405,352.18675220909034,0.20417062672133435,0.1428608223740898,52.6316,0.670042,0.4026896590028403,0.7226756084058842,0.3221021389294623,0.5428285005137106,301.8730631592399,340.2057758281432,53.0,5525.540187910513,296.3760271317351,9202.0,13.349102473709593
246,12.3,143.5205252869258,200.76954107243617,430.71039835439535,184.41045674953108,0.6800541803601592,301.80104493136116,338.0773682208769,512.091416534748,512.091416534748,174.01404831387106,0.5147166437955174,54.5,54.5,33.98748779296875,108.15602823031989,47.75,272.5511011948141,0.8949148257797302,5969.104818234707,10815.0,-4845.895181765293,9395.0,9753.0,358.0,0.036706654362760174,2,1,1.6363636363636365,0.9054820415879017,15.382783394677919,3.9451712556099294,0.8949148257797302,2.999955845809363,0.0,2.999955845809363,0.0,17.999435220401647,23.52692020492765,293.55105694973827,0.9925238144392282,226,129.08439788906077,0.0028552193194608666,114,340.2057758281432,0.2599646627397349,0.571266502616918,423.27415230407405,352.18675220909034,0.20128038440200569,0.14306531112168464,52.7444,0.678218,0.4031021106327283,0.7226756084058842,0.43422299680895055,0.6008402141540811,301.80104493136116,340.2057758281432,53.0,5525.540187910513,293.55105694973827,9194.0,13.443430136385132
247,12.35,144.381135128019,200.56029259508853,430.71366162947044,184.4081363660226,0.6509870924623435,300.6612328127754,340.80127015839645,331.4821024012662,331.4821024012662,9.31916775713023,0.02734487389908758,53.0,53.0,33.599853515625,108.71636581351697,45.75,2.999993348527841,0.0880250340736267,5525.540187910513,21897.0,-16371.459812089488,9202.0,9563.0,361.0,0.03774966014848897,2,1,1.6363636363636365,0.9078947368421053,14.245267667737155,4.144524940898521,0.0880250340736267,0.0,0.0,0.0,0.0,20.99912510334521,23.412422767279395,296.38972228777186,0.9929187539036678,250,142.7246815434094,0.8068897917061035,115,338.0773682208769,0.8856829138347331,0.004004140836943285,423.27415230407405,352.18675220909034,0.19484507073427504,0.14630169667973392,52.8571,0.686328,0.40962986589585876,0.7459187918734492,0.2660417099897182,0.5203289096533841,300.6612328127754,340.2057758281432,53.0,5538.369990787303,293.55105694973827,9194.0,13.443430136385132
248,12.4,144.38324397299328,200.55542103863854,431.2603260514296,184.3995652387697,0.6767215906987079,299.88137343821404,333.4193877744057,329.31979446402073,329.31979446402073,4.099593310384989,0.012295605656737657,52.5,52.5,33.55657958984375,108.78139789644334,46.84999999999999,272.51475974098827,0.898310123422744,4934.641103342176,21949.5,-17014.858896657825,9194.0,9560.0,366.0,0.03828451882845188,2,1,1.6363636363636365,0.8836363636363637,14.40195129056141,4.267922798041372,0.898310123422744,2.9999139912011055,0.0,2.9999139912011055,0.0,17.99936477289859,21.905399453066764,290.51470955723926,0.9972823395333562,253,142.80042422628338,0.8102850893491172,113,336.85400335320975,0.005308416842238627,0.5467316109924031,423.27415230407405,352.18675220909034,0.21228502624256151,0.14851603145998815,52.9699,0.694369,0.414096155606053,0.759278495141698,0.20998128104997413,0.4130749654151038,299.88137343821404,340.2057758281432,53.0,5525.540187910513,293.55105694973827,9154.0,15.825808932355358
249,12.45,145.38493878562824,200.98875673316013,431.7707746802963,183.63978574881338,0.6402022412217314,298.66642048082144,341.1776094227332,327.8285069490236,327.8285069490236,13.349102473709593,0.03912654906134096,53.0,53.0,34.756591796875,108.78838547770349,46.8,2.9999999890384608,0.08792933512704755,5593.9680868563555,21992.0,-16398.031913143644,9284.0,9657.0,373.0,0.038624831728280004,2,1,1.8181818181818181,0.9078947368421053,12.84768623682103,4.156729905201672,0.08792933512704755,2.999991595733544,0.0,2.999991595733544,0.0,17.999564765855187,23.80202592940941,296.3760271317351,0.9917858924782245,259,141.76790719691246,0.8103807882956964,115,338.0773682208769,1.0914084120100405,0.9153265406783366,423.27415230407405,352.18675220909034,0.19395595604988392,0.1519657721153984,53.0827,0.702338,0.42105424583228757,0.7459187918734492,0.2660417099897182,0.532749240382516,298.66642048082144,339.23868750026065,53.0,5525.540187910513,293.47736715405676,9194.0,13.443430136385132
250,12.5,145.44494386198062,200.8054911113377,431.31335008665314,183.63668093048,0.6625084834736309,298.6633439047811,326.2477883775853,329.61691800760946,329.61691800760946,3.3691296300241333,0.01032690412026593,52.5,52.5,34.3751220703125,108.85027946571502,49.0,263.49119208511627,0.8903980188156884,5517.440050213621,21999.0,-16481.55994978638,9318.0,9698.0,380.0,0.03918333677046814,2,1,1.8181818181818181,0.8814814814814815,6.21457746407863,4.295750888414568,0.8903980188156884,0.0,0.0,0.0,0.0,20.999238161942827,23.757472844857148,281.4910773707853,0.9915455835068465,248,142.57356720792168,0.8024686836886408,110,340.80127015839645,0.19283904513874234,0.45743513066499464,423.27415230407405,352.18675220909034,0.2292281808334623,0.151974507753582,53.1955,0.710232,0.42107186552163156,0.7161725382586447,0.20998128104997413,0.518858655697077,298.6633439047811,338.0773682208769,53.0,5517.440050213621,293.47736715405676,9194.0,13.443430136385132
251,12.55,146.36855778699953,201.0658009598363,428.9011408286068,184.19684597846322,0.6917904846249205,297.66463457231987,334.97176180199364,321.5283316656085,321.5283316656085,13.443430136385132,0.040133025136404564,53.5,53.5,35.150390625,108.92057527479858,48.875,275.4778182694114,0.08955815453782216,4872.318943999589,21910.5,-17038.181056000412,8994.0,9373.0,379.0,0.04043529286247733,2,1,1.8181818181818181,0.8830188679245283,11.840805121432401,4.190674014143564,0.08955815453782216,2.9999838233437734,0.0,2.9999838233437734,0.0,17.999487825935855,20.494922998657216,293.47736715405676,0.9984937576591287,245,137.10210231912504,0.8008398642778662,113,339.23868750026065,0.9595956959648251,2.476396249711775,423.27415230407405,352.18675220909034,0.20861748826714377,0.15481024568579216,53.3083,0.718048,0.42679151878290755,0.7332366547757502,0.3221021389294623,0.40176288594586224,297.66463457231987,338.6389482801351,53.0,5517.440050213621,293.55105694973827,9194.0,13.443430136385132
252,12.6,146.56659811370758,201.00773177969185,429.8931643997842,184.2968642938927,0.6550843517534537,296.5976909148173,377.2147207598374,283.7919725892953,283.7919725892953,93.42274817054209,0.24766464039992192,54.5,54.5,31.9627685546875,109.29317645105841,48.02499999999999,311.1911967875267,0.9044995235460099,6706.945330979388,21923.5,-15216.554669020612,9015.0,9410.0,395.0,0.04197662061636557,2,1,1.9090909090909092,0.8854545454545455,5.522973022666028,4.133898930110732,0.9044995235460099,2.9999812216989072,0.0,2.9999812216989072,0.0,17.999419443165966,24.02425524170252,332.19106485327,0.9919810802432509,212,110.32465693529751,0.8149413690081878,128,339.23868750026065,0.20637829509248765,0.9970528718141972,423.27415230407405,352.18675220909034,0.10881701916716191,0.1578397283418267,53.4211,0.725783,0.43290195309235113,0.7332366547757502,0.43422299680895055,0.7347654600672183,296.5976909148173,338.6389482801351,53.0,5374.885152643356,293.47736715405676,9027.0,13.349102473709593
253,12.65,146.51840897862738,200.7987066424313,429.8287586561998,184.30960165733623,0.67021896797992,295.81919215037107,346.2109175801475,558.0592883432098,558.0592883432098,211.8483707630623,0.611905517722501,53.0,53.0,35.19366455078125,109.36725557467861,45.875,2.9999887409062715,0.08665031965030592,5374.885152643356,8649.0,-3274.1148473566436,8853.0,9245.0,392.0,0.042401297998918334,2,1,1.9090909090909092,0.889090909090909,12.133124246988428,4.054415900093991,0.08665031965030592,0.0,0.0,0.0,0.0,20.99934486442284,22.889073748370095,302.3224989673546,0.9945416831532767,225,162.26625824461627,0.817849203895704,117,338.6389482801351,0.21450804354747585,0.06565318144731633,423.27415230407405,352.18675220909034,0.18206458935523528,0.16005019980210478,53.5338,0.733434,0.43736045052722633,0.7397860810597396,0.2660417099897182,0.49298355208938693,296.3581717783055,334.97176180199364,53.0,5374.885152643356,290.51470955723926,9027.0,13.349102473709593
254,12.7,146.54343492289468,200.5611160918708,429.26282612047913,184.32992856963557,0.6867609662635321,295.8189195677953,339.23868750026065,327.25455316132434,327.25455316132434,11.984134338936315,0.03532655555073478,55.5,55.5,31.5751953125,109.59581295015835,46.74999999999999,272.4862673940595,0.8916589503709856,4693.269179214168,21848.0,-17154.730820785833,9284.0,9667.0,383.0,0.03961932347160443,2,1,1.9090909090909092,0.8888888888888888,12.714577151855854,4.342689053438263,0.8916589503709856,2.999897455178678,0.0,2.999897455178678,0.0,20.999067404740646,24.753512239265717,290.4862104010756,0.9977757625909167,264,140.24520171265155,0.8050086307206797,115,338.6389482801351,0.23890493423561557,0.5662974645456609,423.27415230407405,352.18675220909034,0.19853672695667823,0.16005097377379462,53.6466,0.740998,0.4373620116198963,0.7397860810597396,0.5463438546884387,0.3692636081678276,295.81919215037107,334.97176180199364,53.0,5517.440050213621,290.4862104010756,9015.0,13.443430136385132
255,12.75,146.77324646634807,200.62171692397223,429.1956149764902,183.96531431928966,0.6876579539553402,296.3581717783055,320.9035337220783,535.5315515979337,535.5315515979337,214.6280178758554,0.6688241023289452,52.0,52.0,31.9627685546875,110.0609628027846,47.15,2.999983588819269,0.0934826742313198,5280.90557142029,8869.0,-3588.0944285797104,9027.0,9381.0,354.0,0.03773584905660377,2,1,1.9090909090909092,0.8838582677165354,13.05968517702927,4.272942764146736,0.0934826742313198,2.9998992537735347,0.0,2.9998992537735347,0.0,17.999096248365785,21.171646587232544,278.7328916327064,0.9994619844690064,244,145.33221791473017,0.7981762761396658,109,338.6389482801351,0.23766742804982446,0.3707571839244759,423.27415230407405,352.18675220909034,0.2418541695134131,0.15851981961445238,53.7594,0.748473,0.4342736899588841,0.7397860810597396,0.15392085211023004,0.47592534193595754,295.8189195677953,334.100117096461,53.5,5517.440050213621,290.4554292585689,8995.0,13.443430136385132
256,12.8,146.7990287527045,200.63742854049534,429.67516386525267,184.34019840626982,0.6613757342101224,295.29133466927226,338.6389482801351,558.0318088319174,558.0318088319174,219.3928605517823,0.6478665896702825,52.0,52.0,32.756591796875,110.06391184381535,46.7,2.999987196694846,0.08858640121635888,6248.7305686623495,8787.0,-2538.2694313376505,8995.0,9349.0,354.0,0.037865012300780834,2,0,1.6363636363636365,0.8916349809885932,17.4089186799271,4.127303252263549,0.08858640121635888,2.999874066347471,0.0,2.999874066347471,0.0,17.998970281767708,24.03479288211338,293.6053110499065,0.991034851279166,245,162.0937734066219,0.004896273014960914,115,334.100117096461,0.030192402745283998,0.608691395851995,423.27415230407405,352.18675220909034,0.1999536318559283,0.16154899973647996,53.8722,0.755854,0.4403835140604521,0.7893521912212892,0.15392085211023004,0.6515950137927752,295.29133466927226,334.100117096461,54.0,5932.074238539341,290.4554292585689,8994.0,17.560493403810597
257,12.85,148.4407793408519,200.92453768373585,427.3874688091533,184.2701926805331,0.6607677199687574,293.67402278030875,334.100117096461,321.85776601980746,321.85776601980746,12.242351076653563,0.036642762005135616,54.0,54.0,31.9627685546875,110.68435906332215,49.34999999999999,269.33040224142013,0.08979087287642315,5338.777264880198,21836.0,-16497.2227351198,8978.0,9336.0,358.0,0.03834618680377035,2,0,1.8181818181818181,0.8886756238003839,12.817091108938005,4.152281168614365,0.08979087287642315,0.0,0.0,0.0,0.0,20.999176509422423,22.77064926054237,290.33029132649625,0.9946977787182023,251,137.94566138201805,0.0012044716600642658,113,331.7848957517838,1.6666663294776927,2.28876592759886,423.27415230407405,352.18675220909034,0.21067677939273666,0.16614119941128014,53.985,0.76314,0.44964593198280595,0.8146354660501518,0.37816256786920643,0.4864296184620554,293.67402278030875,331.7848957517838,54.5,5932.074238539341,290.33029132649625,8995.0,93.42274817054209
258,12.9,147.79669333089564,200.69121323362427,426.5091854851216,184.30556699917463,0.6708394545103801,293.3790314147159,311.1573099999537,299.35739047228407,299.35739047228407,11.799919527669658,0.037922681384767766,56.5,56.5,34.3751220703125,110.76761659632834,49.87499999999999,245.62474246543962,0.8858019440030801,5937.5423237476125,21867.0,-15929.457676252387,9269.0,9627.0,358.0,0.0371870780097642,2,0,1.6363636363636365,0.9099616858237548,16.827205968470718,4.207223197999287,0.8858019440030801,2.9998806082511362,0.0,2.9998806082511362,0.0,20.999147213373572,23.533573880912797,263.6247082974162,0.9985041201805223,260,138.6460511217497,0.7960110711266569,105,331.58846669652456,0.685045317655146,0.8789954150571815,423.27415230407405,352.18675220909034,0.26487996418826254,0.16697879867855114,54.0977,0.770327,0.4513353608000009,0.8167805610752605,0.6584647125679269,0.5951113137171938,293.3790314147159,331.7848957517838,54.0,5748.89092904495,290.33029132649625,8995.0,177.57892617052352
259,12.95,149.34819672983713,201.22671186228112,428.5600384105956,184.1567087875286,0.6471631680411267,291.75234932212913,331.7848957517838,314.2244023479732,314.2244023479732,17.560493403810597,0.05292734427834841,52.0,52.0,35.150390625,110.74400494117427,45.69999999999999,0.0,0.08137593600203781,6119.627694203912,21793.5,-15673.872305796089,8979.0,9337.0,358.0,0.03834207989718325,2,0,1.7272727272727273,0.9080234833659491,12.471691520479236,4.356849416875991,0.08137593600203781,2.9999730462713505,0.0,2.9999730462713505,0.0,14.99946787504814,23.330025571895362,290.4554292585689,0.9839336126543753,234,133.35009176020765,0.8044260080010422,112,331.58846669652456,1.6413170255073735,2.056248158442908,423.27415230407405,352.18675220909034,0.2161465708554906,0.17159760413441616,54.2105,0.777412,0.46065144229990473,0.8167805610752605,0.15392085211023004,0.6281615835171431,291.75234932212913,331.58846669652456,54.5,5748.89092904495,284.5082790676944,9027.0,17.560493403810597
260,13.0,150.40825864155548,201.3452234582883,429.11128699847524,182.09428613486838,0.6470725305335334,290.755791399865,331.58846669652456,322.5996674514496,322.5996674514496,8.988799245074972,0.027108298833872516,55.5,55.5,31.57513427734375,110.8234059169217,48.199999999999974,0.0,0.8848308304647946,6403.95206390251,21764.5,-15360.54793609749,8974.0,9334.0,360.0,0.0385686736661667,2,0,1.9090909090909092,0.9193548387096774,14.449383836840937,4.338010512235904,0.8848308304647946,0.0,0.0,0.0,0.0,20.99936771668204,26.188788936303865,284.40031004353864,0.9843498138782635,235,136.68844213596432,0.8034548944627568,112,331.58846669652456,1.0666659528944065,2.1348213517400674,423.27415230407405,352.18675220909034,0.21661064137382957,0.17442723334679633,54.3233,0.784393,0.46635877433822814,0.8167805610752605,0.5463438546884387,0.6797692283580803,291.6767131012693,331.58846669652456,54.0,5932.074238539341,284.5082790676944,8995.0,71.59074165039198
261,13.05,148.80177948211056,200.6956081193774,427.73285946433265,183.6990341618971,0.6531687315816272,291.6767131012693,330.0839779521596,533.7636377935196,533.7636377935196,203.67965984135998,0.6170540633477221,54.5,54.5,35.150390625,110.8262433536465,51.275,263.5085467930549,0.8891906891641188,5932.074238539341,8930.0,-2997.9257614606586,8919.0,9259.0,340.0,0.036721028188789286,2,0,1.6363636363636365,0.903420523138833,16.8117400167335,4.263237574168303,0.8891906891641188,2.9998808365957803,0.0,2.9998808365957803,0.0,17.999194160668438,24.576623887201038,284.5082790676944,0.9891617008734204,229,143.14059701630669,0.004359858699324204,112,330.0839779521596,1.7328518050540775,2.1154854518844934,423.27415230407405,352.18675220909034,0.2201650486915817,0.17181236582089476,54.4361,0.791266,0.46108461433830505,0.8332102655128776,0.43422299680895055,0.594118802946177,290.755791399865,331.58846669652456,54.5,5932.074238539341,284.5082790676944,8995.0,36.01204315305091
262,13.1,150.39507607761857,201.06885545072515,425.7602855050309,183.75217024480108,0.6577424036883497,289.75707165946824,325.987463487977,503.5663896585005,503.5663896585005,177.57892617052352,0.5447415807665651,55.5,55.5,35.150390625,111.20736039127293,50.97499999999999,263.2824608419793,0.8904687688295863,4567.430062954394,10676.0,-6108.569937045606,9224.0,9583.0,359.0,0.03746217259730773,2,0,1.7272727272727273,0.8925143953934741,13.230113221422549,4.266209116803568,0.8904687688295863,2.999933936230794,0.0,2.999933936230794,0.0,17.99926934584417,23.705823671483586,281.2824365344184,0.9916971641778842,254,143.81091329220973,0.0012780796654674464,110,331.58846669652456,1.6364313647738573,1.973289504411818,423.27415230407405,352.18675220909034,0.2298432074968937,0.1772630008313263,54.5489,0.798029,0.4720784872062193,0.8167805610752605,0.5463438546884387,0.34642258182205177,290.30546251329304,330.0839779521596,55.5,5748.89092904495,284.40031004353864,9042.0,17.560493403810597
263,13.15,149.33197368738468,200.267343558138,425.0339352492195,183.98463674291995,0.6533684322425071,289.7557135698646,335.81044026411575,530.314423001345,530.314423001345,194.5039827372292,0.5792076702089766,54.0,54.0,34.3751220703125,111.2060347944248,46.75,2.999999674842087,0.08933143410403108,5748.89092904495,8912.5,-3163.60907095505,9053.0,9407.0,354.0,0.03763155097267992,2,0,1.7,0.9137931034482759,16.541482762803298,4.288102737063737,0.08933143410403108,2.9997662384761252,0.0,2.9997662384761252,0.0,17.998695859833667,21.29991006641046,293.5120680993955,0.9991023269917887,255,157.5838557366587,0.8011373347255552,114,330.0839779521596,1.331393257486173,0.7626436696550433,423.27415230407405,352.18675220909034,0.20663608104547249,0.17726685699455536,54.6617,0.804677,0.47208626504645573,0.8332102655128776,0.37816256786920643,0.5608692465075379,289.75707165946824,329.1341072485824,55.5,5748.89092904495,281.57968599324056,9053.0,17.560493403810597
264,13.2,149.82959278288683,200.74190576838026,425.07959078792345,183.8133662351486,0.6662302243008822,289.3698713665857,329.1341072485824,313.1458841204382,313.1458841204382,15.98822312814417,0.048576622039565406,56.5,56.5,35.150390625,111.28606096413642,52.224999999999994,263.57978200367916,0.8919733039979764,5559.118023832208,21787.5,-16228.381976167791,9103.0,9454.0,351.0,0.03712714195049714,2,0,1.5,0.9158512720156555,17.582208330025033,4.147946611675627,0.8919733039979764,2.999902027204658,0.0,2.999902027204658,0.0,20.99915947503769,23.55535975309948,281.57968599324056,0.9986519119733533,243,133.77848905012058,0.8026418698939453,111,329.1341072485824,0.6876293010033828,0.17725127657255596,423.27415230407405,352.18675220909034,0.22240915147557327,0.17836241837174727,54.7744,0.81121,0.4742960006968512,0.8435832875591892,0.6584647125679269,0.5264236142072394,289.7557135698646,329.1341072485824,54.5,5748.89092904495,284.40031004353864,9042.0,17.560493403810597
265,13.25,149.75633522407009,200.35601374279287,428.6854304850505,183.92224813073238,0.6451345876386319,290.30546251329304,350.05168903968774,278.46094738929577,278.46094738929577,71.59074165039198,0.20451477279481214,54.0,54.0,34.756591796875,111.30414944356471,48.25,0.0,0.08569739447108791,6397.689810154801,21731.0,-15333.310189845199,8974.0,9304.0,330.0,0.03546861564918315,2,0,1.6363636363636365,0.8923395445134575,18.417632780560993,4.269903003119446,0.08569739447108791,2.999841916672519,0.0,2.999841916672519,0.0,17.998729372252424,23.84244348001323,305.21067427074956,0.9918758506811094,257,115.29686030815469,0.8062759095268884,118,325.987463487977,0.39278406960533996,3.6074832208290775,423.27415230407405,352.18675220909034,0.17299063234975032,0.17570589838387474,54.8872,0.817623,0.46893782812395846,0.8779460750182876,0.37816256786920643,0.6786325682551908,289.3698713665857,329.1341072485824,55.5,5748.89092904495,284.40031004353864,9053.0,24.923993457850543
266,13.3,149.7278308534745,200.33552588511395,425.450157733579,184.05736579814644,0.6665182075909184,289.2366902024726,321.29929049243333,285.2872473393824,285.2872473393824,36.01204315305091,0.11208254801265738,56.5,56.5,34.3751220703125,111.38559918785049,49.0,0.0,0.8854290521290437,5457.121752351893,21760.0,-16302.878247648106,9254.0,9595.0,341.0,0.03553934340802501,2,0,1.5454545454545454,0.9005964214711729,20.607431294155933,4.124553251877536,0.8854290521290437,2.999741721378988,0.0,2.999741721378988,0.0,20.99867406297416,24.81156570676694,272.48930900131325,0.9974691823278927,243,133.95630997974044,0.7997316576579557,109,328.0307364120076,0.03510343936599249,3.2380930438240423,423.27415230407405,352.18675220909034,0.24091918029141424,0.17874057332299897,55.0,0.823913,0.4750587352131923,0.855632601186764,0.6584647125679269,0.5079102966212868,289.2366902024726,329.1341072485824,55.5,5748.89092904495,284.5082790676944,9053.0,28.16977624569455
267,13.35,150.77642169155516,200.73683199625367,425.81565164343624,183.68544181797972,0.6717837831494267,287.6886615795222,322.2687477012713,313.07083125525634,313.07083125525634,9.197916446014972,0.02854113689777027,57.5,57.5,33.599853515625,111.36389064614688,49.74999999999998,254.51670800080035,0.8828517090484664,5436.283818554796,21736.0,-16299.716181445205,9042.0,9381.0,339.0,0.03613687240166293,2,0,1.5454545454545454,0.9074446680080482,17.71857527917508,4.202612971878055,0.8828517090484664,2.9998805890753206,0.0,2.9998805890753206,0.0,20.998939814327528,28.753234559277757,269.5166927385907,0.9852470517548229,244,132.86471700771557,0.0025773430805772213,109,328.0307364120076,1.1227596984861796,0.5214530133826051,423.27415230407405,352.18675220909034,0.23862880370318929,0.18313604990819232,55.1128,0.830079,0.48392436475525996,0.855632601186764,0.7705855704474152,0.5041280084981847,288.30486416346696,329.1341072485824,55.5,5657.066447686522,284.51304261996086,9053.0,24.923993457850543
268,13.4,150.73755792689295,200.3222745735297,425.791546837889,183.82489981835494,0.6803997445929348,288.30486416346696,308.4412070843545,312.95789470247774,312.95789470247774,4.516687618123228,0.014643593379817034,54.5,54.5,33.98748779296875,112.21260964661695,51.5,245.61661073462423,0.8838472686749842,5657.066447686522,21745.0,-16087.933552313478,9130.0,9457.0,327.0,0.03457756159458602,2,0,1.5454545454545454,0.8941908713692946,18.08913740663039,4.1582066008828615,0.8838472686749842,2.9997620579117625,0.0,2.9997620579117625,0.0,17.998594510523347,23.82637604932512,263.6164744665943,0.9908312527122338,261,132.9569460317583,0.0009955596265177613,104,328.0307364120076,0.4163751300681287,0.14152588285937223,423.27415230407405,352.18675220909034,0.2712968523937299,0.18138640265405903,55.2256,0.836115,0.48039534484495167,0.855632601186764,0.43422299680895055,0.5442022079885658,287.6886615795222,329.1341072485824,54.5,5657.066447686522,284.51304261996086,9042.0,24.923993457850543
269,13.45,150.7611669534932,200.3363683626559,426.0589196181048,183.4923787657947,0.6775180419081275,287.5179742547533,328.0307364120076,312.81474338483645,312.81474338483645,15.21599302717118,0.046385875889568606,53.5,53.5,31.9627685546875,112.23186815157464,46.374999999999986,2.9999877146709366,0.09144987935246007,5752.122310496436,21711.0,-15958.877689503564,8907.0,9239.0,332.0,0.035934624959411195,2,0,1.5454545454545454,0.8954918032786885,20.97375675409668,4.294227773714572,0.09144987935246007,2.999727737287046,0.0,2.999727737287046,0.0,17.998707808759924,22.519258245999822,284.51304261996086,0.9953637798805455,262,131.76600650509553,0.7923973893225241,111,328.0307364120076,0.02749583657472636,0.42668308379418246,423.27415230407405,352.18675220909034,0.22501590369648872,0.18362069995166574,55.3383,0.842021,0.48490189874041556,0.855632601186764,0.3221021389294623,0.561455773742156,287.5179742547533,328.0307364120076,56.5,5657.066447686522,284.1850724450385,9042.0,24.34896185488799
270,13.5,151.78867138792523,200.75932514666835,426.43032747130036,183.94914004732968,0.6564699942498913,286.358844712322,334.80383509425195,309.8798416364014,309.8798416364014,24.923993457850543,0.0744435721616931,56.5,56.5,33.599853515625,112.5804874200108,50.25,266.3681926091489,0.8851960245754323,6299.865097347734,21716.5,-15416.634902652266,9126.0,9465.0,339.0,0.0358161648177496,2,0,1.5454545454545454,0.8955823293172691,17.500042745244155,4.270045605614478,0.8851960245754323,2.999931603393617,0.0,2.999931603393617,0.0,17.998932427929713,26.436815484792078,287.36815557813657,0.9837577981986441,268,130.44362478666622,0.7937461452229723,113,328.0307364120076,1.1111515665829206,0.5887059212584674,423.27415230407405,352.18675220909034,0.20901422099185096,0.18691193545430929,55.4511,0.847792,0.4915402857586585,0.855632601186764,0.6584647125679269,0.660876429234939,286.358844712322,328.0307364120076,55.0,5657.066447686522,284.51304261996086,8981.0,24.923993457850543
271,13.55,151.8043257898242,200.77888123102855,423.3066542296836,183.6539708807234,0.661498264952031,285.3734246124894,338.6869001670605,310.51712392136596,310.51712392136596,28.16977624569455,0.08317350399971048,57.5,57.5,33.599853515625,112.61723864402619,47.7,0.0,0.8925977750281999,5765.066479573951,21675.0,-15909.93352042605,8815.0,9159.0,344.0,0.03755868544600939,2,0,1.5454545454545454,0.918,18.14303384268092,4.261833100298057,0.8925977750281999,2.9999357278362613,0.0,2.9999357278362613,0.0,20.998854573146936,24.3757758126186,290.3123340534587,0.9988869203047137,238,131.10466521757638,0.007401750452767586,115,328.0307364120076,0.025049964756810716,3.137588143352723,423.27415230407405,352.18675220909034,0.19984034384468452,0.1897099399040838,55.5639,0.853426,0.49718383098702323,0.855632601186764,0.7705855704474152,0.5638052666161633,285.6141838289399,327.7059574501141,55.0,5657.066447686522,284.1850724450385,9021.0,24.34896185488799
272,13.6,151.75514675580553,200.3303927020657,422.8051632378261,183.6614177491285,0.6543737948817416,285.6141838289399,336.1577797040774,311.80881784918944,311.80881784918944,24.34896185488799,0.07243313504843645,52.0,52.0,33.98748779296875,112.71972359854621,47.75,278.43409889606477,0.08031412044060326,4688.781026388913,21677.5,-16988.71897361109,8902.0,9226.0,324.0,0.03511814437459354,2,0,1.5454545454545454,0.9090909090909091,20.145945718842036,4.126304309089529,0.08031412044060326,2.999771652123935,0.0,2.999771652123935,0.0,17.99854383800613,18.7255480049418,296.4339162090056,0.993238985909566,223,131.18056636601804,0.8122836545875967,114,334.80383509425195,0.451176836726216,0.5015462797821062,423.27415230407405,352.18675220909034,0.2058154794612015,0.1890263275451851,55.6767,0.85892,0.4958049921269119,0.7816672691808674,0.15392085211023004,0.3684489646772147,285.3734246124894,328.0307364120076,54.5,5752.122310496436,284.51304261996086,8981.0,24.34896185488799
273,13.65,151.76026830885002,200.34004492704906,422.4049573425618,183.6507860915147,0.6501963176152175,285.2854358121591,327.7059574501141,272.86439187308144,272.86439187308144,54.84156557703267,0.167349919433128,54.5,54.5,32.3936767578125,112.6716652067639,46.59999999999998,2.999982609972001,0.0915405188399829,5090.208852867241,21661.0,-16570.79114713276,8879.0,9217.0,338.0,0.036671368124118475,2,0,1.5454545454545454,0.8933601609657947,20.541671021425586,4.455207995117249,0.0915405188399829,2.999724330793633,0.0,2.999724330793633,0.0,17.99871705930868,22.522443614973326,284.1850724450385,0.995349482698669,240,106.88379500586463,0.011226398399379639,111,334.80383509425195,0.010926836354457927,0.40034708784744993,423.27415230407405,352.18675220909034,0.22578320536167562,0.18995977553753207,55.7895,0.864271,0.49768774680357475,0.7816672691808674,0.43422299680895055,0.4413120285085844,285.2854358121591,328.0307364120076,54.5,5752.122310496436,284.51304261996086,8981.0,24.923993457850543
274,13.7,152.81438536204732,200.78689385954567,423.03781006022155,183.6143045095412,0.663202904763504,283.6921074390304,314.41498141490086,309.1048001430561,309.1048001430561,5.310181271844783,0.016889084762909207,57.5,57.5,33.599853515625,112.66817177521546,51.39999999999998,248.49419346408132,0.885749788127034,6771.441947198127,21645.0,-14873.558052801873,9213.0,9551.0,338.0,0.035388964506334414,2,0,1.5454545454545454,0.8824701195219123,18.981100983988817,4.324330642879177,0.885749788127034,2.9999065056368583,0.0,2.9999065056368583,0.0,17.9989318459705,26.921985676397526,266.494157386896,0.9811613705614937,245,129.29380562978392,0.794209269287051,106,336.1577797040774,1.1449177832118433,0.633903358622314,423.27415230407405,352.18675220909034,0.2571836014474381,0.19448387635374553,55.9023,0.869476,0.5068128100521484,0.7668815754708577,0.7705855704474152,0.746472224657209,283.6921074390304,334.80383509425195,54.5,5765.066479573951,287.36815557813657,8907.0,28.16977624569455
275,13.75,152.7583832638641,200.39578436524883,423.07530685166086,183.80968748070438,0.6496577651024111,283.5423592048593,342.3356481536659,312.13543073441554,312.13543073441554,30.20021741925035,0.08821814959128718,55.0,55.0,32.756591796875,112.71951674934296,48.0,0.0,0.08762829726791319,5590.4364608572905,21622.0,-16031.56353914271,8981.0,9310.0,329.0,0.035338345864661655,2,0,1.4545454545454546,0.8658777120315582,20.821187854369345,4.282080988998918,0.08762829726791319,2.999725505486627,0.0,2.999725505486627,0.0,17.998648890052504,22.04080733396097,299.29646642416577,0.9969549389786193,257,130.31297191804683,0.7981214908591208,116,327.7059574501141,0.3950985592609207,0.19894852296208856,423.27415230407405,352.18675220909034,0.19122004901509582,0.19490907188773943,56.015,0.874547,0.5076704249237711,0.8591793358309762,0.4902834257486946,0.5321082158355736,283.54809901352553,334.80383509425195,54.5,5765.066479573951,287.36815557813657,8957.0,28.16977624569455
276,13.8,152.7717075092125,200.3543532202286,423.0151339216041,183.74447553124716,0.6477433155080214,283.54809901352553,324.78519600605404,314.4877489749267,314.4877489749267,10.29744703112732,0.03170540762866351,54.5,54.5,33.599853515625,112.83061869024729,47.825,263.28273318923505,0.893762596443668,5890.631749254431,21626.5,-15735.868250745569,9021.0,9350.0,329.0,0.03518716577540107,2,0,1.5454545454545454,0.8634538152610441,21.376404808497043,4.171190654027256,0.893762596443668,2.999804551286248,0.0,2.999804551286248,0.0,17.998425256934247,22.50434446281571,281.2826217350178,0.9953627361310916,257,132.4629943881525,0.8061342991757547,110,327.7059574501141,0.04352097530836577,0.08873206784261224,423.27415230407405,352.18675220909034,0.2326836065039638,0.19489277425976148,56.1278,0.87949,0.5076375527814071,0.8591793358309762,0.43422299680895055,0.5865965871381996,283.5423592048593,332.49414953584574,54.5,5765.066479573951,284.4133752739292,8902.0,28.16977624569455
277,13.85,152.75610925064277,200.33147967594786,423.79762626962753,183.6577425372344,0.63581496318087,283.3037577088356,340.770687254058,499.09525445055544,499.09525445055544,158.32456719649747,0.4646073536203549,52.5,52.5,33.98748779296875,112.80788181466366,47.825,281.1212841303642,0.07922663548558351,6495.862105286229,8746.0,-2250.137894713771,8857.0,9193.0,336.0,0.0365495485695638,2,0,1.5454545454545454,0.8929292929292929,21.34561042124983,4.33072019263275,0.07922663548558351,2.9997706516014406,0.0,2.9997706516014406,0.0,17.998479082818335,20.651347642071983,299.1210898775662,0.9989820072402849,256,210.40489540136335,0.8145359609580844,115,332.49414953584574,0.02768582125151875,0.7872845019214006,423.27415230407405,352.18675220909034,0.19491732391621863,0.19558655760952504,56.2406,0.88431,0.5090369064219605,0.8068900906945401,0.20998128104997413,0.696451796855726,283.3037577088356,327.7059574501141,54.5,5860.650438656334,284.1850724450385,8957.0,25.381088343830754
278,13.9,153.80851018452267,200.87829269041382,424.07388198971245,183.872593260561,0.6807652490290769,282.62238736445823,313.91376673977703,476.0320476584187,476.0320476584187,162.1182809186417,0.5164420872724317,53.5,53.5,35.150390625,112.81070835626,47.84999999999999,0.0,0.08600601738890859,5315.709747880482,10299.0,-4983.290252119518,9138.0,9459.0,321.0,0.033935934031081506,2,0,1.5454545454545454,0.859504132231405,19.92801788663683,4.188382587675451,0.08600601738890859,2.999844946524747,0.0,2.999844946524747,0.0,17.99874167403188,23.22833557441288,269.6868445448075,0.992896937980727,265,142.77415120297692,0.006779381903325082,106,332.49414953584574,1.1859815337603903,0.3499686503011241,423.27415230407405,352.18675220909034,0.258367738660626,0.1975212423757845,56.3534,0.889009,0.5129391450270113,0.8068900906945401,0.3221021389294623,0.48224263925255034,282.62238736445823,327.7059574501141,54.5,5890.631749254431,284.1850724450385,8957.0,30.20021741925035
279,13.95,153.78971766636047,200.39298517397646,421.75503548008146,183.52947558344258,0.6382608493903924,281.6056895525228,336.07920065616224,512.1988225494088,512.1988225494088,176.11962189324652,0.5240420161360475,54.0,54.0,32.36279296875,112.85659804024746,46.77499999999999,0.0,0.08033286121999264,8173.214172468243,8694.5,-521.2858275317567,8748.0,9074.0,326.0,0.03592682389243994,2,0,1.4545454545454546,0.9054621848739496,21.709712893999367,4.3709950850465935,0.08033286121999264,2.9997432631227623,0.0,2.9997432631227623,0.0,17.998496820238575,21.961852917737872,293.11910765506303,0.997132780509787,247,154.42486023384905,0.005673156168915949,114,327.6417119600308,0.48567123061745626,2.344094468143071,423.27415230407405,352.18675220909034,0.20600112521227665,0.2004080568444101,56.4662,0.89359,0.5187618191192199,0.8598809259342401,0.37816256786920643,1.0,281.6079131039753,327.6417119600308,54.5,5944.5114458560465,281.2826217350178,8981.0,25.381088343830754
280,14.0,153.7424387964899,200.40078756381888,421.4190356505833,183.51510934019782,0.6726784806940844,281.59603881053397,332.49414953584574,307.113061192015,307.113061192015,25.381088343830754,0.07633544343340229,59.5,59.5,32.36279296875,112.75798683945563,51.04999999999998,0.0,0.8906655051784396,4943.926215820864,21620.5,-16676.573784179134,8957.0,9283.0,326.0,0.0351179575568243,2,0,1.4545454545454546,0.9036402569593148,20.92933128457134,4.535726058581633,0.8906655051784396,5.9996776499484294,0.0,5.9996776499484294,0.0,17.998609941539264,27.353095345352642,281.1427665990054,0.9899101750856423,272,127.69262227465974,0.810332643958447,113,332.49414953584574,0.04791835580956981,0.33630681582116645,423.27415230407405,352.18675220909034,0.21447093396577943,0.20043545918685568,56.5789,0.898056,0.5188170893526062,0.8068900906945401,0.9948272862063915,0.41476030384605234,281.6056895525228,327.6417119600308,54.5,5944.5114458560465,281.2826217350178,8981.0,25.381088343830754
281,14.05,153.73932337105816,200.4021314314781,421.1708605886131,183.55640658915334,0.6885906749128634,281.6079131039753,327.6417119600308,307.1338886395278,307.1338886395278,20.507823320503007,0.06259222367573505,54.5,54.5,32.3936767578125,113.02749094075443,48.625,2.9999979581107965,0.09155828409752385,6381.998782818015,21600.0,-15218.001217181985,8887.0,9212.0,325.0,0.03528006947459835,2,0,1.4545454545454546,0.8984881209503239,22.376988447023155,4.351917082614122,0.09155828409752385,2.9997216397486395,0.0,2.9997216397486395,0.0,17.998631844284738,22.22998320206824,284.4133752739292,0.9962409251536779,269,127.69549687669608,0.7991072210809157,111,327.6417119600308,0.0033929125992510872,0.25158760731641777,423.27415230407405,352.18675220909034,0.22593498758067865,0.20040174328650773,56.6917,0.902408,0.5187490847400531,0.8598809259342401,0.43422299680895055,0.6757844938293345,281.59603881053397,324.78519600605404,54.5,5944.5114458560465,281.1427665990054,8999.0,20.507823320503007
282,14.1,153.71954693291175,200.50351474223834,421.48954184789875,183.44961004345683,0.6526776882859968,281.26238572418146,320.06109735262686,306.68617932057276,306.68617932057276,13.374918032054097,0.041788640177404315,56.0,56.0,35.581298828125,113.48991170415273,47.125,0.0,0.09372572622437518,5860.650438656334,21581.5,-15720.849561343666,9106.0,9436.0,330.0,0.03497244595167444,2,0,1.4545454545454546,0.8925619834710744,23.314614431016075,4.499034276242386,0.09372572622437518,2.9997770121138543,0.0,2.9997770121138543,0.0,17.99823139457344,23.68967916821532,275.37340977772425,0.9915901345593323,231,128.2942173321725,0.0021674421268513266,108,327.6417119600308,0.10329415862703122,0.33610005532965515,423.27415230407405,352.18675220909034,0.24384445492268192,0.20138283464677764,56.8045,0.906648,0.5207279355832987,0.8598809259342401,0.6024042836281828,0.5811546869913616,281.26238572418146,321.9652087939524,56.0,6351.365609081505,275.37340977772425,8957.0,20.507823320503007
283,14.15,154.82738556956775,200.92847722552952,421.36730214023464,183.43375360586907,0.6278305633010823,280.3757425039091,336.79900079998464,266.8019091594337,266.8019091594337,69.99709164055093,0.207830461118619,53.0,53.0,35.150390625,113.5684409063443,47.5,0.0,0.08016228022410654,5944.5114458560465,21563.5,-15618.988554143954,8755.0,9079.0,324.0,0.035686749642031064,2,0,1.4545454545454546,0.8928571428571429,21.89896646554173,4.5905565326868025,0.08016228022410654,2.9999166069951615,0.0,2.9999166069951615,0.0,14.99895570174483,22.68442905550063,296.11569943574403,0.9860879731364071,241,107.68013209539984,0.013563446000268639,114,321.9652087939524,1.1865494330506543,0.12326383387993764,423.27415230407405,352.18675220909034,0.20430057217849418,0.2039003717622735,56.9173,0.910776,0.5258057811801966,0.9218709339068373,0.2660417099897182,0.5963762773184724,280.3757425039091,321.9652087939524,56.0,5944.5114458560465,275.37340977772425,8957.0,20.507823320503007
284,14.2,154.7582777886102,200.41458709141176,422.0896542574731,183.3780219544087,0.656055398578981,280.26000518549284,321.9652087939524,306.26706806167135,306.26706806167135,15.698140732281047,0.048757257938162386,56.0,56.0,35.150390625,113.5597423557358,50.499999999999986,2.99999847301768,0.09317129376828268,6351.365609081505,21553.5,-15202.134390918494,9044.0,9364.0,320.0,0.03417343015805212,2,0,1.4545454545454546,0.8907922912205567,21.605910784977034,4.490582433254381,0.09317129376828268,2.99975604541104,0.0,2.99975604541104,0.0,17.998192235543584,25.662366330175303,275.30489418282247,0.9855126643444082,239,127.27676471988396,0.013009013544176135,109,321.5138747689219,0.5185161090385186,0.7244988600773671,423.27415230407405,352.18675220909034,0.23934592499601248,0.20422899661170446,57.0301,0.914795,0.5264686140077417,0.9267997076591604,0.6024042836281828,0.6702242741681763,280.2639153186508,323.4693596478129,56.0,5944.5114458560465,281.1427665990054,8917.0,17.04042803051209
285,14.25,154.73849637633168,200.42328591212313,422.0204395653232,183.37829346444838,0.666998565621582,280.2639153186508,321.5138747689219,306.36872749251484,306.36872749251484,15.145147276407045,0.04710573466632552,56.0,56.0,35.150390625,113.6540937367268,50.5,2.99999997171793,0.09330283798483895,7143.958441758798,21570.0,-14426.041558241202,8999.0,9319.0,320.0,0.034338448331366025,2,0,1.4545454545454546,0.8855291576673866,23.644889166815208,4.411006015302202,0.09330283798483895,2.9997845631313647,0.0,2.9997845631313647,0.0,17.998384980471663,25.22122416661847,275.2944810587004,0.9868650936882565,225,127.29507621131862,0.00013154421655627024,109,321.5138747689219,0.02160957550488575,0.06921522467713961,423.27415230407405,352.18675220909034,0.2404122174274631,0.2042178941692263,57.1429,0.918706,0.5264462204992985,0.9267997076591604,0.6024042836281828,0.8140875999029447,280.26000518549284,323.4693596478129,56.0,5889.236086285478,281.1427665990054,8957.0,17.04042803051209
286,14.3,154.74428659643348,200.4253731791972,421.5037096681227,183.64123466359666,0.6686956803735893,279.2567227031127,308.3200443530846,307.0032559264315,307.0032559264315,1.3167884266530905,0.004270849238543568,56.5,56.5,32.3936767578125,113.628815505498,52.39999999999998,245.48380353593723,0.0972957715793006,5889.236086285478,21560.0,-15670.763913714522,9156.0,9488.0,332.0,0.03499156829679595,2,0,1.4545454545454546,0.8948453608247423,22.443508123689643,4.551565346126811,0.0972957715793006,2.9997208092007805,0.0,2.9997208092007805,0.0,17.99853422015417,23.838008170995465,263.4837811527342,0.990789592847916,251,127.31826517524155,0.003992933594461651,104,321.9652087939524,0.00615494375813581,0.5797825979368211,423.27415230407405,352.18675220909034,0.2715831035872185,0.20707771955794552,57.2556,0.922508,0.5322144579042687,0.9218709339068373,0.6584647125679269,0.586343260703692,279.6037344876414,323.4693596478129,56.0,5889.236086285478,281.5321303821916,8999.0,17.04042803051209
287,14.35,154.77707918489682,200.5310154986329,421.6221164100881,183.37796013979113,0.666236338358632,279.6037344876414,304.2458104202714,302.69898019023157,302.69898019023157,1.546830230039859,0.005084146361467189,56.0,56.0,32.36279296875,113.6421436366614,48.8,2.999997412121317,0.09859853390327701,6378.065916645405,21561.5,-15183.434083354594,8903.0,9211.0,308.0,0.03343828031701227,2,0,1.4545454545454546,0.9011235955056179,29.14700029527897,4.51764621860401,0.09859853390327701,2.999783183661736,0.0,2.999783183661736,0.0,17.998454983277682,25.70528340112503,257.542288852207,0.9845288083747694,240,127.17717070427258,0.0013027623239764141,103,321.9652087939524,0.11061488830117208,0.2886756509092611,423.27415230407405,352.18675220909034,0.2812086238573207,0.20609241337492723,57.3684,0.926205,0.5302271058083494,0.9218709339068373,0.6024042836281828,0.6750706402793973,279.2567227031127,323.4693596478129,56.0,5860.650438656334,281.5321303821916,9044.0,17.04042803051209
288,14.4,155.8253749843562,200.99127207796494,422.65814187633254,183.82237494635854,0.6454174647088033,278.31930464279276,327.87474117314036,306.6180441845947,306.6180441845947,21.256696988545684,0.06483176139915178,56.5,56.5,32.756591796875,113.47189753486134,49.24999999999999,263.5412777684513,0.8861312405691786,5290.415936610351,21515.5,-16225.084063389648,8823.0,9144.0,321.0,0.03510498687664042,2,0,1.4545454545454546,0.8768577494692145,19.840735187209205,4.734601497123752,0.8861312405691786,2.9998929275215414,0.0,2.9998929275215414,0.0,17.99890286951601,25.33476545058801,281.5411799255148,0.9867755300757958,236,124.95731910136263,0.7875327066659016,111,323.4693596478129,1.144884361838597,1.1273212882773722,423.27415230407405,352.18675220909034,0.2253844479083621,0.2097394268891838,57.4812,0.929795,0.5375830932935813,0.9054449193878994,0.6584647125679269,0.4776515659299001,278.31930464279276,325.54826026216443,56.0,5675.200642654035,281.5321303821916,9044.0,21.222494290842747
289,14.45,155.77231705720862,200.5283950610047,419.4194091444751,183.45281146971078,0.6501539640532153,277.60518733648297,323.4693596478129,306.4289316173008,306.4289316173008,17.04042803051209,0.052680192179764336,54.0,54.0,33.55657958984375,113.53063516048046,49.125,266.532170981376,0.08346408053496866,5675.200642654035,21529.5,-15854.299357345964,8917.0,9242.0,325.0,0.03516554858255789,2,0,1.4545454545454546,0.8984881209503239,18.956182460126314,4.567440044630162,0.08346408053496866,2.9997467233695185,0.0,2.9997467233695185,0.0,17.998349083416166,20.939133458835613,281.5321303821916,0.9998177189084794,256,124.93711214770207,0.8026671600342099,109,325.91037371264855,0.465908012877236,3.259749510572372,423.27415230407405,352.18675220909034,0.2357923159564037,0.2117670934661645,57.594,0.933282,0.541672875222326,0.8787879305845404,0.37816256786920643,0.5474937411566575,277.86642038423884,323.4693596478129,56.5,5675.200642654035,278.6306580310618,9044.0,21.222494290842747
290,14.5,155.7647827422095,200.40014009751465,419.5844927823802,183.39130284264056,0.6534605725765947,277.6070546026932,325.91037371264855,303.69683045671155,303.69683045671155,22.213543255936997,0.06815844185285867,54.5,54.5,35.150390625,113.5388338796574,47.999999999999986,0.0,0.08283860907624423,5147.974473510607,21537.0,-16389.025526489393,9087.0,9412.0,325.0,0.034530386740331494,2,0,1.4545454545454546,0.9006622516556292,20.82286229217475,4.502326924954033,0.08283860907624423,2.9997636429872587,0.0,2.9997636429872587,0.0,17.998228351681956,20.392393574494292,284.519988143485,0.9981418252715427,247,124.9139408548935,0.0006254714587244359,110,325.91037371264855,0.1284760738905759,0.17617014136355544,423.27415230407405,352.18675220909034,0.23002533478935605,0.21176179154552577,57.7068,0.936664,0.5416621813047646,0.8787879305845404,0.43422299680895055,0.4517970517844272,277.86642038423884,325.54826026216443,56.5,5290.415936610351,281.5321303821916,9049.0,21.256696988545684
291,14.55,155.28773001996504,200.34973064593038,418.42653781190955,183.088539523232,0.6560317538043212,277.86642038423884,329.2898802024271,303.5581145386193,303.5581145386193,25.731765663807835,0.07814320211720303,57.0,57.0,35.96893310546875,113.54979996569948,48.775,0.0,0.09109918234027348,4967.1169801740625,21513.5,-16546.38301982594,9049.0,9383.0,334.0,0.035596291164872645,2,0,1.4545454545454546,0.8956158663883089,20.12375151517113,4.587935239270977,0.09109918234027348,5.9996780172059205,0.0,5.9996780172059205,0.0,14.99842357132177,20.826203932047576,287.4655746818519,0.9994779746757646,250,125.44359584219377,0.00826057326402925,111,325.91037371264855,0.479708674728599,1.1968815067570353,423.27415230407405,352.18675220909034,0.2220411324198459,0.21102534765625747,57.8195,0.939943,0.5401767818095732,0.8787879305845404,0.714525141507671,0.41896965365169314,277.86642038423884,325.91037371264855,56.5,5290.415936610351,281.5411799255148,9061.0,22.213543255936997
292,14.6,155.73675294683824,200.4381240772618,419.7250748193216,183.41327165414566,0.6787460786688064,277.6131885294212,332.60506619450047,304.1723224668749,304.1723224668749,28.432743727625564,0.08548499892962752,57.0,57.0,35.150390625,113.65181008052824,50.449999999999996,0.0,0.09019109549398438,4828.683217270597,21527.0,-16698.316782729402,9079.0,9391.0,312.0,0.033223298903205196,2,0,1.3636363636363635,0.8739130434782608,24.395048327218856,4.416048921895482,0.09019109549398438,2.999759349753747,0.0,2.999759349753747,0.0,17.998276386570843,24.0784775998834,287.52855285829247,0.990738439739347,269,125.41543806805389,0.0009080868462890967,113,325.91037371264855,0.45764067515935936,1.3385250526106638,423.27415230407405,352.18675220909034,0.21420888947747085,0.21174437485767617,57.9323,0.94312,0.5416270520305364,0.8787879305845404,0.714525141507671,0.393842576160974,277.6131885294212,325.91037371264855,56.5,5290.415936610351,281.61197565612764,9049.0,22.213543255936997
293,14.65,155.7560815352429,200.5476622231592,418.899779546538,183.44127959849635,0.670294532321301,277.60189081542234,325.54826026216443,304.3257659713217,304.3257659713217,21.222494290842747,0.06519000984294078,58.5,58.5,35.150390625,113.60367844538659,51.79999999999998,260.6306959450469,0.8927363155848499,4957.969687767705,21512.5,-16554.530312232295,9100.0,9414.0,314.0,0.03335457828765668,2,0,1.3636363636363635,0.8708971553610503,26.606630462550623,4.435611827592307,0.8927363155848499,2.9997649542346285,0.0,2.9997649542346285,0.0,17.998317041216694,25.919520235651305,278.6306580310618,0.9848826154492831,272,125.34856767471344,0.8025452200908655,110,329.22704891910695,0.11123039034525661,0.8257703871087256,423.27415230407405,352.18675220909034,0.2308808404905971,0.21177645361682318,58.0451,0.946196,0.5416917545466924,0.8425683220552089,0.8827064283269033,0.41730933090741373,277.61225627019576,325.91037371264855,56.5,5290.415936610351,281.61197565612764,9049.0,22.213543255936997
294,14.7,155.7342867477824,200.5648838276861,419.15222948343114,183.43148575261637,0.6590146750524108,277.61225627019576,317.32073518578915,274.2675853282526,274.2675853282526,43.05314985753654,0.1356770771135684,58.0,58.0,32.36279296875,113.64761032847778,48.39999999999999,0.0,0.09453464809350953,5720.684217138834,21507.0,-15786.315782861166,9020.0,9328.0,308.0,0.0330188679245283,2,0,1.3636363636363635,0.8772727272727273,30.043093025778745,4.479502043069341,0.09453464809350953,2.9997759198115213,0.0,2.9997759198115213,0.0,17.998050800221744,24.15019196553294,272.1727165002229,0.9900656815141501,276,106.14296199245678,0.7982016674913404,108,329.22704891910695,0.027777624501207625,0.2526398425713283,423.27415230407405,352.18675220909034,0.25031865645830764,0.211747021916998,58.1579,0.949172,0.5416323911210464,0.8425683220552089,0.8266459993871592,0.5557494533229981,277.6070546026932,325.54826026216443,56.5,5147.974473510607,281.61197565612764,9061.0,22.213543255936997
295,14.75,155.74451802991575,200.5142054413486,422.4017864732735,183.7191183782454,0.6734420845319506,278.2422156194403,329.22704891910695,304.483358237525,304.483358237525,24.74369068158194,0.07515691910132698,58.0,58.0,32.756591796875,113.58745787543478,51.3,260.6158532718446,0.09111564767192473,4678.584028310277,21507.5,-16828.915971689723,9107.0,9414.0,307.0,0.032611004886339494,2,0,1.3636363636363635,0.8976190476190476,52.049118275483465,4.487014524264475,0.09111564767192473,2.9997813810523306,0.0,2.9997813810523306,0.0,17.997985469028908,26.613474366124535,281.6158077029012,0.9829427517135049,291,125.36762012172369,0.0034190004215848002,111,325.54826026216443,0.0517008508234132,3.262261969486741,423.27415230407405,352.18675220909034,0.22218957352587176,0.20995831366692008,58.2707,0.952048,0.5380245855971928,0.8827423749010056,0.8266459993871592,0.36659811012034427,277.6070546026932,325.54826026216443,56.5,5147.974473510607,281.61197565612764,9079.0,22.213543255936997
296,14.8,155.72825668516356,200.35803385318448,421.71918069235335,183.74803947873679,0.6574511270163444,278.24460181454424,329.45450900090594,304.2029558027281,304.2029558027281,25.251553198177817,0.07664655516403443,56.0,56.0,32.36279296875,113.50509219533643,47.775,2.999990352312924,0.0910518324182066,5653.542550345122,21503.5,-15849.957449654878,9061.0,9361.0,300.0,0.03204785813481466,2,0,1.3636363636363635,0.8932038834951457,54.95941186894872,4.324209090156246,0.0910518324182066,2.9997074201311644,0.0,2.9997074201311644,0.0,17.99775896239391,26.799141784512813,281.65790083386804,0.9823900561580361,268,125.36378561252437,6.381525371813856e-05,111,325.10253829789684,0.15701591092259154,0.6832181805245148,423.27415230407405,352.18675220909034,0.2216521911212037,0.20995153829820168,58.3835,0.954825,0.5380109197505197,0.8876098623858399,0.6024042836281828,0.5435625862683324,277.60189081542234,325.10253829789684,56.5,5504.370076398647,278.6306580310618,9079.0,21.222494290842747
297,14.85,155.8402166268672,200.54111642909712,419.2821407527445,183.353429384256,0.653930841448481,277.24429657471,325.10253829789684,306.4607476834369,306.4607476834369,18.64179061445992,0.057341264427096354,56.5,56.5,31.9627685546875,113.58345637470902,51.499999999999986,2.9999940837162775,0.09227260425326064,5701.770142134175,21489.5,-15787.729857865825,9042.0,9354.0,312.0,0.03335471456061578,2,0,1.4545454545454546,0.8766816143497758,34.78551776683299,4.463700577708339,0.09227260425326064,2.999761282291744,0.0,2.999761282291744,0.0,17.998323485582116,22.492477873895325,281.61197565612764,0.9954033176306605,271,125.22609851049094,0.0012207718350540492,110,317.32073518578915,0.21460255858001703,2.468781236544619,423.27415230407405,352.18675220909034,0.23193387423206535,0.21279180765404726,58.4962,0.957504,0.5437397128450927,0.9725907076081984,0.6584647125679269,0.5523163643254914,277.24429657471,322.05785845394206,56.5,5504.370076398647,278.6306580310618,9079.0,18.64179061445992
298,14.9,156.73160802417434,200.5206207510506,420.0576017220547,183.33659143890608,0.6611982445211959,276.2336210882413,316.8520419759588,304.173435422558,304.173435422558,12.678606553400812,0.040014280717063526,55.0,55.0,31.9627685546875,113.55128550286128,50.599999999999994,257.5896058763537,0.08520704099803687,5504.370076398647,21485.0,-15980.629923601353,8943.0,9257.0,314.0,0.03392027654747758,2,0,1.3636363636363635,0.8876404494382022,31.597866513369926,4.657844853797588,0.08520704099803687,2.9997761263806515,0.0,2.9997761263806515,0.0,17.99827010748895,23.264412864908365,272.5895828771808,0.9928472399391678,272,123.27686627497319,0.00706556325522377,107,316.8520419759588,0.8916269937657494,0.7756437528447604,423.27415230407405,352.18675220909034,0.2514259605714434,0.21566152231574087,58.609,0.960085,0.5495278968085153,0.9777090515893501,0.4902834257486946,0.5164863280368115,276.2336210882413,322.05785845394206,56.5,5504.370076398647,278.6306580310618,9061.0,18.64179061445992
299,14.95,156.73077772350752,200.51541852675302,420.15265282111034,183.31941036722827,0.680567481402763,276.223530921833,295.1862469365099,304.4057266176329,304.4057266176329,9.219479681123005,0.03123275483463149,55.0,55.0,31.9627685546875,113.52963757020149,49.79999999999998,0.0,0.0914609521717259,5044.700328177213,21491.0,-16446.299671822788,9094.0,9410.0,316.0,0.03358129649309245,2,0,1.3636363636363635,0.8687089715536105,45.558603755121595,4.554751750478903,0.0914609521717259,2.9997714103532007,0.0,2.9997714103532007,0.0,17.99826305572844,22.714159590509155,251.47405287991913,0.9941862971522633,270,123.27850830675749,0.006253911173689022,100,316.8520419759588,0.005268067657070368,0.09659141087945043,423.27415230407405,352.18675220909034,0.3026121596849779,0.2156901723610507,58.7218,0.962571,0.5495856836453139,0.9777090515893501,0.4902834257486946,0.4330517876367673,276.223530921833,320.83749773286553,56.0,5504.370076398647,278.68386834907534,9042.0,18.631762013222897
300,15.0,156.7139920461892,200.59340058686237,420.2148503399479,183.3141310963933,0.6690238393040492,276.2224074861907,302.04155440667375,303.9730307972639,303.9730307972639,1.9314763905901486,0.006394737288332111,55.0,55.0,31.9627685546875,113.4365087897892,49.825,242.46551412771646,0.08938493664996758,6693.159769152073,21488.5,-14795.340230847927,9138.0,9453.0,315.0,0.03332275468105363,2,0,1.3636363636363635,0.88,54.06384428741488,4.615100029736347,0.08938493664996758,2.999781965684313,0.0,2.999781965684313,0.0,17.998206582759163,23.57810667688318,257.4654591813471,0.991457737881438,274,123.2494608040206,0.0020760155217583176,102,316.8520419759588,0.07976816822475645,0.06242116668322136,423.27415230407405,352.18675220909034,0.2864162558414589,0.21569336224719837,58.8346,0.964961,0.5495921176117607,0.9777090515893501,0.4902834257486946,0.7322632462067918,276.2224074861907,322.05785845394206,56.0,5466.4736029560945,278.6951504900362,9042.0,18.631762013222897
301,15.05,156.74602479505467,200.52562284251553,420.2416456996683,183.29686856559007,0.6749927989079387,276.20361122542886,299.80909469861115,303.71019895761134,303.71019895761134,3.901104259000192,0.013011961037812585,55.0,55.0,32.78131103515625,113.39570229403017,48.49999999999997,0.0,0.09005039498721679,5717.082334549931,21479.0,-15761.91766545007,9083.0,9394.0,311.0,0.03310623802427081,2,0,1.3636363636363635,0.8781038374717833,67.68955980826112,4.78627793249183,0.09005039498721679,2.999769642022386,0.0,2.999769642022386,0.0,17.99818285132313,24.361843437523646,254.449298767742,0.9887798902579665,267,123.25368534388241,0.0006654583372492084,102,316.8520419759588,0.07496612320658193,0.03187453956185682,423.27415230407405,352.18675220909034,0.29169052004093887,0.21574673239994824,58.9474,0.967256,0.5496997646424553,0.9777090515893501,0.4902834257486946,0.5550956765201025,276.2208850492746,322.05785845394206,56.0,5466.4736029560945,278.68386834907534,9042.0,18.631762013222897
302,15.1,156.26124224409938,200.40504990511513,419.32347818692165,182.9369542449181,0.6949877528580755,276.1340061297566,322.05785845394206,303.42609644071916,303.42609644071916,18.631762013222897,0.057852219792635336,57.0,57.0,31.9627685546875,113.52382910797334,49.0,2.9999938030792315,0.09314509863983594,5183.644704412747,21464.5,-16280.855295587253,9035.0,9345.0,310.0,0.03317281968967362,2,0,1.3636363636363635,0.8408602150537634,57.3520494126797,4.56832068676997,0.09314509863983594,5.999722154831884,0.0,5.999722154831884,0.0,14.998434714421231,22.36455109465271,278.6951504900362,0.9957573020203293,247,123.5406423403986,0.0030947036526191574,109,320.83749773286553,0.4995517540196171,0.9861895860777298,423.27415230407405,352.18675220909034,0.23912703693142046,0.2159443692935442,59.0602,0.969458,0.5500983961556727,0.9341860539062957,0.714525141507671,0.45827154642497914,276.20361122542886,322.05785845394206,56.5,5466.4736029560945,278.68386834907534,9035.0,18.631762013222897
303,15.15,156.25992126330044,200.40606600433753,418.3872909588577,183.03937241385697,0.6893642564369754,276.13382936013966,323.40177135344817,501.30088268789325,501.30088268789325,177.89911133444508,0.5500870035124756,58.0,58.0,33.55657958984375,113.50628294728064,47.54999999999999,0.0,0.09275778543907924,5466.4736029560945,8839.5,-3373.0263970439055,8952.0,9262.0,310.0,0.033470092852515655,2,0,1.3636363636363635,0.8433476394849786,60.65106714323384,4.639808849109568,0.09275778543907924,5.99972344946625,0.0,5.99972344946625,0.0,14.998380853232645,23.70061070434906,278.7030563464002,0.9916435015481205,240,152.6875966246048,0.00038731320075670317,109,322.05785845394206,0.0016665677006700073,0.9417728002649259,423.27415230407405,352.18675220909034,0.23595199566752423,0.21594487121366424,59.1729,0.971567,0.5500994085232185,0.9208591572913077,0.8266459993871592,0.5096077486726139,276.20361122542886,322.05785845394206,57.0,5466.4736029560945,278.68386834907534,9035.0,18.631762013222897
304,15.2,156.30384458865805,200.45543094548114,419.42268134117694,182.83975182682596,0.7055576812987006,275.8609070406284,320.83749773286553,302.94307579279194,302.94307579279194,17.894421940073585,0.05577409768658889,54.0,54.0,33.55657958984375,113.52124585085045,46.175,0.0,0.08414772125292383,5372.964547959641,21457.5,-16084.53545204036,8961.0,9279.0,318.0,0.03427093436792758,2,0,1.4545454545454546,0.8666666666666667,51.1236751199248,4.567115560464162,0.08414772125292383,2.999853578367413,0.0,2.999853578367413,0.0,17.997953010000384,21.15582279542241,278.68386834907534,0.9995074883448125,250,123.49061130048649,0.008610064186155411,109,323.40177135344817,0.06607689402947454,1.0544579757229664,423.27415230407405,352.18675220909034,0.24201018184927936,0.21671980757285259,59.2857,0.973584,0.5516624469210082,0.9061830144411288,0.37816256786920643,0.49263494361624727,276.1340061297566,322.05785845394206,57.0,5466.4736029560945,278.68386834907534,9035.0,25.824032631705336
305,15.25,156.30472542530495,200.39401376845453,418.537985141096,183.00890692432404,0.7087560833171112,276.2208850492746,326.1577395945034,279.4283569814123,279.4283569814123,46.729382613091104,0.14327234016027812,57.5,57.5,32.756591796875,113.58886356703853,46.84999999999998,0.0,0.8910027327714174,5151.8741973309225,21464.0,-16312.125802669078,9035.0,9340.0,305.0,0.032655246252676656,2,0,1.3636363636363635,0.8967136150234741,71.68001980111204,4.291778490269532,0.8910027327714174,5.999714385738761,0.0,5.999714385738761,0.0,14.998169979982306,23.550336942164222,281.60951828661814,0.9921741775019152,279,124.07169518074886,0.8068550115184936,110,323.9168314145961,0.061423493120440355,0.9007223842268277,423.27415230407405,352.18675220909034,0.22944092423532536,0.2156976850586232,59.3985,0.975511,0.5496008366764468,0.9005583232601697,0.7705855704474152,0.45250488967433417,276.13382936013966,322.05785845394206,57.5,5717.082334549931,278.68386834907534,9035.0,25.824032631705336
306,15.3,156.30471139009762,200.4474017013914,418.2438260970667,182.97322265005818,0.675553233484268,275.8672593535283,323.9168314145961,298.0927987828908,298.0927987828908,25.824032631705336,0.07972426909379082,59.5,59.5,31.9627685546875,113.56934009993222,51.99999999999999,257.66289051328545,0.8880694928890794,5348.941264415311,21453.5,-16104.55873558469,9078.0,9396.0,318.0,0.03384418901660281,2,0,1.3636363636363635,0.8766233766233766,58.35728771554332,4.435970207143663,0.8880694928890794,5.999703409251376,0.0,5.999703409251376,0.0,17.998071247696124,27.256179668470338,272.66287708917827,0.989940612232798,269,123.87825441934035,0.002933239882337957,110,323.9168314145961,0.05338793478175066,0.2963155591833017,423.27415230407405,352.18675220909034,0.23473514824524666,0.2167017707987261,59.5113,0.977348,0.551626066939352,0.9005583232601697,0.9948272862063915,0.48827448346158947,276.13382936013966,322.05785845394206,58.0,5466.4736029560945,278.68386834907534,9035.0,25.824032631705336
307,15.35,156.3046779152432,200.44739680520806,418.99720504920515,182.89270191440528,0.6481159989783287,275.8672272402906,325.1060286898035,271.5575281491144,271.5575281491144,53.54850054068913,0.16471088142072526,58.0,58.0,31.57513427734375,113.5690685109944,49.474999999999994,0.0,0.09227071500603155,5750.262276123734,21460.5,-15710.237723876266,8937.0,9254.0,317.0,0.03425545709963259,2,0,1.3636363636363635,0.8760869565217392,56.085583461846134,4.541498936677649,0.09227071500603155,5.999703420482368,0.0,5.999703420482368,0.0,14.998109262790866,22.97200760160598,281.1362084049243,0.9939275351912455,255,111.78355597701994,0.7957987778830479,110,323.9168314145961,3.3831028520890634e-05,0.7576697396592599,423.27415230407405,352.18675220909034,0.2319256280590174,0.2167018619811385,59.6241,0.979097,0.5516262508533085,0.9005583232601697,0.8266459993871592,0.561118159370936,276.13382936013966,323.40177135344817,58.0,5372.964547959641,278.6951504900362,9035.0,41.444228720326635
308,15.4,156.303274798312,200.44842045079966,418.8525348574905,182.93345505810538,0.6465743659560543,276.8621830464856,327.9452032212586,277.1884426020705,277.1884426020705,50.75676061918813,0.15477207814179697,58.0,58.0,31.9627685546875,113.56031861572919,49.474999999999994,0.0,0.09147200578100514,7235.544210841338,21480.0,-14244.455789158663,8953.0,9251.0,298.0,0.03221273375851259,2,0,1.3636363636363635,0.8761904761904762,80.05674384614377,4.516449084511661,0.09147200578100514,5.999702477266908,0.0,5.999702477266908,0.0,14.99815168824848,22.866430597887813,284.08091845785543,0.9943021687342329,256,111.78452421490482,0.0007987092250264088,111,323.9168314145961,0.0017368325825441412,0.15030064235453963,423.27415230407405,352.18675220909034,0.22521797885341344,0.21387678182138203,59.7368,0.980758,0.5459280942057639,0.9005583232601697,0.8266459993871592,0.8307113098167527,276.13382936013966,323.9168314145961,58.0,5372.964547959641,278.7030563464002,9021.0,46.729382613091104
309,15.45,156.2981417378182,200.3443365093687,418.8444131428939,182.87017035516809,0.6613845680516875,275.8697753619325,315.3597190204874,273.91549030016074,273.91549030016074,41.444228720326635,0.1314189042565522,57.0,57.0,33.55657958984375,113.5919019763664,49.89999999999999,2.999986993314881,0.09512285264646304,6083.612914091909,21457.0,-15373.38708590809,9043.0,9356.0,313.0,0.033454467721248396,2,0,1.3636363636363635,0.8819599109131403,72.90045477546539,4.358491061408285,0.09512285264646304,5.999731601344907,0.0,5.999731601344907,0.0,14.998234029971941,25.144170274493206,269.2175831146773,0.9868524596100778,273,106.20218118348333,0.003650846865457899,107,323.9168314145961,0.10421043697171539,0.06380372930989468,423.27415230407405,352.18675220909034,0.25495162578711517,0.21669462683777807,59.8496,0.982333,0.5516116576460705,0.9005583232601697,0.714525141507671,0.6216245498361577,276.2202255609486,323.99211087015817,58.0,5372.964547959641,281.1362084049243,9021.0,46.729382613091104
310,15.5,156.30442861389676,200.34158949792788,418.46517851915485,182.9074320153033,0.6609381207028266,275.87084960645234,310.2701858352945,304.23293236410603,304.23293236410603,6.037253471188478,0.019458052197104513,58.0,58.0,31.9627685546875,113.60246757531048,51.27499999999999,0.0,0.09668296633656083,6103.046969138915,21453.5,-15350.453030861085,9038.0,9350.0,312.0,0.03336898395721925,2,0,1.3636363636363635,0.8893905191873589,73.26094744303845,4.451725981526518,0.09668296633656083,5.999727845113908,0.0,5.999727845113908,0.0,14.998185275215492,22.724845046037558,266.5474276689275,0.9944341029059592,268,123.78006734717111,0.0015601136900977863,105,323.99211087015817,0.0068608223037036585,0.38106079719456054,423.27415230407405,352.18675220909034,0.26697582607784454,0.21669157662503413,59.9624,0.983823,0.5516055053993941,0.8997362372128386,0.8266459993871592,0.6251520202803841,276.2202255609486,325.1060286898035,58.0,5348.941264415311,281.2293649325708,9021.0,50.75676061918813
311,15.55,156.2957007806385,200.35169580372752,419.53097868862346,182.83856676287436,0.65733197475884,276.86469205608813,321.1736699216981,304.07510240656336,304.07510240656336,17.098567515134732,0.053237762358612245,58.0,58.0,32.78131103515625,113.58095399603555,49.3,0.0,0.09340038989619223,5220.743950843853,21465.0,-16244.256049156147,9039.0,9328.0,289.0,0.0309819897084048,2,0,1.3636363636363635,0.8855721393034826,83.91372907927312,4.479172928716727,0.09340038989619223,5.999689886184493,0.0,5.999689886184493,0.0,14.9981248237329,24.785229706982363,275.3906255047983,0.9882075794133799,261,123.78718454059374,0.003282576440368598,109,323.99211087015817,0.013353369997863586,1.068022670279724,423.27415230407405,352.18675220909034,0.24121596328667017,0.21386965773285005,60.0752,0.98523,0.5459137249949342,0.8997362372128386,0.8266459993871592,0.46500542131481887,275.87084960645234,323.99211087015817,58.0,5348.941264415311,281.1362084049243,9019.0,50.75676061918813
312,15.6,156.34551483761814,200.3914829686885,419.05823224975006,182.82592148120563,0.6602688901690084,276.86797228011807,323.99211087015817,265.5831120670791,265.5831120670791,58.408998803079044,0.1802790773090361,55.0,55.0,33.55657958984375,113.52504313102924,48.099999999999994,0.0,0.08332833021113852,5260.95061831693,21456.5,-16195.549381683071,9021.0,9311.0,290.0,0.031145956395661045,2,0,1.3636363636363635,0.8855721393034826,83.99784022482785,4.493595220335396,0.08332833021113852,5.999687732527273,0.0,5.999687732527273,0.0,14.998101407301895,21.764956797758202,281.2293649325708,0.9976321409312449,244,107.51134861953841,0.010072059685053716,110,323.99211087015817,0.06375310791172117,0.47291553010655474,423.27415230407405,352.18675220909034,0.23455729789659607,0.2138603438560237,60.188,0.986555,0.5458949390043955,0.8997362372128386,0.4902834257486946,0.47230332341651987,275.87084960645234,323.99211087015817,58.0,5449.027688230375,281.1362084049243,8997.0,50.75676061918813
313,15.65,156.34498622900122,200.3851892086242,418.4373513597795,182.9047758482355,0.6576843596173494,276.2202255609486,326.4127513130869,267.5426471949858,267.5426471949858,58.870104118101096,0.18035479276247504,58.0,58.0,33.55657958984375,113.50912701534301,49.824999999999996,0.0,0.09190164315238318,4810.156329216742,21454.0,-16643.84367078326,9019.0,9312.0,293.0,0.031464776632302405,2,0,1.3636363636363635,0.8732057416267942,86.6081442412045,4.475591447170043,0.09190164315238318,5.999715389744022,0.0,5.999715389744022,0.0,14.998231389774876,24.120668440984275,281.29413609258376,0.9904332117881322,239,106.41038321207182,0.008573312941244665,111,323.99211087015817,0.00631591979182757,0.6258682694707713,423.27415230407405,352.18675220909034,0.2288384501244085,0.21569955761152826,60.3008,0.987799,0.5496046135957484,0.8997362372128386,0.8266459993871592,0.3904797653695363,275.87084960645234,323.99211087015817,58.0,5272.629585354356,281.2293649325708,8997.0,50.75676061918813
314,15.7,156.3421990411628,200.38643679580704,418.6154338232299,182.88824724529812,0.6492858820765797,276.2221912594218,325.65141224315914,265.67117554152117,265.67117554152117,59.98023670163798,0.18418540330742253,58.0,58.0,32.78131103515625,113.57192624771749,49.65,0.0,0.09211612423803817,5449.027688230375,21458.0,-16008.972311769625,8997.0,9288.0,291.0,0.03133074935400517,2,0,1.3636363636363635,0.8725961538461539,85.79855769062655,4.53942716620378,0.09211612423803817,5.999699221729361,0.0,5.999699221729361,0.0,14.998124095178692,23.306660270948328,281.34692865530275,0.9929100969096479,246,107.9121777391216,0.00021448108565498558,110,323.99211087015817,0.003053668257275332,0.17884786412936968,423.27415230407405,352.18675220909034,0.2306371403250349,0.21569397620206066,60.4135,0.988964,0.5495933559521906,0.8997362372128386,0.8266459993871592,0.5064411450781187,275.8697753619325,321.1736699216981,58.0,5272.629585354356,275.3906255047983,8997.0,44.653265802855174
315,15.75,156.34082097596814,200.38730145270293,418.4977391612029,182.84958278195958,0.6488536182918205,275.86629512702314,325.5059968919184,267.94991860851644,267.94991860851644,57.55607828340197,0.17682033152376297,58.0,58.0,32.78131103515625,113.56133832366655,49.65,0.0,0.09215790654236196,5272.629585354356,21441.0,-16168.370414645644,8956.0,9256.0,300.0,0.032411408815903195,2,0,1.3636363636363635,0.8904428904428905,82.11690869670954,4.648685115656703,0.09215790654236196,5.9996981617243765,0.0,5.9996981617243765,0.0,14.99833178046749,23.169444480773393,281.33852246895316,0.9933291104946907,257,107.161605290128,4.1782304323792485e-05,110,325.5059968919184,0.0016268666903865388,0.12388290517626455,423.27415230407405,352.18675220909034,0.2309806891820798,0.21670450862602686,60.5263,0.990051,0.5516315891079107,0.8832039102127721,0.8266459993871592,0.47442316978640875,275.86629512702314,321.1736699216981,58.0,5272.629585354356,275.3906255047983,8972.0,44.653265802855174
316,15.8,157.29723514091484,200.53576585427385,419.21495115109605,182.3846721198349,0.6636055464845465,274.2302131670358,306.0050053852665,267.99107960089043,267.99107960089043,38.013925784376056,0.12422648360446181,55.5,55.5,32.78131103515625,113.57008602195884,49.425,0.0,0.08822712645339494,4340.906069767233,21434.5,-17093.593930232768,8972.0,9281.0,309.0,0.03329382609632583,2,0,1.2727272727272727,0.9069767441860465,82.0094821263329,4.742301073714104,0.08822712645339494,2.9997976502366948,0.0,2.9997976502366948,0.0,17.998196280823876,24.717569774141452,260.28944168006444,0.9878447222181942,272,107.78740536097064,0.003930780088967023,104,325.5059968919184,0.9678686550583668,0.8547133801478084,423.27415230407405,352.18675220909034,0.27705246417825935,0.2213500040903651,60.6391,0.991063,0.5610015040711515,0.8832039102127721,0.5463438546884387,0.3053062687858304,274.23299728481174,323.99211087015817,58.0,5272.629585354356,281.2293649325708,8967.0,57.55607828340197
317,15.85,157.30077824869272,200.53326307778244,419.7914527552491,182.30885830430708,0.6583734042812859,274.2280461626986,312.073120572429,267.4198547695738,267.4198547695738,44.653265802855174,0.14308590794666537,59.0,59.0,32.78131103515625,113.59503130684655,51.474999999999994,0.0,0.09612525094553986,6189.303740719115,21435.0,-15245.696259280885,8967.0,9276.0,309.0,0.0333117723156533,2,0,1.2727272727272727,0.9065420560747663,79.5216354265677,4.603483842433155,0.09612525094553986,5.9996563350426,0.0,5.9996563350426,0.0,14.998487234334997,27.831371563110906,263.2436054399405,0.9781037598457718,256,108.32353447828254,0.007898124492144928,106,312.073120572429,0.0043379145786521306,0.5814652476424923,423.27415230407405,352.18675220909034,0.2627163296561512,0.22135615708823797,60.7519,0.992002,0.5610139146024458,1.0,0.9387668572666474,0.6408084651977004,274.23299728481174,323.99211087015817,58.0,5272.629585354356,281.2293649325708,8956.0,57.55607828340197
318,15.9,157.14911657893018,200.42936006219648,419.87633758205664,182.28749684936219,0.6414891854173391,274.2273327797593,334.04599023142697,265.7650795387569,265.7650795387569,68.28091069267009,0.20440571864181065,59.0,59.0,33.55657958984375,113.60236855109557,51.325,0.0,0.08980222048995372,5057.82502461725,21432.0,-16374.17497538275,8930.0,9239.0,309.0,0.03344517804957246,2,0,1.2727272727272727,0.9065420560747663,79.54164654836462,4.481395310277689,0.08980222048995372,5.999708034225241,0.0,5.999708034225241,0.0,14.998411270688328,28.97751900463578,284.0703519218776,0.9761128708828564,252,109.31410778841915,0.0063230304555861455,113,312.073120572429,0.18383987250599154,0.08753139767823992,423.27415230407405,352.18675220909034,0.21080465600589482,0.22135818266965124,60.8647,0.992869,0.5610180001786216,1.0,0.9387668572666474,0.4354340479869461,274.2304345396019,316.261213034728,59.0,5449.027688230375,271.8750463618617,8955.0,48.88866914589249
319,15.95,157.13171955760285,200.4842012915549,420.1013156340008,182.24856542708233,0.6750992824962456,274.23299728481174,305.08610107243754,267.31716731912826,267.31716731912826,37.768933753309284,0.12379762178789551,59.0,59.0,31.9627685546875,113.52769065642508,51.275,0.0,0.09832643031831435,6858.654894040486,21430.0,-14571.345105959514,8912.0,9220.0,308.0,0.0334056399132321,2,0,1.2727272727272727,0.9039812646370023,80.11591603679437,4.747109856236735,0.09832643031831435,5.999713031209787,0.0,5.999713031209787,0.0,14.998357923464116,27.35960715542376,256.7284229623399,0.9791483906399282,241,108.42810142918462,0.008524209828360635,104,312.073120572429,0.057534483473891056,0.2283216579681462,423.27415230407405,352.18675220909034,0.27922340778024146,0.2213420988589545,60.9774,0.993667,0.5609855593034404,1.0,0.9387668572666474,0.762302224705897,274.2302131670358,316.261213034728,59.0,5456.415139146544,271.8750463618617,8953.0,48.88866914589249
320,16.0,157.14452414714185,200.4620769531541,420.07974731590554,182.2555228126953,0.6694309685994351,274.2304345396019,307.55794859215683,267.23505298619665,267.23505298619665,40.322895605960184,0.13110666068146767,59.0,59.0,33.55657958984375,113.56724923857143,51.3,0.0,0.09753677452615514,5456.415139146544,21430.5,-15974.084860853456,8953.0,9260.0,307.0,0.033153347732181426,2,0,1.2727272727272727,0.9014084507042254,79.0451066215184,4.553195527930717,0.09753677452615514,5.999713168812081,0.0,5.999713168812081,0.0,14.998544967242564,26.667811363239764,259.89187909286244,0.9815659024481811,251,108.55922939187248,0.0007896557921592134,104,312.4306149331174,0.025562548052481922,0.022662690926408022,423.27415230407405,352.18675220909034,0.27338358149681763,0.22134937552451273,61.0902,0.994399,0.5610002362605098,1.0,0.9387668572666474,0.507782039436086,274.2280461626986,316.261213034728,59.0,5481.654603665026,271.8750463618617,8953.0,48.88866914589249
321,16.05,157.1501380384056,200.42706066500406,419.37968781608515,182.3723116748894,0.6573340756631327,274.2269813746617,332.3075266637685,267.22899623585687,267.22899623585687,65.07853042791163,0.19583826788780087,55.0,55.0,32.78131103515625,113.6058570350628,48.0,0.0,0.08124457406625588,6043.578398616911,21428.5,-15384.921601383088,8786.0,9092.0,306.0,0.03365596128464584,2,0,1.2727272727272727,0.9009433962264151,81.1544850497688,4.630078649743826,0.08124457406625588,2.999855124235168,0.0,2.999855124235168,0.0,17.99846443205748,24.320292163035617,286.98891494444024,0.990003318191152,250,107.90872664157203,0.016292200459899264,113,316.261213034728,0.03546344894293699,0.7097344162581954,423.27415230407405,352.18675220909034,0.2149118370331209,0.22135918045021907,61.203,0.995067,0.5610200126914191,0.9841611735570089,0.4902834257486946,0.6143578950003344,274.2273327797593,316.261213034728,59.0,5519.088396871517,271.8750463618617,8953.0,48.88866914589249
322,16.1,157.13012699118764,200.54910066218432,418.8997355995372,182.43005739941498,0.6641417753085062,274.2333005461794,312.4306149331174,267.31929536761004,267.31929536761004,45.11131956550736,0.14438828145943516,59.0,59.0,33.55657958984375,113.52171150336534,53.79999999999997,245.03238654886204,0.0960153395160536,4663.208206770058,21433.0,-16769.791793229942,8955.0,9261.0,306.0,0.03304178814382896,2,0,1.2727272727272727,0.8983451536643026,82.27155428418385,4.725102270548829,0.0960153395160536,2.9998093223477786,0.0,2.9998093223477786,0.0,17.998356824958027,25.400193895581992,266.0322548902296,0.9859103828566271,258,107.49608300366549,0.014770765449797718,106,316.261213034728,0.12366973325157414,0.48341358986922733,423.27415230407405,352.18675220909034,0.261871736716227,0.22134123777782144,61.3158,0.995674,0.5609838225119494,0.9841611735570089,0.9387668572666474,0.3638072486193535,274.2269813746617,325.84875943131897,59.0,5630.025260686843,278.19871601041376,8931.0,58.525130777233926
323,16.15,157.13463003106972,200.54969641100794,415.9761862353243,183.04543329476667,0.6722528272606375,273.8723296996082,316.261213034728,267.3725438888355,267.3725438888355,48.88866914589249,0.1545831962028304,59.0,59.0,33.55657958984375,113.54513541830838,49.75,0.0,0.09485240651935267,5481.654603665026,21421.5,-15939.845396334975,8863.0,9178.0,315.0,0.03432120287644367,2,0,1.2727272727272727,0.9084668192219679,76.03127754620913,4.6097867562572965,0.09485240651935267,2.9998015934340807,0.0,2.9998015934340807,0.0,17.99838495617072,23.387980123261514,271.8750463618617,0.992443608399762,254,104.75720527548681,0.0011629329967009217,107,325.84875943131897,0.004542277494877308,2.9876124878520858,423.27415230407405,352.18675220909034,0.2528218146249326,0.22236617935869296,61.4286,0.996223,0.5630511187839573,0.8794607866861051,0.9387668572666474,0.512363248293512,273.8773079594603,326.0882302865197,59.0,5630.025260686843,278.2054631814705,8930.0,58.894895054841015
324,16.2,157.14693099054114,200.58077209958813,415.8021929548596,183.05698285896338,0.6595230980580866,273.8773079594603,330.644148422286,267.3322540304324,267.3322540304324,63.31189439185357,0.19148046228537532,59.0,59.0,33.55657958984375,113.59008817080574,54.0,269.15562740333746,0.09072670129761928,5519.088396871517,21423.0,-15903.911603128483,8888.0,9203.0,315.0,0.034227969140497666,2,0,1.2727272727272727,0.9084668192219679,76.15291138807065,4.369080462410483,0.09072670129761928,2.999853812813643,0.0,2.999853812813643,0.0,17.998472863444125,22.49026930954801,287.1555524364802,0.9954877694330619,251,104.64034666728618,0.004125705221733389,112,326.0882302865197,0.03342172982731867,0.17437618553001072,423.27415230407405,352.18675220909034,0.21884162634916582,0.22235204407444142,61.5414,0.996718,0.5630226080659004,0.8768456555413171,0.9387668572666474,0.5191578466844187,273.8773079594603,325.84875943131897,59.0,5630.025260686843,278.2054631814705,8931.0,58.525130777233926
325,16.25,157.14656111723434,200.5167323202108,416.5722305341423,182.98527201855453,0.6591555364067212,273.87695041280995,325.84875943131897,267.32362865408504,267.32362865408504,58.525130777233926,0.1796082663606691,59.5,59.5,33.55657958984375,113.58646356926447,49.64999999999999,263.1987334818757,0.8905878934574781,5630.025260686843,21425.0,-15794.974739313158,8969.0,9284.0,315.0,0.033929340801378716,2,0,1.2727272727272727,0.910958904109589,81.55222945413851,4.33706775035516,0.8905878934574781,5.999726201457278,0.0,5.999726201457278,0.0,17.99850653703278,23.651810682415146,278.19871601041376,0.9989368624367958,255,105.39494876103872,0.7998611921598588,110,326.0882302865197,0.06404084750345918,0.7733694577236065,423.27415230407405,352.18675220909034,0.23017090068558232,0.22235305929335047,61.6541,0.997162,0.5630246557516468,0.8768456555413171,0.9948272862063915,0.5392939689366822,273.8773079594603,326.0882302865197,59.0,5630.025260686843,280.9947766498996,8939.0,58.894895054841015
326,16.3,157.14700517726777,200.51673906743875,416.37274784442695,183.00464900377267,0.6592218963831866,273.87715766716843,326.0882302865197,267.1933352316787,267.1933352316787,58.894895054841015,0.18061030599936895,59.5,59.5,33.55657958984375,113.58855497184888,49.87499999999999,263.20548912128277,0.889954589332165,6661.322228999477,21425.0,-14763.677771000523,8986.0,9300.0,314.0,0.03376344086021505,2,0,1.2727272727272727,0.9105504587155964,85.37486500479595,4.318110700502796,0.889954589332165,5.9997243486012195,0.0,5.9997243486012195,0.0,17.99850935154971,23.884533404898264,278.2054631814705,0.9996513204565747,256,105.25659882116139,0.00063330412531315,110,326.0882302865197,0.0004441112905291319,0.20042158329934426,423.27415230407405,352.18675220909034,0.22960514240835894,0.22235247081477427,61.7669,0.997559,0.563023468796615,0.8768456555413171,0.9948272862063915,0.7264844223003291,273.8773079594603,327.6077436292103,59.0,5630.025260686843,281.2165782606528,8939.0,60.24189438802961
327,16.35,157.13488664728442,200.60204387472817,416.47603359939484,182.9954535357081,0.6512791428529665,273.8734785845774,328.76613053083315,267.23054931679286,267.23054931679286,61.53558121404029,0.18717129138175992,59.5,59.5,33.55657958984375,113.55462696478054,49.79999999999998,266.21660948233597,0.8918641859475449,6460.295334358382,21426.5,-14966.204665641617,8931.0,9245.0,314.0,0.03396430502974581,2,0,1.2727272727272727,0.9105504587155964,85.28297006887831,4.437595523411571,0.8918641859475449,2.9998374646635706,0.0,2.9998374646635706,0.0,20.99829861412481,23.55141619139198,281.2165782606528,0.9986412229061579,252,105.32732315207832,0.001909596615379927,111,327.6077436292103,0.08616129592596805,0.10369428051832293,423.27415230407405,352.18675220909034,0.22327850935095062,0.2223629172116588,61.8797,0.997913,0.5630445390680706,0.8602518756257621,0.9948272862063915,0.6899960812090895,273.8773079594603,326.0882302865197,59.0,5548.6793081674405,280.9947766498996,8955.0,58.894895054841015
328,16.4,157.14515533381052,200.58170372750635,416.38229147101964,183.00399256087195,0.6403836623864834,273.8765290637167,327.6077436292103,267.3658492411807,267.3658492411807,60.24189438802961,0.1838842199536406,57.5,57.5,33.98748779296875,113.58228969744978,50.849999999999994,266.25221533071317,0.8951266235248706,6922.642175767828,21426.5,-14503.857824232171,8902.0,9217.0,315.0,0.034175979168926986,2,0,1.2727272727272727,0.9105504587155964,85.35783560342276,4.511578426645066,0.8951266235248706,2.999812903832104,0.0,2.999812903832104,0.0,17.99852133382004,22.357343823180884,284.25206556837725,0.9958517171466287,257,105.21662890241025,0.003262437577325694,111,327.6077436292103,0.022785247683019202,0.09413023734731014,423.27415230407405,352.18675220909034,0.2260152389511807,0.22235425567308542,61.9925,0.998227,0.5630270688368528,0.8602518756257621,0.7705855704474152,0.7739165401204433,273.8773079594603,327.6077436292103,59.0,5548.6793081674405,281.13197289096985,8957.0,58.894895054841015
329,16.45,157.14593134140378,200.55049273238518,416.2078653142049,183.02124791451755,0.639804154379199,273.87822083643175,322.88208565216877,267.3711142995326,267.3711142995326,55.51097135263615,0.17192335474578313,56.0,56.0,32.78131103515625,113.59972714760644,47.875,0.0,0.08361641685851051,4557.20014757735,21425.5,-16868.29985242265,8939.0,9249.0,310.0,0.03351713698778246,2,0,1.2727272727272727,0.91725768321513,78.76711375767779,4.4700239868579175,0.08361641685851051,2.9998734688044433,0.0,2.9998734688044433,0.0,17.998535418262996,20.888900115201693,280.9947766498996,0.9996608397407848,262,104.99551658481803,0.8115102066663601,109,327.6077436292103,0.03122064067629867,0.1752775838793631,423.27415230407405,352.18675220909034,0.23717977132651624,0.22234945204914314,62.1053,0.998503,0.5630173799784308,0.8602518756257621,0.6024042836281828,0.3445657524546255,273.87822083643175,327.6077436292103,58.5,5630.025260686843,281.13197289096985,8969.0,58.894895054841015
330,16.5,156.3619552044411,200.4374239966483,418.1599542661665,182.19033939999045,0.6469698498297283,274.87758061930754,334.7227818791987,265.3837806834872,265.3837806834872,69.33900119571149,0.20715351613185357,58.5,58.5,33.98748779296875,113.63731736664822,50.099999999999994,0.0,0.08962032719862655,7122.923086611618,21431.0,-14308.076913388382,8991.0,9298.0,307.0,0.03301785330178533,2,0,1.2727272727272727,0.91725768321513,78.87016323957563,4.27213419538406,0.08962032719862655,5.999674238381324,0.0,5.999674238381324,0.0,17.998469101293498,26.778036192009665,283.9466023475142,0.9916949398044317,264,107.3226370221392,0.006003910340116034,113,328.76613053083315,0.792087824883112,2.121570228836191,423.27415230407405,352.18675220909034,0.2092057120493891,0.21951186722629756,62.218,0.998745,0.5572940015583783,0.8476017614329144,0.8827064283269033,0.8102694778802372,274.87758061930754,326.94778870352104,58.5,6198.951690982731,280.9947766498996,8982.0,58.525130777233926
331,16.55,155.80640596383367,200.457158737356,417.85908128706274,183.2420574910507,0.6789171186601961,275.2680769955227,333.3887261981503,265.49825986874873,265.49825986874873,67.89046632940159,0.20363755878490847,60.0,60.0,33.55657958984375,113.62058466404477,49.44999999999998,266.13611122433724,0.8882549013253254,5548.6793081674405,21433.0,-15884.32069183256,8995.0,9300.0,305.0,0.032795698924731186,2,0,1.1818181818181819,0.91725768321513,78.82416786798818,4.266443697679221,0.8882549013253254,5.999706026628738,0.0,5.999706026628738,0.0,17.998541778113903,25.254668626235798,284.1358097671719,0.9962313638021869,267,107.23310681491031,0.7986345741266988,113,327.6077436292103,0.5558996480753481,1.0939083565903456,423.27415230407405,352.18675220909034,0.21235746528966248,0.21840309077810427,62.3308,0.998957,0.5550576112502681,0.8602518756257621,1.0,0.5245288855520984,274.87859159114464,327.6077436292103,58.5,6198.951690982731,281.13197289096985,8986.0,58.894895054841015
332,16.6,155.80660067345536,200.457226024682,418.11532329019013,183.23258750213844,0.6840756053639315,275.2655998990462,321.595500358502,265.52284084954596,265.52284084954596,56.072659508956065,0.17435772405536915,58.0,58.0,33.55657958984375,113.61472748985778,48.5,0.0,0.09327884846919138,4754.518829407558,21430.5,-16675.981170592444,8957.0,9262.0,305.0,0.03293025264521702,2,0,1.1818181818181819,0.91725768321513,78.80811486986184,4.282251880254351,0.09327884846919138,5.999695133269784,0.0,5.999695133269784,0.0,17.998537569804554,25.59859240908088,271.9986752463468,0.9950236875073734,259,107.4879542558921,0.794976052856134,109,326.94778870352104,0.000206008303282924,0.2564169355887777,423.27415230407405,352.18675220909034,0.24021937411507133,0.21841012425242134,62.4436,0.999141,0.5550717976931896,0.8674588849249913,0.8266459993871592,0.38038101677111735,274.87859159114464,328.76613053083315,58.5,5801.92565058931,281.2165782606528,8982.0,60.24189438802961
333,16.65,155.80651053614088,200.45724334303452,418.26845051942723,183.22789933030677,0.6787552492731775,275.26666509479605,329.02946119751977,276.74697769957606,276.74697769957606,52.2824834979437,0.15889909465146038,58.0,58.0,33.98748779296875,113.61724101404812,51.72499999999998,263.1321763397615,0.09117134477330548,4707.8997905284,21429.5,-16721.6002094716,8982.0,9287.0,305.0,0.03284160654678583,2,0,1.1818181818181819,0.91725768321513,78.81500079510307,4.269649867141121,0.09117134477330548,5.999695086585888,0.0,5.999695086585888,0.0,17.998538023748754,23.89925519621528,281.13197289096985,0.9996991822137776,262,111.30875669680711,0.002107503695885901,111,329.02946119751977,9.17859509778775e-05,0.15319897939919402,423.27415230407405,352.18675220909034,0.22265638143396538,0.21840709973277894,62.5564,0.999301,0.5550656972692258,0.8447260702459738,0.8266459993871592,0.371919206748108,274.87904293160335,327.6077436292103,58.5,5548.6793081674405,281.13197289096985,8982.0,56.072659508956065
334,16.7,156.36405952160135,200.4369307298041,418.5065815165287,182.35951486085835,0.6619331965285962,274.87904293160335,320.51236733667236,277.02159911905784,277.02159911905784,43.490768217614516,0.135691388694312,58.5,58.5,33.98748779296875,113.65936170977773,54.599999999999994,253.94804613678443,0.09359390158961144,6198.951690982731,21426.5,-15227.54830901727,9016.0,9326.0,310.0,0.033240403173922364,2,0,1.2727272727272727,0.8952164009111617,78.96004293898076,4.216402724565225,0.09359390158961144,5.999670378151075,0.0,5.999670378151075,0.0,17.998512657112983,24.566576897478342,271.94760740392996,0.9982266086424764,267,110.79230994151706,0.0024225568163059596,109,329.02946119751977,0.5579188771176772,0.9004432011846923,423.27415230407405,352.18675220909034,0.2427783137902999,0.21950771513287937,62.6692,0.99944,0.5572856268300965,0.8447260702459738,0.8827064283269033,0.6425596622237434,275.2521654196868,326.94778870352104,58.5,4941.7000110366125,280.9947766498996,8982.0,55.51097135263615
335,16.75,156.36341322540463,200.43669455686538,418.64342767721274,182.33461246678533,0.6569669766322486,274.87859159114464,326.94778870352104,277.0436121632986,277.0436121632986,49.904176540222466,0.15263653177809375,58.5,58.5,33.98748779296875,113.65205261122998,54.324999999999996,260.20537417726734,0.09175177147593294,6440.489104617809,21427.0,-14986.510895382191,9011.0,9321.0,310.0,0.03325823409505418,2,0,1.2727272727272727,0.8952164009111617,78.93980939552237,4.198124327024217,0.09175177147593294,5.999658522252129,0.0,5.999658522252129,0.0,17.998548573544593,24.744651957406973,278.20492965031735,0.9977169294688605,266,110.79299803610553,0.0018421301136784946,111,326.94778870352104,0.0006880962366380386,0.13909349706055738,423.27415230407405,352.18675220909034,0.22757440556245812,0.2195089966701771,62.782,0.999559,0.5572882116772013,0.8674588849249913,0.8827064283269033,0.6864010574298297,275.2521654196868,326.94778870352104,58.5,5178.196771724832,278.20492965031735,8982.0,52.2824834979437
336,16.8,155.80754503097066,200.4569535890478,418.19853468930984,183.23331384100976,0.6528467630773545,275.25435811653614,339.8973499500651,276.7268172095437,276.7268172095437,63.17053274052142,0.1858517954017644,58.5,58.5,34.76275634765625,113.58865385982536,53.0,0.0,0.08825612438491177,5801.92565058931,21432.0,-15630.07434941069,8997.0,9305.0,308.0,0.03310048361096185,2,0,1.1818181818181819,0.8952164009111617,78.76592192248026,4.327806591693042,0.08825612438491177,5.99971832450599,0.0,5.99971832450599,0.0,17.998469098745424,25.717978213807214,290.1811843130065,0.9949402641979749,248,111.30788467850677,0.0034956470910211673,115,326.94778870352104,0.5562372497129708,1.0027930647536671,423.27415230407405,352.18675220909034,0.19698061386491716,0.21844204419955038,62.8947,0.999659,0.5551361798871937,0.8674588849249913,0.8827064283269033,0.570495565477666,275.2521654196868,322.8598471252083,58.5,5165.630876140378,275.2104971455536,8980.0,49.904176540222466
337,16.85,156.34837395563284,200.4428236117472,417.99983527430066,182.42644289907076,0.6606371118100153,274.8690299109046,341.8478602831041,276.5330563102957,276.5330563102957,65.31480397280842,0.19106395435301957,59.5,59.5,33.55657958984375,113.55108011945279,51.699999999999996,0.0,0.8925308229179063,4770.859822081062,21425.5,-16654.64017791894,8846.0,9155.0,309.0,0.03375204806116876,2,0,1.2727272727272727,0.8990825688073395,81.61752688529282,4.586489967975128,0.8925308229179063,5.999736044510103,0.0,5.999736044510103,0.0,17.99819087328983,24.738298394908952,293.11163497039524,0.9978342076604023,254,110.8049966689984,0.8042746985329945,116,322.8598471252083,0.541013476735806,0.8309766389439058,423.27415230407405,352.18675220909034,0.19237246493254911,0.21953614613045658,63.0075,0.999744,0.557342971849947,0.9121010746000453,0.9948272862063915,0.3833470662417854,274.87904293160335,321.595500358502,58.5,5165.630876140378,271.9986752463468,8957.0,46.32679081491261
338,16.9,155.8066656915862,200.4571121001829,417.95289023920765,183.47912900612073,0.6618699997413445,275.2650065298386,322.8598471252083,276.5330563102957,276.5330563102957,46.32679081491261,0.14348885817611942,58.5,58.5,32.78131103515625,113.5266338670269,53.775,257.21080032119437,0.8895767965700949,4442.106999840326,21424.5,-16982.393000159675,8914.0,9222.0,308.0,0.03339839514205162,2,0,1.0833333333333333,0.8990825688073395,81.78659409097678,4.480362503746893,0.8895767965700949,5.9996780654953845,0.0,5.9996780654953845,0.0,17.99829332291153,23.651378591247806,275.2104971455536,0.998926491478438,250,111.30865606365917,0.0029540263478113893,109,322.8598471252083,0.5418966730274273,1.0537323551528133,423.27415230407405,352.18675220909034,0.23723231062483952,0.2184118090665259,63.1203,0.999813,0.5550751959453266,0.9121010746000453,0.8827064283269033,0.3236752241529738,274.8788180607476,321.15612633728034,58.5,5165.659622283759,271.94760740392996,8946.0,44.623070026984635
339,16.95,155.8077060604836,200.45703403178166,419.00546900565945,183.2138627174635,0.6508026273982404,275.2521654196868,321.15612633728034,276.5330563102957,276.5330563102957,44.623070026984635,0.13894509980519937,58.5,58.5,32.78131103515625,113.49555650974995,52.77499999999999,254.2532626455922,0.885086876932498,4941.7000110366125,21423.5,-16481.799988963387,8874.0,9182.0,308.0,0.033543890219995647,2,0,1.0833333333333333,0.8990825688073395,81.70567644964864,4.5952145294933935,0.885086876932498,5.999678935314352,0.0,5.999678935314352,0.0,17.998272834879643,27.905177712979878,269.25299685410647,0.9878338738627004,260,111.30770581508105,0.004489919637596929,109,321.15612633728034,0.0010432938790028586,1.0854898725843418,423.27415230407405,352.18675220909034,0.24125741061890682,0.21844827014881052,63.2331,0.999868,0.5551487375606606,0.9307064839756376,0.8827064283269033,0.4143562259755179,274.87859159114464,320.51236733667236,59.5,5165.659622283759,269.25299685410647,8946.0,43.490768217614516
340,17.0,156.3637313852913,200.43681080256806,418.36711657090314,182.38909531762218,0.6445962395501141,274.8788180607476,315.30454090252243,276.5330563102957,276.5330563102957,38.77148459222673,0.12296519574772974,59.5,59.5,34.76275634765625,113.57098163368856,53.75,0.0,0.09513909239769908,5178.196771724832,21424.5,-16246.303228275168,8980.0,9290.0,310.0,0.03336921420882669,2,0,1.1666666666666667,0.8990825688073395,81.90310013594018,4.3123562150065435,0.09513909239769908,5.9996539125163135,0.0,5.9996539125163135,0.0,17.998316037315803,28.426218887270352,262.88035206541997,0.9859556448988559,261,110.79265930582649,0.7899477845347989,107,315.3050888188854,0.5563929733806037,1.0429453939686153,423.27415230407405,352.18675220909034,0.25508198602211785,0.21950835363178467,63.3459,0.999912,0.5572869146756002,0.9946024868142728,0.9948272862063915,0.457282693532864,274.87859159114464,315.3050888188854,59.5,5165.630876140378,265.8967222939567,8946.0,38.77203250858969
341,17.05,156.36296036870246,200.43668467489616,418.4919716629444,182.3703860573394,0.6389382854430795,274.8782709349621,315.3027842193891,276.5330563102957,276.5330563102957,38.769727909093376,0.12296030942155343,59.5,59.5,34.76275634765625,113.56208211994397,53.79999999999999,0.0,0.09513967568408409,5165.630876140378,21423.0,-16257.369123859622,8945.0,9255.0,310.0,0.03349540788762831,2,0,1.1666666666666667,0.8990825688073395,81.87962097670973,4.353440252248626,0.09513967568408409,5.999650423563786,0.0,5.999650423563786,0.0,17.998343266607996,25.409147430022415,265.8956430991949,0.9955244488457522,267,110.79342645389467,5.832863850113723e-07,107,315.3050888188854,0.000781264852574793,0.1262490809034539,423.27415230407405,352.18675220909034,0.25508613624750676,0.21950990714219387,63.4586,0.999945,0.5572900480895796,0.9946024868142728,0.9948272862063915,0.4550018609854526,274.8788180607476,315.3050888188854,59.5,4941.7000110366125,265.8967222939567,8945.0,38.77203250858969
342,17.1,156.3629679418186,200.4366874186496,418.49330814487763,182.37016185607177,0.6389397329542241,274.87827668821325,315.3050888188854,276.5330563102957,276.5330563102957,38.77203250858969,0.12296671980089975,59.5,59.5,34.76275634765625,113.56217204610637,53.79999999999999,0.0,0.09513898026952178,5165.659622283759,21423.0,-16257.340377716242,8946.0,9256.0,310.0,0.03349178910976664,2,0,1.1666666666666667,0.8990825688073395,81.8798579732157,4.3529816472071925,0.09513898026952178,5.999650415903834,0.0,5.999650415903834,0.0,17.99834326320732,25.410372845817506,265.8967222939567,0.9955205950782556,267,110.79341839916412,6.954145623100372e-07,107,315.30454090252243,8.05482904572009e-06,0.0013551568788143585,423.27415230407405,352.18675220909034,0.2550806915505326,0.21950989080639727,63.5714,0.999969,0.5572900151404514,0.9946084703112804,0.9948272862063915,0.45500707869070844,274.8788180607476,315.30454090252243,59.5,4879.732022886896,265.8956430991949,8914.0,38.77148459222673
343,17.15,156.3629679418186,200.4366874186496,418.49330814487763,182.37016185607177,0.6389397329542241,274.87827668821325,315.3050888188854,276.5330563102957,276.5330563102957,38.77203250858969,0.12296671980089975,59.5,59.5,34.76275634765625,113.56217204610637,53.79999999999999,0.0,0.09513898026952178,5165.659622283759,21423.0,-16257.340377716242,8946.0,9256.0,310.0,0.03349178910976664,2,0,1.1666666666666667,0.8990825688073395,81.8798579732157,4.3529816472071925,0.09513898026952178,5.999650415903834,0.0,5.999650415903834,0.0,17.99834326320732,25.410372845817506,265.8967222939567,0.9955205950782556,267,110.79341839916412,0.0,107,315.3027842193891,0.0,0.0,423.27415230407405,352.18675220909034,0.2550806915505326,0.21950989080639727,63.6842,0.999985,0.5572900151404514,0.9946276540936647,0.9948272862063915,0.45500707869070844,274.8798888668348,315.3027842193891,59.5,4941.7000110366125,265.88317039456206,8941.0,38.769727909093376
344,17.2,156.36323829627898,200.4366306580538,418.5235002302979,182.36508054098695,0.6557722866877669,274.8784635362652,315.1244286027288,276.5330563102957,276.5330563102957,38.59137229243311,0.12246391834345693,59.5,59.5,34.76275634765625,113.56513256447323,54.825,247.88372967990225,0.09519354703429157,4877.977741991272,21424.0,-16546.02225800873,8953.0,9263.0,310.0,0.03346647954226493,2,0,1.1666666666666667,0.8990825688073395,81.88766315251331,4.344181724117432,0.09519354703429157,5.999654470769285,0.0,5.999654470769285,0.0,17.998347147742557,25.24325658965489,265.88317039456206,0.9960483705542457,272,110.79318427002167,5.456676476979505e-05,107,315.1244286027288,0.0002762486189756424,0.030616691281311465,423.27415230407405,352.18675220909034,0.2555075076345603,0.21950936026954204,63.797,0.999994,0.5572889450532549,0.9965753789121405,0.9948272862063915,0.40279001294623495,274.8798888668348,315.1244286027288,59.5,5165.630876140378,265.8782571950278,8941.0,38.59137229243311
345,17.25,156.36570242874126,200.4362121638524,418.6499222428069,182.34354618790707,0.6781207715787155,274.87994369813623,315.0406554375383,276.52486719573744,276.52486719573744,38.51578824180086,0.12225656459579458,59.5,59.5,34.3751220703125,113.59228119594626,54.39999999999999,247.87771368849124,0.0952188110865693,4879.732022886896,21424.0,-16544.267977113104,8897.0,9207.0,310.0,0.03367003367003367,2,0,1.1666666666666667,0.8990825688073395,81.95949934857708,4.248415281877256,0.0952188110865693,5.999668531300992,0.0,5.999668531300992,0.0,17.998277989983066,25.165463115156626,265.8772458010976,0.9962940764192765,269,110.79101618910062,2.5264052277720883e-05,107,315.0836680300305,0.002499417169714092,0.12824294760101868,423.27415230407405,352.18675220909034,0.25570542466949964,0.21950515749399258,63.9098,0.999999,0.5572804680996531,0.9970205029881098,0.9948272862063915,0.40310843203042596,274.8798888668348,315.0836680300305,59.5,5165.659622283759,265.8772458010976,8941.0,38.55880083429304
346,17.3,156.36570242874126,200.4362121638524,418.6499222428069,182.34354618790707,0.6781207715787155,274.87994369813623,315.0406554375383,276.52486719573744,276.52486719573744,38.51578824180086,0.12225656459579458,59.5,59.5,34.3751220703125,113.59228119594626,54.39999999999999,247.87771368849124,0.0952188110865693,4879.732022886896,21424.0,-16544.267977113104,8897.0,9207.0,310.0,0.03367003367003367,2,0,1.1666666666666667,0.8990825688073395,81.95949934857708,4.248415281877256,0.0952188110865693,5.999668531300992,0.0,5.999668531300992,0.0,17.998277989983066,25.165463115156626,265.8772458010976,0.9962940764192765,269,110.79101618910062,0.0,107,315.0406554375383,0.0,0.0,423.27415230407405,352.18675220909034,0.25570542466949964,0.21950515749399258,64.0226,1.0,0.5572804680996531,0.9974902201490982,0.9948272862063915,0.40310843203042596,274.8798888668348,315.0406554375383,59.5,5165.659622283759,265.8772458010976,8941.0,38.51578824180086
347,17.35,156.36570276218313,200.43621228144596,418.6013862154391,182.3516268730779,0.6781193086183127,274.87994388151066,315.0836680300305,276.52486719573744,276.52486719573744,38.55880083429304,0.12237638680345062,59.5,59.5,34.76275634765625,113.59228512132228,54.39999999999999,247.87873250359723,0.0952058126082142,4858.698287000978,21424.0,-16565.301712999022,8896.0,9206.0,310.0,0.03367369107104062,2,0,1.1666666666666667,0.8990825688073395,81.95950976952732,4.249646666041728,0.0952058126082142,5.999668531042969,0.0,5.999668531042969,0.0,17.998277989783432,25.207464314176264,265.8782571950278,0.9961612805864803,269,110.79101583556287,1.2998478355091825e-05,107,315.0406554375383,3.5356998208189337e-07,0.04920409968159857,423.27415230407405,352.18675220909034,0.2556038059142366,0.21950515697331874,64.1353,1.0,0.5572804670494595,0.9974902201490982,0.9948272862063915,0.3992906039194229,274.8798888668348,315.0406554375383,59.5,5165.659622283759,265.8772458010976,8941.0,38.51578824180086
348,17.4,156.36560345609558,200.43617726100877,418.5879249654071,182.35388891686614,0.6582941568785017,274.8798888668348,313.0538175294141,276.52486719573744,276.52486719573744,36.528950333676676,0.11668584852904554,60.0,60.0,34.76275634765625,113.59111589582857,53.625,0.0,0.09582343918651559,6064.881172698391,21424.0,-15359.118827301609,8941.0,9251.0,310.0,0.03350989082261377,2,0,1.1666666666666667,0.8990825688073395,81.95640619171937,4.211595145710158,0.09582343918651559,5.999668607882375,0.0,5.999668607882375,0.0,17.998382737141014,29.11405402859708,259.94171215579365,0.9836577534049941,269,110.79112112613633,0.000617626578301389,106,313.0538175294141,0.0001053001901498581,0.01364998514737105,423.27415230407405,352.18675220909034,0.2603993987695219,0.21950531318213562,64.2481,1.0,0.5572807821209824,1.0,1.0,0.6182245561665551,274.8798888668348,313.1835593579353,59.5,6064.881172698391,259.943047564037,8941.0,36.65869216219784
349,17.45,156.36560345609558,200.43617726100877,418.5879249654071,182.35388891686614,0.6582941568785017,274.8798888668348,313.0538175294141,276.52486719573744,276.52486719573744,36.528950333676676,0.11668584852904554,60.0,60.0,34.76275634765625,113.59111589582857,53.625,0.0,0.09582343918651559,6064.881172698391,21424.0,-15359.118827301609,8941.0,9251.0,310.0,0.03350989082261377,2,0,1.1666666666666667,0.8990825688073395,81.95640619171937,4.211595145710158,0.09582343918651559,5.999668607882375,0.0,5.999668607882375,0.0,17.998382737141014,29.11405402859708,259.94171215579365,0.9836577534049941,269,110.79112112613633,0.0,106,313.0538175294141,0.0,0.0,423.27415230407405,352.18675220909034,0.2603993987695219,0.21950531318213562,64.3609,1.0,0.5572807821209824,1.0,1.0,0.6182245561665551,274.8798888668348,313.0800233867322,59.5,6064.881172698391,259.94171215579365,8941.0,36.55515619099475
350,17.5,156.36560345609558,200.43617726100877,418.5879249654071,182.35388891686614,0.6582941568785017,274.8798888668348,313.0538175294141,276.52486719573744,276.52486719573744,36.528950333676676,0.11668584852904554,60.0,60.0,34.76275634765625,113.59111589582857,53.625,0.0,0.09582343918651559,6064.881172698391,21424.0,-15359.118827301609,8941.0,9251.0,310.0,0.03350989082261377,2,0,1.1666666666666667,0.8990825688073395,81.95640619171937,4.211595145710158,0.09582343918651559,5.999668607882375,0.0,5.999668607882375,0.0,17.998382737141014,29.11405402859708,259.94171215579365,0.9836577534049941,269,110.79112112613633,0.0,106,313.0538175294141,0.0,0.0,423.27415230407405,352.18675220909034,0.2603993987695219,0.21950531318213562,64.4737,1.0,0.5572807821209824,1.0,1.0,0.6182245561665551,274.8798888668348,313.0668285808084,59.5,6064.881172698391,259.94171215579365,8941.0,36.54196138507098
351,17.55,156.36560345609558,200.43617726100877,418.5879249654071,182.35388891686614,0.6582941568785017,274.8798888668348,313.0538175294141,276.52486719573744,276.52486719573744,36.528950333676676,0.11668584852904554,60.0,60.0,34.76275634765625,113.59111589582857,53.625,0.0,0.09582343918651559,6064.881172698391,21424.0,-15359.118827301609,8941.0,9251.0,310.0,0.03350989082261377,2,0,1.1666666666666667,0.8990825688073395,81.95640619171937,4.211595145710158,0.09582343918651559,5.999668607882375,0.0,5.999668607882375,0.0,17.998382737141014,29.11405402859708,259.94171215579365,0.9836577534049941,269,110.79112112613633,0.0,106,313.0538175294141,0.0,0.0,423.27415230407405,352.18675220909034,0.2603993987695219,0.21950531318213562,64.5865,1.0,0.5572807821209824,1.0,1.0,0.6182245561665551,274.8798888668348,313.0668285808084,59.5,6064.881172698391,259.94171215579365,8941.0,36.54196138507098
352,17.6,156.36539748866005,200.43610463551605,418.6136986597902,182.34964097212884,0.6582999500524959,274.87977219200275,313.0800233867322,276.52486719573744,276.52486719573744,36.55515619099475,0.11675978491237042,59.5,59.5,34.76275634765625,113.58868979056989,53.625,0.0,0.0958153898444069,6065.323659574339,21424.0,-15358.67634042566,8945.0,9255.0,310.0,0.03349540788762831,2,0,1.1666666666666667,0.8990825688073395,81.94996918794969,4.218168512962168,0.0958153898444069,5.999668767208868,0.0,5.999668767208868,0.0,17.998382822588553,29.142433384387516,259.9395384125473,0.9835684763948178,270,110.79133950260874,8.049342108684687e-06,106,313.0668285808084,0.00021839653544222885,0.02612141567073633,423.27415230407405,352.18675220909034,0.2603374865143666,0.2195056444689637,64.6992,1.0,0.5572814503229927,1.0,0.9948272862063915,0.6183048718481301,274.8798888668348,313.0538175294141,59.5,6064.881172698391,259.94171215579365,8941.0,36.528950333676676
353,17.65,156.36578665891534,200.43617717562995,418.6628390130341,182.3413786800132,0.6582883586925694,274.87998826269563,313.1835593579353,276.52486719573744,276.52486719573744,36.65869216219784,0.11705177703884793,59.5,59.5,34.76275634765625,113.59324084260538,53.625,0.0,0.0957834666170371,6077.512103397395,21423.0,-15345.487896602604,8937.0,9247.0,310.0,0.03352438628744458,2,0,1.1666666666666667,0.8990825688073395,81.96204728174605,4.219594438196524,0.0957834666170371,5.999657353214847,0.0,5.999657353214847,0.0,17.99832279847226,29.24253164221119,259.943047564037,0.9832540651199059,270,110.7909492206535,3.1923227369806684e-05,106,313.0668285808084,0.00039587315610835664,0.049830109250725535,423.27415230407405,352.18675220909034,0.260092879158497,0.21950503095726415,64.812,1.0,0.5572802128764173,1.0,0.9948272862063915,0.6205171932212531,274.87977219200275,313.0538175294141,59.5,6064.881172698391,259.94171215579365,8943.0,36.528950333676676
354,17.7,156.36536263464555,200.43609234698954,418.59452321657835,182.35284095223147,0.6582970540915848,274.8797521049979,313.0668285808084,276.52486719573744,276.52486719573744,36.54196138507098,0.11672255904824747,59.5,59.5,34.76275634765625,113.58827910195026,53.625,0.0,0.09581931474532085,6065.106061624419,21423.0,-15357.89393837558,8943.0,9253.0,310.0,0.03350264778990598,2,0,1.1666666666666667,0.8990825688073395,81.9488799148444,4.220934269313047,0.09581931474532085,5.9996687941644415,0.0,5.9996687941644415,0.0,17.99834609644618,29.129593681754557,259.9392200084432,0.9836086792893186,270,110.79137645606752,3.5848128283749725e-05,106,313.0668285808084,0.000432426270715822,0.06927071336278454,423.27415230407405,352.18675220909034,0.26036865970519807,0.21950570150405857,64.9248,1.0,0.5572815653621727,1.0,0.9948272862063915,0.6182653756989626,274.8797521049979,313.0538175294141,59.5,6064.881172698391,259.94171215579365,8943.0,36.528950333676676
355,17.75,156.36536263464555,200.43609234698954,418.59452321657835,182.35284095223147,0.6582970540915848,274.8797521049979,313.0668285808084,276.52486719573744,276.52486719573744,36.54196138507098,0.11672255904824747,59.5,59.5,34.76275634765625,113.58827910195026,53.625,0.0,0.09581931474532085,6065.106061624419,21423.0,-15357.89393837558,8943.0,9253.0,310.0,0.03350264778990598,2,0,1.1666666666666667,0.8990825688073395,81.9488799148444,4.220934269313047,0.09581931474532085,5.9996687941644415,0.0,5.9996687941644415,0.0,17.99834609644618,29.129593681754557,259.9392200084432,0.9836086792893186,270,110.79137645606752,0.0,106,313.0668285808084,0.0,0.0,423.27415230407405,352.18675220909034,0.26036865970519807,0.21950570150405857,65.0376,1.0,0.5572815653621727,1.0,0.9948272862063915,0.6182653756989626,274.8797521049979,313.0538175294141,59.5,6064.881172698391,259.943047564037,8945.0,36.528950333676676
356,17.8,156.3649741061139,200.43726518729056,418.6863940470797,182.3375903341816,0.6583013975636405,274.87962306495825,312.98806771284956,276.52486719573744,276.52486719573744,36.463200517112114,0.1165002895591701,59.5,59.5,34.76275634765625,113.58568671568777,53.449999999999996,0.0,0.0958432183369254,6060.759034679145,21423.0,-15362.240965320856,8946.0,9256.0,310.0,0.03349178910976664,2,0,1.1666666666666667,0.8990825688073395,81.94200661683196,4.22179412604515,0.0958432183369254,5.9996471233940225,0.0,5.9996471233940225,0.0,17.998316674328006,26.039919144511998,262.9501847706155,0.9934759322880533,272,110.79133612273174,2.3903591604548802e-05,106,312.98806771284956,0.0012355196443676493,0.09312803470444918,423.27415230407405,352.18675220909034,0.2605547350124904,0.21950606790069005,65.1504,1.0,0.557282304380283,1.0,0.9948272862063915,0.6174763479313339,274.87962306495825,312.98806771284956,59.5,6060.759034679145,262.9501847706155,8946.0,36.463200517112114
357,17.85,156.3649741061139,200.43726518729056,418.6863940470797,182.3375903341816,0.6583013975636405,274.87962306495825,312.98806771284956,276.52486719573744,276.52486719573744,36.463200517112114,0.1165002895591701,59.5,59.5,34.76275634765625,113.58568671568777,53.449999999999996,0.0,0.0958432183369254,6060.759034679145,21423.0,-15362.240965320856,8946.0,9256.0,310.0,0.03349178910976664,2,0,1.1666666666666667,0.8990825688073395,81.94200661683196,4.22179412604515,0.0958432183369254,5.9996471233940225,0.0,5.9996471233940225,0.0,17.998316674328006,26.039919144511998,262.9501847706155,0.9934759322880533,272,110.79133612273174,0.0,106,312.98806771284956,0.0,0.0,423.27415230407405,352.18675220909034,0.2605547350124904,0.21950606790069005,65.2632,1.0,0.557282304380283,1.0,0.9948272862063915,0.6174763479313339,274.87962306495825,312.98806771284956,59.5,6060.759034679145,262.9501847706155,8946.0,36.463200517112114
358,17.9,156.3649741061139,200.43726518729056,418.6863940470797,182.3375903341816,0.6583013975636405,274.87962306495825,312.98806771284956,276.52486719573744,276.52486719573744,36.463200517112114,0.1165002895591701,59.5,59.5,34.76275634765625,113.58568671568777,53.449999999999996,0.0,0.0958432183369254,6060.759034679145,21423.0,-15362.240965320856,8946.0,9256.0,310.0,0.03349178910976664,2,0,1.1666666666666667,0.8990825688073395,81.94200661683196,4.22179412604515,0.0958432183369254,5.9996471233940225,0.0,5.9996471233940225,0.0,17.998316674328006,26.039919144511998,262.9501847706155,0.9934759322880533,272,110.79133612273174,0.0,106,312.98806771284956,0.0,0.0,423.27415230407405,352.18675220909034,0.2605547350124904,0.21950606790069005,65.3759,1.0,0.557282304380283,1.0,0.9948272862063915,0.6174763479313339,274.87962306495825,312.98806771284956,59.5,6060.759034679145,262.9501847706155,8946.0,36.463200517112114
359,17.95,156.3649741061139,200.43726518729056,418.6863940470797,182.3375903341816,0.6583013975636405,274.87962306495825,312.98806771284956,276.52486719573744,276.52486719573744,36.463200517112114,0.1165002895591701,59.5,59.5,34.76275634765625,113.58568671568777,53.449999999999996,0.0,0.0958432183369254,6060.759034679145,21423.0,-15362.240965320856,8946.0,9256.0,310.0,0.03349178910976664,2,0,1.1666666666666667,0.8990825688073395,81.94200661683196,4.22179412604515,0.0958432183369254,5.9996471233940225,0.0,5.9996471233940225,0.0,17.998316674328006,26.039919144511998,262.9501847706155,0.9934759322880533,272,110.79133612273174,0.0,106,312.98806771284956,0.0,0.0,423.27415230407405,352.18675220909034,0.2605547350124904,0.21950606790069005,65.4887,1.0,0.557282304380283,1.0,0.9948272862063915,0.6174763479313339,274.87962306495825,312.98806771284956,59.5,6060.759034679145,262.9501847706155,8946.0,36.463200517112114
360,18.0,156.3649741061139,200.43726518729056,418.6863940470797,182.3375903341816,0.6583013975636405,274.87962306495825,312.98806771284956,276.52486719573744,276.52486719573744,36.463200517112114,0.1165002895591701,59.5,59.5,34.76275634765625,113.58568671568777,53.449999999999996,0.0,0.0958432183369254,6060.759034679145,21423.0,-15362.240965320856,8946.0,9256.0,310.0,0.03349178910976664,2,0,1.1666666666666667,0.8990825688073395,81.94200661683196,4.22179412604515,0.0958432183369254,5.9996471233940225,0.0,5.9996471233940225,0.0,17.998316674328006,26.039919144511998,262.9501847706155,0.9934759322880533,272,110.79133612273174,0.0,106,312.98806771284956,0.0,0.0,423.27415230407405,352.18675220909034,0.2605547350124904,0.21950606790069005,65.6015,1.0,0.557282304380283,1.0,0.9948272862063915,0.6174763479313339,274.87962306495825,312.98806771284956,59.5,6060.759034679145,262.9501847706155,8946.0,36.463200517112114
361,18.05,156.3649741061139,200.43726518729056,418.6863940470797,182.3375903341816,0.6583013975636405,274.87962306495825,312.98806771284956,276.52486719573744,276.52486719573744,36.463200517112114,0.1165002895591701,59.5,59.5,34.76275634765625,113.58568671568777,53.449999999999996,0.0,0.0958432183369254,6060.759034679145,21423.0,-15362.240965320856,8946.0,9256.0,310.0,0.03349178910976664,2,0,1.1666666666666667,0.8990825688073395,81.94200661683196,4.22179412604515,0.0958432183369254,5.9996471233940225,0.0,5.9996471233940225,0.0,17.998316674328006,26.039919144511998,262.9501847706155,0.9934759322880533,272,110.79133612273174,0.0,106,312.98806771284956,0.0,0.0,423.27415230407405,352.18675220909034,0.2605547350124904,0.21950606790069005,65.7143,1.0,0.557282304380283,1.0,0.9948272862063915,0.6174763479313339,274.87962306495825,312.98806771284956,59.5,6060.759034679145,262.9501847706155,8946.0,36.463200517112114
362,18.1,156.3649741061139,200.43726518729056,418.6863940470797,182.3375903341816,0.6583013975636405,274.87962306495825,312.98806771284956,276.52486719573744,276.52486719573744,36.463200517112114,0.1165002895591701,59.5,59.5,34.76275634765625,113.58568671568777,53.449999999999996,0.0,0.0958432183369254,6060.759034679145,21423.0,-15362.240965320856,8946.0,9256.0,310.0,0.03349178910976664,2,0,1.1666666666666667,0.8990825688073395,81.94200661683196,4.22179412604515,0.0958432183369254,5.9996471233940225,0.0,5.9996471233940225,0.0,17.998316674328006,26.039919144511998,262.9501847706155,0.9934759322880533,272,110.79133612273174,0.0,106,312.98806771284956,0.0,0.0,423.27415230407405,352.18675220909034,0.2605547350124904,0.21950606790069005,65.8271,1.0,0.557282304380283,1.0,0.9948272862063915,0.6174763479313339,274.87962306495825,312.98806771284956,59.5,6060.759034679145,262.9501847706155,8946.0,36.463200517112114
363,18.15,156.3649741061139,200.43726518729056,418.6863940470797,182.3375903341816,0.6583013975636405,274.87962306495825,312.98806771284956,276.52486719573744,276.52486719573744,36.463200517112114,0.1165002895591701,59.5,59.5,34.76275634765625,113.58568671568777,53.449999999999996,0.0,0.0958432183369254,6060.759034679145,21423.0,-15362.240965320856,8946.0,9256.0,310.0,0.03349178910976664,2,0,1.1666666666666667,0.8990825688073395,81.94200661683196,4.22179412604515,0.0958432183369254,5.9996471233940225,0.0,5.9996471233940225,0.0,17.998316674328006,26.039919144511998,262.9501847706155,0.9934759322880533,272,110.79133612273174,0.0,106,312.98806771284956,0.0,0.0,423.27415230407405,352.18675220909034,0.2605547350124904,0.21950606790069005,65.9398,1.0,0.557282304380283,1.0,0.9948272862063915,0.6174763479313339,274.87962306495825,312.98806771284956,59.5,6060.759034679145,262.9501847706155,8946.0,36.463200517112114
364,18.2,156.3649741061139,200.43726518729056,418.6863940470797,182.3375903341816,0.6583013975636405,274.87962306495825,312.98806771284956,276.52486719573744,276.52486719573744,36.463200517112114,0.1165002895591701,59.5,59.5,34.76275634765625,113.58568671568777,53.449999999999996,0.0,0.0958432183369254,6060.759034679145,21423.0,-15362.240965320856,8946.0,9256.0,310.0,0.03349178910976664,2,0,1.1666666666666667,0.8990825688073395,81.94200661683196,4.22179412604515,0.0958432183369254,5.9996471233940225,0.0,5.9996471233940225,0.0,17.998316674328006,26.039919144511998,262.9501847706155,0.9934759322880533,272,110.79133612273174,0.0,106,312.98806771284956,0.0,0.0,423.27415230407405,352.18675220909034,0.2605547350124904,0.21950606790069005,66.0526,1.0,0.557282304380283,1.0,0.9948272862063915,0.6174763479313339,274.87962306495825,312.98806771284956,59.5,6060.759034679145,262.9501847706155,8946.0,36.463200517112114
365,18.25,156.3649741061139,200.43726518729056,418.6863940470797,182.3375903341816,0.6583013975636405,274.87962306495825,312.98806771284956,276.52486719573744,276.52486719573744,36.463200517112114,0.1165002895591701,59.5,59.5,34.76275634765625,113.58568671568777,53.449999999999996,0.0,0.0958432183369254,6060.759034679145,21423.0,-15362.240965320856,8946.0,9256.0,310.0,0.03349178910976664,2,0,1.1666666666666667,0.8990825688073395,81.94200661683196,4.22179412604515,0.0958432183369254,5.9996471233940225,0.0,5.9996471233940225,0.0,17.998316674328006,26.039919144511998,262.9501847706155,0.9934759322880533,272,110.79133612273174,0.0,106,312.98806771284956,0.0,0.0,423.27415230407405,352.18675220909034,0.2605547350124904,0.21950606790069005,66.1654,1.0,0.557282304380283,1.0,0.9948272862063915,0.6174763479313339,274.87962306495825,312.98806771284956,59.5,6060.759034679145,262.9501847706155,8946.0,36.463200517112114
366,18.3,156.3649741061139,200.43726518729056,418.6863940470797,182.3375903341816,0.6583013975636405,274.87962306495825,312.98806771284956,276.52486719573744,276.52486719573744,36.463200517112114,0.1165002895591701,59.5,59.5,34.76275634765625,113.58568671568777,53.449999999999996,0.0,0.0958432183369254,6060.759034679145,21423.0,-15362.240965320856,8946.0,9256.0,310.0,0.03349178910976664,2,0,1.1666666666666667,0.8990825688073395,81.94200661683196,4.22179412604515,0.0958432183369254,5.9996471233940225,0.0,5.9996471233940225,0.0,17.998316674328006,26.039919144511998,262.9501847706155,0.9934759322880533,272,110.79133612273174,0.0,106,312.98806771284956,0.0,0.0,423.27415230407405,352.18675220909034,0.2605547350124904,0.21950606790069005,66.2782,1.0,0.557282304380283,1.0,0.9948272862063915,0.6174763479313339,274.87962306495825,312.98806771284956,59.5,6060.759034679145,262.9501847706155,8946.0,36.463200517112114
367,18.35,156.3649741061139,200.43726518729056,418.6863940470797,182.3375903341816,0.6583013975636405,274.87962306495825,312.98806771284956,276.52486719573744,276.52486719573744,36.463200517112114,0.1165002895591701,59.5,59.5,34.76275634765625,113.58568671568777,53.449999999999996,0.0,0.0958432183369254,6060.759034679145,21423.0,-15362.240965320856,8946.0,9256.0,310.0,0.03349178910976664,2,0,1.1666666666666667,0.8990825688073395,81.94200661683196,4.22179412604515,0.0958432183369254,5.9996471233940225,0.0,5.9996471233940225,0.0,17.998316674328006,26.039919144511998,262.9501847706155,0.9934759322880533,272,110.79133612273174,0.0,106,312.98806771284956,0.0,0.0,423.27415230407405,352.18675220909034,0.2605547350124904,0.21950606790069005,66.391,1.0,0.557282304380283,1.0,0.9948272862063915,0.6174763479313339,274.87962306495825,312.98806771284956,59.5,6060.759034679145,262.9501847706155,8946.0,36.463200517112114
368,18.4,156.3649741061139,200.43726518729056,418.6863940470797,182.3375903341816,0.6583013975636405,274.87962306495825,312.98806771284956,276.52486719573744,276.52486719573744,36.463200517112114,0.1165002895591701,59.5,59.5,34.76275634765625,113.58568671568777,53.449999999999996,0.0,0.0958432183369254,6060.759034679145,21423.0,-15362.240965320856,8946.0,9256.0,310.0,0.03349178910976664,2,0,1.1666666666666667,0.8990825688073395,81.94200661683196,4.22179412604515,0.0958432183369254,5.9996471233940225,0.0,5.9996471233940225,0.0,17.998316674328006,26.039919144511998,262.9501847706155,0.9934759322880533,272,110.79133612273174,0.0,106,312.98806771284956,0.0,0.0,423.27415230407405,352.18675220909034,0.2605547350124904,0.21950606790069005,66.5038,1.0,0.557282304380283,1.0,0.9948272862063915,0.6174763479313339,274.87962306495825,312.98806771284956,59.5,6060.759034679145,262.9501847706155,8946.0,36.463200517112114
369,18.45,156.3649741061139,200.43726518729056,418.6863940470797,182.3375903341816,0.6583013975636405,274.87962306495825,312.98806771284956,276.52486719573744,276.52486719573744,36.463200517112114,0.1165002895591701,59.5,59.5,34.76275634765625,113.58568671568777,53.449999999999996,0.0,0.0958432183369254,6060.759034679145,21423.0,-15362.240965320856,8946.0,9256.0,310.0,0.03349178910976664,2,0,1.1666666666666667,0.8990825688073395,81.94200661683196,4.22179412604515,0.0958432183369254,5.9996471233940225,0.0,5.9996471233940225,0.0,17.998316674328006,26.039919144511998,262.9501847706155,0.9934759322880533,272,110.79133612273174,0.0,106,312.98806771284956,0.0,0.0,423.27415230407405,352.18675220909034,0.2605547350124904,0.21950606790069005,66.6165,1.0,0.557282304380283,1.0,0.9948272862063915,0.6174763479313339,274.87962306495825,312.98806771284956,59.5,6060.759034679145,262.9501847706155,8946.0,36.463200517112114
370,18.5,156.3649741061139,200.43726518729056,418.6863940470797,182.3375903341816,0.6583013975636405,274.87962306495825,312.98806771284956,276.52486719573744,276.52486719573744,36.463200517112114,0.1165002895591701,59.5,59.5,34.76275634765625,113.58568671568777,53.449999999999996,0.0,0.0958432183369254,6060.759034679145,21423.0,-15362.240965320856,8946.0,9256.0,310.0,0.03349178910976664,2,0,1.1666666666666667,0.8990825688073395,81.94200661683196,4.22179412604515,0.0958432183369254,5.9996471233940225,0.0,5.9996471233940225,0.0,17.998316674328006,26.039919144511998,262.9501847706155,0.9934759322880533,272,110.79133612273174,0.0,106,312.98806771284956,0.0,0.0,423.27415230407405,352.18675220909034,0.2605547350124904,0.21950606790069005,66.7293,1.0,0.557282304380283,1.0,0.9948272862063915,0.6174763479313339,274.87962306495825,312.98806771284956,59.5,6060.759034679145,262.9501847706155,8946.0,36.463200517112114
371,18.55,156.3649741061139,200.43726518729056,418.6863940470797,182.3375903341816,0.6583013975636405,274.87962306495825,312.98806771284956,276.52486719573744,276.52486719573744,36.463200517112114,0.1165002895591701,59.5,59.5,34.76275634765625,113.58568671568777,53.449999999999996,0.0,0.0958432183369254,6060.759034679145,21423.0,-15362.240965320856,8946.0,9256.0,310.0,0.03349178910976664,2,0,1.1666666666666667,0.8990825688073395,81.94200661683196,4.22179412604515,0.0958432183369254,5.9996471233940225,0.0,5.9996471233940225,0.0,17.998316674328006,26.039919144511998,262.9501847706155,0.9934759322880533,272,110.79133612273174,0.0,106,312.98806771284956,0.0,0.0,423.27415230407405,352.18675220909034,0.2605547350124904,0.21950606790069005,66.8421,1.0,0.557282304380283,1.0,0.9948272862063915,0.6174763479313339,274.87962306495825,312.98806771284956,59.5,6060.759034679145,262.9501847706155,8946.0,36.463200517112114
372,18.6,156.3649741061139,200.43726518729056,418.6863940470797,182.3375903341816,0.6583013975636405,274.87962306495825,312.98806771284956,276.52486719573744,276.52486719573744,36.463200517112114,0.1165002895591701,59.5,59.5,34.76275634765625,113.58568671568777,53.449999999999996,0.0,0.0958432183369254,6060.759034679145,21423.0,-15362.240965320856,8946.0,9256.0,310.0,0.03349178910976664,2,0,1.1666666666666667,0.8990825688073395,81.94200661683196,4.22179412604515,0.0958432183369254,5.9996471233940225,0.0,5.9996471233940225,0.0,17.998316674328006,26.039919144511998,262.9501847706155,0.9934759322880533,272,110.79133612273174,0.0,106,312.98806771284956,0.0,0.0,423.27415230407405,352.18675220909034,0.2605547350124904,0.21950606790069005,66.9549,1.0,0.557282304380283,1.0,0.9948272862063915,0.6174763479313339,274.87962306495825,312.98806771284956,59.5,6060.759034679145,262.9501847706155,8946.0,36.463200517112114
373,18.65,156.3649741061139,200.43726518729056,418.6863940470797,182.3375903341816,0.6583013975636405,274.87962306495825,312.98806771284956,276.52486719573744,276.52486719573744,36.463200517112114,0.1165002895591701,59.5,59.5,34.76275634765625,113.58568671568777,53.449999999999996,0.0,0.0958432183369254,6060.759034679145,21423.0,-15362.240965320856,8946.0,9256.0,310.0,0.03349178910976664,2,0,1.1666666666666667,0.8990825688073395,81.94200661683196,4.22179412604515,0.0958432183369254,5.9996471233940225,0.0,5.9996471233940225,0.0,17.998316674328006,26.039919144511998,262.9501847706155,0.9934759322880533,272,110.79133612273174,0.0,106,312.98806771284956,0.0,0.0,423.27415230407405,352.18675220909034,0.2605547350124904,0.21950606790069005,67.0677,1.0,0.557282304380283,1.0,0.9948272862063915,0.6174763479313339,274.87962306495825,312.98806771284956,59.5,6060.759034679145,262.9501847706155,8946.0,36.463200517112114
374,18.7,156.3649741061139,200.43726518729056,418.6863940470797,182.3375903341816,0.6583013975636405,274.87962306495825,312.98806771284956,276.52486719573744,276.52486719573744,36.463200517112114,0.1165002895591701,59.5,59.5,34.76275634765625,113.58568671568777,53.449999999999996,0.0,0.0958432183369254,6060.759034679145,21423.0,-15362.240965320856,8946.0,9256.0,310.0,0.03349178910976664,2,0,1.1666666666666667,0.8990825688073395,81.94200661683196,4.22179412604515,0.0958432183369254,5.9996471233940225,0.0,5.9996471233940225,0.0,17.998316674328006,26.039919144511998,262.9501847706155,0.9934759322880533,272,110.79133612273174,0.0,106,312.98806771284956,0.0,0.0,423.27415230407405,352.18675220909034,0.2605547350124904,0.21950606790069005,67.1805,1.0,0.557282304380283,1.0,0.9948272862063915,0.6174763479313339,274.87962306495825,312.98806771284956,59.5,6060.759034679145,262.9501847706155,8946.0,36.463200517112114
375,18.75,156.3649741061139,200.43726518729056,418.6863940470797,182.3375903341816,0.6583013975636405,274.87962306495825,312.98806771284956,276.52486719573744,276.52486719573744,36.463200517112114,0.1165002895591701,59.5,59.5,34.76275634765625,113.58568671568777,53.449999999999996,0.0,0.0958432183369254,6060.759034679145,21423.0,-15362.240965320856,8946.0,9256.0,310.0,0.03349178910976664,2,0,1.1666666666666667,0.8990825688073395,81.94200661683196,4.22179412604515,0.0958432183369254,5.9996471233940225,0.0,5.9996471233940225,0.0,17.998316674328006,26.039919144511998,262.9501847706155,0.9934759322880533,272,110.79133612273174,0.0,106,312.98806771284956,0.0,0.0,423.27415230407405,352.18675220909034,0.2605547350124904,0.21950606790069005,67.2932,1.0,0.557282304380283,1.0,0.9948272862063915,0.6174763479313339,274.87962306495825,312.98806771284956,59.5,6060.759034679145,262.9501847706155,8946.0,36.463200517112114
376,18.8,156.3649741061139,200.43726518729056,418.6863940470797,182.3375903341816,0.6583013975636405,274.87962306495825,312.98806771284956,276.52486719573744,276.52486719573744,36.463200517112114,0.1165002895591701,59.5,59.5,34.76275634765625,113.58568671568777,53.449999999999996,0.0,0.0958432183369254,6060.759034679145,21423.0,-15362.240965320856,8946.0,9256.0,310.0,0.03349178910976664,2,0,1.1666666666666667,0.8990825688073395,81.94200661683196,4.22179412604515,0.0958432183369254,5.9996471233940225,0.0,5.9996471233940225,0.0,17.998316674328006,26.039919144511998,262.9501847706155,0.9934759322880533,272,110.79133612273174,0.0,106,312.98806771284956,0.0,0.0,423.27415230407405,352.18675220909034,0.2605547350124904,0.21950606790069005,67.406,1.0,0.557282304380283,1.0,0.9948272862063915,0.6174763479313339,274.87962306495825,312.98806771284956,59.5,6060.759034679145,262.9501847706155,8946.0,36.463200517112114
377,18.85,156.3649741061139,200.43726518729056,418.6863940470797,182.3375903341816,0.6583013975636405,274.87962306495825,312.98806771284956,276.52486719573744,276.52486719573744,36.463200517112114,0.1165002895591701,59.5,59.5,34.76275634765625,113.58568671568777,53.449999999999996,0.0,0.0958432183369254,6060.759034679145,21423.0,-15362.240965320856,8946.0,9256.0,310.0,0.03349178910976664,2,0,1.1666666666666667,0.8990825688073395,81.94200661683196,4.22179412604515,0.0958432183369254,5.9996471233940225,0.0,5.9996471233940225,0.0,17.998316674328006,26.039919144511998,262.9501847706155,0.9934759322880533,272,110.79133612273174,0.0,106,312.98806771284956,0.0,0.0,423.27415230407405,352.18675220909034,0.2605547350124904,0.21950606790069005,67.5188,1.0,0.557282304380283,1.0,0.9948272862063915,0.6174763479313339,274.87962306495825,312.98806771284956,59.5,6060.759034679145,262.9501847706155,8946.0,36.463200517112114
378,18.9,156.3649741061139,200.43726518729056,418.6863940470797,182.3375903341816,0.6583013975636405,274.87962306495825,312.98806771284956,276.52486719573744,276.52486719573744,36.463200517112114,0.1165002895591701,59.5,59.5,34.76275634765625,113.58568671568777,53.449999999999996,0.0,0.0958432183369254,6060.759034679145,21423.0,-15362.240965320856,8946.0,9256.0,310.0,0.03349178910976664,2,0,1.1666666666666667,0.8990825688073395,81.94200661683196,4.22179412604515,0.0958432183369254,5.9996471233940225,0.0,5.9996471233940225,0.0,17.998316674328006,26.039919144511998,262.9501847706155,0.9934759322880533,272,110.79133612273174,0.0,106,312.98806771284956,0.0,0.0,423.27415230407405,352.18675220909034,0.2605547350124904,0.21950606790069005,67.6316,1.0,0.557282304380283,1.0,0.9948272862063915,0.6174763479313339,274.87962306495825,312.98806771284956,59.5,6060.759034679145,262.9501847706155,8946.0,36.463200517112114
379,18.95,156.3649741061139,200.43726518729056,418.6863940470797,182.3375903341816,0.6583013975636405,274.87962306495825,312.98806771284956,276.52486719573744,276.52486719573744,36.463200517112114,0.1165002895591701,59.5,59.5,34.76275634765625,113.58568671568777,53.449999999999996,0.0,0.0958432183369254,6060.759034679145,21423.0,-15362.240965320856,8946.0,9256.0,310.0,0.03349178910976664,2,0,1.1666666666666667,0.8990825688073395,81.94200661683196,4.22179412604515,0.0958432183369254,5.9996471233940225,0.0,5.9996471233940225,0.0,17.998316674328006,26.039919144511998,262.9501847706155,0.9934759322880533,272,110.79133612273174,0.0,106,312.98806771284956,0.0,0.0,423.27415230407405,352.18675220909034,0.2605547350124904,0.21950606790069005,67.7444,1.0,0.557282304380283,1.0,0.9948272862063915,0.6174763479313339,274.87962306495825,312.98806771284956,59.5,6060.759034679145,262.9501847706155,8946.0,36.463200517112114
380,19.0,156.3649741061139,200.43726518729056,418.6863940470797,182.3375903341816,0.6583013975636405,274.87962306495825,312.98806771284956,276.52486719573744,276.52486719573744,36.463200517112114,0.1165002895591701,59.5,59.5,34.76275634765625,113.58568671568777,53.449999999999996,0.0,0.0958432183369254,6060.759034679145,21423.0,-15362.240965320856,8946.0,9256.0,310.0,0.03349178910976664,2,0,1.1666666666666667,0.8990825688073395,81.94200661683196,4.22179412604515,0.0958432183369254,5.9996471233940225,0.0,5.9996471233940225,0.0,17.998316674328006,26.039919144511998,262.9501847706155,0.9934759322880533,272,110.79133612273174,0.0,106,312.98806771284956,0.0,0.0,423.27415230407405,352.18675220909034,0.2605547350124904,0.21950606790069005,67.8571,1.0,0.557282304380283,1.0,0.9948272862063915,0.6174763479313339,274.87962306495825,312.98806771284956,59.5,6060.759034679145,262.9501847706155,8946.0,36.463200517112114
381,19.05,156.3649741061139,200.43726518729056,418.6863940470797,182.3375903341816,0.6583013975636405,274.87962306495825,312.98806771284956,276.52486719573744,276.52486719573744,36.463200517112114,0.1165002895591701,59.5,59.5,34.76275634765625,113.58568671568777,53.449999999999996,0.0,0.0958432183369254,6060.759034679145,21423.0,-15362.240965320856,8946.0,9256.0,310.0,0.03349178910976664,2,0,1.1666666666666667,0.8990825688073395,81.94200661683196,4.22179412604515,0.0958432183369254,5.9996471233940225,0.0,5.9996471233940225,0.0,17.998316674328006,26.039919144511998,262.9501847706155,0.9934759322880533,272,110.79133612273174,0.0,106,312.98806771284956,0.0,0.0,423.27415230407405,352.18675220909034,0.2605547350124904,0.21950606790069005,67.9699,1.0,0.557282304380283,1.0,0.9948272862063915,0.6174763479313339,274.87962306495825,312.98806771284956,59.5,6060.759034679145,262.9501847706155,8946.0,36.463200517112114
382,19.1,156.3649741061139,200.43726518729056,418.6863940470797,182.3375903341816,0.6583013975636405,274.87962306495825,312.98806771284956,276.52486719573744,276.52486719573744,36.463200517112114,0.1165002895591701,59.5,59.5,34.76275634765625,113.58568671568777,53.449999999999996,0.0,0.0958432183369254,6060.759034679145,21423.0,-15362.240965320856,8946.0,9256.0,310.0,0.03349178910976664,2,0,1.1666666666666667,0.8990825688073395,81.94200661683196,4.22179412604515,0.0958432183369254,5.9996471233940225,0.0,5.9996471233940225,0.0,17.998316674328006,26.039919144511998,262.9501847706155,0.9934759322880533,272,110.79133612273174,0.0,106,312.98806771284956,0.0,0.0,423.27415230407405,352.18675220909034,0.2605547350124904,0.21950606790069005,68.0827,1.0,0.557282304380283,1.0,0.9948272862063915,0.6174763479313339,274.87962306495825,312.98806771284956,59.5,6060.759034679145,262.9501847706155,8946.0,36.463200517112114
383,19.15,156.3649741061139,200.43726518729056,418.6863940470797,182.3375903341816,0.6583013975636405,274.87962306495825,312.98806771284956,276.52486719573744,276.52486719573744,36.463200517112114,0.1165002895591701,59.5,59.5,34.76275634765625,113.58568671568777,53.449999999999996,0.0,0.0958432183369254,6060.759034679145,21423.0,-15362.240965320856,8946.0,9256.0,310.0,0.03349178910976664,2,0,1.1666666666666667,0.8990825688073395,81.94200661683196,4.22179412604515,0.0958432183369254,5.9996471233940225,0.0,5.9996471233940225,0.0,17.998316674328006,26.039919144511998,262.9501847706155,0.9934759322880533,272,110.79133612273174,0.0,106,312.98806771284956,0.0,0.0,423.27415230407405,352.18675220909034,0.2605547350124904,0.21950606790069005,68.1955,1.0,0.557282304380283,1.0,0.9948272862063915,0.6174763479313339,274.87962306495825,312.98806771284956,59.5,6060.759034679145,262.9501847706155,8946.0,36.463200517112114
384,19.2,156.3649741061139,200.43726518729056,418.6863940470797,182.3375903341816,0.6583013975636405,274.87962306495825,312.98806771284956,276.52486719573744,276.52486719573744,36.463200517112114,0.1165002895591701,59.5,59.5,34.76275634765625,113.58568671568777,53.449999999999996,0.0,0.0958432183369254,6060.759034679145,21423.0,-15362.240965320856,8946.0,9256.0,310.0,0.03349178910976664,2,0,1.1666666666666667,0.8990825688073395,81.94200661683196,4.22179412604515,0.0958432183369254,5.9996471233940225,0.0,5.9996471233940225,0.0,17.998316674328006,26.039919144511998,262.9501847706155,0.9934759322880533,272,110.79133612273174,0.0,106,312.98806771284956,0.0,0.0,423.27415230407405,352.18675220909034,0.2605547350124904,0.21950606790069005,68.3083,1.0,0.557282304380283,1.0,0.9948272862063915,0.6174763479313339,274.87962306495825,312.98806771284956,59.5,6060.759034679145,262.9501847706155,8946.0,36.463200517112114
385,19.25,156.3649741061139,200.43726518729056,418.6863940470797,182.3375903341816,0.6583013975636405,274.87962306495825,312.98806771284956,276.52486719573744,276.52486719573744,36.463200517112114,0.1165002895591701,59.5,59.5,34.76275634765625,113.58568671568777,53.449999999999996,0.0,0.0958432183369254,6060.759034679145,21423.0,-15362.240965320856,8946.0,9256.0,310.0,0.03349178910976664,2,0,1.1666666666666667,0.8990825688073395,81.94200661683196,4.22179412604515,0.0958432183369254,5.9996471233940225,0.0,5.9996471233940225,0.0,17.998316674328006,26.039919144511998,262.9501847706155,0.9934759322880533,272,110.79133612273174,0.0,106,312.98806771284956,0.0,0.0,423.27415230407405,352.18675220909034,0.2605547350124904,0.21950606790069005,68.4211,1.0,0.557282304380283,1.0,0.9948272862063915,0.6174763479313339,274.87962306495825,312.98806771284956,59.5,6060.759034679145,262.9501847706155,8946.0,36.463200517112114
386,19.3,156.3649741061139,200.43726518729056,418.6863940470797,182.3375903341816,0.6583013975636405,274.87962306495825,312.98806771284956,276.52486719573744,276.52486719573744,36.463200517112114,0.1165002895591701,59.5,59.5,34.76275634765625,113.58568671568777,53.449999999999996,0.0,0.0958432183369254,6060.759034679145,21423.0,-15362.240965320856,8946.0,9256.0,310.0,0.03349178910976664,2,0,1.1666666666666667,0.8990825688073395,81.94200661683196,4.22179412604515,0.0958432183369254,5.9996471233940225,0.0,5.9996471233940225,0.0,17.998316674328006,26.039919144511998,262.9501847706155,0.9934759322880533,272,110.79133612273174,0.0,106,312.98806771284956,0.0,0.0,423.27415230407405,352.18675220909034,0.2605547350124904,0.21950606790069005,68.5338,1.0,0.557282304380283,1.0,0.9948272862063915,0.6174763479313339,274.87962306495825,312.98806771284956,59.5,6060.759034679145,262.9501847706155,8946.0,36.463200517112114
387,19.35,156.3649741061139,200.43726518729056,418.6863940470797,182.3375903341816,0.6583013975636405,274.87962306495825,312.98806771284956,276.52486719573744,276.52486719573744,36.463200517112114,0.1165002895591701,59.5,59.5,34.76275634765625,113.58568671568777,53.449999999999996,0.0,0.0958432183369254,6060.759034679145,21423.0,-15362.240965320856,8946.0,9256.0,310.0,0.03349178910976664,2,0,1.1666666666666667,0.8990825688073395,81.94200661683196,4.22179412604515,0.0958432183369254,5.9996471233940225,0.0,5.9996471233940225,0.0,17.998316674328006,26.039919144511998,262.9501847706155,0.9934759322880533,272,110.79133612273174,0.0,106,312.98806771284956,0.0,0.0,423.27415230407405,352.18675220909034,0.2605547350124904,0.21950606790069005,68.6466,1.0,0.557282304380283,1.0,0.9948272862063915,0.6174763479313339,274.87962306495825,312.98806771284956,59.5,6060.759034679145,262.9501847706155,8946.0,36.463200517112114
388,19.4,156.3649741061139,200.43726518729056,418.6863940470797,182.3375903341816,0.6583013975636405,274.87962306495825,312.98806771284956,276.52486719573744,276.52486719573744,36.463200517112114,0.1165002895591701,59.5,59.5,34.76275634765625,113.58568671568777,53.449999999999996,0.0,0.0958432183369254,6060.759034679145,21423.0,-15362.240965320856,8946.0,9256.0,310.0,0.03349178910976664,2,0,1.1666666666666667,0.8990825688073395,81.94200661683196,4.22179412604515,0.0958432183369254,5.9996471233940225,0.0,5.9996471233940225,0.0,17.998316674328006,26.039919144511998,262.9501847706155,0.9934759322880533,272,110.79133612273174,0.0,106,312.98806771284956,0.0,0.0,423.27415230407405,352.18675220909034,0.2605547350124904,0.21950606790069005,68.7594,1.0,0.557282304380283,1.0,0.9948272862063915,0.6174763479313339,274.87962306495825,312.98806771284956,59.5,6060.759034679145,262.9501847706155,8946.0,36.463200517112114
389,19.45,156.3649741061139,200.43726518729056,418.6863940470797,182.3375903341816,0.6583013975636405,274.87962306495825,312.98806771284956,276.52486719573744,276.52486719573744,36.463200517112114,0.1165002895591701,59.5,59.5,34.76275634765625,113.58568671568777,53.449999999999996,0.0,0.0958432183369254,6060.759034679145,21423.0,-15362.240965320856,8946.0,9256.0,310.0,0.03349178910976664,2,0,1.1666666666666667,0.8990825688073395,81.94200661683196,4.22179412604515,0.0958432183369254,5.9996471233940225,0.0,5.9996471233940225,0.0,17.998316674328006,26.039919144511998,262.9501847706155,0.9934759322880533,272,110.79133612273174,0.0,106,312.98806771284956,0.0,0.0,423.27415230407405,352.18675220909034,0.2605547350124904,0.21950606790069005,68.8722,1.0,0.557282304380283,1.0,0.9948272862063915,0.6174763479313339,274.87962306495825,312.98806771284956,59.5,6060.759034679145,262.9501847706155,8946.0,36.463200517112114
390,19.5,156.3649741061139,200.43726518729056,418.6863940470797,182.3375903341816,0.6583013975636405,274.87962306495825,312.98806771284956,276.52486719573744,276.52486719573744,36.463200517112114,0.1165002895591701,59.5,59.5,34.76275634765625,113.58568671568777,53.449999999999996,0.0,0.0958432183369254,6060.759034679145,21423.0,-15362.240965320856,8946.0,9256.0,310.0,0.03349178910976664,2,0,1.1666666666666667,0.8990825688073395,81.94200661683196,4.22179412604515,0.0958432183369254,5.9996471233940225,0.0,5.9996471233940225,0.0,17.998316674328006,26.039919144511998,262.9501847706155,0.9934759322880533,272,110.79133612273174,0.0,106,312.98806771284956,0.0,0.0,423.27415230407405,352.18675220909034,0.2605547350124904,0.21950606790069005,68.985,1.0,0.557282304380283,1.0,0.9948272862063915,0.6174763479313339,274.87962306495825,312.98806771284956,59.5,6060.759034679145,262.9501847706155,8946.0,36.463200517112114
391,19.55,156.3649741061139,200.43726518729056,418.6863940470797,182.3375903341816,0.6583013975636405,274.87962306495825,312.98806771284956,276.52486719573744,276.52486719573744,36.463200517112114,0.1165002895591701,59.5,59.5,34.76275634765625,113.58568671568777,53.449999999999996,0.0,0.0958432183369254,6060.759034679145,21423.0,-15362.240965320856,8946.0,9256.0,310.0,0.03349178910976664,2,0,1.1666666666666667,0.8990825688073395,81.94200661683196,4.22179412604515,0.0958432183369254,5.9996471233940225,0.0,5.9996471233940225,0.0,17.998316674328006,26.039919144511998,262.9501847706155,0.9934759322880533,272,110.79133612273174,0.0,106,312.98806771284956,0.0,0.0,423.27415230407405,352.18675220909034,0.2605547350124904,0.21950606790069005,69.0977,1.0,0.557282304380283,1.0,0.9948272862063915,0.6174763479313339,274.87962306495825,312.98806771284956,59.5,6060.759034679145,262.9501847706155,8946.0,36.463200517112114
392,19.6,156.3649741061139,200.43726518729056,418.6863940470797,182.3375903341816,0.6583013975636405,274.87962306495825,312.98806771284956,276.52486719573744,276.52486719573744,36.463200517112114,0.1165002895591701,59.5,59.5,34.76275634765625,113.58568671568777,53.449999999999996,0.0,0.0958432183369254,6060.759034679145,21423.0,-15362.240965320856,8946.0,9256.0,310.0,0.03349178910976664,2,0,1.1666666666666667,0.8990825688073395,81.94200661683196,4.22179412604515,0.0958432183369254,5.9996471233940225,0.0,5.9996471233940225,0.0,17.998316674328006,26.039919144511998,262.9501847706155,0.9934759322880533,272,110.79133612273174,0.0,106,312.98806771284956,0.0,0.0,423.27415230407405,352.18675220909034,0.2605547350124904,0.21950606790069005,69.2105,1.0,0.557282304380283,1.0,0.9948272862063915,0.6174763479313339,274.87962306495825,312.98806771284956,59.5,6060.759034679145,262.9501847706155,8946.0,36.463200517112114
393,19.65,156.3649741061139,200.43726518729056,418.6863940470797,182.3375903341816,0.6583013975636405,274.87962306495825,312.98806771284956,276.52486719573744,276.52486719573744,36.463200517112114,0.1165002895591701,59.5,59.5,34.76275634765625,113.58568671568777,53.449999999999996,0.0,0.0958432183369254,6060.759034679145,21423.0,-15362.240965320856,8946.0,9256.0,310.0,0.03349178910976664,2,0,1.1666666666666667,0.8990825688073395,81.94200661683196,4.22179412604515,0.0958432183369254,5.9996471233940225,0.0,5.9996471233940225,0.0,17.998316674328006,26.039919144511998,262.9501847706155,0.9934759322880533,272,110.79133612273174,0.0,106,312.98806771284956,0.0,0.0,423.27415230407405,352.18675220909034,0.2605547350124904,0.21950606790069005,69.3233,1.0,0.557282304380283,1.0,0.9948272862063915,0.6174763479313339,274.87962306495825,312.98806771284956,59.5,6060.759034679145,262.9501847706155,8946.0,36.463200517112114
394,19.7,156.3649741061139,200.43726518729056,418.6863940470797,182.3375903341816,0.6583013975636405,274.87962306495825,312.98806771284956,276.52486719573744,276.52486719573744,36.463200517112114,0.1165002895591701,59.5,59.5,34.76275634765625,113.58568671568777,53.449999999999996,0.0,0.0958432183369254,6060.759034679145,21423.0,-15362.240965320856,8946.0,9256.0,310.0,0.03349178910976664,2,0,1.1666666666666667,0.8990825688073395,81.94200661683196,4.22179412604515,0.0958432183369254,5.9996471233940225,0.0,5.9996471233940225,0.0,17.998316674328006,26.039919144511998,262.9501847706155,0.9934759322880533,272,110.79133612273174,0.0,106,312.98806771284956,0.0,0.0,423.27415230407405,352.18675220909034,0.2605547350124904,0.21950606790069005,69.4361,1.0,0.557282304380283,1.0,0.9948272862063915,0.6174763479313339,274.87962306495825,312.98806771284956,59.5,6060.759034679145,262.9501847706155,8946.0,36.463200517112114
395,19.75,156.3649741061139,200.43726518729056,418.6863940470797,182.3375903341816,0.6583013975636405,274.87962306495825,312.98806771284956,276.52486719573744,276.52486719573744,36.463200517112114,0.1165002895591701,59.5,59.5,34.76275634765625,113.58568671568777,53.449999999999996,0.0,0.0958432183369254,6060.759034679145,21423.0,-15362.240965320856,8946.0,9256.0,310.0,0.03349178910976664,2,0,1.1666666666666667,0.8990825688073395,81.94200661683196,4.22179412604515,0.0958432183369254,5.9996471233940225,0.0,5.9996471233940225,0.0,17.998316674328006,26.039919144511998,262.9501847706155,0.9934759322880533,272,110.79133612273174,0.0,106,312.98806771284956,0.0,0.0,423.27415230407405,352.18675220909034,0.2605547350124904,0.21950606790069005,69.5489,1.0,0.557282304380283,1.0,0.9948272862063915,0.6174763479313339,274.87962306495825,312.98806771284956,59.5,6060.759034679145,262.9501847706155,8946.0,36.463200517112114
396,19.8,156.3649741061139,200.43726518729056,418.6863940470797,182.3375903341816,0.6583013975636405,274.87962306495825,312.98806771284956,276.52486719573744,276.52486719573744,36.463200517112114,0.1165002895591701,59.5,59.5,34.76275634765625,113.58568671568777,53.449999999999996,0.0,0.0958432183369254,6060.759034679145,21423.0,-15362.240965320856,8946.0,9256.0,310.0,0.03349178910976664,2,0,1.1666666666666667,0.8990825688073395,81.94200661683196,4.22179412604515,0.0958432183369254,5.9996471233940225,0.0,5.9996471233940225,0.0,17.998316674328006,26.039919144511998,262.9501847706155,0.9934759322880533,272,110.79133612273174,0.0,106,312.98806771284956,0.0,0.0,423.27415230407405,352.18675220909034,0.2605547350124904,0.21950606790069005,69.6617,1.0,0.557282304380283,1.0,0.9948272862063915,0.6174763479313339,274.87962306495825,312.98806771284956,59.5,6060.759034679145,262.9501847706155,8946.0,36.463200517112114
397,19.85,156.3649741061139,200.43726518729056,418.6863940470797,182.3375903341816,0.6583013975636405,274.87962306495825,312.98806771284956,276.52486719573744,276.52486719573744,36.463200517112114,0.1165002895591701,59.5,59.5,34.76275634765625,113.58568671568777,53.449999999999996,0.0,0.0958432183369254,6060.759034679145,21423.0,-15362.240965320856,8946.0,9256.0,310.0,0.03349178910976664,2,0,1.1666666666666667,0.8990825688073395,81.94200661683196,4.22179412604515,0.0958432183369254,5.9996471233940225,0.0,5.9996471233940225,0.0,17.998316674328006,26.039919144511998,262.9501847706155,0.9934759322880533,272,110.79133612273174,0.0,106,312.98806771284956,0.0,0.0,423.27415230407405,352.18675220909034,0.2605547350124904,0.21950606790069005,69.7744,1.0,0.557282304380283,1.0,0.9948272862063915,0.6174763479313339,274.87962306495825,312.98806771284956,59.5,6060.759034679145,262.9501847706155,8946.0,36.463200517112114
398,19.9,156.3649741061139,200.43726518729056,418.6863940470797,182.3375903341816,0.6583013975636405,274.87962306495825,312.98806771284956,276.52486719573744,276.52486719573744,36.463200517112114,0.1165002895591701,59.5,59.5,34.76275634765625,113.58568671568777,53.449999999999996,0.0,0.0958432183369254,6060.759034679145,21423.0,-15362.240965320856,8946.0,9256.0,310.0,0.03349178910976664,2,0,1.1666666666666667,0.8990825688073395,81.94200661683196,4.22179412604515,0.0958432183369254,5.9996471233940225,0.0,5.9996471233940225,0.0,17.998316674328006,26.039919144511998,262.9501847706155,0.9934759322880533,272,110.79133612273174,0.0,106,312.98806771284956,0.0,0.0,423.27415230407405,352.18675220909034,0.2605547350124904,0.21950606790069005,69.8872,1.0,0.557282304380283,1.0,0.9948272862063915,0.6174763479313339,274.87962306495825,312.98806771284956,59.5,6060.759034679145,262.9501847706155,8946.0,36.463200517112114
399,19.95,156.3649741061139,200.43726518729056,418.6863940470797,182.3375903341816,0.6583013975636405,274.87962306495825,312.98806771284956,276.52486719573744,276.52486719573744,36.463200517112114,0.1165002895591701,59.5,59.5,34.76275634765625,113.58568671568777,53.449999999999996,0.0,0.0958432183369254,6060.759034679145,21423.0,-15362.240965320856,8946.0,9256.0,310.0,0.03349178910976664,2,0,1.1666666666666667,0.8990825688073395,81.94200661683196,4.22179412604515,0.0958432183369254,5.9996471233940225,0.0,5.9996471233940225,0.0,17.998316674328006,26.039919144511998,262.9501847706155,0.9934759322880533,272,110.79133612273174,0.0,106,312.98806771284956,0.0,0.0,423.27415230407405,352.18675220909034,0.2605547350124904,0.21950606790069005,70.0,1.0,0.557282304380283,1.0,0.9948272862063915,0.6174763479313339,274.87962306495825,312.98806771284956,59.5,6060.759034679145,262.9501847706155,8946.0,36.463200517112114
