frame,time_sec,anchor_x,anchor_y,tip_x,tip_y,quality,length_env_px,length_axis_px,length_axis_skeleton_px,length_axis_body_bins_px,length_axis_alt_px,length_axis_disagreement_px,centerline_disagreement,diameter_max_px,diameter_max_orth_px,diameter_max_thickness_px,diameter_max_feret_px,diameter_p95_px,diameter_mid_median_px,diameter_mid_p90_px,diameter_peak_span_px,diameter_peak_pos_norm,area_proj_px2,area_proj_contour_width_integral_px2,area_proj_contour_px2,area_proj_definition_gap_px2,body_mask_area_px2,component_area_px2,excluded_attachment_area_px2,body_mask_attachment_leak_fraction,attachment_count,attachment_border_touch_count,attachment_max_elongation,attachment_max_solidity,attachment_max_orientation_mismatch_deg,attachment_max_distance_to_main_axis_px,x_peak_norm,taper_left_px,taper_right_px,landing_zone_left_px,landing_zone_right_px,transition_zone_left_px,transition_zone_right_px,compaction_zone_length_px,zone_symmetry,branch_component_count_after_pruning,branch_count_after_pruning,endpoint_jump_px,axis_peak_position_stability,centerline_points,length_axis_formal_px,area_proj_formal_px2,anchor_jump_px,tip_jump_px,length_axis_ref_px,length_env_ref_px,foreshortening_axis,foreshortening_env,temperature_c,austenite_fraction,area_proj_true_px2,area_proj_true_norm,area_proj_raster_true_px2,area_proj_contour_true_px2,length_env_recovery,length_axis_recovery,diameter_max_recovery,area_proj_recovery,length_env_smooth,length_axis_smooth,diameter_max_smooth,diameter_mid_median_smooth,area_proj_smooth_px2,compaction_zone_smooth,body_mask_area_smooth_px2,axis_definition_gap_smooth_px
0,0.0,215.37493571083314,235.4086586619303,287.74382378307325,173.2324148137989,0.9897464474784063,341.955150246651,332.33259567565494,332.33259567565494,382.1665303208965,394.4090752162859,62.07647954063094,0.1867902226515735,51.5,51.5,13.99993896484375,86.86664671909283,86.2258187878865,82.6210947939401,86.23790988092813,288.0,0.3764705882352941,2371.876734629921,24532.411188572783,24247.0,-21875.12326537008,10491.0,10767.0,489.0,0.04541655057118975,1,0,1.8421052631578947,0.9337539432176656,4.5857339319169625,3.851626731169953,0.3764705882352941,0.0,0.0,0.0,0.0,8.0,20.0,312.0,0.9647058823529412,77,77,177.48525824067693,,112,332.33259567565494,2371.876734629921,,,634.6268208814446,341.9944612110107,0.4763338315672315,0.0001149462018199543,25.0,0.0,25274.0,1.0,25274.0,26105.0,0.1070813511592423,0.6300463522444385,0.09090909090983704,1.0,341.9840205071252,314.9687370825756,71.5,77.55545927639403,3320.929064297903,268.0,9370.0,90.72314887640499
1,0.05,219.60254025335223,232.35878917347725,330.7441849655853,172.02905176770471,0.9878712615129877,341.9840205071252,314.9687370825756,314.9687370825756,393.93767281306174,405.6918859589806,90.72314887640499,0.2880385835011302,71.5,71.5,33.55657958984375,82.00292639590069,80.24005751889504,77.55545927639403,81.1921247148462,216.0,0.6352941176470588,3320.929064297903,22921.93106005634,22633.5,-19312.570935702097,9370.0,9663.0,455.0,0.04708682603746248,1,0,1.8888888888888888,0.9193729003359462,3.971170437695075,3.6818934798522767,0.6352941176470588,0.0,0.0,0.0,0.0,28.0,44.0,268.0,0.9529411764705882,59,59,135.0336640029459,0.2588235294117647,107,314.9687370825756,3320.929064297903,5.212901693349389,43.01719591567068,634.6268208814446,341.9944612110107,0.5036945702277287,3.052886835797075e-05,25.1128,0.0,23757.5625,0.94,23719.0,24451.5,0.10692708105956415,0.6688003712435641,0.31818181818237773,1.0,341.9840205071252,314.9687370825756,71.5,77.55545927639403,3320.929064297903,268.0,9370.0,90.72314887640499
2,0.1,219.60254025335223,232.35878917347725,330.7441849655853,172.02905176770471,0.9878712615129877,341.9840205071252,314.9687370825756,314.9687370825756,393.93767281306174,405.6918859589806,90.72314887640499,0.2880385835011302,71.5,71.5,33.55657958984375,82.00292639590069,80.24005751889504,77.55545927639403,81.1921247148462,216.0,0.6352941176470588,3320.929064297903,22921.93106005634,22633.5,-19312.570935702097,9370.0,9663.0,455.0,0.04708682603746248,1,0,1.8888888888888888,0.9193729003359462,3.971170437695075,3.6818934798522767,0.6352941176470588,0.0,0.0,0.0,0.0,28.0,44.0,268.0,0.9529411764705882,59,59,135.0336640029459,0.0,107,314.9687370825756,3320.929064297903,0.0,0.0,634.6268208814446,341.9944612110107,0.5036945702277287,3.052886835797075e-05,25.2256,0.0,23757.5625,0.94,23719.0,24451.5,0.10692708105956415,0.6688003712435641,0.31818181818237773,1.0,341.9840205071252,314.9687370825756,71.5,77.55545927639403,3320.929064297903,268.0,9370.0,90.72314887640499
3,0.15,219.60254025335223,232.35878917347725,330.7441849655853,172.02905176770471,0.9878712615129877,341.9840205071252,314.9687370825756,314.9687370825756,393.93767281306174,405.6918859589806,90.72314887640499,0.2880385835011302,71.5,71.5,33.55657958984375,82.00292639590069,80.24005751889504,77.55545927639403,81.1921247148462,216.0,0.6352941176470588,3320.929064297903,22921.93106005634,22633.5,-19312.570935702097,9370.0,9663.0,455.0,0.04708682603746248,1,0,1.8888888888888888,0.9193729003359462,3.971170437695075,3.6818934798522767,0.6352941176470588,0.0,0.0,0.0,0.0,28.0,44.0,268.0,0.9529411764705882,59,59,135.0336640029459,0.0,107,314.9687370825756,3320.929064297903,0.0,0.0,634.6268208814446,341.9944612110107,0.5036945702277287,3.052886835797075e-05,25.3383,0.0,23757.5625,0.94,23719.0,24451.5,0.10692708105956415,0.6688003712435641,0.31818181818237773,1.0,341.9840205071252,314.9687370825756,71.5,77.55545927639403,3320.929064297903,268.0,9370.0,90.72314887640499
4,0.2,219.60254025335223,232.35878917347725,330.7441849655853,172.02905176770471,0.9878712615129877,341.9840205071252,314.9687370825756,314.9687370825756,393.93767281306174,405.6918859589806,90.72314887640499,0.2880385835011302,71.5,71.5,33.55657958984375,82.00292639590069,80.24005751889504,77.55545927639403,81.1921247148462,216.0,0.6352941176470588,3320.929064297903,22921.93106005634,22633.5,-19312.570935702097,9370.0,9663.0,455.0,0.04708682603746248,1,0,1.8888888888888888,0.9193729003359462,3.971170437695075,3.6818934798522767,0.6352941176470588,0.0,0.0,0.0,0.0,28.0,44.0,268.0,0.9529411764705882,59,59,135.0336640029459,0.0,107,314.9687370825756,3320.929064297903,0.0,0.0,634.6268208814446,341.9944612110107,0.5036945702277287,3.052886835797075e-05,25.4511,0.0,23757.5625,0.94,23719.0,24451.5,0.10692708105956415,0.6688003712435641,0.31818181818237773,1.0,341.9840205071252,314.9687370825756,71.5,77.55545927639403,3320.929064297903,268.0,9370.0,90.72314887640499
5,0.25,219.60254025335223,232.35878917347725,330.7441849655853,172.02905176770471,0.9878712615129877,341.9840205071252,314.9687370825756,314.9687370825756,393.93767281306174,405.6918859589806,90.72314887640499,0.2880385835011302,71.5,71.5,33.55657958984375,82.00292639590069,80.24005751889504,77.55545927639403,81.1921247148462,216.0,0.6352941176470588,3320.929064297903,22921.93106005634,22633.5,-19312.570935702097,9370.0,9663.0,455.0,0.04708682603746248,1,0,1.8888888888888888,0.9193729003359462,3.971170437695075,3.6818934798522767,0.6352941176470588,0.0,0.0,0.0,0.0,28.0,44.0,268.0,0.9529411764705882,59,59,135.0336640029459,0.0,107,314.9687370825756,3320.929064297903,0.0,0.0,634.6268208814446,341.9944612110107,0.5036945702277287,3.052886835797075e-05,25.5639,0.0,23757.5625,0.94,23719.0,24451.5,0.10692708105956415,0.6688003712435641,0.31818181818237773,1.0,341.9840205071252,314.9687370825756,71.5,77.55545927639403,3320.929064297903,268.0,9370.0,90.72314887640499
6,0.3,219.60254025335223,232.35878917347725,330.7441849655853,172.02905176770471,0.9878712615129877,341.9840205071252,314.9687370825756,314.9687370825756,393.93767281306174,405.6918859589806,90.72314887640499,0.2880385835011302,71.5,71.5,33.55657958984375,82.00292639590069,80.24005751889504,77.55545927639403,81.1921247148462,216.0,0.6352941176470588,3320.929064297903,22921.93106005634,22633.5,-19312.570935702097,9370.0,9663.0,455.0,0.04708682603746248,1,0,1.8888888888888888,0.9193729003359462,3.971170437695075,3.6818934798522767,0.6352941176470588,0.0,0.0,0.0,0.0,28.0,44.0,268.0,0.9529411764705882,59,59,135.0336640029459,0.0,107,314.9687370825756,3320.929064297903,0.0,0.0,634.6268208814446,341.9944612110107,0.5036945702277287,3.052886835797075e-05,25.6767,0.0,23757.5625,0.94,23719.0,24451.5,0.10692708105956415,0.6688003712435641,0.31818181818237773,1.0,341.9840205071252,314.9687370825756,71.5,77.55545927639403,3320.929064297903,268.0,9370.0,90.72314887640499
7,0.35,219.60254025335223,232.35878917347725,330.7441849655853,172.02905176770471,0.9878712615129877,341.9840205071252,314.9687370825756,314.9687370825756,393.93767281306174,405.6918859589806,90.72314887640499,0.2880385835011302,71.5,71.5,33.55657958984375,82.00292639590069,80.24005751889504,77.55545927639403,81.1921247148462,216.0,0.6352941176470588,3320.929064297903,22921.93106005634,22633.5,-19312.570935702097,9370.0,9663.0,455.0,0.04708682603746248,1,0,1.8888888888888888,0.9193729003359462,3.971170437695075,3.6818934798522767,0.6352941176470588,0.0,0.0,0.0,0.0,28.0,44.0,268.0,0.9529411764705882,59,59,135.0336640029459,0.0,107,314.9687370825756,3320.929064297903,0.0,0.0,634.6268208814446,341.9944612110107,0.5036945702277287,3.052886835797075e-05,25.7895,0.0,23757.5625,0.94,23719.0,24451.5,0.10692708105956415,0.6688003712435641,0.31818181818237773,1.0,341.9840205071252,314.9687370825756,71.5,77.55545927639403,3320.929064297903,268.0,9370.0,90.72314887640499
8,0.4,219.60254025335223,232.35878917347725,330.7441849655853,172.02905176770471,0.9878712615129877,341.9840205071252,314.9687370825756,314.9687370825756,393.93767281306174,405.6918859589806,90.72314887640499,0.2880385835011302,71.5,71.5,33.55657958984375,82.00292639590069,80.24005751889504,77.55545927639403,81.1921247148462,216.0,0.6352941176470588,3320.929064297903,22921.93106005634,22633.5,-19312.570935702097,9370.0,9663.0,455.0,0.04708682603746248,1,0,1.8888888888888888,0.9193729003359462,3.971170437695075,3.6818934798522767,0.6352941176470588,0.0,0.0,0.0,0.0,28.0,44.0,268.0,0.9529411764705882,59,59,135.0336640029459,0.0,107,314.9687370825756,3320.929064297903,0.0,0.0,634.6268208814446,341.9944612110107,0.5036945702277287,3.052886835797075e-05,25.9023,0.0,23757.5625,0.94,23719.0,24451.5,0.10692708105956415,0.6688003712435641,0.31818181818237773,1.0,341.9840205071252,314.9687370825756,71.5,77.55545927639403,3320.929064297903,268.0,9370.0,90.72314887640499
9,0.45,219.60254025335223,232.35878917347725,330.7441849655853,172.02905176770471,0.9878712615129877,341.9840205071252,314.9687370825756,314.9687370825756,393.93767281306174,405.6918859589806,90.72314887640499,0.2880385835011302,71.5,71.5,33.55657958984375,82.00292639590069,80.24005751889504,77.55545927639403,81.1921247148462,216.0,0.6352941176470588,3320.929064297903,22921.93106005634,22633.5,-19312.570935702097,9370.0,9663.0,455.0,0.04708682603746248,1,0,1.8888888888888888,0.9193729003359462,3.971170437695075,3.6818934798522767,0.6352941176470588,0.0,0.0,0.0,0.0,28.0,44.0,268.0,0.9529411764705882,59,59,135.0336640029459,0.0,107,314.9687370825756,3320.929064297903,0.0,0.0,634.6268208814446,341.9944612110107,0.5036945702277287,3.052886835797075e-05,26.015,0.0,23757.5625,0.94,23719.0,24451.5,0.10692708105956415,0.6688003712435641,0.31818181818237773,1.0,341.9840205071252,314.9687370825756,71.5,77.55545927639403,3320.929064297903,268.0,9370.0,90.72314887640499
10,0.5,219.60254025335223,232.35878917347725,330.7441849655853,172.02905176770471,0.9878712615129877,341.9840205071252,314.9687370825756,314.9687370825756,393.93767281306174,405.6918859589806,90.72314887640499,0.2880385835011302,71.5,71.5,33.55657958984375,82.00292639590069,80.24005751889504,77.55545927639403,81.1921247148462,216.0,0.6352941176470588,3320.929064297903,22921.93106005634,22633.5,-19312.570935702097,9370.0,9663.0,455.0,0.04708682603746248,1,0,1.8888888888888888,0.9193729003359462,3.971170437695075,3.6818934798522767,0.6352941176470588,0.0,0.0,0.0,0.0,28.0,44.0,268.0,0.9529411764705882,59,59,135.0336640029459,0.0,107,314.9687370825756,3320.929064297903,0.0,0.0,634.6268208814446,341.9944612110107,0.5036945702277287,3.052886835797075e-05,26.1278,0.0,23757.5625,0.94,23719.0,24451.5,0.10692708105956415,0.6688003712435641,0.31818181818237773,1.0,341.9840205071252,314.9687370825756,71.5,77.55545927639403,3320.929064297903,268.0,9370.0,90.72314887640499
11,0.55,219.60254025335223,232.35878917347725,330.7441849655853,172.02905176770471,0.9878712615129877,341.9840205071252,314.9687370825756,314.9687370825756,393.93767281306174,405.6918859589806,90.72314887640499,0.2880385835011302,71.5,71.5,33.55657958984375,82.00292639590069,80.24005751889504,77.55545927639403,81.1921247148462,216.0,0.6352941176470588,3320.929064297903,22921.93106005634,22633.5,-19312.570935702097,9370.0,9663.0,455.0,0.04708682603746248,1,0,1.8888888888888888,0.9193729003359462,3.971170437695075,3.6818934798522767,0.6352941176470588,0.0,0.0,0.0,0.0,28.0,44.0,268.0,0.9529411764705882,59,59,135.0336640029459,0.0,107,314.9687370825756,3320.929064297903,0.0,0.0,634.6268208814446,341.9944612110107,0.5036945702277287,3.052886835797075e-05,26.2406,0.0,23757.5625,0.94,23719.0,24451.5,0.10692708105956415,0.6688003712435641,0.31818181818237773,1.0,341.9840205071252,314.9687370825756,71.5,77.55545927639403,3320.929064297903,268.0,9370.0,90.72314887640499
12,0.6,219.60254025335223,232.35878917347725,330.7441849655853,172.02905176770471,0.9878712615129877,341.9840205071252,314.9687370825756,314.9687370825756,393.93767281306174,405.6918859589806,90.72314887640499,0.2880385835011302,71.5,71.5,33.55657958984375,82.00292639590069,80.24005751889504,77.55545927639403,81.1921247148462,216.0,0.6352941176470588,3320.929064297903,22921.93106005634,22633.5,-19312.570935702097,9370.0,9663.0,455.0,0.04708682603746248,1,0,1.8888888888888888,0.9193729003359462,3.971170437695075,3.6818934798522767,0.6352941176470588,0.0,0.0,0.0,0.0,28.0,44.0,268.0,0.9529411764705882,59,59,135.0336640029459,0.0,107,314.9687370825756,3320.929064297903,0.0,0.0,634.6268208814446,341.9944612110107,0.5036945702277287,3.052886835797075e-05,26.3534,0.0,23757.5625,0.94,23719.0,24451.5,0.10692708105956415,0.6688003712435641,0.31818181818237773,1.0,341.9840205071252,314.9687370825756,71.5,77.55545927639403,3320.929064297903,268.0,9370.0,90.72314887640499
13,0.65,219.60254025335223,232.35878917347725,330.7441849655853,172.02905176770471,0.9878712615129877,341.9840205071252,314.9687370825756,314.9687370825756,393.93767281306174,405.6918859589806,90.72314887640499,0.2880385835011302,71.5,71.5,33.55657958984375,82.00292639590069,80.24005751889504,77.55545927639403,81.1921247148462,216.0,0.6352941176470588,3320.929064297903,22921.93106005634,22633.5,-19312.570935702097,9370.0,9663.0,455.0,0.04708682603746248,1,0,1.8888888888888888,0.9193729003359462,3.971170437695075,3.6818934798522767,0.6352941176470588,0.0,0.0,0.0,0.0,28.0,44.0,268.0,0.9529411764705882,59,59,135.0336640029459,0.0,107,314.9687370825756,3320.929064297903,0.0,0.0,634.6268208814446,341.9944612110107,0.5036945702277287,3.052886835797075e-05,26.4662,0.0,23757.5625,0.94,23719.0,24451.5,0.10692708105956415,0.6688003712435641,0.31818181818237773,1.0,341.9840205071252,314.9687370825756,71.5,77.55545927639403,3320.929064297903,268.0,9370.0,90.72314887640499
14,0.7,219.60254025335223,232.35878917347725,330.7441849655853,172.02905176770471,0.9878712615129877,341.9840205071252,314.9687370825756,314.9687370825756,393.93767281306174,405.6918859589806,90.72314887640499,0.2880385835011302,71.5,71.5,33.55657958984375,82.00292639590069,80.24005751889504,77.55545927639403,81.1921247148462,216.0,0.6352941176470588,3320.929064297903,22921.93106005634,22633.5,-19312.570935702097,9370.0,9663.0,455.0,0.04708682603746248,1,0,1.8888888888888888,0.9193729003359462,3.971170437695075,3.6818934798522767,0.6352941176470588,0.0,0.0,0.0,0.0,28.0,44.0,268.0,0.9529411764705882,59,59,135.0336640029459,0.0,107,314.9687370825756,3320.929064297903,0.0,0.0,634.6268208814446,341.9944612110107,0.5036945702277287,3.052886835797075e-05,26.5789,0.0,23757.5625,0.94,23719.0,24451.5,0.10692708105956415,0.6688003712435641,0.31818181818237773,1.0,341.9840205071252,314.9687370825756,71.5,77.55545927639403,3320.929064297903,268.0,9370.0,90.72314887640499
15,0.75,219.60254025335223,232.35878917347725,330.7441849655853,172.02905176770471,0.9878712615129877,341.9840205071252,314.9687370825756,314.9687370825756,393.93767281306174,405.6918859589806,90.72314887640499,0.2880385835011302,71.5,71.5,33.55657958984375,82.00292639590069,80.24005751889504,77.55545927639403,81.1921247148462,216.0,0.6352941176470588,3320.929064297903,22921.93106005634,22633.5,-19312.570935702097,9370.0,9663.0,455.0,0.04708682603746248,1,0,1.8888888888888888,0.9193729003359462,3.971170437695075,3.6818934798522767,0.6352941176470588,0.0,0.0,0.0,0.0,28.0,44.0,268.0,0.9529411764705882,59,59,135.0336640029459,0.0,107,314.9687370825756,3320.929064297903,0.0,0.0,634.6268208814446,341.9944612110107,0.5036945702277287,3.052886835797075e-05,26.6917,0.0,23757.5625,0.94,23719.0,24451.5,0.10692708105956415,0.6688003712435641,0.31818181818237773,1.0,341.9840205071252,314.9687370825756,71.5,77.55545927639403,3320.929064297903,268.0,9370.0,90.72314887640499
16,0.8,219.60254025335223,232.35878917347725,330.7441849655853,172.02905176770471,0.9878712615129877,341.9840205071252,314.9687370825756,314.9687370825756,393.93767281306174,405.6918859589806,90.72314887640499,0.2880385835011302,71.5,71.5,33.55657958984375,82.00292639590069,80.24005751889504,77.55545927639403,81.1921247148462,216.0,0.6352941176470588,3320.929064297903,22921.93106005634,22633.5,-19312.570935702097,9370.0,9663.0,455.0,0.04708682603746248,1,0,1.8888888888888888,0.9193729003359462,3.971170437695075,3.6818934798522767,0.6352941176470588,0.0,0.0,0.0,0.0,28.0,44.0,268.0,0.9529411764705882,59,59,135.0336640029459,0.0,107,314.9687370825756,3320.929064297903,0.0,0.0,634.6268208814446,341.9944612110107,0.5036945702277287,3.052886835797075e-05,26.8045,0.0,23757.5625,0.94,23719.0,24451.5,0.10692708105956415,0.6688003712435641,0.31818181818237773,1.0,341.9840205071252,314.9687370825756,71.5,77.55545927639403,3320.929064297903,268.0,9370.0,90.72314887640499
17,0.85,219.60254025335223,232.35878917347725,330.7441849655853,172.02905176770471,0.9878712615129877,341.9840205071252,314.9687370825756,314.9687370825756,393.93767281306174,405.6918859589806,90.72314887640499,0.2880385835011302,71.5,71.5,33.55657958984375,82.00292639590069,80.24005751889504,77.55545927639403,81.1921247148462,216.0,0.6352941176470588,3320.929064297903,22921.93106005634,22633.5,-19312.570935702097,9370.0,9663.0,455.0,0.04708682603746248,1,0,1.8888888888888888,0.9193729003359462,3.971170437695075,3.6818934798522767,0.6352941176470588,0.0,0.0,0.0,0.0,28.0,44.0,268.0,0.9529411764705882,59,59,135.0336640029459,0.0,107,314.9687370825756,3320.929064297903,0.0,0.0,634.6268208814446,341.9944612110107,0.5036945702277287,3.052886835797075e-05,26.9173,0.0,23757.5625,0.94,23719.0,24451.5,0.10692708105956415,0.6688003712435641,0.31818181818237773,1.0,341.9840205071252,314.9687370825756,71.5,77.55545927639403,3320.929064297903,268.0,9370.0,90.72314887640499
18,0.9,219.60254025335223,232.35878917347725,330.7441849655853,172.02905176770471,0.9878712615129877,341.9840205071252,314.9687370825756,314.9687370825756,393.93767281306174,405.6918859589806,90.72314887640499,0.2880385835011302,71.5,71.5,33.55657958984375,82.00292639590069,80.24005751889504,77.55545927639403,81.1921247148462,216.0,0.6352941176470588,3320.929064297903,22921.93106005634,22633.5,-19312.570935702097,9370.0,9663.0,455.0,0.04708682603746248,1,0,1.8888888888888888,0.9193729003359462,3.971170437695075,3.6818934798522767,0.6352941176470588,0.0,0.0,0.0,0.0,28.0,44.0,268.0,0.9529411764705882,59,59,135.0336640029459,0.0,107,314.9687370825756,3320.929064297903,0.0,0.0,634.6268208814446,341.9944612110107,0.5036945702277287,3.052886835797075e-05,27.0301,0.0,23757.5625,0.94,23719.0,24451.5,0.10692708105956415,0.6688003712435641,0.31818181818237773,1.0,341.9840205071252,314.9687370825756,71.5,77.55545927639403,3320.929064297903,268.0,9370.0,90.72314887640499
19,0.95,219.60254025335223,232.35878917347725,330.7441849655853,172.02905176770471,0.9878712615129877,341.9840205071252,314.9687370825756,314.9687370825756,393.93767281306174,405.6918859589806,90.72314887640499,0.2880385835011302,71.5,71.5,33.55657958984375,82.00292639590069,80.24005751889504,77.55545927639403,81.1921247148462,216.0,0.6352941176470588,3320.929064297903,22921.93106005634,22633.5,-19312.570935702097,9370.0,9663.0,455.0,0.04708682603746248,1,0,1.8888888888888888,0.9193729003359462,3.971170437695075,3.6818934798522767,0.6352941176470588,0.0,0.0,0.0,0.0,28.0,44.0,268.0,0.9529411764705882,59,59,135.0336640029459,0.0,107,314.9687370825756,3320.929064297903,0.0,0.0,634.6268208814446,341.9944612110107,0.5036945702277287,3.052886835797075e-05,27.1429,0.0,23757.5625,0.94,23719.0,24451.5,0.10692708105956415,0.6688003712435641,0.31818181818237773,1.0,341.9840205071252,314.9687370825756,71.5,77.55545927639403,3320.929064297903,268.0,9370.0,90.72314887640499
20,1.0,219.60254025335223,232.35878917347725,330.7441849655853,172.02905176770471,0.9878712615129877,341.9840205071252,314.9687370825756,314.9687370825756,393.93767281306174,405.6918859589806,90.72314887640499,0.2880385835011302,71.5,71.5,33.55657958984375,82.00292639590069,80.24005751889504,77.55545927639403,81.1921247148462,216.0,0.6352941176470588,3320.929064297903,22921.93106005634,22633.5,-19312.570935702097,9370.0,9663.0,455.0,0.04708682603746248,1,0,1.8888888888888888,0.9193729003359462,3.971170437695075,3.6818934798522767,0.6352941176470588,0.0,0.0,0.0,0.0,28.0,44.0,268.0,0.9529411764705882,59,59,135.0336640029459,0.0,107,314.9687370825756,3320.929064297903,0.0,0.0,634.6268208814446,341.9944612110107,0.5036945702277287,3.052886835797075e-05,27.2556,0.0,23757.5625,0.94,23719.0,24451.5,0.10692708105956415,0.6688003712435641,0.31818181818237773,1.0,341.9840205071252,314.9687370825756,71.5,77.55545927639403,3320.929064297903,268.0,9370.0,90.72314887640499
21,1.05,219.60254025335223,232.35878917347725,330.7441849655853,172.02905176770471,0.9878712615129877,341.9840205071252,314.9687370825756,314.9687370825756,393.93767281306174,405.6918859589806,90.72314887640499,0.2880385835011302,71.5,71.5,33.55657958984375,82.00292639590069,80.24005751889504,77.55545927639403,81.1921247148462,216.0,0.6352941176470588,3320.929064297903,22921.93106005634,22633.5,-19312.570935702097,9370.0,9663.0,455.0,0.04708682603746248,1,0,1.8888888888888888,0.9193729003359462,3.971170437695075,3.6818934798522767,0.6352941176470588,0.0,0.0,0.0,0.0,28.0,44.0,268.0,0.9529411764705882,59,59,135.0336640029459,0.0,107,314.9687370825756,3320.929064297903,0.0,0.0,634.6268208814446,341.9944612110107,0.5036945702277287,3.052886835797075e-05,27.3684,0.0,23757.5625,0.94,23719.0,24451.5,0.10692708105956415,0.6688003712435641,0.31818181818237773,1.0,341.9840205071252,314.9687370825756,71.5,77.55545927639403,3320.929064297903,268.0,9370.0,90.72314887640499
22,1.1,219.60254025335223,232.35878917347725,330.7441849655853,172.02905176770471,0.9878712615129877,341.9840205071252,314.9687370825756,314.9687370825756,393.93767281306174,405.6918859589806,90.72314887640499,0.2880385835011302,71.5,71.5,33.55657958984375,82.00292639590069,80.24005751889504,77.55545927639403,81.1921247148462,216.0,0.6352941176470588,3320.929064297903,22921.93106005634,22633.5,-19312.570935702097,9370.0,9663.0,455.0,0.04708682603746248,1,0,1.8888888888888888,0.9193729003359462,3.971170437695075,3.6818934798522767,0.6352941176470588,0.0,0.0,0.0,0.0,28.0,44.0,268.0,0.9529411764705882,59,59,135.0336640029459,0.0,107,314.9687370825756,3320.929064297903,0.0,0.0,634.6268208814446,341.9944612110107,0.5036945702277287,3.052886835797075e-05,27.4812,0.0,23757.5625,0.94,23719.0,24451.5,0.10692708105956415,0.6688003712435641,0.31818181818237773,1.0,341.9840205071252,314.9687370825756,71.5,77.55545927639403,3320.929064297903,268.0,9370.0,90.72314887640499
23,1.15,219.60254025335223,232.35878917347725,330.7441849655853,172.02905176770471,0.9878712615129877,341.9840205071252,314.9687370825756,314.9687370825756,393.93767281306174,405.6918859589806,90.72314887640499,0.2880385835011302,71.5,71.5,33.55657958984375,82.00292639590069,80.24005751889504,77.55545927639403,81.1921247148462,216.0,0.6352941176470588,3320.929064297903,22921.93106005634,22633.5,-19312.570935702097,9370.0,9663.0,455.0,0.04708682603746248,1,0,1.8888888888888888,0.9193729003359462,3.971170437695075,3.6818934798522767,0.6352941176470588,0.0,0.0,0.0,0.0,28.0,44.0,268.0,0.9529411764705882,59,59,135.0336640029459,0.0,107,314.9687370825756,3320.929064297903,0.0,0.0,634.6268208814446,341.9944612110107,0.5036945702277287,3.052886835797075e-05,27.594,0.0,23757.5625,0.94,23719.0,24451.5,0.10692708105956415,0.6688003712435641,0.31818181818237773,1.0,341.9840205071252,314.9687370825756,71.5,77.55545927639403,3320.929064297903,268.0,9370.0,90.72314887640499
24,1.2,219.60254025335223,232.35878917347725,330.7441849655853,172.02905176770471,0.9878712615129877,341.9840205071252,314.9687370825756,314.9687370825756,393.93767281306174,405.6918859589806,90.72314887640499,0.2880385835011302,71.5,71.5,33.55657958984375,82.00292639590069,80.24005751889504,77.55545927639403,81.1921247148462,216.0,0.6352941176470588,3320.929064297903,22921.93106005634,22633.5,-19312.570935702097,9370.0,9663.0,455.0,0.04708682603746248,1,0,1.8888888888888888,0.9193729003359462,3.971170437695075,3.6818934798522767,0.6352941176470588,0.0,0.0,0.0,0.0,28.0,44.0,268.0,0.9529411764705882,59,59,135.0336640029459,0.0,107,314.9687370825756,3320.929064297903,0.0,0.0,634.6268208814446,341.9944612110107,0.5036945702277287,3.052886835797075e-05,27.7068,0.0,23757.5625,0.94,23719.0,24451.5,0.10692708105956415,0.6688003712435641,0.31818181818237773,1.0,341.9840205071252,314.9687370825756,71.5,77.55545927639403,3320.929064297903,268.0,9370.0,90.72314887640499
25,1.25,219.60254025335223,232.35878917347725,330.7441849655853,172.02905176770471,0.9878712615129877,341.9840205071252,314.9687370825756,314.9687370825756,393.93767281306174,405.6918859589806,90.72314887640499,0.2880385835011302,71.5,71.5,33.55657958984375,82.00292639590069,80.24005751889504,77.55545927639403,81.1921247148462,216.0,0.6352941176470588,3320.929064297903,22921.93106005634,22633.5,-19312.570935702097,9370.0,9663.0,455.0,0.04708682603746248,1,0,1.8888888888888888,0.9193729003359462,3.971170437695075,3.6818934798522767,0.6352941176470588,0.0,0.0,0.0,0.0,28.0,44.0,268.0,0.9529411764705882,59,59,135.0336640029459,0.0,107,314.9687370825756,3320.929064297903,0.0,0.0,634.6268208814446,341.9944612110107,0.5036945702277287,3.052886835797075e-05,27.8195,0.0,23757.5625,0.94,23719.0,24451.5,0.10692708105956415,0.6688003712435641,0.31818181818237773,1.0,341.9840205071252,314.9687370825756,71.5,77.55545927639403,3320.929064297903,268.0,9370.0,90.72314887640499
26,1.3,219.60254025335223,232.35878917347725,330.7441849655853,172.02905176770471,0.9878712615129877,341.9840205071252,314.9687370825756,314.9687370825756,393.93767281306174,405.6918859589806,90.72314887640499,0.2880385835011302,71.5,71.5,33.55657958984375,82.00292639590069,80.24005751889504,77.55545927639403,81.1921247148462,216.0,0.6352941176470588,3320.929064297903,22921.93106005634,22633.5,-19312.570935702097,9370.0,9663.0,455.0,0.04708682603746248,1,0,1.8888888888888888,0.9193729003359462,3.971170437695075,3.6818934798522767,0.6352941176470588,0.0,0.0,0.0,0.0,28.0,44.0,268.0,0.9529411764705882,59,59,135.0336640029459,0.0,107,314.9687370825756,3320.929064297903,0.0,0.0,634.6268208814446,341.9944612110107,0.5036945702277287,3.052886835797075e-05,27.9323,0.0,23757.5625,0.94,23719.0,24451.5,0.10692708105956415,0.6688003712435641,0.31818181818237773,1.0,341.9840205071252,314.9687370825756,71.5,77.55545927639403,3320.929064297903,268.0,9370.0,90.72314887640499
27,1.35,219.60254025335223,232.35878917347725,330.7441849655853,172.02905176770471,0.9878712615129877,341.9840205071252,314.9687370825756,314.9687370825756,393.93767281306174,405.6918859589806,90.72314887640499,0.2880385835011302,71.5,71.5,33.55657958984375,82.00292639590069,80.24005751889504,77.55545927639403,81.1921247148462,216.0,0.6352941176470588,3320.929064297903,22921.93106005634,22633.5,-19312.570935702097,9370.0,9663.0,455.0,0.04708682603746248,1,0,1.8888888888888888,0.9193729003359462,3.971170437695075,3.6818934798522767,0.6352941176470588,0.0,0.0,0.0,0.0,28.0,44.0,268.0,0.9529411764705882,59,59,135.0336640029459,0.0,107,314.9687370825756,3320.929064297903,0.0,0.0,634.6268208814446,341.9944612110107,0.5036945702277287,3.052886835797075e-05,28.0451,0.0,23757.5625,0.94,23719.0,24451.5,0.10692708105956415,0.6688003712435641,0.31818181818237773,1.0,341.9840205071252,314.9687370825756,71.5,77.55545927639403,3320.929064297903,268.0,9370.0,90.72314887640499
28,1.4,219.60254025335223,232.35878917347725,330.7441849655853,172.02905176770471,0.9878712615129877,341.9840205071252,314.9687370825756,314.9687370825756,393.93767281306174,405.6918859589806,90.72314887640499,0.2880385835011302,71.5,71.5,33.55657958984375,82.00292639590069,80.24005751889504,77.55545927639403,81.1921247148462,216.0,0.6352941176470588,3320.929064297903,22921.93106005634,22633.5,-19312.570935702097,9370.0,9663.0,455.0,0.04708682603746248,1,0,1.8888888888888888,0.9193729003359462,3.971170437695075,3.6818934798522767,0.6352941176470588,0.0,0.0,0.0,0.0,28.0,44.0,268.0,0.9529411764705882,59,59,135.0336640029459,0.0,107,314.9687370825756,3320.929064297903,0.0,0.0,634.6268208814446,341.9944612110107,0.5036945702277287,3.052886835797075e-05,28.1579,0.0,23757.5625,0.94,23719.0,24451.5,0.10692708105956415,0.6688003712435641,0.31818181818237773,1.0,341.9840205071252,314.9687370825756,71.5,77.55545927639403,3320.929064297903,268.0,9370.0,90.72314887640499
29,1.45,219.60254025335223,232.35878917347725,330.7441849655853,172.02905176770471,0.9878712615129877,341.9840205071252,314.9687370825756,314.9687370825756,393.93767281306174,405.6918859589806,90.72314887640499,0.2880385835011302,71.5,71.5,33.55657958984375,82.00292639590069,80.24005751889504,77.55545927639403,81.1921247148462,216.0,0.6352941176470588,3320.929064297903,22921.93106005634,22633.5,-19312.570935702097,9370.0,9663.0,455.0,0.04708682603746248,1,0,1.8888888888888888,0.9193729003359462,3.971170437695075,3.6818934798522767,0.6352941176470588,0.0,0.0,0.0,0.0,28.0,44.0,268.0,0.9529411764705882,59,59,135.0336640029459,0.0,107,314.9687370825756,3320.929064297903,0.0,0.0,634.6268208814446,341.9944612110107,0.5036945702277287,3.052886835797075e-05,28.2707,0.0,23757.5625,0.94,23719.0,24451.5,0.10692708105956415,0.6688003712435641,0.31818181818237773,1.0,341.9840205071252,314.9687370825756,71.5,77.55545927639403,3320.929064297903,268.0,9370.0,90.72314887640499
30,1.5,219.60254025335223,232.35878917347725,330.7441849655853,172.02905176770471,0.9878712615129877,341.9840205071252,314.9687370825756,314.9687370825756,393.93767281306174,405.6918859589806,90.72314887640499,0.2880385835011302,71.5,71.5,33.55657958984375,82.00292639590069,80.24005751889504,77.55545927639403,81.1921247148462,216.0,0.6352941176470588,3320.929064297903,22921.93106005634,22633.5,-19312.570935702097,9370.0,9663.0,455.0,0.04708682603746248,1,0,1.8888888888888888,0.9193729003359462,3.971170437695075,3.6818934798522767,0.6352941176470588,0.0,0.0,0.0,0.0,28.0,44.0,268.0,0.9529411764705882,59,59,135.0336640029459,0.0,107,314.9687370825756,3320.929064297903,0.0,0.0,634.6268208814446,341.9944612110107,0.5036945702277287,3.052886835797075e-05,28.3835,0.0,23757.5625,0.94,23719.0,24451.5,0.10692708105956415,0.6688003712435641,0.31818181818237773,1.0,341.9840205071252,314.9687370825756,71.5,77.55545927639403,3320.929064297903,268.0,9370.0,90.72314887640499
31,1.55,219.60254025335223,232.35878917347725,330.7441849655853,172.02905176770471,0.9878712615129877,341.9840205071252,314.9687370825756,314.9687370825756,393.93767281306174,405.6918859589806,90.72314887640499,0.2880385835011302,71.5,71.5,33.55657958984375,82.00292639590069,80.24005751889504,77.55545927639403,81.1921247148462,216.0,0.6352941176470588,3320.929064297903,22921.93106005634,22633.5,-19312.570935702097,9370.0,9663.0,455.0,0.04708682603746248,1,0,1.8888888888888888,0.9193729003359462,3.971170437695075,3.6818934798522767,0.6352941176470588,0.0,0.0,0.0,0.0,28.0,44.0,268.0,0.9529411764705882,59,59,135.0336640029459,0.0,107,314.9687370825756,3320.929064297903,0.0,0.0,634.6268208814446,341.9944612110107,0.5036945702277287,3.052886835797075e-05,28.4962,0.0,23757.5625,0.94,23719.0,24451.5,0.10692708105956415,0.6688003712435641,0.31818181818237773,1.0,341.9840205071252,314.9687370825756,71.5,77.55545927639403,3320.929064297903,268.0,9370.0,90.72314887640499
32,1.6,219.60254025335223,232.35878917347725,330.7441849655853,172.02905176770471,0.9878712615129877,341.9840205071252,314.9687370825756,314.9687370825756,393.93767281306174,405.6918859589806,90.72314887640499,0.2880385835011302,71.5,71.5,33.55657958984375,82.00292639590069,80.24005751889504,77.55545927639403,81.1921247148462,216.0,0.6352941176470588,3320.929064297903,22921.93106005634,22633.5,-19312.570935702097,9370.0,9663.0,455.0,0.04708682603746248,1,0,1.8888888888888888,0.9193729003359462,3.971170437695075,3.6818934798522767,0.6352941176470588,0.0,0.0,0.0,0.0,28.0,44.0,268.0,0.9529411764705882,59,59,135.0336640029459,0.0,107,314.9687370825756,3320.929064297903,0.0,0.0,634.6268208814446,341.9944612110107,0.5036945702277287,3.052886835797075e-05,28.609,0.0,23757.5625,0.94,23719.0,24451.5,0.10692708105956415,0.6688003712435641,0.31818181818237773,1.0,341.9840205071252,314.9687370825756,71.5,77.55545927639403,3320.929064297903,268.0,9370.0,90.72314887640499
33,1.65,219.60254025335223,232.35878917347725,330.7441849655853,172.02905176770471,0.9878712615129877,341.9840205071252,314.9687370825756,314.9687370825756,393.93767281306174,405.6918859589806,90.72314887640499,0.2880385835011302,71.5,71.5,33.55657958984375,82.00292639590069,80.24005751889504,77.55545927639403,81.1921247148462,216.0,0.6352941176470588,3320.929064297903,22921.93106005634,22633.5,-19312.570935702097,9370.0,9663.0,455.0,0.04708682603746248,1,0,1.8888888888888888,0.9193729003359462,3.971170437695075,3.6818934798522767,0.6352941176470588,0.0,0.0,0.0,0.0,28.0,44.0,268.0,0.9529411764705882,59,59,135.0336640029459,0.0,107,314.9687370825756,3320.929064297903,0.0,0.0,634.6268208814446,341.9944612110107,0.5036945702277287,3.052886835797075e-05,28.7218,0.0,23757.5625,0.94,23719.0,24451.5,0.10692708105956415,0.6688003712435641,0.31818181818237773,1.0,341.9840205071252,314.9687370825756,71.5,77.55545927639403,3320.929064297903,268.0,9370.0,90.72314887640499
34,1.7,219.60254025335223,232.35878917347725,330.7441849655853,172.02905176770471,0.9878712615129877,341.9840205071252,314.9687370825756,314.9687370825756,393.93767281306174,405.6918859589806,90.72314887640499,0.2880385835011302,71.5,71.5,33.55657958984375,82.00292639590069,80.24005751889504,77.55545927639403,81.1921247148462,216.0,0.6352941176470588,3320.929064297903,22921.93106005634,22633.5,-19312.570935702097,9370.0,9663.0,455.0,0.04708682603746248,1,0,1.8888888888888888,0.9193729003359462,3.971170437695075,3.6818934798522767,0.6352941176470588,0.0,0.0,0.0,0.0,28.0,44.0,268.0,0.9529411764705882,59,59,135.0336640029459,0.0,107,314.9687370825756,3320.929064297903,0.0,0.0,634.6268208814446,341.9944612110107,0.5036945702277287,3.052886835797075e-05,28.8346,0.0,23757.5625,0.94,23719.0,24451.5,0.10692708105956415,0.6688003712435641,0.31818181818237773,1.0,341.9840205071252,314.9687370825756,71.5,77.55545927639403,3320.929064297903,268.0,9370.0,90.72314887640499
35,1.75,219.60254025335223,232.35878917347725,330.7441849655853,172.02905176770471,0.9878712615129877,341.9840205071252,314.9687370825756,314.9687370825756,393.93767281306174,405.6918859589806,90.72314887640499,0.2880385835011302,71.5,71.5,33.55657958984375,82.00292639590069,80.24005751889504,77.55545927639403,81.1921247148462,216.0,0.6352941176470588,3320.929064297903,22921.93106005634,22633.5,-19312.570935702097,9370.0,9663.0,455.0,0.04708682603746248,1,0,1.8888888888888888,0.9193729003359462,3.971170437695075,3.6818934798522767,0.6352941176470588,0.0,0.0,0.0,0.0,28.0,44.0,268.0,0.9529411764705882,59,59,135.0336640029459,0.0,107,314.9687370825756,3320.929064297903,0.0,0.0,634.6268208814446,341.9944612110107,0.5036945702277287,3.052886835797075e-05,28.9474,0.0,23757.5625,0.94,23719.0,24451.5,0.10692708105956415,0.6688003712435641,0.31818181818237773,1.0,341.9840205071252,314.9687370825756,71.5,77.55545927639403,3320.929064297903,268.0,9370.0,90.72314887640499
36,1.8,219.60254025335223,232.35878917347725,330.7441849655853,172.02905176770471,0.9878712615129877,341.9840205071252,314.9687370825756,314.9687370825756,393.93767281306174,405.6918859589806,90.72314887640499,0.2880385835011302,71.5,71.5,33.55657958984375,82.00292639590069,80.24005751889504,77.55545927639403,81.1921247148462,216.0,0.6352941176470588,3320.929064297903,22921.93106005634,22633.5,-19312.570935702097,9370.0,9663.0,455.0,0.04708682603746248,1,0,1.8888888888888888,0.9193729003359462,3.971170437695075,3.6818934798522767,0.6352941176470588,0.0,0.0,0.0,0.0,28.0,44.0,268.0,0.9529411764705882,59,59,135.0336640029459,0.0,107,314.9687370825756,3320.929064297903,0.0,0.0,634.6268208814446,341.9944612110107,0.5036945702277287,3.052886835797075e-05,29.0602,0.0,23757.5625,0.94,23719.0,24451.5,0.10692708105956415,0.6688003712435641,0.31818181818237773,1.0,341.9840205071252,314.9687370825756,71.5,77.55545927639403,3320.929064297903,268.0,9370.0,90.72314887640499
37,1.85,219.60254025335223,232.35878917347725,330.7441849655853,172.02905176770471,0.9878712615129877,341.9840205071252,314.9687370825756,314.9687370825756,393.93767281306174,405.6918859589806,90.72314887640499,0.2880385835011302,71.5,71.5,33.55657958984375,82.00292639590069,80.24005751889504,77.55545927639403,81.1921247148462,216.0,0.6352941176470588,3320.929064297903,22921.93106005634,22633.5,-19312.570935702097,9370.0,9663.0,455.0,0.04708682603746248,1,0,1.8888888888888888,0.9193729003359462,3.971170437695075,3.6818934798522767,0.6352941176470588,0.0,0.0,0.0,0.0,28.0,44.0,268.0,0.9529411764705882,59,59,135.0336640029459,0.0,107,314.9687370825756,3320.929064297903,0.0,0.0,634.6268208814446,341.9944612110107,0.5036945702277287,3.052886835797075e-05,29.1729,0.0,23757.5625,0.94,23719.0,24451.5,0.10692708105956415,0.6688003712435641,0.31818181818237773,1.0,341.9840205071252,314.9687370825756,71.5,77.55545927639403,3320.929064297903,268.0,9370.0,90.72314887640499
38,1.9,219.60254025335223,232.35878917347725,330.7441849655853,172.02905176770471,0.9878712615129877,341.9840205071252,314.9687370825756,314.9687370825756,393.93767281306174,405.6918859589806,90.72314887640499,0.2880385835011302,71.5,71.5,33.55657958984375,82.00292639590069,80.24005751889504,77.55545927639403,81.1921247148462,216.0,0.6352941176470588,3320.929064297903,22921.93106005634,22633.5,-19312.570935702097,9370.0,9663.0,455.0,0.04708682603746248,1,0,1.8888888888888888,0.9193729003359462,3.971170437695075,3.6818934798522767,0.6352941176470588,0.0,0.0,0.0,0.0,28.0,44.0,268.0,0.9529411764705882,59,59,135.0336640029459,0.0,107,314.9687370825756,3320.929064297903,0.0,0.0,634.6268208814446,341.9944612110107,0.5036945702277287,3.052886835797075e-05,29.2857,0.0,23757.5625,0.94,23719.0,24451.5,0.10692708105956415,0.6688003712435641,0.31818181818237773,1.0,341.9840205071252,314.9687370825756,71.5,77.55545927639403,3320.929064297903,268.0,9370.0,90.72314887640499
39,1.95,219.60254025335223,232.35878917347725,330.7441849655853,172.02905176770471,0.9878712615129877,341.9840205071252,314.9687370825756,314.9687370825756,393.93767281306174,405.6918859589806,90.72314887640499,0.2880385835011302,71.5,71.5,33.55657958984375,82.00292639590069,80.24005751889504,77.55545927639403,81.1921247148462,216.0,0.6352941176470588,3320.929064297903,22921.93106005634,22633.5,-19312.570935702097,9370.0,9663.0,455.0,0.04708682603746248,1,0,1.8888888888888888,0.9193729003359462,3.971170437695075,3.6818934798522767,0.6352941176470588,0.0,0.0,0.0,0.0,28.0,44.0,268.0,0.9529411764705882,59,59,135.0336640029459,0.0,107,314.9687370825756,3320.929064297903,0.0,0.0,634.6268208814446,341.9944612110107,0.5036945702277287,3.052886835797075e-05,29.3985,0.0,23757.5625,0.94,23719.0,24451.5,0.10692708105956415,0.6688003712435641,0.31818181818237773,1.0,341.9840205071252,314.9687370825756,71.5,77.55545927639403,3320.929064297903,268.0,9370.0,90.72314887640499
40,2.0,219.60254025335223,232.35878917347725,330.7441849655853,172.02905176770471,0.9878712615129877,341.9840205071252,314.9687370825756,314.9687370825756,393.93767281306174,405.6918859589806,90.72314887640499,0.2880385835011302,71.5,71.5,33.55657958984375,82.00292639590069,80.24005751889504,77.55545927639403,81.1921247148462,216.0,0.6352941176470588,3320.929064297903,22921.93106005634,22633.5,-19312.570935702097,9370.0,9663.0,455.0,0.04708682603746248,1,0,1.8888888888888888,0.9193729003359462,3.971170437695075,3.6818934798522767,0.6352941176470588,0.0,0.0,0.0,0.0,28.0,44.0,268.0,0.9529411764705882,59,59,135.0336640029459,0.0,107,314.9687370825756,3320.929064297903,0.0,0.0,634.6268208814446,341.9944612110107,0.5036945702277287,3.052886835797075e-05,29.5113,0.0,23757.5625,0.94,23719.0,24451.5,0.10692708105956415,0.6688003712435641,0.31818181818237773,1.0,341.9840205071252,314.9687370825756,71.5,77.55545927639403,3320.929064297903,268.0,9370.0,90.72314887640499
41,2.05,219.60254025335223,232.35878917347725,330.7441849655853,172.02905176770471,0.9878712615129877,341.9840205071252,314.9687370825756,314.9687370825756,393.93767281306174,405.6918859589806,90.72314887640499,0.2880385835011302,71.5,71.5,33.55657958984375,82.00292639590069,80.24005751889504,77.55545927639403,81.1921247148462,216.0,0.6352941176470588,3320.929064297903,22921.93106005634,22633.5,-19312.570935702097,9370.0,9663.0,455.0,0.04708682603746248,1,0,1.8888888888888888,0.9193729003359462,3.971170437695075,3.6818934798522767,0.6352941176470588,0.0,0.0,0.0,0.0,28.0,44.0,268.0,0.9529411764705882,59,59,135.0336640029459,0.0,107,314.9687370825756,3320.929064297903,0.0,0.0,634.6268208814446,341.9944612110107,0.5036945702277287,3.052886835797075e-05,29.6241,0.0,23757.5625,0.94,23719.0,24451.5,0.10692708105956415,0.6688003712435641,0.31818181818237773,1.0,341.9840205071252,314.9687370825756,71.5,77.55545927639403,3320.929064297903,268.0,9370.0,90.72314887640499
42,2.1,219.60254025335223,232.35878917347725,330.7441849655853,172.02905176770471,0.9878712615129877,341.9840205071252,314.9687370825756,314.9687370825756,393.93767281306174,405.6918859589806,90.72314887640499,0.2880385835011302,71.5,71.5,33.55657958984375,82.00292639590069,80.24005751889504,77.55545927639403,81.1921247148462,216.0,0.6352941176470588,3320.929064297903,22921.93106005634,22633.5,-19312.570935702097,9370.0,9663.0,455.0,0.04708682603746248,1,0,1.8888888888888888,0.9193729003359462,3.971170437695075,3.6818934798522767,0.6352941176470588,0.0,0.0,0.0,0.0,28.0,44.0,268.0,0.9529411764705882,59,59,135.0336640029459,0.0,107,314.9687370825756,3320.929064297903,0.0,0.0,634.6268208814446,341.9944612110107,0.5036945702277287,3.052886835797075e-05,29.7368,0.0,23757.5625,0.94,23719.0,24451.5,0.10692708105956415,0.6688003712435641,0.31818181818237773,1.0,341.9840205071252,314.9687370825756,71.5,77.55545927639403,3320.929064297903,268.0,9370.0,90.72314887640499
43,2.15,219.60254025335223,232.35878917347725,330.7441849655853,172.02905176770471,0.9878712615129877,341.9840205071252,314.9687370825756,314.9687370825756,393.93767281306174,405.6918859589806,90.72314887640499,0.2880385835011302,71.5,71.5,33.55657958984375,82.00292639590069,80.24005751889504,77.55545927639403,81.1921247148462,216.0,0.6352941176470588,3320.929064297903,22921.93106005634,22633.5,-19312.570935702097,9370.0,9663.0,455.0,0.04708682603746248,1,0,1.8888888888888888,0.9193729003359462,3.971170437695075,3.6818934798522767,0.6352941176470588,0.0,0.0,0.0,0.0,28.0,44.0,268.0,0.9529411764705882,59,59,135.0336640029459,0.0,107,314.9687370825756,3320.929064297903,0.0,0.0,634.6268208814446,341.9944612110107,0.5036945702277287,3.052886835797075e-05,29.8496,0.0,23757.5625,0.94,23719.0,24451.5,0.10692708105956415,0.6688003712435641,0.31818181818237773,1.0,341.9840205071252,314.9687370825756,71.5,77.55545927639403,3320.929064297903,268.0,9370.0,90.72314887640499
44,2.2,219.60254025335223,232.35878917347725,330.7441849655853,172.02905176770471,0.9878712615129877,341.9840205071252,314.9687370825756,314.9687370825756,393.93767281306174,405.6918859589806,90.72314887640499,0.2880385835011302,71.5,71.5,33.55657958984375,82.00292639590069,80.24005751889504,77.55545927639403,81.1921247148462,216.0,0.6352941176470588,3320.929064297903,22921.93106005634,22633.5,-19312.570935702097,9370.0,9663.0,455.0,0.04708682603746248,1,0,1.8888888888888888,0.9193729003359462,3.971170437695075,3.6818934798522767,0.6352941176470588,0.0,0.0,0.0,0.0,28.0,44.0,268.0,0.9529411764705882,59,59,135.0336640029459,0.0,107,314.9687370825756,3320.929064297903,0.0,0.0,634.6268208814446,341.9944612110107,0.5036945702277287,3.052886835797075e-05,29.9624,0.0,23757.5625,0.94,23719.0,24451.5,0.10692708105956415,0.6688003712435641,0.31818181818237773,1.0,341.9840205071252,314.9687370825756,71.5,77.55545927639403,3320.929064297903,268.0,9370.0,90.72314887640499
45,2.25,219.60254025335223,232.35878917347725,330.7441849655853,172.02905176770471,0.9878712615129877,341.9840205071252,314.9687370825756,314.9687370825756,393.93767281306174,405.6918859589806,90.72314887640499,0.2880385835011302,71.5,71.5,33.55657958984375,82.00292639590069,80.24005751889504,77.55545927639403,81.1921247148462,216.0,0.6352941176470588,3320.929064297903,22921.93106005634,22633.5,-19312.570935702097,9370.0,9663.0,455.0,0.04708682603746248,1,0,1.8888888888888888,0.9193729003359462,3.971170437695075,3.6818934798522767,0.6352941176470588,0.0,0.0,0.0,0.0,28.0,44.0,268.0,0.9529411764705882,59,59,135.0336640029459,0.0,107,314.9687370825756,3320.929064297903,0.0,0.0,634.6268208814446,341.9944612110107,0.5036945702277287,3.052886835797075e-05,30.0752,0.0,23757.5625,0.94,23719.0,24451.5,0.10692708105956415,0.6688003712435641,0.31818181818237773,1.0,341.9840205071252,314.9687370825756,71.5,77.55545927639403,3320.929064297903,268.0,9370.0,90.72314887640499
46,2.3,219.60254025335223,232.35878917347725,330.7441849655853,172.02905176770471,0.9878712615129877,341.9840205071252,314.9687370825756,314.9687370825756,393.93767281306174,405.6918859589806,90.72314887640499,0.2880385835011302,71.5,71.5,33.55657958984375,82.00292639590069,80.24005751889504,77.55545927639403,81.1921247148462,216.0,0.6352941176470588,3320.929064297903,22921.93106005634,22633.5,-19312.570935702097,9370.0,9663.0,455.0,0.04708682603746248,1,0,1.8888888888888888,0.9193729003359462,3.971170437695075,3.6818934798522767,0.6352941176470588,0.0,0.0,0.0,0.0,28.0,44.0,268.0,0.9529411764705882,59,59,135.0336640029459,0.0,107,314.9687370825756,3320.929064297903,0.0,0.0,634.6268208814446,341.9944612110107,0.5036945702277287,3.052886835797075e-05,30.188,0.0,23757.5625,0.94,23719.0,24451.5,0.10692708105956415,0.6688003712435641,0.31818181818237773,1.0,341.9840205071252,314.9687370825756,71.5,77.55545927639403,3320.929064297903,268.0,9370.0,90.72314887640499
47,2.35,219.60254025335223,232.35878917347725,330.7441849655853,172.02905176770471,0.9878712615129877,341.9840205071252,314.9687370825756,314.9687370825756,393.93767281306174,405.6918859589806,90.72314887640499,0.2880385835011302,71.5,71.5,33.55657958984375,82.00292639590069,80.24005751889504,77.55545927639403,81.1921247148462,216.0,0.6352941176470588,3320.929064297903,22921.93106005634,22633.5,-19312.570935702097,9370.0,9663.0,455.0,0.04708682603746248,1,0,1.8888888888888888,0.9193729003359462,3.971170437695075,3.6818934798522767,0.6352941176470588,0.0,0.0,0.0,0.0,28.0,44.0,268.0,0.9529411764705882,59,59,135.0336640029459,0.0,107,314.9687370825756,3320.929064297903,0.0,0.0,634.6268208814446,341.9944612110107,0.5036945702277287,3.052886835797075e-05,30.3008,0.0,23757.5625,0.94,23719.0,24451.5,0.10692708105956415,0.6688003712435641,0.31818181818237773,1.0,341.9840205071252,314.9687370825756,71.5,77.55545927639403,3320.929064297903,268.0,9370.0,90.72314887640499
48,2.4,219.60254025335223,232.35878917347725,330.7441849655853,172.02905176770471,0.9878712615129877,341.9840205071252,314.9687370825756,314.9687370825756,393.93767281306174,405.6918859589806,90.72314887640499,0.2880385835011302,71.5,71.5,33.55657958984375,82.00292639590069,80.24005751889504,77.55545927639403,81.1921247148462,216.0,0.6352941176470588,3320.929064297903,22921.93106005634,22633.5,-19312.570935702097,9370.0,9663.0,455.0,0.04708682603746248,1,0,1.8888888888888888,0.9193729003359462,3.971170437695075,3.6818934798522767,0.6352941176470588,0.0,0.0,0.0,0.0,28.0,44.0,268.0,0.9529411764705882,59,59,135.0336640029459,0.0,107,314.9687370825756,3320.929064297903,0.0,0.0,634.6268208814446,341.9944612110107,0.5036945702277287,3.052886835797075e-05,30.4135,0.0,23757.5625,0.94,23719.0,24451.5,0.10692708105956415,0.6688003712435641,0.31818181818237773,1.0,341.9840205071252,314.9687370825756,71.5,77.55545927639403,3320.929064297903,268.0,9370.0,90.72314887640499
49,2.45,219.60254025335223,232.35878917347725,330.7441849655853,172.02905176770471,0.9878712615129877,341.9840205071252,314.9687370825756,314.9687370825756,393.93767281306174,405.6918859589806,90.72314887640499,0.2880385835011302,71.5,71.5,33.55657958984375,82.00292639590069,80.24005751889504,77.55545927639403,81.1921247148462,216.0,0.6352941176470588,3320.929064297903,22921.93106005634,22633.5,-19312.570935702097,9370.0,9663.0,455.0,0.04708682603746248,1,0,1.8888888888888888,0.9193729003359462,3.971170437695075,3.6818934798522767,0.6352941176470588,0.0,0.0,0.0,0.0,28.0,44.0,268.0,0.9529411764705882,59,59,135.0336640029459,0.0,107,314.9687370825756,3320.929064297903,0.0,0.0,634.6268208814446,341.9944612110107,0.5036945702277287,3.052886835797075e-05,30.5263,0.0,23757.5625,0.94,23719.0,24451.5,0.10692708105956415,0.6688003712435641,0.31818181818237773,1.0,341.9840205071252,314.9687370825756,71.5,77.55545927639403,3320.929064297903,268.0,9370.0,90.72314887640499
50,2.5,219.60254025335223,232.35878917347725,330.7441849655853,172.02905176770471,0.9878712615129877,341.9840205071252,314.9687370825756,314.9687370825756,393.93767281306174,405.6918859589806,90.72314887640499,0.2880385835011302,71.5,71.5,33.55657958984375,82.00292639590069,80.24005751889504,77.55545927639403,81.1921247148462,216.0,0.6352941176470588,3320.929064297903,22921.93106005634,22633.5,-19312.570935702097,9370.0,9663.0,455.0,0.04708682603746248,1,0,1.8888888888888888,0.9193729003359462,3.971170437695075,3.6818934798522767,0.6352941176470588,0.0,0.0,0.0,0.0,28.0,44.0,268.0,0.9529411764705882,59,59,135.0336640029459,0.0,107,314.9687370825756,3320.929064297903,0.0,0.0,634.6268208814446,341.9944612110107,0.5036945702277287,3.052886835797075e-05,30.6391,0.0,23757.5625,0.94,23719.0,24451.5,0.10692708105956415,0.6688003712435641,0.31818181818237773,1.0,341.9840205071252,314.9687370825756,71.5,77.55545927639403,3320.929064297903,268.0,9370.0,90.72314887640499
51,2.55,219.60254025335223,232.35878917347725,330.7441849655853,172.02905176770471,0.9878712615129877,341.9840205071252,314.9687370825756,314.9687370825756,393.93767281306174,405.6918859589806,90.72314887640499,0.2880385835011302,71.5,71.5,33.55657958984375,82.00292639590069,80.24005751889504,77.55545927639403,81.1921247148462,216.0,0.6352941176470588,3320.929064297903,22921.93106005634,22633.5,-19312.570935702097,9370.0,9663.0,455.0,0.04708682603746248,1,0,1.8888888888888888,0.9193729003359462,3.971170437695075,3.6818934798522767,0.6352941176470588,0.0,0.0,0.0,0.0,28.0,44.0,268.0,0.9529411764705882,59,59,135.0336640029459,0.0,107,314.9687370825756,3320.929064297903,0.0,0.0,634.6268208814446,341.9944612110107,0.5036945702277287,3.052886835797075e-05,30.7519,0.0,23757.5625,0.94,23719.0,24451.5,0.10692708105956415,0.6688003712435641,0.31818181818237773,1.0,341.9840205071252,314.9687370825756,71.5,77.55545927639403,3320.929064297903,268.0,9370.0,90.72314887640499
52,2.6,219.60254025335223,232.35878917347725,330.7441849655853,172.02905176770471,0.9878712615129877,341.9840205071252,314.9687370825756,314.9687370825756,393.93767281306174,405.6918859589806,90.72314887640499,0.2880385835011302,71.5,71.5,33.55657958984375,82.00292639590069,80.24005751889504,77.55545927639403,81.1921247148462,216.0,0.6352941176470588,3320.929064297903,22921.93106005634,22633.5,-19312.570935702097,9370.0,9663.0,455.0,0.04708682603746248,1,0,1.8888888888888888,0.9193729003359462,3.971170437695075,3.6818934798522767,0.6352941176470588,0.0,0.0,0.0,0.0,28.0,44.0,268.0,0.9529411764705882,59,59,135.0336640029459,0.0,107,314.9687370825756,3320.929064297903,0.0,0.0,634.6268208814446,341.9944612110107,0.5036945702277287,3.052886835797075e-05,30.8647,0.0,23757.5625,0.94,23719.0,24451.5,0.10692708105956415,0.6688003712435641,0.31818181818237773,1.0,341.9840205071252,314.9687370825756,71.5,77.55545927639403,3320.929064297903,268.0,9370.0,90.72314887640499
53,2.65,219.60254025335223,232.35878917347725,330.7441849655853,172.02905176770471,0.9878712615129877,341.9840205071252,314.9687370825756,314.9687370825756,393.93767281306174,405.6918859589806,90.72314887640499,0.2880385835011302,71.5,71.5,33.55657958984375,82.00292639590069,80.24005751889504,77.55545927639403,81.1921247148462,216.0,0.6352941176470588,3320.929064297903,22921.93106005634,22633.5,-19312.570935702097,9370.0,9663.0,455.0,0.04708682603746248,1,0,1.8888888888888888,0.9193729003359462,3.971170437695075,3.6818934798522767,0.6352941176470588,0.0,0.0,0.0,0.0,28.0,44.0,268.0,0.9529411764705882,59,59,135.0336640029459,0.0,107,314.9687370825756,3320.929064297903,0.0,0.0,634.6268208814446,341.9944612110107,0.5036945702277287,3.052886835797075e-05,30.9774,0.0,23757.5625,0.94,23719.0,24451.5,0.10692708105956415,0.6688003712435641,0.31818181818237773,1.0,341.9840205071252,314.9687370825756,71.5,77.55545927639403,3320.929064297903,268.0,9370.0,90.72314887640499
54,2.7,219.60254025335223,232.35878917347725,330.7441849655853,172.02905176770471,0.9878712615129877,341.9840205071252,314.9687370825756,314.9687370825756,393.93767281306174,405.6918859589806,90.72314887640499,0.2880385835011302,71.5,71.5,33.55657958984375,82.00292639590069,80.24005751889504,77.55545927639403,81.1921247148462,216.0,0.6352941176470588,3320.929064297903,22921.93106005634,22633.5,-19312.570935702097,9370.0,9663.0,455.0,0.04708682603746248,1,0,1.8888888888888888,0.9193729003359462,3.971170437695075,3.6818934798522767,0.6352941176470588,0.0,0.0,0.0,0.0,28.0,44.0,268.0,0.9529411764705882,59,59,135.0336640029459,0.0,107,314.9687370825756,3320.929064297903,0.0,0.0,634.6268208814446,341.9944612110107,0.5036945702277287,3.052886835797075e-05,31.0902,0.0,23757.5625,0.94,23719.0,24451.5,0.10692708105956415,0.6688003712435641,0.31818181818237773,1.0,341.9840205071252,314.9687370825756,71.5,77.55545927639403,3320.929064297903,268.0,9370.0,90.72314887640499
55,2.75,219.60254025335223,232.35878917347725,330.7441849655853,172.02905176770471,0.9878712615129877,341.9840205071252,314.9687370825756,314.9687370825756,393.93767281306174,405.6918859589806,90.72314887640499,0.2880385835011302,71.5,71.5,33.55657958984375,82.00292639590069,80.24005751889504,77.55545927639403,81.1921247148462,216.0,0.6352941176470588,3320.929064297903,22921.93106005634,22633.5,-19312.570935702097,9370.0,9663.0,455.0,0.04708682603746248,1,0,1.8888888888888888,0.9193729003359462,3.971170437695075,3.6818934798522767,0.6352941176470588,0.0,0.0,0.0,0.0,28.0,44.0,268.0,0.9529411764705882,59,59,135.0336640029459,0.0,107,314.9687370825756,3320.929064297903,0.0,0.0,634.6268208814446,341.9944612110107,0.5036945702277287,3.052886835797075e-05,31.203,0.0,23757.5625,0.94,23719.0,24451.5,0.10692708105956415,0.6688003712435641,0.31818181818237773,1.0,341.9840205071252,314.9687370825756,71.5,77.55545927639403,3320.929064297903,268.0,9370.0,90.72314887640499
56,2.8,219.60254025335223,232.35878917347725,330.7441849655853,172.02905176770471,0.9878712615129877,341.9840205071252,314.9687370825756,314.9687370825756,393.93767281306174,405.6918859589806,90.72314887640499,0.2880385835011302,71.5,71.5,33.55657958984375,82.00292639590069,80.24005751889504,77.55545927639403,81.1921247148462,216.0,0.6352941176470588,3320.929064297903,22921.93106005634,22633.5,-19312.570935702097,9370.0,9663.0,455.0,0.04708682603746248,1,0,1.8888888888888888,0.9193729003359462,3.971170437695075,3.6818934798522767,0.6352941176470588,0.0,0.0,0.0,0.0,28.0,44.0,268.0,0.9529411764705882,59,59,135.0336640029459,0.0,107,314.9687370825756,3320.929064297903,0.0,0.0,634.6268208814446,341.9944612110107,0.5036945702277287,3.052886835797075e-05,31.3158,0.0,23757.5625,0.94,23719.0,24451.5,0.10692708105956415,0.6688003712435641,0.31818181818237773,1.0,341.9840205071252,314.9687370825756,71.5,77.55545927639403,3320.929064297903,268.0,9370.0,90.72314887640499
57,2.85,219.60254025335223,232.35878917347725,330.7441849655853,172.02905176770471,0.9878712615129877,341.9840205071252,314.9687370825756,314.9687370825756,393.93767281306174,405.6918859589806,90.72314887640499,0.2880385835011302,71.5,71.5,33.55657958984375,82.00292639590069,80.24005751889504,77.55545927639403,81.1921247148462,216.0,0.6352941176470588,3320.929064297903,22921.93106005634,22633.5,-19312.570935702097,9370.0,9663.0,455.0,0.04708682603746248,1,0,1.8888888888888888,0.9193729003359462,3.971170437695075,3.6818934798522767,0.6352941176470588,0.0,0.0,0.0,0.0,28.0,44.0,268.0,0.9529411764705882,59,59,135.0336640029459,0.0,107,314.9687370825756,3320.929064297903,0.0,0.0,634.6268208814446,341.9944612110107,0.5036945702277287,3.052886835797075e-05,31.4286,0.0,23757.5625,0.94,23719.0,24451.5,0.10692708105956415,0.6688003712435641,0.31818181818237773,1.0,341.9840205071252,314.9687370825756,71.5,77.55545927639403,3320.929064297903,268.0,9370.0,90.72314887640499
58,2.9,219.60254025335223,232.35878917347725,330.7441849655853,172.02905176770471,0.9878712615129877,341.9840205071252,314.9687370825756,314.9687370825756,393.93767281306174,405.6918859589806,90.72314887640499,0.2880385835011302,71.5,71.5,33.55657958984375,82.00292639590069,80.24005751889504,77.55545927639403,81.1921247148462,216.0,0.6352941176470588,3320.929064297903,22921.93106005634,22633.5,-19312.570935702097,9370.0,9663.0,455.0,0.04708682603746248,1,0,1.8888888888888888,0.9193729003359462,3.971170437695075,3.6818934798522767,0.6352941176470588,0.0,0.0,0.0,0.0,28.0,44.0,268.0,0.9529411764705882,59,59,135.0336640029459,0.0,107,314.9687370825756,3320.929064297903,0.0,0.0,634.6268208814446,341.9944612110107,0.5036945702277287,3.052886835797075e-05,31.5414,0.0,23757.5625,0.94,23719.0,24451.5,0.10692708105956415,0.6688003712435641,0.31818181818237773,1.0,341.9840205071252,314.9687370825756,71.5,77.55545927639403,3320.929064297903,268.0,9370.0,90.72314887640499
59,2.95,219.60254025335223,232.35878917347725,330.7441849655853,172.02905176770471,0.9878712615129877,341.9840205071252,314.9687370825756,314.9687370825756,393.93767281306174,405.6918859589806,90.72314887640499,0.2880385835011302,71.5,71.5,33.55657958984375,82.00292639590069,80.24005751889504,77.55545927639403,81.1921247148462,216.0,0.6352941176470588,3320.929064297903,22921.93106005634,22633.5,-19312.570935702097,9370.0,9663.0,455.0,0.04708682603746248,1,0,1.8888888888888888,0.9193729003359462,3.971170437695075,3.6818934798522767,0.6352941176470588,0.0,0.0,0.0,0.0,28.0,44.0,268.0,0.9529411764705882,59,59,135.0336640029459,0.0,107,314.9687370825756,3320.929064297903,0.0,0.0,634.6268208814446,341.9944612110107,0.5036945702277287,3.052886835797075e-05,31.6541,0.0,23757.5625,0.94,23719.0,24451.5,0.10692708105956415,0.6688003712435641,0.31818181818237773,1.0,341.9840205071252,314.9687370825756,71.5,77.55545927639403,3320.929064297903,268.0,9370.0,90.72314887640499
60,3.0,219.60254025335223,232.35878917347725,330.7441849655853,172.02905176770471,0.9878712615129877,341.9840205071252,314.9687370825756,314.9687370825756,393.93767281306174,405.6918859589806,90.72314887640499,0.2880385835011302,71.5,71.5,33.55657958984375,82.00292639590069,80.24005751889504,77.55545927639403,81.1921247148462,216.0,0.6352941176470588,3320.929064297903,22921.93106005634,22633.5,-19312.570935702097,9370.0,9663.0,455.0,0.04708682603746248,1,0,1.8888888888888888,0.9193729003359462,3.971170437695075,3.6818934798522767,0.6352941176470588,0.0,0.0,0.0,0.0,28.0,44.0,268.0,0.9529411764705882,59,59,135.0336640029459,0.0,107,314.9687370825756,3320.929064297903,0.0,0.0,634.6268208814446,341.9944612110107,0.5036945702277287,3.052886835797075e-05,31.7669,0.0,23757.5625,0.94,23719.0,24451.5,0.10692708105956415,0.6688003712435641,0.31818181818237773,1.0,341.9840205071252,314.9687370825756,71.5,77.55545927639403,3320.929064297903,268.0,9370.0,90.72314887640499
61,3.05,219.60254025335223,232.35878917347725,330.7441849655853,172.02905176770471,0.9878712615129877,341.9840205071252,314.9687370825756,314.9687370825756,393.93767281306174,405.6918859589806,90.72314887640499,0.2880385835011302,71.5,71.5,33.55657958984375,82.00292639590069,80.24005751889504,77.55545927639403,81.1921247148462,216.0,0.6352941176470588,3320.929064297903,22921.93106005634,22633.5,-19312.570935702097,9370.0,9663.0,455.0,0.04708682603746248,1,0,1.8888888888888888,0.9193729003359462,3.971170437695075,3.6818934798522767,0.6352941176470588,0.0,0.0,0.0,0.0,28.0,44.0,268.0,0.9529411764705882,59,59,135.0336640029459,0.0,107,314.9687370825756,3320.929064297903,0.0,0.0,634.6268208814446,341.9944612110107,0.5036945702277287,3.052886835797075e-05,31.8797,0.0,23757.5625,0.94,23719.0,24451.5,0.10692708105956415,0.6688003712435641,0.31818181818237773,1.0,341.9840205071252,314.9687370825756,71.5,77.55545927639403,3320.929064297903,268.0,9370.0,90.72314887640499
62,3.1,219.60254025335223,232.35878917347725,330.7441849655853,172.02905176770471,0.9878712615129877,341.9840205071252,314.9687370825756,314.9687370825756,393.93767281306174,405.6918859589806,90.72314887640499,0.2880385835011302,71.5,71.5,33.55657958984375,82.00292639590069,80.24005751889504,77.55545927639403,81.1921247148462,216.0,0.6352941176470588,3320.929064297903,22921.93106005634,22633.5,-19312.570935702097,9370.0,9663.0,455.0,0.04708682603746248,1,0,1.8888888888888888,0.9193729003359462,3.971170437695075,3.6818934798522767,0.6352941176470588,0.0,0.0,0.0,0.0,28.0,44.0,268.0,0.9529411764705882,59,59,135.0336640029459,0.0,107,314.9687370825756,3320.929064297903,0.0,0.0,634.6268208814446,341.9944612110107,0.5036945702277287,3.052886835797075e-05,31.9925,0.0,23757.5625,0.94,23719.0,24451.5,0.10692708105956415,0.6688003712435641,0.31818181818237773,1.0,341.9840205071252,314.9687370825756,71.5,77.55545927639403,3320.929064297903,268.0,9370.0,90.72314887640499
63,3.15,219.60254025335223,232.35878917347725,330.7441849655853,172.02905176770471,0.9878712615129877,341.9840205071252,314.9687370825756,314.9687370825756,393.93767281306174,405.6918859589806,90.72314887640499,0.2880385835011302,71.5,71.5,33.55657958984375,82.00292639590069,80.24005751889504,77.55545927639403,81.1921247148462,216.0,0.6352941176470588,3320.929064297903,22921.93106005634,22633.5,-19312.570935702097,9370.0,9663.0,455.0,0.04708682603746248,1,0,1.8888888888888888,0.9193729003359462,3.971170437695075,3.6818934798522767,0.6352941176470588,0.0,0.0,0.0,0.0,28.0,44.0,268.0,0.9529411764705882,59,59,135.0336640029459,0.0,107,314.9687370825756,3320.929064297903,0.0,0.0,634.6268208814446,341.9944612110107,0.5036945702277287,3.052886835797075e-05,32.1053,0.0,23757.5625,0.94,23719.0,24451.5,0.10692708105956415,0.6688003712435641,0.31818181818237773,1.0,341.9840205071252,314.9687370825756,71.5,77.55545927639403,3320.929064297903,268.0,9370.0,90.72314887640499
64,3.2,219.60254025335223,232.35878917347725,330.7441849655853,172.02905176770471,0.9878712615129877,341.9840205071252,314.9687370825756,314.9687370825756,393.93767281306174,405.6918859589806,90.72314887640499,0.2880385835011302,71.5,71.5,33.55657958984375,82.00292639590069,80.24005751889504,77.55545927639403,81.1921247148462,216.0,0.6352941176470588,3320.929064297903,22921.93106005634,22633.5,-19312.570935702097,9370.0,9663.0,455.0,0.04708682603746248,1,0,1.8888888888888888,0.9193729003359462,3.971170437695075,3.6818934798522767,0.6352941176470588,0.0,0.0,0.0,0.0,28.0,44.0,268.0,0.9529411764705882,59,59,135.0336640029459,0.0,107,314.9687370825756,3320.929064297903,0.0,0.0,634.6268208814446,341.9944612110107,0.5036945702277287,3.052886835797075e-05,32.218,0.0,23757.5625,0.94,23719.0,24451.5,0.10692708105956415,0.6688003712435641,0.31818181818237773,1.0,341.9840205071252,314.9687370825756,71.5,77.55545927639403,3320.929064297903,268.0,9370.0,90.72314887640499
65,3.25,219.60254025335223,232.35878917347725,330.7441849655853,172.02905176770471,0.9878712615129877,341.9840205071252,314.9687370825756,314.9687370825756,393.93767281306174,405.6918859589806,90.72314887640499,0.2880385835011302,71.5,71.5,33.55657958984375,82.00292639590069,80.24005751889504,77.55545927639403,81.1921247148462,216.0,0.6352941176470588,3320.929064297903,22921.93106005634,22633.5,-19312.570935702097,9370.0,9663.0,455.0,0.04708682603746248,1,0,1.8888888888888888,0.9193729003359462,3.971170437695075,3.6818934798522767,0.6352941176470588,0.0,0.0,0.0,0.0,28.0,44.0,268.0,0.9529411764705882,59,59,135.0336640029459,0.0,107,314.9687370825756,3320.929064297903,0.0,0.0,634.6268208814446,341.9944612110107,0.5036945702277287,3.052886835797075e-05,32.3308,0.0,23757.5625,0.94,23719.0,24451.5,0.10692708105956415,0.6688003712435641,0.31818181818237773,1.0,341.9840205071252,314.9687370825756,71.5,77.55545927639403,3320.929064297903,268.0,9370.0,90.72314887640499
66,3.3,219.60254025335223,232.35878917347725,330.7441849655853,172.02905176770471,0.9878712615129877,341.9840205071252,314.9687370825756,314.9687370825756,393.93767281306174,405.6918859589806,90.72314887640499,0.2880385835011302,71.5,71.5,33.55657958984375,82.00292639590069,80.24005751889504,77.55545927639403,81.1921247148462,216.0,0.6352941176470588,3320.929064297903,22921.93106005634,22633.5,-19312.570935702097,9370.0,9663.0,455.0,0.04708682603746248,1,0,1.8888888888888888,0.9193729003359462,3.971170437695075,3.6818934798522767,0.6352941176470588,0.0,0.0,0.0,0.0,28.0,44.0,268.0,0.9529411764705882,59,59,135.0336640029459,0.0,107,314.9687370825756,3320.929064297903,0.0,0.0,634.6268208814446,341.9944612110107,0.5036945702277287,3.052886835797075e-05,32.4436,0.0,23757.5625,0.94,23719.0,24451.5,0.10692708105956415,0.6688003712435641,0.31818181818237773,1.0,341.9840205071252,314.9687370825756,71.5,77.55545927639403,3320.929064297903,268.0,9370.0,90.72314887640499
67,3.35,219.60254025335223,232.35878917347725,330.7441849655853,172.02905176770471,0.9878712615129877,341.9840205071252,314.9687370825756,314.9687370825756,393.93767281306174,405.6918859589806,90.72314887640499,0.2880385835011302,71.5,71.5,33.55657958984375,82.00292639590069,80.24005751889504,77.55545927639403,81.1921247148462,216.0,0.6352941176470588,3320.929064297903,22921.93106005634,22633.5,-19312.570935702097,9370.0,9663.0,455.0,0.04708682603746248,1,0,1.8888888888888888,0.9193729003359462,3.971170437695075,3.6818934798522767,0.6352941176470588,0.0,0.0,0.0,0.0,28.0,44.0,268.0,0.9529411764705882,59,59,135.0336640029459,0.0,107,314.9687370825756,3320.929064297903,0.0,0.0,634.6268208814446,341.9944612110107,0.5036945702277287,3.052886835797075e-05,32.5564,0.0,23757.5625,0.94,23719.0,24451.5,0.10692708105956415,0.6688003712435641,0.31818181818237773,1.0,341.9840205071252,314.9687370825756,71.5,77.55545927639403,3320.929064297903,268.0,9370.0,90.72314887640499
68,3.4,219.60254025335223,232.35878917347725,330.7441849655853,172.02905176770471,0.9878712615129877,341.9840205071252,314.9687370825756,314.9687370825756,393.93767281306174,405.6918859589806,90.72314887640499,0.2880385835011302,71.5,71.5,33.55657958984375,82.00292639590069,80.24005751889504,77.55545927639403,81.1921247148462,216.0,0.6352941176470588,3320.929064297903,22921.93106005634,22633.5,-19312.570935702097,9370.0,9663.0,455.0,0.04708682603746248,1,0,1.8888888888888888,0.9193729003359462,3.971170437695075,3.6818934798522767,0.6352941176470588,0.0,0.0,0.0,0.0,28.0,44.0,268.0,0.9529411764705882,59,59,135.0336640029459,0.0,107,314.9687370825756,3320.929064297903,0.0,0.0,634.6268208814446,341.9944612110107,0.5036945702277287,3.052886835797075e-05,32.6692,0.0,23757.5625,0.94,23719.0,24451.5,0.10692708105956415,0.6688003712435641,0.31818181818237773,1.0,341.9840205071252,314.9687370825756,71.5,77.55545927639403,3320.929064297903,268.0,9370.0,90.72314887640499
69,3.45,219.60254025335223,232.35878917347725,330.7441849655853,172.02905176770471,0.9878712615129877,341.9840205071252,314.9687370825756,314.9687370825756,393.93767281306174,405.6918859589806,90.72314887640499,0.2880385835011302,71.5,71.5,33.55657958984375,82.00292639590069,80.24005751889504,77.55545927639403,81.1921247148462,216.0,0.6352941176470588,3320.929064297903,22921.93106005634,22633.5,-19312.570935702097,9370.0,9663.0,455.0,0.04708682603746248,1,0,1.8888888888888888,0.9193729003359462,3.971170437695075,3.6818934798522767,0.6352941176470588,0.0,0.0,0.0,0.0,28.0,44.0,268.0,0.9529411764705882,59,59,135.0336640029459,0.0,107,314.9687370825756,3320.929064297903,0.0,0.0,634.6268208814446,341.9944612110107,0.5036945702277287,3.052886835797075e-05,32.782,0.0,23757.5625,0.94,23719.0,24451.5,0.10692708105956415,0.6688003712435641,0.31818181818237773,1.0,341.9840205071252,314.9687370825756,71.5,77.55545927639403,3320.929064297903,268.0,9370.0,90.72314887640499
70,3.5,219.60254025335223,232.35878917347725,330.7441849655853,172.02905176770471,0.9878712615129877,341.9840205071252,314.9687370825756,314.9687370825756,393.93767281306174,405.6918859589806,90.72314887640499,0.2880385835011302,71.5,71.5,33.55657958984375,82.00292639590069,80.24005751889504,77.55545927639403,81.1921247148462,216.0,0.6352941176470588,3320.929064297903,22921.93106005634,22633.5,-19312.570935702097,9370.0,9663.0,455.0,0.04708682603746248,1,0,1.8888888888888888,0.9193729003359462,3.971170437695075,3.6818934798522767,0.6352941176470588,0.0,0.0,0.0,0.0,28.0,44.0,268.0,0.9529411764705882,59,59,135.0336640029459,0.0,107,314.9687370825756,3320.929064297903,0.0,0.0,634.6268208814446,341.9944612110107,0.5036945702277287,3.052886835797075e-05,32.8947,0.0,23757.5625,0.94,23719.0,24451.5,0.10692708105956415,0.6688003712435641,0.31818181818237773,1.0,341.9840205071252,314.9687370825756,71.5,77.55545927639403,3320.929064297903,268.0,9370.0,90.72314887640499
71,3.55,219.60254025335223,232.35878917347725,330.7441849655853,172.02905176770471,0.9878712615129877,341.9840205071252,314.9687370825756,314.9687370825756,393.93767281306174,405.6918859589806,90.72314887640499,0.2880385835011302,71.5,71.5,33.55657958984375,82.00292639590069,80.24005751889504,77.55545927639403,81.1921247148462,216.0,0.6352941176470588,3320.929064297903,22921.93106005634,22633.5,-19312.570935702097,9370.0,9663.0,455.0,0.04708682603746248,1,0,1.8888888888888888,0.9193729003359462,3.971170437695075,3.6818934798522767,0.6352941176470588,0.0,0.0,0.0,0.0,28.0,44.0,268.0,0.9529411764705882,59,59,135.0336640029459,0.0,107,314.9687370825756,3320.929064297903,0.0,0.0,634.6268208814446,341.9944612110107,0.5036945702277287,3.052886835797075e-05,33.0075,0.0,23757.5625,0.94,23719.0,24451.5,0.10692708105956415,0.6688003712435641,0.31818181818237773,1.0,341.9840205071252,314.9687370825756,71.5,77.55545927639403,3320.929064297903,268.0,9370.0,90.72314887640499
72,3.6,219.60254025335223,232.35878917347725,330.7441849655853,172.02905176770471,0.9878712615129877,341.9840205071252,314.9687370825756,314.9687370825756,393.93767281306174,405.6918859589806,90.72314887640499,0.2880385835011302,71.5,71.5,33.55657958984375,82.00292639590069,80.24005751889504,77.55545927639403,81.1921247148462,216.0,0.6352941176470588,3320.929064297903,22921.93106005634,22633.5,-19312.570935702097,9370.0,9663.0,455.0,0.04708682603746248,1,0,1.8888888888888888,0.9193729003359462,3.971170437695075,3.6818934798522767,0.6352941176470588,0.0,0.0,0.0,0.0,28.0,44.0,268.0,0.9529411764705882,59,59,135.0336640029459,0.0,107,314.9687370825756,3320.929064297903,0.0,0.0,634.6268208814446,341.9944612110107,0.5036945702277287,3.052886835797075e-05,33.1203,0.0,23757.5625,0.94,23719.0,24451.5,0.10692708105956415,0.6688003712435641,0.31818181818237773,1.0,341.9840205071252,314.9687370825756,71.5,77.55545927639403,3320.929064297903,268.0,9370.0,90.72314887640499
73,3.65,219.60254025335223,232.35878917347725,330.7441849655853,172.02905176770471,0.9878712615129877,341.9840205071252,314.9687370825756,314.9687370825756,393.93767281306174,405.6918859589806,90.72314887640499,0.2880385835011302,71.5,71.5,33.55657958984375,82.00292639590069,80.24005751889504,77.55545927639403,81.1921247148462,216.0,0.6352941176470588,3320.929064297903,22921.93106005634,22633.5,-19312.570935702097,9370.0,9663.0,455.0,0.04708682603746248,1,0,1.8888888888888888,0.9193729003359462,3.971170437695075,3.6818934798522767,0.6352941176470588,0.0,0.0,0.0,0.0,28.0,44.0,268.0,0.9529411764705882,59,59,135.0336640029459,0.0,107,314.9687370825756,3320.929064297903,0.0,0.0,634.6268208814446,341.9944612110107,0.5036945702277287,3.052886835797075e-05,33.2331,0.0,23757.5625,0.94,23719.0,24451.5,0.10692708105956415,0.6688003712435641,0.31818181818237773,1.0,341.9840205071252,314.9687370825756,71.5,77.55545927639403,3320.929064297903,268.0,9370.0,90.72314887640499
74,3.7,219.60254025335223,232.35878917347725,330.7441849655853,172.02905176770471,0.9878712615129877,341.9840205071252,314.9687370825756,314.9687370825756,393.93767281306174,405.6918859589806,90.72314887640499,0.2880385835011302,71.5,71.5,33.55657958984375,82.00292639590069,80.24005751889504,77.55545927639403,81.1921247148462,216.0,0.6352941176470588,3320.929064297903,22921.93106005634,22633.5,-19312.570935702097,9370.0,9663.0,455.0,0.04708682603746248,1,0,1.8888888888888888,0.9193729003359462,3.971170437695075,3.6818934798522767,0.6352941176470588,0.0,0.0,0.0,0.0,28.0,44.0,268.0,0.9529411764705882,59,59,135.0336640029459,0.0,107,314.9687370825756,3320.929064297903,0.0,0.0,634.6268208814446,341.9944612110107,0.5036945702277287,3.052886835797075e-05,33.3459,0.0,23757.5625,0.94,23719.0,24451.5,0.10692708105956415,0.6688003712435641,0.31818181818237773,1.0,341.9840205071252,314.9687370825756,71.5,77.55545927639403,3320.929064297903,268.0,9370.0,90.72314887640499
75,3.75,219.60254025335223,232.35878917347725,330.7441849655853,172.02905176770471,0.9878712615129877,341.9840205071252,314.9687370825756,314.9687370825756,393.93767281306174,405.6918859589806,90.72314887640499,0.2880385835011302,71.5,71.5,33.55657958984375,82.00292639590069,80.24005751889504,77.55545927639403,81.1921247148462,216.0,0.6352941176470588,3320.929064297903,22921.93106005634,22633.5,-19312.570935702097,9370.0,9663.0,455.0,0.04708682603746248,1,0,1.8888888888888888,0.9193729003359462,3.971170437695075,3.6818934798522767,0.6352941176470588,0.0,0.0,0.0,0.0,28.0,44.0,268.0,0.9529411764705882,59,59,135.0336640029459,0.0,107,314.9687370825756,3320.929064297903,0.0,0.0,634.6268208814446,341.9944612110107,0.5036945702277287,3.052886835797075e-05,33.4586,0.0,23757.5625,0.94,23719.0,24451.5,0.10692708105956415,0.6688003712435641,0.31818181818237773,1.0,341.9840205071252,314.9687370825756,71.5,77.55545927639403,3320.929064297903,268.0,9370.0,90.72314887640499
76,3.8,219.60254025335223,232.35878917347725,330.7441849655853,172.02905176770471,0.9878712615129877,341.9840205071252,314.9687370825756,314.9687370825756,393.93767281306174,405.6918859589806,90.72314887640499,0.2880385835011302,71.5,71.5,33.55657958984375,82.00292639590069,80.24005751889504,77.55545927639403,81.1921247148462,216.0,0.6352941176470588,3320.929064297903,22921.93106005634,22633.5,-19312.570935702097,9370.0,9663.0,455.0,0.04708682603746248,1,0,1.8888888888888888,0.9193729003359462,3.971170437695075,3.6818934798522767,0.6352941176470588,0.0,0.0,0.0,0.0,28.0,44.0,268.0,0.9529411764705882,59,59,135.0336640029459,0.0,107,314.9687370825756,3320.929064297903,0.0,0.0,634.6268208814446,341.9944612110107,0.5036945702277287,3.052886835797075e-05,33.5714,0.0,23757.5625,0.94,23719.0,24451.5,0.10692708105956415,0.6688003712435641,0.31818181818237773,1.0,341.9840205071252,314.9687370825756,71.5,77.55545927639403,3320.929064297903,268.0,9370.0,90.72314887640499
77,3.85,219.60254025335223,232.35878917347725,330.7441849655853,172.02905176770471,0.9878712615129877,341.9840205071252,314.9687370825756,314.9687370825756,393.93767281306174,405.6918859589806,90.72314887640499,0.2880385835011302,71.5,71.5,33.55657958984375,82.00292639590069,80.24005751889504,77.55545927639403,81.1921247148462,216.0,0.6352941176470588,3320.929064297903,22921.93106005634,22633.5,-19312.570935702097,9370.0,9663.0,455.0,0.04708682603746248,1,0,1.8888888888888888,0.9193729003359462,3.971170437695075,3.6818934798522767,0.6352941176470588,0.0,0.0,0.0,0.0,28.0,44.0,268.0,0.9529411764705882,59,59,135.0336640029459,0.0,107,314.9687370825756,3320.929064297903,0.0,0.0,634.6268208814446,341.9944612110107,0.5036945702277287,3.052886835797075e-05,33.6842,0.0,23757.5625,0.94,23719.0,24451.5,0.10692708105956415,0.6688003712435641,0.31818181818237773,1.0,341.9840205071252,314.9687370825756,71.5,77.55545927639403,3320.929064297903,268.0,9370.0,90.72314887640499
78,3.9,219.60254025335223,232.35878917347725,330.7441849655853,172.02905176770471,0.9878712615129877,341.9840205071252,314.9687370825756,314.9687370825756,393.93767281306174,405.6918859589806,90.72314887640499,0.2880385835011302,71.5,71.5,33.55657958984375,82.00292639590069,80.24005751889504,77.55545927639403,81.1921247148462,216.0,0.6352941176470588,3320.929064297903,22921.93106005634,22633.5,-19312.570935702097,9370.0,9663.0,455.0,0.04708682603746248,1,0,1.8888888888888888,0.9193729003359462,3.971170437695075,3.6818934798522767,0.6352941176470588,0.0,0.0,0.0,0.0,28.0,44.0,268.0,0.9529411764705882,59,59,135.0336640029459,0.0,107,314.9687370825756,3320.929064297903,0.0,0.0,634.6268208814446,341.9944612110107,0.5036945702277287,3.052886835797075e-05,33.797,0.0,23757.5625,0.94,23719.0,24451.5,0.10692708105956415,0.6688003712435641,0.31818181818237773,1.0,341.9840205071252,314.9687370825756,71.5,77.55545927639403,3320.929064297903,268.0,9370.0,90.72314887640499
79,3.95,219.60254025335223,232.35878917347725,330.7441849655853,172.02905176770471,0.9878712615129877,341.9840205071252,314.9687370825756,314.9687370825756,393.93767281306174,405.6918859589806,90.72314887640499,0.2880385835011302,71.5,71.5,33.55657958984375,82.00292639590069,80.24005751889504,77.55545927639403,81.1921247148462,216.0,0.6352941176470588,3320.929064297903,22921.93106005634,22633.5,-19312.570935702097,9370.0,9663.0,455.0,0.04708682603746248,1,0,1.8888888888888888,0.9193729003359462,3.971170437695075,3.6818934798522767,0.6352941176470588,0.0,0.0,0.0,0.0,28.0,44.0,268.0,0.9529411764705882,59,59,135.0336640029459,0.0,107,314.9687370825756,3320.929064297903,0.0,0.0,634.6268208814446,341.9944612110107,0.5036945702277287,3.052886835797075e-05,33.9098,0.0,23757.5625,0.94,23719.0,24451.5,0.10692708105956415,0.6688003712435641,0.31818181818237773,1.0,341.9840205071252,314.9687370825756,71.5,77.55545927639403,3320.929064297903,268.0,9370.0,90.72314887640499
80,4.0,219.60254025335223,232.35878917347725,330.7441849655853,172.02905176770471,0.9878712615129877,341.9840205071252,314.9687370825756,314.9687370825756,393.93767281306174,405.6918859589806,90.72314887640499,0.2880385835011302,71.5,71.5,33.55657958984375,82.00292639590069,80.24005751889504,77.55545927639403,81.1921247148462,216.0,0.6352941176470588,3320.929064297903,22921.93106005634,22633.5,-19312.570935702097,9370.0,9663.0,455.0,0.04708682603746248,1,0,1.8888888888888888,0.9193729003359462,3.971170437695075,3.6818934798522767,0.6352941176470588,0.0,0.0,0.0,0.0,28.0,44.0,268.0,0.9529411764705882,59,59,135.0336640029459,0.0,107,314.9687370825756,3320.929064297903,0.0,0.0,634.6268208814446,341.9944612110107,0.5036945702277287,3.052886835797075e-05,34.0226,0.0,23757.5625,0.94,23719.0,24451.5,0.10692708105956415,0.6688003712435641,0.31818181818237773,1.0,341.9840205071252,314.9687370825756,71.5,77.55545927639403,3320.929064297903,268.0,9370.0,90.72314887640499
81,4.05,219.60254025335223,232.35878917347725,330.7441849655853,172.02905176770471,0.9878712615129877,341.9840205071252,314.9687370825756,314.9687370825756,393.93767281306174,405.6918859589806,90.72314887640499,0.2880385835011302,71.5,71.5,33.55657958984375,82.00292639590069,80.24005751889504,77.55545927639403,81.1921247148462,216.0,0.6352941176470588,3320.929064297903,22921.93106005634,22633.5,-19312.570935702097,9370.0,9663.0,455.0,0.04708682603746248,1,0,1.8888888888888888,0.9193729003359462,3.971170437695075,3.6818934798522767,0.6352941176470588,0.0,0.0,0.0,0.0,28.0,44.0,268.0,0.9529411764705882,59,59,135.0336640029459,0.0,107,314.9687370825756,3320.929064297903,0.0,0.0,634.6268208814446,341.9944612110107,0.5036945702277287,3.052886835797075e-05,34.1353,0.0,23757.5625,0.94,23719.0,24451.5,0.10692708105956415,0.6688003712435641,0.31818181818237773,1.0,341.9840205071252,314.9687370825756,71.5,77.55545927639403,3320.929064297903,268.0,9370.0,90.72314887640499
82,4.1,219.60254025335223,232.35878917347725,330.7441849655853,172.02905176770471,0.9878712615129877,341.9840205071252,314.9687370825756,314.9687370825756,393.93767281306174,405.6918859589806,90.72314887640499,0.2880385835011302,71.5,71.5,33.55657958984375,82.00292639590069,80.24005751889504,77.55545927639403,81.1921247148462,216.0,0.6352941176470588,3320.929064297903,22921.93106005634,22633.5,-19312.570935702097,9370.0,9663.0,455.0,0.04708682603746248,1,0,1.8888888888888888,0.9193729003359462,3.971170437695075,3.6818934798522767,0.6352941176470588,0.0,0.0,0.0,0.0,28.0,44.0,268.0,0.9529411764705882,59,59,135.0336640029459,0.0,107,314.9687370825756,3320.929064297903,0.0,0.0,634.6268208814446,341.9944612110107,0.5036945702277287,3.052886835797075e-05,34.2481,0.0,23757.5625,0.94,23719.0,24451.5,0.10692708105956415,0.6688003712435641,0.31818181818237773,1.0,341.9840205071252,314.9687370825756,71.5,77.55545927639403,3320.929064297903,268.0,9370.0,90.72314887640499
83,4.15,219.60254025335223,232.35878917347725,330.7441849655853,172.02905176770471,0.9878712615129877,341.9840205071252,314.9687370825756,314.9687370825756,393.93767281306174,405.6918859589806,90.72314887640499,0.2880385835011302,71.5,71.5,33.55657958984375,82.00292639590069,80.24005751889504,77.55545927639403,81.1921247148462,216.0,0.6352941176470588,3320.929064297903,22921.93106005634,22633.5,-19312.570935702097,9370.0,9663.0,455.0,0.04708682603746248,1,0,1.8888888888888888,0.9193729003359462,3.971170437695075,3.6818934798522767,0.6352941176470588,0.0,0.0,0.0,0.0,28.0,44.0,268.0,0.9529411764705882,59,59,135.0336640029459,0.0,107,314.9687370825756,3320.929064297903,0.0,0.0,634.6268208814446,341.9944612110107,0.5036945702277287,3.052886835797075e-05,34.3609,0.0,23757.5625,0.94,23719.0,24451.5,0.10692708105956415,0.6688003712435641,0.31818181818237773,1.0,341.9840205071252,314.9687370825756,71.5,77.55545927639403,3320.929064297903,268.0,9370.0,90.72314887640499
84,4.2,219.60254025335223,232.35878917347725,330.7441849655853,172.02905176770471,0.9878712615129877,341.9840205071252,314.9687370825756,314.9687370825756,393.93767281306174,405.6918859589806,90.72314887640499,0.2880385835011302,71.5,71.5,33.55657958984375,82.00292639590069,80.24005751889504,77.55545927639403,81.1921247148462,216.0,0.6352941176470588,3320.929064297903,22921.93106005634,22633.5,-19312.570935702097,9370.0,9663.0,455.0,0.04708682603746248,1,0,1.8888888888888888,0.9193729003359462,3.971170437695075,3.6818934798522767,0.6352941176470588,0.0,0.0,0.0,0.0,28.0,44.0,268.0,0.9529411764705882,59,59,135.0336640029459,0.0,107,314.9687370825756,3320.929064297903,0.0,0.0,634.6268208814446,341.9944612110107,0.5036945702277287,3.052886835797075e-05,34.4737,0.0,23757.5625,0.94,23719.0,24451.5,0.10692708105956415,0.6688003712435641,0.31818181818237773,1.0,341.9840205071252,314.9687370825756,71.5,77.55545927639403,3320.929064297903,268.0,9370.0,90.72314887640499
85,4.25,219.60254025335223,232.35878917347725,330.7441849655853,172.02905176770471,0.9878712615129877,341.9840205071252,314.9687370825756,314.9687370825756,393.93767281306174,405.6918859589806,90.72314887640499,0.2880385835011302,71.5,71.5,33.55657958984375,82.00292639590069,80.24005751889504,77.55545927639403,81.1921247148462,216.0,0.6352941176470588,3320.929064297903,22921.93106005634,22633.5,-19312.570935702097,9370.0,9663.0,455.0,0.04708682603746248,1,0,1.8888888888888888,0.9193729003359462,3.971170437695075,3.6818934798522767,0.6352941176470588,0.0,0.0,0.0,0.0,28.0,44.0,268.0,0.9529411764705882,59,59,135.0336640029459,0.0,107,314.9687370825756,3320.929064297903,0.0,0.0,634.6268208814446,341.9944612110107,0.5036945702277287,3.052886835797075e-05,34.5865,0.0,23757.5625,0.94,23719.0,24451.5,0.10692708105956415,0.6688003712435641,0.31818181818237773,1.0,341.9840205071252,314.9687370825756,71.5,77.55545927639403,3320.929064297903,268.0,9370.0,90.72314887640499
86,4.3,219.60254025335223,232.35878917347725,330.7441849655853,172.02905176770471,0.9878712615129877,341.9840205071252,314.9687370825756,314.9687370825756,393.93767281306174,405.6918859589806,90.72314887640499,0.2880385835011302,71.5,71.5,33.55657958984375,82.00292639590069,80.24005751889504,77.55545927639403,81.1921247148462,216.0,0.6352941176470588,3320.929064297903,22921.93106005634,22633.5,-19312.570935702097,9370.0,9663.0,455.0,0.04708682603746248,1,0,1.8888888888888888,0.9193729003359462,3.971170437695075,3.6818934798522767,0.6352941176470588,0.0,0.0,0.0,0.0,28.0,44.0,268.0,0.9529411764705882,59,59,135.0336640029459,0.0,107,314.9687370825756,3320.929064297903,0.0,0.0,634.6268208814446,341.9944612110107,0.5036945702277287,3.052886835797075e-05,34.6992,0.0,23757.5625,0.94,23719.0,24451.5,0.10692708105956415,0.6688003712435641,0.31818181818237773,1.0,341.9840205071252,314.9687370825756,71.5,77.55545927639403,3320.929064297903,268.0,9370.0,90.72314887640499
87,4.35,219.60254025335223,232.35878917347725,330.7441849655853,172.02905176770471,0.9878712615129877,341.9840205071252,314.9687370825756,314.9687370825756,393.93767281306174,405.6918859589806,90.72314887640499,0.2880385835011302,71.5,71.5,33.55657958984375,82.00292639590069,80.24005751889504,77.55545927639403,81.1921247148462,216.0,0.6352941176470588,3320.929064297903,22921.93106005634,22633.5,-19312.570935702097,9370.0,9663.0,455.0,0.04708682603746248,1,0,1.8888888888888888,0.9193729003359462,3.971170437695075,3.6818934798522767,0.6352941176470588,0.0,0.0,0.0,0.0,28.0,44.0,268.0,0.9529411764705882,59,59,135.0336640029459,0.0,107,314.9687370825756,3320.929064297903,0.0,0.0,634.6268208814446,341.9944612110107,0.5036945702277287,3.052886835797075e-05,34.812,0.0,23757.5625,0.94,23719.0,24451.5,0.10692708105956415,0.6688003712435641,0.31818181818237773,1.0,341.9840205071252,314.9687370825756,71.5,77.55545927639403,3320.929064297903,268.0,9370.0,90.72314887640499
88,4.4,219.60254025335223,232.35878917347725,330.7441849655853,172.02905176770471,0.9878712615129877,341.9840205071252,314.9687370825756,314.9687370825756,393.93767281306174,405.6918859589806,90.72314887640499,0.2880385835011302,71.5,71.5,33.55657958984375,82.00292639590069,80.24005751889504,77.55545927639403,81.1921247148462,216.0,0.6352941176470588,3320.929064297903,22921.93106005634,22633.5,-19312.570935702097,9370.0,9663.0,455.0,0.04708682603746248,1,0,1.8888888888888888,0.9193729003359462,3.971170437695075,3.6818934798522767,0.6352941176470588,0.0,0.0,0.0,0.0,28.0,44.0,268.0,0.9529411764705882,59,59,135.0336640029459,0.0,107,314.9687370825756,3320.929064297903,0.0,0.0,634.6268208814446,341.9944612110107,0.5036945702277287,3.052886835797075e-05,34.9248,0.0,23757.5625,0.94,23719.0,24451.5,0.10692708105956415,0.6688003712435641,0.31818181818237773,1.0,341.9840205071252,314.9687370825756,71.5,77.55545927639403,3320.929064297903,268.0,9370.0,90.72314887640499
89,4.45,219.60254025335223,232.35878917347725,330.7441849655853,172.02905176770471,0.9878712615129877,341.9840205071252,314.9687370825756,314.9687370825756,393.93767281306174,405.6918859589806,90.72314887640499,0.2880385835011302,71.5,71.5,33.55657958984375,82.00292639590069,80.24005751889504,77.55545927639403,81.1921247148462,216.0,0.6352941176470588,3320.929064297903,22921.93106005634,22633.5,-19312.570935702097,9370.0,9663.0,455.0,0.04708682603746248,1,0,1.8888888888888888,0.9193729003359462,3.971170437695075,3.6818934798522767,0.6352941176470588,0.0,0.0,0.0,0.0,28.0,44.0,268.0,0.9529411764705882,59,59,135.0336640029459,0.0,107,314.9687370825756,3320.929064297903,0.0,0.0,634.6268208814446,341.9944612110107,0.5036945702277287,3.052886835797075e-05,35.0376,0.0,23757.5625,0.94,23719.0,24451.5,0.10692708105956415,0.6688003712435641,0.31818181818237773,1.0,341.9840205071252,314.9687370825756,71.5,77.55545927639403,3320.929064297903,268.0,9370.0,90.72314887640499
90,4.5,219.60254025335223,232.35878917347725,330.7441849655853,172.02905176770471,0.9878712615129877,341.9840205071252,314.9687370825756,314.9687370825756,393.93767281306174,405.6918859589806,90.72314887640499,0.2880385835011302,71.5,71.5,33.55657958984375,82.00292639590069,80.24005751889504,77.55545927639403,81.1921247148462,216.0,0.6352941176470588,3320.929064297903,22921.93106005634,22633.5,-19312.570935702097,9370.0,9663.0,455.0,0.04708682603746248,1,0,1.8888888888888888,0.9193729003359462,3.971170437695075,3.6818934798522767,0.6352941176470588,0.0,0.0,0.0,0.0,28.0,44.0,268.0,0.9529411764705882,59,59,135.0336640029459,0.0,107,314.9687370825756,3320.929064297903,0.0,0.0,634.6268208814446,341.9944612110107,0.5036945702277287,3.052886835797075e-05,35.1504,0.0,23757.5625,0.94,23719.0,24451.5,0.10692708105956415,0.6688003712435641,0.31818181818237773,1.0,341.9840205071252,314.9687370825756,71.5,77.55545927639403,3320.929064297903,268.0,9370.0,90.72314887640499
91,4.55,219.60254025335223,232.35878917347725,330.7441849655853,172.02905176770471,0.9878712615129877,341.9840205071252,314.9687370825756,314.9687370825756,393.93767281306174,405.6918859589806,90.72314887640499,0.2880385835011302,71.5,71.5,33.55657958984375,82.00292639590069,80.24005751889504,77.55545927639403,81.1921247148462,216.0,0.6352941176470588,3320.929064297903,22921.93106005634,22633.5,-19312.570935702097,9370.0,9663.0,455.0,0.04708682603746248,1,0,1.8888888888888888,0.9193729003359462,3.971170437695075,3.6818934798522767,0.6352941176470588,0.0,0.0,0.0,0.0,28.0,44.0,268.0,0.9529411764705882,59,59,135.0336640029459,0.0,107,314.9687370825756,3320.929064297903,0.0,0.0,634.6268208814446,341.9944612110107,0.5036945702277287,3.052886835797075e-05,35.2632,0.0,23757.5625,0.94,23719.0,24451.5,0.10692708105956415,0.6688003712435641,0.31818181818237773,1.0,341.9840205071252,314.9687370825756,71.5,77.55545927639403,3320.929064297903,268.0,9370.0,90.72314887640499
92,4.6,219.60254025335223,232.35878917347725,330.7441849655853,172.02905176770471,0.9878712615129877,341.9840205071252,314.9687370825756,314.9687370825756,393.93767281306174,405.6918859589806,90.72314887640499,0.2880385835011302,71.5,71.5,33.55657958984375,82.00292639590069,80.24005751889504,77.55545927639403,81.1921247148462,216.0,0.6352941176470588,3320.929064297903,22921.93106005634,22633.5,-19312.570935702097,9370.0,9663.0,455.0,0.04708682603746248,1,0,1.8888888888888888,0.9193729003359462,3.971170437695075,3.6818934798522767,0.6352941176470588,0.0,0.0,0.0,0.0,28.0,44.0,268.0,0.9529411764705882,59,59,135.0336640029459,0.0,107,314.9687370825756,3320.929064297903,0.0,0.0,634.6268208814446,341.9944612110107,0.5036945702277287,3.052886835797075e-05,35.3759,0.0,23757.5625,0.94,23719.0,24451.5,0.10692708105956415,0.6688003712435641,0.31818181818237773,1.0,341.9840205071252,314.9687370825756,71.5,77.55545927639403,3320.929064297903,268.0,9370.0,90.72314887640499
93,4.65,219.60254025335223,232.35878917347725,330.7441849655853,172.02905176770471,0.9878712615129877,341.9840205071252,314.9687370825756,314.9687370825756,393.93767281306174,405.6918859589806,90.72314887640499,0.2880385835011302,71.5,71.5,33.55657958984375,82.00292639590069,80.24005751889504,77.55545927639403,81.1921247148462,216.0,0.6352941176470588,3320.929064297903,22921.93106005634,22633.5,-19312.570935702097,9370.0,9663.0,455.0,0.04708682603746248,1,0,1.8888888888888888,0.9193729003359462,3.971170437695075,3.6818934798522767,0.6352941176470588,0.0,0.0,0.0,0.0,28.0,44.0,268.0,0.9529411764705882,59,59,135.0336640029459,0.0,107,314.9687370825756,3320.929064297903,0.0,0.0,634.6268208814446,341.9944612110107,0.5036945702277287,3.052886835797075e-05,35.4887,0.0,23757.5625,0.94,23719.0,24451.5,0.10692708105956415,0.6688003712435641,0.31818181818237773,1.0,341.9840205071252,314.9687370825756,71.5,77.55545927639403,3320.929064297903,268.0,9370.0,90.72314887640499
94,4.7,219.60254025335223,232.35878917347725,330.7441849655853,172.02905176770471,0.9878712615129877,341.9840205071252,314.9687370825756,314.9687370825756,393.93767281306174,405.6918859589806,90.72314887640499,0.2880385835011302,71.5,71.5,33.55657958984375,82.00292639590069,80.24005751889504,77.55545927639403,81.1921247148462,216.0,0.6352941176470588,3320.929064297903,22921.93106005634,22633.5,-19312.570935702097,9370.0,9663.0,455.0,0.04708682603746248,1,0,1.8888888888888888,0.9193729003359462,3.971170437695075,3.6818934798522767,0.6352941176470588,0.0,0.0,0.0,0.0,28.0,44.0,268.0,0.9529411764705882,59,59,135.0336640029459,0.0,107,314.9687370825756,3320.929064297903,0.0,0.0,634.6268208814446,341.9944612110107,0.5036945702277287,3.052886835797075e-05,35.6015,0.0,23757.5625,0.94,23719.0,24451.5,0.10692708105956415,0.6688003712435641,0.31818181818237773,1.0,341.9840205071252,314.9687370825756,71.5,77.55545927639403,3320.929064297903,268.0,9370.0,90.72314887640499
95,4.75,219.60254025335223,232.35878917347725,330.7441849655853,172.02905176770471,0.9878712615129877,341.9840205071252,314.9687370825756,314.9687370825756,393.93767281306174,405.6918859589806,90.72314887640499,0.2880385835011302,71.5,71.5,33.55657958984375,82.00292639590069,80.24005751889504,77.55545927639403,81.1921247148462,216.0,0.6352941176470588,3320.929064297903,22921.93106005634,22633.5,-19312.570935702097,9370.0,9663.0,455.0,0.04708682603746248,1,0,1.8888888888888888,0.9193729003359462,3.971170437695075,3.6818934798522767,0.6352941176470588,0.0,0.0,0.0,0.0,28.0,44.0,268.0,0.9529411764705882,59,59,135.0336640029459,0.0,107,314.9687370825756,3320.929064297903,0.0,0.0,634.6268208814446,341.9944612110107,0.5036945702277287,3.052886835797075e-05,35.7143,0.0,23757.5625,0.94,23719.0,24451.5,0.10692708105956415,0.6688003712435641,0.31818181818237773,1.0,341.9840205071252,314.9687370825756,71.5,77.55545927639403,3320.929064297903,268.0,9370.0,90.72314887640499
96,4.8,219.60254025335223,232.35878917347725,330.7441849655853,172.02905176770471,0.9878712615129877,341.9840205071252,314.9687370825756,314.9687370825756,393.93767281306174,405.6918859589806,90.72314887640499,0.2880385835011302,71.5,71.5,33.55657958984375,82.00292639590069,80.24005751889504,77.55545927639403,81.1921247148462,216.0,0.6352941176470588,3320.929064297903,22921.93106005634,22633.5,-19312.570935702097,9370.0,9663.0,455.0,0.04708682603746248,1,0,1.8888888888888888,0.9193729003359462,3.971170437695075,3.6818934798522767,0.6352941176470588,0.0,0.0,0.0,0.0,28.0,44.0,268.0,0.9529411764705882,59,59,135.0336640029459,0.0,107,314.9687370825756,3320.929064297903,0.0,0.0,634.6268208814446,341.9944612110107,0.5036945702277287,3.052886835797075e-05,35.8271,0.0,23757.5625,0.94,23719.0,24451.5,0.10692708105956415,0.6688003712435641,0.31818181818237773,1.0,341.9840205071252,314.9687370825756,71.5,77.55545927639403,3320.929064297903,268.0,9370.0,90.72314887640499
97,4.85,219.60254025335223,232.35878917347725,330.7441849655853,172.02905176770471,0.9878712615129877,341.9840205071252,314.9687370825756,314.9687370825756,393.93767281306174,405.6918859589806,90.72314887640499,0.2880385835011302,71.5,71.5,33.55657958984375,82.00292639590069,80.24005751889504,77.55545927639403,81.1921247148462,216.0,0.6352941176470588,3320.929064297903,22921.93106005634,22633.5,-19312.570935702097,9370.0,9663.0,455.0,0.04708682603746248,1,0,1.8888888888888888,0.9193729003359462,3.971170437695075,3.6818934798522767,0.6352941176470588,0.0,0.0,0.0,0.0,28.0,44.0,268.0,0.9529411764705882,59,59,135.0336640029459,0.0,107,314.9687370825756,3320.929064297903,0.0,0.0,634.6268208814446,341.9944612110107,0.5036945702277287,3.052886835797075e-05,35.9398,0.0,23757.5625,0.94,23719.0,24451.5,0.10692708105956415,0.6688003712435641,0.31818181818237773,1.0,341.9840205071252,314.9687370825756,71.5,77.55545927639403,3320.929064297903,268.0,9370.0,90.72314887640499
98,4.9,219.60254025335223,232.35878917347725,330.7441849655853,172.02905176770471,0.9878712615129877,341.9840205071252,314.9687370825756,314.9687370825756,393.93767281306174,405.6918859589806,90.72314887640499,0.2880385835011302,71.5,71.5,33.55657958984375,82.00292639590069,80.24005751889504,77.55545927639403,81.1921247148462,216.0,0.6352941176470588,3320.929064297903,22921.93106005634,22633.5,-19312.570935702097,9370.0,9663.0,455.0,0.04708682603746248,1,0,1.8888888888888888,0.9193729003359462,3.971170437695075,3.6818934798522767,0.6352941176470588,0.0,0.0,0.0,0.0,28.0,44.0,268.0,0.9529411764705882,59,59,135.0336640029459,0.0,107,314.9687370825756,3320.929064297903,0.0,0.0,634.6268208814446,341.9944612110107,0.5036945702277287,3.052886835797075e-05,36.0526,0.0,23757.5625,0.94,23719.0,24451.5,0.10692708105956415,0.6688003712435641,0.31818181818237773,1.0,341.9840205071252,314.9687370825756,71.5,77.55545927639403,3320.929064297903,268.0,9370.0,90.72314887640499
99,4.95,219.60254025335223,232.35878917347725,330.7441849655853,172.02905176770471,0.9878712615129877,341.9840205071252,314.9687370825756,314.9687370825756,393.93767281306174,405.6918859589806,90.72314887640499,0.2880385835011302,71.5,71.5,33.55657958984375,82.00292639590069,80.24005751889504,77.55545927639403,81.1921247148462,216.0,0.6352941176470588,3320.929064297903,22921.93106005634,22633.5,-19312.570935702097,9370.0,9663.0,455.0,0.04708682603746248,1,0,1.8888888888888888,0.9193729003359462,3.971170437695075,3.6818934798522767,0.6352941176470588,0.0,0.0,0.0,0.0,28.0,44.0,268.0,0.9529411764705882,59,59,135.0336640029459,0.0,107,314.9687370825756,3320.929064297903,0.0,0.0,634.6268208814446,341.9944612110107,0.5036945702277287,3.052886835797075e-05,36.1654,0.0,23757.5625,0.94,23719.0,24451.5,0.10692708105956415,0.6688003712435641,0.31818181818237773,1.0,341.9840205071252,314.9687370825756,71.5,77.55545927639403,3320.929064297903,268.0,9370.0,90.72314887640499
100,5.0,219.60254025335223,232.35878917347725,330.7441849655853,172.02905176770471,0.9878712615129877,341.9840205071252,314.9687370825756,314.9687370825756,393.93767281306174,405.6918859589806,90.72314887640499,0.2880385835011302,71.5,71.5,33.55657958984375,82.00292639590069,80.24005751889504,77.55545927639403,81.1921247148462,216.0,0.6352941176470588,3320.929064297903,22921.93106005634,22633.5,-19312.570935702097,9370.0,9663.0,455.0,0.04708682603746248,1,0,1.8888888888888888,0.9193729003359462,3.971170437695075,3.6818934798522767,0.6352941176470588,0.0,0.0,0.0,0.0,28.0,44.0,268.0,0.9529411764705882,59,59,135.0336640029459,0.0,107,314.9687370825756,3320.929064297903,0.0,0.0,634.6268208814446,341.9944612110107,0.5036945702277287,3.052886835797075e-05,36.2782,0.0,23757.5625,0.94,23719.0,24451.5,0.10692708105956415,0.6688003712435641,0.31818181818237773,1.0,341.9840205071252,314.9687370825756,71.5,77.55545927639403,3320.929064297903,268.0,9370.0,90.72314887640499
101,5.05,219.60254025335223,232.35878917347725,330.7441849655853,172.02905176770471,0.9878712615129877,341.9840205071252,314.9687370825756,314.9687370825756,393.93767281306174,405.6918859589806,90.72314887640499,0.2880385835011302,71.5,71.5,33.55657958984375,82.00292639590069,80.24005751889504,77.55545927639403,81.1921247148462,216.0,0.6352941176470588,3320.929064297903,22921.93106005634,22633.5,-19312.570935702097,9370.0,9663.0,455.0,0.04708682603746248,1,0,1.8888888888888888,0.9193729003359462,3.971170437695075,3.6818934798522767,0.6352941176470588,0.0,0.0,0.0,0.0,28.0,44.0,268.0,0.9529411764705882,59,59,135.0336640029459,0.0,107,314.9687370825756,3320.929064297903,0.0,0.0,634.6268208814446,341.9944612110107,0.5036945702277287,3.052886835797075e-05,36.391,0.0,23757.5625,0.94,23719.0,24451.5,0.10692708105956415,0.6688003712435641,0.31818181818237773,1.0,341.9840205071252,314.9687370825756,71.5,77.55545927639403,3320.929064297903,268.0,9370.0,90.72314887640499
102,5.1,219.60254025335223,232.35878917347725,330.7441849655853,172.02905176770471,0.9878712615129877,341.9840205071252,314.9687370825756,314.9687370825756,393.93767281306174,405.6918859589806,90.72314887640499,0.2880385835011302,71.5,71.5,33.55657958984375,82.00292639590069,80.24005751889504,77.55545927639403,81.1921247148462,216.0,0.6352941176470588,3320.929064297903,22921.93106005634,22633.5,-19312.570935702097,9370.0,9663.0,455.0,0.04708682603746248,1,0,1.8888888888888888,0.9193729003359462,3.971170437695075,3.6818934798522767,0.6352941176470588,0.0,0.0,0.0,0.0,28.0,44.0,268.0,0.9529411764705882,59,59,135.0336640029459,0.0,107,314.9687370825756,3320.929064297903,0.0,0.0,634.6268208814446,341.9944612110107,0.5036945702277287,3.052886835797075e-05,36.5038,0.0,23757.5625,0.94,23719.0,24451.5,0.10692708105956415,0.6688003712435641,0.31818181818237773,1.0,341.9840205071252,314.9687370825756,71.5,77.55545927639403,3320.929064297903,268.0,9370.0,90.72314887640499
103,5.15,219.60254025335223,232.35878917347725,330.7441849655853,172.02905176770471,0.9878712615129877,341.9840205071252,314.9687370825756,314.9687370825756,393.93767281306174,405.6918859589806,90.72314887640499,0.2880385835011302,71.5,71.5,33.55657958984375,82.00292639590069,80.24005751889504,77.55545927639403,81.1921247148462,216.0,0.6352941176470588,3320.929064297903,22921.93106005634,22633.5,-19312.570935702097,9370.0,9663.0,455.0,0.04708682603746248,1,0,1.8888888888888888,0.9193729003359462,3.971170437695075,3.6818934798522767,0.6352941176470588,0.0,0.0,0.0,0.0,28.0,44.0,268.0,0.9529411764705882,59,59,135.0336640029459,0.0,107,314.9687370825756,3320.929064297903,0.0,0.0,634.6268208814446,341.9944612110107,0.5036945702277287,3.052886835797075e-05,36.6165,0.0,23757.5625,0.94,23719.0,24451.5,0.10692708105956415,0.6688003712435641,0.31818181818237773,1.0,341.9840205071252,314.9687370825756,71.5,77.55545927639403,3320.929064297903,268.0,9370.0,90.72314887640499
104,5.2,219.60254025335223,232.35878917347725,330.7441849655853,172.02905176770471,0.9878712615129877,341.9840205071252,314.9687370825756,314.9687370825756,393.93767281306174,405.6918859589806,90.72314887640499,0.2880385835011302,71.5,71.5,33.55657958984375,82.00292639590069,80.24005751889504,77.55545927639403,81.1921247148462,216.0,0.6352941176470588,3320.929064297903,22921.93106005634,22633.5,-19312.570935702097,9370.0,9663.0,455.0,0.04708682603746248,1,0,1.8888888888888888,0.9193729003359462,3.971170437695075,3.6818934798522767,0.6352941176470588,0.0,0.0,0.0,0.0,28.0,44.0,268.0,0.9529411764705882,59,59,135.0336640029459,0.0,107,314.9687370825756,3320.929064297903,0.0,0.0,634.6268208814446,341.9944612110107,0.5036945702277287,3.052886835797075e-05,36.7293,0.0,23757.5625,0.94,23719.0,24451.5,0.10692708105956415,0.6688003712435641,0.31818181818237773,1.0,341.9840205071252,314.9687370825756,71.5,77.55545927639403,3320.929064297903,268.0,9370.0,90.72314887640499
105,5.25,219.60254025335223,232.35878917347725,330.7441849655853,172.02905176770471,0.9878712615129877,341.9840205071252,314.9687370825756,314.9687370825756,393.93767281306174,405.6918859589806,90.72314887640499,0.2880385835011302,71.5,71.5,33.55657958984375,82.00292639590069,80.24005751889504,77.55545927639403,81.1921247148462,216.0,0.6352941176470588,3320.929064297903,22921.93106005634,22633.5,-19312.570935702097,9370.0,9663.0,455.0,0.04708682603746248,1,0,1.8888888888888888,0.9193729003359462,3.971170437695075,3.6818934798522767,0.6352941176470588,0.0,0.0,0.0,0.0,28.0,44.0,268.0,0.9529411764705882,59,59,135.0336640029459,0.0,107,314.9687370825756,3320.929064297903,0.0,0.0,634.6268208814446,341.9944612110107,0.5036945702277287,3.052886835797075e-05,36.8421,0.0,23757.5625,0.94,23719.0,24451.5,0.10692708105956415,0.6688003712435641,0.31818181818237773,1.0,341.9840205071252,314.9687370825756,71.5,77.55545927639403,3320.929064297903,268.0,9370.0,90.72314887640499
106,5.3,219.60254025335223,232.35878917347725,330.7441849655853,172.02905176770471,0.9878712615129877,341.9840205071252,314.9687370825756,314.9687370825756,393.93767281306174,405.6918859589806,90.72314887640499,0.2880385835011302,71.5,71.5,33.55657958984375,82.00292639590069,80.24005751889504,77.55545927639403,81.1921247148462,216.0,0.6352941176470588,3320.929064297903,22921.93106005634,22633.5,-19312.570935702097,9370.0,9663.0,455.0,0.04708682603746248,1,0,1.8888888888888888,0.9193729003359462,3.971170437695075,3.6818934798522767,0.6352941176470588,0.0,0.0,0.0,0.0,28.0,44.0,268.0,0.9529411764705882,59,59,135.0336640029459,0.0,107,314.9687370825756,3320.929064297903,0.0,0.0,634.6268208814446,341.9944612110107,0.5036945702277287,3.052886835797075e-05,36.9549,0.0,23757.5625,0.94,23719.0,24451.5,0.10692708105956415,0.6688003712435641,0.31818181818237773,1.0,341.9840205071252,314.9687370825756,71.5,77.55545927639403,3320.929064297903,268.0,9370.0,90.72314887640499
107,5.35,219.60254025335223,232.35878917347725,330.7441849655853,172.02905176770471,0.9878712615129877,341.9840205071252,314.9687370825756,314.9687370825756,393.93767281306174,405.6918859589806,90.72314887640499,0.2880385835011302,71.5,71.5,33.55657958984375,82.00292639590069,80.24005751889504,77.55545927639403,81.1921247148462,216.0,0.6352941176470588,3320.929064297903,22921.93106005634,22633.5,-19312.570935702097,9370.0,9663.0,455.0,0.04708682603746248,1,0,1.8888888888888888,0.9193729003359462,3.971170437695075,3.6818934798522767,0.6352941176470588,0.0,0.0,0.0,0.0,28.0,44.0,268.0,0.9529411764705882,59,59,135.0336640029459,0.0,107,314.9687370825756,3320.929064297903,0.0,0.0,634.6268208814446,341.9944612110107,0.5036945702277287,3.052886835797075e-05,37.0677,0.0,23757.5625,0.94,23719.0,24451.5,0.10692708105956415,0.6688003712435641,0.31818181818237773,1.0,341.9840205071252,314.9687370825756,71.5,77.55545927639403,3320.929064297903,268.0,9370.0,90.72314887640499
108,5.4,219.60254025335223,232.35878917347725,330.7441849655853,172.02905176770471,0.9878712615129877,341.9840205071252,314.9687370825756,314.9687370825756,393.93767281306174,405.6918859589806,90.72314887640499,0.2880385835011302,71.5,71.5,33.55657958984375,82.00292639590069,80.24005751889504,77.55545927639403,81.1921247148462,216.0,0.6352941176470588,3320.929064297903,22921.93106005634,22633.5,-19312.570935702097,9370.0,9663.0,455.0,0.04708682603746248,1,0,1.8888888888888888,0.9193729003359462,3.971170437695075,3.6818934798522767,0.6352941176470588,0.0,0.0,0.0,0.0,28.0,44.0,268.0,0.9529411764705882,59,59,135.0336640029459,0.0,107,314.9687370825756,3320.929064297903,0.0,0.0,634.6268208814446,341.9944612110107,0.5036945702277287,3.052886835797075e-05,37.1805,0.0,23757.5625,0.94,23719.0,24451.5,0.10692708105956415,0.6688003712435641,0.31818181818237773,1.0,341.9840205071252,314.9687370825756,71.5,77.55545927639403,3320.929064297903,268.0,9370.0,90.72314887640499
109,5.45,219.60254025335223,232.35878917347725,330.7441849655853,172.02905176770471,0.9878712615129877,341.9840205071252,314.9687370825756,314.9687370825756,393.93767281306174,405.6918859589806,90.72314887640499,0.2880385835011302,71.5,71.5,33.55657958984375,82.00292639590069,80.24005751889504,77.55545927639403,81.1921247148462,216.0,0.6352941176470588,3320.929064297903,22921.93106005634,22633.5,-19312.570935702097,9370.0,9663.0,455.0,0.04708682603746248,1,0,1.8888888888888888,0.9193729003359462,3.971170437695075,3.6818934798522767,0.6352941176470588,0.0,0.0,0.0,0.0,28.0,44.0,268.0,0.9529411764705882,59,59,135.0336640029459,0.0,107,314.9687370825756,3320.929064297903,0.0,0.0,634.6268208814446,341.9944612110107,0.5036945702277287,3.052886835797075e-05,37.2932,0.0,23757.5625,0.94,23719.0,24451.5,0.10692708105956415,0.6688003712435641,0.31818181818237773,1.0,341.9840205071252,314.9687370825756,71.5,77.55545927639403,3320.929064297903,268.0,9370.0,90.72314887640499
110,5.5,219.60254025335223,232.35878917347725,330.7441849655853,172.02905176770471,0.9878712615129877,341.9840205071252,314.9687370825756,314.9687370825756,393.93767281306174,405.6918859589806,90.72314887640499,0.2880385835011302,71.5,71.5,33.55657958984375,82.00292639590069,80.24005751889504,77.55545927639403,81.1921247148462,216.0,0.6352941176470588,3320.929064297903,22921.93106005634,22633.5,-19312.570935702097,9370.0,9663.0,455.0,0.04708682603746248,1,0,1.8888888888888888,0.9193729003359462,3.971170437695075,3.6818934798522767,0.6352941176470588,0.0,0.0,0.0,0.0,28.0,44.0,268.0,0.9529411764705882,59,59,135.0336640029459,0.0,107,314.9687370825756,3320.929064297903,0.0,0.0,634.6268208814446,341.9944612110107,0.5036945702277287,3.052886835797075e-05,37.406,0.0,23757.5625,0.94,23719.0,24451.5,0.10692708105956415,0.6688003712435641,0.31818181818237773,1.0,341.9840205071252,314.9687370825756,71.5,77.55545927639403,3320.929064297903,268.0,9370.0,90.72314887640499
111,5.55,219.60254025335223,232.35878917347725,330.7441849655853,172.02905176770471,0.9878712615129877,341.9840205071252,314.9687370825756,314.9687370825756,393.93767281306174,405.6918859589806,90.72314887640499,0.2880385835011302,71.5,71.5,33.55657958984375,82.00292639590069,80.24005751889504,77.55545927639403,81.1921247148462,216.0,0.6352941176470588,3320.929064297903,22921.93106005634,22633.5,-19312.570935702097,9370.0,9663.0,455.0,0.04708682603746248,1,0,1.8888888888888888,0.9193729003359462,3.971170437695075,3.6818934798522767,0.6352941176470588,0.0,0.0,0.0,0.0,28.0,44.0,268.0,0.9529411764705882,59,59,135.0336640029459,0.0,107,314.9687370825756,3320.929064297903,0.0,0.0,634.6268208814446,341.9944612110107,0.5036945702277287,3.052886835797075e-05,37.5188,0.0,23757.5625,0.94,23719.0,24451.5,0.10692708105956415,0.6688003712435641,0.31818181818237773,1.0,341.9840205071252,314.9687370825756,71.5,77.55545927639403,3320.929064297903,268.0,9370.0,90.72314887640499
112,5.6,219.60254025335223,232.35878917347725,330.7441849655853,172.02905176770471,0.9878712615129877,341.9840205071252,314.9687370825756,314.9687370825756,393.93767281306174,405.6918859589806,90.72314887640499,0.2880385835011302,71.5,71.5,33.55657958984375,82.00292639590069,80.24005751889504,77.55545927639403,81.1921247148462,216.0,0.6352941176470588,3320.929064297903,22921.93106005634,22633.5,-19312.570935702097,9370.0,9663.0,455.0,0.04708682603746248,1,0,1.8888888888888888,0.9193729003359462,3.971170437695075,3.6818934798522767,0.6352941176470588,0.0,0.0,0.0,0.0,28.0,44.0,268.0,0.9529411764705882,59,59,135.0336640029459,0.0,107,314.9687370825756,3320.929064297903,0.0,0.0,634.6268208814446,341.9944612110107,0.5036945702277287,3.052886835797075e-05,37.6316,0.0,23757.5625,0.94,23719.0,24451.5,0.10692708105956415,0.6688003712435641,0.31818181818237773,1.0,341.9840205071252,314.9687370825756,71.5,77.55545927639403,3320.929064297903,268.0,9370.0,90.72314887640499
113,5.65,219.60254025335223,232.35878917347725,330.7441849655853,172.02905176770471,0.9878712615129877,341.9840205071252,314.9687370825756,314.9687370825756,393.93767281306174,405.6918859589806,90.72314887640499,0.2880385835011302,71.5,71.5,33.55657958984375,82.00292639590069,80.24005751889504,77.55545927639403,81.1921247148462,216.0,0.6352941176470588,3320.929064297903,22921.93106005634,22633.5,-19312.570935702097,9370.0,9663.0,455.0,0.04708682603746248,1,0,1.8888888888888888,0.9193729003359462,3.971170437695075,3.6818934798522767,0.6352941176470588,0.0,0.0,0.0,0.0,28.0,44.0,268.0,0.9529411764705882,59,59,135.0336640029459,0.0,107,314.9687370825756,3320.929064297903,0.0,0.0,634.6268208814446,341.9944612110107,0.5036945702277287,3.052886835797075e-05,37.7444,0.0,23757.5625,0.94,23719.0,24451.5,0.10692708105956415,0.6688003712435641,0.31818181818237773,1.0,341.9840205071252,314.9687370825756,71.5,77.55545927639403,3320.929064297903,268.0,9370.0,90.72314887640499
114,5.7,219.60254025335223,232.35878917347725,330.7441849655853,172.02905176770471,0.9878712615129877,341.9840205071252,314.9687370825756,314.9687370825756,393.93767281306174,405.6918859589806,90.72314887640499,0.2880385835011302,71.5,71.5,33.55657958984375,82.00292639590069,80.24005751889504,77.55545927639403,81.1921247148462,216.0,0.6352941176470588,3320.929064297903,22921.93106005634,22633.5,-19312.570935702097,9370.0,9663.0,455.0,0.04708682603746248,1,0,1.8888888888888888,0.9193729003359462,3.971170437695075,3.6818934798522767,0.6352941176470588,0.0,0.0,0.0,0.0,28.0,44.0,268.0,0.9529411764705882,59,59,135.0336640029459,0.0,107,314.9687370825756,3320.929064297903,0.0,0.0,634.6268208814446,341.9944612110107,0.5036945702277287,3.052886835797075e-05,37.8571,0.0,23757.5625,0.94,23719.0,24451.5,0.10692708105956415,0.6688003712435641,0.31818181818237773,1.0,341.9840205071252,314.9687370825756,71.5,77.55545927639403,3320.929064297903,268.0,9370.0,90.72314887640499
115,5.75,219.60254025335223,232.35878917347725,330.7441849655853,172.02905176770471,0.9878712615129877,341.9840205071252,314.9687370825756,314.9687370825756,393.93767281306174,405.6918859589806,90.72314887640499,0.2880385835011302,71.5,71.5,33.55657958984375,82.00292639590069,80.24005751889504,77.55545927639403,81.1921247148462,216.0,0.6352941176470588,3320.929064297903,22921.93106005634,22633.5,-19312.570935702097,9370.0,9663.0,455.0,0.04708682603746248,1,0,1.8888888888888888,0.9193729003359462,3.971170437695075,3.6818934798522767,0.6352941176470588,0.0,0.0,0.0,0.0,28.0,44.0,268.0,0.9529411764705882,59,59,135.0336640029459,0.0,107,314.9687370825756,3320.929064297903,0.0,0.0,634.6268208814446,341.9944612110107,0.5036945702277287,3.052886835797075e-05,37.9699,0.0,23757.5625,0.94,23719.0,24451.5,0.10692708105956415,0.6688003712435641,0.31818181818237773,1.0,341.9840205071252,314.9687370825756,71.5,77.55545927639403,3320.929064297903,268.0,9370.0,90.72314887640499
116,5.8,219.60254025335223,232.35878917347725,330.7441849655853,172.02905176770471,0.9878712615129877,341.9840205071252,314.9687370825756,314.9687370825756,393.93767281306174,405.6918859589806,90.72314887640499,0.2880385835011302,71.5,71.5,33.55657958984375,82.00292639590069,80.24005751889504,77.55545927639403,81.1921247148462,216.0,0.6352941176470588,3320.929064297903,22921.93106005634,22633.5,-19312.570935702097,9370.0,9663.0,455.0,0.04708682603746248,1,0,1.8888888888888888,0.9193729003359462,3.971170437695075,3.6818934798522767,0.6352941176470588,0.0,0.0,0.0,0.0,28.0,44.0,268.0,0.9529411764705882,59,59,135.0336640029459,0.0,107,314.9687370825756,3320.929064297903,0.0,0.0,634.6268208814446,341.9944612110107,0.5036945702277287,3.052886835797075e-05,38.0827,0.0,23757.5625,0.94,23719.0,24451.5,0.10692708105956415,0.6688003712435641,0.31818181818237773,1.0,341.9840205071252,314.9687370825756,71.5,77.55545927639403,3320.929064297903,268.0,9370.0,90.72314887640499
117,5.85,219.60254025335223,232.35878917347725,330.7441849655853,172.02905176770471,0.9878712615129877,341.9840205071252,314.9687370825756,314.9687370825756,393.93767281306174,405.6918859589806,90.72314887640499,0.2880385835011302,71.5,71.5,33.55657958984375,82.00292639590069,80.24005751889504,77.55545927639403,81.1921247148462,216.0,0.6352941176470588,3320.929064297903,22921.93106005634,22633.5,-19312.570935702097,9370.0,9663.0,455.0,0.04708682603746248,1,0,1.8888888888888888,0.9193729003359462,3.971170437695075,3.6818934798522767,0.6352941176470588,0.0,0.0,0.0,0.0,28.0,44.0,268.0,0.9529411764705882,59,59,135.0336640029459,0.0,107,314.9687370825756,3320.929064297903,0.0,0.0,634.6268208814446,341.9944612110107,0.5036945702277287,3.052886835797075e-05,38.1955,0.0,23757.5625,0.94,23719.0,24451.5,0.10692708105956415,0.6688003712435641,0.31818181818237773,1.0,341.9840205071252,314.9687370825756,71.5,77.55545927639403,3320.929064297903,268.0,9370.0,90.72314887640499
118,5.9,219.60254025335223,232.35878917347725,330.7441849655853,172.02905176770471,0.9878712615129877,341.9840205071252,314.9687370825756,314.9687370825756,393.93767281306174,405.6918859589806,90.72314887640499,0.2880385835011302,71.5,71.5,33.55657958984375,82.00292639590069,80.24005751889504,77.55545927639403,81.1921247148462,216.0,0.6352941176470588,3320.929064297903,22921.93106005634,22633.5,-19312.570935702097,9370.0,9663.0,455.0,0.04708682603746248,1,0,1.8888888888888888,0.9193729003359462,3.971170437695075,3.6818934798522767,0.6352941176470588,0.0,0.0,0.0,0.0,28.0,44.0,268.0,0.9529411764705882,59,59,135.0336640029459,0.0,107,314.9687370825756,3320.929064297903,0.0,0.0,634.6268208814446,341.9944612110107,0.5036945702277287,3.052886835797075e-05,38.3083,0.0,23757.5625,0.94,23719.0,24451.5,0.10692708105956415,0.6688003712435641,0.31818181818237773,1.0,341.9840205071252,314.9687370825756,71.5,77.55545927639403,3320.929064297903,268.0,9370.0,90.72314887640499
119,5.95,219.60254025335223,232.35878917347725,330.7441849655853,172.02905176770471,0.9878712615129877,341.9840205071252,314.9687370825756,314.9687370825756,393.93767281306174,405.6918859589806,90.72314887640499,0.2880385835011302,71.5,71.5,33.55657958984375,82.00292639590069,80.24005751889504,77.55545927639403,81.1921247148462,216.0,0.6352941176470588,3320.929064297903,22921.93106005634,22633.5,-19312.570935702097,9370.0,9663.0,455.0,0.04708682603746248,1,0,1.8888888888888888,0.9193729003359462,3.971170437695075,3.6818934798522767,0.6352941176470588,0.0,0.0,0.0,0.0,28.0,44.0,268.0,0.9529411764705882,59,59,135.0336640029459,0.0,107,314.9687370825756,3320.929064297903,0.0,0.0,634.6268208814446,341.9944612110107,0.5036945702277287,3.052886835797075e-05,38.4211,0.0,23757.5625,0.94,23719.0,24451.5,0.10692708105956415,0.6688003712435641,0.31818181818237773,1.0,341.9840205071252,314.9687370825756,71.5,77.55545927639403,3320.929064297903,268.0,9370.0,90.72314887640499
120,6.0,219.60254025335223,232.35878917347725,330.7441849655853,172.02905176770471,0.9878712615129877,341.9840205071252,314.9687370825756,314.9687370825756,393.93767281306174,405.6918859589806,90.72314887640499,0.2880385835011302,71.5,71.5,33.55657958984375,82.00292639590069,80.24005751889504,77.55545927639403,81.1921247148462,216.0,0.6352941176470588,3320.929064297903,22921.93106005634,22633.5,-19312.570935702097,9370.0,9663.0,455.0,0.04708682603746248,1,0,1.8888888888888888,0.9193729003359462,3.971170437695075,3.6818934798522767,0.6352941176470588,0.0,0.0,0.0,0.0,28.0,44.0,268.0,0.9529411764705882,59,59,135.0336640029459,0.0,107,314.9687370825756,3320.929064297903,0.0,0.0,634.6268208814446,341.9944612110107,0.5036945702277287,3.052886835797075e-05,38.5338,0.0,23757.5625,0.94,23719.0,24451.5,0.10692708105956415,0.6688003712435641,0.31818181818237773,1.0,341.9840205071252,314.9687370825756,71.5,77.55545927639403,3320.929064297903,268.0,9370.0,90.72314887640499
121,6.05,219.60254025335223,232.35878917347725,330.7441849655853,172.02905176770471,0.9878712615129877,341.9840205071252,314.9687370825756,314.9687370825756,393.93767281306174,405.6918859589806,90.72314887640499,0.2880385835011302,71.5,71.5,33.55657958984375,82.00292639590069,80.24005751889504,77.55545927639403,81.1921247148462,216.0,0.6352941176470588,3320.929064297903,22921.93106005634,22633.5,-19312.570935702097,9370.0,9663.0,455.0,0.04708682603746248,1,0,1.8888888888888888,0.9193729003359462,3.971170437695075,3.6818934798522767,0.6352941176470588,0.0,0.0,0.0,0.0,28.0,44.0,268.0,0.9529411764705882,59,59,135.0336640029459,0.0,107,314.9687370825756,3320.929064297903,0.0,0.0,634.6268208814446,341.9944612110107,0.5036945702277287,3.052886835797075e-05,38.6466,0.0,23757.5605,0.94,23719.0,24451.5,0.10692708105956415,0.6688003712435641,0.31818181818237773,1.0,341.9840205071252,314.9687370825756,71.5,77.55545927639403,3320.929064297903,268.0,9370.0,90.72314887640499
122,6.1,219.60254025335223,232.35878917347725,330.7441849655853,172.02905176770471,0.9878712615129877,341.9840205071252,314.9687370825756,314.9687370825756,393.93767281306174,405.6918859589806,90.72314887640499,0.2880385835011302,71.5,71.5,33.55657958984375,82.00292639590069,80.24005751889504,77.55545927639403,81.1921247148462,216.0,0.6352941176470588,3320.929064297903,22921.93106005634,22633.5,-19312.570935702097,9370.0,9663.0,455.0,0.04708682603746248,1,0,1.8888888888888888,0.9193729003359462,3.971170437695075,3.6818934798522767,0.6352941176470588,0.0,0.0,0.0,0.0,28.0,44.0,268.0,0.9529411764705882,59,59,135.0336640029459,0.0,107,314.9687370825756,3320.929064297903,0.0,0.0,634.6268208814446,341.9944612110107,0.5036945702277287,3.052886835797075e-05,38.7594,1.1e-05,23757.5469,0.939999,23709.0,24447.5,0.10692708105956415,0.6688003712435641,0.31818181818237773,1.0,341.9840205071252,314.9687370825756,71.5,77.55545927639403,3320.929064297903,268.0,9370.0,90.72314887640499
123,6.15,219.60254025335223,232.35878917347725,330.7441849655853,172.02905176770471,0.9878712615129877,341.9840205071252,314.9687370825756,314.9687370825756,393.93767281306174,405.6918859589806,90.72314887640499,0.2880385835011302,71.5,71.5,33.55657958984375,82.00292639590069,80.24005751889504,77.55545927639403,81.1921247148462,216.0,0.6352941176470588,3320.929064297903,22921.93106005634,22633.5,-19312.570935702097,9370.0,9663.0,455.0,0.04708682603746248,1,0,1.8888888888888888,0.9193729003359462,3.971170437695075,3.6818934798522767,0.6352941176470588,0.0,0.0,0.0,0.0,28.0,44.0,268.0,0.9529411764705882,59,59,135.0336640029459,0.0,107,314.9687370825756,3320.929064297903,0.0,0.0,634.6268208814446,341.9944612110107,0.5036945702277287,3.052886835797075e-05,38.8722,4.4e-05,23757.502,0.939998,23708.0,24447.5,0.10692708105956415,0.6688003712435641,0.31818181818237773,1.0,341.9840205071252,314.9687370825756,71.5,77.55545927639403,3320.929064297903,268.0,9370.0,90.72314887640499
124,6.2,219.60254025335223,232.35878917347725,330.7441849655853,172.02905176770471,0.9878712615129877,341.9840205071252,314.9687370825756,314.9687370825756,393.93767281306174,405.6918859589806,90.72314887640499,0.2880385835011302,71.5,71.5,33.55657958984375,82.00292639590069,80.24005751889504,77.55545927639403,81.1921247148462,216.0,0.6352941176470588,3320.929064297903,22921.93106005634,22633.5,-19312.570935702097,9370.0,9663.0,455.0,0.04708682603746248,1,0,1.8888888888888888,0.9193729003359462,3.971170437695075,3.6818934798522767,0.6352941176470588,0.0,0.0,0.0,0.0,28.0,44.0,268.0,0.9529411764705882,59,59,135.0336640029459,0.0,107,314.9687370825756,3320.929064297903,0.0,0.0,634.6268208814446,341.9944612110107,0.5036945702277287,3.052886835797075e-05,38.985,0.000107,23757.418,0.939994,23708.0,24447.5,0.10692708105956415,0.6688003712435641,0.31818181818237773,1.0,341.9840205071252,314.9687370825756,71.5,77.55545927639403,3320.929064297903,268.0,9370.0,90.72314887640499
125,6.25,219.60254025335223,232.35878917347725,330.7441849655853,172.02905176770471,0.9878712615129877,341.9840205071252,314.9687370825756,314.9687370825756,393.93767281306174,405.6918859589806,90.72314887640499,0.2880385835011302,71.5,71.5,33.55657958984375,82.00292639590069,80.24005751889504,77.55545927639403,81.1921247148462,216.0,0.6352941176470588,3320.929064297903,22921.93106005634,22633.5,-19312.570935702097,9370.0,9663.0,455.0,0.04708682603746248,1,0,1.8888888888888888,0.9193729003359462,3.971170437695075,3.6818934798522767,0.6352941176470588,0.0,0.0,0.0,0.0,28.0,44.0,268.0,0.9529411764705882,59,59,135.0336640029459,0.0,107,314.9687370825756,3320.929064297903,0.0,0.0,634.6268208814446,341.9944612110107,0.5036945702277287,3.052886835797075e-05,39.0977,0.000205,23757.2852,0.939989,23708.0,24447.5,0.10692708105956415,0.6688003712435641,0.31818181818237773,1.0,341.9840205071252,314.9687370825756,71.5,77.55545927639403,3320.929064297903,268.0,9370.0,90.72314887640499
126,6.3,219.60254025335223,232.35878917347725,330.7441849655853,172.02905176770471,0.9878712615129877,341.9840205071252,314.9687370825756,314.9687370825756,393.93767281306174,405.6918859589806,90.72314887640499,0.2880385835011302,71.5,71.5,33.55657958984375,82.00292639590069,80.24005751889504,77.55545927639403,81.1921247148462,216.0,0.6352941176470588,3320.929064297903,22921.93106005634,22633.5,-19312.570935702097,9370.0,9663.0,455.0,0.04708682603746248,1,0,1.8888888888888888,0.9193729003359462,3.971170437695075,3.6818934798522767,0.6352941176470588,0.0,0.0,0.0,0.0,28.0,44.0,268.0,0.9529411764705882,59,59,135.0336640029459,0.0,107,314.9687370825756,3320.929064297903,0.0,0.0,634.6268208814446,341.9944612110107,0.5036945702277287,3.052886835797075e-05,39.2105,0.000342,23757.1016,0.939982,23710.0,24449.5,0.10692708105956415,0.6688003712435641,0.31818181818237773,1.0,341.9840205071252,314.9687370825756,71.5,77.55545927639403,3320.929064297903,268.0,9370.0,90.72314887640499
127,6.35,219.60254025335223,232.35878917347725,330.7441849655853,172.02905176770471,0.9878712615129877,341.9840205071252,314.9687370825756,314.9687370825756,393.93767281306174,405.6918859589806,90.72314887640499,0.2880385835011302,71.5,71.5,33.55657958984375,82.00292639590069,80.24005751889504,77.55545927639403,81.1921247148462,216.0,0.6352941176470588,3320.929064297903,22921.93106005634,22633.5,-19312.570935702097,9370.0,9663.0,455.0,0.04708682603746248,1,0,1.8888888888888888,0.9193729003359462,3.971170437695075,3.6818934798522767,0.6352941176470588,0.0,0.0,0.0,0.0,28.0,44.0,268.0,0.9529411764705882,59,59,135.0336640029459,0.0,107,314.9687370825756,3320.929064297903,0.0,0.0,634.6268208814446,341.9944612110107,0.5036945702277287,3.052886835797075e-05,39.3233,0.000524,23756.8594,0.939972,23715.0,24454.5,0.10692708105956415,0.6688003712435641,0.31818181818237773,1.0,341.9840205071252,314.9687370825756,71.5,77.55545927639403,3320.929064297903,268.0,9370.0,90.72314887640499
128,6.4,219.60254025335223,232.35878917347725,330.7441849655853,172.02905176770471,0.9878737713398862,341.9840131096644,314.9687370825756,314.9687370825756,393.93651130523983,405.691385083622,90.72264800104637,0.2880369932627997,71.5,71.5,33.55657958984375,82.00296391022593,80.24005567171605,77.5788770641522,81.19212346284839,216.0,0.6352941176470588,3320.929064297903,22922.11809837971,22635.5,-19314.570935702097,9372.0,9665.0,455.0,0.0470770822555613,1,0,1.8888888888888888,0.9193729003359462,3.9712030475616755,3.6817351850164184,0.6352941176470588,0.0,0.0,0.0,0.0,28.0,44.0,268.0,0.9529411764705882,59,59,135.02090955702016,0.0,107,314.9687370825756,3320.929064297903,0.0,0.0,634.6268208814446,341.9944612110107,0.5036945702277287,3.055049871070192e-05,39.4361,0.000753,23756.5508,0.93996,23720.0,24459.5,0.10692712058837336,0.6688003712435641,0.31818181818237773,1.0,341.9840205071252,314.9687370825756,71.5,77.5788770641522,3320.929064297903,268.0,9370.0,90.72314887640499
129,6.45,219.60254025335223,232.35878917347725,330.7441849655853,172.02905176770471,0.987877534133223,341.98481114751377,314.9687370825756,314.9687370825756,393.96739474574184,405.69243696133793,90.72369987876232,0.2880403328885851,71.5,71.5,33.55657958984375,81.99891346854089,80.24025495497298,78.07831859477689,81.1922584847297,216.0,0.6352941176470588,3320.929064297903,22926.709163246,22638.5,-19317.570935702097,9375.0,9668.0,455.0,0.04706247414149772,1,0,1.8888888888888888,0.9193729003359462,3.9676822762231096,3.686666233925192,0.6352941176470588,0.0,0.0,0.0,0.0,28.0,44.0,268.0,0.9529411764705882,59,59,135.0217118678218,0.0,107,314.9687370825756,3320.929064297903,0.0,0.0,634.6268208814446,341.9944612110107,0.5036945702277287,2.821701691524403e-05,39.5489,0.001033,23756.1758,0.939945,23723.0,24460.5,0.10692285622163228,0.6688003712435641,0.31818181818237773,1.0,341.9840205071252,314.9687370825756,71.5,78.07826291055146,3320.929064297903,268.0,9370.0,90.72314887640499
130,6.5,219.60254025335223,232.35878917347725,330.7456759233561,172.02893876982498,0.987932821895086,341.98894089336613,315.0096200596128,315.0096200596128,394.3525146699523,405.6458515376449,90.63623147803207,0.2877252810910345,71.5,71.5,33.55657958984375,81.98825918432885,80.24128653498218,78.07826291055146,81.19295578542176,216.0,0.6352941176470588,3324.8498964575238,22927.070528831544,22638.5,-19313.650103542477,9355.0,9646.0,455.0,0.04716981132075472,1,0,1.8888888888888888,0.9193729003359462,3.949370857308045,3.695543977788702,0.6352941176470588,0.0,0.0,0.0,0.0,28.0,44.0,268.0,0.9529411764705882,59,59,135.1355005703743,0.0,107,315.0096200596128,3324.8498964575238,0.0,0.0014952336255872577,634.6268208814446,341.9944612110107,0.5036301497278506,1.6141541079317534e-05,39.6617,0.001366,23755.7305,0.939928,23728.0,24468.5,0.10690078865820106,0.6687091254147439,0.31818181818237773,1.0,341.9840205071252,314.9687370825756,71.5,78.07831859477689,3320.929064297903,268.0,9370.0,90.72314887640499
131,6.55,219.60254025335223,232.35878917347725,330.85949584100354,172.01616403106755,0.987987987987988,341.9887199991025,315.167123796683,315.167123796683,394.3352035985769,405.57167841014143,90.40455461345846,0.286846399219543,71.5,71.5,33.55657958984375,82.01160634304908,80.24123134376973,78.10186527002912,81.20707804849066,216.0,0.611764705882353,3313.6235188270703,22932.000764511882,22643.5,-19329.87648117293,9367.0,9657.0,455.0,0.04711608159884022,1,0,1.8888888888888888,0.9193729003359462,3.9503542447714985,3.70057882795487,0.611764705882353,0.0,0.0,0.0,0.0,28.0,44.0,268.0,0.9529411764705882,60,60,134.92938695164815,0.0235294117647058,107,315.167123796683,3313.6235188270703,0.0,0.11453456946962445,634.6268208814446,341.9944612110107,0.5033819664934084,1.6787441199594966e-05,39.7744,0.001756,23755.207,0.939907,23733.0,24471.0,0.10690196902095185,0.6683575962436136,0.31818181818237773,1.0,341.9840131096644,314.9687370825756,71.5,78.07831859477689,3320.929064297903,268.0,9367.0,90.72314887640499
132,6.6,272.8902486736472,211.5227197902924,330.12172645354036,171.97056997214872,0.9880214787277984,341.9514793863717,372.5437976341181,372.5437976341181,386.5654720883027,398.38866446452687,25.844866830408762,0.06937403600473162,73.0,73.0,34.76275634765625,82.10007922354063,80.88496257328353,78.12612694069358,81.20914569504478,212.0,0.611764705882353,3572.7754526080194,22940.458922007423,22644.5,-19071.72454739198,9394.0,9684.0,456.0,0.04708798017348203,1,0,1.8888888888888888,0.9205816554809844,3.848821538159188,3.6494267602270605,0.611764705882353,0.0,0.0,0.0,0.0,28.0,48.0,264.0,0.9411764705882353,59,59,147.2483081969415,0.0,126,372.5437976341181,3572.7754526080194,57.216445678032706,0.7391768985070359,634.6268208814446,341.9944612110107,0.4129718672830667,0.0001256798852435903,39.8872,0.002206,23754.6016,0.939883,23742.0,24478.0,0.10710096663800439,0.5402998436373561,0.33522727272781827,1.0,341.9770083524181,314.9687370825756,71.5,78.07831859477689,3320.929064297903,268.0,9355.0,90.72264800104637
133,6.65,226.4201180905638,231.69037606377032,333.5770863395645,154.15382259672174,0.9879699248120302,341.9770083524181,292.32812391093677,292.32812391093677,388.90707747817163,397.85227195575226,105.52414804481549,0.36097843284132797,54.0,54.0,10.78759765625,82.08452664308521,80.88332735539069,78.12470147719634,81.20482466858441,272.0,0.611764705882353,2144.7387434579173,22921.82955718539,22634.5,-20489.761256542082,9288.0,9576.0,457.0,0.0477234753550543,1,0,1.8888888888888888,0.9228187919463087,3.8347895604077467,3.681636155674046,0.611764705882353,0.0,0.0,0.0,0.0,12.0,28.0,300.0,0.9529411764705882,58,58,135.35174221256605,0.0,99,292.32812391093677,2144.7387434579173,50.657747640158426,18.1487189350028,634.6268208814446,341.9944612110107,0.5393700450527492,5.103257675798112e-05,40.0,0.002717,23753.9141,0.939856,23747.0,24477.0,0.10696455096069597,0.7193314642205163,0.11931818181890462,1.0,341.97497543127474,307.6913046470237,61.5,78.07831859477689,3320.929064297903,268.0,9288.0,90.63623147803207
134,6.7,220.64758378188185,231.98144012640714,326.0836587325819,155.08092924266924,0.9884949273088589,341.97497543127474,307.6913046470237,307.6913046470237,391.7914847286764,403.4066305631796,95.7153259161559,0.31107582330270367,61.5,61.5,34.76275634765625,82.04836459089606,81.0867586833561,78.12456451594798,81.17212972094667,256.0,0.611764705882353,3348.804942477839,22915.56715404224,22625.5,-19276.69505752216,9286.0,9561.0,454.0,0.04748457274343688,1,0,1.8888888888888888,0.9276018099547512,3.964227622681989,3.666644178191321,0.611764705882353,0.0,0.0,0.0,0.0,20.0,36.0,284.0,0.9529411764705882,60,60,142.72288362469337,0.0,104,307.6913046470237,3348.804942477839,5.77986770034304,7.550561835654954,634.6268208814446,341.9944612110107,0.5151618328710632,5.697688689731972e-05,40.1128,0.003292,23753.1367,0.939825,23743.0,24478.0,0.1069754140059985,0.6850427146927694,0.20454545454610737,1.0,341.9737757940734,307.6913046470237,61.5,78.10186527002912,3320.929064297903,268.0,9286.0,90.63623147803207
135,6.75,220.64758378188185,231.98144012640714,326.0836587325819,155.08092924266924,0.9885618518906463,341.9737757940734,307.6913046470237,307.6913046470237,391.6908766507204,401.9062808623011,94.21497621527743,0.3061996708790931,61.5,61.5,34.76275634765625,82.05432742161081,81.08675761406263,78.14751111223185,81.17196131591781,256.0,0.611764705882353,3348.804942477839,22919.329232916643,22632.5,-19283.69505752216,9274.0,9547.0,454.0,0.04755420550958416,1,0,1.8888888888888888,0.9276018099547512,3.969415642198544,3.660401943229862,0.611764705882353,0.0,0.0,0.0,0.0,20.0,36.0,284.0,0.9529411764705882,60,60,141.6016035925293,0.0,104,307.6913046470237,3348.804942477839,0.0,0.0,634.6268208814446,341.9944612110107,0.5151618328710632,6.048465482166865e-05,40.2256,0.003934,23752.2695,0.939791,23763.0,24487.0,0.10698182434478971,0.6850427146927694,0.20454545454610737,1.0,341.9737757940734,307.6913046470237,61.5,78.12456451594798,3324.8498964575238,268.0,9280.0,90.40455461345846
136,6.8,304.4610094782312,157.8145594075219,476.23613212608655,179.57385089087134,0.9567205800334635,183.96889686753485,181.56125236445044,181.56125236445044,174.65925797137163,188.81071745194782,7.249465087497384,0.03992848139726109,45.5,45.5,33.55657958984375,64.21380489995643,61.083291352249155,51.78693575994498,60.32120183171013,88.0,0.5652173913043478,2728.5232000639617,6890.72786252892,5059.0,-2330.4767999360383,4797.0,5379.0,658.0,0.12232757018033091,2,0,3.1578947368421053,0.9325513196480938,41.21558524196155,13.047184355578313,0.5652173913043478,0.0,0.0,0.0,0.0,28.0,36.0,120.0,0.9565217391304348,30,30,152.13700561353272,0.046547314578005206,62,181.56125236445044,2728.5232000639617,111.91700729793851,152.13700561353272,634.6268208814446,341.9944612110107,0.7139086367130265,0.46207053700198375,40.3383,0.004644,23751.3105,0.939753,23770.0,24490.0,0.9512910900477526,0.9665496399143191,0.022727272728074826,1.0,341.9737757940734,307.6913046470237,61.5,78.12470147719634,3348.804942477839,268.0,9280.0,36.94334085703633
137,6.85,304.5117786533277,157.7882916164578,476.28130025797867,179.62365269433002,0.9572093023255814,184.04964385050337,181.5559222990464,181.5559222990464,174.61567311534705,188.81147902286398,7.255556723817591,0.039963206002538096,46.0,46.0,33.55657958984375,64.75414635682851,60.8966434364967,51.786894922080414,59.8228817183437,84.0,0.5652173913043478,2717.9082879430944,6895.797534570398,5062.5,-2344.5917120569056,4800.0,5375.0,650.0,0.12093023255813953,2,0,3.5294117647058822,0.9262536873156342,41.18782164635309,13.141545042499862,0.5652173913043478,0.0,0.0,0.0,0.0,28.0,36.0,120.0,0.9565217391304348,29,29,7.9652085035263545,0.0,62,181.5559222990464,2717.9082879430944,0.05716210271999406,0.06723376953853814,634.6268208814446,341.9944612110107,0.7139170354526143,0.4618344308887953,40.4511,0.005424,23750.252,0.939711,23784.0,24496.0,0.9508596133341153,0.9665615359715708,0.028409090909888343,1.0,341.9737757940734,307.6913046470237,61.5,78.12612694069358,3348.804942477839,268.0,9280.0,35.76428459093688
138,6.9,304.5236239412227,157.78218242394317,476.28130025797867,179.62365269433002,0.957243947858473,184.04923217159853,181.5528028679303,181.5528028679303,174.61949139777104,190.02948410764753,8.476681239717237,0.04668989465221067,46.0,46.0,33.55657958984375,64.7541037306959,60.89671260499125,51.786886330044624,59.822943094317026,84.0,0.5652173913043478,2728.390800294428,6898.294466923334,5063.0,-2334.609199705572,4796.0,5370.0,650.0,0.12104283054003724,2,0,3.5294117647058822,0.9230769230769231,42.32247529644582,13.12034629407344,0.5652173913043478,0.0,0.0,0.0,0.0,28.0,36.0,120.0,0.9565217391304348,29,29,7.976648874752674,0.0,62,181.5528028679303,2728.390800294428,0.013327906005653797,0.0,634.6268208814446,341.9944612110107,0.7139219508312487,0.4618356346477783,40.5639,0.006277,23749.0938,0.939665,23799.0,24498.5,0.9508618131669067,0.9665684981621515,0.028409090909888343,1.0,341.974674103406,307.6913046470237,61.5,78.14751111223185,3348.804942477839,268.0,9280.0,35.76428459093688
139,6.95,390.1983464848911,222.08327126670753,390.90700381838917,214.54134286911656,0.9884070145962407,341.97365703749625,617.0793859378782,617.0793859378782,379.1066944176745,391.5235253007609,225.5558606371173,0.36552162619125983,74.5,74.5,34.76275634765625,82.10096402332243,81.20187525313838,78.17052211142658,81.23641058741052,204.0,0.6235294117647059,5497.795612839132,22940.90446355408,9139.0,-3641.2043871608676,9247.0,9523.0,453.0,0.04756904336868634,1,0,1.8888888888888888,0.9263873159682899,3.968594229749251,3.701002875288774,0.6235294117647059,0.0,0.0,0.0,0.0,32.0,48.0,260.0,0.9529411764705882,64,64,265.0733372847996,0.058312020460358105,207,617.0793859378782,5497.795612839132,107.12043740248467,92.23890491380136,634.6268208814446,341.9944612110107,0.027650005272696232,6.0831901899094376e-05,40.6767,0.007204,23747.832,0.939615,23817.0,24498.5,0.10698245892822235,0.0,0.3522727272732588,1.0,341.974674103406,364.17900011334194,71.5,78.17052211142658,3626.9115857451666,268.0,9274.0,35.76428459093688
140,7.0,271.90157369722044,212.39405014485595,325.80859172322965,160.60024478592774,0.9888947092718701,341.9801420702651,364.4073586141067,364.4073586141067,387.61938447354447,401.35069947114306,36.94334085703633,0.10137923942462945,71.5,71.5,33.55657958984375,82.06905331761719,81.21473652658754,78.19471778314974,81.2380057798899,220.0,0.6235294117647059,3626.9115857451666,22941.887423036824,22583.0,-18956.088414254835,9280.0,9545.0,448.0,0.04693556836039811,1,0,2.0,0.9418604651162791,3.6725720488059563,3.6260166143025474,0.6235294117647059,0.0,0.0,0.0,0.0,28.0,44.0,268.0,0.9529411764705882,67,67,146.38006925869954,0.0,123,364.4073586141067,3626.9115857451666,118.69291241656306,84.54256513574336,634.6268208814446,341.9944612110107,0.42579269166724654,4.186951067819411e-05,40.7895,0.008206,23746.4648,0.939561,23817.0,24491.5,0.10694780573717952,0.5584593852321271,0.31818181818237773,1.0,341.974674103406,364.4073586141067,71.5,78.19372975478734,3636.222050253774,268.0,9274.0,35.76428459093688
141,7.05,271.90157369722044,212.39405014485595,325.86080145381817,160.68236300043233,0.9885583046246998,341.974674103406,364.17900011334194,364.17900011334194,389.0431432923305,399.9432847042788,35.76428459093688,0.09820523583129755,71.5,71.5,33.55657958984375,82.09722515157998,81.21359883648539,78.19372975478734,81.2366607200113,220.0,0.6235294117647059,3636.222050253774,22934.795473666953,22570.5,-18934.277949746225,9305.0,9579.0,448.0,0.04676897379684727,1,0,2.0,0.9418604651162791,3.6963604204259206,3.6010818384786205,0.6235294117647059,0.0,0.0,0.0,0.0,28.0,44.0,268.0,0.9529411764705882,64,64,146.38408421546322,0.0,123,364.17900011334194,3636.222050253774,0.0,0.09731010801323337,634.6268208814446,341.9944612110107,0.4261525228203763,5.785797680635252e-05,40.9023,0.009286,23744.9883,0.939503,23818.0,24484.5,0.10697702417090803,0.558969053611987,0.31818181818237773,1.0,341.97653237425345,369.5386044550241,71.5,78.19471778314974,3639.791314376329,268.0,9280.0,35.76428459093688
142,7.1,271.90157369722044,212.39405014485595,328.93274661743385,172.41630901007804,0.9884783969943645,341.98113550365923,369.5386044550241,369.5386044550241,383.00735909528834,394.7045774034492,25.16597294842512,0.06810106615393692,72.0,72.0,33.55657958984375,82.09732014776611,81.21494303732129,78.21820415486395,81.23825020739615,212.0,0.6235294117647059,3639.791314376329,22933.98682566502,22637.5,-18997.70868562367,9306.0,9582.0,448.0,0.04675433103736172,1,0,2.0,0.9418604651162791,3.668222386169809,3.606453995687738,0.6235294117647059,0.0,0.0,0.0,0.0,28.0,44.0,268.0,0.9529411764705882,64,64,146.3512785785434,0.0,125,369.5386044550241,3639.791314376329,0.0,12.12939965726013,634.6268208814446,341.9944612110107,0.41770723786655395,3.8964687627540684e-05,41.015,0.010446,23743.3984,0.93944,23802.0,24456.5,0.10694249726173745,0.5470070690466364,0.32386363636419124,1.0,341.97653237425345,369.54181385681534,71.5,78.21719795719298,3687.765503082781,268.0,9280.0,36.94334085703633
143,7.15,271.9827261047569,212.2339873379872,328.7835695803401,172.34000790567868,0.9886285535770072,341.97653237425345,369.54181385681534,369.54181385681534,385.4968699138587,395.87201569521613,26.330201838400797,0.07125094062725697,72.0,72.0,33.55657958984375,82.09725437106954,81.22555172477732,78.21719795719298,81.23711777856283,212.0,0.6235294117647059,3687.765503082781,22941.788444279082,22650.5,-18962.73449691722,9330.0,9603.0,448.0,0.04665208788920129,1,0,2.0,0.9418604651162791,3.6883047380655167,3.599186964045505,0.6235294117647059,0.0,0.0,0.0,0.0,28.0,44.0,268.0,0.9529411764705882,67,67,146.42061432720328,0.0,125,369.54181385681534,3687.765503082781,0.1794597876730882,0.1675578912753219,634.6268208814446,341.9944612110107,0.4177021807185015,5.242434831764786e-05,41.1278,0.011685,23741.6953,0.939372,23789.0,24448.5,0.10696709438073107,0.5469999060524593,0.32386363636419124,1.0,341.9801420702651,369.54181385681534,71.5,78.21820415486395,3687.765503082781,268.0,9280.0,98.63419530918685
144,7.2,385.3802741187645,218.2779742307351,400.943582031498,217.57366517133175,0.988077370256844,341.98274776817937,632.5727055780084,632.5727055780084,392.9591794001936,402.539566618712,230.03313895929637,0.3636469562010352,71.5,71.5,33.55657958984375,82.14407865879929,81.22696249658678,78.21855647819467,81.23864692984836,220.0,0.6235294117647059,6524.094098234873,22942.605161004933,8947.5,-2423.405901765127,9179.0,9461.0,446.0,0.047140894197230734,1,0,2.0,0.94049008168028,3.621150849153428,3.7173731131317833,0.6235294117647059,0.0,0.0,0.0,0.0,28.0,44.0,268.0,0.9529411764705882,61,61,259.96006262372396,0.0,212,632.5727055780084,6524.094098234873,113.55850330622035,85.16543398925315,634.6268208814446,341.9944612110107,0.0032367294224709964,3.4250387535017524e-05,41.2406,0.013007,23739.873,0.9393,23767.0,24439.0,0.10693388202224383,0.0,0.31818181818237773,1.0,341.9801420702651,371.2534814295297,71.5,78.21855647819467,3687.765503082781,268.0,9305.0,98.63419530918685
145,7.25,385.3802741187645,218.2779742307351,400.9925044026578,217.55864640289406,0.98843714256005,341.98880772488496,632.5820405501253,632.5820405501253,384.8728319013278,395.352597504167,237.22944304595825,0.3750176701818021,71.5,71.5,33.55657958984375,82.19181855364853,81.22833719304104,78.71932286795717,81.24013847816637,220.0,0.6235294117647059,6550.48496376034,22941.9934345637,9044.0,-2493.51503623966,9339.0,9617.0,446.0,0.046376208796922114,1,0,2.0,0.94049008168028,3.594340782354727,3.6420485674614054,0.6235294117647059,0.0,0.0,0.0,0.0,28.0,44.0,268.0,0.9529411764705882,65,65,259.9593376569919,0.0,212,632.5820405501253,6550.48496376034,0.0,0.05117579315732667,634.6268208814446,341.9944612110107,0.0032220200345129957,1.6530928909408438e-05,41.3534,0.014413,23737.9297,0.939223,23725.0,24430.5,0.1069015002525728,0.0,0.31818181818237773,1.0,341.9801420702651,369.54181385681534,71.5,78.71500964263745,3639.791314376329,268.0,9305.0,97.20516725065625
146,7.3,384.5055488228365,218.81620533732098,399.80654588695285,217.8641532286148,0.9885845224455786,341.9828781070755,632.5707448536414,632.5707448536414,390.5946729507358,407.15207803696313,225.41866681667824,0.35635329115454684,61.5,61.5,33.98748779296875,82.51807208616718,81.22699207222036,78.74141218507577,81.52432670416088,256.0,0.6,6402.7511072150855,22956.221337388153,9030.5,-2627.7488927849145,9327.0,9601.0,444.0,0.046245182793459017,1,0,2.0,0.9380116959064327,3.77238417661047,3.6071088430418974,0.6,0.0,0.0,0.0,0.0,20.0,36.0,284.0,0.9529411764705882,65,65,259.1175976034146,0.02352941176470591,212,632.5707448536414,6402.7511072150855,1.0270526118135108,1.224676292550431,634.6268208814446,341.9944612110107,0.0032398189930697985,3.386927347925894e-05,41.4662,0.015903,23735.8633,0.939142,23705.0,24430.5,0.10693318554794218,0.0,0.20454545454610737,1.0,341.98006003551774,369.54181385681534,71.5,78.71932286795717,3639.791314376329,268.0,9306.0,97.20516725065625
147,7.35,385.4152458863702,217.99918149820047,399.1894637182912,218.04652801211836,0.988109243697479,341.96891448878546,634.6268208814446,634.6268208814446,392.0092358870253,408.5645298524805,226.06229102896407,0.35621294844580015,71.5,71.5,33.55657958984375,82.73680823023949,81.22382153357118,78.71500964263745,82.20221588033371,220.0,0.6235294117647059,6730.27120212535,22940.64973523064,8949.0,-2218.72879787465,9237.0,9520.0,443.0,0.04653361344537815,1,0,2.0,0.936768149882904,3.9353733228555337,3.60457405955068,0.6235294117647059,0.0,0.0,0.0,0.0,28.0,44.0,268.0,0.9529411764705882,60,60,259.9632044742186,0.02352941176470591,213,634.6268208814446,6730.27120212535,1.2227332910709003,0.6434679203644111,634.6268208814446,341.9944612110107,0.0,7.469922797798123e-05,41.5789,0.01748,23733.6719,0.939055,23696.0,24425.5,0.10700780104326825,0.0,0.31818181818237773,1.0,341.98006003551774,371.2534814295297,72.0,78.74141218507577,3687.765503082781,268.0,9320.0,97.20516725065625
148,7.4,228.5966615879231,231.8914100243034,329.92236502098706,172.3354721817397,0.9884937904681032,341.9944612110107,322.81209132800626,322.81209132800626,401.9366686529085,421.4462866371931,98.63419530918685,0.3055467808018554,72.5,72.5,33.55657958984375,82.81215269789021,81.24153057087176,78.7443699181222,82.20704228979301,212.0,0.6235294117647059,3359.260715149022,22946.802262130015,22642.0,-19282.739284850977,9150.0,9421.0,439.0,0.04659802568729434,1,0,1.9411764705882353,0.935064935064935,3.9055732166442914,3.6512873041166727,0.6235294117647059,0.0,4.0,0.0,4.0,32.0,44.0,260.0,0.9529411764705882,55,55,157.4327233925356,0.0,109,322.81209132800626,3359.260715149022,157.4327233925356,82.99055119150655,634.6268208814446,341.9944612110107,0.4913355680750354,0.0,41.6917,0.019145,23731.3496,0.938963,23695.0,24433.5,0.10687129048467267,0.6512949591938806,0.32954545454600476,1.0,341.9779587580471,371.2534814295297,71.5,78.7443699181222,3687.765503082781,268.0,9327.0,98.63419530918685
149,7.45,271.99110129128906,212.2508061355959,330.6552968868798,171.9063135311248,0.9885761934542422,341.95192131653545,371.2534814295297,371.2534814295297,386.342224178906,401.2740051266614,30.020523697131694,0.0808626051977646,72.5,72.5,33.55657958984375,82.86683792732066,81.84777543721049,79.12499867784365,82.24173969381366,212.0,0.6,3588.3779502824655,22966.619935579758,22659.0,-19070.622049717535,9320.0,9594.0,439.0,0.04575776526996039,1,0,1.9411764705882353,0.9418052256532067,3.6973439142440654,3.5930480364743667,0.6,0.0,4.0,0.0,4.0,32.0,44.0,260.0,0.9529411764705882,54,54,146.42837601391707,0.02352941176470591,125,371.2534814295297,3588.3779502824655,47.63224452282483,0.8493328366657087,634.6268208814446,341.9944612110107,0.41500505617791406,0.0001243876708546532,41.8045,0.020899,23728.8965,0.938866,23709.0,24451.5,0.10709860515565925,0.5431796723597248,0.32954545454600476,1.0,341.98006003551774,371.2534814295297,71.5,79.12499867784365,3588.3779502824655,268.0,9327.0,98.63419530918685
150,7.5,218.59706475548091,232.5674573573408,329.38629400397184,172.15734248577078,0.9888667156811259,341.98006003551774,312.12005934045686,312.12005934045686,394.44852017651067,409.3252265911131,97.20516725065625,0.31143518124423397,62.5,62.5,32.78131103515625,82.88835390151782,82.12057175666426,79.62327978635179,82.23690238467239,248.0,0.6,3233.829705608469,22983.74576431197,22658.5,-19424.67029439153,9256.0,9521.0,437.0,0.04589854006932045,1,0,1.9411764705882353,0.9404052443384983,3.731328537847697,3.5773836703695463,0.6,0.0,0.0,0.0,0.0,20.0,36.0,284.0,0.9529411764705882,60,60,136.42724401369827,0.0,106,312.12005934045686,3233.829705608469,57.12870954654274,1.293593387776607,634.6268208814446,341.9944612110107,0.5081833148700716,4.210938224535887e-05,41.9173,0.022744,23726.3086,0.938763,23727.0,24453.0,0.10694824409514538,0.6751582732472383,0.2159090909097344,1.0,341.9779587580471,361.1901205976799,71.5,79.62327978635179,3482.036307943505,268.0,9339.0,97.20516725065625
151,7.55,217.59416402846603,232.6694981736673,339.1593480847572,168.97207819334483,0.9892397174906522,341.9749431028234,320.4181014587369,320.4181014587369,386.82856405614996,401.61732522196,81.19922376322313,0.25341646865003936,72.5,72.5,34.3751220703125,82.88167860550121,82.14337354158519,79.6691085867499,82.23566167457469,212.0,0.6,3313.887062515148,22996.832458602075,22673.0,-19359.112937484853,9369.0,9628.0,437.0,0.04538845035313668,1,0,1.9411764705882353,0.9415274463007159,3.821109729414125,3.5734347963453494,0.6,0.0,4.0,0.0,4.0,28.0,44.0,264.0,0.9411764705882353,60,60,127.41866670726203,0.0,108,320.4181014587369,3313.887062515148,1.0080784674039884,10.279031796748132,634.6268208814446,341.9944612110107,0.49510784776839023,5.707141606381416e-05,42.0301,0.024681,23723.5801,0.938656,23750.0,24461.0,0.10697558675516436,0.6566380532060812,0.32954545454600476,1.0,341.9749431028234,361.1901205976799,72.5,79.6691085867499,3482.036307943505,264.0,9369.0,81.19922376322313
152,7.6,272.90157369722044,212.39405014485595,339.5616847484938,168.85582658593557,0.9894227801214117,341.9779587580471,379.7753488005112,379.7753488005112,384.85234444373606,395.2209725600442,15.445623759532964,0.040670422154351724,72.5,72.5,32.3936767578125,83.4208065706593,82.22479978017101,80.09942731983597,82.49433500736359,212.0,0.6352941176470588,3784.696705704296,22993.32767444964,22671.5,-18886.803294295703,9462.0,9719.0,435.0,0.044757691120485645,1,0,1.9411764705882353,0.9424460431654677,3.664859479788649,3.5543228364566604,0.6352941176470588,0.0,4.0,0.0,4.0,32.0,44.0,260.0,0.9529411764705882,60,60,147.3502499365977,0.03529411764705881,128,379.7753488005112,3784.696705704296,58.90673439460432,0.41879497037564506,634.6268208814446,341.9944612110107,0.40157690109435584,4.825356792359514e-05,42.1429,0.026711,23720.7109,0.938542,23794.0,24480.5,0.10695947240689313,0.5241599015966367,0.32954545454600476,1.0,341.9738873810295,325.98482188704423,72.5,80.09942731983597,3359.260715149022,260.0,9369.0,78.7427923468033
153,7.65,226.41692819867865,231.85369629332422,299.28744849025907,169.43836461507536,0.9894080996884735,341.9738873810295,311.1737435591432,311.1737435591432,412.0917891367762,423.27415230407405,112.10040874493086,0.36025021733115636,52.5,52.5,11.199951171875,83.41860201323048,82.2238895899985,80.12236761688905,82.49362923197494,276.0,0.6352941176470588,2200.7384046407487,22982.649919606738,22664.0,-20463.26159535925,9375.0,9630.0,431.0,0.044755970924195226,1,0,1.9411764705882353,0.9396135265700483,3.8562042992600474,3.577899558706058,0.6352941176470588,0.0,0.0,0.0,0.0,12.0,28.0,300.0,0.9529411764705882,62,62,165.96026485906862,0.0,105,311.1737435591432,2200.7384046407487,50.393452901628976,40.27844903592371,634.6268208814446,341.9944612110107,0.5096744522600725,6.015837188799722e-05,42.2556,0.028837,23717.6992,0.938423,23813.0,24481.0,0.10698122807268967,0.6772703348936525,0.10227272727346406,1.0,341.9738873810295,322.81209132800626,72.5,80.12236761688905,3313.887062515148,260.0,9369.0,77.20981025725933
154,7.7,272.8726652392752,212.63026640927828,319.44286888062084,167.05746257342113,0.9897971727105102,341.9870567669618,325.98482188704423,325.98482188704423,385.83009985824884,404.72761423384753,78.7427923468033,0.24155355421452157,53.0,53.0,10.78759765625,83.95396532992247,82.22683168896566,80.1466768394603,83.23749067967263,268.0,0.611764705882353,2532.8387020287423,22980.722357434726,22672.5,-20139.66129797126,9513.0,9762.0,430.0,0.04404835074779758,1,0,1.9411764705882353,0.9394673123486683,3.7223394166985453,3.5875662996568014,0.611764705882353,0.0,0.0,0.0,0.0,12.0,28.0,300.0,0.9529411764705882,66,66,147.32033619343594,0.0235294117647058,110,325.98482188704423,2532.8387020287423,50.27599586772882,20.295557781055543,634.6268208814446,341.9944612110107,0.48633620395324917,2.1650771836023708e-05,42.3684,0.031059,23714.5371,0.938298,23782.0,24459.5,0.10691085660921454,0.6442138107437849,0.10795454545527758,1.0,341.968257335695,325.98482188704423,72.5,80.1466768394603,3313.887062515148,260.0,9369.0,77.20981025725933
155,7.75,272.99110129128906,212.2508061355959,322.89601243154243,166.274830998527,0.9893300248138959,341.9596373611223,361.1901205976799,361.1901205976799,383.87170482644365,396.17172889165965,34.981608293979775,0.09685095549151208,73.0,73.0,33.55657958984375,83.9976097779236,82.91974682306947,80.17301751324077,83.24258535951164,212.0,0.6235294117647059,3482.036307943505,22980.5951414928,22659.0,-19176.963692056495,9414.0,9672.0,429.0,0.04435483870967742,1,0,1.9411764705882353,0.9381818181818182,3.7266480697029714,3.6524899352411664,0.6235294117647059,0.0,4.0,0.0,4.0,32.0,44.0,260.0,0.9529411764705882,60,60,147.39793280929445,0.0117647058823529,122,361.1901205976799,3482.036307943505,0.39751377047813025,3.5407220401060413,634.6268208814446,341.9944612110107,0.4308621874883629,0.00010182577157846762,42.4812,0.03338,23711.2246,0.938167,23753.0,24448.5,0.10705737397353676,0.565639868910047,0.33522727272781827,1.0,341.968257335695,325.98482188704423,72.5,80.1720080766,3233.829705608469,260.0,9369.0,78.51433478700932
156,7.8,272.99110129128906,212.2508061355959,323.6102651681148,165.66776111457952,0.9891299855342013,341.9524952314159,361.65843450942157,361.65843450942157,380.7836808062892,389.99618640767784,28.337751898256272,0.078355014550388,73.0,73.0,33.55657958984375,84.04703646756397,83.13243018584973,80.1720080766,83.24073181790328,212.0,0.6235294117647059,3658.1539892666183,22971.89158662986,22649.5,-18991.34601073338,9415.0,9678.0,428.0,0.04422401322587311,1,0,1.9411764705882353,0.9368932038834952,3.595308808797275,3.61633748326455,0.6235294117647059,0.0,4.0,0.0,4.0,32.0,44.0,260.0,0.9529411764705882,58,58,147.40792803172266,0.0,122,361.65843450942157,3658.1539892666183,0.0,0.9373850946633876,634.6268208814446,341.9944612110107,0.43012425159228584,0.00012270952999104967,42.594,0.035801,23707.7559,0.938029,23717.0,24442.5,0.10709553840446395,0.5645946492582108,0.33522727272781827,1.0,341.96536443911316,333.79036261605194,72.5,80.17301751324077,3092.618392058907,260.0,9369.0,77.20981025725933
157,7.85,239.36255372124646,232.50243809417933,300.65152595859956,169.74581006083574,0.9888725593113583,341.9602709609269,320.96090613756303,320.96090613756303,391.52693645190664,398.14655698531345,77.18565084775042,0.24048302884173953,81.0,81.0,18.39373779296875,84.04630543092473,83.16953024864347,80.19751300773822,83.24274989737093,164.0,0.6235294117647059,2904.9779674318847,22944.862246037832,22643.5,-19738.522032568115,9261.0,9526.0,422.0,0.04429981104346,1,0,1.8823529411764706,0.942998760842627,3.840841454738075,3.685628037105377,0.6235294117647059,0.0,4.0,0.0,4.0,40.0,52.0,244.0,0.9529411764705882,56,56,164.4026460997672,0.0,109,320.96090613756303,2904.9779674318847,39.25567231186514,23.318108613234326,634.6268208814446,341.9944612110107,0.49425253459698626,9.997311056653135e-05,42.7068,0.038325,23704.1289,0.937886,23710.0,24442.5,0.10705398829209835,0.6554265792284926,0.42613636363683455,1.0,341.9602709609269,335.5515106187899,72.5,80.19635338962719,3092.618392058907,260.0,9287.0,77.18565084775042
158,7.9,240.3473580303483,232.58842994506858,300.93741308420505,169.86655429441302,0.9889842931937173,341.9539968214615,319.59367971410575,319.59367971410575,390.11079930388433,396.8034899713651,77.20981025725933,0.24158741288728797,86.5,86.5,18.39373779296875,84.0951635763029,83.16872515259296,80.19635338962719,83.24112133703143,36.0,0.6235294117647059,2957.338161080789,22954.366829221843,22669.5,-19712.16183891921,9287.0,9550.0,421.0,0.04408376963350785,1,0,1.8823529411764706,0.945273631840796,3.916543255684177,3.6410463290877355,0.6235294117647059,0.0,8.0,0.0,8.0,44.0,56.0,232.0,0.9411764705882353,55,55,164.38874218463226,0.0,108,319.59367971410575,2957.338161080789,0.9885515290792373,0.31033952137800863,634.6268208814446,341.9944612110107,0.4964069131679365,0.00011831884471436016,42.8195,0.040962,23700.3281,0.937736,23719.0,24450.0,0.10708751456116639,0.6584780621985213,0.4886363636367832,1.0,341.9596373611223,335.5515106187899,71.5,80.19751300773822,3039.595323458105,260.0,9261.0,77.18565084775042
159,7.95,234.70949177073237,161.3144848476162,252.23991446655643,159.0358563090441,0.988912579957356,341.968257335695,625.3362609053491,625.3362609053491,391.1520263191143,400.2267600341101,225.10950087123905,0.35998152505234554,74.5,74.5,32.3936767578125,84.14454756530002,83.17053736911086,80.64884252971308,83.24482538247501,208.0,0.6235294117647059,7262.998263381713,22963.008900678353,8919.5,-1656.5017366182874,9120.0,9380.0,421.0,0.04488272921108742,1,0,1.8823529411764706,0.9464508094645081,3.6811307110640694,3.7760757875273456,0.6235294117647059,0.0,4.0,0.0,4.0,32.0,44.0,260.0,0.9529411764705882,50,50,213.45058562881638,0.0,210,625.3362609053491,7262.998263381713,71.49657883924218,49.88737706540768,634.6268208814446,341.9944612110107,0.014639406451797288,7.662075936221147e-05,42.9323,0.043734,23696.3281,0.937577,23738.0,24448.0,0.10701131258320948,0.0,0.3522727272732588,1.0,341.9539968214615,335.559089354479,73.0,80.64884252971308,3039.595323458105,260.0,9199.0,69.05034346976004
160,8.0,233.41696893706765,232.09289491496392,300.30640821813154,169.4448496090886,0.9889387144992526,341.96536443911316,335.559089354479,335.559089354479,420.4172446456188,414.0734241414883,78.51433478700932,0.23398065282048758,53.0,53.0,22.39990234375,84.43992117884503,83.2440732501637,80.67321063171664,83.4550309687953,268.0,0.6235294117647059,3039.595323458105,22974.666082169933,22670.0,-19630.404676541893,9107.0,9366.0,416.0,0.044415972667093746,1,0,2.0,0.9555273189326556,3.616919333338601,3.764004529579685,0.6235294117647059,0.0,0.0,0.0,0.0,16.0,28.0,296.0,0.9647058823529412,51,51,164.5345239997775,0.0,113,335.559089354479,3039.595323458105,70.7902108129166,49.18063605821482,634.6268208814446,341.9944612110107,0.47124975132879676,8.507965829174235e-05,43.0451,0.046662,23692.0996,0.93741,23773.0,24449.5,0.10702677096275676,0.6228452110545682,0.10795454545527758,1.0,341.9524952314159,335.559089354479,73.0,80.67321063171664,3039.595323458105,260.0,9166.0,65.35650454785724
161,8.05,234.41024168391363,232.14945769114158,301.0770200481594,169.74872970426085,0.985899496410586,337.96576599046745,333.79036261605194,333.79036261605194,405.0439310093382,402.840706085812,69.05034346976004,0.20686739703502577,49.5,49.5,22.39990234375,84.73050215471486,83.24293544138874,82.24413059640622,84.13421267533565,280.0,0.6428571428571429,3092.618392058907,22916.77573193135,22604.5,-19511.881607941094,9004.0,9333.0,483.0,0.05175184828029573,1,0,2.0,0.9190325972660357,3.2460684505557906,3.878512886431383,0.6428571428571429,0.0,0.0,0.0,0.0,12.0,20.0,304.0,0.9761904761904762,53,53,160.39693872180538,0.019327731092437017,113,333.79036261605194,3092.618392058907,0.9948819514273396,0.8283632686332618,634.6268208814446,341.9944612110107,0.47403678566177754,0.011780001366915482,43.1579,0.049758,23687.6191,0.937233,23755.0,24414.5,0.1283988833445067,0.626792793860419,0.06818181818258297,1.0,337.9854137657296,335.559089354479,73.0,82.2371464580603,3039.595323458105,260.0,9166.0,65.35650454785724
162,8.1,233.4224655159761,232.05364903955,300.268729788756,169.3931467844368,0.9865532093707322,337.9854137657296,335.5515106187899,335.5515106187899,392.2355698312015,400.90801516664715,65.35650454785724,0.19477338792882629,51.0,51.0,22.39990234375,84.79428177013409,83.96061570989913,82.2371464580603,84.2070074261222,276.0,0.6190476190476191,3105.0058804364216,22919.399652983608,22624.0,-19518.994119563577,9199.0,9519.0,479.0,0.05032041180796302,1,0,2.0,0.9135021097046413,3.6124936407610253,3.7024221101153683,0.6190476190476191,0.0,0.0,0.0,0.0,12.0,24.0,300.0,0.9642857142857143,61,61,161.5672866189593,0.023809523809523836,113,335.5515106187899,3105.0058804364216,0.9924117369646073,0.8830471993710356,634.6268208814446,341.9944612110107,0.47126169336376866,0.011722550801217424,43.2707,0.053021,23682.8926,0.937046,23710.0,24398.5,0.12829389418963372,0.6228621258702073,0.08522727272802351,1.0,337.9696458692104,335.5515106187899,71.5,82.24381695061288,2997.669180030531,278.0,9132.0,69.05034346976004
163,8.15,273.99523670775125,212.25911075451248,300.0995949828831,170.35070882188535,0.9867918556809789,337.9645575303107,349.7428074544177,349.7428074544177,393.3561220392452,396.28009523723085,46.537287782813166,0.1330614577081143,71.5,71.5,18.39373779296875,85.33778955421883,84.14389419581755,82.24381695061288,84.21217408184125,220.0,0.6428571428571429,2812.6212602554397,22913.561259658818,22612.5,-19799.87873974456,9166.0,9479.0,472.0,0.04979428209726765,1,0,1.9444444444444444,0.9063829787234042,3.7552029191929948,3.6978308042204318,0.6428571428571429,0.0,0.0,0.0,0.0,32.0,44.0,260.0,0.9642857142857143,62,62,161.72760698031215,0.023809523809523836,118,349.7428074544177,2812.6212602554397,45.14391994607862,0.9723845114563912,634.6268208814446,341.9944612110107,0.44890005283947243,0.011783534933372919,43.3835,0.056451,23677.918,0.936849,23703.0,24416.5,0.12840534082932942,0.5911888785765815,0.31818181818237773,1.0,337.9696458692104,335.5515106187899,53.0,82.24413059640622,2997.669180030531,296.0,9132.0,65.35650454785724
164,8.2,273.99110129128906,212.2508061355959,299.8604707721346,170.27464503282752,0.9868262204807794,337.9696458692104,347.9382214437739,347.9382214437739,371.0408971588236,382.080639581874,34.14241813810008,0.09812781704874418,136.5,136.5,19.59991455078125,85.43836258318534,84.19349942532175,82.24513799893614,84.58317171059886,0.0,0.6428571428571429,2997.669180030531,22948.967397598848,22635.0,-19637.33081996947,9132.0,9443.0,472.0,0.04998411521762152,1,0,1.9444444444444444,0.9152360515021459,3.7981990163914383,3.76906255220729,0.6428571428571429,12.0,16.0,12.0,16.0,,,,0.9880952380952381,56,56,161.49437857987158,0.0,118,347.9382214437739,2997.669180030531,0.00927730373898699,0.2509304448884856,634.6268208814446,341.9944612110107,0.45174359167405465,0.011768656508495234,43.4962,0.060046,23672.6895,0.936642,23708.0,24437.0,0.12837815096209707,0.5952164949135356,1.0,1.0,337.9696458692104,335.5515106187899,53.0,82.24513799893614,2997.669180030531,296.0,9121.0,64.3431305127873
165,8.25,237.39306095542906,232.3223914771722,299.44530389316134,170.18881505744713,0.987221396731055,337.9678250274209,321.8966802040625,321.8966802040625,375.725237109795,385.8728564748449,63.976176270782446,0.19874754915218612,106.5,106.5,19.59991455078125,85.4372755593117,84.23244613090067,83.09629449496907,84.58290898523308,0.0,0.6428571428571429,2935.5062001474516,22936.275922542154,22636.0,-19700.49379985255,9121.0,9422.0,470.0,0.04988325196348971,1,0,1.9444444444444444,0.9138858988159311,3.715813425056136,3.8386807368844473,0.6428571428571429,4.0,8.0,4.0,8.0,104.0,84.0,136.0,0.9523809523809523,58,58,162.36148219765602,0.0,109,321.8966802040625,2935.5062001474516,41.74068871675952,0.42394613109473,634.6268208814446,341.9944612110107,0.49277800809462413,0.011773980693521757,43.609,0.063806,23667.2188,0.936426,23723.0,24444.5,0.12838788074768806,0.6533380454064962,0.7159090909093239,1.0,337.9680392300727,334.3549499784844,53.0,83.09629449496907,2997.669180030531,296.0,9132.0,64.3431305127873
166,8.3,275.93720425760966,211.60072370482538,291.53179932501394,174.16674892794737,0.9877589257832831,337.9619043810892,365.5096078255079,365.5096078255079,378.9945890487986,394.6138283885604,29.104220563052536,0.07962641730869827,51.0,51.0,21.1937255859375,85.89861699852429,84.92332620570706,83.14486509382283,85.23959194118966,276.0,0.6190476190476191,3139.79659774238,22962.795574240386,22651.5,-19511.70340225762,9313.0,9607.0,465.0,0.048402206724263555,1,0,1.9444444444444444,0.9150326797385621,3.52743586219262,3.755558500105723,0.6190476190476191,0.0,0.0,0.0,0.0,16.0,24.0,296.0,0.9761904761904762,58,58,170.50946517219427,0.023809523809523836,123,365.5096078255079,3139.79659774238,43.7611528432073,8.857060032999822,634.6268208814446,341.9944612110107,0.42405584542133745,0.011791292805275577,43.7218,0.067728,23661.4941,0.936199,23719.0,24420.0,0.12841951810338711,0.5559992991486435,0.08522727272802351,1.0,337.9678250274209,333.79036261605194,51.5,83.14486509382283,2982.261086939394,296.0,9139.0,64.3431305127873
167,8.35,241.3136270219562,232.8454824630779,291.6860121442685,174.07094563718124,0.9865743207245605,337.9680392300727,334.3549499784844,334.3549499784844,412.8264175920869,415.9059270187631,81.55097704027872,0.24390539767850453,51.5,51.5,22.0,85.99452987986317,85.13314273671818,83.14536732985684,85.24110615621024,276.0,0.6309523809523809,2982.261086939394,22948.075347169022,22643.5,-19661.238913060606,9070.0,9385.0,461.0,0.049120937666489076,1,0,1.9444444444444444,0.9102844638949672,3.6069275084799473,3.8687986133453838,0.6309523809523809,0.0,0.0,0.0,0.0,16.0,24.0,296.0,0.9761904761904762,49,49,169.8295134953656,0.011904761904761862,113,334.3549499784844,2982.261086939394,40.62181526334844,0.18154851732816973,634.6268208814446,341.9944612110107,0.47314714888019893,0.011773354359834731,43.8346,0.071811,23655.5254,0.935963,23723.0,24416.5,0.1283867361419968,0.6255327035842234,0.09090909090983704,1.0,337.9678250274209,332.94990834857,71.5,83.14536732985684,2982.261086939394,278.0,9144.0,64.3431305127873
168,8.4,243.32063781079313,233.1117901267893,291.4983370655979,174.18286218504983,0.9871705303270879,337.97334935353894,332.94990834857,332.94990834857,385.29334641537855,397.2930388613573,64.3431305127873,0.19325168411046853,51.0,51.0,22.0,86.04302204857314,85.13342486601331,83.19533066289476,85.24241638417898,276.0,0.6309523809523809,2955.840792393391,22965.624981763664,22645.5,-19689.659207606608,9144.0,9447.0,457.0,0.048375145548851486,1,0,1.8888888888888888,0.9094922737306843,3.4630460625196138,3.9062486345781626,0.6309523809523809,0.0,0.0,0.0,0.0,16.0,24.0,296.0,0.9761904761904762,49,49,170.59842578916493,0.0,113,332.94990834857,2955.840792393391,2.0246017085489383,0.21851143869560946,634.6268208814446,341.9944612110107,0.47536111397540703,0.011757827431569723,43.9474,0.076054,23649.3066,0.935717,23692.0,24420.5,0.12835836115462276,0.6286685854925205,0.08522727272802351,1.0,337.9671498725502,330.6587413043334,71.5,83.19164785052057,2982.261086939394,270.0,9144.0,64.3431305127873
169,8.45,237.3888767088385,232.3035274561696,291.0261193770664,174.44442643306712,0.9874840357598978,337.9793748951846,330.6587413043334,330.6587413043334,387.1538720733702,393.92873044899216,63.26998914465878,0.19134527910885024,86.0,86.0,18.39373779296875,86.0924080416865,85.23388664643987,83.19633227292763,85.24390263340922,64.0,0.6309523809523809,2915.519990505247,22939.909126068727,22649.0,-19733.480009494753,9102.0,9396.0,453.0,0.04821200510855683,1,0,1.8888888888888888,0.9263873159682899,3.8189448797802803,3.952562547593395,0.6309523809523809,0.0,4.0,0.0,4.0,44.0,56.0,232.0,0.9523809523809523,54,54,170.09715479958993,0.0,112,330.6587413043334,2915.519990505247,5.986574840038277,0.5398197858572119,634.6268208814446,341.9944612110107,0.4789713727429996,0.011740208603404079,44.0602,0.080455,23642.8418,0.935461,23681.0,24422.0,0.12832616328404509,0.6337821914739643,0.4829545454549697,1.0,337.9678250274209,330.6587413043334,76.0,83.19429214579839,2997.669180030531,266.0,9144.0,67.84756207775939
170,8.5,227.60821255312547,231.8613063085996,338.9383903878014,167.4518263168201,0.9883422124725791,337.9671498725502,322.8266293449609,322.8266293449609,378.69472155881937,390.6741914227203,67.84756207775939,0.21016717925478176,78.5,78.5,34.76275634765625,86.14169233206842,85.23108734687187,83.19429214579839,85.24088667553917,184.0,0.6309523809523809,3397.7722453710503,22941.822110968875,22643.0,-19245.227754628948,9294.0,9573.0,449.0,0.046902747310143114,1,0,2.0,0.9386574074074074,3.5931493989902887,3.7774427975027334,0.6309523809523809,0.0,0.0,0.0,0.0,36.0,48.0,252.0,0.9642857142857143,55,55,123.58272608130069,0.0,109,322.8266293449609,3397.7722453710503,9.790656304365287,48.41985305421587,634.6268208814446,341.9944612110107,0.4913126600975023,0.011775954862542792,44.1729,0.085012,23636.1289,0.935195,23681.0,24411.5,0.12839148848130352,0.651262512109481,0.397727272727767,1.0,337.9678250274209,322.8266293449609,60.5,83.19533066289476,2982.261086939394,280.0,9188.0,74.98046880895015
171,8.55,234.4143437035769,232.19762854829335,334.26985700069474,151.14859585800747,0.9878620689655173,337.95156364772583,291.64227082695965,291.64227082695965,370.51010818902665,382.9371729478973,91.29490212093765,0.3130372763250967,51.5,51.5,11.58758544921875,86.42655698781768,85.22750573649769,83.19164785052057,86.13104164264536,272.0,0.6428571428571429,2651.985230888211,22946.61643349366,22640.0,-19988.01476911179,9139.0,9425.0,446.0,0.0473209549071618,1,0,2.0,0.94049008168028,3.5911373769102166,3.664078028147122,0.6428571428571429,0.0,0.0,0.0,0.0,16.0,24.0,296.0,0.9761904761904762,50,50,131.3676083857307,0.011904761904761973,99,291.64227082695965,2651.985230888211,6.814435698284767,16.9584942544934,634.6268208814446,341.9944612110107,0.5404507637702856,0.011821529357431193,44.2857,0.089722,23629.1719,0.93492,23668.0,24369.5,0.12847477447934313,0.7208622048277712,0.09090909090983704,1.0,337.9671498725502,322.8266293449609,59.0,83.19633227292763,2982.261086939394,280.0,9222.0,74.98046880895015
172,8.6,228.62259551965036,232.05008083386502,324.59169376885393,164.06592971286526,0.9882947368421053,337.9518433083974,306.5128385024527,306.5128385024527,380.82916300064034,394.554881457457,88.04204295500426,0.2872377006625768,76.5,76.5,34.76275634765625,86.9010215419531,86.13105796073337,84.19055801142363,86.20735753918485,200.0,0.6190476190476191,3338.8030017772867,22976.498032348973,22659.5,-19320.696998222713,9222.0,9500.0,442.0,0.046526315789473686,1,0,2.0,0.9377203290246768,3.777180986255056,3.6283090837813483,0.6190476190476191,0.0,4.0,0.0,4.0,36.0,44.0,252.0,0.9642857142857143,57,57,138.14192952065434,0.023809523809523836,104,306.5128385024527,3338.8030017772867,5.793627305414914,16.140766941505927,634.6268208814446,341.9944612110107,0.5170187763625692,0.011820711622925972,44.3985,0.094584,23621.9688,0.934635,23679.0,24363.5,0.12847328009449985,0.6876729076946136,0.37500000000051287,1.0,337.9671498725502,321.65988607195715,59.0,84.19055801142363,2955.840792393391,280.0,9188.0,81.55097704027872
173,8.65,220.59345042402813,233.28965174708887,329.35147525412776,151.7951567644175,0.9885810953689997,337.94936453244287,301.4214681076733,301.4214681076733,378.9022675343408,389.16987761616895,87.74840950849563,0.2911153278476843,60.5,60.5,33.98748779296875,87.3291991686782,86.1404080025859,84.23762308283057,86.23536748507176,252.0,0.6428571428571429,3319.533092589201,22982.773213733635,22651.5,-19331.9669074108,9188.0,9458.0,435.0,0.04599281031930641,1,0,1.9411764705882353,0.9389952153110048,3.942981314167467,3.6433493400886747,0.6428571428571429,0.0,0.0,0.0,0.0,24.0,32.0,280.0,0.9761904761904762,59,59,136.32694397138417,0.023809523809523836,102,301.4214681076733,3319.533092589201,8.124266552462753,13.161587614718554,634.6268208814446,341.9944612110107,0.5250413972592214,0.011827959623217366,44.5113,0.099596,23614.5195,0.93434,23684.0,24398.5,0.1284865255937541,0.6990362267376234,0.19318181818248034,1.0,337.9590625995304,321.65988607195715,60.5,84.23762308283057,2955.840792393391,280.0,9222.0,74.98046880895015
174,8.7,194.594164028466,161.33050182633258,217.64739538451266,161.5419619749066,0.9896569485937983,337.97232038450545,572.4000385889092,572.4000385889092,374.4239493646367,386.46008788932266,185.93995069958652,0.32484265926670625,76.0,76.0,34.76275634765625,87.43751781347726,86.23104899353264,84.24338595264639,86.58110908833282,200.0,0.6428571428571429,5792.725048862778,22998.828340046206,9301.0,-3508.274951137222,9456.0,9707.0,432.0,0.04450396620995158,1,0,1.9411764705882353,0.937424789410349,3.868391417394584,3.593645132332503,0.6428571428571429,0.0,4.0,0.0,4.0,36.0,44.0,252.0,0.9642857142857143,64,64,244.98102309716683,0.0,192,572.4000385889092,5792.725048862778,76.51197390210464,112.12850516852781,634.6268208814446,341.9944612110107,0.09805255662864598,0.011760836161681443,44.6241,0.104754,23606.8281,0.934036,23691.0,24404.5,0.1283638595170467,0.09424503862167906,0.36931818181869935,1.0,337.9518433083974,321.3560930757865,60.5,84.23762308283057,2920.63409620515,252.0,9222.0,74.98046880895015
175,8.75,276.0143758881362,212.28899040653735,314.6923578758226,160.13745833410465,0.9889062662913147,337.9730485039327,321.3560930757865,321.3560930757865,382.22676884798017,396.3365618847366,74.98046880895015,0.23332518170510386,59.0,59.0,9.9937744140625,87.43794872068537,86.23121255602359,84.24356878031756,86.58120696099355,256.0,0.6428571428571429,2186.4675400709407,22988.954840885865,22689.0,-20502.532459929058,9325.0,9591.0,429.0,0.044729433844228964,1,0,1.9411764705882353,0.9381818181818182,3.6513003852940193,3.6081093813848804,0.6428571428571429,0.0,0.0,0.0,0.0,24.0,32.0,280.0,0.9761904761904762,57,57,150.36598603707967,0.0,109,321.3560930757865,2186.4675400709407,96.05216529392996,97.05512544640176,634.6268208814446,341.9944612110107,0.4936298270069185,0.011758707123027734,44.7368,0.110057,23598.8906,0.933722,23684.0,24378.5,0.1283599687639057,0.6545445700811581,0.17613636363703977,1.0,337.95156364772583,321.3560930757865,60.5,84.24338595264639,3319.533092589201,276.0,9294.0,87.74840950849563
176,8.8,276.0485620653507,212.3291216163841,316.19369215545146,158.1870445482845,0.9895424836601308,337.9590625995304,321.65988607195715,321.65988607195715,369.9054909981272,381.98731059791834,60.32742452596119,0.18755035097060752,55.0,55.0,11.199951171875,87.99389596922248,87.09166031130195,85.09399443204029,87.23655623386736,260.0,0.6309523809523809,2244.7350677196923,23007.193845541962,22713.5,-20468.764932280308,9536.0,9792.0,426.0,0.04350490196078431,1,0,1.9411764705882353,0.9377289377289377,3.7159888580885374,3.604812725015675,0.6309523809523809,0.0,0.0,0.0,0.0,20.0,28.0,288.0,0.9761904761904762,53,53,150.3460493699696,0.011904761904761973,109,321.65988607195715,2244.7350677196923,0.05271820099648237,2.4613245529807743,634.6268208814446,341.9944612110107,0.4931511315182079,0.011799602242652751,44.8496,0.115503,23590.7148,0.933399,23680.0,24378.0,0.1284347033465106,0.6538665410887952,0.13068181818253166,1.0,337.94936453244287,321.3560930757865,60.5,84.24356878031756,3319.533092589201,276.0,9289.0,87.74840950849563
177,8.85,238.4074113380486,233.18967045979926,329.3099002137511,151.0,0.9866371588154705,333.9846929468344,291.1431418327408,291.1431418327408,401.88784477432404,415.7319371175403,124.58879528479952,0.4279296929356306,46.5,46.5,11.58758544921875,88.0397811302283,87.13373406788128,85.24397503698867,87.24146280873734,280.0,0.6385542168674698,2920.63409620515,22887.599352105834,22622.0,-19701.36590379485,9172.0,9489.0,491.0,0.051744124776056485,1,0,1.894736842105263,0.9051987767584098,3.6528923831953777,3.8474685943624927,0.6385542168674698,0.0,0.0,0.0,0.0,16.0,16.0,300.0,1.0,53,53,132.68277802582776,0.007601835915088895,99,291.1431418327408,2920.63409620515,43.035087151346474,14.956220216606562,634.6268208814446,341.9944612110107,0.5412372558910024,0.023420754347346695,44.9624,0.121088,23582.2969,0.933065,23675.0,24377.5,0.14967200402923206,0.7219761999931478,0.03409090909170186,1.0,333.98770313119417,321.3560930757865,60.5,85.09399443204029,3319.533092589201,276.0,9325.0,78.94969698464661
178,8.9,276.10287422708507,212.40102689488157,313.0336451041511,159.58723700496338,0.9871807915352528,333.98770313119417,343.52952247893256,343.52952247893256,375.3752057158467,387.09170880707165,43.56218632813909,0.12680769330621536,74.0,74.0,33.98748779296875,88.0897733295939,87.22705267820696,85.24470402593612,87.2421648752362,212.0,0.6385542168674698,3583.9538631633095,22920.875458795716,22642.0,-19058.04613683669,9514.0,9829.0,484.0,0.04924203886458439,1,0,1.894736842105263,0.9020618556701031,3.4183810537321015,3.7367815040136994,0.6385542168674698,0.0,0.0,0.0,0.0,36.0,44.0,252.0,0.9759036144578314,57,57,150.44379093578894,0.0,116,343.52952247893256,3583.9538631633095,43.04782948869686,18.402638935005847,634.6268208814446,341.9944612110107,0.4586905072782801,0.023411952496143917,45.0752,0.126811,23573.6367,0.932723,23646.0,24333.0,0.14965591891487554,0.6050561744138618,0.3465909090914453,1.0,333.985164590714,321.65988607195715,60.5,85.24397503698867,3319.533092589201,276.0,9325.0,78.94969698464661
179,8.95,307.55552973069723,155.55635226154286,303.1875743876451,168.98235246575075,0.9450662739322533,169.85346282898894,161.57371462217287,161.57371462217287,158.67419422064276,182.43164808822985,20.857933466056977,0.12909236824090833,23.5,23.5,11.199951171875,68.76474077142882,66.19552493869152,56.10836760901794,64.43345710471277,148.0,0.5952380952380952,1314.1636862317162,7210.000639721843,4851.5,-3537.3363137682836,4686.0,5432.0,811.0,0.14930044182621502,2,0,4.894736842105263,0.95,25.770418966805316,13.691677666089937,0.5952380952380952,0.0,0.0,0.0,0.0,4.0,8.0,156.0,0.9761904761904762,29,29,162.1891383981318,0.04331612162937459,55,161.57371462217287,1314.1636862317162,64.96604168639988,13.609309426857884,634.6268208814446,341.9944612110107,0.7454035831675689,0.5033444043873292,45.188,0.132669,23564.7363,0.932371,23616.0,24306.5,1.0,1.0,0.0,1.0,333.9846929468344,342.9488798264436,59.5,85.24470402593612,3578.600785750499,276.0,9325.0,78.94969698464661
180,9.0,192.5975396972892,160.9460479158518,210.23360314076405,165.3372066324425,0.9875761015375091,333.985164590714,579.390597757386,579.390597757386,380.98162816624733,394.17965822841194,185.21093952897405,0.31966507610903494,60.5,60.5,33.98748779296875,88.83787099938613,87.95510329147945,86.19268288707646,88.21022573573426,248.0,0.6265060240963856,5643.219518006288,22949.82774545825,9250.5,-3607.280481993712,9390.0,9691.0,475.0,0.049014549582086474,1,0,1.9444444444444444,0.9226638023630505,3.335850351455205,3.7288286704839755,0.6265060240963856,0.0,0.0,0.0,0.0,24.0,32.0,276.0,0.9759036144578314,57,57,248.5794040699366,0.03126792885829033,195,579.390597757386,5643.219518006288,115.08426604782784,93.0254151224926,634.6268208814446,341.9944612110107,0.08703732856317037,0.023419375249340457,45.3008,0.138659,23555.6016,0.932009,23622.0,24304.5,0.1496694837697288,0.07864296138882033,0.19318181818248034,1.0,333.98441241459375,321.65988607195715,59.5,86.19268288707646,2920.63409620515,276.0,9305.0,74.98046880895015
181,9.05,275.9952367077512,213.25911075451248,314.7995007977329,159.00385881171837,0.9876878130217028,333.98441241459375,342.9488798264436,342.9488798264436,359.45796620328326,373.2674826432151,30.318602816771488,0.08840560386759347,78.5,78.5,32.3936767578125,89.28896916895971,88.0898977966061,86.24265221475987,88.24014247738637,184.0,0.6506024096385542,3578.600785750499,22928.520142515925,22619.5,-19040.8992142495,9289.0,9584.0,466.0,0.04862270450751252,1,0,1.9444444444444444,0.9192139737991266,3.347160369940752,3.742487779474541,0.6506024096385542,4.0,0.0,4.0,0.0,36.0,48.0,244.0,0.9759036144578314,54,54,150.32380178606053,0.02409638554216864,116,342.9488798264436,3578.600785750499,98.44710463091579,104.75752119741071,634.6268208814446,341.9944612110107,0.45960544284889226,0.02342157463034089,45.4135,0.144779,23546.2246,0.931638,23596.0,24276.5,0.14967350307136115,0.6063520981433507,0.397727272727767,1.0,333.9837765299445,321.65988607195715,59.5,86.23957419315471,2920.63409620515,276.0,9305.0,72.37142485340064
182,9.1,275.9952367077512,213.25911075451248,316.1130552466442,159.0910652065246,0.9886657833044542,333.9714868009323,318.32740724317017,318.32740724317017,386.3733996819923,397.2771042278168,78.94969698464661,0.24801413635218963,50.0,50.0,11.58758544921875,89.3828467267183,88.13926279684682,86.23957419315471,88.57794844319032,272.0,0.6506024096385542,2391.2841005757605,22940.981230855956,22641.0,-20249.715899424238,9533.0,9811.0,462.0,0.04709000101926409,1,0,1.9444444444444444,0.9154774972557629,3.5803020505621808,3.772590603919666,0.6506024096385542,0.0,0.0,0.0,0.0,20.0,20.0,292.0,1.0,55,55,150.32551602883643,0.0,108,318.32740724317017,2391.2841005757605,0.0,1.3164460663277402,634.6268208814446,341.9944612110107,0.4984022156500737,0.023459369434431165,45.5263,0.151026,23536.6133,0.931258,23588.0,24261.0,0.1497425719219775,0.661304228233775,0.07386363636439648,1.0,333.9714868009323,318.32740724317017,59.5,86.24250099138959,3440.2884329575554,276.0,9289.0,78.94969698464661
183,9.15,188.60313783545422,161.88226512568812,210.61215273140436,165.49413503000991,0.9888018385041262,333.9837765299445,572.3549895948206,572.3549895948206,375.8735198106967,380.34587316186554,192.00911643295507,0.3354720757634723,75.0,75.0,34.76275634765625,89.38882086769331,88.23249308726255,86.24250099138959,89.02863839514794,204.0,0.6506024096385542,5520.121973369383,22927.49867442327,9154.0,-3633.8780266306167,9305.0,9573.0,454.0,0.047425049618719316,1,0,1.8888888888888888,0.9181614349775785,3.589564229848428,3.7964785112951334,0.6506024096385542,4.0,0.0,4.0,0.0,36.0,44.0,248.0,0.9879518072289156,56,56,246.97700331787163,0.0,192,572.3549895948206,5520.121973369383,101.375338283398,105.69503174082766,634.6268208814446,341.9944612110107,0.09812354164315573,0.023423433972293406,45.6391,0.157395,23526.7656,0.930868,23594.0,24263.5,0.14967690096201433,0.0943455824935058,0.3579545454550723,1.0,331.9365371416662,318.32740724317017,59.5,86.24265221475987,3440.2884329575554,276.0,9305.0,72.37142485340064
184,9.2,208.61392507240546,158.44952961554915,212.08689812685327,165.88799960336468,0.98610348468849,331.9365371416662,587.7002735031687,587.7002735031687,374.09735741682243,379.58263698218457,208.1176365209841,0.3541220685170602,59.5,59.5,33.98748779296875,89.9372457729421,88.24006699923137,87.09116320006696,89.18876119018977,248.0,0.6506024096385542,5254.921056660435,22951.47632511709,9028.0,-3773.078943339565,9141.0,9470.0,487.0,0.05142555438225977,2,1,6.0,0.9291428571428572,87.82222064964215,4.667707589097427,0.6506024096385542,0.0,0.0,0.0,0.0,24.0,32.0,276.0,0.9759036144578314,50,50,246.03776728961793,0.0,198,587.7002735031687,5254.921056660435,20.303085453327036,1.526434827806834,634.6268208814446,341.9944612110107,0.07394353001516518,0.029409611002848224,45.7519,0.163886,23516.6816,0.930469,23566.0,24250.5,0.16061645673003022,0.060096776507023004,0.1818181818188533,1.0,331.93497470230477,318.32740724317017,59.5,87.09116320006696,3440.2884329575554,276.0,9289.0,72.37142485340064
185,9.25,234.40003451750414,232.46541654101426,293.59372251018453,173.12985282822692,0.9867118070249683,331.93497470230477,301.60297760913124,301.60297760913124,378.0981185572841,373.9744024625319,72.37142485340064,0.23995593620163763,59.5,59.5,11.199951171875,90.03757567578566,89.00378468023331,87.14111881540073,89.23843237651649,248.0,0.6385542168674698,2231.6340746556803,22977.981889061546,22593.5,-20361.86592534432,9138.0,9452.0,479.0,0.05067710537452391,2,1,6.0,0.9455621301775148,87.83080889217243,4.664345533410432,0.6385542168674698,0.0,0.0,0.0,0.0,24.0,32.0,276.0,0.9759036144578314,54,54,164.13766851141108,0.012048192771084376,102,301.60297760913124,2231.6340746556803,78.37904667497459,81.82791002577086,634.6268208814446,341.9944612110107,0.5247553874413479,0.02941417961298265,45.8647,0.170494,23506.3633,0.930061,23554.0,24229.0,0.16062480572557325,0.6986311196221562,0.1818181818188533,1.0,331.93497470230477,338.0041276001207,60.5,87.14031044915501,3441.444234269355,276.0,9305.0,72.37142485340064
186,9.3,232.10848360953335,229.70000254126163,294.0997182615062,172.80061768007042,0.9883987425210425,331.92272967174523,302.4334585710558,302.4334585710558,366.70179433738355,373.23893728455903,70.80547871350325,0.2341191978164272,54.0,54.0,11.58758544921875,90.0392366101958,89.22812558555881,87.14031044915501,89.23543856598494,260.0,0.6144578313253012,2207.018980513213,22980.883042863727,22606.5,-20399.481019486786,9575.0,9861.0,473.0,0.04796673765338201,2,1,6.0,0.94377990430622,88.568694976208,4.580607150707504,0.6144578313253012,0.0,0.0,0.0,0.0,20.0,28.0,284.0,0.9759036144578314,66,66,163.41191222704958,0.02409638554216864,102,302.4334585710558,2207.018980513213,3.5914788254769965,0.6036782944062348,634.6268208814446,341.9944612110107,0.5234467743563052,0.02944998437577384,45.9774,0.177216,23495.8125,0.929644,23513.0,24194.0,0.16069023783647057,0.6967775871941932,0.11931818181890462,1.0,331.92272967174523,318.32740724317017,69.0,87.14111881540073,3440.2884329575554,260.0,9289.0,72.37142485340064
187,9.35,221.57553081891382,234.05772300254577,330.25178181746793,149.86240251553102,0.9849504950495049,327.93366207466465,295.09855363569324,295.09855363569324,381.7229247721492,387.1631182239897,92.06456458829649,0.3119790437941372,69.0,69.0,32.3936767578125,90.39609320130518,89.23199101375324,88.11484608797984,89.66233822657605,224.0,0.6585365853658537,3440.2884329575554,22872.964644005773,22502.0,-19061.711567042446,9234.0,9595.0,538.0,0.056070870244919226,2,1,5.666666666666667,0.882865440464666,88.81225140705035,4.289903200405753,0.6585365853658537,0.0,0.0,0.0,0.0,32.0,36.0,260.0,0.9878048780487805,62,62,128.9149680466039,0.044078754040552504,100,295.09855363569324,3440.2884329575554,11.398807924871543,42.81510731376252,634.6268208814446,341.9944612110107,0.5350045980946321,0.04111411362206385,46.0902,0.18405,23485.0312,0.929217,23470.0,24191.5,0.18200607793338605,0.713148202267914,0.2897727272733101,1.0,327.9348379682843,318.32740724317017,69.0,88.11484608797984,3440.2884329575554,260.0,9261.0,72.37142485340064
188,9.4,278.95425591021643,212.76666426121741,317.1984558017929,155.91950844991698,0.9855342012812565,327.9348379682843,316.8255676484889,316.8255676484889,372.6657079610405,387.07348175280305,70.24791410431413,0.22172425863765094,56.5,56.5,11.58758544921875,91.28418647393045,90.13218831845597,88.58953829895614,90.18655683447813,252.0,0.6463414634146342,2219.6320068404334,22891.20728758859,22503.5,-20283.867993159565,9328.0,9678.0,532.0,0.05497003513122546,2,1,5.666666666666667,0.8824681684622919,88.80602608940373,4.270793414841334,0.6463414634146342,0.0,0.0,0.0,0.0,24.0,24.0,280.0,1.0,63,63,153.1689385049974,0.012195121951219523,107,316.8255676484889,2219.6320068404334,61.20153000889744,14.390199872547733,634.6268208814446,341.9944612110107,0.5007687081229183,0.04111067528094148,46.203,0.190993,23474.0156,0.928781,23501.0,24198.5,0.1819997944699558,0.6646561514180097,0.1477272727279722,1.0,327.93366207466465,316.8255676484889,69.0,88.58953829895614,3440.2884329575554,260.0,9234.0,72.37142485340064
189,9.45,278.95425591021643,212.76666426121741,312.8993956156584,158.3582739910896,0.9857544517338331,327.90583685547176,339.0612159640156,339.0612159640156,363.94207581404066,376.7222485041528,37.66103254013717,0.11107443366254581,75.5,75.5,34.76275634765625,91.34310459700345,90.18968352197096,88.61430433250123,90.2412676629973,204.0,0.6463414634146342,3460.937165411623,22887.20344711327,22522.5,-19061.562834588378,9261.0,9603.0,525.0,0.05467041549515776,2,1,5.666666666666667,0.9117043121149897,88.6822113069767,4.256598059739402,0.6463414634146342,4.0,0.0,4.0,0.0,32.0,44.0,248.0,0.975609756097561,63,63,153.17285254017597,0.0,115,339.0612159640156,3460.937165411623,0.0,4.9426203423707715,634.6268208814446,341.9944612110107,0.46573134823850115,0.0411954752297764,46.3158,0.198041,23462.7734,0.928336,23496.0,24202.0,0.1821547637875469,0.6150288907110347,0.36363636363688584,1.0,327.90583685547176,316.8255676484889,59.5,88.61430433250123,3336.418199129111,276.0,9234.0,70.80547871350325
190,9.5,278.96216728223396,212.78255164047272,312.14370928531923,159.3076373064586,0.9829892141756549,323.91555856121,338.0041276001207,338.0041276001207,381.33333422952063,395.1486287568044,57.1445011566837,0.16906450688167068,74.0,74.0,33.1689453125,91.39720017779038,90.23977325941547,88.64029034647697,90.24237625874166,208.0,0.6419753086419753,3441.444234269355,22797.097921089047,22478.5,-19037.055765730645,9321.0,9735.0,590.0,0.06060606060606061,2,1,2.857142857142857,0.9057971014492754,88.45349062888415,4.463283482948053,0.6419753086419753,0.0,0.0,0.0,0.0,32.0,44.0,248.0,0.962962962962963,68,68,153.19184873299247,0.004366154772658892,114,338.0041276001207,3441.444234269355,0.0177482006637754,1.2134053463002066,634.6268208814446,341.9944612110107,0.46739703321920645,0.052863144583636945,46.4286,0.205192,23451.3027,0.927883,23504.0,24215.5,0.2034770733229695,0.6173881832794772,0.3465909090914453,1.0,323.95167899450536,316.8255676484889,69.0,88.63939782572206,3336.418199129111,260.0,9234.0,70.24791410431413
191,9.55,230.71912287135262,232.49463710461248,327.11851177606525,157.44438686105568,0.9818784058125868,323.9477662739075,299.9063331762715,299.9063331762715,382.1082489617675,401.4443653637239,101.53803218745236,0.3385658152399631,74.5,74.5,32.78131103515625,91.43723279022554,90.23783681855953,88.63939782572206,90.73720732206176,208.0,0.6419753086419753,3336.418199129111,22786.625178662212,22447.0,-19110.58180087089,8935.0,9359.0,581.0,0.06207928197456993,2,1,2.857142857142857,0.9064143007360673,89.32684563935,4.508604724986861,0.6419753086419753,0.0,0.0,0.0,0.0,32.0,44.0,248.0,0.962962962962963,58,58,129.87164049852112,0.0,102,299.9063331762715,3336.418199129111,52.11485054546179,15.090275407001265,634.6268208814446,341.9944612110107,0.527428839582093,0.05276896845989665,46.5414,0.212444,23439.6016,0.92742,23476.0,24201.0,0.20330496933198916,0.7024178234952235,0.3522727272732588,1.0,323.9477662739075,317.5906790648058,74.0,88.64029034647697,3425.272769660893,248.0,9234.0,58.09160472532966
192,9.6,278.98459700626705,212.81756841421324,312.03526229268743,158.915070491679,0.9828125,323.9099036407053,336.7532979173353,336.7532979173353,361.9104405683695,380.84838368609394,44.09508576875862,0.1309418082657735,74.5,74.5,32.3936767578125,91.98105435705808,90.2409499332731,88.69148716888691,91.21390085950136,204.0,0.6419753086419753,3476.5057104044586,22806.843351288655,22471.0,-18994.494289595543,9065.0,9472.0,574.0,0.060599662162162164,2,1,2.857142857142857,0.9273318872017353,89.23044113865956,4.272071181819305,0.6419753086419753,0.0,0.0,0.0,0.0,32.0,44.0,248.0,0.962962962962963,63,63,153.16157462570072,0.0,114,336.7532979173353,3476.5057104044586,52.1223850731601,15.15477895976053,634.6268208814446,341.9944612110107,0.4693680020494365,0.05287967970670493,46.6541,0.219791,23427.6738,0.926948,23480.0,24199.5,0.20350729075556628,0.6201798828911439,0.3522727272732588,1.0,323.94494680640406,336.7532979173353,74.0,88.69148716888691,3428.05039878212,248.0,9221.0,58.09160472532966
193,9.65,239.40181083717016,233.72613611225276,328.2678793337552,148.99999999999997,0.9829205807002561,323.94494680640406,285.92424530397506,285.92424530397506,366.0956946067145,380.39005580203036,94.4658104980553,0.33038754862367736,57.5,57.5,11.58758544921875,92.03508314186203,91.23095131078817,88.71410490050782,91.23594162440982,248.0,0.6419753086419753,2915.839587868034,22821.57620586477,22476.0,-19560.160412131965,8968.0,9368.0,562.0,0.05999146029035013,2,1,2.7142857142857144,0.9267480577136515,89.98667542230874,4.295933353619733,0.6419753086419753,0.0,0.0,0.0,0.0,20.0,28.0,276.0,0.9753086419753086,60,60,129.57994026555343,0.0,97,285.92424530397506,2915.839587868034,44.765669481109626,19.021211287847265,634.6268208814446,341.9944612110107,0.5494608234381747,0.05277721265044133,46.7669,0.227233,23415.5273,0.926467,23476.0,24206.0,0.20332003533851814,0.7336241418458227,0.15909090909159923,1.0,323.919712997695,336.7532979173353,74.0,88.71410490050782,3425.272769660893,248.0,9221.0,58.09160472532966
194,9.7,283.4986965762909,209.53023705015275,322.35653560243793,163.66676422264402,0.9846548363934762,323.95167899450536,317.5906790648058,317.5906790648058,358.8199418782678,375.68228379013544,58.09160472532966,0.18291344348136807,56.5,56.5,11.58758544921875,92.1232698304124,91.23240575592128,89.58778827628849,91.23745863780364,248.0,0.6296296296296297,2219.9557768490185,22816.653264267075,22494.0,-20274.04422315098,9375.0,9749.0,551.0,0.05651861729408145,2,1,2.7142857142857144,0.9245495495495496,88.50682967865109,4.04698263155954,0.6296296296296297,0.0,0.0,0.0,0.0,20.0,28.0,276.0,0.9753086419753086,62,62,157.37419593088134,0.012345679012345623,108,317.5906790648058,2219.9557768490185,50.298875368266465,15.81322097083373,634.6268208814446,341.9944612110107,0.4995630997383653,0.052757527571105634,46.8797,0.234766,23403.1523,0.925977,23450.0,24171.0,0.20328406145700895,0.6629485158596201,0.1477272727279722,1.0,323.91555856121,336.7532979173353,74.0,89.5865606051013,3425.272769660893,248.0,9162.0,57.1445011566837
195,9.75,285.05787217283455,208.93186071152712,315.6802215569053,152.8241002973297,0.9841845831148401,323.919712997695,345.0220725544654,345.0220725544654,361.24692559407555,381.14665069702136,36.12457814255595,0.1047022234696399,76.0,76.0,33.1689453125,93.23928209943408,91.23679033975456,89.5865606051013,92.21440350748736,196.0,0.6419753086419753,3428.05039878212,22835.95581781045,22497.5,-19069.44960121788,9158.0,9535.0,541.0,0.056738332459360254,2,1,2.5714285714285716,0.9215017064846417,89.8086017129876,3.898078001708575,0.6419753086419753,0.0,0.0,0.0,0.0,36.0,44.0,244.0,0.9753086419753086,58,58,158.90627275193438,0.012345679012345623,117,345.0220725544654,3428.05039878212,1.6700547246974344,12.733284345835099,634.6268208814446,341.9944612110107,0.4563386525718247,0.05285099691179951,46.9925,0.242386,23390.5586,0.925479,23450.0,24162.0,0.2034548738235496,0.6017249843057254,0.36931818181869935,1.0,323.9099036407053,317.5906790648058,59.5,89.58778827628849,3336.418199129111,268.0,9158.0,58.09160472532966
196,9.8,285.0961813282008,208.98116240263843,312.32411803216115,159.53641213818347,0.9824157594608605,319.94996642456687,342.41648277452924,342.41648277452924,353.93147569450826,376.5983548407376,34.18187206620837,0.09982542834749017,76.5,76.5,34.3751220703125,93.3001943264376,92.19105325026659,90.24945440571858,92.65684434535852,196.0,0.65,3425.272769660893,22747.640725895097,22428.0,-19002.727230339107,9221.0,9645.0,608.0,0.06303784344219802,2,1,2.4285714285714284,0.8846153846153846,88.84219921311652,4.030277774384225,0.65,4.0,0.0,4.0,0.0,32.0,44.0,240.0,0.975,61,61,158.94249080734664,0.00802469135802475,116,342.41648277452924,3425.272769660893,0.06243595223357029,7.504569349247544,634.6268208814446,341.9944612110107,0.46044435641887804,0.06445863102105143,47.1053,0.250092,23377.7441,0.924972,23450.0,24162.0,0.22466747078229907,0.6075403435643996,0.37500000000051287,1.0,319.94996642456687,317.1874940849955,59.5,90.22361348610922,3334.484374885608,268.0,9116.0,61.84635487828399
197,9.85,200.59818916282984,160.38713976491803,223.27399344643044,160.60517244432495,0.9829066973148051,319.94133149688975,566.301785902424,566.301785902424,359.7911198016744,387.69372169187005,178.6080642105539,0.31539378588738687,59.5,59.5,27.9998779296875,93.40588702589835,92.19008808742832,90.30167844948866,92.2987257352284,240.0,0.65,5589.194100044952,22731.221443116294,9048.0,-3458.8058999550476,9162.0,9571.0,597.0,0.06237592728032598,2,1,2.4285714285714284,0.8940397350993378,87.7130443574247,4.001498093200508,0.65,0.0,0.0,0.0,0.0,24.0,28.0,268.0,0.9875,63,63,230.84893070082276,0.0,190,566.301785902424,5589.194100044952,97.47455932752084,89.05653786963731,634.6268208814446,341.9944612110107,0.10766175133304767,0.06448387975650327,47.218,0.257879,23364.7129,0.924456,23408.0,24124.0,0.2247136120755047,0.10785559639065972,0.1818181818188533,1.0,319.94133149688975,317.1874940849955,59.5,90.24945440571858,3334.484374885608,268.0,9158.0,61.84635487828399
198,9.9,285.09633674583625,208.98140503710724,321.3737005818896,163.98711613048891,0.9838194938510011,319.9005833508728,317.1874940849955,317.1874940849955,365.6585811056361,379.03384896327947,61.84635487828399,0.19498358551838513,53.0,53.0,11.58758544921875,93.4148493308837,92.30409792038878,90.3072549140613,92.65853455872181,256.0,0.65,2311.4234954949306,22782.98687033161,22439.0,-20127.57650450507,9441.0,9839.0,585.0,0.05945726191686147,2,1,2.4285714285714284,0.8872549019607843,87.24383965841837,3.98946773668142,0.65,0.0,0.0,0.0,0.0,20.0,20.0,280.0,1.0,67,67,158.90655612107005,0.0,108,317.1874940849955,2311.4234954949306,97.47481501548708,98.15798532549066,634.6268208814446,341.9944612110107,0.5001984100759433,0.0646030283119291,47.3308,0.265745,23351.4648,0.923932,23401.0,24111.5,0.22493135242299303,0.663848375662323,0.10795454545527758,1.0,319.9005833508728,313.45133028216225,59.5,90.30167844948866,3098.997532063608,268.0,9158.0,73.34524724860216
199,9.95,278.04656498678,214.33608208841525,317.14688484161536,156.306761977004,0.9804052642573637,315.9099800272609,313.45133028216225,313.45133028216225,348.1739900664363,364.8799951193927,51.42866483723043,0.16407224940131993,59.5,59.5,8.78759765625,93.96253730547357,92.40049053429058,90.22361348610922,93.27539795650765,240.0,0.6455696202531646,3098.997532063608,22714.693286833575,22357.5,-19258.502467936392,9105.0,9574.0,653.0,0.06820555671610612,2,1,1.9090909090909092,0.8959731543624161,85.76064707329519,4.150604847942263,0.6455696202531646,0.0,0.0,0.0,0.0,20.0,28.0,268.0,0.9746835443037974,58,58,152.2596051171632,0.004430379746835467,106,313.45133028216225,3098.997532063608,8.8527875936674,8.766630551425278,634.6268208814446,341.9944612110107,0.5060855924008947,0.07627164805939846,47.4436,0.273688,23338.0078,0.9234,23376.0,24070.0,0.24625539877372055,0.6721870385362855,0.1818181818188533,1.0,315.94858787728356,313.45133028216225,59.5,90.3072549140613,3334.484374885608,268.0,9158.0,73.34524724860216
200,10.0,232.71979037697466,233.48524458773997,321.77057080897737,149.25786008596305,0.9812232096184004,315.9481785939662,289.72742511142934,289.72742511142934,354.53420680410363,394.96510636263696,105.23768125120762,0.36322996074925645,52.0,52.0,27.181396484375,94.02395341623011,93.24313660091408,90.63799146679742,93.29756185889963,260.0,0.6329113924050633,2857.2764759071442,22719.883614388724,22371.5,-19514.223524092857,9116.0,9565.0,635.0,0.06638787245164662,2,1,1.8181818181818181,0.9042553191489362,86.86002651576192,3.9978210668652165,0.6329113924050633,0.0,0.0,0.0,0.0,16.0,20.0,280.0,0.9873417721518988,63,63,133.2600214285234,0.012658227848101222,98,289.72742511142934,2857.2764759071442,49.205761054511086,8.4300349817958,634.6268208814446,341.9944612110107,0.5434680420392228,0.07615995453497681,47.5564,0.281704,23324.334,0.922859,23374.0,24058.0,0.24605128226779374,0.725135907406162,0.09659090909165055,1.0,315.9481785939662,299.6030953637256,59.5,90.63799146679742,3334.484374885608,268.0,9116.0,94.1780902852949
201,10.05,233.64877733147034,233.73776566079655,327.0928347225603,156.5928595949451,0.9811344537815125,315.93940320749215,296.1402312143426,296.1402312143426,352.63241727387197,392.6819589361001,96.54172772175752,0.3260000416893098,74.0,74.0,33.1689453125,94.54351561237732,93.29465477867251,91.11044348184254,93.71376718288445,204.0,0.6708860759493671,3334.484374885608,22718.511546224152,22365.0,-19030.515625114393,9071.0,9520.0,625.0,0.06565126050420168,2,1,1.8181818181818181,0.8989169675090253,86.57495836864553,3.9183845202679226,0.6708860759493671,0.0,0.0,0.0,0.0,32.0,40.0,244.0,0.9746835443037974,62,62,126.17123798561583,0.03797468354430378,100,296.1402312143426,3334.484374885608,0.9626960340423221,9.062489225516051,634.6268208814446,341.9944612110107,0.5333631963379233,0.07618561397531687,47.6692,0.28979,23310.4512,0.92231,23351.0,24038.0,0.24609817411164372,0.7108233046964705,0.3465909090914453,1.0,315.94689145137204,299.6030953637256,59.5,91.11044348184254,3098.997532063608,268.0,9116.0,94.1780902852949
202,10.1,236.1429649249464,229.14730522824365,327.36298211907877,156.81937817686642,0.9824008243173622,315.9314761446304,299.6030953637256,299.6030953637256,353.1918565760748,372.94834261232774,73.34524724860216,0.24480804231865233,75.0,75.0,32.78131103515625,95.28926961624968,93.33933875462341,91.16332091654738,94.29065363355866,200.0,0.6455696202531646,3406.2764911283507,22733.917805519573,22379.5,-18973.223508871648,9278.0,9705.0,609.0,0.06275115919629057,2,1,1.9444444444444444,0.9232456140350878,83.76107097916464,3.8410573694386656,0.6455696202531646,0.0,0.0,0.0,0.0,36.0,44.0,236.0,0.9746835443037974,73,73,125.24883763895046,0.025316455696202556,101,299.6030953637256,3406.2764911283507,5.2242988749002155,0.35254827159033514,634.6268208814446,341.9944612110107,0.5279066602517658,0.0762087928970856,47.782,0.297943,23296.3633,0.921752,23338.0,24024.0,0.246140532883534,0.7030946133853084,0.3579545454550723,1.0,315.9413151537898,299.6030953637256,53.5,91.16332091654738,2857.2764759071442,272.0,9105.0,94.1780902852949
203,10.15,241.7106280459215,232.35255514248905,303.26303034336667,167.03059996950168,0.9816657824933688,315.94689145137204,295.66109201256285,295.66109201256285,380.2335010310682,393.93470961503147,98.27361760246862,0.3323860333922223,46.5,46.5,17.18756103515625,95.29418629124044,94.14096288042374,91.16438355512294,94.29566053046592,268.0,0.6455696202531646,2624.9536042405693,22734.454679500355,22398.0,-19773.04639575943,8993.0,9425.0,598.0,0.06344827586206897,2,1,1.7894736842105263,0.9020674646354734,83.7849426408702,3.926309792835777,0.6455696202531646,0.0,0.0,0.0,0.0,16.0,16.0,284.0,1.0,62,62,147.7044497445248,0.0,100,295.66109201256285,2624.9536042405693,6.424367645257894,26.173970392167064,634.6268208814446,341.9944612110107,0.5341181899593941,0.07616371817076673,47.8947,0.30616,23282.0703,0.921187,23322.0,24023.5,0.2460581601972976,0.7118926850781098,0.03409090909170186,1.0,315.93940320749215,299.6030953637256,53.5,91.16438355512294,2857.2764759071442,272.0,9089.0,73.34524724860216
204,10.2,231.81375025069167,232.3513960243439,325.88630981503553,147.98061213359924,0.9823325270796088,315.94858787728356,290.01383426158503,290.01383426158503,381.8450195533225,384.19192454687993,94.1780902852949,0.32473654412068037,74.5,74.5,32.78131103515625,95.40367164077803,94.29621303325024,91.19172379009717,95.04960594920391,204.0,0.6455696202531646,3387.1167573911575,22707.448538658522,22355.5,-18968.38324260884,9089.0,9509.0,588.0,0.06183615522136923,2,1,1.7894736842105263,0.8986784140969163,83.26981461620808,4.018136167989596,0.6455696202531646,0.0,0.0,0.0,0.0,32.0,44.0,240.0,0.9620253164556962,62,62,128.48178572168592,0.0,98,290.01383426158503,3387.1167573911575,9.896877863107553,29.575577941965307,634.6268208814446,341.9944612110107,0.5430167387839366,0.07615875778074899,48.0075,0.314438,23267.5781,0.920613,23275.0,24001.0,0.24604909523597865,0.724496677042291,0.3522727272732588,1.0,315.9314761446304,299.6030953637256,59.5,91.19085145071064,3098.997532063608,268.0,9089.0,73.34524724860216
205,10.25,235.2082107207164,234.01423963800846,329.1836258361589,147.51507552609382,0.9828384233329811,315.9413151537898,273.8287611289581,273.8287611289581,365.5375338121479,393.45787530447114,119.62911417551305,0.4368756360080613,47.5,47.5,11.199951171875,95.39972303740609,94.29384658606621,91.19085145071064,95.13143026407602,260.0,0.6455696202531646,2026.8627613660917,22699.163135859406,22355.0,-20328.13723863391,9057.0,9463.0,577.0,0.06097432103983937,2,1,1.736842105263158,0.9,83.35402865172874,3.921885693249509,0.6455696202531646,0.0,0.0,0.0,0.0,16.0,16.0,284.0,1.0,61,61,125.49981741730419,0.0,93,273.8287611289581,2026.8627613660917,3.779869146685583,3.330017608975148,634.6268208814446,341.9944612110107,0.5685200307975757,0.07618002339852536,48.1203,0.322775,23252.8867,0.920032,23288.0,24011.0,0.24608795750323523,0.7606197903653895,0.04545454545532889,1.0,315.9314761446304,299.6030953637256,72.0,91.19172379009717,3334.484374885608,244.0,9089.0,73.34524724860216
206,10.3,286.13784763467845,209.02984660162366,309.9438923695144,156.5937021402117,0.978114374034003,307.90916062344263,311.5474732790949,311.5474732790949,361.1463993243087,375.0884030259702,63.54092974687529,0.20395264027692225,53.5,53.5,12.78759765625,96.02001349871713,94.42240411520201,92.24546967220391,95.29581033652921,252.0,0.6363636363636364,2272.400943256501,22552.969693141473,22220.0,-19947.5990567435,9174.0,9705.0,729.0,0.07511591962905718,2,1,1.7619047619047619,0.8657074340527577,79.20219711180954,4.058700211052574,0.6363636363636364,0.0,0.0,0.0,0.0,16.0,20.0,272.0,0.987012987012987,65,65,159.73619794592582,0.009205983889528202,106,311.5474732790949,2272.400943256501,56.72783982829382,21.274134649054236,634.6268208814446,341.9944612110107,0.5090855554349547,0.09966623572461131,48.2331,0.331167,23237.998,0.919443,23268.0,23993.5,0.2890082935055376,0.6764362156459112,0.11363636363709109,1.0,307.966731354475,304.09697474653143,72.0,92.24546967220391,3334.484374885608,244.0,9071.0,63.54092974687529
207,10.35,280.97007865425144,213.798439019728,308.0163204190279,156.37660674861414,0.9775681341719078,307.92182012760765,304.09697474653143,304.09697474653143,354.4151053234524,363.9663638187452,59.86938907221378,0.19687597721784522,51.5,51.5,12.393798828125,96.07270160356619,94.49103190866028,93.19041482982459,95.35661494844575,252.0,0.6363636363636364,2356.176662778955,22577.689555767163,22213.0,-19856.823337221045,9005.0,9540.0,710.0,0.07442348008385745,2,1,1.8,0.8758357211079274,78.10404855127639,4.074662599705574,0.6363636363636364,0.0,0.0,0.0,0.0,16.0,20.0,272.0,0.987012987012987,59,59,154.90248813459166,0.0,103,304.09697474653143,2356.176662778955,7.031735908370406,1.93975875648369,634.6268208814446,341.9944612110107,0.5208255233773988,0.09962921903106559,48.3459,0.339612,23222.918,0.918846,23243.0,23980.5,0.2889406466281858,0.6930648215595185,0.09090909090983704,1.0,307.95564086129934,304.09697474653143,53.5,93.19041482982459,3079.99111766789,272.0,9089.0,59.86938907221378
208,10.4,280.97007865425144,213.798439019728,308.0930796640316,155.7482339534806,0.9776153685529338,307.9287701866491,325.0959122179165,325.0959122179165,348.9974346478957,378.42221776611336,53.32630554819684,0.16403253176696803,72.0,72.0,34.3751220703125,97.01229574654793,95.49247307738047,93.2484522114708,96.30089846361577,212.0,0.6233766233766234,3348.682549188536,22601.07847615624,22216.0,-18867.317450811464,9042.0,9578.0,706.0,0.07371058676132804,2,1,1.8,0.8825794032723773,71.85646126566344,4.089432767300374,0.6233766233766234,0.0,0.0,0.0,0.0,28.0,36.0,244.0,0.974025974025974,53,53,153.1157819632186,0.012987012987012991,110,325.0959122179165,3348.682549188536,0.0,0.6330437199415854,634.6268208814446,341.9944612110107,0.4877368848571748,0.0996088968918799,48.4586,0.348106,23207.6465,0.918242,23247.0,23964.0,0.28890350853924984,0.6461977489347819,0.32386363636419124,1.0,307.9414621672455,304.09697474653143,52.5,93.2484522114708,3078.0795563979823,272.0,9089.0,59.86938907221378
209,10.45,281.0129573749001,213.8653803007273,311.1821507938259,157.44103319419116,0.9786943005181348,307.9249127361214,328.20938753305,328.20938753305,346.6141070736212,371.64900489956426,43.439617366514256,0.13235336652928606,74.5,74.5,33.1689453125,97.29797903333773,95.49931437054863,93.3044530906889,96.35646941318848,204.0,0.6493506493506493,3500.8018977632423,22624.162013854064,22269.0,-18768.198102236758,9136.0,9650.0,690.0,0.07150259067357513,2,1,1.75,0.8852621167161226,65.87323570568117,4.013865427979805,0.6493506493506493,0.0,0.0,0.0,0.0,32.0,40.0,236.0,0.974025974025974,59,59,153.17100776357572,0.025974025974025983,111,328.20938753305,3500.8018977632423,0.07949666525267811,3.522489136147717,634.6268208814446,341.9944612110107,0.48283089095227005,0.09962017616966123,48.5714,0.356646,23192.1914,0.91763,23227.0,23947.0,0.2889241210750439,0.6392488509770387,0.3522727272732588,1.0,307.9287701866491,304.09697474653143,52.5,93.3044530906889,3078.0795563979823,272.0,9136.0,59.27797650426976
210,10.5,281.0129573749001,213.8653803007273,307.9064828197647,155.05204771162104,0.9803564196030782,307.966731354475,323.6310071641589,323.6310071641589,334.0974229972423,360.5680866320095,36.937079467850594,0.1141333143307699,73.0,73.0,32.3936767578125,97.29521308998488,96.29676987546122,94.13255046596736,96.33023647155053,204.0,0.6493506493506493,3367.476155321949,22592.860085102908,22247.5,-18880.02384467805,9391.0,9876.0,673.0,0.06814499797488861,2,1,1.8421052631578947,0.8938775510204081,55.58634421583844,3.956873268507439,0.6493506493506493,0.0,0.0,0.0,0.0,32.0,40.0,236.0,0.974025974025974,66,66,153.03650118218198,0.0,109,323.6310071641589,3367.476155321949,0.0,4.054288138776158,634.6268208814446,341.9944612110107,0.4900451784961405,0.09949789752747074,48.6842,0.36523,23176.5508,0.917012,23204.0,23931.5,0.2887006605895534,0.649467238719032,0.33522727272781827,1.0,307.9249127361214,309.99551932060467,52.5,94.13028386254746,3078.0795563979823,272.0,9136.0,59.27797650426976
211,10.55,281.06948928148483,213.94416623569725,316.99914527092966,153.28687187089255,0.9794860994102781,307.95564086129934,309.99551932060467,309.99551932060467,337.39786777220985,360.61152987849323,50.61601055788856,0.16327981342704598,52.5,52.5,11.58758544921875,97.43090262829907,96.31923559250403,94.19104014444842,96.85979351431584,252.0,0.6493506493506493,2926.065684053193,22584.029309884983,22234.5,-19308.434315946808,9009.0,9496.0,657.0,0.06918702611625947,2,1,1.7894736842105263,0.897489539748954,47.83584148005003,4.310534509399498,0.6493506493506493,0.0,0.0,0.0,0.0,16.0,20.0,272.0,0.987012987012987,54,54,153.09834937210422,0.0,105,309.99551932060467,2926.065684053193,0.09696947979231403,9.262416326181691,634.6268208814446,341.9944612110107,0.5115310145731844,0.09953032639528447,48.797,0.373855,23160.7344,0.916386,23183.0,23912.5,0.288759923355444,0.6798999879906751,0.10227272727346406,1.0,307.92182012760765,311.5474732790949,53.5,94.13255046596736,3079.99111766789,272.0,9156.0,59.27797650426976
212,10.6,241.81373513106192,234.57213246646543,304.8466578611039,166.79562132604704,0.980335978563331,307.9414621672455,300.8855154674658,300.8855154674658,363.34192143705445,359.223135528018,58.33762006055224,0.19388643541021564,46.0,46.0,25.19989013671875,97.88739513115075,96.36437929577565,94.24951564366337,97.2916046021496,264.0,0.6233766233766234,3079.99111766789,22597.598787789037,22259.5,-19179.50888233211,9226.0,9703.0,651.0,0.0670926517571885,2,1,1.75,0.8863409770687937,47.1719965467651,4.282200184850588,0.6233766233766234,0.0,0.0,0.0,0.0,16.0,12.0,280.0,0.987012987012987,59,59,140.9585691368974,0.025974025974025983,102,300.8855154674658,3079.99111766789,44.345543459700195,18.17056031299284,634.6268208814446,341.9944612110107,0.5258859134734324,0.09957178523647037,48.9098,0.382517,23144.7422,0.915753,23173.0,23907.0,0.28883568812199145,0.7002324077989869,0.028409090909888343,1.0,307.92182012760765,323.6310071641589,69.0,94.19104014444842,3348.682549188536,244.0,9136.0,58.33762006055224
213,10.65,241.60042787160833,231.70317833049083,304.26001704172216,166.42000811544784,0.9815,307.9193974915083,302.78445718811827,302.78445718811827,340.4396872136385,363.8481913854184,61.06373419730011,0.20167393915917406,47.0,47.0,23.99371337890625,98.00187109008928,96.25677266186146,94.13028386254746,97.28218071518056,260.0,0.6233766233766234,3078.0795563979823,22599.94078355954,22238.5,-19160.42044360202,9156.0,9600.0,621.0,0.0646875,2,1,1.7777777777777777,0.9402985074626866,49.902145216807895,4.109480735648973,0.6233766233766234,0.0,0.0,0.0,0.0,16.0,16.0,276.0,1.0,59,59,144.40165624900985,0.0,102,302.78445718811827,3078.0795563979823,2.8768729240724884,0.6965864877683908,634.6268208814446,341.9944612110107,0.5228936955933008,0.09963630287707514,49.0226,0.391213,23128.5781,0.915113,23156.0,23886.0,0.28895359214050176,0.6959942010014649,0.03977272727351538,1.0,307.9193974915083,325.0959122179165,72.0,94.24951564366337,3367.476155321949,240.0,9156.0,53.32630554819684
214,10.7,280.2294191450859,214.56702855470488,309.66723754540584,155.6302505155761,0.9795942720763724,303.95367996880503,303.99064933945556,303.99064933945556,333.47325730958573,363.2686258437253,59.27797650426976,0.194999341700396,48.0,48.0,12.393798828125,98.94990059544813,97.38431811118252,95.30370405234446,98.29867978320276,252.0,0.6447368421052632,2804.0170860599633,22583.063672912485,22223.5,-19419.482913940035,9543.0,10056.0,687.0,0.06831742243436754,2,1,1.8,0.9067554709800191,48.61880954539201,4.072554364889451,0.6447368421052632,0.0,0.0,0.0,0.0,16.0,12.0,276.0,0.9868421052631579,63,63,152.29764422874862,0.0213602187286398,103,303.99064933945556,2804.0170860599633,42.2592782231852,12.068840153032394,634.6268208814446,341.9944612110107,0.5209930634238914,0.11123215594633407,49.1353,0.399941,23112.248,0.914467,23158.0,23873.5,0.31014465960833404,0.6933021269270911,0.05113636363714241,1.0,303.95367996880503,328.20938753305,72.5,95.24799323754252,3438.0861087508943,236.0,9156.0,50.61601055788856
215,10.75,224.88860292897004,190.65241527789482,229.7215469462634,158.85198482923212,0.9793526901862837,303.94966274397933,588.4752275207584,588.4752275207584,374.76446213103753,405.0684910128911,183.40673650786727,0.31166432830241375,87.0,87.0,33.98748779296875,99.00352366318113,98.19522066836927,95.24799323754252,98.36141290131192,148.0,0.6447368421052632,7142.235538005674,22568.173463547475,8842.0,-1699.7644619943258,9113.0,9609.0,665.0,0.06920595275262774,2,1,1.75,0.8873653281096964,50.652378499295175,4.237286156997454,0.6447368421052632,4.0,4.0,4.0,4.0,40.0,44.0,212.0,0.9868421052631579,59,59,214.96645977438865,0.0,198,588.4752275207584,7142.235538005674,60.286936127533394,80.01058065882037,634.6268208814446,341.9944612110107,0.07272241235658061,0.11124390240799165,49.2481,0.408698,23095.7559,0.913815,23176.0,23875.0,0.31016612590839887,0.05836717346054975,0.4943181818185967,1.0,303.94966274397933,328.3114727695036,69.0,95.30270925008855,3438.0861087508943,240.0,9192.0,50.61601055788856
216,10.8,200.60313783545422,159.88226512568812,225.78712118461192,162.40394926063243,0.9804242110708743,303.9358484976236,568.5088342720655,568.5088342720655,370.03118881586306,369.2907704794008,199.21806379266474,0.35042210742028146,111.5,111.5,35.19366455078125,99.29610163611099,98.2517895313998,95.30270925008855,98.35520854986234,0.0,0.6447368421052632,7569.090419051534,22523.21469542464,8956.5,-1387.409580948466,9192.0,9665.0,652.0,0.06745990688049663,2,1,1.7894736842105263,0.9043112513144059,47.16757435496901,3.9873548544642916,0.6447368421052632,8.0,8.0,8.0,8.0,92.0,64.0,132.0,0.9078947368421053,60,60,219.5011463217114,0.0,191,568.5088342720655,7569.090419051534,39.19931064697084,5.300580854574314,634.6268208814446,341.9944612110107,0.10418404081558763,0.11128429559537478,49.3609,0.417481,23079.1055,0.913156,23152.0,23858.0,0.31023994322515563,0.10292973305270499,0.772727272727459,1.0,303.9487955238649,328.3114727695036,69.0,95.30370405234446,3438.0861087508943,240.0,9156.0,58.33762006055224
217,10.85,286.3850146944228,210.1556107883407,314.7907114454431,155.39797281034598,0.9809941520467836,303.9487955238649,333.37945241191886,333.37945241191886,345.0032115511916,369.772039722765,36.392587310846125,0.10916265848886202,69.0,69.0,33.98748779296875,99.35926353151899,98.31363477764233,95.30705567876157,98.85335084775525,212.0,0.6447368421052632,3438.0861087508943,22539.49959275631,22205.5,-18767.413891249107,9121.0,9576.0,635.0,0.06631161236424395,2,1,1.7894736842105263,0.9023605150214592,46.450254223861485,4.037048828397684,0.6447368421052632,0.0,0.0,0.0,0.0,28.0,36.0,240.0,0.9736842105263158,59,59,154.26674654475354,0.0,113,333.37945241191886,3438.0861087508943,99.42806284728573,89.27890448106926,634.6268208814446,341.9944612110107,0.4746842688607422,0.11124643818038804,49.4737,0.426286,23062.3008,0.912491,23115.0,23841.5,0.3101707599550373,0.627709895423562,0.2897727272733101,1.0,303.9358484976236,328.3114727695036,69.0,95.30705567876157,3460.2486558983865,240.0,9192.0,58.33762006055224
218,10.9,286.4169217682798,210.1870054353572,317.48589051888126,151.43951062338755,0.9798201798201798,299.9448700975786,328.7618554020496,328.7618554020496,337.0102713902533,353.4140757944332,24.652220392383583,0.07498503852351082,72.5,72.5,30.79986572265625,99.41944510580811,98.21309863279323,95.6877913201282,98.7716756084032,204.0,0.64,4012.869420855117,22472.78372603991,22113.5,-18100.630579144883,9505.0,10010.0,695.0,0.06943056943056942,2,1,1.7894736842105263,0.9158878504672897,38.7969525432141,4.009700280085787,0.64,0.0,0.0,0.0,0.0,28.0,36.0,236.0,0.9733333333333334,68,68,155.2028341221679,0.00473684210526315,111,328.7618554020496,4012.869420855117,0.04476254263785275,4.788884329724276,634.6268208814446,341.9944612110107,0.4819603512101389,0.12295401207532275,49.5865,0.435111,23045.3477,0.91182,23058.0,23808.0,0.33156599382100493,0.638015809935104,0.32954545454600476,1.0,299.9448700975786,328.3114727695036,69.0,95.6877913201282,3460.2486558983865,240.0,9156.0,54.71340975786444
219,10.95,285.64493610862587,210.7020026668843,325.2825872398418,154.48967260797474,0.9795223260643822,299.9128329522439,328.4982156128999,328.4982156128999,334.4894699848802,356.166950026655,27.66873441375509,0.08422795954045528,110.5,110.5,35.5751953125,99.92923712778178,98.65187098887085,95.75085584987838,99.30656067888856,0.0,0.64,4123.652031247791,22453.8770072468,22029.5,-17905.84796875221,9137.0,9630.0,676.0,0.07019730010384216,2,1,1.7894736842105263,0.9172852598091198,36.302968203662374,4.124036584848269,0.64,8.0,8.0,8.0,8.0,72.0,60.0,152.0,0.96,58,58,153.56824212081295,0.0,111,328.4982156128999,4123.652031247791,0.9280000038749366,8.37209459399843,634.6268208814446,341.9944612110107,0.4823757761188806,0.12304768945600675,49.6992,0.443953,23028.25,0.911144,23060.0,23792.5,0.3317371863742763,0.6386042218565017,0.761363636363832,1.0,299.9128329522439,328.3114727695036,69.0,95.75085584987838,3460.2486558983865,240.0,9137.0,54.71340975786444
220,11.0,285.64493610862587,210.7020026668843,312.0289477618349,156.83115789470463,0.9792828685258964,297.95697327771904,328.3114727695036,328.3114727695036,331.32837926601894,352.3368061019061,24.02533333240251,0.0731784763101163,69.0,69.0,33.599853515625,100.88517782614063,99.2166100436928,96.30376001312297,100.22660751644447,212.0,0.6351351351351351,3497.617403816703,22374.56540418358,22063.5,-18565.8825961833,9282.0,9789.0,701.0,0.07161099192971702,2,1,1.75,0.9124015748031497,32.733583829914664,4.026544076069341,0.6351351351351351,0.0,0.0,0.0,0.0,28.0,28.0,240.0,1.0,68,68,153.4701379812958,0.004864864864864926,111,328.3114727695036,3497.617403816703,0.0,13.458882299840342,634.6268208814446,341.9944612110107,0.48267003226635474,0.1287666700137593,49.812,0.452809,23011.0156,0.910462,23043.0,23770.5,0.34218844874563553,0.6390210091542177,0.2897727272733101,1.0,297.9667892306246,328.3114727695036,71.0,96.30376001312297,3497.617403816703,236.0,9121.0,54.71340975786444
221,11.05,285.72022648778955,210.76901644631752,316.7621342960713,152.0507077559245,0.9784514629766558,297.9667892306246,310.4372153900513,310.4372153900513,342.5416845240576,372.7525387732845,62.31532338323325,0.20073406245748168,47.5,47.5,10.0,100.9855311060233,99.30875703709346,97.18517637569605,100.28118604929865,252.0,0.6351351351351351,2674.6183536478916,22384.063513811154,22052.5,-19377.881646352107,8957.0,9467.0,682.0,0.07203971691137637,2,1,1.75,0.902,35.11498935600791,4.467157132796265,0.6351351351351351,0.0,0.0,0.0,0.0,12.0,12.0,272.0,1.0,55,55,153.6641301981873,0.0,105,310.4372153900513,2674.6183536478916,0.10079428470172808,6.72724002078413,634.6268208814446,341.9944612110107,0.5108350211879172,0.1287379679322379,49.9248,0.461676,22993.6484,0.909775,23048.0,23768.5,0.3421359965679168,0.6789141761231449,0.04545454545532889,1.0,297.95697327771904,320.5464419579332,69.0,97.18517637569605,3460.2486558983865,240.0,9137.0,54.71340975786444
222,11.1,285.68048010366203,210.73623309327996,307.6527385391612,154.32821108429363,0.9784555748240334,295.9409499387223,320.5464419579332,320.5464419579332,335.8814160092882,364.6021550887844,44.05571313085119,0.13743940772436594,71.0,71.0,34.3751220703125,101.23856137173753,99.54168410147236,97.24590897111362,100.39791676666123,204.0,0.6486486486486487,3460.2486558983865,22374.73496128649,22012.5,-18552.251344101613,9275.0,9803.0,710.0,0.07242680811996327,2,1,1.6363636363636365,0.8779385171790235,31.823668567320073,4.172638257278912,0.6486486486486487,0.0,0.0,0.0,0.0,32.0,32.0,232.0,1.0,64,64,153.59814703692413,0.013513513513513598,108,320.5464419579332,3460.2486558983865,0.05152206602609091,9.389787668884958,634.6268208814446,341.9944612110107,0.4949056178988457,0.13466157056816574,50.0376,0.47055,22976.1543,0.909083,23057.0,23756.0,0.3529611995401204,0.6563516128323847,0.3125000000005642,1.0,295.9409499387223,320.5464419579332,69.0,97.24590897111362,3460.2486558983865,240.0,9121.0,54.71340975786444
223,11.15,285.7353893485405,210.78539047534102,324.62457402879744,152.9028612586142,0.9789098532494759,295.9330971632893,302.3140052440268,302.3140052440268,325.0289009586442,357.02741500189126,54.71340975786444,0.18098205444931328,58.5,58.5,13.99993896484375,101.3055013896846,100.26251406904706,97.31379788680235,100.37194900670252,228.0,0.6486486486486487,2843.99591412134,22375.220082842592,22050.5,-19206.50408587866,9037.0,9540.0,693.0,0.07264150943396226,2,1,1.7142857142857142,0.874409820585458,33.44849359344919,4.214913690794968,0.6486486486486487,0.0,0.0,0.0,0.0,20.0,24.0,252.0,0.9864864864864865,58,58,150.56388479175408,0.0,103,302.3140052440268,2843.99591412134,0.07369853040744753,17.031583074184294,634.6268208814446,341.9944612110107,0.5236350004493389,0.13468453227171273,50.1504,0.47943,22958.5371,0.908386,23045.0,23753.0,0.3530031613523419,0.6970441924812828,0.17045454545522626,1.0,295.93661003444413,320.5464419579332,69.0,97.24993548269211,3497.617403816703,236.0,9037.0,54.71340975786444
224,11.2,239.50227201863675,236.08577725501715,332.42095170801184,144.25832986379214,0.976313315926893,291.9344729387493,266.37350072708637,266.37350072708637,344.0498088484856,358.63850683383635,92.26500610674998,0.3463745674960375,51.0,51.0,11.58758544921875,101.36661648371455,100.3055134540384,97.31149097958311,100.36860899222945,244.0,0.6438356164383562,2656.370019003988,22279.82311893349,21952.5,-19296.12998099601,9008.0,9575.0,768.0,0.0802088772845953,2,1,1.75,0.9024630541871921,28.10972603111655,4.264370961266492,0.6438356164383562,0.0,0.0,0.0,0.0,12.0,16.0,264.0,0.9863013698630136,67,67,114.1814721930565,0.0048130322102925005,90,266.37350072708637,2656.370019003988,52.703042694344084,11.640937589086914,634.6268208814446,341.9944612110107,0.5802675021564399,0.1463766053257054,50.2632,0.488311,22940.8047,0.907684,23031.0,23740.0,0.3743700679047217,0.7772590241917189,0.08522727272802351,1.0,295.9330971632893,313.47519968806773,69.0,97.31149097958311,3460.2486558983865,236.0,9008.0,54.71340975786444
225,11.25,241.0431545934785,232.39367112046557,332.3298189601936,144.15428726007914,0.9793831854668356,295.93661003444413,287.0450736009466,287.0450736009466,372.1595410816682,382.0900023418133,95.04492874086674,0.33111499719726706,78.5,78.5,26.393798828125,101.3716432289576,100.28263003629914,97.24993548269211,100.85531911016736,188.0,0.6486486486486487,3602.004899292877,22380.243945679238,22033.5,-18431.49510070712,8980.0,9468.0,660.0,0.0697084917617237,2,1,1.7894736842105263,0.9134615384615384,29.67875375368066,4.271355654841094,0.6486486486486487,0.0,0.0,0.0,0.0,32.0,40.0,224.0,0.972972972972973,64,64,114.0894367395639,0.0048130322102925005,97,287.0450736009466,3602.004899292877,4.000745782756558,0.13831139183841445,634.6268208814446,341.9944612110107,0.5476947015849968,0.13467426055227494,50.3759,0.497192,22922.9609,0.906978,22988.0,23696.0,0.35298439009866034,0.7311225895046337,0.397727272727767,1.0,291.96164159084964,310.4372153900513,68.0,97.31379788680235,3319.670019403095,240.0,9008.0,57.99350210671918
226,11.3,285.751830422829,210.8031448181396,302.05650178039525,147.88258295168464,0.9756511081605557,289.97222570861055,298.948079496955,298.948079496955,319.6697369075458,356.9415816036742,57.99350210671918,0.19399188716751692,51.0,51.0,11.199951171875,102.78252093215778,100.29546129956725,97.81372981581177,101.93991224685216,244.0,0.6527777777777778,2341.7273608774476,22237.535631648832,21951.0,-19609.27263912255,9195.0,9791.0,775.0,0.07915432540087836,2,1,1.75,0.9024630541871921,27.002074624030676,4.341876792049106,0.6527777777777778,0.0,0.0,0.0,0.0,12.0,12.0,264.0,1.0,65,65,149.54382048849328,0.0041291291291291055,101,298.948079496955,2341.7273608774476,49.648932721916395,30.502031437802945,634.6268208814446,341.9944612110107,0.5289387878663233,0.1521142632491419,50.4887,0.506069,22905.0156,0.906268,22950.0,23684.5,0.38485546259165665,0.7045565290770011,0.08522727272802351,1.0,291.93960511106195,310.4372153900513,68.0,97.81372981581177,3319.670019403095,236.0,9008.0,57.99350210671918
227,11.35,203.6006099186609,158.93297239555108,245.66369984159223,155.7538405509688,0.9769230769230769,291.96164159084964,510.4816096683367,510.4816096683367,344.30236930378527,364.71398516749224,145.76762450084448,0.2855492181110122,68.0,68.0,32.78131103515625,102.89357236525353,100.75204222485836,98.18059132522868,102.2811844761533,212.0,0.6438356164383562,5543.474865227997,22337.83483261864,8811.0,-3267.525134772003,8820.0,9360.0,708.0,0.07564102564102564,2,1,1.7894736842105263,0.9180851063829787,27.230977429985877,4.51231226151704,0.6438356164383562,0.0,0.0,0.0,0.0,24.0,32.0,236.0,0.9726027397260274,59,59,195.48257005942645,0.008942161339421606,172,510.4816096683367,5543.474865227997,97.15625464926855,56.93948372354068,634.6268208814446,341.9944612110107,0.1956192318513743,0.14629716353590527,50.6015,0.514939,22886.9707,0.905554,22930.0,23664.5,0.3742248904591845,0.2324394357898447,0.2784090909096831,1.0,291.9344729387493,313.47519968806773,69.5,98.18059132522868,3403.0542632241522,236.0,9008.0,54.71340975786444
228,11.4,282.12013788201375,215.43133039258623,320.311016251307,159.93496848578044,0.978447642054406,291.93960511106195,326.3034830551453,326.3034830551453,333.78099996740826,377.928782675659,51.625299620513715,0.15821253005683986,70.5,70.5,32.3936767578125,102.9807146515064,101.6094498643641,99.18102781181983,102.30294009112623,204.0,0.6164383561643836,3531.6322466091697,22354.521352734584,21969.5,-18437.86775339083,9008.0,9521.0,696.0,0.07310156496166369,2,1,1.736842105263158,0.9164859002169198,26.00208087038684,4.090096014535797,0.6164383561643836,0.0,0.0,0.0,0.0,24.0,32.0,236.0,0.9726027397260274,61,61,146.31360824640578,0.0273972602739726,110,326.3034830551453,3531.6322466091697,96.73355533603062,74.76432088890621,634.6268208814446,341.9944612110107,0.48583408025217634,0.14636159873087784,50.7143,0.523799,22868.8379,0.904837,22918.0,23647.5,0.3743426438108191,0.6435025978013001,0.3068181818187507,1.0,289.97222570861055,313.47519968806773,68.5,98.74801515582746,3344.4792024352505,236.0,8980.0,54.71340975786444
229,11.45,282.3189497259529,215.06906403686477,308.0178737830339,154.32747074114644,0.9749576271186441,287.96895779294545,313.47519968806773,313.47519968806773,330.6213732522092,355.20243735871685,41.72723767064912,0.13311176677507813,70.0,70.0,33.98748779296875,103.23736244349668,101.71967187340462,99.58065273129175,102.35122993682273,204.0,0.6527777777777778,3319.670019403095,22267.825810728325,21897.0,-18577.329980596904,8849.0,9440.0,757.0,0.0801906779661017,2,1,1.6818181818181819,0.8737777777777778,24.558182560378683,4.614794908230879,0.6527777777777778,0.0,0.0,0.0,0.0,28.0,28.0,232.0,1.0,61,61,145.61974590358955,0.03633942161339421,106,313.47519968806773,3319.670019403095,0.4132348748329375,13.511675791748983,634.6268208814446,341.9944612110107,0.5060479806815028,0.1579718666400608,50.8271,0.532646,22850.6191,0.904116,22899.0,23619.5,0.3955600539585339,0.6721337649274848,0.3011363636369372,1.0,287.96895779294545,313.47519968806773,68.5,98.78302319185606,3344.4792024352505,236.0,8980.0,57.99350210671918
230,11.5,282.3737321877936,215.13998599667175,313.53039029477384,153.8640785347007,0.9765488565488565,287.9449604312285,292.44358841415533,292.44358841415533,331.53415163333125,353.62895759289,61.185369178734675,0.2092210997359417,52.5,52.5,12.78759765625,103.30562595899255,101.81819566351476,98.74801515582746,102.9995172806171,236.0,0.6388888888888888,2339.482357154213,22240.64203178636,21881.0,-19541.517642845785,9056.0,9620.0,742.0,0.07713097713097714,2,1,1.6666666666666667,0.8850574712643678,24.434815250635697,4.50665855891616,0.6388888888888888,0.0,0.0,0.0,0.0,16.0,16.0,256.0,1.0,67,67,145.58557515031384,0.01388888888888895,99,292.44358841415533,2339.482357154213,0.08961608398157403,5.531959022733271,634.6268208814446,341.9944612110107,0.5391881042657869,0.15804203550078444,50.9398,0.541477,22832.3242,0.903392,22902.0,23605.0,0.3956882854092822,0.7190737615026861,0.10227272727346406,1.0,287.9449604312285,313.47519968806773,68.5,99.18102781181983,3344.4792024352505,232.0,8860.0,51.696243912523585
231,11.55,282.42267043741526,215.1939976596582,324.7181140857855,166.14487940628652,0.9760198041115058,287.9299469725423,332.6472993051758,332.6472993051758,335.19302688384664,360.67521031368034,28.02791100850453,0.08425714282679712,69.5,69.5,32.3936767578125,103.37630126389517,102.29540571892595,98.78302319185606,103.04925565804213,204.0,0.6388888888888888,3403.0542632241522,22242.758114509215,21872.0,-18468.945736775848,8734.0,9291.0,722.0,0.07770961145194274,2,1,1.75,0.9007936507936508,23.568665450032324,4.573029914689808,0.6388888888888888,0.0,0.0,0.0,0.0,24.0,32.0,232.0,0.9722222222222222,62,62,144.7501701028304,0.0,112,332.6472993051758,3403.0542632241522,0.07288492309519486,16.612743110982944,634.6268208814446,341.9944612110107,0.4758379438751801,0.15808593521375924,51.0526,0.55029,22813.9609,0.902665,22848.0,23572.5,0.39576851079450504,0.629343972046387,0.2954545454551236,1.0,287.9299469725423,313.47519968806773,68.5,99.58065273129175,3340.2936254352217,236.0,8860.0,51.696243912523585
232,11.6,282.42267043741526,215.1939976596582,324.9277983042951,165.8699615092645,0.9739710083589038,283.9561296369899,332.6476523800084,332.6476523800084,338.07791099259714,369.38120110245814,36.73354872244971,0.11042780088670584,69.5,69.5,33.599853515625,104.17220897042694,102.26488453538875,100.24105465978496,103.30285990068555,204.0,0.6338028169014085,3604.5194319248685,22191.65132207862,21836.5,-18231.98056807513,8836.0,9451.0,790.0,0.08358903819701619,2,1,1.6818181818181819,0.8796861377506539,22.225659555441904,4.2639413249429925,0.6338028169014085,0.0,0.0,0.0,0.0,24.0,28.0,232.0,0.9859154929577465,66,66,144.73638774420672,0.005086071987480345,112,332.6476523800084,3604.5194319248685,0.0,0.34575615915699287,634.6268208814446,341.9944612110107,0.4758373875248636,0.16970547232988997,51.1654,0.559081,22795.5352,0.901936,22828.0,23558.0,0.417002860134932,0.6293431840263338,0.2954545454551236,1.0,285.9663802481051,326.3034830551453,68.5,99.67791232638012,3344.4792024352505,232.0,8849.0,51.625299620513715
233,11.65,282.3967191540777,215.57809573712694,323.95554138678847,166.20758340960728,0.9744716821639898,283.9576280369483,331.85670348318075,331.85670348318075,323.33155128226576,358.59342810737377,26.736724624193016,0.08056707712564888,68.5,68.5,32.78131103515625,104.82674288913272,102.33129229434219,99.67791232638012,104.04431829945926,204.0,0.6197183098591549,3344.4792024352505,22187.2580271478,21784.5,-18440.02079756475,8860.0,9464.0,775.0,0.08188926458157228,2,1,1.6666666666666667,0.8854368932038835,21.385735041141828,4.36276907067462,0.6197183098591549,0.0,0.0,0.0,0.0,24.0,28.0,232.0,0.9859154929577465,67,67,143.7599270186122,0.014084507042253613,112,331.85670348318075,3344.4792024352505,0.3849737682258958,1.0292094350668184,634.6268208814446,341.9944612110107,0.47708370878139217,0.16970109097250452,51.2782,0.567847,22777.0527,0.901205,22819.0,23543.0,0.41699485333807107,0.631108485696506,0.2840909090914966,1.0,283.96634927372895,313.47519968806773,68.5,100.24105465978496,3340.2936254352217,232.0,8860.0,48.19373575991182
234,11.7,282.4192461937973,215.61201167905108,310.0037391981525,153.159646152503,0.9781505556720487,285.9663802481051,289.1217228737077,289.1217228737077,326.99017836285356,351.72295879849133,62.60123592478362,0.21652207693895312,56.0,56.0,9.9937744140625,104.8993149917761,103.2675706263346,101.2419932326728,104.28202810718338,228.0,0.6338028169014085,2226.764589244953,22193.599453436684,21822.0,-19595.235410755045,9017.0,9538.0,711.0,0.07454392954497799,2,1,1.6666666666666667,0.8916586768935763,21.875304069245963,4.323422724196971,0.6338028169014085,0.0,0.0,0.0,0.0,16.0,16.0,252.0,1.0,64,64,142.79995200463452,0.014084507042253613,98,289.1217228737077,2226.764589244953,0.04071558221528188,19.102393854597306,634.6268208814446,341.9944612110107,0.5444224647295219,0.16382745137014432,51.391,0.576586,22758.5273,0.900472,22809.0,23526.0,0.40626095628436326,0.7264877610798514,0.1420454545461587,1.0,283.9576280369483,310.9252766569792,68.5,100.31110408476138,3340.2936254352217,232.0,8860.0,41.72723767064912
235,11.75,281.9930974446613,215.73253739076705,309.36426466721787,153.92410868664035,0.9748185068804854,283.96634927372895,310.9252766569792,310.9252766569792,327.8010676920571,362.62152056950276,51.696243912523585,0.16626581302219512,68.5,68.5,33.599853515625,104.96566758595542,103.32779074199587,100.31110408476138,104.32889627338213,204.0,0.647887323943662,3340.2936254352217,22173.42354137864,21824.0,-18483.70637456478,8648.0,9229.0,734.0,0.07953191028280421,2,1,1.6666666666666667,0.887378640776699,21.09090173513119,4.350288602468374,0.647887323943662,0.0,0.0,0.0,0.0,24.0,28.0,232.0,0.9859154929577465,63,63,143.36947108464636,0.014084507042253502,105,310.9252766569792,3340.2936254352217,0.44286476894734583,0.9966597422459634,634.6268208814446,341.9944612110107,0.5100659688080478,0.16967558986716558,51.5038,0.585295,22739.957,0.899737,22790.0,23508.0,0.4169482508466016,0.6778248827780124,0.2840909090914966,1.0,283.9561296369899,310.9252766569792,68.5,100.3846005539139,3342.226777350878,232.0,8885.0,36.73354872244971
236,11.8,281.9930974446613,215.73253739076705,305.04124615473444,148.43565063703596,0.9773106580754198,283.933887893686,286.711200728251,286.711200728251,329.9575974231777,346.2828763317981,59.57167560354708,0.20777589243892136,50.0,50.0,12.0,105.02260121247369,103.51715266385337,100.3846005539139,104.3748024526046,240.0,0.647887323943662,2043.465358855569,22188.539827959245,21820.5,-19777.03464114443,8930.0,9467.0,718.0,0.07584239991549593,2,1,1.7,0.9032258064516129,21.057140842152076,4.426587612618119,0.647887323943662,0.0,0.0,0.0,0.0,12.0,12.0,260.0,1.0,68,68,142.39326320079343,0.0,97,286.711200728251,2043.465358855569,0.0,6.986534249650656,634.6268208814446,341.9944612110107,0.548220794812875,0.16977050772030278,51.6165,0.593969,22721.3613,0.899001,22793.0,23487.0,0.41712171032540984,0.7318677531203345,0.07386363636439648,1.0,283.933887893686,310.9252766569792,68.5,101.24153545722476,3342.226777350878,232.0,8885.0,36.73354872244971
237,11.85,282.02508854375117,215.7527675839866,323.7689795343076,165.88915946312719,0.9735071039418866,279.9345478504898,328.52290207382845,328.52290207382845,321.4178371563992,357.01556750050526,28.49266542667681,0.08672961686023854,68.5,68.5,33.98748779296875,105.30384599619487,103.91730842451048,101.2415356585046,104.49624819529546,204.0,0.6428571428571429,3405.4320175386842,22068.02752414225,21714.0,-18308.567982461314,8741.0,9361.0,787.0,0.08407221450699712,2,1,1.6818181818181819,0.8864241348713399,19.796754003461672,4.671562317323063,0.6428571428571429,0.0,0.0,0.0,0.0,24.0,28.0,228.0,0.9857142857142858,58,58,142.43687711487718,0.005030181086519092,111,328.52290207382845,3405.4320175386842,0.03785090670878855,25.599862653514837,634.6268208814446,341.9944612110107,0.4823368769420475,0.1814646738451997,51.7293,0.602607,22702.7402,0.898265,22747.0,23456.0,0.4384924419009668,0.6385491246803345,0.2840909090914966,1.0,279.96485687913787,310.9252766569792,68.5,101.24153545722476,3340.2936254352217,232.0,8885.0,36.73354872244971
238,11.9,282.2213302180047,215.78862771961903,319.83443432383757,160.04941501443113,0.9767217489479627,279.96304958184976,289.2130333498069,289.2130333498069,306.7358116527528,337.4067691097187,48.19373575991182,0.16663749624872842,50.0,50.0,12.393798828125,105.64144473186929,104.30334891141544,101.24222674267301,105.3010285559339,236.0,0.6285714285714286,2290.2156934769723,22098.803338203867,21742.5,-19452.284306523026,9176.0,9743.0,766.0,0.0786205480858052,2,1,1.6363636363636365,0.8861788617886179,19.34587644972415,4.325075155975162,0.6285714285714286,0.0,0.0,0.0,0.0,12.0,12.0,256.0,1.0,70,70,142.49398752569957,0.014285714285714346,98,289.2130333498069,2290.2156934769723,0.1994912129428485,7.0415382722320805,634.6268208814446,341.9944612110107,0.5442785841479033,0.18138133409969914,51.8421,0.611206,22684.1055,0.897527,22711.0,23426.0,0.4383401410603898,0.7262839672107296,0.07386363636439648,1.0,279.9640587944655,310.4619064212803,68.5,101.2415356585046,3340.2936254352217,228.0,8885.0,45.152352324905394
239,11.95,282.66282478238156,215.7034690310739,309.8677116426759,153.28576064788524,0.9758062810616475,279.906448837047,310.4619064212803,310.4619064212803,312.0526284225409,336.740856988974,26.2789505676937,0.08464468594750739,67.0,67.0,33.98748779296875,106.23086212826314,104.23513145984779,101.24153545722476,104.96446114672935,204.0,0.6428571428571429,3342.226777350878,22090.225412261367,21737.5,-18395.27322264912,8885.0,9457.0,752.0,0.07951781748969018,2,1,1.6666666666666667,0.89351403678606,19.43668463024286,4.364351190083015,0.6428571428571429,0.0,0.0,0.0,0.0,24.0,28.0,228.0,0.9857142857142858,63,63,142.0480747002298,0.014285714285714346,105,310.4619064212803,3342.226777350878,0.44963257511999155,12.045023096419454,634.6268208814446,341.9944612110107,0.5107961148095284,0.18154683603386013,51.9549,0.619762,22665.4648,0.89679,22714.0,23409.5,0.4386425907923686,0.6788590687466233,0.26704545454605605,1.0,279.96304958184976,308.1802387618383,68.5,101.2415356585046,3334.871514223849,228.0,8885.0,46.03120342480622
240,12.0,287.29501351430144,211.2025409155553,315.6158694398615,149.6312885169735,0.978161397670549,279.93604724394214,317.6998942537259,317.6998942537259,320.25266777860077,338.3931407309582,20.693246477232265,0.065134571498176,71.0,71.0,27.18133544921875,106.80319623371156,104.87474100699404,101.38348988545945,105.98612374883581,196.0,0.6285714285714286,3834.4701829510323,22084.98356882683,21717.0,-17882.52981704897,9091.0,9616.0,733.0,0.07622712146422629,2,1,1.6666666666666667,0.8985781990521327,19.060492269473894,4.509709557754226,0.6285714285714286,0.0,0.0,0.0,0.0,28.0,28.0,224.0,1.0,63,63,144.28793616938572,0.014285714285714346,108,317.6998942537259,3834.4701829510323,6.458755789561282,6.811496503482655,634.6268208814446,341.9944612110107,0.49939100617829735,0.18146028958281424,52.0677,0.628273,22646.8262,0.896052,22678.0,23397.5,0.43848442979530694,0.6627047608506907,0.3125000000005642,1.0,279.93604724394214,308.1802387618383,68.5,101.2415356585046,3334.871514223849,228.0,8885.0,45.152352324905394
241,12.05,239.28341647715263,236.30837655438162,319.8270207678835,142.84966285283392,0.976882290562036,279.9640587944655,267.2118667793726,267.2118667793726,320.5770118825579,341.21726781391635,74.00540103454375,0.2769540212660069,69.5,69.5,33.98748779296875,106.82043475629888,105.36892782500827,101.24221547575917,105.9811363524697,200.0,0.6428571428571429,3262.704501942074,22118.908953845064,21725.5,-18462.795498057927,8885.0,9430.0,720.0,0.07635206786850478,2,1,1.7,0.9098360655737705,18.42649795555782,4.520511033849225,0.6428571428571429,0.0,0.0,0.0,0.0,24.0,28.0,228.0,0.9857142857142858,60,60,120.65408516287921,0.014285714285714346,91,267.2118667793726,3262.704501942074,54.17948350788627,7.982746529611098,634.6268208814446,341.9944612110107,0.5789464643044282,0.1813783831378264,52.1805,0.636735,22628.1992,0.895315,22674.0,23394.5,0.438334748267659,0.7753878932017745,0.2954545454551236,1.0,279.9345478504898,297.10585301250615,67.0,101.24221547575917,3262.704501942074,228.0,8885.0,45.152352324905394
242,12.1,287.3890687431459,211.29515278952692,308.3193863090168,152.77941219491197,0.9795220436753194,279.96485687913787,313.6232038245536,313.6232038245536,318.79412193690536,344.5003626327952,30.877158808241575,0.09845304311576003,69.0,69.0,33.98748779296875,106.95674105815006,105.43668521041249,101.17430183897596,106.33931149647678,200.0,0.6285714285714286,3334.871514223849,22116.161396206076,21755.5,-18420.62848577615,9211.0,9708.0,707.0,0.07282653481664607,2,1,1.65,0.9104166666666667,17.142823788568904,4.2910838819301285,0.6285714285714286,0.0,0.0,0.0,0.0,24.0,28.0,228.0,0.9857142857142858,77,77,145.3377043575591,0.014285714285714346,106,313.6232038245536,3334.871514223849,54.22006218225277,15.199525414808033,634.6268208814446,341.9944612110107,0.5058147662448985,0.18137604951911934,52.2932,0.645146,22609.5977,0.894579,22644.0,23373.5,0.43833048365071614,0.6718034377086481,0.2897727272733101,1.0,279.906448837047,297.10585301250615,67.0,101.24222674267301,3262.704501942074,228.0,8885.0,45.152352324905394
243,12.15,283.2287441028214,216.13863457004294,321.98583564188783,151.19936047349705,0.9738333872184503,275.92455503021245,308.1802387618383,308.1802387618383,324.45418583115077,353.3325910867437,45.152352324905394,0.14651280856394927,81.5,81.5,32.393798828125,106.95917589457804,105.47206591234706,101.77464807357643,106.32503427631625,176.0,0.6231884057971014,3930.634424639067,22009.142523231243,21621.0,-17690.365575360935,8672.0,9279.0,773.0,0.08330639077486798,2,1,1.6363636363636365,0.888283378746594,16.62616840510049,4.485181839475445,0.6231884057971014,0.0,0.0,0.0,0.0,32.0,36.0,208.0,0.9855072463768116,60,60,141.36183678668812,0.0053830227743271175,104,308.1802387618383,3930.634424639067,6.384952378137359,13.757485264766855,634.6268208814446,341.9944612110107,0.5143914051193089,0.19318998894556094,52.406,0.653503,22591.0234,0.893844,22644.0,23352.5,0.45992009727822036,0.6839514732573895,0.43181818181864806,1.0,275.99104501919203,297.10585301250615,56.0,101.38348988545945,2791.7548341932534,240.0,8923.0,45.152352324905394
244,12.2,283.2287441028214,216.13863457004294,319.38112860583465,158.67390049408715,0.9740032068412614,275.99104501919203,294.79404748011433,294.79404748011433,313.4080457692831,340.82525090492055,46.03120342480622,0.15614699081707648,55.5,55.5,10.78759765625,107.08960703103324,105.50933070955077,100.84721456502645,106.34787800121902,220.0,0.6231884057971014,2685.5102755397975,22011.420665819074,21624.5,-18938.989724460203,8747.0,9355.0,775.0,0.08284339925173703,2,1,1.65,0.9106029106029107,9.01143455241547,4.542342663482325,0.6231884057971014,0.0,0.0,0.0,0.0,12.0,20.0,244.0,0.9710144927536232,63,63,140.56281125351802,0.0,100,294.79404748011433,2685.5102755397975,0.0,7.915380424405892,634.6268208814446,341.9944612110107,0.5354844173294322,0.19299557062444506,52.5188,0.661803,22572.4863,0.893111,22602.0,23317.5,0.45956480373188596,0.7138278229452766,0.13636363636434518,1.0,275.92455503021245,297.10585301250615,57.5,101.77464807357643,2791.7548341932534,236.0,8923.0,45.152352324905394
245,12.25,283.2287441028214,216.13863457004294,314.9403674322491,157.83144652166692,0.9735492010092515,273.94854011156406,297.10585301250615,297.10585301250615,302.54968035713364,336.16321994429063,39.057366931784486,0.13145943284442949,47.0,47.0,11.199951171875,107.58770599404137,105.98884564399626,103.27269283592481,106.97023442525501,236.0,0.6323529411764706,2727.3170083577165,21920.885368674826,21571.5,-18844.182991642283,8883.0,9512.0,802.0,0.08431455004205214,2,1,1.6666666666666667,0.9015296367112811,8.538351836640185,4.609922818794291,0.6323529411764706,0.0,0.0,0.0,0.0,12.0,8.0,252.0,0.9852941176470589,60,60,139.69028526294574,0.009164535379369121,101,297.10585301250615,2727.3170083577165,0.0,4.519965541513726,634.6268208814446,341.9944612110107,0.5318416378938248,0.1989679039201231,52.6316,0.670042,22554.0039,0.89238,22574.0,23295.0,0.4704790604970574,0.7086681543702108,0.03977272727351538,1.0,273.94854011156406,297.10585301250615,56.0,102.31216950194505,2791.7548341932534,240.0,8933.0,45.152352324905394
246,12.3,282.16525124682084,217.49975549106315,319.1330662071511,158.42920049075786,0.9731774838511227,271.95573927423266,285.34958560834076,285.34958560834076,305.59199687441554,338.67615853356216,53.3265729252214,0.18688155026240438,56.0,56.0,11.58758544921875,108.153421703861,105.98671922512953,103.34357459092197,107.41869089804003,220.0,0.6617647058823529,2501.1793457765652,21941.460535543294,21580.0,-19078.820654223433,9099.0,9753.0,833.0,0.08540961755357326,2,1,1.565217391304348,0.8741258741258742,7.619927054433206,4.482024105298899,0.6617647058823529,0.0,0.0,0.0,0.0,16.0,16.0,240.0,1.0,63,63,138.7847794202578,0.02941176470588236,97,285.34958560834076,2501.1793457765652,1.7273295042935872,4.235095373734658,634.6268208814446,341.9944612110107,0.550366331489089,0.20479490132316536,52.7444,0.678218,22535.5781,0.891651,22559.0,23274.0,0.4811277203554773,0.7349067123438063,0.1420454545461587,1.0,271.98218599563603,294.79404748011433,55.5,102.31277340427468,2727.3170083577165,244.0,8923.0,46.03120342480622
247,12.35,286.48462751152294,212.38657291038504,321.0667204144241,151.32037892080044,0.9732301579002405,271.95993859529864,292.62261658762895,292.62261658762895,313.72683471005365,340.74942447939765,48.12680789176869,0.16446715039661539,51.5,51.5,11.58758544921875,108.69842658444033,106.49468562401688,102.38681535286598,108.01157640720055,228.0,0.6176470588235294,2587.9847637601547,21949.478444515167,21531.5,-18943.515236239844,8923.0,9563.0,814.0,0.085119732301579,2,1,1.6666666666666667,0.9034416826003824,7.626226006908965,4.566462540608354,0.6176470588235294,0.0,0.0,0.0,0.0,12.0,12.0,248.0,1.0,64,64,142.43449881513934,0.044117647058823484,99,292.62261658762895,2587.9847637601547,6.693403276317808,7.367113593993001,634.6268208814446,341.9944612110107,0.5389060043488232,0.20478262240773748,52.8571,0.686328,22517.2227,0.890924,22546.0,23271.5,0.48110528101240285,0.7186741924092739,0.09090909090983704,1.0,271.97195240384764,294.79404748011433,54.5,102.38681535286598,2727.3170083577165,244.0,8923.0,46.03120342480622
248,12.4,286.62302022243045,211.9295075974004,311.709590670009,152.0869911554718,0.973765690376569,271.98218599563603,298.19410345350263,298.19410345350263,303.61962268505056,337.450391191986,39.256287738483366,0.131646760562469,48.5,48.5,12.79376220703125,108.76681191344555,107.43392676028316,102.31277340427468,108.01168160171318,232.0,0.6176470588235294,2791.7548341932534,21941.986389607042,21539.5,-18747.745165806748,8933.0,9560.0,804.0,0.08410041841004184,2,1,1.7,0.9094650205761317,7.766917337811135,4.740395362732162,0.6176470588235294,0.0,0.0,0.0,0.0,12.0,12.0,248.0,1.0,66,66,141.68708208529915,0.0,101,298.19410345350263,2791.7548341932534,0.4775575805764954,9.38848078083805,634.6268208814446,341.9944612110107,0.5301268499189249,0.20471757047602313,52.9699,0.694369,22498.9492,0.890201,22515.0,23247.0,0.48098640059320136,0.7062393118384597,0.056818181818955926,1.0,271.95993859529864,294.79404748011433,54.5,102.38732614511818,2727.3170083577165,244.0,8883.0,46.03120342480622
249,12.45,286.75366677191096,211.9199437658636,320.64423807582517,151.01290993584968,0.9751889820855338,271.9578663078603,285.1610468716564,285.1610468716564,309.5322127530357,336.9990843901307,51.838037518474266,0.18178512839379923,57.5,57.5,12.79376220703125,108.77783117582409,107.46056603471743,102.31216950194505,108.01142570273996,216.0,0.6470588235294118,2261.407412768526,21922.2987882139,21597.5,-19336.092587231473,9058.0,9657.0,788.0,0.08159884021952987,2,1,1.65,0.9124472573839663,6.953538293618603,4.5547108366348725,0.6470588235294118,0.0,0.0,0.0,0.0,16.0,20.0,236.0,0.9852941176470589,66,66,141.69186524256372,0.02941176470588236,97,285.1610468716564,2261.407412768526,0.13099613644999553,8.998976315815188,634.6268208814446,341.9944612110107,0.550663417478021,0.20478868182586674,53.0827,0.702338,22480.7617,0.889482,22527.0,23253.5,0.48111635441404266,0.7353275078567604,0.15909090909159923,1.0,271.9578663078603,294.79404748011433,51.5,102.42774523007432,2727.3170083577165,244.0,8923.0,46.03120342480622
250,12.5,287.57750791221724,211.34193223501615,314.1066397425439,148.56986296186417,0.9736028047020004,269.98461966297094,305.16067501628135,305.16067501628135,307.0761670107201,323.83441333765546,18.673738321374117,0.06119313479817742,44.5,44.5,18.7813720703125,108.8400440052167,107.47219744511992,103.31001267207964,108.14160678225977,236.0,0.6268656716417911,2904.5486780513497,21862.455157706867,21570.5,-18665.95132194865,9058.0,9698.0,832.0,0.08579088471849866,2,1,1.6666666666666667,0.8933333333333333,6.478664598830526,4.827435344911386,0.6268656716417911,0.0,0.0,0.0,0.0,8.0,8.0,252.0,1.0,64,64,142.38637281183003,0.02019315188762072,103,305.16067501628135,2904.5486780513497,1.0063853905208338,6.979159726243677,634.6268208814446,341.9944612110107,0.5191494198237033,0.21055850230161954,53.1955,0.710232,22462.6758,0.888766,22506.0,23225.0,0.49166052518342723,0.6906907720219525,0.011363636364447791,1.0,271.95573927423266,292.62261658762895,51.5,103.27269283592481,2791.7548341932534,244.0,8923.0,43.26404460055585
251,12.55,282.6974716268229,216.74770428632976,311.495229240416,151.78943905589924,0.9746079163554892,271.97195240384764,290.2780372846447,290.2780372846447,326.8094954735155,348.6864158682125,58.40837858356781,0.20121528700530983,49.5,49.5,12.79376220703125,108.91041052328748,107.52777519095055,102.42774523007432,108.11871236108463,228.0,0.6176470588235294,2552.4960443056875,21931.13363591368,21546.5,-18994.003955694312,8778.0,9373.0,773.0,0.08247092713112131,2,1,1.65,0.8998978549540347,6.2509684065672,4.63366266821221,0.6176470588235294,0.0,0.0,0.0,0.0,12.0,12.0,248.0,1.0,60,60,137.91236745617633,0.00921861281826164,98,290.2780372846447,2552.4960443056875,7.282659240794453,4.145495752730427,634.6268208814446,341.9944612110107,0.542600426371088,0.2047474937436461,53.3083,0.718048,22444.6992,0.888055,22493.0,23198.5,0.48104108445123833,0.7239070080513583,0.06818181818258297,1.0,269.98461966297094,290.2780372846447,51.5,103.31001267207964,2791.7548341932534,244.0,8923.0,48.12680789176869
252,12.6,243.6414267825062,236.2995791282811,313.08779698837134,148.94896221419603,0.971222104144527,267.9494707066095,259.4037749768802,259.4037749768802,348.44738402779717,377.2147207598374,117.81094578295722,0.4541604908928458,54.5,54.5,29.16278076171875,109.29305858259329,107.5227669887467,102.38732614511818,108.35561822763752,220.0,0.6268656716417911,3059.6697995674704,21871.551895218556,21495.0,-18435.33020043253,8733.0,9410.0,849.0,0.0902231668437832,2,1,1.5909090909090908,0.8673376029277219,5.860860760885473,4.688788731987991,0.6268656716417911,0.0,0.0,0.0,0.0,12.0,16.0,240.0,0.9850746268656716,63,63,122.03674871755221,0.00921861281826164,88,259.4037749768802,3059.6697995674704,43.67665793895645,3.256467521729609,634.6268208814446,341.9944612110107,0.5912499023968296,0.21650932661951916,53.4211,0.725783,22426.8438,0.887348,22478.0,23183.0,0.5025354749483683,0.7928146037706634,0.12500000000071812,1.0,267.9907393881317,292.62261658762895,51.5,103.31001267207964,2904.5486780513497,244.0,8785.0,43.26404460055585
253,12.65,282.7667550904524,216.7804188507165,315.98600577394893,145.32115514623354,0.9717468902109248,267.9907393881317,303.05052713810926,303.05052713810926,324.7845303585194,346.3145717386651,43.26404460055585,0.14276181932143323,103.5,103.5,27.18133544921875,109.36884707156246,107.52693009429612,104.15494467513916,108.35652208994067,84.0,0.6268656716417911,3746.37653385765,21859.309459235996,21478.5,-17732.12346614235,8592.0,9245.0,833.0,0.09010275824770146,2,1,1.7,0.8652482269503546,6.162162973737592,4.6190898840155405,0.6268656716417911,4.0,4.0,4.0,4.0,44.0,44.0,172.0,1.0,63,63,137.82877807807546,0.0,103,303.05052713810926,3746.37653385765,43.72400865823986,4.643339131181113,634.6268208814446,341.9944612110107,0.5224744414092097,0.21638865600580193,53.5338,0.733434,22409.1211,0.886647,22442.0,23170.5,0.5023149530858202,0.6954003652568478,0.6818181818184428,1.0,267.97959681740025,290.2780372846447,50.5,103.38586237336045,2904.5486780513497,244.0,8785.0,39.256287738483366
254,12.7,286.04340278858876,212.92334280509107,304.5727188444265,149.69765297834525,0.9746767352849901,267.97959681740025,301.86921281505545,301.86921281505545,309.02198260610794,339.3017509578401,37.432538142784665,0.12400250357998002,50.0,50.0,27.9998779296875,109.60238507042737,108.07805915703811,103.3877737171185,109.04620205709566,224.0,0.6268656716417911,3170.7001873328986,21897.515295542984,21501.0,-18330.2998126671,9055.0,9667.0,812.0,0.08399710354815351,2,1,1.619047619047619,0.8902912621359224,6.81833414330016,4.4858296312685,0.6268656716417911,0.0,0.0,0.0,0.0,12.0,12.0,244.0,1.0,70,70,140.0466740754941,0.0,102,301.86921281505545,3170.7001873328986,5.0609737955693594,12.223618605392023,634.6268208814446,341.9944612110107,0.5243358728586607,0.2164212371496369,53.6466,0.740998,22391.541,0.885952,22425.0,23146.5,0.5023744941314906,0.6980369150464097,0.07386363636439648,1.0,267.95914435658113,290.2780372846447,54.5,103.3877737171185,3059.6697995674704,240.0,8784.0,37.432538142784665
255,12.75,286.45485321937224,212.00642908273463,319.77795792545044,150.29747584412297,0.9745442916533419,267.95914435658113,289.8123441622763,289.8123441622763,314.6024767071905,320.83317215613806,31.020827993861758,0.10703763527923464,60.5,60.5,12.393798828125,110.05343556746351,108.42412862398537,103.3885599369106,109.32750005832962,208.0,0.6417910447761194,3184.958977342147,21898.323900017418,21466.0,-18281.041022657853,8784.0,9381.0,785.0,0.08367977827523718,2,1,1.6666666666666667,0.9083585095669687,7.028944292018161,4.516384268640984,0.6417910447761194,0.0,0.0,0.0,0.0,16.0,20.0,232.0,0.9850746268656716,62,62,140.14474450154628,0.01492537313432829,98,289.8123441622763,3184.958977342147,1.0049986225052505,15.217065518075664,634.6268208814446,341.9944612110107,0.5433342326128752,0.21648104063518658,53.7594,0.748473,22374.1172,0.885262,22416.0,23131.0,0.502483783175559,0.7249463784202934,0.19318181818248034,1.0,267.9494707066095,301.86921281505545,51.0,103.3885599369106,3059.6697995674704,240.0,8778.0,31.020827993861758
256,12.8,285.5189093894418,213.8462592591647,319.582760014965,150.05856116798114,0.975869076906621,267.9016263072678,289.88702196028004,289.88702196028004,296.86829055353485,338.6389482801351,48.751926319855045,0.16817560851873864,50.5,50.5,12.393798828125,110.05757509840996,108.49996108366639,104.30722293601356,109.36952611174388,224.0,0.6268656716417911,2421.4271938750016,21869.988360818195,21471.5,-19050.072806124997,8785.0,9349.0,760.0,0.08129211680393625,2,0,1.619047619047619,0.8961165048543689,7.147058086062708,4.6076782491869785,0.6268656716417911,0.0,0.0,0.0,0.0,12.0,12.0,244.0,1.0,66,66,139.34733041154794,0.01492537313432829,98,289.88702196028004,2421.4271938750016,2.064210728314241,0.30851652586828393,634.6268208814446,341.9944612110107,0.5432165606274713,0.21664922478971838,53.8722,0.755854,22356.8555,0.884579,22406.0,23123.5,0.5027911345833783,0.7247797066642931,0.07954545454621,1.0,267.9112810944135,290.2780372846447,51.0,104.15494467513916,3059.6697995674704,240.0,8733.0,37.432538142784665
257,12.85,285.4305812637562,213.77316539636604,319.52124328200296,152.33965524982628,0.9724935732647815,263.9140584986452,311.02296877720147,311.02296877720147,291.4573316580523,334.100117096461,23.07714831925955,0.0741975694270691,104.5,104.5,26.393798828125,110.66576176556197,109.36969003066298,104.30720070092562,109.52478024278977,80.0,0.6363636363636364,3772.376527063119,21753.789959256806,21387.5,-17615.12347293688,8694.0,9336.0,836.0,0.0895458440445587,2,0,1.619047619047619,0.895771878072763,8.006535148412052,4.671211956220245,0.6363636363636364,0.0,4.0,0.0,4.0,44.0,48.0,168.0,0.9696969696969697,64,64,137.59103555455323,0.009497964721845276,105,311.02296877720147,3772.376527063119,0.11464977351025923,2.2819234252409184,634.6268208814446,341.9944612110107,0.5099120324835686,0.22830896861861705,53.985,0.76314,22339.7734,0.883903,22393.0,23102.0,0.5240989604638957,0.6776068458559272,0.6931818181820698,1.0,267.9016263072678,301.86921281505545,54.5,104.15494467513916,3170.7001873328986,236.0,8733.0,37.432538142784665
258,12.9,285.5476947212387,213.8687896473491,317.49388290610193,157.40169465882667,0.9778124026176379,267.9112810944135,287.193377411687,287.193377411687,302.2821637216006,311.1573099999537,23.963932588266744,0.08344180079721977,50.5,50.5,12.79376220703125,110.75652691290772,109.41786881585558,103.38586237336045,110.0753550533101,224.0,0.6119402985074627,2271.108010079439,21873.95306791788,21514.5,-19243.39198992056,9093.0,9627.0,731.0,0.07593227381323361,2,0,1.6,0.9084210526315789,7.2675727450651815,4.632440748351936,0.6119402985074627,0.0,0.0,0.0,0.0,12.0,12.0,244.0,1.0,70,70,138.37986451858467,0.024423337856173677,97,287.193377411687,2271.108010079439,0.1511937806246613,5.452928852648508,634.6268208814446,341.9944612110107,0.5474610149429251,0.21662099396074097,54.0977,0.770327,22322.873,0.883235,22374.0,23077.0,0.5027395436052967,0.7307915934493349,0.07954545454621,1.0,263.91805509681035,302.11497913121343,60.5,104.30606115523176,3184.958977342147,232.0,8784.0,37.432538142784665
259,12.95,281.6390891636854,218.69356793529556,313.34644552590555,146.79363102869524,0.971554032344436,261.96178133718746,302.11497913121343,302.11497913121343,294.93214931815197,331.7848957517838,29.669916620570348,0.09820736696304033,103.5,103.5,26.393798828125,110.72532578699982,109.55029201616419,104.34664354174538,110.0284376646664,92.0,0.6153846153846154,3674.9589693106773,21679.562984522177,21333.5,-17658.541030689325,8673.0,9337.0,850.0,0.0910356645603513,2,0,1.5454545454545454,0.8766603415559773,8.460295403149455,4.937919808407273,0.6153846153846154,0.0,4.0,0.0,4.0,44.0,44.0,168.0,0.9846153846153847,61,61,133.4390170902777,0.003444316877152742,102,302.11497913121343,3674.9589693106773,6.209322260309582,11.390006619996642,634.6268208814446,341.9944612110107,0.5239486117028579,0.23401747382231153,54.2105,0.777412,22306.1758,0.882574,22361.0,23072.0,0.5345310794455217,0.6974883945413229,0.6818181818184428,1.0,263.9164144288284,301.86921281505545,60.5,104.30686864163769,3184.958977342147,232.0,8785.0,34.381681735037716
260,13.0,286.6646877624155,212.40992863111677,308.34482634984346,150.40159020264144,0.9707306620955646,259.96812392445537,304.41838680455754,304.41838680455754,314.16353565328063,331.58846669652456,27.17007989196702,0.08925242715188138,51.0,51.0,27.9998779296875,110.8066085770949,109.56968336224767,104.34660663624021,110.08425327271942,224.0,0.6153846153846154,3006.105385874785,21676.005623720568,21277.0,-18270.894614125216,8651.0,9334.0,878.0,0.09406470966359545,2,0,1.5217391304347827,0.8753339269813001,8.470029515513588,4.956487880861894,0.6153846153846154,0.0,0.0,0.0,0.0,12.0,12.0,236.0,1.0,60,60,136.70494569447578,0.0,103,304.41838680455754,3006.105385874785,8.046164563354289,6.167135784398994,634.6268208814446,341.9944612110107,0.5203190650188005,0.23984697587235204,54.3233,0.784393,22289.6914,0.881922,22346.0,23043.0,0.5451843164698651,0.692347468965536,0.08522727272802351,1.0,263.91602812298413,294.75242551354467,63.0,104.30720070092562,3301.3790285195005,224.0,8784.0,34.381681735037716
261,13.05,282.5690536856165,217.76329685232304,319.17008899696884,150.16874292251035,0.9746408899449184,263.91602812298413,275.8245417393789,275.8245417393789,301.4258416015386,330.0839779521596,54.25943621278071,0.19671721693296373,51.0,51.0,12.393798828125,110.8110581901212,109.50464047909618,104.38596276005265,110.13623247392171,220.0,0.6212121212121212,1986.6779236573511,21791.797554849345,21411.0,-19424.32207634265,8672.0,9259.0,766.0,0.08273031644886057,2,0,1.55,0.8838526912181303,7.629395790080027,4.8247894637585675,0.6212121212121212,0.0,0.0,0.0,0.0,12.0,12.0,240.0,1.0,60,60,134.85173208572692,0.005827505827505797,94,275.8245417393789,1986.6779236573511,6.740383505621795,10.827766585732837,634.6268208814446,341.9944612110107,0.5653752210530887,0.22830320938985071,54.4361,0.791266,22273.4219,0.881278,22335.0,23024.0,0.524088435649152,0.7561654509523076,0.08522727272802351,1.0,263.9140584986452,294.75242551354467,66.0,104.30722293601356,3396.6341968442357,220.0,8785.0,34.381681735037716
262,13.1,268.984597006267,161.89671730007242,270.2764656523665,149.22422448811358,0.9726599186058645,259.9598345039904,492.73931847628603,492.73931847628603,300.9997642709071,325.987463487977,166.75185498830905,0.3384180006254855,63.0,63.0,32.78131103515625,111.20301745972833,109.59249138462162,103.47093209819887,109.61264733870135,204.0,0.6153846153846154,5214.6044488847,21710.323652467883,10555.5,-5340.8955511153,8928.0,9583.0,847.0,0.08838568298027757,2,0,1.5454545454545454,0.8812260536398467,8.659075677458924,4.759754908303217,0.6153846153846154,0.0,0.0,0.0,0.0,16.0,20.0,224.0,0.9846153846153847,64,64,159.27145781386113,0.005827505827505797,166,492.73931847628603,5214.6044488847,57.49445342066545,48.902745514303795,634.6268208814446,341.9944612110107,0.22357627780069,0.23987121433643588,54.5489,0.798029,22257.3906,0.880644,22311.0,23005.5,0.545228611522989,0.27203807029028915,0.2215909090915479,1.0,261.99543153805996,294.75242551354467,66.0,104.34660663624021,3396.6341968442357,220.0,8792.0,34.381681735037716
263,13.15,269.0108015013943,161.8610447122318,270.55236401320496,148.99479656035749,0.9764005527798447,263.91805509681035,510.5026896303411,510.5026896303411,301.33114729068404,335.81044026411575,174.69224936622533,0.3421965308208686,67.0,67.0,33.98748779296875,111.20138010219915,110.14185291779651,104.30606115523176,110.36756699265577,196.0,0.6212121212121212,5683.409163516331,21790.881249345457,8969.5,-3286.0908364836687,8852.0,9407.0,739.0,0.078558520250877,2,0,1.6,0.9176346356916578,7.9954081875149585,4.73237142790046,0.6212121212121212,0.0,0.0,0.0,0.0,20.0,24.0,220.0,0.9848484848484849,64,64,158.39458566361762,0.005827505827505797,172,510.5026896303411,5683.409163516331,0.04426295390193962,0.3588273673339534,634.6268208814446,341.9944612110107,0.1955860155401331,0.2282972824698093,54.6617,0.804677,22241.6074,0.880019,22287.0,22983.0,0.5240776043837225,0.23239238788032396,0.26704545454605605,1.0,261.96178133718746,294.64740192437716,66.0,104.34664354174538,3392.7387298676686,220.0,8852.0,34.381681735037716
264,13.2,282.52591047887324,217.72340754116414,306.2556433641745,150.28621277650478,0.9766448064311403,263.9164144288284,294.75242551354467,294.75242551354467,305.78474002129485,329.1341072485824,34.381681735037716,0.1166459671201511,66.0,66.0,34.3751220703125,111.28479561336496,110.11585704523927,104.30686864163769,110.55774348290777,196.0,0.6212121212121212,3413.171160562199,21776.727118885487,21430.5,-18017.3288394378,8902.0,9454.0,727.0,0.07689866723080177,2,0,1.6,0.9176470588235294,7.677607403743003,4.533041924956545,0.6212121212121212,0.0,0.0,0.0,0.0,20.0,24.0,220.0,0.9848484848484849,65,65,133.77848905012058,0.0,100,294.75242551354467,3413.171160562199,57.47400935644226,35.72662749626243,634.6268208814446,341.9944612110107,0.5355500022766801,0.22830207982230488,54.7744,0.81121,22226.0781,0.879405,22260.0,22973.0,0.5240863713989472,0.7139207181087897,0.255681818182429,1.0,259.96812392445537,294.75242551354467,66.0,104.34664354174538,3396.6341968442357,220.0,8792.0,34.381681735037716
265,13.25,255.60396146308443,243.59081117282258,308.89179445308486,150.05610731243192,0.9758813413585554,261.99543153805996,261.1081345293253,261.1081345293253,317.5569766592503,350.05168903968774,88.94355451036245,0.3406387727854304,66.5,66.5,35.581298828125,111.28687650464872,110.28951245303122,105.38097204928619,110.5732813790824,192.0,0.6307692307692307,3301.3790285195005,21665.68129614759,21343.5,-18042.1209714805,8743.0,9304.0,747.0,0.08028804815133277,2,0,1.55,0.8802336903602727,7.449976535649729,4.743528456701834,0.6307692307692307,0.0,0.0,0.0,0.0,20.0,24.0,216.0,0.9846153846153847,64,64,124.4886771063297,0.009557109557109533,89,261.1081345293253,3301.3790285195005,37.335156480880975,2.6461748030240746,634.6268208814446,341.9944612110107,0.5885642933170276,0.2339190798285803,54.8872,0.817623,22210.8184,0.878801,22239.0,22965.5,0.5343512674259028,0.7890106806897,0.26136363636424254,1.0,259.9598345039904,294.64740192437716,65.0,104.34660663624021,3392.7387298676686,220.0,8852.0,46.6600620483448
266,13.3,282.54816631042513,217.74389951654234,303.68135679749287,149.12166820487568,0.9749035956227201,259.924547759517,291.5556136518501,291.5556136518501,303.1548299022569,321.29929049243333,29.743676840583248,0.10201716395726997,67.5,67.5,34.3751220703125,111.36334142003523,110.21296745733409,104.42236499591608,111.0565512238797,192.0,0.6307692307692307,3396.6341968442357,21688.556033900622,21336.0,-17939.365803155764,8993.0,9595.0,788.0,0.08212610734757686,2,0,1.55,0.892623716153128,7.301878801412637,4.709587820842962,0.6307692307692307,0.0,0.0,0.0,0.0,20.0,24.0,216.0,0.9846153846153847,68,68,133.95630997974044,0.0,99,291.5556136518501,3396.6341968442357,37.33701939125583,5.293565623333808,634.6268208814446,341.9944612110107,0.540587312009752,0.23997439362287365,55.0,0.823913,22195.8379,0.878208,22210.0,22942.5,0.5454171685189362,0.7210556130954443,0.27272727272786956,1.0,259.94496150447003,293.6547394560025,65.0,104.38596276005265,3392.7387298676686,220.0,8852.0,46.6600620483448
267,13.35,282.54816631042513,217.74389951654234,311.51192455527183,147.81317412782394,0.9748854066730626,259.9277265786951,275.6086856529265,275.6086856529265,292.4470080434527,322.2687477012713,46.6600620483448,0.16929822780369022,50.0,50.0,12.393798828125,111.36396193963272,110.36704641293305,104.42479427917775,110.5789479557238,220.0,0.6153846153846154,2368.6304378571263,21677.8589015245,21330.5,-18961.869562142874,8792.0,9381.0,768.0,0.0818676047329709,2,0,1.55,0.8903717826501429,7.938961106256351,4.706984412420793,0.6153846153846154,0.0,0.0,0.0,0.0,12.0,12.0,236.0,1.0,67,67,132.86471700771557,0.01538461538461533,94,275.6086856529265,2368.6304378571263,0.0,7.939140265724429,634.6268208814446,341.9944612110107,0.5657153517871674,0.23996509867942095,55.1128,0.830079,22181.1523,0.877627,22212.0,22936.0,0.5454001822935467,0.7566472154651093,0.07386363636439648,1.0,259.9420914387354,293.6547394560025,65.0,104.30686978055479,3392.7387298676686,220.0,8852.0,46.6600620483448
268,13.4,282.54816631042513,217.74389951654234,307.006138785992,149.35766909691827,0.9759331711959396,259.94496150447003,294.64740192437716,294.64740192437716,284.2724629435244,308.4412070843545,13.793805159977353,0.04681461662274425,67.5,67.5,34.3751220703125,112.18673205906353,110.60109728612494,104.42424069999353,110.60109728612494,192.0,0.5846153846153846,3392.7387298676686,21706.092806921828,21347.0,-17954.26127013233,8888.0,9457.0,747.0,0.07898910859680659,2,0,1.55,0.8821811100292113,8.085575295898709,4.61699821508689,0.5846153846153846,0.0,0.0,0.0,0.0,20.0,24.0,216.0,0.9846153846153847,68,68,132.9569460317583,0.03076923076923077,100,294.64740192437716,3392.7387298676686,0.0,4.763147080261369,634.6268208814446,341.9944612110107,0.5357154910107076,0.2399147033434441,55.2256,0.836115,22166.7695,0.877058,22199.0,22909.0,0.5453080863555965,0.7141551179772369,0.27272727272786956,1.0,259.94016546494913,291.5556136518501,65.0,104.3873547607381,3325.3716238838447,220.0,8792.0,46.6600620483448
269,13.45,281.22452997909136,218.81855920551484,310.7344289540921,147.84332950998993,0.9758415412923476,259.9420914387354,296.56781979543973,296.56781979543973,304.6348931772825,328.0307364120076,31.462916616567895,0.10609012346069685,65.0,65.0,30.79986572265625,112.20655325992192,110.61415172723764,104.30564725038701,110.61415172723763,200.0,0.6153846153846154,3613.5481109331845,21694.735169362804,21330.0,-17716.451889066815,8681.0,9239.0,743.0,0.08041995887000758,2,0,1.6,0.926673751328374,8.048383664512253,4.582331844746555,0.6153846153846154,0.0,0.0,0.0,0.0,20.0,24.0,216.0,0.9846153846153847,67,67,131.76600650509553,0.03076923076923077,100,296.56781979543973,3613.5481109331845,1.704965273760497,4.024098900634798,634.6268208814446,341.9944612110107,0.5326894325337033,0.23992309548442925,55.3383,0.842021,22152.7031,0.876502,22166.0,22900.0,0.5453234227370384,0.7098689790258933,0.244318181818802,1.0,259.9277265786951,291.5556136518501,63.5,104.42236499591608,3325.3716238838447,220.0,8792.0,45.032160711058
270,13.5,281.2611276896389,218.83943902277417,311.60077672073817,146.60809450655702,0.9773481246698363,259.94016546494913,272.3463113489991,272.3463113489991,300.8367665493019,334.80383509425195,62.45752374525284,0.22933126369835954,55.5,55.5,13.99993896484375,112.54178327805357,110.61464175868574,103.8484331010867,110.61464175868574,208.0,0.5846153846153846,2436.552507892531,21681.81867671063,21345.0,-18908.44749210747,8929.0,9465.0,733.0,0.07744321183306921,2,0,1.6,0.9268817204301075,7.924457264210408,4.6360799892550695,0.5846153846153846,0.0,0.0,0.0,0.0,16.0,16.0,228.0,1.0,73,73,130.72875528579058,0.03076923076923077,92,272.3463113489991,2436.552507892531,0.042135011405058355,1.508762395633761,634.6268208814446,341.9944612110107,0.57085597017357,0.23992872707793367,55.4511,0.847792,22138.9688,0.875958,22175.0,22889.0,0.5453337143022375,0.7639284378431269,0.13636363636434518,1.0,259.924547759517,275.6086856529265,62.5,104.42236499591608,3301.3790285195005,220.0,8743.0,46.6600620483448
271,13.55,281.9050359270502,217.90742191519547,306.7736345016368,150.01541967936953,0.9747133966590239,257.9604420144053,293.6547394560025,293.6547394560025,326.25395768742567,338.6869001670605,45.032160711058,0.15335070291894623,62.5,62.5,35.150390625,112.56876662675414,110.61104997091788,104.3873547607381,110.61104997091786,200.0,0.59375,3272.5690660766445,21576.375477488065,21282.5,-18009.930933923355,8580.0,9159.0,759.0,0.0828693088765149,2,0,1.55,0.8891050583657587,8.157256447320446,4.730300392683552,0.59375,0.0,0.0,0.0,0.0,16.0,20.0,220.0,0.984375,63,63,131.22340372121,0.009134615384615352,99,293.6547394560025,3272.5690660766445,1.1328167137827403,5.908567240601774,634.6268208814446,341.9944612110107,0.5372796582279014,0.24571748588862774,55.5639,0.853426,22125.5684,0.875428,22169.0,22866.0,0.5559124943005483,0.716370619788248,0.2159090909097344,1.0,257.9604420144053,291.5556136518501,62.5,104.3873547607381,3325.3716238838447,220.0,8789.0,45.032160711058
272,13.6,281.7521533132713,217.91218095603614,312.2582600267763,145.32135162611192,0.9732495122479948,255.95164644422755,272.23709353629124,272.23709353629124,296.44688439360743,336.1577797040774,63.92068616778619,0.23479785703510342,50.0,50.0,13.181396484375,112.68839500897394,111.14890742954618,104.30686978055479,111.13303797824526,220.0,0.5625,2410.475571415666,21594.27841921814,21236.0,-18825.524428584333,8609.0,9226.0,788.0,0.08541079557771515,2,0,1.5454545454545454,0.8992537313432836,8.461626473718626,4.646690549187376,0.5625,0.0,0.0,0.0,0.0,12.0,8.0,236.0,0.984375,64,64,131.18056636601804,0.03125,92,272.23709353629124,2410.475571415666,0.1529566672806104,7.219099115514726,634.6268208814446,341.9944612110107,0.5710280678680169,0.2515912522738042,55.6767,0.85892,22112.5234,0.874912,22169.0,22856.0,0.5666466230459822,0.7641721987080311,0.07386363636439648,1.0,255.98548989321057,293.6547394560025,61.5,104.30686978055479,3325.3716238838447,220.0,8742.0,46.6600620483448
273,13.65,247.2422272127186,237.29389547174722,312.67477344647875,143.6652662586671,0.973700770315721,255.87400576163301,256.0109671900086,256.0109671900086,288.80712033788916,327.7059574501141,71.6949902601055,0.2800465583448784,63.5,63.5,30.79986572265625,112.62877439293888,111.36416666743422,105.30229437746593,111.34773570539255,196.0,0.5625,3325.3716238838447,21591.816422891854,21237.0,-17911.628376116154,8611.0,9217.0,786.0,0.08527720516437018,2,0,1.5454545454545454,0.8992395437262357,8.188380444464732,5.01034591503174,0.5625,0.0,0.0,0.0,0.0,20.0,20.0,216.0,1.0,70,70,116.78850565946657,0.0,87,256.0109671900086,3325.3716238838447,39.580119467153395,1.7076598528562676,634.6268208814446,341.9944612110107,0.5965960486283413,0.25181827549026103,55.7895,0.864271,22099.8418,0.87441,22157.0,22854.0,0.5670615010431392,0.8003869378073624,0.22727272727336145,1.0,255.95881734131234,293.6547394560025,62.5,104.30564725038701,3332.621092921056,220.0,8742.0,45.032160711058
274,13.7,280.751830422829,219.8031448181396,317.43860748518796,163.08328640725261,0.9754999476494608,255.87665228602503,307.0800327858901,307.0800327858901,285.3502135505835,314.41498141490086,7.334948629010739,0.023886113865713283,61.0,61.0,35.581298828125,112.63346152573875,111.36419687636845,105.30243550569949,111.34780975045251,204.0,0.5625,3455.015528217623,21592.56339228418,21239.5,-17784.484471782376,8966.0,9551.0,768.0,0.08041042822741075,2,0,1.55,0.896817743490839,7.761880861238877,4.791781844872834,0.5625,0.0,0.0,0.0,0.0,16.0,20.0,220.0,0.984375,70,70,129.34298453801335,0.0,104,307.0800327858901,3455.015528217623,37.79973367268237,19.993839582212264,634.6268208814446,341.9944612110107,0.5161250317794934,0.2518105369895185,55.9023,0.869476,22087.5273,0.873923,22149.0,22838.0,0.5670473591692852,0.6864069990880273,0.19886363636429386,1.0,255.95164644422755,291.97146734412013,62.5,104.30564725038701,3325.3716238838447,220.0,8681.0,62.45752374525284
275,13.75,281.9444082504524,217.94539148127748,316.4756407161959,148.9182853474263,0.9755961331901182,255.95881734131234,273.2103268545098,273.2103268545098,296.5808348507945,342.3356481536659,69.1253212991561,0.2530113780653935,51.0,51.0,14.3875732421875,112.69484307726515,111.36409063033219,103.46816075255714,111.3324742180707,216.0,0.5625,2198.734767289162,21595.28765312097,21222.0,-19023.265232710837,8742.0,9310.0,751.0,0.08066595059076262,2,0,1.5238095238095237,0.9096509240246407,8.693828511945041,4.67071727839181,0.5625,0.0,0.0,0.0,0.0,12.0,12.0,232.0,1.0,65,65,130.37261124086757,0.0,93,273.2103268545098,2198.734767289162,2.20759809194546,14.197695588477162,634.6268208814446,341.9944612110107,0.5694945157296645,0.25157028439888773,56.015,0.874547,22075.5586,0.873449,22124.0,22825.0,0.5666083048947124,0.762000060395418,0.08522727272802351,1.0,255.94133856858005,291.97146734412013,62.5,104.30686978055479,3325.3716238838447,220.0,8678.0,62.45752374525284
276,13.8,284.54103325998864,214.06077045052982,307.09082046234744,148.9776019681487,0.976,255.98548989321057,296.7806096792465,296.7806096792465,290.7835260847034,324.78519600605404,28.004586326807555,0.09436123996468049,65.0,65.0,33.55657958984375,112.81246256205958,111.42610256801927,103.46598716863181,111.34820981243132,196.0,0.59375,3373.3656416039007,21589.83920583635,21232.0,-17858.6343583961,8789.0,9350.0,746.0,0.0797860962566845,2,0,1.6,0.9327641408751334,8.147597131740559,4.567759880943053,0.59375,0.0,0.0,0.0,0.0,20.0,24.0,212.0,0.984375,65,65,132.48026676492336,0.03125,100,296.7806096792465,3373.3656416039007,4.672551978595438,9.385007706898207,634.6268208814446,341.9944612110107,0.5323541333046048,0.25149229321796684,56.1278,0.87949,22063.9043,0.872988,22118.0,22819.5,0.5664657783926156,0.7093940579042046,0.244318181818802,1.0,255.90168482476264,293.4957691776578,63.0,104.3873547607381,3332.621092921056,216.0,8632.0,45.032160711058
277,13.85,207.81689613497502,235.76367137601574,222.391550260494,239.49236129648017,0.9755901229196127,255.90168482476264,469.7470911687302,469.7470911687302,312.3049744703011,340.770687254058,128.97640391467223,0.2745656255023934,61.5,61.5,35.150390625,112.79916720945417,111.44401941965643,103.38972900091898,111.34824853749112,196.0,0.59375,4994.429008100658,21581.94495747412,9944.5,-4950.070991899342,8632.0,9193.0,743.0,0.08082236484281519,2,0,1.6,0.9311827956989247,7.658116114040706,4.742490709045928,0.59375,0.0,0.0,0.0,0.0,16.0,20.0,220.0,0.984375,65,65,209.00218205891343,0.0,158,469.7470911687302,4994.429008100658,79.73461686218445,123.9632527364152,634.6268208814446,341.9944612110107,0.25980580127973474,0.2517373412463799,56.2406,0.88431,22052.5508,0.872539,22112.0,22810.0,0.566913596183333,0.3233539232231374,0.20454545454610737,1.0,255.87665228602503,291.97146734412013,63.0,105.21214375350792,3332.621092921056,216.0,8678.0,49.0417171349647
278,13.9,284.5249823487217,214.04812740196795,302.0262328908427,148.21947427437118,0.977418331747542,255.94133856858005,291.97146734412013,291.97146734412013,285.46379451220434,313.91376673977703,21.942299395656903,0.07515220440973952,65.0,65.0,32.78131103515625,112.80360530513539,111.44329253406684,103.46840735359793,111.34828125545954,192.0,0.59375,3332.621092921056,21610.03014513338,21192.0,-17859.378907078943,8925.0,9459.0,723.0,0.07643514113542658,2,0,1.631578947368421,0.9441340782122905,8.290567346752864,4.53229548425418,0.59375,0.0,0.0,0.0,0.0,16.0,24.0,216.0,0.96875,71,71,131.3782350367955,0.0,99,291.97146734412013,3332.621092921056,79.72261498887501,121.12977579021204,634.6268208814446,341.9944612110107,0.5399320392122795,0.25162139274921125,56.3534,0.889009,22041.4961,0.872102,22084.0,22798.0,0.5667017038446134,0.7201274782684587,0.244318181818802,1.0,255.87400576163301,291.97146734412013,63.0,105.29571045501157,3332.621092921056,216.0,8678.0,49.0417171349647
279,13.95,244.27231846349696,240.68293759449077,311.05243121121913,143.8387924641544,0.9722283447211815,251.9673861407112,249.50943922321648,249.50943922321648,285.6687615918494,336.07920065616224,86.56976143294577,0.34695986533599077,63.0,63.0,30.78759765625,112.83660189554234,111.59581014864982,105.21214375350792,111.43976091788421,196.0,0.6031746031746031,3268.921256358629,21522.805562180893,21127.5,-17858.57874364137,8444.0,9074.0,798.0,0.08794357504959224,2,0,1.4782608695652173,0.8884826325411335,9.265419314019622,5.00984172756352,0.6031746031746031,0.0,0.0,0.0,0.0,16.0,20.0,216.0,0.9841269841269842,62,62,117.60279298717393,0.009424603174603141,85,249.50943922321648,3268.921256358629,48.266862999873894,10.033076758458991,634.6268208814446,341.9944612110107,0.6068406959594486,0.2632413248785124,56.4662,0.89359,22030.7266,0.871675,22079.0,22780.0,0.5879367750595499,0.8148975569187638,0.2215909090915479,1.0,251.98160572373476,291.97146734412013,61.5,105.21214375350792,3332.621092921056,216.0,8742.0,49.0417171349647
280,14.0,280.234017945298,219.81818515158912,311.10295187392063,143.92008823496792,0.9739308413228482,251.91372070070395,293.4957691776578,293.4957691776578,304.0269256952967,332.49414953584574,38.998380358187944,0.13287544303434776,63.5,63.5,29.59368896484375,112.73187737808394,111.53819757149627,105.29571045501157,111.35672914458065,196.0,0.6031746031746031,3550.3435656974766,21533.14275463147,21175.0,-17624.656434302524,8678.0,9283.0,794.0,0.08553269417214263,2,0,1.5454545454545454,0.9066918001885014,8.602931438362942,5.186679580983983,0.6031746031746031,0.0,0.0,0.0,0.0,16.0,20.0,216.0,0.9841269841269842,72,72,127.97325863101528,0.0,99,293.4957691776578,3550.3435656974766,41.57621584659837,0.09571488761923022,634.6268208814446,341.9944612110107,0.5375301523342233,0.2633982439111109,56.5789,0.898056,22020.2383,0.871261,22069.0,22780.5,0.5882235398009552,0.7167254221010083,0.22727272727336145,1.0,251.9673861407112,289.6659465607286,61.5,104.56403675458458,3332.621092921056,216.0,8742.0,49.0417171349647
281,14.05,280.234017945298,219.81818515158912,316.543784417976,163.63360884005002,0.9738601823708206,251.98160572373476,306.22992737202577,306.22992737202577,292.76249752790704,327.6417119600308,21.411784588005048,0.06992061413381317,65.5,65.5,30.79986572265625,112.97928698220898,111.62023424526214,105.29921704397599,111.36950131935934,192.0,0.6031746031746031,3506.5325060142504,21524.789919375155,21158.0,-17651.46749398575,8610.0,9212.0,793.0,0.08608336951801997,2,0,1.5454545454545454,0.9032258064516129,7.824481370913827,4.988740477178099,0.6031746031746031,0.0,0.0,0.0,0.0,16.0,20.0,216.0,0.9841269841269842,69,69,127.97613409340217,0.0,104,306.22992737202577,3506.5325060142504,0.0,20.45056364551961,634.6268208814446,341.9944612110107,0.5174645676860969,0.26319974647699906,56.6917,0.902408,22010.0254,0.870856,22076.0,22773.5,0.5878607918001544,0.6883043309041992,0.2500000000006155,1.0,251.96229876687806,290.24842513540597,63.0,104.56403675458458,3341.4484168970152,216.0,8746.0,38.998380358187944
282,14.1,280.90281045805955,218.90501868176597,310.01851279802094,146.32730818123855,0.9755828740991945,251.96229876687806,271.01938021766216,271.01938021766216,295.0796832465213,320.06109735262686,49.0417171349647,0.18095280527753446,50.5,50.5,13.181396484375,113.42572988711316,111.61074269976928,105.29750096810366,111.37221551890725,216.0,0.5555555555555556,2374.251371302702,21520.50507879397,21163.5,-18789.2486286973,8860.0,9436.0,776.0,0.08223823654090716,2,0,1.5238095238095237,0.9009708737864077,8.846764252842219,5.063992674366011,0.5555555555555556,0.0,0.0,0.0,0.0,12.0,8.0,232.0,0.9841269841269842,62,62,128.5075790299687,0.04761904761904756,92,271.01938021766216,2374.251371302702,1.1318818077587494,18.49559980663966,634.6268208814446,341.9944612110107,0.5729468542769143,0.2632562004815123,56.8045,0.906648,22000.0918,0.870463,22052.0,22759.5,0.5879639597698866,0.7668899866255421,0.07954545454621,1.0,251.9538186497519,290.24842513540597,63.0,104.56403675458458,3341.4484168970152,216.0,8678.0,38.998380358187944
283,14.15,248.89255792576617,238.91139049589506,310.96679567589854,143.72043662651825,0.9740940632228219,251.88365320932752,251.84284686458506,251.84284686458506,311.39069667599614,336.79900079998464,84.95615393539958,0.3373379668832928,60.0,60.0,34.3751220703125,113.52947048622485,112.17803100117757,105.30187368071786,111.47992676771317,200.0,0.5555555555555556,3214.790845974659,21502.067805856765,21144.5,-17929.709154025342,8491.0,9079.0,766.0,0.08437052538825862,2,0,1.5238095238095237,0.9158110882956879,8.751940196604435,5.100640623619307,0.5555555555555556,0.0,0.0,0.0,0.0,16.0,20.0,216.0,0.9841269841269842,63,63,117.32612400094155,0.0,85,251.84284686458506,3214.790845974659,37.74799571296963,2.7739898556565885,634.6268208814446,341.9944612110107,0.6031638774503794,0.26348616197642094,56.9173,0.910776,21990.4277,0.870081,22037.0,22749.5,0.5883842073812099,0.8096896750656862,0.18750000000066683,1.0,251.9367683223897,290.24842513540597,63.0,104.88473392570964,3341.4484168970152,216.0,8678.0,36.24906214485384
284,14.2,280.71672648977193,218.88844536538443,307.1702567181866,149.59477774611562,0.9759077317385733,251.9367683223897,269.6344702447389,269.6344702447389,291.4675447214033,321.9652087939524,52.33073854921349,0.1940802987901157,51.0,51.0,12.393798828125,113.50382661379416,112.11180527335134,104.56403675458458,111.48440841446588,216.0,0.5873015873015873,2332.4311330455516,21510.267431294964,21147.5,-18815.068866954447,8800.0,9364.0,749.0,0.07998718496369073,2,0,1.5238095238095237,0.9137214137214137,9.311757278875751,4.97093897847653,0.5873015873015873,0.0,0.0,0.0,0.0,12.0,12.0,228.0,1.0,65,65,127.30598665706972,0.031746031746031744,92,269.6344702447389,2332.4311330455516,37.59914941178447,6.9943971610723645,634.6268208814446,341.9944612110107,0.5751290973327621,0.26333085211299767,57.0301,0.914795,21981.0273,0.869709,22034.0,22741.0,0.588100383347345,0.7699809371256883,0.08522727272802351,1.0,251.91372070070395,289.6659465607286,62.0,104.88473392570964,3341.4484168970152,216.0,8639.0,38.998380358187944
285,14.25,280.71672648977193,218.88844536538443,306.9945701272243,148.5049355892714,0.9754050863826591,251.9538186497519,289.6659465607286,289.6659465607286,288.46791487743815,321.5138747689219,31.847928208193252,0.10994709107622465,60.0,60.0,35.5751953125,113.6070613674919,112.1132090141911,104.47565979781007,111.48391903842356,200.0,0.5555555555555556,3341.4484168970152,21526.240205445934,21161.0,-17819.551583102984,8746.0,9319.0,749.0,0.0803734306256036,2,0,1.5238095238095237,0.912041884816754,8.377416738140473,4.879342786568966,0.5555555555555556,0.0,0.0,0.0,0.0,16.0,20.0,216.0,0.9841269841269842,61,61,127.32429688063965,0.031746031746031744,98,289.6659465607286,3341.4484168970152,0.0,1.1039120006045777,634.6268208814446,341.9944612110107,0.5435649155854989,0.2632809965472034,57.1429,0.918706,21971.8945,0.869348,22025.0,22734.0,0.5880092738229242,0.7252731200486816,0.18750000000066683,1.0,251.90444290515987,289.6659465607286,60.0,104.56403675458458,3341.4484168970152,216.0,8678.0,38.9841792260263
286,14.3,280.71672648977193,218.88844536538443,306.5438727287715,148.54807998620845,0.9768128161888702,251.90444290515987,290.24842513540597,290.24842513540597,276.2231167287097,308.3200443530846,18.07161921767863,0.062262591809922496,63.5,63.5,29.59368896484375,113.58945411541075,112.11161062795216,104.47638958022152,111.41420612610936,192.0,0.5555555555555556,3530.9173485382394,21533.32722575645,21171.0,-17640.082651461762,8938.0,9488.0,744.0,0.07841483979763912,2,0,1.4761904761904763,0.9091880341880342,9.015769362255933,4.966911785904605,0.5555555555555556,0.0,0.0,0.0,0.0,16.0,20.0,216.0,0.9841269841269842,70,70,127.31826517524155,0.0,98,290.24842513540597,3530.9173485382394,0.0,0.45275775416792746,634.6268208814446,341.9944612110107,0.5426470870987226,0.2634253724076111,57.2556,0.922508,21963.0254,0.868997,22004.0,22720.5,0.5882731163000885,0.7239730987643211,0.22727272727336145,1.0,251.88365320932752,286.92619448662225,60.0,104.52038194644453,3291.101869240081,216.0,8746.0,38.9841792260263
287,14.35,280.6317242213106,218.8242128982668,307.46353537226634,148.48672859405102,0.9745521658886114,249.94082905522026,291.1464763164266,291.1464763164266,271.6190338780609,304.2458104202714,13.099334103844853,0.04499224675351424,63.5,63.5,29.59368896484375,113.58822007412236,111.71301480872614,104.52038194644453,111.21790500059741,196.0,0.5967741935483871,3490.8714310415107,21423.177548974818,21121.0,-17630.12856895849,8625.0,9211.0,773.0,0.08392139832808598,2,0,1.5238095238095237,0.9204081632653062,9.826580612241338,5.100281655483493,0.5967741935483871,0.0,0.0,0.0,0.0,16.0,20.0,212.0,0.9838709677419355,63,63,127.17717070427258,0.04121863799283154,99,291.1464763164266,3490.8714310415107,0.10654198926051194,0.9217067707029221,634.6268208814446,341.9944612110107,0.541232001647759,0.2691670263600945,57.3684,0.926205,21954.418,0.868656,21998.0,22716.5,0.5987658136081095,0.721968757831406,0.22727272727336145,1.0,249.9678656803688,286.92619448662225,60.0,104.47638958022152,3291.101869240081,216.0,8776.0,43.158067155704316
288,14.4,279.34083366795664,219.91911039034375,310.06738321405146,143.8618299355936,0.9742782152230971,249.9678656803688,291.6256790282865,291.6256790282865,295.2182477744184,327.87474117314036,36.24906214485384,0.12429996653805588,62.0,62.0,30.0,113.40546999485554,111.72559036471412,104.88473392570964,111.21145574471404,196.0,0.5967741935483871,3634.999183130881,21417.44680726665,21098.5,-17463.50081686912,8556.0,9144.0,766.0,0.08377077865266842,2,0,1.5238095238095237,0.9149377593360996,9.74544659311817,5.284710043281175,0.5967741935483871,0.0,0.0,0.0,0.0,16.0,20.0,212.0,0.9838709677419355,63,63,124.95731910136263,0.0,99,291.6256790282865,3634.999183130881,1.6926898531316557,5.307514595756694,634.6268208814446,341.9944612110107,0.5404769079516016,0.26908797062026524,57.4812,0.929795,21946.0703,0.868326,21978.0,22702.5,0.5986213416571082,0.7208992357029975,0.21022727272792088,1.0,249.94082905522026,286.92619448662225,60.0,104.47565979781007,3291.101869240081,216.0,8776.0,43.158067155704316
289,14.45,279.32041709734835,219.9002040102035,309.67959167462755,145.628933973311,0.9739017528673448,247.90066825431146,268.9099133917355,268.9099133917355,305.5868061752076,323.4693596478129,54.55944625607742,0.20289116740965127,49.5,49.5,11.199951171875,113.45441669275385,111.71938811959572,104.38796327187093,110.71444683465523,212.0,0.5967741935483871,2426.6518757256135,21430.78417093435,21079.0,-18652.348124274387,8639.0,9242.0,801.0,0.08666955204501191,2,0,1.4761904761904763,0.8690909090909091,8.90999228288005,5.308876189822533,0.5967741935483871,0.0,0.0,0.0,0.0,12.0,8.0,228.0,0.9838709677419355,67,67,125.0575867570322,0.0,91,268.9099133917355,2426.6518757256135,0.027826023169156826,1.809154210720017,634.6268208814446,341.9944612110107,0.5762708027085246,0.2751325054315523,57.594,0.933282,21937.9766,0.868006,21966.0,22702.0,0.6096675444877753,0.7715980598347175,0.06818181818258297,1.0,247.96483632046682,286.92619448662225,57.5,104.38827206844127,3291.101869240081,224.0,8776.0,43.158067155704316
290,14.5,279.15064805475345,219.87886852045315,305.7751573381081,149.1646841875159,0.9744156396090098,247.92153594975605,286.92619448662225,286.92619448662225,303.5256824917099,325.91037371264855,38.9841792260263,0.13586831727154808,57.5,57.5,33.98748779296875,113.474354337169,111.71668771636567,104.38827206844127,110.71175547916182,204.0,0.5967741935483871,3291.101869240081,21428.03792586526,21087.0,-17795.898130759917,8810.0,9412.0,799.0,0.08489162770930726,2,0,1.4761904761904763,0.86996336996337,7.86903027508336,5.203907756718405,0.5967741935483871,0.0,0.0,0.0,0.0,12.0,12.0,224.0,1.0,71,71,124.9139408548935,0.0,97,286.92619448662225,3291.101869240081,0.1711044445550119,5.267460210143205,634.6268208814446,341.9944612110107,0.5478820228743164,0.27507148779000723,57.7068,0.936664,21930.1406,0.867696,21970.0,22691.0,0.609556036610693,0.7313879132188548,0.15909090909159923,1.0,247.95679955455165,286.92619448662225,57.5,104.38796327187093,3291.101869240081,224.0,8776.0,43.158067155704316
291,14.55,279.1958147482942,219.91710851770594,306.15285940264994,149.44934498459102,0.9741234146861345,247.9204431935073,266.86043987078546,266.86043987078546,294.72910067386874,329.2898802024271,62.42944033164167,0.23394040855913367,51.0,51.0,12.78759765625,113.50263642143432,112.35768362983978,104.30078334020598,110.62875683370311,212.0,0.5967741935483871,2147.9198652372984,21416.010916883843,21074.5,-18926.580134762702,8776.0,9383.0,798.0,0.08504742619631248,2,0,1.434782608695652,0.8819641170915958,8.680294764696805,5.1879677240400985,0.5967741935483871,0.0,0.0,0.0,0.0,12.0,12.0,224.0,1.0,70,70,125.44359584219377,0.0,91,266.86043987078546,2147.9198652372984,0.05918046633220514,0.47295942632599647,634.6268208814446,341.9944612110107,0.5795002179388854,0.2750746830354649,57.8195,0.939943,21922.5586,0.867396,21972.0,22690.0,0.6095618758242175,0.7761722352890579,0.08522727272802351,1.0,247.92153594975605,286.92619448662225,57.0,104.3010769511674,3117.633272636445,224.0,8793.0,43.158067155704316
292,14.6,279.9026545813356,218.90980326091014,308.48720996026725,143.3157196114049,0.9745288041742093,247.95679955455165,289.44699903879615,289.44699903879615,289.2745291694611,332.60506619450047,43.158067155704316,0.14910525000785932,61.0,61.0,33.98748779296875,113.59580551561609,112.35790175759297,104.3010769511674,110.70694134784934,196.0,0.5967741935483871,3341.750059632132,21419.750098246357,21079.5,-17737.749940367867,8793.0,9391.0,783.0,0.0833777020551592,2,0,1.4545454545454546,0.9039039039039038,9.354054422198779,5.011548718060712,0.5967741935483871,0.0,0.0,0.0,0.0,16.0,20.0,212.0,0.9838709677419355,71,71,125.53236260252294,0.0,98,289.44699903879615,3341.750059632132,1.2305634603475077,6.56281591578196,634.6268208814446,341.9944612110107,0.5439099175846712,0.27496837616454195,57.9323,0.94312,21915.2305,0.867106,21974.0,22685.0,0.6093676032631072,0.7257617842692118,0.19886363636429386,1.0,247.9204431935073,286.92619448662225,57.0,104.30078334020598,3117.633272636445,224.0,8793.0,43.158067155704316
293,14.65,279.7517085083465,218.91469545253977,309.33614571858755,145.16532623352919,0.9750584236243892,247.89334033705194,269.47964416075,269.47964416075,292.22844406887236,325.54826026216443,56.06861610141442,0.2080625283443241,56.0,56.0,12.393798828125,113.53770041398471,112.35518043825863,103.57244114013184,110.71536495905133,204.0,0.5967741935483871,2702.46843170971,21410.728267259874,21067.0,-18364.53156829029,8827.0,9414.0,782.0,0.08306777140429147,2,0,1.5238095238095237,0.9219712525667351,9.489088457129178,5.03860546320545,0.5967741935483871,0.0,0.0,0.0,0.0,12.0,12.0,224.0,1.0,68,68,125.34856767471344,0.0,92,269.47964416075,2702.46843170971,0.15102533062293758,2.0351256910473396,634.6268208814446,341.9944612110107,0.5753730613111105,0.2751539324372225,58.0451,0.946196,21908.1523,0.866826,21970.0,22685.0,0.6097067016864804,0.7703264901010423,0.1420454545461587,1.0,247.90732146907285,286.90498637079395,57.0,103.8905517343303,3117.633272636445,224.0,8793.0,43.158067155704316
294,14.7,254.87349563077993,230.78352042651522,305.8516289397495,148.55925489161584,0.9753859348198971,247.96483632046682,257.11812633542985,257.11812633542985,298.83112543101606,317.32073518578915,60.2026088503593,0.23414377550270604,53.0,53.0,28.38751220703125,113.60322627069816,112.35819074830238,103.8905517343303,110.70579597381514,208.0,0.5967741935483871,2978.843693190005,21407.881854815958,21070.0,-18091.156306809993,8754.0,9328.0,768.0,0.0823327615780446,2,0,1.5238095238095237,0.9186652763295099,9.57749013040069,5.019760434757495,0.5967741935483871,0.0,0.0,0.0,0.0,12.0,12.0,224.0,1.0,69,69,118.5457657142668,0.0,87,257.11812633542985,2978.843693190005,27.564369795886545,4.864217194799766,634.6268208814446,341.9944612110107,0.5948514656561255,0.27494487646841614,58.1579,0.949172,21901.3223,0.866555,21962.0,22676.5,0.6093246582858726,0.7979158933487411,0.10795454545527758,1.0,247.90066825431146,273.90457462461893,57.0,103.8905517343303,2978.843693190005,224.0,8802.0,43.158067155704316
295,14.75,279.75366677191096,218.9199437658636,310.6813265677522,143.19392078506414,0.9758657318886764,247.88820494631852,273.90457462461893,273.90457462461893,293.10706732953054,329.22704891910695,55.32247429448802,0.2019771826385391,56.0,56.0,12.393798828125,113.53303501800377,112.3549272926605,103.52756136258887,110.71600014847506,204.0,0.5967741935483871,2668.4195702820334,21404.26472977743,21069.5,-18401.080429717967,8846.0,9414.0,770.0,0.08179307414489059,2,0,1.4761904761904763,0.9210526315789473,8.871641364054945,5.015863891542471,0.5967741935483871,0.0,0.0,0.0,0.0,12.0,12.0,224.0,1.0,74,74,125.36762012172369,0.0,93,273.90457462461893,2668.4195702820334,27.563877941884872,7.218918842379497,634.6268208814446,341.9944612110107,0.568400569260234,0.2751689484427895,58.2707,0.952048,21894.7422,0.866295,21961.0,22667.0,0.609734142978222,0.760450583870446,0.1420454545461587,1.0,247.89334033705194,286.90498637079395,57.5,103.8905517343303,3117.633272636445,220.0,8803.0,39.90576638891531
296,14.8,279.7928995979892,218.94705586266554,308.4858549395193,143.31488430109601,0.9761136630701848,247.8924395730493,289.54874261199063,289.54874261199063,288.3654836959626,329.45450900090594,39.90576638891531,0.1378205480325327,57.0,57.0,27.9998779296875,113.44658177613992,112.43640631562991,103.57250468653208,110.71547686200114,204.0,0.5483870967741935,3117.633272636445,21418.880855499912,21074.0,-17956.366727363555,8802.0,9361.0,756.0,0.08076060249973294,2,0,1.4761904761904763,0.9170212765957447,9.007522603382819,4.894177768182631,0.5483870967741935,0.0,0.0,0.0,0.0,12.0,16.0,220.0,0.9838709677419355,67,67,125.44954109264775,0.048387096774193616,98,289.54874261199063,3117.633272636445,0.04768941638440428,2.198801455926931,634.6268208814446,341.9944612110107,0.543749597267523,0.27515656629275176,58.3835,0.954825,21888.4062,0.866044,21940.0,22648.5,0.6097115149770497,0.7255347049972009,0.15340909090978572,1.0,247.8924395730493,277.61002402703093,57.0,103.8905517343303,2978.843693190005,220.0,8803.0,39.90576638891531
297,14.85,279.7928995979892,218.94705586266554,314.5016634166824,163.14264303713475,0.9764378875347445,247.889089877449,304.24922014799097,304.24922014799097,289.37014456070114,325.10253829789684,20.853318149905874,0.06854025177044837,61.0,61.0,25.5875244140625,113.52687123425922,112.44535160591776,102.9845657074824,110.71683012131274,196.0,0.4838709677419355,3308.4234196943453,21433.128795113767,21071.0,-17762.576580305657,8803.0,9354.0,755.0,0.0807141329912337,2,0,1.4761904761904763,0.9118279569892473,9.513992592943225,5.01034493890586,0.4838709677419355,0.0,0.0,0.0,0.0,12.0,20.0,216.0,0.967741935483871,71,71,125.31179602165021,0.06451612903225801,103,304.24922014799097,3308.4234196943453,0.0,20.72027915179879,634.6268208814446,341.9944612110107,0.5205856258558159,0.27516636088295776,58.4962,0.957504,21882.3164,0.865803,21950.0,22649.5,0.6097294142916267,0.6927250283534714,0.19886363636429386,1.0,247.889089877449,286.90498637079395,59.5,103.8905517343303,3117.633272636445,216.0,8803.0,33.5734980060472
298,14.9,278.5394545657199,220.02726090767075,305.48282810528224,148.5793337591446,0.9761045695149617,247.90732146907285,286.90498637079395,286.90498637079395,300.62236477332937,316.8520419759588,29.94705560516485,0.10437969720910144,61.0,61.0,26.36279296875,113.4846980381584,112.4354572046768,102.5805258145896,111.10839713740306,196.0,0.4838709677419355,3195.0374727947183,21441.12334236377,21074.0,-17878.96252720528,8704.0,9257.0,748.0,0.08080371610673004,2,0,1.5789473684210527,0.9559164733178654,9.399657163303772,5.197772014460257,0.4838709677419355,0.0,0.0,0.0,0.0,12.0,20.0,216.0,0.967741935483871,69,69,123.35988200905749,0.0,97,286.90498637079395,3195.0374727947183,1.6546804489614817,17.129780135791368,634.6268208814446,341.9944612110107,0.5479154411212774,0.275113051272155,58.609,0.960085,21876.4668,0.865572,21937.0,22643.5,0.6096319926054035,0.7314352471521127,0.19886363636429386,1.0,247.88820494631852,286.48304227065296,59.5,103.8905517343303,3117.633272636445,216.0,8803.0,33.5734980060472
299,14.95,278.5394545657199,220.02726090767075,309.81520294969965,144.16454153453597,0.9747927736450585,245.9825456442589,267.13511480568263,267.13511480568263,278.4842801814658,295.1862469365099,28.051132130827284,0.10500728124504344,59.5,59.5,12.78759765625,113.44506928443425,112.43903486237065,105.02461887736374,111.42933301691517,200.0,0.4918032786885246,2237.338292388575,21348.683510734605,21037.0,-18799.661707611423,8817.0,9410.0,791.0,0.08405951115834219,2,0,1.4545454545454546,0.8940594059405941,8.928132782966603,5.207320398393169,0.4918032786885246,0.0,0.0,0.0,0.0,12.0,16.0,216.0,0.9836065573770492,74,74,123.36152458180916,0.007932310946589083,91,267.13511480568263,2237.338292388575,0.0,6.185455696956009,634.6268208814446,341.9944612110107,0.5790674046289852,0.280741141908472,58.7218,0.962571,21870.8574,0.86535,21916.0,22626.0,0.6199171564201681,0.7755591942654555,0.1818181818188533,1.0,245.9825456442589,286.48304227065296,59.5,104.52671798313412,3121.0248027965467,216.0,8802.0,33.5734980060472
300,15.0,278.502032475566,220.02044354257202,313.4783730911221,148.9220046181166,0.9753728974928594,245.94266311081822,296.1415485529931,296.1415485529931,272.2178563168471,302.04155440667375,5.900005853680682,0.019922924974591687,61.0,61.0,26.36279296875,113.35888668587958,112.43927743454341,105.02440151365205,111.42959573408643,196.0,0.4918032786885246,3369.1747627318778,21355.15426880889,21041.5,-17672.325237268124,8871.0,9453.0,788.0,0.08335977996403258,2,0,1.5238095238095237,0.9083585095669687,9.642662527091273,5.217950426383497,0.4918032786885246,0.0,0.0,0.0,0.0,12.0,16.0,216.0,0.9836065573770492,76,76,123.32776163390996,0.0,100,296.1415485529931,3369.1747627318778,0.03803799808579049,6.004354293064437,634.6268208814446,341.9944612110107,0.5333611205689719,0.28085775939198165,58.8346,0.964961,21865.4883,0.865138,21918.0,22625.0,0.6201302713110021,0.7108203645569378,0.19886363636429386,1.0,245.98233873771125,286.8271751337992,59.5,104.52671798313412,3121.0248027965467,216.0,8802.0,33.5734980060472
301,15.05,278.502032475566,220.02044354257202,321.76379395263007,139.97951854249172,0.9756014477325953,245.94225662014495,277.61002402703093,277.61002402703093,266.84355761675755,299.80909469861115,22.199070671580216,0.07996494632851835,44.5,44.5,18.393798828125,113.30378981653826,112.44223826672433,104.57618970308857,111.42759859326392,220.0,0.4918032786885246,2817.62200567028,21350.507996154964,21041.0,-18223.37799432972,8821.0,9394.0,775.0,0.08249946774536938,2,0,1.5238095238095237,0.9071428571428571,10.546793197139937,5.414830842260075,0.4918032786885246,0.0,0.0,0.0,0.0,8.0,4.0,232.0,0.9836065573770492,71,71,123.30682641453429,0.0,94,277.61002402703093,2817.62200567028,0.0,12.19082671786687,634.6268208814446,341.9944612110107,0.5625617845122691,0.2808589479804513,58.9474,0.967256,21860.3555,0.864935,21916.0,22623.5,0.6201324434201432,0.7521804717999291,0.011363636364447791,1.0,245.94266311081822,286.8271751337992,59.5,104.52671798313412,3121.0248027965467,216.0,8801.0,33.5734980060472
302,15.1,278.3615026114561,220.01911155884417,308.0643484022465,143.85709448017508,0.9752166934189406,245.94030239741204,288.48436044789486,288.48436044789486,293.50504470897994,322.05785845394206,33.5734980060472,0.11637891896088122,60.5,60.5,26.36279296875,113.4488545452563,112.41296555131103,104.57393041442339,111.42945930273925,196.0,0.4918032786885246,3210.196479656513,21344.06573192922,21030.5,-17820.30352034349,8766.0,9345.0,771.0,0.08250401284109149,2,0,1.4761904761904763,0.9073881373569199,10.56596914860613,5.176031815028262,0.4918032786885246,0.0,0.0,0.0,0.0,16.0,16.0,212.0,1.0,67,67,123.6656176806334,0.0,98,288.48436044789486,3210.196479656513,0.14053617643653346,14.237640378251786,634.6268208814446,341.9944612110107,0.545426775302037,0.2808646621745525,59.0602,0.969458,21855.457,0.864741,21924.0,22629.5,0.6201428859354114,0.7279102764399525,0.19318181818248034,1.0,245.94225662014495,286.7098362666394,59.5,104.52671798313412,3121.0248027965467,216.0,8766.0,33.5734980060472
303,15.15,278.3615026114561,220.01911155884417,305.346310276448,148.50392152752838,0.9748218527315915,245.98233873771125,286.48304227065296,286.48304227065296,282.89874811141226,323.40177135344817,36.91872908279521,0.1288688111874925,60.5,60.5,26.36279296875,113.44153959451215,112.41282197101013,104.57430572328803,110.80302444471465,192.0,0.5901639344262295,3121.0248027965467,21322.72744561785,21023.0,-17901.975197203454,8679.0,9262.0,771.0,0.08324335996545022,2,0,1.4761904761904763,0.9068062827225131,11.06545091130656,5.204826906097357,0.5901639344262295,0.0,0.0,0.0,0.0,12.0,16.0,216.0,0.9836065573770492,64,64,123.66676078738143,0.09836065573770492,97,286.48304227065296,3121.0248027965467,0.0,5.383375600987581,634.6268208814446,341.9944612110107,0.5485803107521496,0.28074174690817555,59.1729,0.971567,21850.7871,0.864556,21906.0,22615.0,0.6199182620386559,0.7323769750281938,0.19318181818248034,1.0,245.94030239741204,286.48304227065296,58.0,104.52671798313412,3086.24654883231,216.0,8740.0,34.83966128738979
304,15.2,278.3615026114561,220.01911155884417,305.4755956012086,148.45874859710057,0.9732298739088263,243.99173396921907,285.99783644547574,285.99783644547574,281.9954193334456,320.83749773286553,34.83966128738979,0.12181791904580307,58.0,58.0,27.9998779296875,113.44990042645834,111.82561876945206,104.52671798313412,110.81121331036891,200.0,0.4918032786885246,3188.8002677726136,21349.481364914966,20986.0,-17797.199732227386,8658.0,9279.0,816.0,0.08794051083090851,2,0,1.375,0.8640510948905109,10.415926756374118,5.2683728567872725,0.4918032786885246,0.0,0.0,0.0,0.0,12.0,16.0,216.0,0.9836065573770492,63,63,123.61557135390345,0.09836065573770492,97,285.99783644547574,3188.8002677726136,0.0,0.13694995013471567,634.6268208814446,341.9944612110107,0.549344863729131,0.2865623229533062,59.2857,0.973584,21846.3477,0.86438,21902.0,22608.0,0.6305551870615335,0.7334598953748787,0.16477272727341274,1.0,243.99173396921907,285.99783644547574,56.0,104.52671798313412,3086.24654883231,220.0,8755.0,36.91872908279521
305,15.25,279.03703276614226,219.00870286238734,304.9421981724777,148.55773795241555,0.974304068522484,243.90258553883154,286.8271751337992,286.8271751337992,294.2576118925091,326.1577395945034,39.33056446070424,0.1371228665566898,55.0,55.0,27.9998779296875,113.5186633492672,112.32255351399681,103.93507248132511,110.717919120421,204.0,0.47540983606557374,3086.24654883231,21345.940217666393,20987.5,-17901.25345116769,8740.0,9340.0,810.0,0.0867237687366167,2,0,1.4545454545454546,0.9077526987242395,9.378873854199627,4.896788159380382,0.47540983606557374,0.0,0.0,0.0,0.0,12.0,12.0,220.0,1.0,71,71,124.13591710407401,0.016393442622950838,97,286.8271751337992,3086.24654883231,1.2154286173058066,0.5425050317208728,634.6268208814446,341.9944612110107,0.548038050557933,0.2868229951000768,59.3985,0.975511,21842.1328,0.864214,21905.0,22606.5,0.631031557451552,0.7316089123625655,0.13068181818253166,1.0,243.92282152943739,286.48304227065296,55.5,103.93507248132511,3086.24654883231,220.0,8752.0,36.91872908279521
306,15.3,278.7937177583908,218.9478135046743,304.8469045996519,148.38811052021163,0.9746700723712218,243.90172098359974,286.7098362666394,286.7098362666394,290.50314984753584,323.9168314145961,37.20699514795672,0.12977230091734387,55.5,55.5,27.9998779296875,113.50456172314529,112.44048527865759,103.93506754752093,110.71974713369654,204.0,0.47540983606557374,3078.300963602609,21348.969004390576,20993.0,-17914.69903639739,8801.0,9396.0,809.0,0.08610046828437633,2,0,1.4545454545454546,0.9086444007858546,9.566219490030496,5.021127579415235,0.47540983606557374,0.0,0.0,0.0,0.0,12.0,12.0,220.0,1.0,75,75,123.87825441934035,0.0,97,286.7098362666394,3078.300963602609,0.2508180752653112,0.19456189446548044,634.6268208814446,341.9944612110107,0.5482229448348512,0.2868255230802925,59.5113,0.977348,21838.1445,0.864056,21902.0,22596.0,0.631036177258218,0.731870798432581,0.13636363636434518,1.0,243.91637236140573,286.48304227065296,55.5,103.93506754752093,3078.300963602609,220.0,8740.0,36.91872908279521
307,15.35,248.93495521998344,241.08089527278057,304.4756596501818,148.37463610065763,0.9737194726604712,243.91637236140573,245.32428319073978,245.32428319073978,296.339157492766,325.1060286898035,79.78174549906373,0.3252093288988982,55.5,55.5,27.18133544921875,113.50321202759237,112.44046160350705,103.93506473072331,110.63724109508637,204.0,0.47540983606557374,2953.009553094222,21348.798092709665,21000.5,-18047.490446905776,8646.0,9254.0,808.0,0.08731359412146099,2,0,1.4545454545454546,0.9072063178677197,9.673691837432822,5.157793009675447,0.47540983606557374,0.0,0.0,0.0,0.0,12.0,12.0,220.0,1.0,74,74,119.61053978685483,0.0,83,245.32428319073978,2953.009553094222,37.16744555223937,0.3714893975463931,634.6268208814446,341.9944612110107,0.6134353684421903,0.28678268210048796,59.6241,0.979097,21834.3711,0.863906,21903.0,22596.0,0.6309578866755413,0.8242383158017894,0.13636363636434518,1.0,243.91637236140573,286.48304227065296,55.5,103.93506473072331,3078.300963602609,220.0,8728.0,37.20699514795672
308,15.4,248.93495521998344,241.08089527278057,305.4796927883144,148.48033067955043,0.9735812344611393,243.92282152943739,246.48417563616542,246.48417563616542,294.5192312186985,327.9452032212586,81.4610275850932,0.33049191646825066,55.5,55.5,27.18133544921875,113.48865665120142,112.44017876802327,103.9350085177928,110.72174438159067,204.0,0.47540983606557374,3047.7685815605564,21353.65252063768,21005.5,-17957.73141843944,8640.0,9251.0,803.0,0.08680142687277051,2,0,1.4545454545454546,0.9008919722497523,9.712379554242066,5.189670807714755,0.47540983606557374,0.0,0.0,0.0,0.0,12.0,12.0,220.0,1.0,72,72,118.49227442448107,0.0,84,246.48417563616542,3047.7685815605564,0.0,1.0095810450259943,634.6268208814446,341.9944612110107,0.6116076920704059,0.28676382457861815,59.7368,0.980758,21830.8164,0.863766,21907.0,22593.5,0.630923425130036,0.8216495770358054,0.13636363636434518,1.0,243.91604132146125,285.99783644547574,55.5,103.93502575604431,3078.300963602609,220.0,8721.0,39.33056446070424
309,15.45,254.9991808490523,232.5191594593402,313.3720014211051,163.46973464719335,0.9743052586575459,243.9058734960722,271.4057683349825,271.4057683349825,286.92168741530827,315.3597190204874,43.95395068550488,0.16194921336843043,56.0,56.0,27.18133544921875,113.53419881494972,112.44089475450524,103.93502575604431,110.71584226254939,204.0,0.47540983606557374,3172.853587992275,21335.08664536303,21001.0,-17828.146412007725,8755.0,9356.0,799.0,0.08539974348011971,2,0,1.4545454545454546,0.8987090367428004,9.272272978986145,4.9103806768642455,0.47540983606557374,0.0,0.0,0.0,0.0,12.0,12.0,220.0,1.0,77,77,107.24181339416918,0.0,92,271.4057683349825,3172.853587992275,10.491813600107617,16.94021153529115,634.6268208814446,341.9944612110107,0.5723380112456922,0.28681338103431386,59.8496,0.982333,21827.4766,0.863634,21899.0,22589.5,0.6310139880398834,0.766027615375546,0.1420454545461587,1.0,243.9153666332811,271.4057683349825,55.5,103.93502575604431,3078.300963602609,220.0,8721.0,43.95395068550488
310,15.5,278.68985366763263,218.87029174300184,313.79123787940716,163.8573104746265,0.9744171122994653,243.90790662437064,303.33710952442044,303.33710952442044,285.3773599174515,310.2701858352945,6.933076310874071,0.022856010996293606,55.5,55.5,27.9998779296875,113.53607462151345,112.44091350773522,103.57256716831249,110.71558699344288,204.0,0.47540983606557374,3058.0940125636125,21336.512839428637,21000.0,-17941.90598743639,8752.0,9350.0,797.0,0.08524064171122994,2,0,1.4761904761904763,0.9166666666666666,9.372135663503691,5.050902897706563,0.47540983606557374,0.0,0.0,0.0,0.0,12.0,12.0,220.0,1.0,75,75,123.78006734717111,0.0,103,303.33710952442044,3058.0940125636125,27.341169845767837,0.5709415293882145,634.6268208814446,341.9944612110107,0.5220228651806583,0.28680743611844817,59.9624,0.983823,21824.3438,0.86351,21899.0,22589.0,0.6310031238876344,0.6947607482509627,0.13636363636434518,1.0,243.9153666332811,258.80122924116097,55.5,103.93502575604431,3058.0940125636125,220.0,8721.0,66.85018300199818
311,15.55,278.68985366763263,218.87029174300184,304.56274815133156,148.5146562479204,0.9742710120068611,243.91604132146125,286.7232023585874,286.7232023585874,290.0790371592557,321.1736699216981,34.45046756311069,0.12015235348838484,55.0,55.0,27.9998779296875,113.50395107249514,112.44047462101605,103.52900942488394,110.71982507354518,204.0,0.47540983606557374,3053.803985945424,21326.419288990597,20993.5,-17939.696014054578,8728.0,9328.0,791.0,0.08479845626072041,2,0,1.4761904761904763,0.9175257731958762,9.763169862312116,5.179105778234586,0.47540983606557374,0.0,0.0,0.0,0.0,12.0,12.0,220.0,1.0,71,71,123.78718454059374,0.0,97,286.7232023585874,3053.803985945424,0.0,17.904247020789764,634.6268208814446,341.9944612110107,0.5482018834937477,0.2867836500692186,60.0752,0.98523,21821.4141,0.863394,21883.0,22588.0,0.6309596556088448,0.7318409669421597,0.13068181818253166,1.0,243.9153666332811,258.76553134020213,55.5,103.9350085177928,3053.803985945424,220.0,8711.0,66.85018300199818
312,15.6,248.43979120778724,241.16816965400352,312.98795956430536,149.52852465873812,0.9742240360863494,243.9235073721205,255.3383547319131,255.3383547319131,292.67095642166555,323.99211087015817,68.65375613824506,0.2688736528060054,55.5,55.5,27.9998779296875,113.46083366083187,112.35584865349638,103.52659462096312,110.71359165663337,204.0,0.47540983606557374,3011.9277185913884,21331.308049974083,20991.0,-17979.07228140861,8711.0,9311.0,785.0,0.08430888196756525,2,0,1.4761904761904763,0.9202072538860103,9.845908415185967,5.126120707482846,0.47540983606557374,0.0,0.0,0.0,0.0,12.0,12.0,220.0,1.0,72,72,111.17382507909615,0.0,87,255.3383547319131,3011.9277185913884,37.580069693369175,8.48599531627009,634.6268208814446,341.9944612110107,0.597655903705316,0.28676181915817744,60.188,0.986555,21818.6875,0.863286,21870.0,22577.5,0.6309197602854052,0.8018881269491853,0.13636363636434518,1.0,243.91604132146125,255.3383547319131,55.5,103.93500055148954,3047.7685815605564,220.0,8696.0,66.85018300199818
313,15.65,249.879091080065,235.78870198679135,312.9380478856195,149.47639400388294,0.9746134020618556,243.90732565186474,258.76553134020213,258.76553134020213,292.7294797072087,326.4127513130869,67.64721997288478,0.26142283952010664,54.5,54.5,27.18133544921875,113.4487291389742,112.35524648657429,103.93500055148954,110.71519609613516,204.0,0.47540983606557374,3256.178854860595,21338.841117103748,20989.0,-17732.821145139405,8721.0,9312.0,784.0,0.08419243986254296,2,0,1.4761904761904763,0.9176225234619395,10.135619961435758,5.081302794338298,0.47540983606557374,0.0,0.0,0.0,0.0,8.0,12.0,224.0,0.9836065573770492,73,73,110.66869361415968,0.0,88,258.76553134020213,3256.178854860595,5.568685347990125,0.07217188403299031,634.6268208814446,341.9944612110107,0.5922556015190186,0.2868091348959776,60.3008,0.987799,21816.1562,0.863186,21867.0,22573.0,0.6310062283517065,0.7942390858861622,0.12500000000071812,1.0,243.91604132146125,255.3383547319131,55.5,103.57256716831249,3053.803985945424,220.0,8696.0,66.85018300199818
314,15.7,249.879091080065,235.78870198679135,312.92357528257753,149.46115759953588,0.9740740740740741,243.9153666332811,258.80122924116097,258.80122924116097,294.42265590711554,325.65141224315914,66.85018300199818,0.2583070536334454,54.5,54.5,27.18133544921875,113.50545491189769,112.44050070706672,103.93506918710226,110.71963295059292,204.0,0.47540983606557374,3244.997697188416,21348.620606012188,20993.0,-17748.002302811583,8686.0,9288.0,782.0,0.08419465977605513,2,0,1.4761904761904763,0.9203354297693921,10.17333880547825,5.2103002458908305,0.47540983606557374,0.0,0.0,0.0,0.0,8.0,12.0,224.0,0.9836065573770492,71,71,110.85187992976529,0.0,88,258.80122924116097,3244.997697188416,0.0,0.02101438212836986,634.6268208814446,341.9944612110107,0.5921993512948172,0.2867856228736252,60.4135,0.988964,21813.8145,0.863093,21863.0,22566.5,0.6309632608486692,0.7941594125160658,0.12500000000071812,1.0,243.91604132146125,255.3383547319131,56.0,103.52900942488394,3053.803985945424,220.0,8696.0,65.20846293942347
315,15.75,248.95762839769932,241.78796092601422,307.0711875870189,143.8677661977875,0.9745894554883319,243.91667187481215,248.3894146358953,248.3894146358953,294.3649595387144,325.5059968919184,77.11658225602312,0.31046645996998473,58.5,58.5,26.0,113.5025426957039,112.4404497015042,103.93506318250613,110.72000444595328,196.0,0.47540983606557374,2994.6897895362913,21359.89495422642,20991.0,-17996.310210463707,8668.0,9256.0,779.0,0.08416162489196197,2,0,1.4761904761904763,0.9177215189873418,10.528870303717392,5.2638991698088935,0.47540983606557374,0.0,0.0,0.0,0.0,12.0,16.0,216.0,0.9836065573770492,73,73,118.04854264206868,0.0,84,248.3894146358953,2994.6897895362913,6.069612944400824,8.095459783871364,634.6268208814446,341.9944612110107,0.6086055513838782,0.28678180631611017,60.5263,0.990051,21811.6582,0.863008,21855.0,22561.5,0.6309562862063283,0.8173973154778339,0.17045454545522626,1.0,243.91604132146125,248.3894146358953,58.0,103.52659462096312,3053.803985945424,216.0,8689.0,65.20846293942347
316,15.8,248.4680587576846,241.85707129368853,307.15292250556956,144.00785358508628,0.9747871996552095,243.90424861688737,248.08789435847171,248.08789435847171,268.815056718955,306.0050053852665,57.91711102679477,0.23345399894082747,58.5,58.5,25.968994140625,113.52978707981734,112.44084726591797,103.02979078719915,111.20489660432942,196.0,0.47540983606557374,2901.0675181497495,21323.001366459066,20990.0,-18088.93248185025,8696.0,9281.0,781.0,0.08415041482598858,2,0,1.5,0.9331872946330778,10.254044005377043,5.274347218064928,0.47540983606557374,0.0,0.0,0.0,0.0,12.0,16.0,216.0,0.9836065573770492,76,76,118.45116489507323,0.0,84,248.08789435847171,2901.0675181497495,0.4944235788716358,0.16218838734841942,634.6268208814446,341.9944612110107,0.6090806656833413,0.2868181322199882,60.6391,0.991063,21809.6816,0.86293,21858.0,22564.5,0.6310226706866517,0.8180702720385693,0.17045454545522626,1.0,243.91667187481215,248.08789435847171,58.0,103.0326372325459,3053.803985945424,216.0,8686.0,66.85018300199818
317,15.85,248.4680587576846,241.85707129368853,306.4486689595384,143.2919607905365,0.9746873652436395,243.92981043154703,246.86465763300552,246.86465763300552,278.55773483898747,312.073120572429,65.20846293942347,0.26414661201265927,58.0,58.0,25.5751953125,113.55633869983498,112.44106102250362,103.02825633162935,111.20691070397152,200.0,0.47540983606557374,3008.7144359911567,21330.303065330714,20990.5,-17981.785564008842,8689.0,9276.0,781.0,0.08419577404053472,2,0,1.5,0.9330406147091108,9.973400619623897,5.14160761387318,0.47540983606557374,0.0,0.0,0.0,0.0,12.0,16.0,216.0,0.9836065573770492,76,76,119.87036718956564,0.0,84,246.86465763300552,3008.7144359911567,0.0,1.0042288336757512,634.6268208814446,341.9944612110107,0.6110081554855643,0.2867433888613703,60.7519,0.992002,21807.8789,0.862858,21857.0,22561.5,0.6308860794806589,0.8208003875278786,0.16477272727341274,1.0,243.9235073721205,247.85629330814513,58.5,103.03034059464036,3123.3242391655426,216.0,8672.0,67.64721997288478
318,15.9,248.4680587576846,241.85707129368853,307.12432222194576,143.95762180247922,0.9747158783418118,243.93727530095313,247.85629330814513,247.85629330814513,289.33085910205,334.04599023142697,86.18969692328184,0.34774060312492155,58.0,58.0,25.5751953125,113.56326815070179,112.44108816536357,103.02782772271252,111.20740999546369,200.0,0.47540983606557374,3123.3242391655426,21340.38923926737,20990.0,-17866.675760834456,8655.0,9239.0,779.0,0.08431648446801603,2,0,1.5,0.9330406147091108,9.937530989801958,5.019968681889239,0.47540983606557374,0.0,0.0,0.0,0.0,12.0,16.0,216.0,0.9836065573770492,76,76,119.08902673578426,0.0,84,247.85629330814513,3123.3242391655426,0.0,0.9484787366210793,634.6268208814446,341.9944612110107,0.6094456062164327,0.2867215614043417,60.8647,0.992869,21806.2402,0.862793,21842.0,22559.0,0.6308461904693217,0.8185871773943956,0.16477272727341274,1.0,243.9218081475856,246.86465763300552,58.5,103.02979078719915,3168.843791445303,216.0,8668.0,67.64721997288478
319,15.95,247.90659689811434,241.44989141489444,306.68686576441,143.45075718785333,0.9743167028199566,243.9608079250625,246.76116639278405,246.76116639278405,292.57943340489237,305.08610107243754,58.324934679653495,0.23636188599795446,60.0,60.0,25.5751953125,113.46992127828318,112.43974119203816,103.0326372325459,111.19978130129212,196.0,0.47540983606557374,3033.724207159254,21332.036375571948,20989.0,-17955.275792840745,8628.0,9220.0,777.0,0.08427331887201735,2,0,1.5,0.9318681318681319,10.421672527740977,5.334333282982551,0.47540983606557374,0.0,0.0,0.0,0.0,12.0,16.0,216.0,0.9836065573770492,71,71,119.8670403546776,0.0,84,246.76116639278405,3033.724207159254,0.693566776487204,0.669537071266097,634.6268208814446,341.9944612110107,0.6111712296526437,0.28665275144751945,60.9774,0.993667,21804.7617,0.862735,21851.0,22562.5,0.6307204423739664,0.8210313673799828,0.18750000000066683,1.0,243.9218081475856,246.86465763300552,58.5,103.02825633162935,3168.843791445303,216.0,8663.0,69.49660753961848
320,16.0,245.3693964825743,240.70854806439354,303.5132066217524,148.54338480980655,0.9746004319654428,243.90900238186333,242.73206560203113,242.73206560203113,284.6250458102165,307.55794859215683,64.8258829901257,0.26706765267844884,58.5,58.5,26.78759765625,113.51948510089089,112.44071796547784,103.03034059464036,111.20407248808982,196.0,0.47540983606557374,3168.843791445303,21335.426265009806,20988.5,-17819.656208554698,8672.0,9260.0,777.0,0.08390928725701943,2,0,1.5,0.9306930693069307,10.055220344755691,5.109435766544631,0.47540983606557374,0.0,0.0,0.0,0.0,12.0,16.0,216.0,0.9836065573770492,72,72,121.34358927494881,0.0,82,242.73206560203113,3168.843791445303,2.643288843836114,6.000580676039229,634.6268208814446,341.9944612110107,0.6175200013373273,0.28680423209728123,61.0902,0.994399,21803.4336,0.862682,21846.0,22564.0,0.6309972686367692,0.8300238299571927,0.17045454545522626,1.0,243.9218081475856,246.76116639278405,58.5,103.02791293237723,3168.843791445303,216.0,8663.0,69.6005062980903
321,16.05,247.90659689811434,241.44989141489444,303.82760295705924,148.5596573015057,0.9733831940167179,243.93580842851188,245.0079458025333,245.0079458025333,292.81782145070315,332.3075266637685,87.2995808612352,0.35631326394448937,59.0,59.0,27.181396484375,113.56190553833343,112.35641185082088,103.02791293237723,111.20731268286539,196.0,0.47540983606557374,3277.0177096102857,21329.165551731236,20985.5,-17708.482290389715,8487.0,9092.0,775.0,0.0852397712274527,2,0,1.5,0.9283351708930541,9.941213223441283,5.1748864142967665,0.47540983606557374,0.0,0.0,0.0,0.0,12.0,16.0,216.0,0.9836065573770492,66,66,120.39759096859633,0.0,83,245.0079458025333,3277.0177096102857,2.643288843836114,0.3148171685923221,634.6268208814446,341.9944612110107,0.6139338304954756,0.2867258505745115,61.203,0.995067,21802.248,0.862635,21851.0,22567.0,0.6308540287968605,0.82494434235038,0.17613636363703977,1.0,243.9218081475856,246.66070673663768,59.0,103.02782772271252,3175.100895100185,216.0,8663.0,69.6005062980903
322,16.1,245.3693964825743,240.70854806439354,303.53100672718097,148.5461101193774,0.9741712558039088,243.95394638232273,242.93400739349892,242.93400739349892,290.7059665674794,312.4306149331174,69.49660753961848,0.2860719595632796,58.5,58.5,26.78759765625,113.45740245782007,112.43940319876758,102.98614134207425,111.19861346616001,196.0,0.47540983606557374,3175.100895100185,21331.40931318487,20988.5,-17813.399104899814,8663.0,9261.0,775.0,0.08368426735773675,2,0,1.5,0.9281767955801105,10.480184467870941,5.327657257046354,0.47540983606557374,0.0,0.0,0.0,0.0,12.0,16.0,216.0,0.9836065573770492,69,69,120.241696116196,0.0,83,242.93400739349892,3175.100895100185,2.643288843836114,0.2969054558636874,634.6268208814446,341.9944612110107,0.6172017957638735,0.28667281476291784,61.3158,0.995674,21801.1953,0.862594,21843.0,22565.0,0.6307571074703329,0.8295731204572674,0.17045454545522626,1.0,243.92191470516792,245.261016908856,60.0,102.98614134207425,3229.644463675785,216.0,8663.0,80.64882004438132
323,16.15,246.92816538553257,241.22538466779193,306.9270844990913,143.67204291543305,0.9743299193724123,243.9218081475856,246.66070673663768,246.66070673663768,296.462762298668,316.261213034728,69.6005062980903,0.2821710325041901,60.0,60.0,26.793701171875,113.49096395892188,112.44022695092845,102.98551672355708,111.20166852594336,196.0,0.47540983606557374,3229.644463675785,21336.817797956846,20987.0,-17757.355536324216,8589.0,9178.0,775.0,0.08444105469601221,2,0,1.5,0.9269911504424779,10.156426978866488,5.138734147852205,0.47540983606557374,0.0,0.0,0.0,0.0,12.0,20.0,212.0,0.9672131147540983,68,68,115.93951207178118,0.0,84,246.66070673663768,3229.644463675785,1.6422181850905473,5.940528203908236,634.6268208814446,341.9944612110107,0.6113295268642347,0.28676678773143705,61.4286,0.996223,21800.2656,0.862557,21848.0,22563.5,0.6309288402013488,0.8212555811054099,0.18750000000066683,1.0,243.9218081475856,245.261016908856,60.0,102.98552213907449,3244.838970697874,212.0,8655.0,80.89936410569445
324,16.2,247.90659689811434,241.44989141489444,306.5838922274439,143.37531994931928,0.9745735086384875,243.91112415954825,247.0838291830094,247.0838291830094,306.23335531498225,330.644148422286,83.56031923927657,0.33818611082550987,60.0,60.0,27.181396484375,113.53904494899771,112.4409414439611,102.98417559730797,111.20561694204476,196.0,0.47540983606557374,3340.824671168374,21341.733801791648,20988.0,-17647.175328831625,8618.0,9203.0,774.0,0.08410300988807998,2,0,1.5,0.9269911504424779,10.219137973375421,4.871876056404055,0.47540983606557374,0.0,0.0,0.0,0.0,12.0,20.0,212.0,0.9672131147540983,69,69,116.20357819386986,0.0,84,247.0838291830094,3340.824671168374,1.0038583088801014,0.45367990250597207,634.6268208814446,341.9944612110107,0.6106628004788228,0.2867980279684851,61.5414,0.996718,21799.4473,0.862525,21847.0,22563.0,0.6309859307808036,0.82031122330396,0.18750000000066683,1.0,243.9218081475856,245.261016908856,60.0,102.98551672355708,3251.3286147422496,212.0,8663.0,80.64882004438132
325,16.25,247.85357104990638,241.64141295658192,303.78294865039504,148.56040521408264,0.9750969409737182,243.90438109587132,245.19993938693764,245.19993938693764,310.59069929275427,325.84875943131897,80.64882004438132,0.3289104403778563,60.0,60.0,26.78759765625,113.52950198553515,112.44084403409838,102.98448433513198,111.20487411660933,196.0,0.47540983606557374,3308.884580139651,21348.351192685743,20991.5,-17682.615419860347,8706.0,9284.0,774.0,0.08336923739767342,2,0,1.5,0.9289678135405105,10.765696609696265,4.8273381379332685,0.47540983606557374,0.0,0.0,0.0,0.0,12.0,20.0,212.0,0.9672131147540983,69,69,117.92579684851412,0.0,83,245.19993938693764,3308.884580139651,0.19872654958138555,5.893249878011071,634.6268208814446,341.9944612110107,0.613631300602179,0.2868177448482645,61.6541,0.997162,21798.7344,0.862496,21848.0,22560.0,0.6310219627766529,0.8245158360378094,0.18750000000066683,1.0,243.9218081475856,245.261016908856,60.0,102.98465974234571,3251.3286147422496,212.0,8669.0,80.89936410569445
326,16.3,247.89181578307262,241.57656275166846,303.7161176723355,148.56152456253417,0.9753548387096774,243.9035729272395,245.18886618082527,245.18886618082527,310.65280189102884,326.0882302865197,80.89936410569445,0.3299471357155005,60.0,60.0,26.78759765625,113.53123939835346,112.44086342238353,102.98442971056006,111.20501087820193,196.0,0.47540983606557374,3311.9200623252204,21348.33456114616,20991.5,-17679.57993767478,8727.0,9300.0,773.0,0.08311827956989247,2,0,1.5,0.92880978865406,10.761039285118265,4.791883137886375,0.47540983606557374,0.0,0.0,0.0,0.0,12.0,20.0,212.0,0.9672131147540983,70,70,117.80426623431784,0.0,83,245.18886618082527,3311.9200623252204,0.07528750688045006,0.06684035135569584,634.6268208814446,341.9944612110107,0.6136487489761652,0.2868201079527105,61.7669,0.997559,21798.1094,0.862472,21841.0,22556.0,0.6310262812778835,0.8245405500861163,0.18750000000066683,1.0,243.92191470516792,245.261016908856,60.0,102.98448433513198,3277.0177096102857,212.0,8669.0,82.23914243558531
327,16.35,247.89181578307262,241.57656275166846,303.75484668069134,148.56087589245945,0.9750784207679828,243.92191470516792,245.261016908856,245.261016908856,291.44590671309487,328.76613053083315,83.50511362197716,0.3404744654263966,60.0,60.0,26.0,113.49072170347733,112.4402219510588,102.98552213907449,111.20164734413405,196.0,0.47540983606557374,3327.702869964461,21343.30683874999,20992.0,-17664.29713003554,8669.0,9245.0,774.0,0.08372093023255814,2,0,1.5,0.92880978865406,10.867915345076707,4.954980490379199,0.47540983606557374,0.0,0.0,0.0,0.0,12.0,20.0,212.0,0.9672131147540983,69,69,117.86350630212141,0.0,83,245.261016908856,3327.702869964461,0.0,0.03873444024500652,634.6268208814446,341.9944612110107,0.6135350589686572,0.2867664761545128,61.8797,0.997913,21797.5703,0.86245,21843.0,22554.0,0.630928270804032,0.8243795184427223,0.18750000000066683,1.0,243.92191470516792,245.29819383853135,60.0,102.98442971056006,3287.752107511518,212.0,8674.0,80.89936410569445
328,16.4,247.89181578307262,241.57656275166846,303.7667010954847,148.56067734350464,0.9747423239665834,243.90703621691821,245.36860119362498,245.36860119362498,305.58159931017343,327.6077436292103,82.23914243558531,0.33516571409513335,60.0,60.0,26.0,113.52376407200614,112.44077479273705,102.98465974234571,111.20441766000044,196.0,0.47540983606557374,3244.838970697874,21364.702456535855,20992.0,-17747.161029302126,8635.0,9217.0,775.0,0.08408375827275687,2,0,1.5,0.92880978865406,10.589982917580047,5.034547827899935,0.47540983606557374,0.0,0.0,0.0,0.0,12.0,20.0,212.0,0.9672131147540983,69,69,117.76507614226388,0.0,83,245.36860119362498,3244.838970697874,0.0,0.011856077419613172,634.6268208814446,341.9944612110107,0.6133655352718498,0.2868099812106971,61.9925,0.998227,21797.1016,0.862432,21848.0,22552.5,0.6310077749660189,0.8241394034133587,0.18750000000066683,1.0,243.92191470516792,245.33737875200688,60.0,102.98417559730797,3308.884580139651,212.0,8706.0,82.23914243558531
329,16.45,247.89181578307262,241.57656275166846,303.84952697623396,148.55929009728953,0.9751324467510001,243.92386024205175,245.29819383853135,245.29819383853135,290.465865026488,322.88208565216877,77.58389181363742,0.31628399133141344,60.0,60.0,26.78759765625,113.55082387290096,112.44103090319621,102.98376502546247,111.12582222251486,196.0,0.47540983606557374,3251.3286147422496,21368.45422177949,20991.0,-17739.671385257752,8674.0,9249.0,770.0,0.08325224348578225,2,0,1.45,0.9322799097065463,10.517320629110671,4.999409937930767,0.47540983606557374,0.0,0.0,0.0,0.0,12.0,20.0,212.0,0.9672131147540983,70,70,117.52456224409588,0.0,83,245.29819383853135,3251.3286147422496,0.0,0.08283749739070925,634.6268208814446,341.9944612110107,0.6134764781957494,0.28676078735804245,62.1053,0.998503,21796.6992,0.862416,21847.0,22554.0,0.6309178747021589,0.8242965440605454,0.18750000000066683,1.0,243.92386024205175,245.33737875200688,60.0,102.98376502546247,3308.884580139651,212.0,8727.0,82.23914243558531
330,16.5,247.89181578307262,241.57656275166846,303.8212854098974,148.5597631137628,0.9754355775435577,243.99271318148965,245.33737875200688,245.33737875200688,286.91724507722887,334.7227818791987,89.38540312719181,0.36433666806860604,59.5,59.5,26.0,113.60437862252829,112.4410007247635,102.98147953332698,111.13173339473781,196.0,0.47540983606557374,3230.138285548089,21364.534921528673,20994.5,-17764.361714451912,8727.0,9298.0,769.0,0.08270595827059583,2,0,1.45,0.9333333333333333,9.922813816628105,4.695747739519265,0.47540983606557374,0.0,0.0,0.0,0.0,12.0,20.0,212.0,0.9672131147540983,70,70,119.18199049003725,0.0,83,245.33737875200688,3230.138285548089,0.0,0.02824552732247661,634.6268208814446,341.9944612110107,0.6134147333841746,0.28655945971316166,62.218,0.998745,21796.3555,0.862402,21851.0,22553.0,0.6305499545775827,0.8242090881029212,0.1818181818188533,1.0,243.94944820574852,245.33737875200688,60.0,102.98297020827437,3287.752107511518,212.0,8727.0,80.89936410569445
331,16.55,246.90861684428467,241.34670440322694,304.20613856347927,148.52658157097196,0.9790967741935483,247.9159868374877,244.9475727364338,244.9475727364338,298.42484284477973,333.3887261981503,88.44115346171651,0.3610615629854807,62.5,62.5,30.79986572265625,113.58249909658954,112.4366926262244,102.98249712141322,111.12939509253368,192.0,0.4838709677419355,3287.752107511518,21458.3877637025,21083.5,-17795.74789248848,8814.0,9300.0,682.0,0.07333333333333333,2,0,1.45,0.9333333333333333,7.515804347078709,4.700447518420468,0.4838709677419355,0.0,0.0,0.0,0.0,16.0,20.0,212.0,0.9838709677419355,70,70,118.8366764012176,0.008461131676361755,83,244.9475727364338,3287.752107511518,1.0097103612333673,0.3862809399955836,634.6268208814446,341.9944612110107,0.6140289620974075,0.2750877135272566,62.3308,0.998957,21796.0645,0.862391,21852.0,22554.0,0.6095856886501516,0.8250790876858198,0.2159090909097344,1.0,243.9541588617913,245.36860119362498,60.0,102.98286933039502,3287.752107511518,212.0,8741.0,82.23914243558531
332,16.6,248.41986470529085,241.92224400212166,304.4938326305487,148.45152721008452,0.9789678255236449,247.90967980424824,246.57315452611493,246.57315452611493,293.63160355843854,321.595500358502,75.02234583238709,0.3042599912248004,63.0,63.0,30.756591796875,113.57136583263735,112.43667053023027,102.98297020827437,111.12816438474881,192.0,0.4838709677419355,3330.599715243446,21458.485444908627,21082.5,-17751.900284756553,8775.0,9262.0,682.0,0.07363420427553444,2,0,1.45,0.9333333333333333,7.545999808203426,4.7333574993801095,0.4838709677419355,0.0,0.0,0.0,0.0,16.0,20.0,212.0,0.9838709677419355,69,69,118.82577706355838,0.0,84,246.57315452611493,3330.599715243446,1.6171320067612476,0.2973231126487942,634.6268208814446,341.9944612110107,0.6114674854371187,0.27510615544358796,62.4436,0.999141,21795.8164,0.862381,21857.0,22555.0,0.6096193906892238,0.821450986983189,0.2215909090915479,1.0,243.9541588617913,245.44715624428542,60.0,102.98249712141322,3276.694609213184,212.0,8741.0,83.50511362197716
333,16.65,248.41986470529085,241.92224400212166,303.4753332889891,148.5370869842671,0.9789813718100571,247.91106309558467,245.44715624428542,245.44715624428542,291.52828224161277,329.02946119751977,83.58230495323434,0.34053075306379854,63.0,63.0,30.756591796875,113.57379995664755,112.43667802113656,102.98286933039502,111.12843579752531,192.0,0.4838709677419355,3338.698923263274,21454.480340401504,21080.0,-17741.301076736727,8799.0,9287.0,682.0,0.07343598578658339,2,0,1.45,0.9333333333333333,7.539405317830254,4.72132581401796,0.4838709677419355,0.0,0.0,0.0,0.0,16.0,20.0,212.0,0.9838709677419355,69,69,119.92044122963047,0.0,83,245.44715624428542,3338.698923263274,0.0,1.0220867789554604,634.6268208814446,341.9944612110107,0.6132417537862969,0.27510211066657164,62.5564,0.999301,21795.6094,0.862373,21858.0,22553.0,0.6096119989827117,0.8239640781013345,0.2215909090915479,1.0,243.99271318148965,246.57315452611493,60.0,102.98147953332698,3263.1743896037233,212.0,8741.0,82.23914243558531
334,16.7,248.41986470529085,241.92224400212166,304.4762860685652,148.48167965154065,0.9750804203302594,243.9541588617913,246.6030915873503,246.6030915873503,278.03367252867304,320.51236733667236,73.90927574932206,0.29970944513946757,58.5,58.5,26.0,113.6244372582682,112.44510934477643,102.980442902264,111.1337822510649,196.0,0.47540983606557374,3263.1743896037233,21359.638278946793,20993.5,-17730.325610396278,8745.0,9326.0,770.0,0.08256487239974265,2,0,1.45,0.9323562570462233,9.867884481157624,4.654538855489633,0.47540983606557374,0.0,0.0,0.0,0.0,12.0,16.0,216.0,0.9836065573770492,72,72,118.95636174000754,0.008461131676361755,84,246.6030915873503,3263.1743896037233,0.0,1.002485131790478,634.6268208814446,341.9944612110107,0.6114203127361701,0.2866721934678599,62.6692,0.99944,21795.4355,0.862366,21861.0,22553.0,0.6307559720725824,0.8213841711061952,0.17045454545522626,1.0,247.88793740989416,246.6030915873503,61.5,102.98099717113733,3263.1743896037233,212.0,8741.0,80.32230272625142
335,16.75,248.41986470529085,241.92224400212166,304.4865311089455,148.47762288329173,0.9751099667417659,243.94944820574852,246.62548597726962,246.62548597726962,297.2047426321276,326.94778870352104,80.32230272625142,0.32568532975401565,58.5,58.5,26.0,113.61395370954958,112.44525175150662,102.98099717113733,111.13272283593881,196.0,0.47540983606557374,3276.694609213184,21357.93402891887,20995.5,-17718.805390786816,8741.0,9321.0,770.0,0.08260916210707006,2,0,1.45,0.9323562570462233,9.896628698942964,4.632359804412923,0.47540983606557374,0.0,0.0,0.0,0.0,12.0,16.0,216.0,0.9836065573770492,70,70,119.07179673522552,0.0,84,246.62548597726962,3276.694609213184,0.0,0.011018993648225239,634.6268208814446,341.9944612110107,0.6113850252425086,0.2866859675390133,62.782,0.999559,21795.293,0.86236,21861.0,22553.5,0.6307811437670989,0.8213341895535493,0.17045454545522626,1.0,247.88793740989416,246.62548597726962,61.5,102.980442902264,3263.1743896037233,212.0,8741.0,80.32230272625142
336,16.8,248.41986470529085,241.92224400212166,307.1156888800233,143.9424587306606,0.9785921547555079,247.89157577832776,248.5103943034922,248.5103943034922,309.3437409946963,339.8973499500651,91.38695564657291,0.3677389668255365,61.5,61.5,30.79986572265625,113.53989070083347,112.4454569754624,102.53126325567156,111.12453828892826,196.0,0.4838709677419355,3355.9203713874313,21463.064177053016,21085.5,-17729.57962861257,8807.0,9305.0,682.0,0.07329392799570124,2,0,1.45,0.9333333333333333,7.630907676745734,4.763938637415024,0.4838709677419355,0.0,0.0,0.0,0.0,16.0,20.0,212.0,0.9838709677419355,65,65,117.82686420503676,0.008461131676361755,84,248.5103943034922,3355.9203713874313,0.0,5.2421545643494,634.6268208814446,341.9944612110107,0.608414920191473,0.2751590920492172,62.8947,0.999659,21795.1777,0.862356,21862.0,22555.5,0.6097161307198801,0.8171273035843698,0.20454545454610737,1.0,247.88793740989416,247.35182956500898,61.5,102.53390649744608,3263.1743896037233,212.0,8741.0,75.02234583238709
337,16.85,248.41986470529085,241.92224400212166,307.1258209934319,143.96025415271947,0.9739158929546696,243.9221233516289,248.4967281241184,248.4967281241184,308.4042218863284,341.8478602831041,93.35113215898573,0.3756634256864702,58.5,58.5,25.5751953125,113.49024710813765,112.44483529761153,102.53390649744608,111.11838853729441,200.0,0.47540983606557374,3094.0216402172978,21335.53029389688,20994.0,-17899.9783597827,8558.0,9155.0,769.0,0.08399781540141998,2,0,1.45,0.935374149659864,10.679312437190292,5.123691595999745,0.47540983606557374,0.0,0.0,0.0,0.0,12.0,16.0,216.0,0.9836065573770492,66,66,117.3571247067012,0.008461131676361755,84,248.4967281241184,3094.0216402172978,0.0,0.020477713944132322,634.6268208814446,341.9944612110107,0.6084364543890899,0.28676586606726095,63.0075,0.999744,21795.0859,0.862352,21865.0,22556.5,0.630927155888205,0.8171578048334016,0.17045454545522626,1.0,244.0002375098762,247.35182956500898,58.5,102.5316277721054,3147.146493259147,216.0,8726.0,74.3831657862525
338,16.9,248.41986470529085,241.92224400212166,307.0896410525649,143.8967099253869,0.9784862285838213,247.9080250839636,248.4766813389558,248.4766813389558,293.9629164385093,322.8598471252083,74.3831657862525,0.29935672589245427,61.5,61.5,26.36279296875,113.47963943944896,112.436659644059,102.52947506533457,111.12783863248455,196.0,0.4838709677419355,3147.146493259147,21444.666791588672,21081.5,-17934.353506740852,8726.0,9222.0,680.0,0.07373671654738669,2,0,1.45,0.9459148446490219,7.202863006645476,4.97161885622279,0.4838709677419355,0.0,0.0,0.0,0.0,16.0,20.0,212.0,0.9838709677419355,70,70,117.7175769394804,0.008461131676361755,84,248.4766813389558,3147.146493259147,0.0,0.07312220557692377,634.6268208814446,341.9944612110107,0.6084680426934335,0.2751109938853534,63.1203,0.999813,21795.0117,0.862349,21866.0,22555.5,0.6096282327938345,0.8172025468179608,0.20454545454610737,1.0,244.0002375098762,247.35182956500898,58.5,102.53126325567156,3147.146493259147,216.0,8714.0,73.90927574932206
339,16.95,248.41986470529085,241.92224400212166,307.0896410525649,143.8967099253869,0.9784360705728599,247.88793740989416,248.4766813389558,248.4766813389558,293.96400986630937,321.15612633728034,72.67944499832453,0.2925000632118872,61.5,61.5,26.36279296875,113.44319673260777,112.43636653967143,102.5316277721054,111.12379359547562,196.0,0.4838709677419355,3147.146493259147,21451.159469298094,21080.5,-17933.353506740852,8687.0,9182.0,680.0,0.07405793944674363,2,0,1.45,0.9459148446490219,7.2966650640932365,5.120998818472216,0.4838709677419355,0.0,0.0,0.0,0.0,16.0,20.0,212.0,0.9838709677419355,70,70,118.62120826438314,0.0,84,248.4766813389558,3147.146493259147,0.0,0.0,634.6268208814446,341.9944612110107,0.6084680426934335,0.2751697307257054,63.2331,0.999868,21794.957,0.862347,21866.0,22555.5,0.6097355725763682,0.8172025468179608,0.20454545454610737,1.0,244.0001302589905,248.4766813389558,58.5,102.52947506533457,3097.6643135541926,216.0,8689.0,72.67944499832453
340,17.0,248.41986470529085,241.92224400212166,307.0896410525649,143.8967099253869,0.9751991388589882,243.95611713713464,248.4766813389558,248.4766813389558,292.27085139812965,315.30454090252243,66.82785956356662,0.2689502258459593,58.5,58.5,25.5751953125,113.54214634187042,112.44075269263784,102.52508807253034,111.13415012368534,200.0,0.47540983606557374,3097.6643135541926,21351.181243882682,20995.0,-17897.335686445807,8714.0,9290.0,768.0,0.08266953713670613,2,0,1.45,0.9448909299655568,9.552319866532136,4.756475118101761,0.47540983606557374,0.0,0.0,0.0,0.0,12.0,16.0,216.0,0.9836065573770492,74,74,117.7469332548357,0.008461131676361755,84,248.4766813389558,3097.6643135541926,0.0,0.0,634.6268208814446,341.9944612110107,0.6084680426934335,0.28666646742382873,63.3459,0.999912,21794.9141,0.862345,21867.0,22556.5,0.6307455079019288,0.8172025468179608,0.17045454545522626,1.0,244.0001302589905,248.4766813389558,58.5,102.52557216535482,3097.6643135541926,216.0,8687.0,67.95325925387641
341,17.05,247.89181578307262,241.57656275166846,306.5613694065973,143.36143562727713,0.9752350081037278,244.0001302589905,247.35182956500898,247.35182956500898,292.63928557134915,315.3027842193891,67.9509546543801,0.2747137741971754,58.5,58.5,25.5875244140625,113.53582926064985,112.4408295432181,102.52557216535482,111.13354901436945,200.0,0.47540983606557374,3060.171212473879,21352.28994493427,20994.5,-17934.32878752612,8682.0,9255.0,767.0,0.08287412209616424,2,0,1.45,0.9459148446490219,9.568876479522695,4.783156404105841,0.47540983606557374,0.0,0.0,0.0,0.0,12.0,16.0,216.0,0.9836065573770492,75,75,118.53336211853454,0.0,84,247.35182956500898,3060.171212473879,0.6311348438889448,0.7520568503445835,634.6268208814446,341.9944612110107,0.6102405044566859,0.2865377720008092,63.4586,0.999945,21794.8848,0.862344,21865.0,22556.0,0.6305103209453748,0.8197130790700554,0.17045454545522626,1.0,244.0001302589905,248.4766813389558,58.5,102.52556411842758,3097.6643135541926,216.0,8683.0,67.95325925387641
342,17.1,247.89181578307262,241.57656275166846,306.5613694065973,143.36143562727713,0.9752376836646499,244.0002375098762,247.35182956500898,247.35182956500898,292.63643491666255,315.3050888188854,67.95325925387641,0.27472309128814,58.5,58.5,25.5875244140625,113.53593526666893,112.44082833195056,102.52556411842758,111.1335591705606,200.0,0.47540983606557374,3060.171212473879,21352.288671585437,20994.5,-17934.32878752612,8683.0,9256.0,767.0,0.08286516853932584,2,0,1.45,0.9459148446490219,9.568598850253037,4.782565182919898,0.47540983606557374,0.0,0.0,0.0,0.0,12.0,16.0,216.0,0.9836065573770492,75,75,118.53455037120271,0.0,84,247.35182956500898,3060.171212473879,0.0,0.0,634.6268208814446,341.9944612110107,0.6102405044566859,0.28653745839664935,63.5714,0.999969,21794.8633,0.862343,21863.0,22555.0,0.6305097478433469,0.8197130790700554,0.17045454545522626,1.0,243.9719384603884,248.41719263052616,58.5,102.52556411842758,3097.6643135541926,216.0,8683.0,67.9509546543801
343,17.15,247.89181578307262,241.57656275166846,306.5613694065973,143.36143562727713,0.9752376836646499,244.0002375098762,247.35182956500898,247.35182956500898,292.63643491666255,315.3050888188854,67.95325925387641,0.27472309128814,58.5,58.5,25.5875244140625,113.53593526666893,112.44082833195056,102.52556411842758,111.1335591705606,200.0,0.47540983606557374,3060.171212473879,21352.288671585437,20994.5,-17934.32878752612,8683.0,9256.0,767.0,0.08286516853932584,2,0,1.45,0.9459148446490219,9.568598850253037,4.782565182919898,0.47540983606557374,0.0,0.0,0.0,0.0,12.0,16.0,216.0,0.9836065573770492,75,75,118.53455037120271,0.0,84,247.35182956500898,3060.171212473879,0.0,0.0,634.6268208814446,341.9944612110107,0.6102405044566859,0.28653745839664935,63.6842,0.999985,21794.8516,0.862343,21863.0,22554.0,0.6305097478433469,0.8197130790700554,0.17045454545522626,1.0,243.9719384603884,248.41719263052616,58.5,102.52535188693676,3108.135705722138,216.0,8683.0,66.82785956356662
344,17.2,248.41986470529085,241.92224400212166,307.0896410525649,143.8967099253869,0.9752132138615999,243.95438591718272,248.4766813389558,248.4766813389558,292.62911528507254,315.1244286027288,66.647747263773,0.26822535983912493,58.5,58.5,25.5751953125,113.53871878255626,112.44079557003504,102.52535188693676,111.13382500979252,200.0,0.47540983606557374,3097.6643135541926,21355.550999577685,20994.5,-17896.835686445807,8689.0,9263.0,768.0,0.08291050415632084,2,0,1.45,0.9448909299655568,9.561306334906748,4.791077032042001,0.47540983606557374,0.0,0.0,0.0,0.0,12.0,16.0,216.0,0.9836065573770492,75,75,117.88689710507266,0.0,84,248.4766813389558,3097.6643135541926,0.6311348438889448,0.7520568503445835,634.6268208814446,341.9944612110107,0.6084680426934335,0.28667152955245434,63.797,0.999994,21794.8438,0.862342,21863.0,22554.0,0.6307547587874478,0.8172025468179608,0.17045454545522626,1.0,243.9719334869436,248.41719263052616,58.5,102.52508807253034,3108.135705722138,216.0,8682.0,66.66647539950432
345,17.25,248.41986470529085,241.92224400212166,307.10828089993396,143.92944780915013,0.9748886716628653,243.9719334869436,248.41719263052616,248.41719263052616,291.9895826110189,315.0406554375383,66.62346280701215,0.26819183528131246,58.5,58.5,25.5751953125,113.57389585289542,112.44022131007131,102.48024472459359,111.13704335629619,200.0,0.47540983606557374,3108.135705722138,21361.992293213596,20994.5,-17886.36429427786,8629.0,9207.0,768.0,0.08341479309221245,2,0,1.45,0.9448909299655568,9.468727217641757,4.659579022470984,0.47540983606557374,0.0,0.0,0.0,0.0,12.0,16.0,216.0,0.9836065573770492,74,74,117.97110115496471,0.0,84,248.41719263052616,3108.135705722138,0.0,0.037672442756445365,634.6268208814446,341.9944612110107,0.6085617807871797,0.2866202200379705,63.9098,0.999999,21794.8418,0.862342,21863.0,22554.0,0.6306609922161853,0.8173353183747181,0.17045454545522626,1.0,243.9719334869436,248.3447600909779,58.5,102.48036447871876,3108.135705722138,216.0,8674.0,66.647747263773
346,17.3,248.41986470529085,241.92224400212166,307.10828089993396,143.92944780915013,0.9748886716628653,243.9719334869436,248.41719263052616,248.41719263052616,291.9895826110189,315.0406554375383,66.62346280701215,0.26819183528131246,58.5,58.5,25.5751953125,113.57389585289542,112.44022131007131,102.48024472459359,111.13704335629619,200.0,0.47540983606557374,3108.135705722138,21361.992293213596,20994.5,-17886.36429427786,8629.0,9207.0,768.0,0.08341479309221245,2,0,1.45,0.9448909299655568,9.468727217641757,4.659579022470984,0.47540983606557374,0.0,0.0,0.0,0.0,12.0,16.0,216.0,0.9836065573770492,74,74,117.97110115496471,0.0,84,248.41719263052616,3108.135705722138,0.0,0.0,634.6268208814446,341.9944612110107,0.6085617807871797,0.2866202200379705,64.0226,1.0,21794.8398,0.862342,21863.0,22554.0,0.6306609922161853,0.8173353183747181,0.17045454545522626,1.0,243.9719334869436,248.3447600909779,58.5,102.48036447871876,3108.135705722138,216.0,8674.0,66.62346280701215
347,17.35,248.41986470529085,241.92224400212166,307.10828089993396,143.92944780915013,0.974885943949598,243.9719384603884,248.41719263052616,248.41719263052616,292.17498358698396,315.0836680300305,66.66647539950432,0.26836498188214436,58.5,58.5,25.5751953125,113.57390596455113,112.44022110191797,102.48024409889638,111.13704424343513,200.0,0.47540983606557374,3108.135705722138,21361.992185489617,20994.5,-17886.36429427786,8628.0,9206.0,768.0,0.08342385400825549,2,0,1.45,0.9448909299655568,9.468700493098869,4.661083336431916,0.47540983606557374,0.0,0.0,0.0,0.0,12.0,16.0,216.0,0.9836065573770492,74,74,117.92784394245004,0.0,84,248.41719263052616,3108.135705722138,0.0,0.0,634.6268208814446,341.9944612110107,0.6085617807871797,0.2866202054954988,64.1353,1.0,21794.8398,0.862342,21863.0,22554.0,0.6306609656402621,0.8173353183747181,0.17045454545522626,1.0,243.97097733465023,248.3447600909779,58.5,102.48036447871876,3108.135705722138,216.0,8674.0,66.62346280701215
348,17.4,248.41986470529085,241.92224400212166,307.12118080125686,143.95210440400865,0.9750513458004539,243.97097733465023,248.3447600909779,248.3447600909779,288.7819920827638,313.0538175294141,64.70905743843622,0.26056139624097924,59.0,59.0,23.99371337890625,113.57195341425675,112.44026083319726,102.48036447871876,111.13687252977176,200.0,0.47540983606557374,3113.3017767128877,21362.01289584276,20994.5,-17881.198223287112,8674.0,9251.0,768.0,0.08301805210247541,2,0,1.45,0.9448909299655568,9.473859764154984,4.612960938098308,0.47540983606557374,0.0,0.0,0.0,0.0,12.0,16.0,216.0,0.9836065573770492,75,75,117.89627690613506,0.0,84,248.3447600909779,3113.3017767128877,0.0,0.02607160801951937,634.6268208814446,341.9944612110107,0.608675914853319,0.28662301585018923,64.2481,1.0,21794.8398,0.862342,21863.0,22554.0,0.63066610147766,0.8174969789871195,0.17613636363703977,1.0,243.97097733465023,248.3447600909779,59.0,102.48036447871876,3113.3017767128877,216.0,8674.0,64.83879926695738
349,17.45,248.41986470529085,241.92224400212166,307.12118080125686,143.95210440400865,0.9750513458004539,243.97097733465023,248.3447600909779,248.3447600909779,288.7819920827638,313.0538175294141,64.70905743843622,0.26056139624097924,59.0,59.0,23.99371337890625,113.57195341425675,112.44026083319726,102.48036447871876,111.13687252977176,200.0,0.47540983606557374,3113.3017767128877,21362.01289584276,20994.5,-17881.198223287112,8674.0,9251.0,768.0,0.08301805210247541,2,0,1.45,0.9448909299655568,9.473859764154984,4.612960938098308,0.47540983606557374,0.0,0.0,0.0,0.0,12.0,16.0,216.0,0.9836065573770492,75,75,117.89627690613506,0.0,84,248.3447600909779,3113.3017767128877,0.0,0.0,634.6268208814446,341.9944612110107,0.608675914853319,0.28662301585018923,64.3609,1.0,21794.8398,0.862342,21863.0,22554.0,0.63066610147766,0.8174969789871195,0.17613636363703977,1.0,243.97097733465023,248.3447600909779,59.0,102.48036447871876,3113.3017767128877,216.0,8674.0,64.7352632957543
350,17.5,248.41986470529085,241.92224400212166,307.12118080125686,143.95210440400865,0.9750513458004539,243.97097733465023,248.3447600909779,248.3447600909779,288.7819920827638,313.0538175294141,64.70905743843622,0.26056139624097924,59.0,59.0,23.99371337890625,113.57195341425675,112.44026083319726,102.48036447871876,111.13687252977176,200.0,0.47540983606557374,3113.3017767128877,21362.01289584276,20994.5,-17881.198223287112,8674.0,9251.0,768.0,0.08301805210247541,2,0,1.45,0.9448909299655568,9.473859764154984,4.612960938098308,0.47540983606557374,0.0,0.0,0.0,0.0,12.0,16.0,216.0,0.9836065573770492,75,75,117.89627690613506,0.0,84,248.3447600909779,3113.3017767128877,0.0,0.0,634.6268208814446,341.9944612110107,0.608675914853319,0.28662301585018923,64.4737,1.0,21794.8398,0.862342,21863.0,22554.0,0.63066610147766,0.8174969789871195,0.17613636363703977,1.0,243.97097733465023,248.3447600909779,59.0,102.48036447871876,3113.3017767128877,216.0,8674.0,64.72206848983052
351,17.55,248.41986470529085,241.92224400212166,307.12118080125686,143.95210440400865,0.9750513458004539,243.97097733465023,248.3447600909779,248.3447600909779,288.7819920827638,313.0538175294141,64.70905743843622,0.26056139624097924,59.0,59.0,23.99371337890625,113.57195341425675,112.44026083319726,102.48036447871876,111.13687252977176,200.0,0.47540983606557374,3113.3017767128877,21362.01289584276,20994.5,-17881.198223287112,8674.0,9251.0,768.0,0.08301805210247541,2,0,1.45,0.9448909299655568,9.473859764154984,4.612960938098308,0.47540983606557374,0.0,0.0,0.0,0.0,12.0,16.0,216.0,0.9836065573770492,75,75,117.89627690613506,0.0,84,248.3447600909779,3113.3017767128877,0.0,0.0,634.6268208814446,341.9944612110107,0.608675914853319,0.28662301585018923,64.5865,1.0,21794.8398,0.862342,21863.0,22554.0,0.63066610147766,0.8174969789871195,0.17613636363703977,1.0,243.97097733465023,248.3447600909779,59.0,102.48036447871876,3113.3017767128877,216.0,8674.0,64.72206848983052
352,17.6,248.41986470529085,241.92224400212166,307.12118080125686,143.95210440400865,0.975018908698001,243.96996921762687,248.3447600909779,248.3447600909779,288.77504801063503,313.0800233867322,64.7352632957543,0.2606669183277286,59.0,59.0,23.99371337890625,113.56990871822495,112.44030144288018,102.4804895887118,111.13669183403158,200.0,0.47540983606557374,3113.3017767128877,21362.03438757794,20994.5,-17881.198223287112,8677.0,9255.0,768.0,0.08298217179902755,2,0,1.45,0.9448909299655568,9.479259907815159,4.619055226497403,0.47540983606557374,0.0,0.0,0.0,0.0,12.0,16.0,216.0,0.9836065573770492,75,75,117.91926200979852,0.0,84,248.3447600909779,3113.3017767128877,0.0,0.0,634.6268208814446,341.9944612110107,0.608675914853319,0.28662596360852366,64.6992,1.0,21794.8398,0.862342,21863.0,22554.0,0.6306714884160225,0.8174969789871195,0.17613636363703977,1.0,243.97097733465023,248.3447600909779,59.0,102.48036447871876,3113.3017767128877,216.0,8674.0,64.72206848983052
353,17.65,248.41986470529085,241.92224400212166,307.12118080125686,143.95210440400865,0.9749540391478317,243.9731231254384,248.3447600909779,248.3447600909779,288.8884954747043,313.1835593579353,64.83879926695738,0.26108382251835927,59.0,59.0,23.99371337890625,113.57631691808132,112.440170758069,102.4800942315143,111.1372551380793,200.0,0.47540983606557374,3113.3017767128877,21361.96636027074,20993.5,-17880.198223287112,8668.0,9247.0,768.0,0.08305396344760463,2,0,1.45,0.9448909299655568,9.462326612020501,4.619562920898451,0.47540983606557374,0.0,0.0,0.0,0.0,12.0,16.0,216.0,0.9836065573770492,75,75,117.96303614298526,0.0,84,248.3447600909779,3113.3017767128877,0.0,0.0,634.6268208814446,341.9944612110107,0.608675914853319,0.28661674150650374,64.812,1.0,21794.8398,0.862342,21863.0,22554.0,0.6306546353061278,0.8174969789871195,0.17613636363703977,1.0,243.96996921762687,248.3447600909779,59.0,102.4804895887118,3113.3017767128877,216.0,8675.0,64.72206848983052
354,17.7,248.41986470529085,241.92224400212166,307.12118080125686,143.95210440400865,0.9750135091321733,243.9697320121375,248.3447600909779,248.3447600909779,288.7796279511733,313.0668285808084,64.72206848983052,0.2606137873258144,59.0,59.0,23.99371337890625,113.56942810168715,112.4403108405627,102.48051885542391,111.1366492302366,200.0,0.47540983606557374,3113.3017767128877,21362.039410250007,20993.5,-17880.198223287112,8675.0,9253.0,768.0,0.08300010807305738,2,0,1.45,0.9448909299655568,9.480528853322863,4.62253513308941,0.47540983606557374,0.0,0.0,0.0,0.0,12.0,16.0,216.0,0.9836065573770492,75,75,117.90217401171846,0.0,84,248.3447600909779,3113.3017767128877,0.0,0.0,634.6268208814446,341.9944612110107,0.608675914853319,0.2866266572030588,64.9248,1.0,21794.8398,0.862342,21863.0,22554.0,0.6306727559388604,0.8174969789871195,0.17613636363703977,1.0,243.9697320121375,248.3447600909779,59.0,102.48051885542391,3113.3017767128877,216.0,8675.0,64.7352632957543
355,17.75,248.41986470529085,241.92224400212166,307.12118080125686,143.95210440400865,0.9750135091321733,243.9697320121375,248.3447600909779,248.3447600909779,288.7796279511733,313.0668285808084,64.72206848983052,0.2606137873258144,59.0,59.0,23.99371337890625,113.56942810168715,112.4403108405627,102.48051885542391,111.1366492302366,200.0,0.47540983606557374,3113.3017767128877,21362.039410250007,20993.5,-17880.198223287112,8675.0,9253.0,768.0,0.08300010807305738,2,0,1.45,0.9448909299655568,9.480528853322863,4.62253513308941,0.47540983606557374,0.0,0.0,0.0,0.0,12.0,16.0,216.0,0.9836065573770492,75,75,117.90217401171846,0.0,84,248.3447600909779,3113.3017767128877,0.0,0.0,634.6268208814446,341.9944612110107,0.608675914853319,0.2866266572030588,65.0376,1.0,21794.8398,0.862342,21863.0,22554.0,0.6306727559388604,0.8174969789871195,0.17613636363703977,1.0,243.9697320121375,248.3447600909779,59.0,102.48051885542391,3113.3017767128877,216.0,8677.0,64.83879926695738
356,17.8,250.0098131635237,236.12052616294005,319.6262647534093,139.68227881723018,0.9749783923941227,243.96872376214608,243.31466428037868,243.31466428037868,281.76240012095576,312.98806771284956,69.67340343247088,0.28635102466402995,49.0,49.0,13.181396484375,113.56738730379797,112.44035011899288,102.48064253063798,111.13646777378044,212.0,0.47540983606557374,2703.2910062064057,21362.06061443703,20993.5,-18290.208993793596,8677.0,9256.0,768.0,0.08297320656871218,2,0,1.45,0.9448909299655568,9.485915422879224,4.623541740421272,0.47540983606557374,0.0,0.0,0.0,0.0,8.0,12.0,224.0,0.9836065573770492,77,77,107.85353409270772,0.0,83,243.31466428037868,2703.2910062064057,6.015635127342338,13.213952292629525,634.6268208814446,341.9944612110107,0.6166019835996932,0.2866296053501951,65.1504,1.0,21794.8398,0.862342,21863.0,22554.0,0.6306781435877462,0.8287235406160584,0.06250000000076944,1.0,243.96872376214608,243.31466428037868,49.0,102.48064253063798,2703.2910062064057,224.0,8677.0,69.67340343247088
357,17.85,250.0098131635237,236.12052616294005,319.6262647534093,139.68227881723018,0.9749783923941227,243.96872376214608,243.31466428037868,243.31466428037868,281.76240012095576,312.98806771284956,69.67340343247088,0.28635102466402995,49.0,49.0,13.181396484375,113.56738730379797,112.44035011899288,102.48064253063798,111.13646777378044,212.0,0.47540983606557374,2703.2910062064057,21362.06061443703,20993.5,-18290.208993793596,8677.0,9256.0,768.0,0.08297320656871218,2,0,1.45,0.9448909299655568,9.485915422879224,4.623541740421272,0.47540983606557374,0.0,0.0,0.0,0.0,8.0,12.0,224.0,0.9836065573770492,77,77,107.85353409270772,0.0,83,243.31466428037868,2703.2910062064057,0.0,0.0,634.6268208814446,341.9944612110107,0.6166019835996932,0.2866296053501951,65.2632,1.0,21794.8398,0.862342,21863.0,22554.0,0.6306781435877462,0.8287235406160584,0.06250000000076944,1.0,243.96872376214608,243.31466428037868,49.0,102.48064253063798,2703.2910062064057,224.0,8677.0,69.67340343247088
358,17.9,250.0098131635237,236.12052616294005,319.6262647534093,139.68227881723018,0.9749783923941227,243.96872376214608,243.31466428037868,243.31466428037868,281.76240012095576,312.98806771284956,69.67340343247088,0.28635102466402995,49.0,49.0,13.181396484375,113.56738730379797,112.44035011899288,102.48064253063798,111.13646777378044,212.0,0.47540983606557374,2703.2910062064057,21362.06061443703,20993.5,-18290.208993793596,8677.0,9256.0,768.0,0.08297320656871218,2,0,1.45,0.9448909299655568,9.485915422879224,4.623541740421272,0.47540983606557374,0.0,0.0,0.0,0.0,8.0,12.0,224.0,0.9836065573770492,77,77,107.85353409270772,0.0,83,243.31466428037868,2703.2910062064057,0.0,0.0,634.6268208814446,341.9944612110107,0.6166019835996932,0.2866296053501951,65.3759,1.0,21794.8398,0.862342,21863.0,22554.0,0.6306781435877462,0.8287235406160584,0.06250000000076944,1.0,243.96872376214608,243.31466428037868,49.0,102.48064253063798,2703.2910062064057,224.0,8677.0,69.67340343247088
359,17.95,250.0098131635237,236.12052616294005,319.6262647534093,139.68227881723018,0.9749783923941227,243.96872376214608,243.31466428037868,243.31466428037868,281.76240012095576,312.98806771284956,69.67340343247088,0.28635102466402995,49.0,49.0,13.181396484375,113.56738730379797,112.44035011899288,102.48064253063798,111.13646777378044,212.0,0.47540983606557374,2703.2910062064057,21362.06061443703,20993.5,-18290.208993793596,8677.0,9256.0,768.0,0.08297320656871218,2,0,1.45,0.9448909299655568,9.485915422879224,4.623541740421272,0.47540983606557374,0.0,0.0,0.0,0.0,8.0,12.0,224.0,0.9836065573770492,77,77,107.85353409270772,0.0,83,243.31466428037868,2703.2910062064057,0.0,0.0,634.6268208814446,341.9944612110107,0.6166019835996932,0.2866296053501951,65.4887,1.0,21794.8398,0.862342,21863.0,22554.0,0.6306781435877462,0.8287235406160584,0.06250000000076944,1.0,243.96872376214608,243.31466428037868,49.0,102.48064253063798,2703.2910062064057,224.0,8677.0,69.67340343247088
360,18.0,250.0098131635237,236.12052616294005,319.6262647534093,139.68227881723018,0.9749783923941227,243.96872376214608,243.31466428037868,243.31466428037868,281.76240012095576,312.98806771284956,69.67340343247088,0.28635102466402995,49.0,49.0,13.181396484375,113.56738730379797,112.44035011899288,102.48064253063798,111.13646777378044,212.0,0.47540983606557374,2703.2910062064057,21362.06061443703,20993.5,-18290.208993793596,8677.0,9256.0,768.0,0.08297320656871218,2,0,1.45,0.9448909299655568,9.485915422879224,4.623541740421272,0.47540983606557374,0.0,0.0,0.0,0.0,8.0,12.0,224.0,0.9836065573770492,77,77,107.85353409270772,0.0,83,243.31466428037868,2703.2910062064057,0.0,0.0,634.6268208814446,341.9944612110107,0.6166019835996932,0.2866296053501951,65.6015,1.0,21794.8398,0.862342,21863.0,22554.0,0.6306781435877462,0.8287235406160584,0.06250000000076944,1.0,243.96872376214608,243.31466428037868,49.0,102.48064253063798,2703.2910062064057,224.0,8677.0,69.67340343247088
361,18.05,250.0098131635237,236.12052616294005,319.6262647534093,139.68227881723018,0.9749783923941227,243.96872376214608,243.31466428037868,243.31466428037868,281.76240012095576,312.98806771284956,69.67340343247088,0.28635102466402995,49.0,49.0,13.181396484375,113.56738730379797,112.44035011899288,102.48064253063798,111.13646777378044,212.0,0.47540983606557374,2703.2910062064057,21362.06061443703,20993.5,-18290.208993793596,8677.0,9256.0,768.0,0.08297320656871218,2,0,1.45,0.9448909299655568,9.485915422879224,4.623541740421272,0.47540983606557374,0.0,0.0,0.0,0.0,8.0,12.0,224.0,0.9836065573770492,77,77,107.85353409270772,0.0,83,243.31466428037868,2703.2910062064057,0.0,0.0,634.6268208814446,341.9944612110107,0.6166019835996932,0.2866296053501951,65.7143,1.0,21794.8398,0.862342,21863.0,22554.0,0.6306781435877462,0.8287235406160584,0.06250000000076944,1.0,243.96872376214608,243.31466428037868,49.0,102.48064253063798,2703.2910062064057,224.0,8677.0,69.67340343247088
362,18.1,250.0098131635237,236.12052616294005,319.6262647534093,139.68227881723018,0.9749783923941227,243.96872376214608,243.31466428037868,243.31466428037868,281.76240012095576,312.98806771284956,69.67340343247088,0.28635102466402995,49.0,49.0,13.181396484375,113.56738730379797,112.44035011899288,102.48064253063798,111.13646777378044,212.0,0.47540983606557374,2703.2910062064057,21362.06061443703,20993.5,-18290.208993793596,8677.0,9256.0,768.0,0.08297320656871218,2,0,1.45,0.9448909299655568,9.485915422879224,4.623541740421272,0.47540983606557374,0.0,0.0,0.0,0.0,8.0,12.0,224.0,0.9836065573770492,77,77,107.85353409270772,0.0,83,243.31466428037868,2703.2910062064057,0.0,0.0,634.6268208814446,341.9944612110107,0.6166019835996932,0.2866296053501951,65.8271,1.0,21794.8398,0.862342,21863.0,22554.0,0.6306781435877462,0.8287235406160584,0.06250000000076944,1.0,243.96872376214608,243.31466428037868,49.0,102.48064253063798,2703.2910062064057,224.0,8677.0,69.67340343247088
363,18.15,250.0098131635237,236.12052616294005,319.6262647534093,139.68227881723018,0.9749783923941227,243.96872376214608,243.31466428037868,243.31466428037868,281.76240012095576,312.98806771284956,69.67340343247088,0.28635102466402995,49.0,49.0,13.181396484375,113.56738730379797,112.44035011899288,102.48064253063798,111.13646777378044,212.0,0.47540983606557374,2703.2910062064057,21362.06061443703,20993.5,-18290.208993793596,8677.0,9256.0,768.0,0.08297320656871218,2,0,1.45,0.9448909299655568,9.485915422879224,4.623541740421272,0.47540983606557374,0.0,0.0,0.0,0.0,8.0,12.0,224.0,0.9836065573770492,77,77,107.85353409270772,0.0,83,243.31466428037868,2703.2910062064057,0.0,0.0,634.6268208814446,341.9944612110107,0.6166019835996932,0.2866296053501951,65.9398,1.0,21794.8398,0.862342,21863.0,22554.0,0.6306781435877462,0.8287235406160584,0.06250000000076944,1.0,243.96872376214608,243.31466428037868,49.0,102.48064253063798,2703.2910062064057,224.0,8677.0,69.67340343247088
364,18.2,250.0098131635237,236.12052616294005,319.6262647534093,139.68227881723018,0.9749783923941227,243.96872376214608,243.31466428037868,243.31466428037868,281.76240012095576,312.98806771284956,69.67340343247088,0.28635102466402995,49.0,49.0,13.181396484375,113.56738730379797,112.44035011899288,102.48064253063798,111.13646777378044,212.0,0.47540983606557374,2703.2910062064057,21362.06061443703,20993.5,-18290.208993793596,8677.0,9256.0,768.0,0.08297320656871218,2,0,1.45,0.9448909299655568,9.485915422879224,4.623541740421272,0.47540983606557374,0.0,0.0,0.0,0.0,8.0,12.0,224.0,0.9836065573770492,77,77,107.85353409270772,0.0,83,243.31466428037868,2703.2910062064057,0.0,0.0,634.6268208814446,341.9944612110107,0.6166019835996932,0.2866296053501951,66.0526,1.0,21794.8398,0.862342,21863.0,22554.0,0.6306781435877462,0.8287235406160584,0.06250000000076944,1.0,243.96872376214608,243.31466428037868,49.0,102.48064253063798,2703.2910062064057,224.0,8677.0,69.67340343247088
365,18.25,250.0098131635237,236.12052616294005,319.6262647534093,139.68227881723018,0.9749783923941227,243.96872376214608,243.31466428037868,243.31466428037868,281.76240012095576,312.98806771284956,69.67340343247088,0.28635102466402995,49.0,49.0,13.181396484375,113.56738730379797,112.44035011899288,102.48064253063798,111.13646777378044,212.0,0.47540983606557374,2703.2910062064057,21362.06061443703,20993.5,-18290.208993793596,8677.0,9256.0,768.0,0.08297320656871218,2,0,1.45,0.9448909299655568,9.485915422879224,4.623541740421272,0.47540983606557374,0.0,0.0,0.0,0.0,8.0,12.0,224.0,0.9836065573770492,77,77,107.85353409270772,0.0,83,243.31466428037868,2703.2910062064057,0.0,0.0,634.6268208814446,341.9944612110107,0.6166019835996932,0.2866296053501951,66.1654,1.0,21794.8398,0.862342,21863.0,22554.0,0.6306781435877462,0.8287235406160584,0.06250000000076944,1.0,243.96872376214608,243.31466428037868,49.0,102.48064253063798,2703.2910062064057,224.0,8677.0,69.67340343247088
366,18.3,250.0098131635237,236.12052616294005,319.6262647534093,139.68227881723018,0.9749783923941227,243.96872376214608,243.31466428037868,243.31466428037868,281.76240012095576,312.98806771284956,69.67340343247088,0.28635102466402995,49.0,49.0,13.181396484375,113.56738730379797,112.44035011899288,102.48064253063798,111.13646777378044,212.0,0.47540983606557374,2703.2910062064057,21362.06061443703,20993.5,-18290.208993793596,8677.0,9256.0,768.0,0.08297320656871218,2,0,1.45,0.9448909299655568,9.485915422879224,4.623541740421272,0.47540983606557374,0.0,0.0,0.0,0.0,8.0,12.0,224.0,0.9836065573770492,77,77,107.85353409270772,0.0,83,243.31466428037868,2703.2910062064057,0.0,0.0,634.6268208814446,341.9944612110107,0.6166019835996932,0.2866296053501951,66.2782,1.0,21794.8398,0.862342,21863.0,22554.0,0.6306781435877462,0.8287235406160584,0.06250000000076944,1.0,243.96872376214608,243.31466428037868,49.0,102.48064253063798,2703.2910062064057,224.0,8677.0,69.67340343247088
367,18.35,250.0098131635237,236.12052616294005,319.6262647534093,139.68227881723018,0.9749783923941227,243.96872376214608,243.31466428037868,243.31466428037868,281.76240012095576,312.98806771284956,69.67340343247088,0.28635102466402995,49.0,49.0,13.181396484375,113.56738730379797,112.44035011899288,102.48064253063798,111.13646777378044,212.0,0.47540983606557374,2703.2910062064057,21362.06061443703,20993.5,-18290.208993793596,8677.0,9256.0,768.0,0.08297320656871218,2,0,1.45,0.9448909299655568,9.485915422879224,4.623541740421272,0.47540983606557374,0.0,0.0,0.0,0.0,8.0,12.0,224.0,0.9836065573770492,77,77,107.85353409270772,0.0,83,243.31466428037868,2703.2910062064057,0.0,0.0,634.6268208814446,341.9944612110107,0.6166019835996932,0.2866296053501951,66.391,1.0,21794.8398,0.862342,21863.0,22554.0,0.6306781435877462,0.8287235406160584,0.06250000000076944,1.0,243.96872376214608,243.31466428037868,49.0,102.48064253063798,2703.2910062064057,224.0,8677.0,69.67340343247088
368,18.4,250.0098131635237,236.12052616294005,319.6262647534093,139.68227881723018,0.9749783923941227,243.96872376214608,243.31466428037868,243.31466428037868,281.76240012095576,312.98806771284956,69.67340343247088,0.28635102466402995,49.0,49.0,13.181396484375,113.56738730379797,112.44035011899288,102.48064253063798,111.13646777378044,212.0,0.47540983606557374,2703.2910062064057,21362.06061443703,20993.5,-18290.208993793596,8677.0,9256.0,768.0,0.08297320656871218,2,0,1.45,0.9448909299655568,9.485915422879224,4.623541740421272,0.47540983606557374,0.0,0.0,0.0,0.0,8.0,12.0,224.0,0.9836065573770492,77,77,107.85353409270772,0.0,83,243.31466428037868,2703.2910062064057,0.0,0.0,634.6268208814446,341.9944612110107,0.6166019835996932,0.2866296053501951,66.5038,1.0,21794.8398,0.862342,21863.0,22554.0,0.6306781435877462,0.8287235406160584,0.06250000000076944,1.0,243.96872376214608,243.31466428037868,49.0,102.48064253063798,2703.2910062064057,224.0,8677.0,69.67340343247088
369,18.45,250.0098131635237,236.12052616294005,319.6262647534093,139.68227881723018,0.9749783923941227,243.96872376214608,243.31466428037868,243.31466428037868,281.76240012095576,312.98806771284956,69.67340343247088,0.28635102466402995,49.0,49.0,13.181396484375,113.56738730379797,112.44035011899288,102.48064253063798,111.13646777378044,212.0,0.47540983606557374,2703.2910062064057,21362.06061443703,20993.5,-18290.208993793596,8677.0,9256.0,768.0,0.08297320656871218,2,0,1.45,0.9448909299655568,9.485915422879224,4.623541740421272,0.47540983606557374,0.0,0.0,0.0,0.0,8.0,12.0,224.0,0.9836065573770492,77,77,107.85353409270772,0.0,83,243.31466428037868,2703.2910062064057,0.0,0.0,634.6268208814446,341.9944612110107,0.6166019835996932,0.2866296053501951,66.6165,1.0,21794.8398,0.862342,21863.0,22554.0,0.6306781435877462,0.8287235406160584,0.06250000000076944,1.0,243.96872376214608,243.31466428037868,49.0,102.48064253063798,2703.2910062064057,224.0,8677.0,69.67340343247088
370,18.5,250.0098131635237,236.12052616294005,319.6262647534093,139.68227881723018,0.9749783923941227,243.96872376214608,243.31466428037868,243.31466428037868,281.76240012095576,312.98806771284956,69.67340343247088,0.28635102466402995,49.0,49.0,13.181396484375,113.56738730379797,112.44035011899288,102.48064253063798,111.13646777378044,212.0,0.47540983606557374,2703.2910062064057,21362.06061443703,20993.5,-18290.208993793596,8677.0,9256.0,768.0,0.08297320656871218,2,0,1.45,0.9448909299655568,9.485915422879224,4.623541740421272,0.47540983606557374,0.0,0.0,0.0,0.0,8.0,12.0,224.0,0.9836065573770492,77,77,107.85353409270772,0.0,83,243.31466428037868,2703.2910062064057,0.0,0.0,634.6268208814446,341.9944612110107,0.6166019835996932,0.2866296053501951,66.7293,1.0,21794.8398,0.862342,21863.0,22554.0,0.6306781435877462,0.8287235406160584,0.06250000000076944,1.0,243.96872376214608,243.31466428037868,49.0,102.48064253063798,2703.2910062064057,224.0,8677.0,69.67340343247088
371,18.55,250.0098131635237,236.12052616294005,319.6262647534093,139.68227881723018,0.9749783923941227,243.96872376214608,243.31466428037868,243.31466428037868,281.76240012095576,312.98806771284956,69.67340343247088,0.28635102466402995,49.0,49.0,13.181396484375,113.56738730379797,112.44035011899288,102.48064253063798,111.13646777378044,212.0,0.47540983606557374,2703.2910062064057,21362.06061443703,20993.5,-18290.208993793596,8677.0,9256.0,768.0,0.08297320656871218,2,0,1.45,0.9448909299655568,9.485915422879224,4.623541740421272,0.47540983606557374,0.0,0.0,0.0,0.0,8.0,12.0,224.0,0.9836065573770492,77,77,107.85353409270772,0.0,83,243.31466428037868,2703.2910062064057,0.0,0.0,634.6268208814446,341.9944612110107,0.6166019835996932,0.2866296053501951,66.8421,1.0,21794.8398,0.862342,21863.0,22554.0,0.6306781435877462,0.8287235406160584,0.06250000000076944,1.0,243.96872376214608,243.31466428037868,49.0,102.48064253063798,2703.2910062064057,224.0,8677.0,69.67340343247088
372,18.6,250.0098131635237,236.12052616294005,319.6262647534093,139.68227881723018,0.9749783923941227,243.96872376214608,243.31466428037868,243.31466428037868,281.76240012095576,312.98806771284956,69.67340343247088,0.28635102466402995,49.0,49.0,13.181396484375,113.56738730379797,112.44035011899288,102.48064253063798,111.13646777378044,212.0,0.47540983606557374,2703.2910062064057,21362.06061443703,20993.5,-18290.208993793596,8677.0,9256.0,768.0,0.08297320656871218,2,0,1.45,0.9448909299655568,9.485915422879224,4.623541740421272,0.47540983606557374,0.0,0.0,0.0,0.0,8.0,12.0,224.0,0.9836065573770492,77,77,107.85353409270772,0.0,83,243.31466428037868,2703.2910062064057,0.0,0.0,634.6268208814446,341.9944612110107,0.6166019835996932,0.2866296053501951,66.9549,1.0,21794.8398,0.862342,21863.0,22554.0,0.6306781435877462,0.8287235406160584,0.06250000000076944,1.0,243.96872376214608,243.31466428037868,49.0,102.48064253063798,2703.2910062064057,224.0,8677.0,69.67340343247088
373,18.65,250.0098131635237,236.12052616294005,319.6262647534093,139.68227881723018,0.9749783923941227,243.96872376214608,243.31466428037868,243.31466428037868,281.76240012095576,312.98806771284956,69.67340343247088,0.28635102466402995,49.0,49.0,13.181396484375,113.56738730379797,112.44035011899288,102.48064253063798,111.13646777378044,212.0,0.47540983606557374,2703.2910062064057,21362.06061443703,20993.5,-18290.208993793596,8677.0,9256.0,768.0,0.08297320656871218,2,0,1.45,0.9448909299655568,9.485915422879224,4.623541740421272,0.47540983606557374,0.0,0.0,0.0,0.0,8.0,12.0,224.0,0.9836065573770492,77,77,107.85353409270772,0.0,83,243.31466428037868,2703.2910062064057,0.0,0.0,634.6268208814446,341.9944612110107,0.6166019835996932,0.2866296053501951,67.0677,1.0,21794.8398,0.862342,21863.0,22554.0,0.6306781435877462,0.8287235406160584,0.06250000000076944,1.0,243.96872376214608,243.31466428037868,49.0,102.48064253063798,2703.2910062064057,224.0,8677.0,69.67340343247088
374,18.7,250.0098131635237,236.12052616294005,319.6262647534093,139.68227881723018,0.9749783923941227,243.96872376214608,243.31466428037868,243.31466428037868,281.76240012095576,312.98806771284956,69.67340343247088,0.28635102466402995,49.0,49.0,13.181396484375,113.56738730379797,112.44035011899288,102.48064253063798,111.13646777378044,212.0,0.47540983606557374,2703.2910062064057,21362.06061443703,20993.5,-18290.208993793596,8677.0,9256.0,768.0,0.08297320656871218,2,0,1.45,0.9448909299655568,9.485915422879224,4.623541740421272,0.47540983606557374,0.0,0.0,0.0,0.0,8.0,12.0,224.0,0.9836065573770492,77,77,107.85353409270772,0.0,83,243.31466428037868,2703.2910062064057,0.0,0.0,634.6268208814446,341.9944612110107,0.6166019835996932,0.2866296053501951,67.1805,1.0,21794.8398,0.862342,21863.0,22554.0,0.6306781435877462,0.8287235406160584,0.06250000000076944,1.0,243.96872376214608,243.31466428037868,49.0,102.48064253063798,2703.2910062064057,224.0,8677.0,69.67340343247088
375,18.75,250.0098131635237,236.12052616294005,319.6262647534093,139.68227881723018,0.9749783923941227,243.96872376214608,243.31466428037868,243.31466428037868,281.76240012095576,312.98806771284956,69.67340343247088,0.28635102466402995,49.0,49.0,13.181396484375,113.56738730379797,112.44035011899288,102.48064253063798,111.13646777378044,212.0,0.47540983606557374,2703.2910062064057,21362.06061443703,20993.5,-18290.208993793596,8677.0,9256.0,768.0,0.08297320656871218,2,0,1.45,0.9448909299655568,9.485915422879224,4.623541740421272,0.47540983606557374,0.0,0.0,0.0,0.0,8.0,12.0,224.0,0.9836065573770492,77,77,107.85353409270772,0.0,83,243.31466428037868,2703.2910062064057,0.0,0.0,634.6268208814446,341.9944612110107,0.6166019835996932,0.2866296053501951,67.2932,1.0,21794.8398,0.862342,21863.0,22554.0,0.6306781435877462,0.8287235406160584,0.06250000000076944,1.0,243.96872376214608,243.31466428037868,49.0,102.48064253063798,2703.2910062064057,224.0,8677.0,69.67340343247088
376,18.8,250.0098131635237,236.12052616294005,319.6262647534093,139.68227881723018,0.9749783923941227,243.96872376214608,243.31466428037868,243.31466428037868,281.76240012095576,312.98806771284956,69.67340343247088,0.28635102466402995,49.0,49.0,13.181396484375,113.56738730379797,112.44035011899288,102.48064253063798,111.13646777378044,212.0,0.47540983606557374,2703.2910062064057,21362.06061443703,20993.5,-18290.208993793596,8677.0,9256.0,768.0,0.08297320656871218,2,0,1.45,0.9448909299655568,9.485915422879224,4.623541740421272,0.47540983606557374,0.0,0.0,0.0,0.0,8.0,12.0,224.0,0.9836065573770492,77,77,107.85353409270772,0.0,83,243.31466428037868,2703.2910062064057,0.0,0.0,634.6268208814446,341.9944612110107,0.6166019835996932,0.2866296053501951,67.406,1.0,21794.8398,0.862342,21863.0,22554.0,0.6306781435877462,0.8287235406160584,0.06250000000076944,1.0,243.96872376214608,243.31466428037868,49.0,102.48064253063798,2703.2910062064057,224.0,8677.0,69.67340343247088
377,18.85,250.0098131635237,236.12052616294005,319.6262647534093,139.68227881723018,0.9749783923941227,243.96872376214608,243.31466428037868,243.31466428037868,281.76240012095576,312.98806771284956,69.67340343247088,0.28635102466402995,49.0,49.0,13.181396484375,113.56738730379797,112.44035011899288,102.48064253063798,111.13646777378044,212.0,0.47540983606557374,2703.2910062064057,21362.06061443703,20993.5,-18290.208993793596,8677.0,9256.0,768.0,0.08297320656871218,2,0,1.45,0.9448909299655568,9.485915422879224,4.623541740421272,0.47540983606557374,0.0,0.0,0.0,0.0,8.0,12.0,224.0,0.9836065573770492,77,77,107.85353409270772,0.0,83,243.31466428037868,2703.2910062064057,0.0,0.0,634.6268208814446,341.9944612110107,0.6166019835996932,0.2866296053501951,67.5188,1.0,21794.8398,0.862342,21863.0,22554.0,0.6306781435877462,0.8287235406160584,0.06250000000076944,1.0,243.96872376214608,243.31466428037868,49.0,102.48064253063798,2703.2910062064057,224.0,8677.0,69.67340343247088
378,18.9,250.0098131635237,236.12052616294005,319.6262647534093,139.68227881723018,0.9749783923941227,243.96872376214608,243.31466428037868,243.31466428037868,281.76240012095576,312.98806771284956,69.67340343247088,0.28635102466402995,49.0,49.0,13.181396484375,113.56738730379797,112.44035011899288,102.48064253063798,111.13646777378044,212.0,0.47540983606557374,2703.2910062064057,21362.06061443703,20993.5,-18290.208993793596,8677.0,9256.0,768.0,0.08297320656871218,2,0,1.45,0.9448909299655568,9.485915422879224,4.623541740421272,0.47540983606557374,0.0,0.0,0.0,0.0,8.0,12.0,224.0,0.9836065573770492,77,77,107.85353409270772,0.0,83,243.31466428037868,2703.2910062064057,0.0,0.0,634.6268208814446,341.9944612110107,0.6166019835996932,0.2866296053501951,67.6316,1.0,21794.8398,0.862342,21863.0,22554.0,0.6306781435877462,0.8287235406160584,0.06250000000076944,1.0,243.96872376214608,243.31466428037868,49.0,102.48064253063798,2703.2910062064057,224.0,8677.0,69.67340343247088
379,18.95,250.0098131635237,236.12052616294005,319.6262647534093,139.68227881723018,0.9749783923941227,243.96872376214608,243.31466428037868,243.31466428037868,281.76240012095576,312.98806771284956,69.67340343247088,0.28635102466402995,49.0,49.0,13.181396484375,113.56738730379797,112.44035011899288,102.48064253063798,111.13646777378044,212.0,0.47540983606557374,2703.2910062064057,21362.06061443703,20993.5,-18290.208993793596,8677.0,9256.0,768.0,0.08297320656871218,2,0,1.45,0.9448909299655568,9.485915422879224,4.623541740421272,0.47540983606557374,0.0,0.0,0.0,0.0,8.0,12.0,224.0,0.9836065573770492,77,77,107.85353409270772,0.0,83,243.31466428037868,2703.2910062064057,0.0,0.0,634.6268208814446,341.9944612110107,0.6166019835996932,0.2866296053501951,67.7444,1.0,21794.8398,0.862342,21863.0,22554.0,0.6306781435877462,0.8287235406160584,0.06250000000076944,1.0,243.96872376214608,243.31466428037868,49.0,102.48064253063798,2703.2910062064057,224.0,8677.0,69.67340343247088
380,19.0,250.0098131635237,236.12052616294005,319.6262647534093,139.68227881723018,0.9749783923941227,243.96872376214608,243.31466428037868,243.31466428037868,281.76240012095576,312.98806771284956,69.67340343247088,0.28635102466402995,49.0,49.0,13.181396484375,113.56738730379797,112.44035011899288,102.48064253063798,111.13646777378044,212.0,0.47540983606557374,2703.2910062064057,21362.06061443703,20993.5,-18290.208993793596,8677.0,9256.0,768.0,0.08297320656871218,2,0,1.45,0.9448909299655568,9.485915422879224,4.623541740421272,0.47540983606557374,0.0,0.0,0.0,0.0,8.0,12.0,224.0,0.9836065573770492,77,77,107.85353409270772,0.0,83,243.31466428037868,2703.2910062064057,0.0,0.0,634.6268208814446,341.9944612110107,0.6166019835996932,0.2866296053501951,67.8571,1.0,21794.8398,0.862342,21863.0,22554.0,0.6306781435877462,0.8287235406160584,0.06250000000076944,1.0,243.96872376214608,243.31466428037868,49.0,102.48064253063798,2703.2910062064057,224.0,8677.0,69.67340343247088
381,19.05,250.0098131635237,236.12052616294005,319.6262647534093,139.68227881723018,0.9749783923941227,243.96872376214608,243.31466428037868,243.31466428037868,281.76240012095576,312.98806771284956,69.67340343247088,0.28635102466402995,49.0,49.0,13.181396484375,113.56738730379797,112.44035011899288,102.48064253063798,111.13646777378044,212.0,0.47540983606557374,2703.2910062064057,21362.06061443703,20993.5,-18290.208993793596,8677.0,9256.0,768.0,0.08297320656871218,2,0,1.45,0.9448909299655568,9.485915422879224,4.623541740421272,0.47540983606557374,0.0,0.0,0.0,0.0,8.0,12.0,224.0,0.9836065573770492,77,77,107.85353409270772,0.0,83,243.31466428037868,2703.2910062064057,0.0,0.0,634.6268208814446,341.9944612110107,0.6166019835996932,0.2866296053501951,67.9699,1.0,21794.8398,0.862342,21863.0,22554.0,0.6306781435877462,0.8287235406160584,0.06250000000076944,1.0,243.96872376214608,243.31466428037868,49.0,102.48064253063798,2703.2910062064057,224.0,8677.0,69.67340343247088
382,19.1,250.0098131635237,236.12052616294005,319.6262647534093,139.68227881723018,0.9749783923941227,243.96872376214608,243.31466428037868,243.31466428037868,281.76240012095576,312.98806771284956,69.67340343247088,0.28635102466402995,49.0,49.0,13.181396484375,113.56738730379797,112.44035011899288,102.48064253063798,111.13646777378044,212.0,0.47540983606557374,2703.2910062064057,21362.06061443703,20993.5,-18290.208993793596,8677.0,9256.0,768.0,0.08297320656871218,2,0,1.45,0.9448909299655568,9.485915422879224,4.623541740421272,0.47540983606557374,0.0,0.0,0.0,0.0,8.0,12.0,224.0,0.9836065573770492,77,77,107.85353409270772,0.0,83,243.31466428037868,2703.2910062064057,0.0,0.0,634.6268208814446,341.9944612110107,0.6166019835996932,0.2866296053501951,68.0827,1.0,21794.8398,0.862342,21863.0,22554.0,0.6306781435877462,0.8287235406160584,0.06250000000076944,1.0,243.96872376214608,243.31466428037868,49.0,102.48064253063798,2703.2910062064057,224.0,8677.0,69.67340343247088
383,19.15,250.0098131635237,236.12052616294005,319.6262647534093,139.68227881723018,0.9749783923941227,243.96872376214608,243.31466428037868,243.31466428037868,281.76240012095576,312.98806771284956,69.67340343247088,0.28635102466402995,49.0,49.0,13.181396484375,113.56738730379797,112.44035011899288,102.48064253063798,111.13646777378044,212.0,0.47540983606557374,2703.2910062064057,21362.06061443703,20993.5,-18290.208993793596,8677.0,9256.0,768.0,0.08297320656871218,2,0,1.45,0.9448909299655568,9.485915422879224,4.623541740421272,0.47540983606557374,0.0,0.0,0.0,0.0,8.0,12.0,224.0,0.9836065573770492,77,77,107.85353409270772,0.0,83,243.31466428037868,2703.2910062064057,0.0,0.0,634.6268208814446,341.9944612110107,0.6166019835996932,0.2866296053501951,68.1955,1.0,21794.8398,0.862342,21863.0,22554.0,0.6306781435877462,0.8287235406160584,0.06250000000076944,1.0,243.96872376214608,243.31466428037868,49.0,102.48064253063798,2703.2910062064057,224.0,8677.0,69.67340343247088
384,19.2,250.0098131635237,236.12052616294005,319.6262647534093,139.68227881723018,0.9749783923941227,243.96872376214608,243.31466428037868,243.31466428037868,281.76240012095576,312.98806771284956,69.67340343247088,0.28635102466402995,49.0,49.0,13.181396484375,113.56738730379797,112.44035011899288,102.48064253063798,111.13646777378044,212.0,0.47540983606557374,2703.2910062064057,21362.06061443703,20993.5,-18290.208993793596,8677.0,9256.0,768.0,0.08297320656871218,2,0,1.45,0.9448909299655568,9.485915422879224,4.623541740421272,0.47540983606557374,0.0,0.0,0.0,0.0,8.0,12.0,224.0,0.9836065573770492,77,77,107.85353409270772,0.0,83,243.31466428037868,2703.2910062064057,0.0,0.0,634.6268208814446,341.9944612110107,0.6166019835996932,0.2866296053501951,68.3083,1.0,21794.8398,0.862342,21863.0,22554.0,0.6306781435877462,0.8287235406160584,0.06250000000076944,1.0,243.96872376214608,243.31466428037868,49.0,102.48064253063798,2703.2910062064057,224.0,8677.0,69.67340343247088
385,19.25,250.0098131635237,236.12052616294005,319.6262647534093,139.68227881723018,0.9749783923941227,243.96872376214608,243.31466428037868,243.31466428037868,281.76240012095576,312.98806771284956,69.67340343247088,0.28635102466402995,49.0,49.0,13.181396484375,113.56738730379797,112.44035011899288,102.48064253063798,111.13646777378044,212.0,0.47540983606557374,2703.2910062064057,21362.06061443703,20993.5,-18290.208993793596,8677.0,9256.0,768.0,0.08297320656871218,2,0,1.45,0.9448909299655568,9.485915422879224,4.623541740421272,0.47540983606557374,0.0,0.0,0.0,0.0,8.0,12.0,224.0,0.9836065573770492,77,77,107.85353409270772,0.0,83,243.31466428037868,2703.2910062064057,0.0,0.0,634.6268208814446,341.9944612110107,0.6166019835996932,0.2866296053501951,68.4211,1.0,21794.8398,0.862342,21863.0,22554.0,0.6306781435877462,0.8287235406160584,0.06250000000076944,1.0,243.96872376214608,243.31466428037868,49.0,102.48064253063798,2703.2910062064057,224.0,8677.0,69.67340343247088
386,19.3,250.0098131635237,236.12052616294005,319.6262647534093,139.68227881723018,0.9749783923941227,243.96872376214608,243.31466428037868,243.31466428037868,281.76240012095576,312.98806771284956,69.67340343247088,0.28635102466402995,49.0,49.0,13.181396484375,113.56738730379797,112.44035011899288,102.48064253063798,111.13646777378044,212.0,0.47540983606557374,2703.2910062064057,21362.06061443703,20993.5,-18290.208993793596,8677.0,9256.0,768.0,0.08297320656871218,2,0,1.45,0.9448909299655568,9.485915422879224,4.623541740421272,0.47540983606557374,0.0,0.0,0.0,0.0,8.0,12.0,224.0,0.9836065573770492,77,77,107.85353409270772,0.0,83,243.31466428037868,2703.2910062064057,0.0,0.0,634.6268208814446,341.9944612110107,0.6166019835996932,0.2866296053501951,68.5338,1.0,21794.8398,0.862342,21863.0,22554.0,0.6306781435877462,0.8287235406160584,0.06250000000076944,1.0,243.96872376214608,243.31466428037868,49.0,102.48064253063798,2703.2910062064057,224.0,8677.0,69.67340343247088
387,19.35,250.0098131635237,236.12052616294005,319.6262647534093,139.68227881723018,0.9749783923941227,243.96872376214608,243.31466428037868,243.31466428037868,281.76240012095576,312.98806771284956,69.67340343247088,0.28635102466402995,49.0,49.0,13.181396484375,113.56738730379797,112.44035011899288,102.48064253063798,111.13646777378044,212.0,0.47540983606557374,2703.2910062064057,21362.06061443703,20993.5,-18290.208993793596,8677.0,9256.0,768.0,0.08297320656871218,2,0,1.45,0.9448909299655568,9.485915422879224,4.623541740421272,0.47540983606557374,0.0,0.0,0.0,0.0,8.0,12.0,224.0,0.9836065573770492,77,77,107.85353409270772,0.0,83,243.31466428037868,2703.2910062064057,0.0,0.0,634.6268208814446,341.9944612110107,0.6166019835996932,0.2866296053501951,68.6466,1.0,21794.8398,0.862342,21863.0,22554.0,0.6306781435877462,0.8287235406160584,0.06250000000076944,1.0,243.96872376214608,243.31466428037868,49.0,102.48064253063798,2703.2910062064057,224.0,8677.0,69.67340343247088
388,19.4,250.0098131635237,236.12052616294005,319.6262647534093,139.68227881723018,0.9749783923941227,243.96872376214608,243.31466428037868,243.31466428037868,281.76240012095576,312.98806771284956,69.67340343247088,0.28635102466402995,49.0,49.0,13.181396484375,113.56738730379797,112.44035011899288,102.48064253063798,111.13646777378044,212.0,0.47540983606557374,2703.2910062064057,21362.06061443703,20993.5,-18290.208993793596,8677.0,9256.0,768.0,0.08297320656871218,2,0,1.45,0.9448909299655568,9.485915422879224,4.623541740421272,0.47540983606557374,0.0,0.0,0.0,0.0,8.0,12.0,224.0,0.9836065573770492,77,77,107.85353409270772,0.0,83,243.31466428037868,2703.2910062064057,0.0,0.0,634.6268208814446,341.9944612110107,0.6166019835996932,0.2866296053501951,68.7594,1.0,21794.8398,0.862342,21863.0,22554.0,0.6306781435877462,0.8287235406160584,0.06250000000076944,1.0,243.96872376214608,243.31466428037868,49.0,102.48064253063798,2703.2910062064057,224.0,8677.0,69.67340343247088
389,19.45,250.0098131635237,236.12052616294005,319.6262647534093,139.68227881723018,0.9749783923941227,243.96872376214608,243.31466428037868,243.31466428037868,281.76240012095576,312.98806771284956,69.67340343247088,0.28635102466402995,49.0,49.0,13.181396484375,113.56738730379797,112.44035011899288,102.48064253063798,111.13646777378044,212.0,0.47540983606557374,2703.2910062064057,21362.06061443703,20993.5,-18290.208993793596,8677.0,9256.0,768.0,0.08297320656871218,2,0,1.45,0.9448909299655568,9.485915422879224,4.623541740421272,0.47540983606557374,0.0,0.0,0.0,0.0,8.0,12.0,224.0,0.9836065573770492,77,77,107.85353409270772,0.0,83,243.31466428037868,2703.2910062064057,0.0,0.0,634.6268208814446,341.9944612110107,0.6166019835996932,0.2866296053501951,68.8722,1.0,21794.8398,0.862342,21863.0,22554.0,0.6306781435877462,0.8287235406160584,0.06250000000076944,1.0,243.96872376214608,243.31466428037868,49.0,102.48064253063798,2703.2910062064057,224.0,8677.0,69.67340343247088
390,19.5,250.0098131635237,236.12052616294005,319.6262647534093,139.68227881723018,0.9749783923941227,243.96872376214608,243.31466428037868,243.31466428037868,281.76240012095576,312.98806771284956,69.67340343247088,0.28635102466402995,49.0,49.0,13.181396484375,113.56738730379797,112.44035011899288,102.48064253063798,111.13646777378044,212.0,0.47540983606557374,2703.2910062064057,21362.06061443703,20993.5,-18290.208993793596,8677.0,9256.0,768.0,0.08297320656871218,2,0,1.45,0.9448909299655568,9.485915422879224,4.623541740421272,0.47540983606557374,0.0,0.0,0.0,0.0,8.0,12.0,224.0,0.9836065573770492,77,77,107.85353409270772,0.0,83,243.31466428037868,2703.2910062064057,0.0,0.0,634.6268208814446,341.9944612110107,0.6166019835996932,0.2866296053501951,68.985,1.0,21794.8398,0.862342,21863.0,22554.0,0.6306781435877462,0.8287235406160584,0.06250000000076944,1.0,243.96872376214608,243.31466428037868,49.0,102.48064253063798,2703.2910062064057,224.0,8677.0,69.67340343247088
391,19.55,250.0098131635237,236.12052616294005,319.6262647534093,139.68227881723018,0.9749783923941227,243.96872376214608,243.31466428037868,243.31466428037868,281.76240012095576,312.98806771284956,69.67340343247088,0.28635102466402995,49.0,49.0,13.181396484375,113.56738730379797,112.44035011899288,102.48064253063798,111.13646777378044,212.0,0.47540983606557374,2703.2910062064057,21362.06061443703,20993.5,-18290.208993793596,8677.0,9256.0,768.0,0.08297320656871218,2,0,1.45,0.9448909299655568,9.485915422879224,4.623541740421272,0.47540983606557374,0.0,0.0,0.0,0.0,8.0,12.0,224.0,0.9836065573770492,77,77,107.85353409270772,0.0,83,243.31466428037868,2703.2910062064057,0.0,0.0,634.6268208814446,341.9944612110107,0.6166019835996932,0.2866296053501951,69.0977,1.0,21794.8398,0.862342,21863.0,22554.0,0.6306781435877462,0.8287235406160584,0.06250000000076944,1.0,243.96872376214608,243.31466428037868,49.0,102.48064253063798,2703.2910062064057,224.0,8677.0,69.67340343247088
392,19.6,250.0098131635237,236.12052616294005,319.6262647534093,139.68227881723018,0.9749783923941227,243.96872376214608,243.31466428037868,243.31466428037868,281.76240012095576,312.98806771284956,69.67340343247088,0.28635102466402995,49.0,49.0,13.181396484375,113.56738730379797,112.44035011899288,102.48064253063798,111.13646777378044,212.0,0.47540983606557374,2703.2910062064057,21362.06061443703,20993.5,-18290.208993793596,8677.0,9256.0,768.0,0.08297320656871218,2,0,1.45,0.9448909299655568,9.485915422879224,4.623541740421272,0.47540983606557374,0.0,0.0,0.0,0.0,8.0,12.0,224.0,0.9836065573770492,77,77,107.85353409270772,0.0,83,243.31466428037868,2703.2910062064057,0.0,0.0,634.6268208814446,341.9944612110107,0.6166019835996932,0.2866296053501951,69.2105,1.0,21794.8398,0.862342,21863.0,22554.0,0.6306781435877462,0.8287235406160584,0.06250000000076944,1.0,243.96872376214608,243.31466428037868,49.0,102.48064253063798,2703.2910062064057,224.0,8677.0,69.67340343247088
393,19.65,250.0098131635237,236.12052616294005,319.6262647534093,139.68227881723018,0.9749783923941227,243.96872376214608,243.31466428037868,243.31466428037868,281.76240012095576,312.98806771284956,69.67340343247088,0.28635102466402995,49.0,49.0,13.181396484375,113.56738730379797,112.44035011899288,102.48064253063798,111.13646777378044,212.0,0.47540983606557374,2703.2910062064057,21362.06061443703,20993.5,-18290.208993793596,8677.0,9256.0,768.0,0.08297320656871218,2,0,1.45,0.9448909299655568,9.485915422879224,4.623541740421272,0.47540983606557374,0.0,0.0,0.0,0.0,8.0,12.0,224.0,0.9836065573770492,77,77,107.85353409270772,0.0,83,243.31466428037868,2703.2910062064057,0.0,0.0,634.6268208814446,341.9944612110107,0.6166019835996932,0.2866296053501951,69.3233,1.0,21794.8398,0.862342,21863.0,22554.0,0.6306781435877462,0.8287235406160584,0.06250000000076944,1.0,243.96872376214608,243.31466428037868,49.0,102.48064253063798,2703.2910062064057,224.0,8677.0,69.67340343247088
394,19.7,250.0098131635237,236.12052616294005,319.6262647534093,139.68227881723018,0.9749783923941227,243.96872376214608,243.31466428037868,243.31466428037868,281.76240012095576,312.98806771284956,69.67340343247088,0.28635102466402995,49.0,49.0,13.181396484375,113.56738730379797,112.44035011899288,102.48064253063798,111.13646777378044,212.0,0.47540983606557374,2703.2910062064057,21362.06061443703,20993.5,-18290.208993793596,8677.0,9256.0,768.0,0.08297320656871218,2,0,1.45,0.9448909299655568,9.485915422879224,4.623541740421272,0.47540983606557374,0.0,0.0,0.0,0.0,8.0,12.0,224.0,0.9836065573770492,77,77,107.85353409270772,0.0,83,243.31466428037868,2703.2910062064057,0.0,0.0,634.6268208814446,341.9944612110107,0.6166019835996932,0.2866296053501951,69.4361,1.0,21794.8398,0.862342,21863.0,22554.0,0.6306781435877462,0.8287235406160584,0.06250000000076944,1.0,243.96872376214608,243.31466428037868,49.0,102.48064253063798,2703.2910062064057,224.0,8677.0,69.67340343247088
395,19.75,250.0098131635237,236.12052616294005,319.6262647534093,139.68227881723018,0.9749783923941227,243.96872376214608,243.31466428037868,243.31466428037868,281.76240012095576,312.98806771284956,69.67340343247088,0.28635102466402995,49.0,49.0,13.181396484375,113.56738730379797,112.44035011899288,102.48064253063798,111.13646777378044,212.0,0.47540983606557374,2703.2910062064057,21362.06061443703,20993.5,-18290.208993793596,8677.0,9256.0,768.0,0.08297320656871218,2,0,1.45,0.9448909299655568,9.485915422879224,4.623541740421272,0.47540983606557374,0.0,0.0,0.0,0.0,8.0,12.0,224.0,0.9836065573770492,77,77,107.85353409270772,0.0,83,243.31466428037868,2703.2910062064057,0.0,0.0,634.6268208814446,341.9944612110107,0.6166019835996932,0.2866296053501951,69.5489,1.0,21794.8398,0.862342,21863.0,22554.0,0.6306781435877462,0.8287235406160584,0.06250000000076944,1.0,243.96872376214608,243.31466428037868,49.0,102.48064253063798,2703.2910062064057,224.0,8677.0,69.67340343247088
396,19.8,250.0098131635237,236.12052616294005,319.6262647534093,139.68227881723018,0.9749783923941227,243.96872376214608,243.31466428037868,243.31466428037868,281.76240012095576,312.98806771284956,69.67340343247088,0.28635102466402995,49.0,49.0,13.181396484375,113.56738730379797,112.44035011899288,102.48064253063798,111.13646777378044,212.0,0.47540983606557374,2703.2910062064057,21362.06061443703,20993.5,-18290.208993793596,8677.0,9256.0,768.0,0.08297320656871218,2,0,1.45,0.9448909299655568,9.485915422879224,4.623541740421272,0.47540983606557374,0.0,0.0,0.0,0.0,8.0,12.0,224.0,0.9836065573770492,77,77,107.85353409270772,0.0,83,243.31466428037868,2703.2910062064057,0.0,0.0,634.6268208814446,341.9944612110107,0.6166019835996932,0.2866296053501951,69.6617,1.0,21794.8398,0.862342,21863.0,22554.0,0.6306781435877462,0.8287235406160584,0.06250000000076944,1.0,243.96872376214608,243.31466428037868,49.0,102.48064253063798,2703.2910062064057,224.0,8677.0,69.67340343247088
397,19.85,250.0098131635237,236.12052616294005,319.6262647534093,139.68227881723018,0.9749783923941227,243.96872376214608,243.31466428037868,243.31466428037868,281.76240012095576,312.98806771284956,69.67340343247088,0.28635102466402995,49.0,49.0,13.181396484375,113.56738730379797,112.44035011899288,102.48064253063798,111.13646777378044,212.0,0.47540983606557374,2703.2910062064057,21362.06061443703,20993.5,-18290.208993793596,8677.0,9256.0,768.0,0.08297320656871218,2,0,1.45,0.9448909299655568,9.485915422879224,4.623541740421272,0.47540983606557374,0.0,0.0,0.0,0.0,8.0,12.0,224.0,0.9836065573770492,77,77,107.85353409270772,0.0,83,243.31466428037868,2703.2910062064057,0.0,0.0,634.6268208814446,341.9944612110107,0.6166019835996932,0.2866296053501951,69.7744,1.0,21794.8398,0.862342,21863.0,22554.0,0.6306781435877462,0.8287235406160584,0.06250000000076944,1.0,243.96872376214608,243.31466428037868,49.0,102.48064253063798,2703.2910062064057,224.0,8677.0,69.67340343247088
398,19.9,250.0098131635237,236.12052616294005,319.6262647534093,139.68227881723018,0.9749783923941227,243.96872376214608,243.31466428037868,243.31466428037868,281.76240012095576,312.98806771284956,69.67340343247088,0.28635102466402995,49.0,49.0,13.181396484375,113.56738730379797,112.44035011899288,102.48064253063798,111.13646777378044,212.0,0.47540983606557374,2703.2910062064057,21362.06061443703,20993.5,-18290.208993793596,8677.0,9256.0,768.0,0.08297320656871218,2,0,1.45,0.9448909299655568,9.485915422879224,4.623541740421272,0.47540983606557374,0.0,0.0,0.0,0.0,8.0,12.0,224.0,0.9836065573770492,77,77,107.85353409270772,0.0,83,243.31466428037868,2703.2910062064057,0.0,0.0,634.6268208814446,341.9944612110107,0.6166019835996932,0.2866296053501951,69.8872,1.0,21794.8398,0.862342,21863.0,22554.0,0.6306781435877462,0.8287235406160584,0.06250000000076944,1.0,243.96872376214608,243.31466428037868,49.0,102.48064253063798,2703.2910062064057,224.0,8677.0,69.67340343247088
399,19.95,250.0098131635237,236.12052616294005,319.6262647534093,139.68227881723018,0.9749783923941227,243.96872376214608,243.31466428037868,243.31466428037868,281.76240012095576,312.98806771284956,69.67340343247088,0.28635102466402995,49.0,49.0,13.181396484375,113.56738730379797,112.44035011899288,102.48064253063798,111.13646777378044,212.0,0.47540983606557374,2703.2910062064057,21362.06061443703,20993.5,-18290.208993793596,8677.0,9256.0,768.0,0.08297320656871218,2,0,1.45,0.9448909299655568,9.485915422879224,4.623541740421272,0.47540983606557374,0.0,0.0,0.0,0.0,8.0,12.0,224.0,0.9836065573770492,77,77,107.85353409270772,0.0,83,243.31466428037868,2703.2910062064057,0.0,0.0,634.6268208814446,341.9944612110107,0.6166019835996932,0.2866296053501951,70.0,1.0,21794.8398,0.862342,21863.0,22554.0,0.6306781435877462,0.8287235406160584,0.06250000000076944,1.0,243.96872376214608,243.31466428037868,49.0,102.48064253063798,2703.2910062064057,224.0,8677.0,69.67340343247088
