frame,time_sec_x,anchor_x,anchor_y,tip_x,tip_y,quality,length_env_px,length_axis_px,diameter_max_px,x_peak_norm,taper_left_px,taper_right_px,landing_zone_left_px,landing_zone_right_px,transition_zone_left_px,transition_zone_right_px,compaction_zone_length_px,zone_symmetry,length_axis_ref_px,length_env_ref_px,foreshortening_axis,foreshortening_env,time_sec_y,temperature_c,length_env_true_px,length_axis_true_px,diameter_true_px,x_peak_norm_true,taper_left_true_px,taper_right_true_px,landing_zone_left_true_px,landing_zone_right_true_px,transition_zone_left_true_px,transition_zone_right_true_px,compaction_zone_length_true_px,zone_symmetry_true,length_axis_ref_true_px,length_env_ref_true_px,foreshortening_axis_true,foreshortening_env_true,length_env_recovery,length_axis_recovery,diameter_max_recovery,length_env_smooth,length_axis_smooth,diameter_max_smooth,compaction_zone_smooth
0,0.0,378.2747669224571,277.84141168714854,894.1091259491793,264.7680017459477,1.0,516.0,516.0,122.11285321881263,0.5503875968992248,40.0,32.0,40.0,32.0,108.0,88.0,248.0,0.9457364341085271,516.0,516.0,0.0,0.0,0.0,20.0,519.9998262569229,519.9998262569229,119.9997738203686,0.5606773080069679,39.16414155508869,41.337870546352406,39.16414155508869,41.337870546352406,110.96460659439576,87.02737616068231,241.5058314004037,0.9581470986267278,519.9998262569229,519.9998262569229,0.0,0.0,0.0,0.0,0.0,516.0,516.0,122.1128504421171,248.0
1,0.05,378.2748920864463,277.8433298957491,894.1091588678099,264.7662807586889,1.0,516.0,516.0,122.1128737250944,0.5503875968992248,40.0,32.0,40.0,32.0,108.0,88.0,248.0,0.9457364341085271,516.0,516.0,0.0,0.0,0.05,20.09394572025052,519.9998190041633,519.9998190041633,119.9997804137609,0.5606773080079198,39.16414100896023,41.33786996966288,39.16414100896023,41.33786996966288,110.96460504698264,87.02737494662921,241.5058280319283,0.9581470986252852,519.9998262569229,519.9998262569229,1.3947619281751145e-08,1.3947619281751145e-08,0.0,0.0,0.0,516.0,516.0,122.11285201298557,248.0
2,0.1,378.27476802792444,277.842095467078,894.1091466048975,264.7694569381505,1.0,516.0,516.0,122.11284887124862,0.5503875968992248,40.0,32.0,40.0,32.0,108.0,88.0,248.0,0.9457364341085271,516.0,516.0,0.0,0.0,0.1,20.187891440501044,519.9998114025939,519.9998114025939,119.99978732425204,0.5606773080089172,39.16414043656664,41.337869365238504,39.16414043656664,41.337869365238504,110.96460342514912,87.02737367418828,241.50582450145137,0.958147098623774,519.9998262569229,519.9998262569229,2.8566026877285825e-08,2.8566026877285825e-08,0.0,0.0,0.0,516.0,516.0,122.11285201298557,248.0
3,0.15,378.27460083628097,277.8400171177909,894.1091174033434,264.7728246869362,1.0,516.0,516.0,122.11281817009058,0.5503875968992248,40.0,32.0,40.0,32.0,108.0,88.0,248.0,0.9457364341085271,516.0,516.0,0.0,0.0,0.15,20.281837160751564,519.9998034354388,519.9998034354388,119.99979456709228,0.5606773080099628,39.16413983664472,41.337868731745175,39.16413983664472,41.337868731745175,110.96460172531604,87.0273723405513,241.5058208011816,0.9581470986221894,519.9998262569229,519.9998262569229,4.38874840913428e-08,4.38874840913428e-08,0.0,0.0,0.0,516.0,516.0,122.11285201298557,248.0
4,0.2,378.27460083628097,277.8400171177909,894.1091174033434,264.7728246869362,1.0,516.0,516.0,122.11281817009058,0.5503875968992248,40.0,32.0,40.0,32.0,108.0,88.0,248.0,0.9457364341085271,516.0,516.0,0.0,0.0,0.2,20.37578288100209,519.9997950851166,519.9997950851166,119.99980215826538,0.5606773080110588,39.16413920787059,41.33786806778525,39.16413920787059,41.33786806778525,110.9645999437322,87.02737094277515,241.50581692295347,0.9581470986205292,519.9998262569229,519.9998262569229,5.99458014338694e-08,5.99458014338694e-08,0.0,0.0,0.0,516.0,516.0,122.11285067446745,248.0
5,0.25,378.2747764389982,277.8419647341976,894.1091408883568,264.76876875439825,1.0,516.0,516.0,122.11285201298557,0.5503875968992248,40.0,32.0,40.0,32.0,108.0,88.0,248.0,0.9457364341085271,516.0,516.0,0.0,0.0,0.25,20.46972860125261,519.9997863331986,519.9997863331987,119.99981011452384,0.5606773080122072,39.16413854885653,41.337867371893,39.16413854885653,41.337867371893,110.96459807646596,87.02736947777524,241.50581285820795,0.9581470986187888,519.9998262569229,519.9998262569229,7.67764183340347e-08,7.677641855607932e-08,0.0,0.0,0.0,516.0,516.0,122.11284933594933,248.0
6,0.3,378.2747764389982,277.8419647341976,894.1091408883568,264.76876875439825,1.0,516.0,516.0,122.11285201298557,0.5503875968992248,40.0,32.0,40.0,32.0,108.0,88.0,248.0,0.9457364341085271,516.0,516.0,0.0,0.0,0.3,20.563674321503132,519.9997771603714,519.9997771603714,119.99981845342572,0.5606773080134111,39.16413785814822,41.33786664253299,39.16413785814822,41.33786664253299,110.9645961193965,87.02736794231839,241.50580859797532,0.9581470986169648,519.9998262569229,519.9998262569229,9.441647674801601e-08,9.441647674801601e-08,0.0,0.0,0.0,516.0,516.0,122.11284933594933,248.0
7,0.35,378.2747764389982,277.8419647341976,894.1091408883568,264.76876875439825,1.0,516.0,516.0,122.11285201298557,0.5503875968992248,40.0,32.0,40.0,32.0,108.0,88.0,248.0,0.9457364341085271,516.0,516.0,0.0,0.0,0.35,20.657620041753653,519.9997675463917,519.9997675463917,119.99982719337363,0.560677308014673,39.16413713422139,41.33786587809536,39.16413713422139,41.33786587809536,110.964594068205,87.02736633301646,241.50580413285343,0.9581470986150528,519.9998262569229,519.9998262569229,1.129049054249265e-07,1.129049054249265e-07,0.0,0.0,0.0,516.0,516.0,122.11284933594933,248.0
8,0.4,378.27476149912917,277.8417694213589,894.1091379865364,264.7690484403308,1.0,516.0,516.0,122.11284933594933,0.5503875968992248,40.0,32.0,40.0,32.0,108.0,88.0,248.0,0.9457364341085271,516.0,516.0,0.0,0.0,0.4,20.751565762004176,519.9997574700433,519.9997574700433,119.99983635365516,0.5606773080159954,39.164136375478535,41.33786507689365,39.164136375478535,41.33786507689365,110.96459191836476,87.02736464631755,241.50579945298884,0.9581470986130493,519.9998262569229,519.9998262569229,1.322825050609211e-07,1.322825050609211e-07,0.0,0.0,0.0,516.0,516.0,122.11284933594933,248.0
9,0.45,378.27476149912917,277.8417694213589,894.1091379865364,264.7690484403308,1.0,516.0,516.0,122.11284933594933,0.5503875968992248,40.0,32.0,40.0,32.0,108.0,88.0,248.0,0.9457364341085271,516.0,516.0,0.0,0.0,0.45,20.845511482254697,519.9997469090895,519.9997469090895,119.99984595448548,0.5606773080173811,39.1641355802451,41.33786423715949,39.1641355802451,41.33786423715949,110.96458966513134,87.02736287849973,241.5057945480538,0.9581470986109496,519.9998262569229,519.9998262569229,1.5259203833828394e-07,1.5259203833828394e-07,0.0,0.0,0.0,516.0,516.0,122.11285201298557,248.0
10,0.5,378.27453656893783,277.83781531574516,894.1090633668871,264.7710267609458,1.0,516.0,516.0,122.11281589278798,0.5503875968992248,40.0,32.0,40.0,32.0,108.0,88.0,248.0,0.9457364341085271,516.0,516.0,0.0,0.0,0.5,20.93945720250522,519.9997358402238,519.9997358402238,119.99985601705194,0.5606773080188338,39.16413474676631,41.33786335703951,39.16413474676631,41.33786335703951,110.96458730353244,87.02736102566143,241.50578940722417,0.9581470986087484,519.9998262569229,519.9998262569229,1.7387832562665298e-07,1.7387832562665298e-07,0.0,0.0,0.0,516.0,516.0,122.11285201298557,248.0
11,0.55,378.27453656893783,277.83781531574516,894.1090633668871,264.7710267609458,1.0,516.0,516.0,122.11281589278798,0.5503875968992248,40.0,32.0,40.0,32.0,108.0,88.0,248.0,0.9457364341085271,516.0,516.0,0.0,0.0,0.55,21.03340292275574,519.9997242390195,519.9997242390195,119.99986656356091,0.5606773080203563,39.1641338732027,41.3378624345917,39.1641338732027,41.3378624345917,110.96458482835644,87.02735908371412,241.50578401915453,0.9581470986064414,519.9998262569229,519.9998262569229,1.9618834123935613e-07,1.9618834123935613e-07,0.0,0.0,0.0,516.0,516.0,122.11285201298557,248.0
12,0.6,378.2750395128349,277.8444266815695,894.1091621066978,264.7616911946895,1.0,516.0,516.0,122.11290575459796,0.5503875968992248,40.0,32.0,40.0,32.0,108.0,88.0,248.0,0.9457364341085271,516.0,516.0,0.0,0.0,0.6,21.127348643006265,519.9997120798741,519.9997120798741,119.9998776172867,0.5606773080219523,39.16413295762641,41.337861467780215,39.16413295762641,41.337861467780215,110.96458223414092,87.02735704837195,241.5057783719547,0.9581470986040236,519.9998262569229,519.9998262569229,2.1957132101402266e-07,2.1957132101402266e-07,0.0,0.0,0.0,516.0,516.0,122.11290575459796,248.0
13,0.65,378.2750395128349,277.8444266815695,894.1091621066978,264.7616911946895,1.0,516.0,516.0,122.11290575459796,0.5503875968992248,40.0,32.0,40.0,32.0,108.0,88.0,248.0,0.9457364341085271,516.0,516.0,0.0,0.0,0.65,21.221294363256785,519.9996993359555,519.9996993359555,119.99988920262292,0.5606773080236247,39.1641319980171,41.337860454471496,39.1641319980171,41.337860454471496,110.964579515161,87.02735491514363,241.5057724531622,0.9581470986014892,519.9998262569229,519.9998262569229,2.4407886511923493e-07,2.4407886511923493e-07,0.0,0.0,0.0,516.0,516.0,122.11290575459796,248.0
14,0.7,378.2750395128349,277.8444266815695,894.1091621066978,264.7616911946895,1.0,516.0,516.0,122.11290575459796,0.5503875968992248,40.0,32.0,40.0,32.0,108.0,88.0,248.0,0.9457364341085271,516.0,516.0,0.0,0.0,0.7,21.315240083507305,519.9996859791395,519.9996859791396,119.99990134513637,0.5606773080253774,39.16413099225707,41.33785939242972,39.16413099225707,41.33785939242972,110.96457666541625,87.0273526793211,241.50576624971544,0.9581470985988334,519.9998262569229,519.9998262569229,2.697650580696376e-07,2.697650582916822e-07,0.0,0.0,0.0,516.0,516.0,122.11290575459796,248.0
15,0.75,378.27511678765336,277.84541269873245,894.1091763666059,264.7601928573384,1.0,516.0,516.0,122.11291974356703,0.5736434108527132,40.0,32.0,40.0,32.0,108.0,88.0,248.0,0.9457364341085271,516.0,516.0,0.0,0.0,0.75,21.40918580375783,519.99967197995,519.99967197995,119.9999140716234,0.5606773080272148,39.16412993812662,41.33785827931058,39.16412993812662,41.33785827931058,110.96457367861775,87.02735033597054,241.5057597479245,0.95814709859605,519.9998262569229,519.9998262569229,2.966865855213996e-07,2.966865855213996e-07,0.0,0.0,0.0,516.0,516.0,122.11290575459796,248.0
16,0.8,378.27511678765336,277.84541269873245,894.1091763666059,264.7601928573384,1.0,516.0,516.0,122.11291974356703,0.5736434108527132,40.0,32.0,40.0,32.0,108.0,88.0,248.0,0.9457364341085271,516.0,516.0,0.0,0.0,0.8,21.50313152400835,519.9996573074934,519.9996573074934,119.99992741016906,0.5606773080291404,39.16412883329963,41.33785711265793,39.16412883329963,41.33785711265793,110.9645705481745,87.02734787992054,241.50575293344087,0.958147098593132,519.9998262569229,519.9998262569229,3.249028576179924e-07,3.249028576179924e-07,0.0,0.0,0.0,516.0,516.0,122.11290575459796,248.0
17,0.85,378.27511678765336,277.84541269873245,894.1091763666059,264.7601928573384,1.0,516.0,516.0,122.11291974356703,0.5736434108527132,40.0,32.0,40.0,32.0,108.0,88.0,248.0,0.9457364341085271,516.0,516.0,0.0,0.0,0.85,21.597077244258873,519.9996419293902,519.9996419293902,119.9999413902091,0.5606773080311586,39.16412767533771,41.3378558898971,39.16412767533771,41.3378558898971,110.9645672671778,87.02734530575108,241.5057457912266,0.9581470985900744,519.9998262569229,519.9998262569229,3.544761427720644e-07,3.544761427720644e-07,0.0,0.0,0.0,516.0,516.0,122.11290575459796,248.0
18,0.9,378.2748312075533,277.84246933472826,894.1091450685117,264.7672774204858,1.0,516.0,516.0,122.1128632607023,0.5503875968992248,40.0,32.0,40.0,32.0,108.0,88.0,248.0,0.9457364341085271,516.0,516.0,0.0,0.0,0.9,21.691022964509393,519.9996258117039,519.9996258117039,119.99995604259487,0.5606773080332739,39.16412646168581,41.33785460832962,39.16412646168581,41.33785460832962,110.9645638283874,87.02734260778126,241.50573830551983,0.9581470985868688,519.9998262569229,519.9998262569229,3.854717037787836e-07,3.854717037787836e-07,0.0,0.0,0.0,516.0,516.0,122.1128632607023,248.0
19,0.95,378.2748312075533,277.84246933472826,894.1091450685117,264.7672774204858,1.0,516.0,516.0,122.1128632607023,0.5503875968992248,40.0,32.0,40.0,32.0,108.0,88.0,248.0,0.9457364341085271,516.0,516.0,0.0,0.0,0.95,21.784968684759917,519.9996089188658,519.9996089188658,119.99997139966152,0.5606773080354908,39.16412518966541,41.33785326512759,39.16412518966541,41.33785326512759,110.9645602242143,87.02733978005747,241.50573045980104,0.95814709858351,519.9998262569229,519.9998262569229,4.1795794192278635e-07,4.1795794192278635e-07,0.0,0.0,0.0,516.0,516.0,122.1128632607023,248.0
20,1.0,378.2746811647262,277.84063543911736,894.1091198260337,264.77036799832723,1.0,516.0,516.0,122.11283550644237,0.5503875968992248,40.0,32.0,40.0,32.0,108.0,88.0,248.0,0.9457364341085271,516.0,516.0,0.0,0.0,1.0,21.87891440501044,519.9995912135964,519.9995912135964,119.99998749529914,0.5606773080378143,39.16412385646939,41.3378518573266,39.16412385646939,41.3378518573266,110.9645564467049,87.02733681633916,241.50572223675644,0.9581470985799893,519.9998262569229,519.9998262569229,4.52006548079531e-07,4.52006548079531e-07,0.0,0.0,0.0,516.0,516.0,122.11283550644237,248.0
21,1.05,378.2746811647262,277.84063543911736,894.1091198260337,264.77036799832723,1.0,516.0,516.0,122.11283550644237,0.5503875968992248,40.0,32.0,40.0,32.0,108.0,88.0,248.0,0.9457364341085271,516.0,516.0,0.0,0.0,1.05,21.97286012526096,519.9995726568236,519.9995726568236,120.00000436502776,0.5606773080402498,39.16412245915569,41.337850381819834,39.16412245915569,41.337850381819834,110.96455248752292,87.0273337100862,241.505713618239,0.9581470985762992,519.9998262569229,519.9998262569229,4.876926615882127e-07,4.876926615882127e-07,0.0,0.0,0.0,516.0,516.0,122.11283550644237,248.0
22,1.1,378.2746811647262,277.84063543911736,894.1091198260337,264.77036799832723,1.0,516.0,516.0,122.11283550644237,0.5503875968992248,40.0,32.0,40.0,32.0,108.0,88.0,248.0,0.9457364341085271,516.0,516.0,0.0,0.0,1.1,22.06680584551148,519.9995532075964,519.9995532075964,120.00002204607566,0.5606773080428021,39.1641209946408,41.337848835351366,39.1641209946408,41.337848835351366,110.96454833793118,87.0273304544435,241.50570458522952,0.9581470985724316,519.9998262569229,519.9998262569229,5.25095034231704e-07,5.25095034231704e-07,0.0,0.0,0.0,516.0,516.0,122.11283550644237,248.0
23,1.15,378.2746811647262,277.84063543911736,894.1091198260337,264.77036799832723,1.0,516.0,516.0,122.11283550644237,0.5503875968992248,40.0,32.0,40.0,32.0,108.0,88.0,248.0,0.9457364341085271,516.0,516.0,0.0,0.0,1.15,22.16075156576201,519.9995328229937,519.9995328229937,120.00004057746143,0.5606773080454774,39.164119459692614,41.33784721450823,39.164119459692614,41.33784721450823,110.96454398877243,87.02732704222669,241.50569511779375,0.9581470985683782,519.9998262569229,519.9998262569229,5.642962062069046e-07,5.642962062069046e-07,0.0,0.0,0.0,516.0,516.0,122.11283550644237,248.0
24,1.2,378.2492765589035,277.83866383547263,894.0837371828809,264.7692632076574,1.0,516.0,516.0,122.11283061994598,0.5503875968992248,40.0,32.0,40.0,32.0,108.0,88.0,248.0,0.9457364341085271,516.0,516.0,0.0,0.0,1.2,22.25469728601253,519.9995114580308,519.9995114580308,120.0000600000802,0.5606773080482812,39.1641178509239,41.33784551571355,39.1641178509239,41.33784551571355,110.96453943044874,87.02732346590554,241.5056851950392,0.95814709856413,519.9998262569229,519.9998262569229,6.053826869800716e-07,6.053826869800716e-07,0.0,0.0,0.0,516.0,516.0,122.11283550644237,248.0
25,1.25,378.2492765589035,277.83866383547263,894.0837371828809,264.7692632076574,1.0,516.0,516.0,122.11283061994598,0.5503875968992248,40.0,32.0,40.0,32.0,108.0,88.0,248.0,0.9457364341085271,516.0,516.0,0.0,0.0,1.25,22.34864300626305,519.9994890655598,519.9994890655598,120.00008035679386,0.5606773080512203,39.16411616478453,41.33784373521851,39.16411616478453,41.33784373521851,110.96453465290104,87.02731971758774,241.505674795068,0.9581470985596768,519.9998262569229,519.9998262569229,6.484451456900686e-07,6.484451456900686e-07,0.0,0.0,0.0,516.0,516.0,122.11283550644237,248.0
26,1.3,378.2492765589035,277.83866383547263,894.0837371828809,264.7692632076574,1.0,516.0,516.0,122.11283061994598,0.5503875968992248,40.0,32.0,40.0,32.0,108.0,88.0,248.0,0.9457364341085271,516.0,516.0,0.0,0.0,1.3,22.44258872651357,519.999465596165,519.9994655961651,120.00010169252552,0.5606773080543002,39.16411439755339,41.337841869094035,39.16411439755339,41.337841869094035,110.96452964558613,87.02731578900179,241.5056638949298,0.95814709855501,519.9998262569229,519.9998262569229,6.935786120987331e-07,6.935786123207777e-07,0.0,0.0,0.0,516.0,516.0,122.11283550644237,248.0
27,1.35,378.2493629111172,277.8398443321232,894.0837486069111,264.76748670838015,1.0,516.0,516.0,122.11284728804131,0.5658914728682171,40.0,32.0,40.0,32.0,108.0,88.0,248.0,0.9457364341085271,516.0,516.0,0.0,0.0,1.35,22.536534446764097,519.9994409980538,519.9994409980538,120.00012405435876,0.5606773080575285,39.16411254533065,41.337839913221615,39.16411254533065,41.337839913221615,110.96452439745372,87.02731167147792,241.50565247057,0.9581470985501188,519.9998262569229,519.9998262569229,7.408826880883623e-07,7.408826880883623e-07,0.0,0.0,0.0,516.0,516.0,122.11284728804131,248.0
28,1.4,378.2493629111172,277.8398443321232,894.0837486069111,264.76748670838015,1.0,516.0,516.0,122.11284728804131,0.5658914728682171,40.0,32.0,40.0,32.0,108.0,88.0,248.0,0.9457364341085271,516.0,516.0,0.0,0.0,1.4,22.630480167014618,519.9994152169438,519.9994152169438,120.0001474916415,0.5606773080609118,39.164110604028735,41.337837863285415,39.164110604028735,41.337837863285415,110.9645188969226,87.02730735592951,241.50564049677757,0.9581470985449922,519.9998262569229,519.9998262569229,7.904617623788468e-07,7.904617623788468e-07,0.0,0.0,0.0,516.0,516.0,122.11284728804131,248.0
29,1.45,378.2493629111172,277.8398443321232,894.0837486069111,264.76748670838015,1.0,516.0,516.0,122.11284728804131,0.5658914728682171,40.0,32.0,40.0,32.0,108.0,88.0,248.0,0.9457364341085271,516.0,516.0,0.0,0.0,1.45,22.724425887265134,519.9993881959414,519.9993881959414,120.00017205609493,0.5606773080644579,39.16410856936375,41.33783571476144,39.16410856936375,41.33783571476144,110.96451313185406,87.0273028328333,241.50562794712883,0.9581470985396192,519.9998262569229,519.9998262569229,8.424252460059733e-07,8.424252460059733e-07,0.0,0.0,0.0,516.0,516.0,122.11284728804131,248.0
30,1.5,378.27478070033027,277.84073321847046,894.1091023968161,264.76585043022124,1.0,516.0,516.0,122.11286151879992,0.5503875968992248,40.0,32.0,40.0,32.0,108.0,88.0,248.0,0.9457364341085271,516.0,516.0,0.0,0.0,1.5,22.818371607515655,519.9993598754168,519.9993598754169,120.00019780192748,0.5606773080681746,39.16410643684554,41.33783346290855,39.16410643684554,41.33783346290855,110.964507089526,87.02729809220753,241.50561479392923,0.9581470985339874,519.9998262569229,519.9998262569229,8.968878112414203e-07,8.968878114634649e-07,0.0,0.0,0.0,516.0,516.0,122.11286151879992,248.0
31,1.55,378.27478070033027,277.84073321847046,894.1091023968161,264.76585043022124,1.0,516.0,516.0,122.11286151879992,0.5503875968992248,40.0,32.0,40.0,32.0,108.0,88.0,248.0,0.9457364341085271,516.0,516.0,0.0,0.0,1.55,22.91231732776618,519.999330192873,519.999330192873,120.00022478595466,0.5606773080720703,39.164104201768026,41.33783110275712,39.164104201768026,41.33783110275712,110.96450075660402,87.02729312359091,241.5056010081529,0.9581470985280852,519.9998262569229,519.9998262569229,9.53969645500763e-07,9.53969645500763e-07,0.0,0.0,0.0,516.0,516.0,122.11286151879992,248.0
32,1.6,378.27478070033027,277.84073321847046,894.1091023968161,264.76585043022124,1.0,516.0,516.0,122.11286151879992,0.5503875968992248,40.0,32.0,40.0,32.0,108.0,88.0,248.0,0.9457364341085271,516.0,516.0,0.0,0.0,1.6,23.006263048016702,519.9992990828068,519.9992990828068,120.00025306772422,0.5606773080761532,39.16410185919904,41.33782862909888,39.16410185919904,41.33782862909888,110.96449411911291,87.0272879160186,241.50558655937735,0.9581470985218986,519.9998262569229,519.9998262569229,1.0137967157985983e-06,1.0137967157985983e-06,0.0,0.0,0.0,516.0,516.0,122.11286151879992,248.0
33,1.65,378.2749414070276,277.84248564468123,894.1091229332006,264.7620739836066,1.0,516.0,516.0,122.1128926669759,0.5658914728682171,40.0,32.0,40.0,32.0,108.0,88.0,248.0,0.9457364341085271,516.0,516.0,0.0,0.0,1.65,23.100208768267223,519.9992664765659,519.9992664765659,120.00028270964768,0.5606773080804325,39.16409940396906,41.33782603647538,39.16409940396906,41.33782603647538,110.96448716240528,87.02728245799881,241.50557141571744,0.958147098515415,519.9998262569229,519.9998262569229,1.076501046193279e-06,1.076501046193279e-06,0.0,0.0,0.0,516.0,516.0,122.1128926669759,248.0
34,1.7,378.2749414070276,277.84248564468123,894.1091229332006,264.7620739836066,1.0,516.0,516.0,122.1128926669759,0.5658914728682171,40.0,32.0,40.0,32.0,108.0,88.0,248.0,0.9457364341085271,516.0,516.0,0.0,0.0,1.7,23.194154488517743,519.9992323021952,519.9992323021952,120.00031377713805,0.5606773080849173,39.1640968306597,41.33782331916501,39.1640968306597,41.33782331916501,110.96447987112938,87.02727673748669,241.50555554375447,0.9581470985086192,519.9998262569229,519.9998262569229,1.1422210118849918e-06,1.1422210118849918e-06,0.0,0.0,0.0,516.0,516.0,122.1128926669759,248.0
35,1.75,378.2749414070276,277.84248564468123,894.1091229332006,264.7620739836066,1.0,516.0,516.0,122.1128926669759,0.5658914728682171,40.0,32.0,40.0,32.0,108.0,88.0,248.0,0.9457364341085271,516.0,516.0,0.0,0.0,1.75,23.288100208768267,519.9991964842802,519.9991964842802,120.00034633875396,0.5606773080896178,39.1640941335925,41.33782047117117,39.1640941335925,41.33782047117117,110.9644722291947,87.02727074185876,241.50553890846305,0.958147098501497,519.9998262569229,519.9998262569229,1.21110164064131e-06,1.21110164064131e-06,0.0,0.0,0.0,516.0,516.0,122.1128926669759,248.0
36,1.8,378.2499378843701,277.850309440343,894.0839125003522,264.76174069206627,1.0,516.0,516.0,122.11293859620054,0.5581395348837209,40.0,32.0,40.0,32.0,108.0,88.0,248.0,0.9457364341085271,516.0,516.0,0.0,0.0,1.8,23.38204592901879,519.999158943779,519.9991589437789,120.0003804663513,0.5606773080945447,39.16409130681566,41.33781748620907,39.16409130681566,41.33781748620907,110.96446421973758,87.02726445788397,241.50552147313263,0.958147098494032,519.9998262569229,519.9998262569229,1.2832949365382262e-06,1.2832949363161816e-06,0.0,0.0,0.0,516.0,516.0,122.11293859620054,248.0
37,1.85,378.2499378843701,277.850309440343,894.0839125003522,264.76174069206627,1.0,516.0,516.0,122.11293859620054,0.5581395348837209,40.0,32.0,40.0,32.0,108.0,88.0,248.0,0.9457364341085271,516.0,516.0,0.0,0.0,1.85,23.47599164926931,519.9991195978487,519.9991195978487,120.00041623524142,0.5606773080997084,39.16408834409109,41.337814357691826,39.16408834409109,41.337814357691826,110.96445582508292,87.02725787169484,241.50550319928809,0.958147098486208,519.9998262569229,519.9998262569229,1.3589602122499045e-06,1.3589602122499045e-06,0.0,0.0,0.0,516.0,516.0,122.11293859620054,248.0
38,1.9,378.2501133797815,277.852502289213,894.0839288387156,264.7576625010224,1.0,516.0,516.0,122.11297388511454,0.5503875968992248,40.0,32.0,40.0,32.0,108.0,88.0,248.0,0.9457364341085271,516.0,516.0,0.0,0.0,1.9,23.569937369519835,519.9990783596627,519.9990783596627,120.00045372435744,0.5606773081051205,39.16408523888089,41.33781107871533,39.16408523888089,41.33781107871533,110.9644470267059,87.02725096875764,241.50548404660287,0.9581470984780076,519.9998262569229,519.9998262569229,1.4382644425436908e-06,1.4382644425436908e-06,0.0,0.0,0.0,516.0,516.0,122.11295677456908,248.0
39,1.95,378.2501133797815,277.852502289213,894.0839288387156,264.7576625010224,1.0,516.0,516.0,122.11297388511454,0.5503875968992248,40.0,32.0,40.0,32.0,108.0,88.0,248.0,0.9457364341085271,516.0,516.0,0.0,0.0,1.95,23.663883089770355,519.9990351382185,519.9990351382185,120.00049301642848,0.5606773081107927,39.164081984332455,41.337807642044,39.164081984332455,41.337807642044,110.96443780519056,87.02724373383893,241.5054639728125,0.958147098469413,519.9998262569229,519.9998262569229,1.521382632319046e-06,1.521382632319046e-06,0.0,0.0,0.0,516.0,516.0,122.11295677456908,248.0
40,2.0,378.25000846250987,277.8506584850145,894.083901111652,264.758859737966,1.0,516.0,516.0,122.11295677456908,0.5503875968992248,40.0,32.0,40.0,32.0,108.0,88.0,248.0,0.9457364341085271,516.0,516.0,0.0,0.0,2.0,23.757828810020875,519.9989898381375,519.9989898381375,120.00053419816211,0.5606773081167379,39.16407857326391,41.33780404009369,39.16407857326391,41.33780404009369,110.96442814018764,87.02723615097347,241.5054429336188,0.958147098460405,519.9998262569229,519.9998262569229,1.6084982016328908e-06,1.6084982016328908e-06,0.0,0.0,0.0,516.0,516.0,122.11295677456908,248.0
41,2.05,378.25000846250987,277.8506584850145,894.083901111652,264.758859737966,1.0,516.0,516.0,122.11295677456908,0.5503875968992248,40.0,32.0,40.0,32.0,108.0,88.0,248.0,0.9457364341085271,516.0,516.0,0.0,0.0,2.05,23.8517745302714,519.9989423594543,519.9989423594543,120.00057736043566,0.560677308122969,39.16407499814804,41.33780026491604,39.16407499814804,41.33780026491604,110.96441801036872,87.02722820342763,241.5054208825939,0.958147098450964,519.9998262569229,519.9998262569229,1.6998033921522548e-06,1.6998033921522548e-06,0.0,0.0,0.0,516.0,516.0,122.11295677456908,248.0
42,2.1,378.25000846250987,277.8506584850145,894.083901111652,264.758859737966,1.0,516.0,516.0,122.11295677456908,0.5503875968992248,40.0,32.0,40.0,32.0,108.0,88.0,248.0,0.9457364341085271,516.0,516.0,0.0,0.0,2.1,23.94572025052192,519.998892597396,519.998892597396,120.00062259849676,0.5606773081294997,39.16407125109544,41.337796308179975,39.16407125109544,41.337796308179975,110.96440739338006,87.02721987366343,241.50539777107713,0.9581470984410688,519.9998262569229,519.9998262569229,1.7954996901492493e-06,1.7954996901492493e-06,0.0,0.0,0.0,516.0,516.0,122.11295677456908,248.0
43,2.15,378.25000846250987,277.8506584850145,894.083901111652,264.758859737966,1.0,516.0,516.0,122.11295677456908,0.5503875968992248,40.0,32.0,40.0,32.0,108.0,88.0,248.0,0.9457364341085271,516.0,516.0,0.0,0.0,2.15,24.039665970772443,519.9988404421513,519.9988404421513,120.00067001217349,0.5606773081363443,39.16406732383726,41.337792161154226,39.16406732383726,41.337792161154226,110.96439626579306,87.02721114329918,241.50537354806755,0.9581470984306972,519.9998262569229,519.9998262569229,1.895798271145388e-06,1.895798271145388e-06,0.0,0.0,0.0,516.0,516.0,122.11295677456908,248.0
44,2.2,378.25000846250987,277.8506584850145,894.083901111652,264.758859737966,1.0,516.0,516.0,122.11295677456908,0.5503875968992248,40.0,32.0,40.0,32.0,108.0,88.0,248.0,0.9457364341085271,516.0,516.0,0.0,0.0,2.2,24.133611691022963,519.998785778628,519.998785778628,120.00071970609464,0.5606773081435185,39.16406320770733,41.33778781468746,39.16406320770733,41.33778781468746,110.96438460305184,87.0272019930695,241.50534816011185,0.9581470984198274,519.9998262569229,519.9998262569229,2.000920466538325e-06,2.000920466538325e-06,0.0,0.0,0.0,516.0,516.0,122.11295677456908,248.0
45,2.25,378.25000846250987,277.8506584850145,894.083901111652,264.758859737966,1.0,516.0,516.0,122.11295677456908,0.5503875968992248,40.0,32.0,40.0,32.0,108.0,88.0,248.0,0.9457364341085271,516.0,516.0,0.0,0.0,2.25,24.227557411273487,519.9987284861996,519.9987284861996,120.00077178992052,0.5606773081510374,39.16405889362238,41.33778325918843,39.16405889362238,41.33778325918843,110.96437237942054,87.02719240278242,241.5053215511859,0.9581470984084346,519.9998262569229,519.9998262569229,2.111098250101584e-06,2.111098250101584e-06,0.0,0.0,0.0,516.0,516.0,122.11295677456908,248.0
46,2.3,378.2496676084365,277.84446299043304,894.0838041915296,264.7622790911415,1.0,516.0,516.0,122.11290264831997,0.5503875968992248,40.0,32.0,40.0,32.0,108.0,88.0,248.0,0.9457364341085271,516.0,516.0,0.0,0.0,2.3,24.321503131524008,519.9986684384382,519.9986684384382,120.00082637858496,0.560677308158918,39.16405437206262,41.33777848460417,39.16405437206262,41.33777848460417,110.96435956792467,87.02718235127512,241.5052936625717,0.958147098396494,519.9998262569229,519.9998262569229,2.2265747529059965e-06,2.2265747529059965e-06,0.0,0.0,0.0,516.0,516.0,122.11295677456908,248.0
47,2.35,378.249455776215,277.84059838476185,894.0837435424694,264.7643770390884,1.0,516.0,516.0,122.11286906115713,0.5503875968992248,40.0,32.0,40.0,32.0,108.0,88.0,248.0,0.9457364341085271,516.0,516.0,0.0,0.0,2.35,24.41544885177453,519.9986055028362,519.9986055028362,120.00088359254887,0.5606773081671778,39.16404963305018,41.337773480398624,39.16404963305018,41.337773480398624,110.96434614029342,87.0271718163668,241.50526443272724,0.9581470983839792,519.9998262569229,519.9998262569229,2.3476047973369778e-06,2.3476047973369778e-06,0.0,0.0,0.0,516.0,516.0,122.11295677456908,248.0
48,2.4,378.2502601950009,277.85470614800647,894.0839549645444,264.7551130092327,1.0,516.0,516.0,122.1130006215445,0.5503875968992248,40.0,32.0,40.0,32.0,108.0,88.0,248.0,0.9457364341085271,516.0,516.0,0.0,0.0,2.4,24.50939457202505,519.9985395405142,519.9985395405142,120.0009435580659,0.5606773081758345,39.164044666127495,41.33776823552941,39.164044666127495,41.33776823552941,110.96433206689612,87.02716077480989,241.50523379715133,0.9581470983708624,519.9998262569229,519.9998262569229,2.474455458867375e-06,2.474455458867375e-06,0.0,0.0,0.0,516.0,516.0,122.11295677456908,248.0
49,2.45,378.25018766453223,277.85371999406254,894.0839455170386,264.7566111618864,1.0,516.0,516.0,122.11298664922255,0.5503875968992248,40.0,32.0,40.0,32.0,108.0,88.0,248.0,0.9457364341085271,516.0,516.0,0.0,0.0,2.45,24.603340292275576,519.9984704059138,519.9984704059138,120.00100640746116,0.5606773081849077,39.16403946033418,41.33776273842224,39.16403946033418,41.33776273842224,110.96431731667708,87.0271492022396,241.50520168824076,0.9581470983571148,519.9998262569229,519.9998262569229,2.6074066578063437e-06,2.6074066578063437e-06,0.0,0.0,0.0,516.0,516.0,122.11295677456908,248.0
50,2.5,378.25010724462027,277.85155542345456,894.0838989227369,264.7557788914039,1.0,516.0,516.0,122.11297915488863,0.5581395348837209,40.0,32.0,40.0,32.0,108.0,88.0,248.0,0.9457364341085271,516.0,516.0,0.0,0.0,2.5,24.697286012526096,519.9983979464776,519.9983979464776,120.00107227942298,0.5606773081944172,39.16403400418284,41.33775697694719,39.16403400418284,41.33775697694719,110.96430185708724,87.02713707311858,241.5051680351417,0.958147098342706,519.9998262569229,519.9998262569229,2.746751774251877e-06,2.746751774251877e-06,0.0,0.0,0.0,516.0,516.0,122.11295677456908,248.0
51,2.55,378.25010724462027,277.85155542345456,894.0838989227369,264.7557788914039,1.0,516.0,516.0,122.11297915488863,0.5581395348837209,40.0,32.0,40.0,32.0,108.0,88.0,248.0,0.9457364341085271,516.0,516.0,0.0,0.0,2.55,24.791231732776616,519.9983220023113,519.9983220023113,120.00114131930908,0.560677308204384,39.16402828563335,41.337750938390286,39.16402828563335,41.337750938390286,110.96428565401256,87.02712436068231,241.50513276359277,0.9581470983276046,519.9998262569229,519.9998262569229,2.8927982965720744e-06,2.8927982965720744e-06,0.0,0.0,0.0,516.0,516.0,122.11295720833184,248.0
52,2.6,378.25010724462027,277.85155542345456,894.0838989227369,264.7557788914039,1.0,516.0,516.0,122.11297915488863,0.5581395348837209,40.0,32.0,40.0,32.0,108.0,88.0,248.0,0.9457364341085271,516.0,516.0,0.0,0.0,2.6,24.88517745302714,519.9982424058318,519.9982424058318,120.00121367946696,0.5606773082148304,39.164022292067074,41.337744609426665,39.164022292067074,41.337744609426665,110.96426867169824,87.02711103687824,241.5050957957616,0.9581470983117762,519.9998262569229,519.9998262569229,3.0458685006395925e-06,3.0458685006395925e-06,0.0,0.0,0.0,516.0,516.0,122.11295720833184,248.0
53,2.65,378.2752695890776,277.8470202374625,894.1091940896356,264.756476537805,1.0,516.0,516.0,122.11294971175586,0.5503875968992248,40.0,32.0,40.0,32.0,108.0,88.0,248.0,0.9457364341085271,516.0,516.0,0.0,0.0,2.65,24.979123173277664,519.9981589813976,519.9981589813976,120.00128951957034,0.5606773082257788,39.16401601025805,41.337737976090494,39.16401601025805,41.337737976090494,110.9642508726702,87.02709707230571,241.50505705007313,0.9581470982951872,519.9998262569229,519.9998262569229,3.2063001583759743e-06,3.2063001583759743e-06,0.0,0.0,0.0,516.0,516.0,122.11295720833184,248.0
54,2.7,378.2752695890776,277.8470202374625,894.1091940896356,264.756476537805,1.0,516.0,516.0,122.11294971175586,0.5503875968992248,40.0,32.0,40.0,32.0,108.0,88.0,248.0,0.9457364341085271,516.0,516.0,0.0,0.0,2.7,25.073068893528184,519.998071544921,519.998071544921,120.00136900697107,0.560677308237254,39.16400942634465,41.33773102374428,39.16400942634465,41.33773102374428,110.96423221765264,87.02708243614993,241.50501644102945,0.9581470982778,519.9998262569229,519.9998262569229,3.37444728504277e-06,3.37444728504277e-06,0.0,0.0,0.0,516.0,516.0,122.11294971175586,248.0
55,2.75,378.2752695890776,277.8470202374625,894.1091940896356,264.756476537805,1.0,516.0,516.0,122.11294971175586,0.5503875968992248,40.0,32.0,40.0,32.0,108.0,88.0,248.0,0.9457364341085271,516.0,516.0,0.0,0.0,2.75,25.167014613778704,519.9979799034619,519.9979799034619,120.00145231706854,0.560677308249281,39.16400252579862,41.33772373704679,39.16400252579862,41.33772373704679,110.96421266548056,87.02706709611431,241.5049738790216,0.9581470982595768,519.9998262569229,519.9998262569229,3.550680919062188e-06,3.550680919062188e-06,0.0,0.0,0.0,516.0,516.0,122.11294971175586,248.0
56,2.8,378.27535255047735,277.8491845835911,894.1092432432588,264.75730875360665,1.0,516.0,516.0,122.11295720833184,0.5503875968992248,40.0,32.0,40.0,32.0,108.0,88.0,248.0,0.9457364341085271,516.0,516.0,0.0,0.0,2.8,25.260960334029228,519.9978838548022,519.9978838548022,120.00153963369648,0.5606773082618867,39.1639952933931,41.33771609991922,39.1639952933931,41.33771609991922,110.96419217300988,87.027051018349,241.50492927013107,0.9581470982404772,519.9998262569229,519.9998262569229,3.735389941694755e-06,3.735389941694755e-06,0.0,0.0,0.0,516.0,516.0,122.11294971175586,248.0
57,2.85,378.2751928611847,277.84752929162767,894.1092254576977,264.76124581542393,1.0,516.0,516.0,122.1129257318446,0.5581395348837209,40.0,32.0,40.0,32.0,108.0,88.0,248.0,0.9457364341085271,516.0,516.0,0.0,0.0,2.85,25.35490605427975,519.9977831870003,519.9977831870003,120.00163114952856,0.5606773082750981,39.163987713169064,41.337708095509214,39.163987713169064,41.337708095509214,110.96417069502158,87.02703416737685,241.5048825159236,0.958147098220459,519.9998262569229,519.9998262569229,3.928981933132292e-06,3.928981933132292e-06,0.0,0.0,0.0,516.0,516.0,122.1129257318446,248.0
58,2.9,378.2751928611847,277.84752929162767,894.1092254576977,264.76124581542393,1.0,516.0,516.0,122.1129257318446,0.5581395348837209,40.0,32.0,40.0,32.0,108.0,88.0,248.0,0.9457364341085271,516.0,516.0,0.0,0.0,2.9,25.448851774530272,519.9976776779229,519.9976776779229,120.00172706650332,0.5606773082889451,39.16397976839989,41.33769970615435,39.16397976839989,41.33769970615435,110.96414818412252,87.02701650601449,241.5048335132317,0.958147098199478,519.9998262569229,519.9998262569229,4.131884072999803e-06,4.131884072999803e-06,0.0,0.0,0.0,516.0,516.0,122.1129257318446,248.0
59,2.95,378.2751928611847,277.84752929162767,894.1092254576977,264.76124581542393,1.0,516.0,516.0,122.1129257318446,0.5581395348837209,40.0,32.0,40.0,32.0,108.0,88.0,248.0,0.9457364341085271,516.0,516.0,0.0,0.0,2.95,25.542797494780793,519.9975670947553,519.9975670947553,120.00182759626972,0.560677308303458,39.16397144155479,41.3376909133429,39.16397144155479,41.3376909133429,110.96412459064048,87.02699799529074,241.50478215392636,0.9581470981774886,519.9998262569229,519.9998262569229,4.344544081713586e-06,4.344544081713586e-06,0.0,0.0,0.0,516.0,516.0,122.1129257318446,248.0
60,3.0,378.2493335065233,277.8405070439569,894.0837805292704,264.770569601995,1.0,516.0,516.0,122.11283364617617,0.5503875968992248,40.0,32.0,40.0,32.0,108.0,88.0,248.0,0.9457364341085271,516.0,516.0,0.0,0.0,3.0,25.636743215031316,519.9974511934876,519.9974511934876,120.0019329606539,0.5606773083186692,39.16396271426004,41.33768169767265,39.16396271426004,41.33768169767265,110.96409986251471,87.02697859436003,241.50472832468012,0.9581470981544408,519.9998262569229,519.9998262569229,4.567431209467898e-06,4.567431209467898e-06,0.0,0.0,0.0,516.0,516.0,122.11286536433359,248.0
61,3.05,378.2494981539524,277.8427642923427,894.0838025517232,264.767199047661,1.0,516.0,516.0,122.11286536433359,0.5813953488372093,40.0,32.0,40.0,32.0,108.0,88.0,248.0,0.9457364341085271,516.0,516.0,0.0,0.0,3.05,25.730688935281837,519.997329718377,519.9973297183769,120.00204339214848,0.5606773083346117,39.16395356725826,41.33767203880868,39.16395356725826,41.33767203880868,110.96407394518124,87.02695826041358,241.5046719067152,0.9581470981302846,519.9998262569229,519.9998262569229,4.801037269519526e-06,4.801037269297481e-06,0.0,0.0,0.0,516.0,516.0,122.11286536433359,248.0
62,3.1,378.2494981539524,277.8427642923427,894.0838025517232,264.767199047661,1.0,516.0,516.0,122.11286536433359,0.5813953488372093,40.0,32.0,40.0,32.0,108.0,88.0,248.0,0.9457364341085271,516.0,516.0,0.0,0.0,3.1,25.824634655532357,519.9972024013834,519.9972024013834,120.00215913442534,0.5606773083513208,39.1639439803663,41.337661915438645,39.1639439803663,41.337661915438645,110.96404678145215,87.0269369485832,241.5046127755431,0.9581470981049672,519.9998262569229,519.9998262569229,5.045877723319769e-06,5.045877723319769e-06,0.0,0.0,0.0,516.0,516.0,122.11283632475434,248.0
63,3.15,378.24934752851294,277.84070245946305,894.083782511571,264.77028985277076,1.0,516.0,516.0,122.11283632475434,0.5503875968992248,40.0,32.0,40.0,32.0,108.0,88.0,248.0,0.9457364341085271,516.0,516.0,0.0,0.0,3.15,25.91858037578288,519.9970689615782,519.9970689615782,120.0022804428732,0.5606773083688337,39.16393393243038,41.33765130522474,39.16393393243038,41.33765130522474,110.9640183113902,87.02691461184392,241.504550800689,0.9581470980784316,519.9998262569229,519.9998262569229,5.302492819270199e-06,5.302492819270199e-06,0.0,0.0,0.0,516.0,516.0,122.11283632475434,248.0
64,3.2,378.24934752851294,277.84070245946305,894.083782511571,264.77028985277076,1.0,516.0,516.0,122.11283632475434,0.5503875968992248,40.0,32.0,40.0,32.0,108.0,88.0,248.0,0.9457364341085271,516.0,516.0,0.0,0.0,3.2,26.012526096033405,519.9969291045247,519.9969291045247,120.00240758516073,0.5606773083871888,39.16392340127945,41.33764018475529,39.16392340127945,41.33764018475529,110.9639884721755,87.02689120090952,241.504485845405,0.9581470980506204,519.9998262569229,519.9998262569229,5.5714487811053814e-06,5.5714487811053814e-06,0.0,0.0,0.0,516.0,516.0,122.11283632475434,248.0
65,3.25,378.24934752851294,277.84070245946305,894.083782511571,264.77028985277076,1.0,516.0,516.0,122.11283632475434,0.5503875968992248,40.0,32.0,40.0,32.0,108.0,88.0,248.0,0.9457364341085271,516.0,516.0,0.0,0.0,3.25,26.106471816283925,519.996782521629,519.996782521629,120.0025408418269,0.5606773084064264,39.16391236367684,41.3376285294934,39.16391236367684,41.3376285294934,110.96395719796818,87.02686666412376,241.50441776636683,0.9581470980214716,519.9998262569229,519.9998262569229,5.853339059336271e-06,5.853339059336271e-06,0.0,0.0,0.0,516.0,516.0,122.11283632475434,248.0
66,3.3,378.24934752851294,277.84070245946305,894.083782511571,264.77028985277076,1.0,516.0,516.0,122.11283632475434,0.5503875968992248,40.0,32.0,40.0,32.0,108.0,88.0,248.0,0.9457364341085271,516.0,516.0,0.0,0.0,3.3,26.200417536534445,519.9966288894587,519.9966288894587,120.00268050689986,0.5606773084265894,39.16390079526809,41.33761631372181,39.16390079526809,41.33761631372181,110.96392441976224,87.02684094734647,241.50434641336017,0.9581470979909208,519.9998262569229,519.9998262569229,6.148785639426002e-06,6.148785639426002e-06,0.0,0.0,0.0,516.0,516.0,122.11283632475434,248.0
67,3.35,378.2492205141178,277.83846253529964,894.0837487624676,264.77173123775054,1.0,516.0,516.0,122.1128155699302,0.5503875968992248,40.0,32.0,40.0,32.0,108.0,88.0,248.0,0.9457364341085271,516.0,516.0,0.0,0.0,3.35,26.29436325678497,519.9964678690307,519.9964678690307,120.00282688854514,0.5606773084477218,39.16388867052805,41.33760351048685,39.16388867052805,41.33760351048685,110.9638900652338,87.0268139938351,241.50427162894687,0.9581470979589012,519.9998262569229,519.9998262569229,6.458440412249189e-06,6.458440412249189e-06,0.0,0.0,0.0,516.0,516.0,122.11283632475434,248.0
68,3.4,378.2492064879184,277.8382670187575,894.0837467793535,264.77201115398486,1.0,516.0,516.0,122.11281288903824,0.5503875968992248,40.0,32.0,40.0,32.0,108.0,88.0,248.0,0.9457364341085271,516.0,516.0,0.0,0.0,3.4,26.38830897703549,519.9962991050622,519.9962991050622,120.0029803097454,0.5606773084698708,39.16387596270417,41.337590091538885,39.16387596270417,41.337590091538885,110.96385405858172,87.02678574411777,241.5041932481197,0.958147097925341,519.9998262569229,519.9998262569229,6.782986613829145e-06,6.782986613829145e-06,0.0,0.0,0.0,516.0,516.0,122.11283632475434,248.0
69,3.45,378.2492064879184,277.8382670187575,894.0837467793535,264.77201115398486,1.0,516.0,516.0,122.11281288903824,0.5503875968992248,40.0,32.0,40.0,32.0,108.0,88.0,248.0,0.9457364341085271,516.0,516.0,0.0,0.0,3.45,26.482254697286013,519.9961222251889,519.9961222251889,120.00314110901262,0.5606773084930853,39.163862643757625,41.337576027269904,39.163862643757625,41.337576027269904,110.96381632035992,87.0267561358641,241.50411109793737,0.9581470978901672,519.9998262569229,519.9998262569229,7.12314033013417e-06,7.12314033013417e-06,0.0,0.0,0.0,516.0,516.0,122.11283632475434,248.0
70,3.5,378.2492064879184,277.8382670187575,894.0837467793535,264.77201115398486,1.0,516.0,516.0,122.11281288903824,0.5503875968992248,40.0,32.0,40.0,32.0,108.0,88.0,248.0,0.9457364341085271,516.0,516.0,0.0,0.0,3.5,26.576200417536533,519.9959368391429,519.9959368391429,120.00330964113458,0.5606773085174156,39.163848684301485,41.33756128664896,39.163848684301485,41.33756128664896,110.96377676730285,87.02672510374606,241.50402499714357,0.9581470978533018,519.9998262569229,519.9998262569229,7.479652076036736e-06,7.479652076036736e-06,0.0,0.0,0.0,516.0,516.0,122.11283632475434,248.0
71,3.55,378.2493817535063,277.84045981539737,894.0837631416655,264.7679322137776,1.0,516.0,516.0,122.11284824605647,0.5503875968992248,40.0,32.0,40.0,32.0,108.0,88.0,248.0,0.9457364341085271,516.0,516.0,0.0,0.0,3.55,26.670146137787057,519.9957425378916,519.9957425378916,120.00348627795714,0.5606773085429165,39.16383405353571,41.33754583715205,39.16383405353571,41.33754583715205,110.96373531214144,87.02669257929512,241.50393475576732,0.9581470978146632,519.9998262569229,519.9998262569229,7.853308453431573e-06,7.853308453431573e-06,0.0,0.0,0.0,516.0,516.0,122.11284824605647,248.0
72,3.6,378.27559495531847,277.8525784365293,894.1092972031776,264.75327978098704,1.0,516.0,516.0,122.11299896544975,0.5581395348837209,40.0,32.0,40.0,32.0,108.0,88.0,248.0,0.9457364341085271,516.0,516.0,0.0,0.0,3.6,26.764091858037578,519.9955388927378,519.9955388927378,120.00367140920416,0.5606773085696435,39.1638187191798,41.33752964469247,39.1638187191798,41.33752964469247,110.9636918634108,87.02665849075089,241.5038401747039,0.9581470977741668,519.9998262569229,519.9998262569229,8.244933879963945e-06,8.244933879963945e-06,0.0,0.0,0.0,516.0,516.0,122.11297878021013,248.0
73,3.65,378.2757882073929,277.85618983106474,894.1093679881096,264.75206946337266,1.0,516.0,516.0,122.11302607646044,0.5503875968992248,40.0,32.0,40.0,32.0,108.0,88.0,248.0,0.9457364341085271,516.0,516.0,0.0,0.0,3.65,26.8580375782881,519.9953254543723,519.9953254543723,120.00386544333684,0.5606773085976557,39.16380264740121,41.33751267354421,39.16380264740121,41.33751267354421,110.96364632524843,87.02662276290243,241.50374104527592,0.9581470977317226,519.9998262569229,519.9998262569229,8.655392412459939e-06,8.655392412459939e-06,0.0,0.0,0.0,516.0,516.0,122.11297878021013,248.0
74,3.7,378.27587130641365,277.85835510747955,894.1094172041862,264.7529010317703,1.0,516.0,516.0,122.11303357360953,0.5503875968992248,40.0,32.0,40.0,32.0,108.0,88.0,248.0,0.9457364341085271,516.0,516.0,0.0,0.0,3.7,26.95198329853862,519.995101751884,519.995101751884,120.00406880845422,0.5606773086270151,39.16378580274028,41.33749488626355,39.16378580274028,41.33749488626355,110.96359859718342,87.02658531692336,241.50363714877335,0.9581470976872372,519.9998262569229,519.9998262569229,9.085589648960555e-06,9.085589648960555e-06,0.0,0.0,0.0,516.0,516.0,122.11297878021013,248.0
75,3.75,378.2756780184673,277.85474361340897,894.1093464003533,264.75411142688836,1.0,516.0,516.0,122.11300646455274,0.5503875968992248,40.0,32.0,40.0,32.0,108.0,88.0,248.0,0.9457364341085271,516.0,516.0,0.0,0.0,3.75,27.045929018789145,519.9948672917224,519.9948672917224,120.00428195323695,0.560677308657787,39.163768148033114,41.33747624360694,39.163768148033114,41.33747624360694,110.96354857391395,87.02654607019696,241.50352825597145,0.9581470976406125,519.9998262569229,519.9998262569229,9.536474725901913e-06,9.536474725901913e-06,0.0,0.0,0.0,516.0,516.0,122.11297878021013,248.0
76,3.8,378.2754856516271,277.8512489573167,894.109279020665,264.7555390296831,1.0,516.0,516.0,122.11297878021013,0.5503875968992248,40.0,32.0,40.0,32.0,108.0,88.0,248.0,0.9457364341085271,516.0,516.0,0.0,0.0,3.8,27.139874739039666,519.994621556609,519.994621556609,120.00450534793664,0.5606773086900383,39.163749644329016,41.33745670444373,39.163749644329016,41.33745670444373,110.96349614507616,87.02650493613538,241.5034141266247,0.9581470975917452,519.9998262569229,519.9998262569229,1.0009042409442335e-05,1.0009042409442335e-05,0.0,0.0,0.0,516.0,516.0,122.11297878021013,248.0
77,3.85,378.2754856516271,277.8512489573167,894.109279020665,264.7555390296831,1.0,516.0,516.0,122.11297878021013,0.5503875968992248,40.0,32.0,40.0,32.0,108.0,88.0,248.0,0.9457364341085271,516.0,516.0,0.0,0.0,3.85,27.233820459290182,519.9943640043971,519.9943640043971,120.00473948541216,0.5606773087238407,39.16373025080463,41.33743622566638,39.16373025080463,41.33743622566638,110.96344119500009,87.02646182398743,241.50329450893855,0.9581470975405286,519.9998262569229,519.9998262569229,1.0504335290151268e-05,1.0504335290151268e-05,0.0,0.0,0.0,516.0,516.0,122.11297878021013,248.0
78,3.9,378.2754856516271,277.8512489573167,894.109279020665,264.7555390296831,1.0,516.0,516.0,122.11297878021013,0.5503875968992248,40.0,32.0,40.0,32.0,108.0,88.0,248.0,0.9457364341085271,516.0,516.0,0.0,0.0,3.9,27.32776617954071,519.9940940668755,519.9940940668755,120.00498488221643,0.5606773087592688,39.16370992467401,41.33741476209437,39.16370992467401,41.33741476209437,110.96338360245532,87.02641663863938,241.50316913901247,0.9581470974868485,519.9998262569229,519.9998262569229,1.1023446082059074e-05,1.1023446082059074e-05,0.0,0.0,0.0,516.0,516.0,122.11297878021013,248.0
79,3.95,378.2754856516271,277.8512489573167,894.109279020665,264.7555390296831,1.0,516.0,516.0,122.11297878021013,0.5503875968992248,40.0,32.0,40.0,32.0,108.0,88.0,248.0,0.9457364341085271,516.0,516.0,0.0,0.0,3.95,27.421711899791234,519.9938111485188,519.9938111485188,120.00524207973476,0.5606773087964003,39.16368862109434,41.33739226637596,39.16368862109434,41.33739226637596,110.96332324038326,87.02636928040471,241.50303774026057,0.9581470974305866,519.9998262569229,519.9998262569229,1.156752002662298e-05,1.156752002662298e-05,0.0,0.0,0.0,516.0,516.0,122.11297878021013,248.0
80,4.0,378.2754856516271,277.8512489573167,894.109279020665,264.7555390296831,1.0,516.0,516.0,122.11297878021013,0.5503875968992248,40.0,32.0,40.0,32.0,108.0,88.0,248.0,0.9457364341085271,516.0,516.0,0.0,0.0,4.0,27.51565762004175,519.9935146251722,519.9935146251723,120.00551164537823,0.5606773088353177,39.16366629306728,41.33736868888241,39.16366629306728,41.33736868888241,110.96325997561738,87.0263196448054,241.50290002279985,0.9581470973716192,519.9998262569229,519.9998262569229,1.2137757421926132e-05,1.2137757422148177e-05,0.0,0.0,0.0,516.0,516.0,122.11297878021013,248.0
81,4.05,378.2754856516271,277.8512489573167,894.109279020665,264.7555390296831,1.0,516.0,516.0,122.11297878021013,0.5503875968992248,40.0,32.0,40.0,32.0,108.0,88.0,248.0,0.9457364341085271,516.0,516.0,0.0,0.0,4.05,27.60960334029227,519.9932038426768,519.9932038426768,120.0057941738342,0.560677308876107,39.163642891335,41.337343977599346,39.163642891335,41.337343977599346,110.9631936685894,87.02626762234044,241.5027556828127,0.9581470973098158,519.9998262569229,519.9998262569229,1.2735416266895784e-05,1.2735416266895784e-05,0.0,0.0,0.0,516.0,516.0,122.11297878021013,248.0
82,4.1,378.2754856516271,277.8512489573167,894.109279020665,264.7555390296831,1.0,516.0,516.0,122.11297878021013,0.5503875968992248,40.0,32.0,40.0,32.0,108.0,88.0,248.0,0.9457364341085271,516.0,516.0,0.0,0.0,4.1,27.7035490605428,519.9928781154291,519.992878115429,120.00609028837684,0.5606773089188575,39.163618364272,41.337318078012686,39.163618364272,41.337318078012686,110.96312417302248,87.02621309824534,241.50260440187657,0.9581470972450408,519.9998262569229,519.9998262569229,1.336181502975542e-05,1.3361815029533377e-05,0.0,0.0,0.0,516.0,516.0,122.11297878021013,248.0
83,4.15,378.2754856516271,277.8512489573167,894.109279020665,264.7555390296831,1.0,516.0,516.0,122.11297878021013,0.5503875968992248,40.0,32.0,40.0,32.0,108.0,88.0,248.0,0.9457364341085271,516.0,516.0,0.0,0.0,4.15,27.79749478079332,519.9925367248676,519.9925367248676,120.00640064224076,0.5606773089636642,39.16359265777109,41.337290932987315,39.16359265777109,41.337290932987315,110.96305133560796,87.02615595223858,241.50244584626265,0.95814709717715,519.9998262569229,519.9998262569229,1.4018335559473629e-05,1.4018335559473629e-05,0.0,0.0,0.0,516.0,516.0,122.11297878021013,248.0
84,4.2,378.2759226781757,277.86192777113246,894.1095160758828,264.7583434367243,1.0,516.0,516.0,122.11302306303628,0.5503875968992248,40.0,32.0,40.0,32.0,108.0,88.0,248.0,0.9457364341085271,516.0,516.0,0.0,0.0,4.2,27.89144050104384,519.9921789178918,519.9921789178918,120.0067259200602,0.5606773090106256,39.16356571512418,41.33726248264159,39.16356571512418,41.33726248264159,110.96297499566778,87.02609605825745,241.5022796662008,0.9581470971059944,519.9998262569229,519.9998262569229,1.4706426127442109e-05,1.4706426127442109e-05,0.0,0.0,0.0,516.0,516.0,122.11297878021013,248.0
85,4.25,378.2758422542992,277.8625894428922,894.1095528472791,264.76361941170694,1.0,516.0,516.0,122.11299711730749,0.5503875968992248,40.0,32.0,40.0,32.0,108.0,88.0,248.0,0.9457364341085271,516.0,516.0,0.0,0.0,4.25,27.98538622129436,519.9918039052023,519.9918039052022,120.0070668393778,0.5606773090598453,39.1635374768976,41.33723266421623,39.1635374768976,41.33723266421623,110.96289498480088,87.02603328417965,241.5021054951079,0.9581470970314176,519.9998262569229,519.9998262569229,1.5427604617590518e-05,1.5427604617368473e-05,0.0,0.0,0.0,516.0,516.0,122.11297878021013,248.0
86,4.3,378.27570755912296,277.86034535877724,894.1095118060243,264.7650639120359,1.0,516.0,516.0,122.11297636977214,0.5503875968992248,40.0,32.0,40.0,32.0,108.0,88.0,248.0,0.9457364341085271,516.0,516.0,0.0,0.0,4.3,28.079331941544886,519.9914108595605,519.9914108595606,120.00742415222516,0.5606773091114319,39.163507880800694,41.33720141193464,39.163507880800694,41.33720141193464,110.96281112651204,87.02596749153201,241.50192294878113,0.9581470969532536,519.9998262569229,519.9998262569229,1.6183461873264804e-05,1.618346187348685e-05,0.0,0.0,0.0,516.0,516.0,122.11297636977214,248.0
87,4.35,378.2754836855613,277.85647777488083,894.1094394082706,264.7671644444606,1.0,516.0,516.0,122.11294278711834,0.5503875968992248,40.0,32.0,40.0,32.0,108.0,88.0,248.0,0.9457364341085271,516.0,516.0,0.0,0.0,4.35,28.173277661795407,519.9909989139685,519.9909989139685,120.00779864677986,0.5606773091654995,39.1634768615491,41.33716865685906,39.1634768615491,41.33716865685906,110.9627232358226,87.02589853518629,241.50173162455135,0.9581470968713308,519.9998262569229,519.9998262569229,1.697566519964777e-05,1.697566519964777e-05,0.0,0.0,0.0,516.0,516.0,122.1129646282937,248.0
88,4.4,378.2754836855613,277.85647777488083,894.1094394082706,264.7671644444606,1.0,516.0,516.0,122.11294278711834,0.5503875968992248,40.0,32.0,40.0,32.0,108.0,88.0,248.0,0.9457364341085271,516.0,516.0,0.0,0.0,4.4,28.267223382045927,519.9905671597562,519.9905671597562,120.00819114910148,0.5606773092221673,39.16344435072051,41.337134326738635,39.16344435072051,41.337134326738635,110.9626311188631,87.0258262630384,241.50153110039557,0.9581470967854686,519.9998262569229,519.9998262569229,1.7805962039152412e-05,1.7805962039152412e-05,0.0,0.0,0.0,516.0,516.0,122.1129646282937,248.0
89,4.45,378.2754836855613,277.85647777488083,894.1094394082706,264.7671644444606,1.0,516.0,516.0,122.11294278711834,0.5503875968992248,40.0,32.0,40.0,32.0,108.0,88.0,248.0,0.9457364341085271,516.0,516.0,0.0,0.0,4.45,28.36116910229645,519.9901146445835,519.9901146445836,120.0086025249512,0.5606773092815601,39.16341027660434,41.33709834584954,39.16341027660434,41.33709834584954,110.9625345724472,87.02575051567428,241.50132093400825,0.9581470966954768,519.9998262569229,519.9998262569229,1.8676183815680147e-05,1.8676183815902192e-05,0.0,0.0,0.0,516.0,516.0,122.1129646282937,248.0
90,4.5,378.2754836855613,277.85647777488083,894.1094394082706,264.7671644444606,1.0,516.0,516.0,122.11294278711834,0.5503875968992248,40.0,32.0,40.0,32.0,108.0,88.0,248.0,0.9457364341085271,516.0,516.0,0.0,0.0,4.5,28.455114822546975,519.9896403703402,519.9896403703402,120.0090336816985,0.5606773093438089,39.16337456404335,41.33706063482913,39.16337456404335,41.33706063482913,110.96243338362278,87.0256711260185,241.50110066182648,0.9581470966011578,519.9998262569229,519.9998262569229,1.958824997305708e-05,1.958824997305708e-05,0.0,0.0,0.0,516.0,516.0,122.11294280222467,248.0
91,4.55,378.2754836855613,277.85647777488083,894.1094394082706,264.7671644444606,1.0,516.0,516.0,122.11294278711834,0.5503875968992248,40.0,32.0,40.0,32.0,108.0,88.0,248.0,0.9457364341085271,516.0,516.0,0.0,0.0,4.55,28.549060542797495,519.9891432909479,519.9891432909479,120.00948557031944,0.5606773094090517,39.163337134268744,41.33702111050033,39.163337134268744,41.33702111050033,110.96232732920367,87.02558791896587,241.50086979800932,0.9581470965023028,519.9998262569229,519.9998262569229,2.0544172200764876e-05,2.0544172200764876e-05,0.0,0.0,0.0,516.0,516.0,122.11294278711834,248.0
92,4.6,378.2755814523744,277.85710929307373,894.1094386758851,264.7639148045342,1.0,516.0,516.0,122.1129646282937,0.5503875968992248,40.0,32.0,40.0,32.0,108.0,88.0,248.0,0.9457364341085271,516.0,516.0,0.0,0.0,4.6,28.643006263048015,519.9886223100585,519.9886223100585,120.0099591874907,0.5606773094774318,39.16329790472591,41.33697968568899,39.16329790472591,41.33697968568899,110.96221617527873,87.0255007109968,241.50062783336813,0.958147096398694,519.9998262569229,519.9998262569229,2.154605886128813e-05,2.154605886128813e-05,0.0,0.0,0.0,516.0,516.0,122.11294278711834,248.0
93,4.65,378.2755814523744,277.85710929307373,894.1094386758851,264.7639148045342,1.0,516.0,516.0,122.1129646282937,0.5503875968992248,40.0,32.0,40.0,32.0,108.0,88.0,248.0,0.9457364341085271,516.0,516.0,0.0,0.0,4.65,28.73695198329854,519.9880762786388,519.9880762786388,120.0104555777839,0.5606773095491,39.16325678889342,41.33693626903201,39.16325678889342,41.33693626903201,110.96209967669571,87.02540930977247,241.5003742342451,0.9581470962901024,519.9998262569229,519.9998262569229,2.2596119634732403e-05,2.2596119634732403e-05,0.0,0.0,0.0,516.0,516.0,122.11294278711834,248.0
94,4.7,378.2755814523744,277.85710929307373,894.1094386758851,264.7639148045342,1.0,516.0,516.0,122.1129646282937,0.5503875968992248,40.0,32.0,40.0,32.0,108.0,88.0,248.0,0.9457364341085271,516.0,516.0,0.0,0.0,4.7,28.830897703549063,519.9875039924412,519.9875039924412,120.01097583596544,0.5606773096242148,39.16321369609241,41.336890764776115,39.16321369609241,41.336890764776115,110.96197757652212,87.02531351371138,241.5001084413392,0.9581470961762892,519.9998262569229,519.9998262569229,2.3696670382267193e-05,2.3696670382267193e-05,0.0,0.0,0.0,516.0,516.0,122.11294278711834,248.0
95,4.75,378.27545696080676,277.85542235740877,894.1094126154107,264.76610634303734,1.0,516.0,516.0,122.11294280222467,0.5503875968992248,40.0,32.0,40.0,32.0,108.0,88.0,248.0,0.9457364341085271,516.0,516.0,0.0,0.0,4.75,28.924843423799583,519.9869041893528,519.9869041893528,120.01152110940612,0.5606773097029418,39.16316853128629,41.336843072566495,39.16316853128629,41.336843072566495,110.9618496054798,87.02521311154621,241.49982986847405,0.958147096057003,519.9998262569229,519.9998262569229,2.4850138245491316e-05,2.4850138245491316e-05,0.0,0.0,0.0,516.0,516.0,122.11294278711834,248.0
96,4.8,378.27491847156034,277.8449902595974,894.1092041801969,264.76868774471126,1.0,516.0,516.0,122.11286951849414,0.5503875968992248,40.0,32.0,40.0,32.0,108.0,88.0,248.0,0.9457364341085271,516.0,516.0,0.0,0.0,4.8,29.018789144050103,519.9862755466178,519.9862755466178,120.01209260060664,0.5606773097854546,39.16312119487239,41.33679308722685,39.16312119487239,41.33679308722685,110.96171548135229,87.02510788185836,241.49953790130792,0.9581470959319804,519.9998262569229,519.9998262569229,2.605906698605054e-05,2.605906698605054e-05,0.0,0.0,0.0,516.0,516.0,122.11288176497072,248.0
97,4.85,378.27491847156034,277.8449902595974,894.1092041801969,264.76868774471126,1.0,516.0,516.0,122.11286951849414,0.5503875968992248,40.0,32.0,40.0,32.0,108.0,88.0,248.0,0.9457364341085271,516.0,516.0,0.0,0.0,4.85,29.112734864300627,519.9856166779261,519.9856166779261,120.01269156984392,0.5606773098719355,39.16307158246255,41.33674069852722,39.16307158246255,41.33674069852722,110.96157490836316,87.02499759259086,241.4992318959824,0.9581470958009451,519.9998262569229,519.9998262569229,2.732612258560252e-05,2.732612258560252e-05,0.0,0.0,0.0,516.0,516.0,122.11288176497072,248.0
98,4.9,378.2747842304114,277.8427500314934,894.109163272404,264.7701298518227,1.0,516.0,516.0,122.11284876783164,0.5503875968992248,40.0,32.0,40.0,32.0,108.0,88.0,248.0,0.9457364341085271,516.0,516.0,0.0,0.0,4.9,29.206680584551147,519.9849261303636,519.9849261303636,120.01331933794414,0.5606773099625749,39.16301958465306,41.33668579094208,39.16301958465306,41.33668579094208,110.96142757652588,87.02488200053756,241.49891117770505,0.9581470956636092,519.9998262569229,519.9998262569229,2.865409911101402e-05,2.865409911101402e-05,0.0,0.0,0.0,516.0,516.0,122.11288176497072,248.0
99,4.95,378.2747842304114,277.8427500314934,894.109163272404,264.7701298518227,1.0,516.0,516.0,122.11284876783164,0.5503875968992248,40.0,32.0,40.0,32.0,108.0,88.0,248.0,0.9457364341085271,516.0,516.0,0.0,0.0,4.95,29.300626304801668,519.9842023812148,519.9842023812148,120.01397728918876,0.5606773100575728,39.16296508678448,41.33662824339524,39.16296508678448,41.33662824339524,110.96127316096108,87.02476085080838,241.49857503926563,0.9581470955196691,519.9998262569229,519.9998262569229,3.004592486233193e-05,3.004592486233193e-05,0.0,0.0,0.0,516.0,516.0,122.11286951849414,248.0
100,5.0,378.2747842304114,277.8427500314934,894.109163272404,264.7701298518227,1.0,516.0,516.0,122.11284876783164,0.5503875968992248,40.0,32.0,40.0,32.0,108.0,88.0,248.0,0.9457364341085271,516.0,516.0,0.0,0.0,5.0,29.39457202505219,519.9834438346134,519.9834438346134,120.01466687435952,0.5606773101571394,39.1629079686891,41.33656792899464,39.1629079686891,41.33656792899464,110.96111132118295,87.0246338762681,241.49822273947848,0.958147095368807,519.9998262569229,519.9998262569229,3.150466881396419e-05,3.150466881396419e-05,0.0,0.0,0.0,516.0,516.0,122.11286951849414,248.0
101,5.05,378.2750077262526,277.84670692529994,894.1092383266042,264.7682306783009,1.0,516.0,516.0,122.11288176497072,0.5503875968992248,40.0,32.0,40.0,32.0,108.0,88.0,248.0,0.9457364341085271,516.0,516.0,0.0,0.0,5.05,29.488517745302715,519.9826488180329,519.9826488180329,120.01538961392949,0.5606773102614935,39.16284810442659,41.33650471475261,39.16284810442659,41.33650471475261,110.96094170034932,87.0245007969493,241.4978535015551,0.9581470952106906,519.9998262569229,519.9998262569229,3.3033547364169635e-05,3.3033547364169635e-05,0.0,0.0,0.0,516.0,516.0,122.11284876783164,248.0
102,5.1,378.2752209265966,277.85035040293246,894.109305953924,264.7661338035329,1.0,516.0,516.0,122.11291409482624,0.5503875968992248,40.0,32.0,40.0,32.0,108.0,88.0,248.0,0.9457364341085271,516.0,516.0,0.0,0.0,5.1,29.582463465553236,519.9818155786079,519.9818155786079,120.01614710140646,0.5606773103708658,39.16278536200741,41.33643846129323,39.16278536200741,41.33643846129323,110.96076392447743,87.02436131943648,241.49746651139333,0.9581470950449704,519.9998262569229,519.9998262569229,3.463593140917709e-05,3.463593140917709e-05,0.0,0.0,0.0,516.0,516.0,122.11284876783164,248.0
103,5.15,378.27539283164003,277.85476823825496,894.1094057599233,264.7677095043861,1.0,516.0,516.0,122.11293009622824,0.5503875968992248,40.0,32.0,40.0,32.0,108.0,88.0,248.0,0.9457364341085271,516.0,516.0,0.0,0.0,5.15,29.676409185803756,519.9809422792803,519.9809422792803,120.01694100683682,0.5606773104854974,39.16271960310209,41.33636902254608,39.16271960310209,41.33636902254608,110.96057760162164,87.02421513622139,241.49706091578904,0.9581470948712816,519.9998262569229,519.9998262569229,3.6315353754257096e-05,3.6315353754257096e-05,0.0,0.0,0.0,516.0,516.0,122.11284876783164,248.0
104,5.2,378.2749391242992,277.8491191157631,894.1093260122489,264.77680853449766,1.0,516.0,516.0,122.11284702290206,0.5581395348837209,40.0,32.0,40.0,32.0,108.0,88.0,248.0,0.9457364341085271,516.0,516.0,0.0,0.0,5.2,29.77035490605428,519.9800269947609,519.9800269947609,120.0177730804766,0.5606773106056413,39.162650682737535,41.3362962454257,39.162650682737535,41.3362962454257,110.96038232101176,87.02406192502585,241.49663582056007,0.9581470946892408,519.9998262569229,519.9998262569229,3.807551687950994e-05,3.807551687950994e-05,0.0,0.0,0.0,516.0,516.0,122.11284702290206,248.0
105,5.25,378.274281591743,277.8411793285242,894.1092179044366,264.7905671099571,1.0,516.0,516.0,122.11272461910858,0.5581395348837209,40.0,32.0,40.0,32.0,108.0,88.0,248.0,0.9457364341085271,516.0,516.0,0.0,0.0,5.25,29.864300626304804,519.9790677072983,519.9790677072983,120.01864515663851,0.5606773107315624,39.162578448978536,41.33621996949418,39.162578448978536,41.33621996949418,110.96017765215008,87.02390134809497,241.49619028858055,0.9581470944984464,519.9998262569229,519.9998262569229,3.9920301077800424e-05,3.9920301077800424e-05,0.0,0.0,0.0,516.0,516.0,122.11272461910858,248.0
106,5.3,378.274281591743,277.8411793285242,894.1092179044366,264.7905671099571,1.0,516.0,516.0,122.11272461910858,0.5581395348837209,40.0,32.0,40.0,32.0,108.0,88.0,248.0,0.9457364341085271,516.0,516.0,0.0,0.0,5.3,29.958246346555324,519.9780623022439,519.9780623022439,120.01955915772268,0.5606773108635384,39.162502742593006,41.33614002660934,39.162502742593006,41.33614002660934,110.95996314386598,87.02373305145335,241.4957233377222,0.9581470942984772,519.9998262569229,519.9998262569229,4.185377298238091e-05,4.185377298238091e-05,0.0,0.0,0.0,516.0,516.0,122.11272461910858,248.0
107,5.35,378.274281591743,277.8411793285242,894.1092179044366,264.7905671099571,1.0,516.0,516.0,122.11272461910858,0.5581395348837209,40.0,32.0,40.0,32.0,108.0,88.0,248.0,0.9457364341085271,516.0,516.0,0.0,0.0,5.35,30.052192066805844,519.9770085634073,519.9770085634073,120.02051709844022,0.5606773110018602,39.16242339670342,41.336056240555024,39.16242339670342,41.336056240555024,110.95973832332368,87.02355666412902,241.4952339386961,0.9581470940888932,519.9998262569229,519.9998262569229,4.388019449907965e-05,4.388019449907965e-05,0.0,0.0,0.0,516.0,516.0,122.11272461910858,248.0
108,5.4,378.27353331871285,277.83127268220636,894.1090683058876,264.8043450131361,1.0,516.0,516.0,122.1125907644375,0.5581395348837209,40.0,32.0,40.0,32.0,108.0,88.0,248.0,0.9457364341085271,516.0,516.0,0.0,0.0,5.4,30.146137787056368,519.9759041681871,519.9759041681871,120.02152109023852,0.5606773111468337,39.16234023641931,41.33596842665395,39.16234023641931,41.33596842665395,110.9595026949845,87.02337179733695,241.4947210127924,0.9581470938692308,519.9998262569229,519.9998262569229,4.6004032170587905e-05,4.6004032170587905e-05,0.0,0.0,0.0,516.0,516.0,122.1126885918797,248.0
109,5.45,378.27379681533165,277.83520224942947,894.1091343839961,264.8004596197484,1.0,516.0,516.0,122.11263495960301,0.5503875968992248,40.0,32.0,40.0,32.0,108.0,88.0,248.0,0.9457364341085271,516.0,516.0,0.0,0.0,5.45,30.24008350730689,519.9747466824714,519.9747466824714,120.02257334593818,0.5606773112987781,39.162253078453546,41.335876391361865,39.162253078453546,41.335876391361865,110.95925573951838,87.02317804362707,241.49418342951057,0.9581470936390062,519.9998262569229,519.9998262569229,4.82299669829489e-05,4.82299669829489e-05,0.0,0.0,0.0,516.0,516.0,122.1126885918797,248.0
110,5.5,378.27395462487056,277.8378428934338,894.1091826996504,264.7987678863676,1.0,516.0,516.0,122.11265944799523,0.5503875968992248,40.0,32.0,40.0,32.0,108.0,88.0,248.0,0.9457364341085271,516.0,516.0,0.0,0.0,5.5,30.33402922755741,519.9735335552934,519.9735335552934,120.02367618459122,0.5606773114580286,39.162161730719845,41.335779931844,39.162161730719845,41.335779931844,110.95899691266342,87.0229749759877,241.49362000407856,0.9581470933977116,519.9998262569229,519.9998262569229,5.0562904643114415e-05,5.0562904643114415e-05,0.0,0.0,0.0,516.0,516.0,122.1126885918797,248.0
111,5.55,378.27395462487056,277.8378428934338,894.1091826996504,264.7987678863676,1.0,516.0,516.0,122.11265944799523,0.5503875968992248,40.0,32.0,40.0,32.0,108.0,88.0,248.0,0.9457364341085271,516.0,516.0,0.0,0.0,5.55,30.427974947807932,519.9722621132315,519.9722621132315,120.02483203657135,0.560677311624936,39.16206599191116,41.33567883552803,39.16206599191116,41.33567883552803,110.95872564403192,87.02276214691003,241.49302949485036,0.9581470931448148,519.9998262569229,519.9998262569229,5.300798634844117e-05,5.300798634844117e-05,0.0,0.0,0.0,516.0,516.0,122.1126885918797,248.0
112,5.6,378.2741152450231,277.839906355169,894.1092129123465,264.7956733557571,1.0,516.0,516.0,122.1126885918797,0.5503875968992248,40.0,32.0,40.0,32.0,108.0,88.0,248.0,0.9457364341085271,516.0,516.0,0.0,0.0,5.6,30.521920668058456,519.9709295545437,519.9709295545437,120.02604344890716,0.5606773117998691,39.16196565105832,41.33557287963856,39.16196565105832,41.33557287963856,110.9584413358577,87.02253908740511,241.492410600584,0.9581470928797576,519.9998262569229,519.9998262569229,5.557060006589065e-05,5.557060006589065e-05,0.0,0.0,0.0,516.0,516.0,122.1126885918797,248.0
113,5.65,378.2741152450231,277.839906355169,894.1092129123465,264.7956733557571,1.0,516.0,516.0,122.1126885918797,0.5503875968992248,40.0,32.0,40.0,32.0,108.0,88.0,248.0,0.9457364341085271,516.0,516.0,0.0,0.0,5.65,30.615866388308977,519.9695329430201,519.9695329430201,120.02731309086984,0.5606773119832132,39.16186048706638,41.335461830708624,39.16186048706638,41.335461830708624,110.9581433616856,87.02230530597498,241.49176195758452,0.958147092601956,519.9998262569229,519.9998262569229,5.825639235468305e-05,5.825639235468305e-05,0.0,0.0,0.0,516.0,516.0,122.1126885918797,248.0
114,5.7,378.2747125342467,277.85042554576233,894.1094119510462,264.7904532035228,1.0,516.0,516.0,122.11277744748642,0.5581395348837209,40.0,32.0,40.0,32.0,108.0,88.0,248.0,0.9457364341085271,516.0,516.0,0.0,0.0,5.7,30.709812108559497,519.9680692015443,519.9680692015443,120.02864375982726,0.560677312175373,39.161750268230264,41.33534544406689,39.161750268230264,41.33534544406689,110.95783106499738,87.02206028753557,241.4910821367141,0.9581470923107972,519.9998262569229,519.9998262569229,6.10712807487257e-05,6.10712807487257e-05,0.0,0.0,0.0,516.0,516.0,122.11275571361023,248.0
115,5.75,378.2747125342467,277.85042554576233,894.1094119510462,264.7904532035228,1.0,516.0,516.0,122.11277744748642,0.5581395348837209,40.0,32.0,40.0,32.0,108.0,88.0,248.0,0.9457364341085271,516.0,516.0,0.0,0.0,5.75,30.80375782881002,519.9665351053463,519.9665351053463,120.03003838737736,0.5606773123767721,39.16163475172701,41.33522346330207,39.16163475172701,41.33522346330207,110.95750375777187,87.02180349228627,241.49036964025908,0.9581470920056392,519.9998262569229,519.9998262569229,6.402146673045728e-05,6.402146673045728e-05,0.0,0.0,0.0,516.0,516.0,122.11275571361023,248.0
116,5.8,378.2747038560681,277.8502231769347,894.1094075485994,264.7904197159958,1.0,516.0,516.0,122.1127764946792,0.5503875968992248,40.0,32.0,40.0,32.0,108.0,88.0,248.0,0.9457364341085271,516.0,516.0,0.0,0.0,5.8,30.897703549060545,519.9649272749342,519.9649272749342,120.03150004577364,0.5606773125878548,39.16151368308291,41.335095619699786,39.16151368308291,41.335095619699786,110.95716071897746,87.02153435452774,241.4896228986463,0.9581470916858088,519.9998262569229,519.9998262569229,6.711344932541774e-05,6.711344932541774e-05,0.0,0.0,0.0,516.0,516.0,122.11275571361023,248.0
117,5.85,378.2745696333442,277.84798268777325,894.1093665527737,264.79186201236223,1.0,516.0,516.0,122.11275571361023,0.5503875968992248,40.0,32.0,40.0,32.0,108.0,88.0,248.0,0.9457364341085271,516.0,516.0,0.0,0.0,5.85,30.991649269311065,519.9632421686897,519.9632421686897,120.03303195465668,0.5606773128090863,39.161386795616295,41.33496163165535,39.161386795616295,41.33496163165535,110.95680119299206,87.02125228142151,241.48884026700455,0.958147091350601,519.9998262569229,519.9998262569229,7.03540393398594e-05,7.03540393398594e-05,0.0,0.0,0.0,516.0,516.0,122.1127764946792,248.0
118,5.9,378.2745696333442,277.84798268777325,894.1093665527737,264.79186201236223,1.0,516.0,516.0,122.11275571361023,0.5503875968992248,40.0,32.0,40.0,32.0,108.0,88.0,248.0,0.9457364341085271,516.0,516.0,0.0,0.0,5.9,31.085594989561585,519.9614760751108,519.9614760751108,120.03463748810654,0.5606773130409541,39.16125380985338,41.334821204055345,39.16125380985338,41.334821204055345,110.9564243879477,87.02095665169239,241.48802002156197,0.9581470909992768,519.9998262569229,519.9998262569229,7.375037428025699e-05,7.375037428025699e-05,0.0,0.0,0.0,516.0,516.0,122.11277744748642,248.0
119,5.95,378.2745696333442,277.84798268777325,894.1093665527737,264.79186201236223,1.0,516.0,516.0,122.11275571361023,0.5503875968992248,40.0,32.0,40.0,32.0,108.0,88.0,248.0,0.9457364341085271,516.0,516.0,0.0,0.0,5.95,31.17954070981211,519.9596251046844,519.9596251046844,120.03632018203012,0.5606773132839703,39.16111443291638,41.33467402763253,39.16111443291638,41.33467402763253,110.9560294739973,87.02064681426731,241.4871603558709,0.9581470906310612,519.9998262569229,519.9998262569229,7.730993398191721e-05,7.730993398191721e-05,0.0,0.0,0.0,516.0,516.0,122.11277744748642,248.0
120,6.0,378.27478636834246,277.84718777561505,894.1092982595262,264.7798107632104,1.0,516.0,516.0,122.11281921085046,0.5503875968992248,40.0,32.0,40.0,32.0,108.0,88.0,248.0,0.9457364341085271,516.0,516.0,0.0,0.0,6.0,31.273486430062633,519.9576851813747,519.9576851813747,120.0380837419006,0.56067731353867,39.1609683578821,41.33451977828864,39.1609683578821,41.33451977828864,110.95561558149802,87.02032208685071,241.48625937685523,0.9581470902451424,519.9998262569229,519.9998262569229,8.10405569777739e-05,8.10405569777739e-05,0.0,0.0,0.0,516.0,516.0,122.11279359307454,248.0
121,6.05,378.2750097779924,277.85114317873297,894.109373357511,264.77791287735073,1.0,516.0,516.0,122.11285220641389,0.5503875968992248,40.0,32.0,40.0,32.0,108.0,88.0,248.0,0.9457364341085271,516.0,516.0,0.0,0.0,6.05,31.367432150313153,519.9556520337046,519.9556520337046,120.03993205086417,0.560677313805615,39.160815263111346,41.33435811638489,39.160815263111346,41.33435811638489,110.95518179910842,87.01998175443208,241.48531510066783,0.9581470898406694,519.9998262569229,519.9998262569229,8.495045764977949e-05,8.495045764977949e-05,0.0,0.0,0.0,516.0,516.0,122.11281921085046,248.0
122,6.1,378.2750097779924,277.85114317873297,894.109373357511,264.77791287735073,1.0,516.0,516.0,122.11285220641389,0.5503875968992248,40.0,32.0,40.0,32.0,108.0,88.0,248.0,0.9457364341085271,516.0,516.0,0.0,0.0,6.1,31.461377870563673,519.9535211854138,519.9535211854138,120.04186917823246,0.5606773140853938,39.16065481154422,41.334188686000175,39.16065481154422,41.334188686000175,110.95472717179608,87.0196250677215,241.4843254483518,0.958147089416751,519.9998262569229,519.9998262569229,8.904824419353474e-05,8.904824419353474e-05,0.0,0.0,0.0,516.0,516.0,122.11281921085046,248.0
123,6.15,378.2752022812376,277.85448618977904,894.1094361094691,264.776137255706,1.0,516.0,516.0,122.11288104776878,0.5503875968992248,40.0,32.0,40.0,32.0,108.0,88.0,248.0,0.9457364341085271,516.0,516.0,0.0,0.0,6.15,31.555323590814197,519.9512879456746,519.9512879456746,120.04389938837777,0.5606773143786232,39.16048664996441,41.334011114151906,39.16048664996441,41.334011114151906,110.95425069874894,87.01925124151239,241.48328824129695,0.9581470889724524,519.9998262569229,519.9998262569229,9.334293743457069e-05,9.334293743457069e-05,0.0,0.0,0.0,516.0,516.0,122.11281921085046,248.0
124,6.2,378.27503675872634,277.85023696835,894.109340190578,264.77463361797004,1.0,516.0,516.0,122.11286557904685,0.5503875968992248,40.0,32.0,40.0,32.0,108.0,88.0,248.0,0.9457364341085271,516.0,516.0,0.0,0.0,6.2,31.649269311064717,519.9489473988426,519.9489473988426,120.04602715005068,0.5606773146859498,39.16031040822707,41.33382500998164,39.16031040822707,41.33382500998164,110.95375133118968,87.01885945296587,241.4822011964784,0.9581470885067944,519.9998262569229,519.9998262569229,9.784399053847093e-05,9.784399053847093e-05,0.0,0.0,0.0,516.0,516.0,122.11281921085046,248.0
125,6.25,378.27440350918033,277.83584366628355,894.109030455151,264.7730092299442,1.0,516.0,516.0,122.11279359307454,0.5503875968992248,40.0,32.0,40.0,32.0,108.0,88.0,248.0,0.9457364341085271,516.0,516.0,0.0,0.0,6.25,31.74321503131524,519.9464943937213,519.9464943937213,120.04825714613948,0.5606773150080505,39.16012569845037,41.333629963901984,39.16012569845037,41.333629963901984,110.9532279700844,87.01844883981292,241.4810619214716,0.95814708801875,519.9998262569229,519.9998262569229,0.0001025613096555,0.0001025613096555,0.0,0.0,0.0,516.0,516.0,122.11281921085046,248.0
126,6.3,378.2746521625017,277.8403260072748,894.1091163214186,264.77106490027046,1.0,516.0,516.0,122.11282983339126,0.5503875968992248,40.0,32.0,40.0,32.0,108.0,88.0,248.0,0.9457364341085271,516.0,516.0,0.0,0.0,6.3,31.83716075156576,519.9439235323171,519.9439235323171,120.05059428389195,0.5606773153456356,39.1599321141687,41.33342554670125,39.1599321141687,41.33342554670125,110.95267946374412,87.01801849847317,241.47986790922977,0.9581470875072438,519.9998262569229,519.9998262569229,0.0001075052755464,0.0001075052755464,0.0,0.0,0.0,516.0,516.0,122.11280578563634,248.0
127,6.35,378.2744784806627,277.8370096084215,894.1090506775822,264.77201338106033,1.0,516.0,516.0,122.11280578563634,0.5503875968992248,40.0,32.0,40.0,32.0,108.0,88.0,248.0,0.9457364341085271,516.0,516.0,0.0,0.0,6.35,31.931106471816285,519.9412291580629,519.9412291580629,120.05304370562148,0.5606773156994491,39.159729229446214,41.33321130860807,39.159729229446214,41.33321130860807,110.95210460531165,87.01756748208325,241.47861653261376,0.9581470869711486,519.9998262569229,519.9998262569229,0.0001126867662279,0.0001126867662279,0.0,0.0,0.0,516.0,516.0,122.11280578563634,248.0
128,6.4,378.2744784806627,277.8370096084215,894.1090506775822,264.77201338106033,1.0,516.0,516.0,122.11280578563634,0.5503875968992248,40.0,32.0,40.0,32.0,108.0,88.0,248.0,0.9457364341085271,516.0,516.0,0.0,0.0,6.4,32.02505219206681,519.9384053434864,519.9384053434864,120.05561079991944,0.5606773160702708,39.15951659794797,41.33298677831084,39.15951659794797,41.33298677831084,110.95150213013068,87.01709479843171,241.47730503866515,0.958147086409283,519.9998262569229,519.9998262569229,0.0001181171806896,0.0001181171806896,0.0,0.0,0.0,516.0,516.0,122.11280578563634,248.0
129,6.45,378.2744784806627,277.8370096084215,894.1090506775822,264.77201338106033,1.0,516.0,516.0,122.11280578563634,0.5503875968992248,40.0,32.0,40.0,32.0,108.0,88.0,248.0,0.9457364341085271,516.0,516.0,0.0,0.0,6.45,32.118997912317326,519.9354458772896,519.9354458772896,120.05830121339804,0.5606773164589182,39.1592937519672,41.332751461929405,39.1592937519672,41.332751461929405,110.95087071299004,87.01659940779786,241.4759305426051,0.9581470858204084,519.9998262569229,519.9998262569229,0.0001238084637388,0.0001238084637388,0.0,0.0,0.0,516.0,516.0,122.11279359307454,248.0
130,6.5,378.27424077836145,277.8334833930447,894.1089917689902,264.7755482409591,1.0,516.0,516.0,122.11276595304113,0.5503875968992248,40.0,32.0,40.0,32.0,108.0,88.0,248.0,0.9457364341085271,516.0,516.0,0.0,0.0,6.5,32.21294363256785,519.9323442508244,519.9323442508244,120.06112086298776,0.560677316866247,39.159060201406845,41.33250484194102,39.159060201406845,41.33250484194102,110.9502089652364,87.0160802206862,241.47449002155383,0.9581470852032272,519.9998262569229,519.9998262569229,0.000129773132011,0.000129773132011,0.0,0.0,0.0,516.0,516.0,122.11276595304113,248.0
131,6.55,378.27351786754707,277.81957646665603,894.1087158630148,264.77931155460095,1.0,516.0,516.0,122.11266617232442,0.5503875968992248,40.0,32.0,40.0,32.0,108.0,88.0,248.0,0.9457364341085271,516.0,516.0,0.0,0.0,6.55,32.306889352818374,519.9290936439247,519.9290936439247,120.06407594881532,0.5606773172931554,39.15881543271277,41.33224637605264,39.15881543271277,41.33224637605264,110.94951543175355,87.01553609545616,241.4729803079496,0.9581470845563792,519.9998262569229,519.9998262569229,0.0001360243012143,0.0001360243012143,0.0,0.0,0.0,516.0,516.0,122.11271109283692,248.0
132,6.6,378.2736262371848,277.8215256030345,894.1087530584139,264.7784455478268,1.0,516.0,516.0,122.11268207852945,0.5503875968992248,40.0,32.0,40.0,32.0,108.0,88.0,248.0,0.9457364341085271,516.0,516.0,0.0,0.0,6.6,32.40083507306889,519.9256869100741,519.9256869100741,120.06717296768892,0.5606773177405837,39.15855890775677,41.33197549602224,39.15855890775677,41.33197549602224,110.94878858779587,87.01496583583855,241.47139808266064,0.95814708387844,519.9998262569229,519.9998262569229,0.0001425757146545,0.0001425757146545,0.0,0.0,0.0,516.0,516.0,122.11271109283692,248.0
133,6.65,378.27361127545765,277.82132963052857,894.1087501497052,264.7787262636476,1.0,516.0,516.0,122.1126793853866,0.5503875968992248,40.0,32.0,40.0,32.0,108.0,88.0,248.0,0.9457364341085271,516.0,516.0,0.0,0.0,6.65,32.494780793319414,519.9221165608731,519.9221165608731,120.07041872721878,0.5606773182095176,39.15829006266722,41.33169160642413,39.15829006266722,41.33169160642413,110.94802683567588,87.01436818833554,241.46973986777033,0.9581470831679156,519.9998262569229,519.9998262569229,0.0001494417731044,0.0001494417731044,0.0,0.0,0.0,516.0,516.0,122.11271109283692,248.0
134,6.7,378.2737743233955,277.8231170315235,894.1087712350637,264.7749002514694,1.0,516.0,516.0,122.11271109283692,0.5581395348837209,40.0,32.0,40.0,32.0,108.0,88.0,248.0,0.9457364341085271,516.0,516.0,0.0,0.0,6.7,32.58872651356994,519.9183747497734,519.9183747497734,120.0738203606024,0.5606773187009901,39.158008306604074,41.33139408335393,39.158008306604074,41.33139408335393,110.94722850129332,87.01374183949841,241.46800201902363,0.9581470824232404,519.9998262569229,519.9998262569229,0.0001566375660849,0.0001566375660849,0.0,0.0,0.0,516.0,516.0,122.11271109283692,248.0
135,6.75,378.2737743233955,277.8231170315235,894.1087712350637,264.7749002514694,1.0,516.0,516.0,122.11271109283692,0.5581395348837209,40.0,32.0,40.0,32.0,108.0,88.0,248.0,0.9457364341085271,516.0,516.0,0.0,0.0,6.75,32.682672233820455,519.9144532550523,519.9144532550523,120.0773853421049,0.560677319216084,39.157713020476905,41.3310822730771,39.157713020476905,41.3310822730771,110.94639183050212,87.01308541307702,241.46618071791912,0.9581470816427752,519.9998262569229,519.9998262569229,0.0001641789046068,0.0001641789046068,0.0,0.0,0.0,516.0,516.0,122.11271109283692,248.0
136,6.8,378.2737743233955,277.8231170315235,894.1087712350637,264.7749002514694,1.0,516.0,516.0,122.11271109283692,0.5581395348837209,40.0,32.0,40.0,32.0,108.0,88.0,248.0,0.9457364341085271,516.0,516.0,0.0,0.0,6.8,32.77661795407098,519.9103434619827,519.9103434619827,120.08112150326612,0.5606773197559339,39.15740355560226,41.33075549060942,39.15740355560226,41.33075549060942,110.94551498530733,87.01239746703524,241.4642719634285,0.9581470808247998,519.9998262569229,519.9998262569229,0.0001720823554582,0.0001720823554582,0.0,0.0,0.0,516.0,516.0,122.11271109283692,248.0
137,6.85,378.2738437751026,277.82540722200207,894.1088268092254,264.77664183265483,1.0,516.0,516.0,122.11271419088968,0.5658914728682171,40.0,32.0,40.0,32.0,108.0,88.0,248.0,0.9457364341085271,516.0,516.0,0.0,0.0,6.85,32.8705636743215,519.9060363441693,519.9060363441693,120.08503704986848,0.560677320321728,39.15707923229857,41.330413018233656,39.15707923229857,41.330413018233656,110.9445960398822,87.01167649042728,241.46227156332748,0.9581470799675128,519.9998262569229,519.9998262569229,0.0001803652770978,0.0001803652770978,0.0,0.0,0.0,516.0,516.0,122.11271109283692,248.0
138,6.9,378.27421936046477,277.83262286880347,894.108969910706,264.7746703198656,1.0,516.0,516.0,122.1127660512075,0.5503875968992248,40.0,32.0,40.0,32.0,108.0,88.0,248.0,0.9457364341085271,516.0,516.0,0.0,0.0,6.9,32.964509394572026,519.9015224440093,519.9015224440093,120.08914057969928,0.5606773209147133,39.1567393384143,41.33005410394614,39.1567393384143,41.33005410394614,110.94363297640004,87.0109209001267,241.4601751251221,0.9581470790690272,519.9998262569229,519.9998262569229,0.0001890458572288,0.0001890458572288,0.0,0.0,0.0,516.0,516.0,122.11271109283692,248.0
139,6.95,378.2739655546084,277.8271928759,894.1088563070342,264.774779978932,1.0,516.0,516.0,122.11273478522821,0.5503875968992248,40.0,32.0,40.0,32.0,108.0,88.0,248.0,0.9457364341085271,516.0,516.0,0.0,0.0,6.95,33.05845511482255,519.8967918522405,519.8967918522405,120.09344110114436,0.5606773215361947,39.156383127788615,41.32967795983018,39.156383127788615,41.32967795983018,110.94262368066998,87.01012903740263,241.45797804654907,0.9581470781273642,519.9998262569229,519.9998262569229,0.0001981431521315,0.0001981431521315,0.0,0.0,0.0,516.0,516.0,122.11271419088968,248.0
140,7.0,378.2737575658892,277.82340979983013,894.1087835876897,264.7763438810708,1.0,516.0,516.0,122.112704593357,0.5503875968992248,40.0,32.0,40.0,32.0,108.0,88.0,248.0,0.9457364341085271,516.0,516.0,0.0,0.0,7.0,33.15240083507307,519.8918341865311,519.8918341865311,120.09794805265057,0.5606773221875407,39.15600981863855,41.32928376035389,39.15600981863855,41.32928376035389,110.94156593756996,87.00929916433617,241.45567550563257,0.9581470771404508,519.9998262569229,519.9998262569229,0.000207677127835,0.000207677127835,0.0,0.0,0.0,516.0,516.0,122.11271419088968,248.0
141,7.05,378.27384793372045,277.8241997476299,894.1087891564271,264.773781602346,1.0,516.0,516.0,122.11272352333705,0.5503875968992248,40.0,32.0,40.0,32.0,108.0,88.0,248.0,0.9457364341085271,516.0,516.0,0.0,0.0,7.05,33.24634655532359,519.8866385690733,519.8866385690733,120.10267132309616,0.5606773228701855,39.155618591872326,41.32887064058812,39.155618591872326,41.32887064058812,110.9404574262654,87.0084294600698,241.4532624502776,0.9581470761061136,519.9998262569229,519.9998262569229,0.0002176687032078,0.0002176687032078,0.0,0.0,0.0,516.0,516.0,122.11271419088968,248.0
142,7.1,378.27389775304584,277.82628527574735,894.1088425219166,264.7760072980127,1.0,516.0,516.0,122.11272273191597,0.5503875968992248,40.0,32.0,40.0,32.0,108.0,88.0,248.0,0.9457364341085271,516.0,516.0,0.0,0.0,7.1,33.340292275574114,519.8811936031309,519.8811936031309,120.10762127311058,0.5606773235856313,39.15520858932334,41.328437694342455,39.15520858932334,41.328437694342455,110.93929571520582,87.00751801688142,241.4507335873778,0.9581470750220764,519.9998262569229,519.9998262569229,0.0002281397950572,0.0002281397950572,0.0,0.0,0.0,516.0,516.0,122.11271419088968,248.0
143,7.15,378.2732485621597,277.81513150563904,894.1086356084678,264.7823470454574,1.0,516.0,516.0,122.11262388839278,0.5503875968992248,40.0,32.0,40.0,32.0,108.0,88.0,248.0,0.9457364341085271,516.0,516.0,0.0,0.0,7.15,33.43423799582463,519.8754873484971,519.8754873484971,120.1128087573854,0.5606773243354525,39.15477891190176,41.32798397221373,39.15477891190176,41.32798397221373,110.93807825688856,87.0065628360762,241.44808337141689,0.958147073885954,519.9998262569229,519.9998262569229,0.0002391133653271,0.0002391133653271,0.0,0.0,0.0,516.0,516.0,122.11270890481794,248.0
144,7.2,378.27392065613446,277.8248222091978,894.1087932272676,264.7716908024105,1.0,516.0,516.0,122.11273884131583,0.5503875968992248,40.0,32.0,40.0,32.0,108.0,88.0,248.0,0.9457364341085271,516.0,516.0,0.0,0.0,7.2,33.528183716075155,519.8695072958119,519.8695072958119,120.118245148022,0.5606773251212999,39.15432861766115,41.32750847954273,39.15432861766115,41.32750847954273,110.9368023823796,87.00556182368771,241.44530599254077,0.9581470726952452,519.9998262569229,519.9998262569229,0.0002506134704872,0.0002506134704872,0.0,0.0,0.0,516.0,516.0,122.112704593357,248.0
145,7.25,378.27371330934733,277.82102648094235,894.1087200213938,264.7731971448765,1.0,516.0,516.0,122.11270890481794,0.5503875968992248,40.0,32.0,40.0,32.0,108.0,88.0,248.0,0.9457364341085271,516.0,516.0,0.0,0.0,7.25,33.62212943632568,519.8632403396905,519.8632403396905,120.12394235896112,0.5606773259449022,39.15385671977458,41.32701017427877,39.15385671977458,41.32701017427877,110.93546529558016,87.00451278597976,241.4423953640773,0.9581470714473308,519.9998262569229,519.9998262569229,0.000262665313209,0.000262665313209,0.0,0.0,0.0,516.0,516.0,122.1126740826057,248.0
146,7.3,378.27350693599,277.8187515292955,894.1086929785631,264.7780138038476,1.0,516.0,516.0,122.11266884408259,0.5503875968992248,40.0,32.0,40.0,32.0,108.0,88.0,248.0,0.9457364341085271,516.0,516.0,0.0,0.0,7.3,33.7160751565762,519.8566727506054,519.8566727506054,120.12991287154296,0.5606773268080707,39.15336218441789,41.32648796474387,39.15336218441789,41.32648796474387,110.9340640672272,87.00341342473916,241.43934510947733,0.9581470701394652,519.9998262569229,519.9998262569229,0.0002752952964387,0.0002752952964387,0.0,0.0,0.0,516.0,516.0,122.1126740826057,248.0
147,7.35,378.2730844933454,277.811062342764,894.1085453332598,264.78119894850136,1.0,516.0,516.0,122.11260736983553,0.5503875968992248,40.0,32.0,40.0,32.0,108.0,88.0,248.0,0.9457364341085271,516.0,516.0,0.0,0.0,7.35,33.81002087682673,519.8497901454731,519.8497901454731,120.1361697612478,0.5606773277127047,39.15284392855466,41.32594070729303,39.15284392855466,41.32594070729303,110.93259562861876,87.00226133235341,241.4361485486532,0.9581470687687716,519.9998262569229,519.9998262569229,0.0002885310799617,0.0002885310799617,0.0,0.0,0.0,516.0,516.0,122.1126740826057,248.0
148,7.4,378.27309755396396,277.80887325075236,894.1084760338632,264.7757497379831,1.0,516.0,516.0,122.1126258054735,0.5503875968992248,40.0,32.0,40.0,32.0,108.0,88.0,248.0,0.9457364341085271,516.0,516.0,0.0,0.0,7.4,33.90396659707724,519.8425774568827,519.8425774568827,120.14272672566896,0.5606773286607938,39.15230081761871,41.325367203869035,39.15230081761871,41.325367203869035,110.93105676504835,87.00105398665795,241.43279868368867,0.9581470673322354,519.9998262569229,519.9998262569229,0.0003024016395776,0.0003024016395776,0.0,0.0,0.0,516.0,516.0,122.1126740826057,248.0
149,7.45,378.27337946128455,277.8129399705849,894.1085420651964,264.77127514603643,1.0,516.0,516.0,122.1126740826057,0.5426356589147286,40.0,32.0,40.0,32.0,108.0,88.0,248.0,0.9457364341085271,516.0,516.0,0.0,0.0,7.45,33.99791231732777,519.8350189009105,519.8350189009105,120.14959811377254,0.5606773296544225,39.1517316630914,41.32476619944149,39.1517316630914,41.32476619944149,110.92944410893762,86.99978874555066,241.42928818388935,0.9581470658266984,519.9998262569229,519.9998262569229,0.0003169373289961,0.0003169373289961,0.0,0.0,0.0,516.0,516.0,122.11270890481794,248.0
150,7.5,378.2731926247543,277.81074876033085,894.1085136498011,264.7753514519638,1.0,516.0,516.0,122.11263866067037,0.5426356589147286,40.0,32.0,40.0,32.0,108.0,88.0,248.0,0.9457364341085271,516.0,516.0,0.0,0.0,7.5,34.09185803757829,519.8270979434584,519.8270979434584,120.15679895649929,0.5606773306957755,39.15113521996648,41.324136379331975,39.15113521996648,41.324136379331975,110.9277541326554,86.99846284135535,241.42560937014915,0.9581470642488495,519.9998262569229,519.9998262569229,0.0003321699445706,0.0003321699445706,0.0,0.0,0.0,516.0,516.0,122.11270890481794,248.0
151,7.55,378.27394643660386,277.81898278429236,894.1086096914329,264.757582217081,1.0,516.0,516.0,122.11278550483026,0.5503875968992248,40.0,32.0,40.0,32.0,108.0,88.0,248.0,0.9457364341085271,516.0,516.0,0.0,0.0,7.55,34.18580375782881,519.8187972650484,519.8187972650484,120.164344998768,0.5606773317871414,39.15051018409872,41.32347636641336,39.15051018409872,41.32347636641336,110.92598314100584,86.99707337492987,241.42175419860055,0.9581470625952214,519.9998262569229,519.9998262569229,0.0003481327930003,0.0003481327930003,0.0,0.0,0.0,516.0,516.0,122.11272334275951,248.0
152,7.6,378.2741333757536,277.821172731021,894.1086379856387,264.7535082926267,1.0,516.0,516.0,122.1128208314658,0.5426356589147286,40.0,32.0,40.0,32.0,108.0,88.0,248.0,0.9457364341085271,516.0,516.0,0.0,0.0,7.6,34.27974947807933,519.8100987240136,519.8100987240136,120.17225273293984,0.5606773329309191,39.14985518943339,41.32278471818415,39.14985518943339,41.32278471818415,110.92412726337498,86.99561730950379,241.4177142435173,0.9581470608621798,519.9998262569229,519.9998262569229,0.0003648607621179,0.0003648607621179,0.0,0.0,0.0,516.0,516.0,122.11277388195533,248.0
153,7.65,378.2741333757536,277.821172731021,894.1086379856387,264.7535082926267,1.0,516.0,516.0,122.1128208314658,0.5426356589147286,40.0,32.0,40.0,32.0,108.0,88.0,248.0,0.9457364341085271,516.0,516.0,0.0,0.0,7.65,34.373695198329855,519.8009833180088,519.8009833180088,120.1805394338072,0.560677334129622,39.149168805106825,41.322059923706774,39.149168805106825,41.322059923706774,110.92218244551935,86.99409146423602,241.41348067943977,0.958147059045916,519.9998262569229,519.9998262569229,0.0003823903949073,0.0003823903949073,0.0,0.0,0.0,516.0,516.0,122.11278550483026,248.0
154,7.7,378.27342534785134,277.80752298776,894.1083673796886,264.7571368244675,1.0,516.0,516.0,122.11272334275951,0.5581395348837209,40.0,32.0,40.0,32.0,108.0,88.0,248.0,0.9457364341085271,516.0,516.0,0.0,0.0,7.7,34.46764091858037,519.7914311437758,519.7914311437758,120.18922319517138,0.5606773353858828,39.14844953241749,41.3213004004098,39.14844953241749,41.3213004004098,110.92014444098136,86.99249250747994,241.40904426248716,0.9581470571424412,519.9998262569229,519.9998262569229,0.0004007599668777,0.0004007599668777,0.0,0.0,0.0,516.0,516.0,122.11278987911707,248.0
155,7.75,378.2737292530227,277.8121120399923,894.1084446695934,264.75277166210327,1.0,516.0,516.0,122.11277388195533,0.5503875968992248,40.0,32.0,40.0,32.0,108.0,88.0,248.0,0.9457364341085271,516.0,516.0,0.0,0.0,7.75,34.561586638830896,519.7814213550851,519.7814213550851,120.19832296807688,0.560677336702461,39.14769580165887,41.320504490742735,39.14769580165887,41.320504490742735,110.9180088021162,86.99081694974205,241.40439531082524,0.9581470551475734,519.9998262569229,519.9998262569229,0.0004200095669454,0.0004200095669454,0.0,0.0,0.0,516.0,516.0,122.11278987911707,248.0
156,7.8,378.274013099906,277.81887414968696,894.1085925957345,264.7541661023663,1.0,516.0,516.0,122.11280416041669,0.5503875968992248,40.0,32.0,40.0,32.0,108.0,88.0,248.0,0.9457364341085271,516.0,516.0,0.0,0.0,7.8,34.65553235908142,519.7709321187799,519.7709321187799,120.20785860077198,0.5606773380822474,39.146905968809534,41.31967045868126,39.146905968809534,41.31967045868126,110.91577087071325,86.98906113632586,241.39952368424997,0.9581470530569332,519.9998262569229,519.9998262569229,0.0004401811819643,0.0004401811819643,0.0,0.0,0.0,516.0,516.0,122.11279831143176,248.0
157,7.85,378.27390802404494,277.81682315701664,894.1085516433268,264.7546471450121,1.0,516.0,516.0,122.11278987911707,0.5503875968992248,40.0,32.0,40.0,32.0,108.0,88.0,248.0,0.9457364341085271,516.0,516.0,0.0,0.0,7.85,34.74947807933194,519.759940568839,519.759940568839,120.2178508804674,0.5606773395282714,39.14607831207414,41.31879648607463,39.14607831207414,41.31879648607463,110.91342576819554,86.98722123964075,241.39441876285397,0.9581470508659312,519.9998262569229,519.9998262569229,0.0004613187850669,0.0004613187850669,0.0,0.0,0.0,516.0,516.0,122.11279831143176,248.0
158,7.9,378.27390802404494,277.81682315701664,894.1085516433268,264.7546471450121,1.0,516.0,516.0,122.11278987911707,0.5503875968992248,40.0,32.0,40.0,32.0,108.0,88.0,248.0,0.9457364341085271,516.0,516.0,0.0,0.0,7.9,34.84342379958247,519.7484227583857,519.7484227583857,120.2283215769678,0.5606773410437063,39.14521102827024,41.31788066882956,39.14521102827024,41.31788066882956,110.91096838538058,86.98529325116954,241.38906942473577,0.9581470485697576,519.9998262569229,519.9998262569229,0.0004834684279548,0.0004834684279548,0.0,0.0,0.0,516.0,516.0,122.11279831143176,248.0
159,7.95,378.27398670801387,277.81869145201205,894.108592469056,264.75502047673797,1.0,516.0,516.0,122.11279831143176,0.5503875968992248,40.0,32.0,40.0,32.0,108.0,88.0,248.0,0.9457364341085271,516.0,516.0,0.0,0.0,7.95,34.937369519832984,519.736353609545,519.7363536095448,120.23929348825298,0.560677342631877,39.144302229051334,41.316921012923416,39.144302229051334,41.316921012923416,110.9083933717825,86.98327297307463,241.38346402271296,0.9581470461633756,519.9998262569229,519.9998262569229,0.0005066783373267,0.0005066783373265,0.0,0.0,0.0,516.0,516.0,122.11279831143176,248.0
160,8.0,378.27398670801387,277.81869145201205,894.108592469056,264.75502047673797,1.0,516.0,516.0,122.11279831143176,0.5503875968992248,40.0,32.0,40.0,32.0,108.0,88.0,248.0,0.9457364341085271,516.0,516.0,0.0,0.0,8.0,35.03131524008351,519.7237068610731,519.7237068610731,120.2507904880882,0.5606773442962677,39.14334993696497,41.31591543024021,39.14334993696497,41.31591543024021,110.90569512443793,86.98115600943134,241.37759035999863,0.9581470436415058,519.9998262569229,519.9998262569229,0.0005309990155908,0.0005309990155908,0.0,0.0,0.0,516.0,516.0,122.11280416041669,248.0
161,8.05,378.2482388181616,277.8067271452983,894.0830037338999,264.74934209602156,1.0,516.0,516.0,122.98591757690907,0.5891472868217055,40.0,32.0,40.0,32.0,112.0,88.0,244.0,0.937984496124031,516.0,516.0,0.0,0.0,8.05,35.12526096033403,519.7104550136653,519.7104550136653,120.26283757574524,0.5606773460405275,39.142352081333286,41.3148617342211,39.142352081333286,41.3148617342211,110.90286777623774,86.97893775707365,241.37143566479952,0.9581470409986184,519.9998262569229,519.9998262569229,0.0005564833460437,0.0005564833460437,0.0,0.0,0.007673429193020865,516.0,516.0,122.98591757690907,244.0
162,8.1,378.2480434929837,277.801118522487,894.0828794348865,264.74653967863793,1.0,516.0,516.0,122.98592906918196,0.5891472868217055,40.0,32.0,40.0,32.0,112.0,88.0,244.0,0.937984496124031,516.0,516.0,0.0,0.0,8.1,35.21920668058455,519.6965692728459,519.6965692728459,120.27546092791876,0.5606773478684809,39.14130649395338,41.31375763532424,39.14130649395338,41.31375763532424,110.89990518374196,86.97661339603326,241.36498656379297,0.95814703822892,519.9998262569229,519.9998262569229,0.0005831867026956,0.0005831867026956,0.0,0.0,0.007673543922165371,516.0,516.0,122.98592906918196,244.0
163,8.15,378.27369968444754,277.804945099769,894.1082316034001,264.7383587071727,1.0,516.0,516.0,123.03652555273052,0.5891472868217055,40.0,32.0,40.0,32.0,112.0,88.0,244.0,0.937984496124031,516.0,516.0,0.0,0.0,8.15,35.31315240083507,519.6820194893512,519.6820194893512,120.28868795292418,0.5606773497841334,39.140210904607926,41.31260073628368,39.140210904607926,41.31260073628368,110.89680091446084,86.9741778795611,241.35822905443763,0.9581470353263404,519.9998262569229,519.9998262569229,0.0006111670649188,0.0006111670649188,0.0,0.0,0.008178656472853731,516.0,516.0,123.03652221403365,244.0
164,8.2,378.2740399663697,277.8062409062084,894.1082001464883,264.7249874772843,1.0,516.0,516.0,123.03652221403365,0.5891472868217055,40.0,32.0,40.0,32.0,112.0,88.0,244.0,0.937984496124031,516.0,516.0,0.0,0.0,8.2,35.407098121085596,519.6667740969037,519.6667740969037,120.3025473472665,0.5606773517916823,39.13906293637984,41.31138852716228,39.13906293637984,41.31138852716228,110.89354823357807,86.97162592371063,241.3511484760729,0.9581470322845208,519.9998262569229,519.9998262569229,0.0006404851371135,0.0006404851371135,0.0,0.0,0.008178623142124515,516.0,516.0,123.03652555273052,244.0
165,8.25,378.27406800640676,277.8040834627166,894.1081280427888,264.71888165372195,1.0,516.0,516.0,123.06188021649416,0.5891472868217055,40.0,32.0,40.0,32.0,112.0,88.0,244.0,0.937984496124031,516.0,516.0,0.0,0.0,8.25,35.50104384133611,519.6508000472772,519.6508000472772,120.3170691546711,0.5606773538955234,39.1378601007622,41.31011838018799,39.1378601007622,41.31011838018799,110.8901400900975,86.96895199646815,241.34372947976144,0.9581470290967996,519.9998262569229,519.9998262569229,0.0006712044735822,0.0006712044735822,0.0,0.0,0.008431776017677523,516.0,516.0,123.06188021649416,244.0
166,8.3,378.27497504374844,277.81643031505365,894.1083163748918,264.70292692548657,1.0,516.0,516.0,123.06192828931958,0.5891472868217055,40.0,32.0,40.0,32.0,112.0,88.0,244.0,0.937984496124031,516.0,516.0,0.0,0.0,8.3,35.59498956158664,519.6340627425529,519.6340627425529,120.33228482766984,0.5606773561002627,39.136599792558115,41.308787544366965,39.136599792558115,41.308787544366965,110.88656910238872,86.96615030641351,241.3359559968256,0.9581470257561978,519.9998262569229,519.9998262569229,0.0007033916088065,0.0007033916088065,0.0,0.0,0.008432255936157318,516.0,516.0,123.06192828931958,244.0
167,8.35,378.2749065624491,277.81000459796417,894.1081328585047,264.69197696412215,1.0,516.0,516.0,123.061935939826,0.5891472868217055,40.0,32.0,40.0,32.0,112.0,88.0,244.0,0.937984496124031,516.0,516.0,0.0,0.0,8.35,35.68893528183716,519.6165259644566,519.6165259644566,120.3482272918388,0.560677358410725,39.135279284559005,41.30739313986592,39.135279284559005,41.30739313986592,110.8828275431116,86.9632147908913,241.3278112060288,0.9581470222554066,519.9998262569229,519.9998262569229,0.0007371161933368,0.0007371161933368,0.0,0.0,0.008432332312350684,516.0,516.0,123.061935939826,244.0
168,8.4,378.27524179152454,277.81180021567263,894.1081167988241,264.6799663108605,1.0,516.0,516.0,123.06195922774631,0.5891472868217055,40.0,32.0,40.0,32.0,112.0,88.0,244.0,0.937984496124031,516.0,516.0,0.0,0.0,8.4,35.782881002087684,519.5981518006743,519.5981518006743,120.36493101278435,0.560677360831964,39.13389572199702,41.30593215215251,39.13389572199702,41.30593215215251,110.87890732349544,86.96013910367594,241.31927749935335,0.9581470185867668,519.9998262569229,519.9998262569229,0.0007724511354936,0.0007724511354936,0.0,0.0,0.008432564799274773,516.0,516.0,123.06195922774631,244.0
169,8.45,378.2763216275317,277.82169437818993,894.1081910786739,264.65042038742513,1.0,516.0,516.0,123.08755099310915,0.5813953488372093,40.0,32.0,40.0,32.0,112.0,88.0,244.0,0.937984496124031,516.0,516.0,0.0,0.0,8.45,35.87682672233821,519.5789005680331,519.5789005680331,120.38243206597812,0.560677363369274,39.132446116760065,41.30440142588702,39.132446116760065,41.30440142588702,110.87479997694886,86.95691660211389,241.31033644632328,0.9581470147422574,519.9998262569229,519.9998262569229,0.0008094727490963,0.0008094727490963,0.0,0.0,0.008688051366174867,516.0,516.0,123.08755099310915,244.0
170,8.5,378.2757595149917,277.8183380353622,894.1082081180613,264.66976517890515,1.0,516.0,516.0,123.11295080487653,0.5891472868217055,40.0,32.0,40.0,32.0,112.0,88.0,244.0,0.937984496124031,516.0,516.0,0.0,0.0,8.5,35.970772442588725,519.5587307324389,519.5587307324389,120.40076820954104,0.5606773660282003,39.13092734136367,41.30279765855681,39.13092734136367,41.30279765855681,110.87049664197887,86.95354033372098,241.30096875681855,0.958147010713476,519.9998262569229,519.9998262569229,0.0008482609074297,0.0008482609074297,0.0,0.0,0.008941621630529605,516.0,516.0,123.11265120786251,244.0
171,8.55,378.27595369199844,277.82163919283875,894.1082686653898,264.6678249478385,1.0,516.0,516.0,123.11297989766886,0.5891472868217055,40.0,32.0,40.0,32.0,112.0,88.0,244.0,0.937984496124031,516.0,516.0,0.0,0.0,8.55,36.06471816283925,519.537598825455,519.537598825455,120.41997896008031,0.5606773688145509,39.129336122668946,41.30111739384256,39.129336122668946,41.30111739384256,110.86598804439204,86.95000302221871,241.2911542423327,0.9581470064916228,519.9998262569229,519.9998262569229,0.0008888992036691,0.0008888992036691,0.0,0.0,0.008941912068392292,516.0,516.0,123.11265120786251,244.0
172,8.6,378.27552502695437,277.82314025876127,894.1084066474501,264.6915661301358,1.0,516.0,516.0,123.1128563645208,0.5891472868217055,40.0,32.0,40.0,32.0,112.0,88.0,244.0,0.937984496124031,516.0,516.0,0.0,0.0,8.6,36.15866388308977,519.5154593574094,519.5154593574094,120.4401056716824,0.5606773717344099,39.127669035340375,41.299357014709955,39.127669035340375,41.299357014709955,110.86126447875633,86.94629705298809,241.28087177561468,0.9581470020674784,519.9998262569229,519.9998262569229,0.0009314751179824,0.0009314751179824,0.0,0.0,0.008940678817795809,516.0,516.0,123.11265120786251,244.0
173,8.65,378.2753571874035,277.8238345666854,894.1084636545228,264.7010958097939,1.0,516.0,516.0,123.11280722480043,0.5813953488372093,40.0,32.0,40.0,32.0,112.0,88.0,244.0,0.937984496124031,516.0,516.0,0.0,0.0,8.65,36.25260960334029,519.4922647269153,519.4922647269153,120.4611916181672,0.560677374794149,39.12592249503217,41.29751273621412,39.12592249503217,41.29751273621412,110.8563157890962,86.94241445792517,241.27009924864765,0.9581469974313892,519.9998262569229,519.9998262569229,0.0009760801915283,0.0009760801915283,0.0,0.0,0.008940188248338199,516.0,516.0,123.11265120786251,244.0
174,8.7,378.2745685251541,277.8159339257856,894.1083867799433,264.7212042727875,1.0,516.0,516.0,123.11265120786251,0.5813953488372093,40.0,32.0,40.0,32.0,112.0,88.0,244.0,0.937984496124031,516.0,516.0,0.0,0.0,8.7,36.34655532359081,519.4679651266864,519.4679651266863,120.48328207870966,0.560677378000442,39.12409275129676,41.295580598011696,39.12409275129676,41.295580598011696,110.85113134879872,86.93834689967397,241.2588135289052,0.9581469925732424,519.9998262569229,519.9998262569229,0.0010228102075823,0.0010228102075821,0.0,0.0,0.008938630707024314,516.0,516.0,123.11265120786251,244.0
175,8.75,378.27439059861916,277.80824626891405,894.1081879924899,264.7126948784913,1.0,516.0,516.0,123.11265579028804,0.5813953488372093,40.0,32.0,40.0,32.0,112.0,88.0,244.0,0.937984496124031,516.0,516.0,0.0,0.0,8.75,36.44050104384134,519.4425084455333,519.4425084455333,120.50642442693386,0.5606773813602779,39.122175880205106,41.29355645656744,39.122175880205106,41.29355645656744,110.8457000397038,86.93408565522262,241.2469904138343,0.9581469874824492,519.9998262569229,519.9998262569229,0.0010717653800026,0.0010717653800026,0.0,0.0,0.008938676454089854,516.0,516.0,123.11265120786251,244.0
176,8.8,378.2731542907663,277.79333042279137,894.1079899613857,264.73874085953463,1.0,516.0,516.0,123.11242698617389,0.5426356589147286,40.0,32.0,40.0,32.0,112.0,88.0,244.0,0.937984496124031,516.0,516.0,0.0,0.0,8.8,36.534446764091854,519.415840166423,519.415840166423,120.53066822358603,0.5606773848809764,39.12016777667074,41.291435977049446,39.12016777667074,41.291435977049446,110.840010230355,86.92962159883726,241.23460458351053,0.9581469821479188,519.9998262569229,519.9998262569229,0.0011230505492734,0.0011230505492734,0.0,0.0,0.008936392267094929,516.0,516.0,123.11242698617389,244.0
177,8.85,378.2728594424883,277.78198453583576,894.1077044421673,264.72776360323604,1.0,516.0,516.0,123.11242492355836,0.5348837209302325,40.0,32.0,40.0,32.0,112.0,88.0,244.0,0.937984496124031,516.0,516.0,0.0,0.0,8.85,36.628392484342385,519.3879032604852,519.3879032604852,120.55606531289148,0.5606773885702023,39.11806414646858,41.289214624899586,39.11806414646858,41.289214624899586,110.83404975338595,86.92494518432153,241.2216295514096,0.9581469765580364,519.9998262569229,519.9998262569229,0.001176775386335,0.001176775386335,0.0,0.0,0.00893637167568394,516.0,516.0,123.11242492355836,244.0
178,8.9,378.27118912132977,277.7540374050919,894.1072003632604,264.74598197720877,1.0,516.0,516.0,123.11216611497048,0.5348837209302325,40.0,32.0,40.0,32.0,112.0,88.0,244.0,0.937984496124031,516.0,516.0,0.0,0.0,8.9,36.7223382045929,519.3586380768531,519.3586380768531,120.5826699226995,0.5606773924359828,39.11586049793999,41.28688765707571,39.11586049793999,41.28688765707571,110.82780588201666,86.92004642657506,241.20803761324572,0.9581469707006408,519.9998262569229,519.9998262569229,0.0012330546044316,0.0012330546044316,0.0,0.0,0.0089337879493694,516.0,516.0,123.11216611497048,244.0
179,8.95,378.2705777982778,277.74747820756716,894.1071279635499,264.76081144543423,1.0,516.0,516.0,123.11204587383969,0.5426356589147286,40.0,32.0,40.0,32.0,112.0,88.0,244.0,0.937984496124031,516.0,516.0,0.0,0.0,8.95,36.816283924843425,519.3279822282236,519.3279822282236,120.61053876851872,0.5606773964867229,39.11355213337623,41.28445011295142,39.11355213337623,41.28445011295142,110.82126530563842,86.91491488243744,241.1937997938201,0.9581469645629958,519.9998262569229,519.9998262569229,0.001292008179186,0.001292008179186,0.0,0.0,0.008932587563492557,516.0,516.0,123.11204587383969,244.0
180,9.0,379.2677895544387,277.6857253288845,891.1070899846177,264.8587796618526,1.0,512.0,512.0,123.11171020881682,0.5390625,40.0,28.0,40.0,28.0,108.0,88.0,248.0,0.9375,516.0,516.0,0.007751937984496138,0.007751937984496138,9.0,36.91022964509395,519.2958704720285,519.2958704720285,120.63973116154278,0.5606774007312233,39.111134140070305,41.28189680486767,39.111134140070305,41.28189680486767,110.81441410446077,86.90953963079676,241.17888579183295,0.9581469581317664,519.9998262569229,519.9998262569229,0.0013537615771176,0.0013537615771176,0.035443666764569205,0.035443666764569205,0.008929236567455097,512.0,512.0,123.11171020881682,248.0
181,9.05,379.2660531404779,277.65420348212575,891.1064903163228,264.87269842051774,1.0,512.0,512.0,123.1114507871066,0.5390625,40.0,28.0,40.0,28.0,108.0,88.0,248.0,0.9375,516.0,516.0,0.007751937984496138,0.007751937984496138,9.05,37.004175365344466,519.2622345871113,519.2622345871113,120.67030912076292,0.5606774051786991,39.10860138103104,41.27922230832675,39.10860138103104,41.27922230832675,110.8072377232006,86.9039092519464,241.1632639226065,0.958146951392991,519.9998262569229,519.9998262569229,0.0014184459928016,0.0014184459928016,0.035443666764569205,0.035443666764569205,0.0089266467202452,512.0,512.0,123.11171020881682,248.0
182,9.1,379.2658084181846,277.6554607190688,891.1065764264974,264.88721085229173,1.0,512.0,512.0,123.11137493012333,0.5390625,40.0,28.0,40.0,28.0,108.0,88.0,248.0,0.9375,516.0,516.0,0.007751937984496138,0.007751937984496138,9.1,37.09812108559499,519.227003245803,519.227003245803,120.70233748926044,0.5606774098387978,39.10594848535081,41.2764209518202,39.10594848535081,41.2764209518202,110.79972094378932,86.89801180617096,241.1469010586717,0.9581469443320508,519.9998262569229,519.9998262569229,0.0014861985948781,0.0014861985948781,0.035443666764569205,0.035443666764569205,0.008925889428203914,512.0,512.0,123.11171020881682,248.0
183,9.15,379.26599982296113,277.65808770175215,891.1066170955562,264.8837967230367,1.0,512.0,512.0,123.11140951250292,0.578125,40.0,28.0,40.0,28.0,108.0,88.0,248.0,0.9375,516.0,516.0,0.007751937984496138,0.007751937984496138,9.15,37.19206680584551,519.1901018813076,519.1901018813076,120.73588405476642,0.5606774147216204,39.10316983821994,41.27348680628435,39.10316983821994,41.27348680628435,110.79184785707882,86.89183481154728,241.12976256817717,0.9581469369336422,519.9998262569229,519.9998262569229,0.0015571627810799,0.0015571627810799,0.035443666764569205,0.035443666764569205,0.008926234669468434,512.0,512.0,123.11171020881682,248.0
184,9.2,379.2658888165033,277.6497307634231,891.1063891151016,264.87075372765713,1.0,512.0,512.0,123.11143632605896,0.578125,40.0,28.0,40.0,28.0,108.0,88.0,248.0,0.9375,516.0,516.0,0.007751937984496138,0.007751937984496138,9.2,37.28601252609603,519.1514525503003,519.1514525503003,120.77101967457074,0.5606774198377406,39.10025957058022,41.27041367417476,39.10025957058022,41.27041367417476,110.78360183352744,86.88536522094404,241.11181225107384,0.9581469291817428,519.9998262569229,519.9998262569229,0.0016314884424661,0.0016314884424661,0.035443666764569205,0.035443666764569205,0.00892650235336143,512.0,512.0,123.11171020881682,248.0
185,9.25,379.2646911696791,277.63160974335244,891.1060854004837,264.88848799607086,1.0,512.0,512.0,123.11123090014192,0.53125,36.0,28.0,36.0,28.0,112.0,88.0,248.0,0.9375,516.0,516.0,0.007751937984496138,0.007751937984496138,9.25,37.379958246346554,519.1109737906625,519.1109737906625,120.8078184048544,0.5606774251982273,39.0972115484135,41.26719507815389,39.0972115484135,41.26719507815389,110.7749654928464,86.87858939820765,241.09301227304096,0.958146921059581,519.9998262569229,519.9998262569229,0.0017093322370098,0.0017093322370098,0.035443666764569205,0.035443666764569205,0.0089244515545379,512.0,512.0,123.11171020881682,248.0
186,9.3,379.26490435515666,277.6372744477112,891.1062121901571,264.8906829913091,1.0,512.0,512.0,123.96156674128918,0.5625,36.0,28.0,36.0,28.0,112.0,88.0,248.0,0.9375,516.0,516.0,0.007751937984496138,0.007751937984496138,9.3,37.47390396659708,519.0685804742761,519.0685804742761,120.84635763451126,0.5606774308146677,39.09401936165651,41.26382424938643,39.09401936165651,41.26382424938643,110.76592067259456,86.87149309352037,241.07332309711825,0.9581469125496012,519.9998262569229,519.9998262569229,0.0017908578726845,0.0017908578726845,0.035443666764569205,0.035443666764569205,0.017413486276711732,512.0,512.0,123.96152376751353,248.0
187,9.35,379.2649783632806,277.6342998298545,891.1061087581752,264.8805852307043,1.0,512.0,512.0,123.96152376751353,0.5625,36.0,28.0,36.0,28.0,112.0,88.0,248.0,0.9375,516.0,516.0,0.007751937984496138,0.007751937984496138,9.35,37.567849686847595,519.0241836548204,519.0241836548204,120.88671822351536,0.5606774366991885,39.09067631274095,41.260294115436665,39.09067631274095,41.260294115436665,110.75644839570477,86.86406141792244,241.0527034130155,0.958146903633428,519.9998262569229,519.9998262569229,0.0018762364001646,0.0018762364001646,0.035443666764569205,0.035443666764569205,0.01741305726283748,512.0,512.0,123.96156674128918,248.0
188,9.4,379.2646678372053,277.63194574232534,891.1061000341064,264.89034903605744,1.0,512.0,512.0,123.96159686018697,0.5625,36.0,28.0,36.0,28.0,112.0,88.0,248.0,0.9375,516.0,516.0,0.007751937984496138,0.007751937984496138,9.4,37.661795407098126,518.9776904105167,518.9776904105167,120.92898464587772,0.5606774428644826,39.08717540475212,41.25659728776384,39.08717540475212,41.25659728776384,110.74652883693363,86.85627881698835,241.0311100640788,0.9581468942918294,519.9998262569229,519.9998262569229,0.0019656465152377,0.0019656465152377,0.035443666764569205,0.035443666764569205,0.01741378695834459,512.0,512.0,123.96159686018697,248.0
189,9.45,379.2392046609883,277.6192115423874,891.0809709822473,264.89104399424025,1.0,512.0,512.0,123.98653748317238,0.5625,40.0,28.0,40.0,28.0,108.0,88.0,248.0,0.9375,516.0,516.0,0.007751937984496138,0.007751937984496138,9.45,37.75574112734864,518.9290036817943,518.9290036817943,120.9732451372242,0.560677449323834,39.08350932920621,41.25272604881499,39.08350932920621,41.25272604881499,110.73614128822771,86.8481290436525,241.0084979718929,0.958146884504678,519.9998262569229,519.9998262569229,0.0020592748709873,0.0020592748709873,0.035443666764569205,0.035443666764569205,0.017662773069796925,512.0,512.0,123.98653748317238,248.0
190,9.5,379.2378855830924,277.5988035850577,891.0807255893926,264.9138859942768,1.0,512.0,512.0,124.06103873270382,0.5625,40.0,28.0,40.0,28.0,108.0,88.0,248.0,0.9375,516.0,516.0,0.007751937984496138,0.007751937984496138,9.5,37.849686847599166,518.8780221038517,518.8780221038517,121.01959184701036,0.5606774560911427,39.07967045344179,41.24867233871083,39.07967045344179,41.24867233871083,110.72526412299982,86.83959513018056,240.98482005851872,0.9581468742509128,519.9998262569229,519.9998262569229,0.0021573163997885,0.0021573163997885,0.035443666764569205,0.035443666764569205,0.018406530610657987,512.0,512.0,124.06097202687471,248.0
191,9.55,379.2366500640147,277.5766511648287,891.0803975410579,264.9284035132042,1.0,512.0,512.0,124.06097202687471,0.5625,40.0,28.0,40.0,28.0,108.0,88.0,248.0,0.9375,516.0,516.0,0.007751937984496138,0.007751937984496138,9.55,37.94363256784969,518.824639834121,518.824639834121,121.06812099537171,0.5606774631809546,39.07565080762899,41.244427741525215,39.07565080762899,41.244427741525215,110.71387475931924,86.83065935928863,240.9600271663588,0.9581468635084932,519.9998262569229,519.9998262569229,0.0022599746451094,0.0022599746451094,0.035443666764569205,0.035443666764569205,0.018405864676009454,512.0,512.0,124.06103873270382,248.0
192,9.6,379.2600043480727,277.53857329978894,891.1042503019745,264.91051391278467,1.0,512.0,512.0,124.11026338790205,0.5625,40.0,28.0,40.0,28.0,108.0,88.0,248.0,0.9375,516.0,516.0,0.007751937984496138,0.007751937984496138,9.6,38.03757828810021,518.7687463746561,518.7687463746561,121.11893303458928,0.5606774706084886,39.07144207139578,41.23998347116461,39.07144207139578,41.23998347116461,110.70194962201816,86.82130323441041,240.93406797566712,0.95814685225436,519.9998262569229,519.9998262569229,0.0023674621030711,0.0023674621030711,0.035443666764569205,0.035443666764569205,0.01889794798594001,512.0,512.0,124.11020542102051,248.0
193,9.65,379.26117597287987,277.56353283378184,891.1047571619966,264.9085577053935,1.0,512.0,512.0,124.11041780902501,0.5625,40.0,28.0,40.0,28.0,108.0,88.0,248.0,0.9375,516.0,516.0,0.007751937984496138,0.007751937984496138,9.65,38.13152400835073,518.7102263894893,518.7102263894893,121.1721328151265,0.560677478389667,39.06703556007486,41.23533035684304,39.06703556007486,41.23533035684304,110.68946410372452,86.81150744912381,240.9068889197231,0.9581468404643884,519.9998262569229,519.9998262569229,0.0024800005736855,0.0024800005736855,0.035443666764569205,0.035443666764569205,0.018899489595985343,512.0,512.0,124.11020542102051,248.0
194,9.7,379.2596930039629,277.53070467082875,891.104079397079,264.9083388920039,1.0,512.0,512.0,124.11023067855342,0.5625,40.0,28.0,40.0,28.0,108.0,88.0,248.0,0.9375,516.0,516.0,0.007751937984496138,0.007751937984496138,9.7,38.225469728601254,518.6489595170364,518.6489595170364,121.22782975617136,0.560677486541146,39.06242221057943,41.23045882816603,39.06242221057943,41.23045882816603,110.67639252483892,86.80125185574863,240.87843409770335,0.9581468281133404,519.9998262569229,519.9998262569229,0.0025978215216154,0.0025978215216154,0.035443666764569205,0.035443666764569205,0.018897621443434296,512.0,512.0,124.11020542102051,248.0
195,9.75,379.2593299508776,277.5196474550869,891.1038247000702,264.90167634465075,1.0,512.0,512.0,124.11020542102051,0.5625,40.0,28.0,40.0,28.0,108.0,88.0,248.0,0.9375,516.0,516.0,0.007751937984496138,0.007751937984496138,9.75,38.31941544885177,518.5848201776473,518.5848201776473,121.2861380205874,0.560677495080349,39.05759256691147,41.225358899827995,39.05759256691147,41.225358899827995,110.6627080924762,86.79051543313014,240.84864518530156,0.9581468151748168,519.9998262569229,519.9998262569229,0.0027211664462681,0.0027211664462681,0.035443666764569205,0.035443666764569205,0.018897369293561853,512.0,512.0,124.11020542102051,248.0
196,9.8,379.25964939770444,277.52082625083614,891.1037958930578,264.8887362241125,1.0,512.0,512.0,124.11028653434406,0.5625,40.0,28.0,40.0,28.0,108.0,88.0,248.0,0.9375,516.0,516.0,0.007751937984496138,0.007751937984496138,9.8,38.413361169102295,518.5176773764495,518.5176773764493,121.34717669414812,0.5606775040254987,39.05253676531697,41.22002015593475,39.05253676531697,41.22002015593475,110.64838285840216,86.77927625363631,240.81746134315915,0.958146801621206,519.9998262569229,519.9998262569229,0.0028502872609447,0.0028502872609444,0.035443666764569205,0.035443666764569205,0.018898179060464166,512.0,512.0,124.11020542102051,248.0
197,9.85,379.259379652482,277.51790703711066,891.1037633527396,264.89543206175307,1.0,512.0,512.0,124.1102313060236,0.5703125,40.0,28.0,40.0,28.0,108.0,88.0,248.0,0.9375,516.0,516.0,0.007751937984496138,0.007751937984496138,9.85,38.50730688935282,518.4473945016516,518.4473945016517,121.4110699688946,0.5606775133956531,39.04724451909914,41.21443173396557,39.04724451909914,41.21443173396557,110.63338767600212,86.76751144939391,240.784819123191,0.958146787423632,519.9998262569229,519.9998262569229,0.002985446680715,0.0029854466807153,0.035443666764569205,0.035443666764569205,0.018897627707566582,512.0,512.0,124.11020542102051,248.0
198,9.9,379.2581521951542,277.5014348788377,891.1035208465993,264.9189633383822,1.0,512.0,512.0,124.11000105863656,0.5546875,40.0,28.0,40.0,28.0,108.0,88.0,248.0,0.9375,516.0,516.0,0.007751937984496138,0.007751937984496138,9.9,38.601252609603335,518.3738291185348,518.3738291185348,121.47794733041754,0.5606775232107406,39.04170510310632,41.20858230839184,39.04170510310632,41.20858230839184,110.61769215632944,86.75519717780293,240.75065237290423,0.9581467725518992,519.9998262569229,519.9998262569229,0.0031269186185934,0.0031269186185934,0.035443666764569205,0.035443666764569205,0.018895329112154288,512.0,512.0,124.11002889942904,248.0
199,9.95,379.2581703288851,277.49814012970916,891.1034202212217,264.9108384867198,1.0,512.0,512.0,124.11002889942904,0.5546875,40.0,28.0,40.0,28.0,108.0,88.0,248.0,0.9375,516.0,516.0,0.007751937984496138,0.007751937984496138,9.95,38.695198329853866,518.2968327593856,518.2968327593857,121.547943748824,0.5606775334915981,39.03590733791489,41.20246007397336,39.03590733791489,41.20246007397336,110.60126462328904,86.74230858637193,240.71489213783644,0.958146756974436,519.9998262569229,519.9998262569229,0.0032749885895073,0.0032749885895075,0.035443666764569205,0.035443666764569205,0.018895607051108116,512.0,512.0,124.11000105863656,248.0
200,10.0,379.2562462267048,277.45928150590356,891.1026587630022,264.9193463496743,1.0,512.0,512.0,124.10975540124659,0.5546875,40.0,28.0,40.0,28.0,108.0,88.0,248.0,0.9375,516.0,516.0,0.007751937984496138,0.007751937984496138,10.0,38.78914405010438,518.2162507096959,518.2162507096959,121.62119987310192,0.5606775442600092,39.02983957373158,41.19605272875765,39.02983957373158,41.19605272875765,110.58407206802306,86.72881977692754,240.67746656225611,0.958146740658236,519.9998262569229,519.9998262569229,0.0034299541214571,0.0034299541214571,0.035443666764569205,0.035443666764569205,0.01889287667629038,512.0,512.0,124.11000105863656,248.0
201,10.05,379.2536296544851,277.41462814672497,891.1018689396566,264.949479103499,1.0,512.0,512.0,124.10932141722778,0.5625,40.0,28.0,40.0,28.0,108.0,88.0,248.0,0.9375,516.0,516.0,0.007751937984496138,0.007751937984496138,10.05,38.88308977035491,518.1319217909934,518.1319217909935,121.69786222854492,0.5606775555387447,39.023489674041,41.18934745681085,39.023489674041,41.18934745681085,110.56608010257942,86.71470376926081,240.63830078830145,0.9581467235687972,519.9998262569229,519.9998262569229,0.0035921251731467,0.0035921251731469,0.035443666764569205,0.035443666764569205,0.018888544146451823,512.0,512.0,124.11000105863656,248.0
202,10.1,379.2549066679521,277.4268696759924,895.1007793609783,264.8159368964442,1.0,516.0,516.0,124.10960040816383,0.5503875968992248,40.0,32.0,40.0,32.0,108.0,88.0,248.0,0.9457364341085271,516.0,516.0,0.0,0.0,10.1,38.97703549060543,518.0436781407404,518.0436781407404,121.77808341684435,0.560677567351604,39.01684499903362,41.18233091071619,39.01684499903362,41.18233091071619,110.54725291295424,86.69993246428189,240.59731685375445,0.9581467056700588,519.9998262569229,519.9998262569229,0.0037618245572565,0.0037618245572565,0.0,0.0,0.01889132935628154,512.0,512.0,124.11000105863656,248.0
203,10.15,379.2541726628256,277.41985786181243,895.1007250857456,264.8367599369106,1.0,516.0,516.0,124.10944009300677,0.5503875968992248,40.0,32.0,40.0,32.0,108.0,88.0,248.0,0.9457364341085271,516.0,516.0,0.0,0.0,10.15,39.07098121085595,517.9513449897964,517.9513449897964,121.86202231839373,0.560677579723458,39.00989238884924,41.17498919387759,39.00989238884924,41.17498919387759,110.52755321161492,86.6844766067673,240.55443358868737,0.958146686924336,519.9998262569229,519.9998262569229,0.0039393883683999,0.0039393883683999,0.0,0.0,0.018889728905178666,512.0,512.0,124.11000105863656,248.0
204,10.2,379.2513771629359,277.35902437971134,895.0995176916747,264.8412005655427,1.0,516.0,516.0,124.1090627295516,0.5503875968992248,40.0,32.0,40.0,32.0,108.0,88.0,248.0,0.9457364341085271,516.0,516.0,0.0,0.0,10.2,39.16492693110647,517.8547404380222,517.8547404380222,121.94984429628492,0.5606775926802938,39.00261814668201,41.16730784267702,39.00261814668201,41.16730784267702,110.50694218962622,86.66830574779542,240.50956651124147,0.9581466672922544,519.9998262569229,519.9998262569229,0.0041251664146535,0.0041251664146535,0.0,0.0,0.018885961627217628,512.0,512.0,124.11002889942904,248.0
205,10.25,379.27281332028355,277.30475395679065,891.123788284476,264.95244938615707,1.0,512.0,512.0,124.9877425294818,0.5859375,40.0,28.0,40.0,28.0,108.0,88.0,248.0,0.9375,516.0,516.0,0.007751937984496138,0.007751937984496138,10.25,39.258872651356995,517.7536752286751,517.7536752286751,122.0417214014022,0.5606776062492607,38.99500802179341,41.159271808533646,38.99500802179341,41.159271808533646,110.4853794685201,86.65138820697968,240.4626277228482,0.9581466467326778,519.9998262569229,519.9998262569229,0.0043195226514134,0.0043195226514134,0.035443666764569205,0.035443666764569205,0.027657958490500012,512.0,512.0,124.9877425294818,248.0
206,10.3,379.27079816227547,277.26895363707257,891.1230316017612,264.9689079863358,1.0,512.0,512.0,125.08404181286994,0.5859375,40.0,28.0,40.0,28.0,108.0,88.0,248.0,0.9375,516.0,516.0,0.007751937984496138,0.007751937984496138,10.3,39.35281837160751,517.6479525223363,517.6479525223363,122.13783257794157,0.560677620458716,38.98704719249031,41.15086543992737,38.98704719249031,41.15086543992737,110.46282305206486,86.6336910346237,240.41352580323007,0.9581466252026386,519.9998262569229,519.9998262569229,0.00452283561615,0.00452283561615,0.035443666764569205,0.035443666764569205,0.028619329187634678,512.0,512.0,125.08404181286994,248.0
207,10.35,380.24412571208387,277.2000232968597,892.097544553241,264.9494061442871,1.0,512.0,512.0,125.1077755040236,0.578125,40.0,28.0,40.0,28.0,108.0,88.0,248.0,0.9375,516.0,516.0,0.007751937984496138,0.007751937984496138,10.35,39.44676409185803,517.5373676712035,517.5373676712035,122.2383638685978,0.5606776353382754,38.978720249131214,41.142072464450365,38.978720249131214,41.142072464450365,110.4392292781122,86.61517997393611,240.3621657055736,0.9581466026572631,519.9998262569229,519.9998262569229,0.0047354988624607,0.0047354988624607,0.035443666764569205,0.035443666764569205,0.028856266311226918,512.0,512.0,125.106917533271,248.0
208,10.4,380.24352114481377,277.18716789728654,892.0972965887406,264.9514593441172,1.0,512.0,512.0,125.10768785509742,0.578125,40.0,28.0,40.0,28.0,108.0,88.0,248.0,0.9375,516.0,516.0,0.007751937984496138,0.007751937984496138,10.4,39.54070981210856,517.4217079946859,517.4217079946859,122.3435086185686,0.5606776509188627,38.97001117722968,41.13287597096229,38.97001117722968,41.13287597096229,110.41455277072389,86.5958194234648,240.30844865230517,0.9581465790496968,519.9998262569229,519.9998262569229,0.0049579213916183,0.0049579213916183,0.035443666764569205,0.035443666764569205,0.028855391298388787,512.0,512.0,125.106917533271,248.0
209,10.45,380.24366462790704,277.1812319926985,892.0970971011978,264.9311844291045,1.0,512.0,512.0,125.10777215731038,0.5703125,40.0,28.0,40.0,28.0,108.0,88.0,248.0,0.9375,516.0,516.0,0.007751937984496138,0.007751937984496138,10.45,39.63465553235907,517.3007525573428,517.3007525573428,122.4534676774264,0.5606776672327617,38.96090334073554,41.12325839193156,38.96090334073554,41.12325839193156,110.3887463927971,86.57557239992158,240.25227203195695,0.9581465543310232,519.9998262569229,519.9998262569229,0.0051905280796124,0.0051905280796124,0.035443666764569205,0.035443666764569205,0.028856232900469164,512.0,512.0,125.106917533271,248.0
210,10.5,380.24287610294977,277.1737999669204,892.0970425131924,264.95445757562686,1.0,512.0,512.0,125.10759151489862,0.5703125,40.0,28.0,40.0,28.0,108.0,88.0,248.0,0.9375,516.0,516.0,0.007751937984496138,0.007751937984496138,10.5,39.72860125260961,517.1742719503324,517.1742719503324,122.56844959780136,0.5606776843136676,38.95137946557969,41.11320148605577,38.95137946557969,41.11320148605577,110.36176119944008,86.55440050159595,240.1935292976609,0.958146528450188,519.9998262569229,519.9998262569229,0.0054337600974398,0.0054337600974398,0.035443666764569205,0.035443666764569205,0.028854429519226656,512.0,512.0,125.10745106795827,248.0
211,10.55,380.24137309530636,277.1306003365545,892.0961076025876,264.93507810580996,1.0,512.0,512.0,125.10745106795827,0.5703125,40.0,28.0,40.0,28.0,108.0,88.0,248.0,0.9375,516.0,516.0,0.007751937984496138,0.007751937984496138,10.55,39.82254697286013,517.0420280776543,517.0420280776543,122.68867082970372,0.560677702196743,38.94142162357994,41.10268632126372,38.94142162357994,41.10268632126372,110.33354639237083,86.53226387256828,240.13210986787155,0.958146501353912,519.9998262569229,519.9998262569229,0.0056880753221775,0.0056880753221775,0.035443666764569205,0.035443666764569205,0.028853027415615875,512.0,512.0,125.10759151489862,248.0
212,10.6,380.23814902701827,277.0696984132489,892.0950217121956,264.9642498486525,1.0,512.0,512.0,125.106917533271,0.5625,40.0,32.0,40.0,32.0,108.0,84.0,248.0,0.9375,516.0,516.0,0.007751937984496138,0.007751937984496138,10.6,39.91649269311065,516.9037739486139,516.9037739486139,122.81435590919249,0.5606777209186729,38.931011216816614,41.0916932582102,38.931011216816614,41.0916932582102,110.30404927564244,86.50912116796812,240.0678990299765,0.9581464729866116,519.9998262569229,519.9998262569229,0.0059539487360892,0.0059539487360892,0.035443666764569205,0.035443666764569205,0.028847701055998293,512.0,512.0,125.10768785509742,248.0
213,10.65,380.2609438564162,277.04854875371933,892.118205069193,264.9595395405841,1.0,512.0,512.0,125.106819739992,0.5625,40.0,32.0,40.0,32.0,108.0,84.0,248.0,0.9375,516.0,516.0,0.007751937984496138,0.007751937984496138,10.65,40.01043841336117,516.7592534780715,516.7592534780715,122.94573763996516,0.5606777405177217,38.92012896259317,41.08020193439154,38.92012896259317,41.08020193439154,110.27321521303176,86.48492952053118,240.00077784752384,0.9581464432903088,519.9998262569229,519.9998262569229,0.0062318728107618,0.0062318728107618,0.035443666764569205,0.035443666764569205,0.028846724770511048,512.0,512.0,125.10768785509742,248.0
214,10.7,380.2598540851268,277.0270404486128,892.1177520508861,264.9650219577347,1.0,512.0,512.0,125.1066588997367,0.5234375,40.0,32.0,40.0,32.0,108.0,84.0,248.0,0.9375,516.0,516.0,0.007751937984496138,0.007751937984496138,10.7,40.10438413361169,516.6082012961981,516.6082012961981,123.08305726630569,0.5606777610337902,38.90875487911333,41.06819124901614,38.90875487911333,41.06819124901614,110.24098758745517,86.45964450875002,239.9306230718634,0.9581464122045452,519.9998262569229,519.9998262569229,0.0065223578729602,0.0065223578729602,0.035443666764569205,0.035443666764569205,0.028845119077270876,512.0,512.0,125.10777215731038,248.0
215,10.75,380.25726110190715,276.99615456939154,892.1171965277593,265.02090902525117,1.0,512.0,512.0,126.03569843806602,0.546875,40.0,32.0,40.0,32.0,108.0,88.0,244.0,0.9453125,516.0,516.0,0.007751937984496138,0.007751937984496138,10.75,40.19832985386221,516.4503425696184,516.4503425696184,123.22656463568056,0.5606777825084768,38.89686827201626,41.05563934877938,38.89686827201626,41.05563934877938,110.20730776281516,86.43322012693005,239.8573070590776,0.9581463796662923,519.9998262569229,519.9998262569229,0.0068259324485826,0.0068259324485826,0.035443666764569205,0.035443666764569205,0.038119865027658476,512.0,512.0,126.03569843806602,248.0
216,10.8,380.2555427528199,276.95079826086885,892.1161955612424,265.0062553003534,1.0,512.0,512.0,126.10568263989127,0.5546875,40.0,32.0,40.0,32.0,108.0,84.0,248.0,0.9375,516.0,516.0,0.007751937984496138,0.007751937984496138,10.8,40.292275574112736,516.2853928359942,516.2853928359942,123.37651834911746,0.5606778049851351,38.884447721923806,41.0425236147089,38.884447721923806,41.0425236147089,110.17211504871342,86.40560875749372,239.78069769315437,0.9581463456098614,519.9998262569229,519.9998262569229,0.00714314358077,0.00714314358077,0.035443666764569205,0.035443666764569205,0.03881852817996853,512.0,512.0,126.10513650924588,248.0
217,10.85,380.2527460555428,276.9141948917122,892.1155155393145,265.0607052619364,1.0,512.0,512.0,126.10513650924588,0.546875,40.0,32.0,40.0,32.0,108.0,84.0,248.0,0.9375,516.0,516.0,0.007751937984496138,0.007751937984496138,10.85,40.38622129436325,516.1130578542733,516.1130578542733,123.53318589733868,0.5606778285089364,38.87147107316673,41.02882065025344,38.87147107316673,41.02882065025344,110.13534666851,86.37676114590784,239.70065831643527,0.9581463099668084,519.9998262569229,519.9998262569229,0.0074745571178888,0.0074745571178888,0.035443666764569205,0.035443666764569205,0.03881307607294538,512.0,512.0,126.10522609446913,248.0
218,10.9,380.2528953663573,276.90693364972094,892.11531980428,265.03855345139885,1.0,512.0,512.0,126.10522609446913,0.5390625,40.0,32.0,40.0,32.0,108.0,84.0,248.0,0.9375,516.0,516.0,0.007751937984496138,0.007751937984496138,10.9,40.48016701461378,515.9330334730321,515.9330334730321,123.69684378045028,0.560677853126931,38.857915423875056,41.01450627081093,38.857915423875056,41.01450627081093,110.09693773123954,86.34662637863914,239.61704766846748,0.9581462726658436,519.9998262569229,519.9998262569229,0.0078207579667181,0.0078207579667181,0.035443666764569205,0.035443666764569205,0.03881397041613776,512.0,512.0,126.1052416939492,244.0
219,10.95,381.251507288724,276.84469611286534,893.1138715574223,264.97372120519884,1.0,512.0,512.0,126.1052416939492,0.5859375,36.0,32.0,36.0,32.0,112.0,88.0,244.0,0.9453125,516.0,516.0,0.007751937984496138,0.007751937984496138,10.95,40.5741127348643,515.7450055195184,515.7450055195184,123.86777760881118,0.5606778788881097,38.843757117626126,40.999555494902694,38.843757117626126,40.999555494902694,110.0568212079471,86.31515186457344,239.52971983446895,0.9581462336327362,519.9998262569229,519.9998262569229,0.0081823503058293,0.0081823503058293,0.035443666764569205,0.035443666764569205,0.03881412614816917,512.0,512.0,126.10568263989127,244.0
220,11.0,381.2491322413975,276.78921116861153,893.1126906358332,264.9698377594141,1.0,512.0,512.0,127.05849494087919,0.5703125,36.0,32.0,36.0,32.0,116.0,88.0,240.0,0.9375,516.0,516.0,0.007751937984496138,0.007751937984496138,11.0,40.66805845511482,515.5486497122108,515.5486497122108,124.04628218252144,0.5606779058434669,38.82897173686408,40.98394253721594,38.82897173686408,40.98394253721594,110.0149279130414,86.28228332037258,239.43852420471688,0.9581461927902206,519.9998262569229,519.9998262569229,0.0085599577537412,0.0085599577537412,0.035443666764569205,0.035443666764569205,0.04833060131084818,512.0,512.0,127.05849494087919,244.0
221,11.05,381.24586922954757,276.7360256007394,893.1116575043051,265.0136199661806,1.0,512.0,512.0,127.10408114199522,0.5703125,36.0,32.0,36.0,32.0,116.0,88.0,240.0,0.9375,516.0,516.0,0.007751937984496138,0.007751937984496138,11.05,40.76200417536535,515.3436315999263,515.3436315999263,124.23266154677964,0.5606779340460631,38.81353409831928,40.96764080375877,38.81353409831928,40.96764080375877,109.97118649131188,86.24796476027186,239.34330544626457,0.9581461500578994,519.9998262569229,519.9998262569229,0.008954223486021,0.008954223486021,0.035443666764569205,0.035443666764569205,0.04878569543413473,512.0,512.0,127.10174945820728,244.0
222,11.1,381.2428492557797,276.6772060853231,889.1115012273768,265.12591418559333,1.0,508.0,508.0,127.10359557439216,0.5669291338582677,40.0,28.0,40.0,28.0,112.0,88.0,240.0,0.9291338582677166,516.0,516.0,0.015503875968992276,0.015503875968992276,11.1,40.855949895615865,515.1296065307076,515.1296065307076,124.42722902016472,0.5606779635510869,38.79741825066933,40.95062288938081,38.79741825066933,40.95062288938081,109.92552341130144,86.21213849086618,239.24390348848985,0.9581461053521516,519.9998262569229,519.9998262569229,0.0093658102951152,0.0093658102951152,0.0726255452456022,0.0726255452456022,0.04878084793736591,508.0,508.0,127.1022630896233,244.0
223,11.15,381.238167962909,276.57665994981033,889.1094206445257,265.14028379276283,1.0,508.0,508.0,127.10288847934567,0.5590551181102362,40.0,28.0,40.0,28.0,112.0,88.0,240.0,0.9291338582677166,516.0,516.0,0.015503875968992276,0.015503875968992276,11.15,40.94989561586639,514.906219653951,514.906219653951,124.63030719270031,0.5606779944159168,38.78059747470385,40.93286057793833,38.78059747470385,40.93286057793833,109.87786296577102,86.17474511145542,239.1401535240823,0.958146058586038,519.9998262569229,519.9998262569229,0.0097954005862596,0.0097954005862596,0.0726255452456022,0.0726255452456022,0.0487737888977358,508.0,508.0,127.10288847934567,244.0
224,11.2,381.2384879465172,276.5823968056236,889.1095344534838,265.1368684246985,1.0,508.0,508.0,127.10294503281558,0.5669291338582677,40.0,28.0,40.0,28.0,108.0,88.0,244.0,0.937007874015748,516.0,516.0,0.015503875968992276,0.015503875968992276,11.2,41.04384133611691,514.6731059594506,514.6731059594506,124.8422278903592,0.5606780267001836,38.76304428626983,40.914324845393395,38.76304428626983,40.914324845393395,109.82812728004134,86.13572352057145,239.03188602717452,0.9581460096692064,519.9998262569229,519.9998262569229,0.0102436963023916,0.0102436963023916,0.0726255452456022,0.0726255452456022,0.04877435347980627,508.0,508.0,127.10294503281558,244.0
225,11.25,381.23417718911526,276.491928005743,889.107688974447,265.1563192071588,1.0,508.0,508.0,127.1022630896233,0.5511811023622047,36.0,28.0,36.0,28.0,112.0,88.0,244.0,0.937007874015748,516.0,516.0,0.015503875968992276,0.015503875968992276,11.25,41.13778705636743,514.429890357253,514.429890357253,125.0633321024666,0.5606780604658288,38.74473044228941,40.89498586615798,38.74473044228941,40.89498586615798,109.77623632904243,86.09501092933519,238.91892679042803,0.9581459585078032,519.9998262569229,519.9998262569229,0.010711418770586,0.010711418770586,0.0726255452456022,0.0726255452456022,0.04876754553504179,508.0,508.0,127.10359557439216,244.0
226,11.3,382.20882632739483,276.42446875182975,890.0841653359794,265.17102363865285,1.0,508.0,508.0,127.10174945820728,0.5433070866141733,36.0,28.0,36.0,28.0,112.0,88.0,244.0,0.937007874015748,516.0,516.0,0.015503875968992276,0.015503875968992276,11.3,41.23173277661795,514.1761878024353,514.1761878024353,125.29396986826448,0.5606780957771647,38.72562695016077,40.874813023009125,38.72562695016077,40.874813023009125,109.72210796394856,86.05254288233309,238.80109698298372,0.9581459050043836,519.9998262569229,519.9998262569229,0.011199308462096,0.011199308462096,0.0726255452456022,0.0726255452456022,0.04876241787287108,508.0,508.0,127.10408114199522,244.0
227,11.35,382.20454673612824,276.3172292676216,890.0821729744207,265.16748637564297,1.0,508.0,508.0,128.10085554301833,0.5826771653543307,36.0,28.0,36.0,28.0,112.0,88.0,244.0,0.937007874015748,516.0,516.0,0.015503875968992276,0.015503875968992276,11.35,41.32567849686848,513.9116034691311,513.9116034691311,125.53450011870495,0.5606781327009299,38.70570408086894,40.853774920921154,38.70570408086894,40.853774920921154,109.66565794932094,86.00825328673673,238.67821323128337,0.9581458490578254,519.9998262569229,519.9998262569229,0.0117081246576872,0.0117081246576872,0.0726255452456022,0.0726255452456022,0.05873664903505887,508.0,508.0,128.10060489905445,244.0
228,11.4,382.2252938230975,276.2991014608102,890.10379340194,265.1892110228414,1.0,508.0,508.0,128.10060489905445,0.5433070866141733,36.0,32.0,36.0,32.0,112.0,84.0,244.0,0.937007874015748,516.0,516.0,0.015503875968992276,0.015503875968992276,11.4,41.419624217118994,513.6357329783311,513.6357329783311,125.78529046935807,0.5606781713063439,38.684931386143745,40.83183940517233,38.684931386143745,40.83183940517233,109.6068000117249,85.96207445042151,238.55008772486863,0.9581457905632478,519.9998262569229,519.9998262569229,0.0122386450095608,0.0122386450095608,0.0726255452456022,0.0726255452456022,0.05873414681745339,508.0,508.0,128.10085554301833,244.0
229,11.45,382.21832007954714,276.17129471108416,890.1013382070892,265.2699233451145,1.0,508.0,508.0,129.03467215069062,0.5590551181102362,40.0,32.0,40.0,32.0,108.0,84.0,244.0,0.937007874015748,516.0,516.0,0.015503875968992276,0.015503875968992276,11.45,41.513569937369525,513.3481626841748,513.3481626841748,126.04671696014483,0.5606782116651583,38.66327772002481,40.80897358410107,38.66327772002481,40.80897358410107,109.54544590082622,85.91393712987988,238.4165283493428,0.9581457294119338,519.9998262569229,519.9998262569229,0.012791664990791,0.012791664990791,0.0726255452456022,0.0726255452456022,0.06805908521036756,508.0,508.0,129.03467215069062,244.0
230,11.5,382.2163868560872,276.1142505576765,890.100167357147,265.2484554210434,1.0,508.0,508.0,129.0988237312136,0.5590551181102362,40.0,32.0,40.0,32.0,108.0,84.0,244.0,0.937007874015748,516.0,516.0,0.015503875968992276,0.015503875968992276,11.5,41.60751565762004,513.0484700236291,513.0484700236291,126.31916373744735,0.5606782538517047,38.64071126519829,40.78514385690397,38.64071126519829,40.78514385690397,109.48150546401308,85.86377058873947,238.27733884877424,0.9581456654912568,519.9998262569229,519.9998262569229,0.0133679972228669,0.0133679972228669,0.0726255452456022,0.0726255452456022,0.06869952039866577,508.0,508.0,129.0977165947479,244.0
231,11.55,382.2139137076953,276.07178217187874,890.0993752321137,265.2848469199861,1.0,508.0,508.0,129.09831918929396,0.5511811023622047,40.0,32.0,40.0,32.0,108.0,84.0,244.0,0.937007874015748,516.0,516.0,0.015503875968992276,0.015503875968992276,11.55,41.70146137787056,512.7362239345955,512.7362239345955,126.6030226740102,0.5606782979429369,38.617199564487635,40.76031594687296,38.617199564487635,40.76031594687296,109.41488673561696,85.81150266773889,238.13231901987905,0.9581455986846168,519.9998262569229,519.9998262569229,0.0139684706716394,0.0139684706716394,0.0726255452456022,0.0726255452456022,0.0686944834783487,508.0,508.0,129.09831918929396,244.0
232,11.6,383.20980155298577,275.9646295746023,891.0972414623251,265.27124927007276,1.0,508.0,508.0,129.0977165947479,0.5433070866141733,36.0,32.0,36.0,32.0,112.0,84.0,244.0,0.937007874015748,516.0,516.0,0.015503875968992276,0.015503875968992276,11.6,41.79540709812109,512.4109853476216,512.4109853476216,126.8986929219294,0.5606783440184702,38.5927095578854,40.734454940485705,38.5927095578854,40.734454940485705,109.34549604184026,85.75705986702098,237.98126494038917,0.9581455288713816,519.9998262569229,519.9998262569229,0.0145939297017222,0.0145939297017222,0.0726255452456022,0.0726255452456022,0.06868846768343885,508.0,508.0,129.0988237312136,244.0
233,11.65,383.2091708697428,275.9235139601335,891.0963575279003,265.21811212452394,1.0,508.0,508.0,130.07649857231993,0.5826771653543307,36.0,32.0,36.0,32.0,112.0,88.0,240.0,0.9448818897637795,516.0,516.0,0.015503875968992276,0.015503875968992276,11.65,41.889352818371606,512.0723077564828,512.0723077564828,127.20658039394056,0.5606783921606137,38.56720762552641,40.70752533276553,38.56720762552641,40.70752533276553,109.27323812250914,85.7003674416301,237.82396923405167,0.9581454559268372,519.9998262569229,519.9998262569229,0.0152452329792188,0.0152452329792188,0.0726255452456022,0.0726255452456022,0.07845980012761371,508.0,508.0,130.07649857231993,244.0
234,11.7,383.2044802609657,275.8238862614155,887.0953373378261,265.33559973085926,1.0,504.0,504.0,130.0967086094746,0.5793650793650794,36.0,28.0,36.0,28.0,112.0,84.0,244.0,0.9285714285714286,516.0,516.0,0.023255813953488413,0.023255813953488413,11.7,41.98329853862213,511.7197378729607,511.7197378729607,127.52709716816636,0.560678442454396,38.540659636998896,40.67949107933717,38.540659636998896,40.67949107933717,109.1980162707937,85.641349511101,237.66022137472993,0.9581453797221486,519.9998262569229,519.9998262569229,0.0159232522125327,0.0159232522125327,0.1098074237266352,0.1098074237266352,0.07866156006626447,504.0,504.0,130.09656764905387,244.0
235,11.75,383.2238394395169,275.77611294138586,887.1151445861999,265.30937526566004,1.0,504.0,504.0,130.09656764905387,0.5634920634920635,40.0,28.0,40.0,28.0,104.0,84.0,248.0,0.9365079365079365,516.0,516.0,0.023255813953488413,0.023255813953488413,11.75,42.07724425887265,511.3528163711512,511.3528163711512,127.86066081147096,0.5606784949875843,38.5130310073996,40.65031565560082,38.5130310073996,40.65031565560082,109.11973249202744,85.57992918403431,237.48980803208897,0.9581453001243324,519.9998262569229,519.9998262569229,0.0166288707210056,0.0166288707210056,0.1098074237266352,0.1098074237266352,0.07866015283649926,504.0,504.0,130.0967086094746,240.0
236,11.8,383.2163413024515,275.635791983823,887.1121083572336,265.3861117803866,1.0,504.0,504.0,131.0542543749806,0.5476190476190477,36.0,28.0,36.0,28.0,112.0,88.0,240.0,0.9365079365079365,516.0,516.0,0.023255813953488413,0.023255813953488413,11.8,42.17118997912317,510.97107872660195,510.97107872660195,128.20769361660885,0.5606785498506932,38.48428676052757,40.619962123445106,38.48428676052757,40.619962123445106,109.03828768276212,85.51602869854622,237.3125134613209,0.9581452169962414,519.9998262569229,519.9998262569229,0.0173629818211901,0.0173629818211901,0.1098074237266352,0.1098074237266352,0.0882208881083282,504.0,504.0,131.0542543749806,240.0
237,11.85,384.193111445733,275.56711342325536,888.0904701699202,265.39598414535124,1.0,504.0,504.0,131.09440628677768,0.5396825396825397,36.0,28.0,36.0,28.0,112.0,88.0,240.0,0.9365079365079365,516.0,516.0,0.023255813953488413,0.023255813953488413,11.85,42.265135699373694,510.5740561554688,510.5740561554688,128.56862174844522,0.560678607136986,38.45439159961114,40.588393205914315,38.45439159961114,40.588393205914315,108.95358183116085,85.44956957945809,237.12811993932445,0.9581451301965636,519.9998262569229,519.9998262569229,0.0181264870207802,0.0181264870207802,0.1098074237266352,0.1098074237266352,0.08862173087763608,504.0,504.0,131.09440628677768,240.0
238,11.9,384.1873040442132,275.4272444930294,888.0878558839911,265.4155585427322,1.0,504.0,504.0,132.01368296577635,0.5714285714285714,36.0,28.0,36.0,28.0,112.0,88.0,240.0,0.9365079365079365,516.0,516.0,0.023255813953488413,0.023255813953488413,11.9,42.35908141962422,510.16127665872057,510.16127665872057,128.94387429467957,0.5606786669424644,38.42330998594397,40.55557137022666,38.42330998594397,40.55557137022666,108.8655142398049,85.38047281307254,236.9364082496725,0.9581450395798388,519.9998262569229,519.9998262569229,0.0189202940105239,0.0189202940105239,0.1098074237266352,0.1098074237266352,0.09779901268758034,504.0,504.0,132.01368296577635,240.0
239,11.95,384.1797525981468,275.26768339845603,888.0849792980448,265.4941218917935,1.0,504.0,504.0,132.0915303441002,0.5714285714285714,36.0,28.0,36.0,28.0,112.0,88.0,240.0,0.9365079365079365,516.0,516.0,0.023255813953488413,0.023255813953488413,11.95,42.453027139874735,509.7322661761672,509.7322661761672,129.33388221672848,0.5606787293658457,38.39100622579164,40.5214589195256,38.39100622579164,40.5214589195256,108.77398377193184,85.3086590403309,236.7371582185872,0.9581449449964904,519.9998262569229,519.9998262569229,0.0197453144449373,0.0197453144449373,0.1098074237266352,0.1098074237266352,0.09857617515168354,504.0,504.0,132.09041485563645,240.0
240,12.0,384.1787648614678,275.22577214679205,888.084176624106,265.4617567675511,1.0,504.0,504.0,132.09146516853906,0.5555555555555556,40.0,28.0,40.0,28.0,108.0,88.0,240.0,0.9365079365079365,516.0,516.0,0.023255813953488413,0.023255813953488413,12.0,42.546972860125265,509.2865498547637,509.2865498547637,129.739077196724,0.5606787945085276,38.35744456590291,40.48601809371826,38.35744456590291,40.48601809371826,108.67888912205478,85.2340487691007,236.53014930398703,0.9581448462928824,519.9998262569229,519.9998262569229,0.0206024615032582,0.0206024615032582,0.1098074237266352,0.1098074237266352,0.09857552449393783,504.0,504.0,132.09146516853906,240.0
241,12.05,385.19245689112023,275.09045720926684,889.1008079798582,265.4793332880429,1.0,504.0,504.0,132.09041485563645,0.5793650793650794,36.0,32.0,36.0,32.0,112.0,84.0,240.0,0.9365079365079365,516.0,516.0,0.023255813953488413,0.023255813953488413,12.05,42.64091858037578,508.8236534352049,508.8236534352049,130.15989037697142,0.5606788624745394,38.32258929792752,40.449211179717736,38.32258929792752,40.449211179717736,108.58012911182024,85.15656260626344,236.3151612394759,0.9581447433113904,519.9998262569229,519.9998262569229,0.0214926472229167,0.0214926472229167,0.1098074237266352,0.1098074237266352,0.0985650390571634,504.0,504.0,132.0915303441002,240.0
242,12.1,385.1891865220778,274.9904898333349,889.09884433922,265.4481233233592,1.0,504.0,504.0,133.08975930305513,0.5793650793650794,36.0,32.0,36.0,32.0,112.0,84.0,240.0,0.9365079365079365,516.0,516.0,0.023255813953488413,0.023255813953488413,12.1,42.734864300626306,508.34310476031254,508.34310476031254,130.59675098869153,0.5606789333704748,38.2864048720061,40.41100063137148,38.2864048720061,40.41100063137148,108.47760301185004,85.07612151019026,236.09197473489465,0.9581446358905042,519.9998262569229,519.9998262569229,0.0224167795987897,0.0224167795987897,0.1098074237266352,0.1098074237266352,0.1085416498302705,504.0,504.0,133.08975930305513,240.0
243,12.15,385.1841906502451,274.8815266179538,889.0966571165931,265.488649539991,1.0,504.0,504.0,134.0512738388938,0.5555555555555556,36.0,32.0,36.0,32.0,112.0,84.0,240.0,0.9365079365079365,516.0,516.0,0.023255813953488413,0.023255813953488413,12.15,42.82881002087683,507.84443540805967,507.84443540805967,131.05008486745237,0.5606790073054095,38.248856019743414,40.37134919929923,38.248856019743414,40.37134919929923,108.37121089017448,84.99264706408044,235.86037223476205,0.9581445238649534,519.9998262569229,519.9998262569229,0.0233757594427684,0.0233757594427684,0.1098074237266352,0.1098074237266352,0.11814059872274195,504.0,504.0,134.0512738388938,240.0
244,12.2,386.17939237128707,274.7476068772441,890.0940622885167,265.4736949621202,1.0,504.0,504.0,134.08771674682447,0.5476190476190477,36.0,32.0,36.0,32.0,108.0,84.0,244.0,0.9444444444444444,516.0,516.0,0.023255813953488413,0.023255813953488413,12.2,42.92275574112735,507.3271824513319,507.3271824513319,131.52031285338802,0.5606790843908,38.20990788672569,40.33022007080845,38.20990788672569,40.33022007080845,108.26085398770611,84.90606177051646,235.6201387355752,0.9581444070658603,519.9998262569229,519.9998262569229,0.0243704769996012,0.0243704769996012,0.1098074237266352,0.1098074237266352,0.11850441393060514,504.0,504.0,134.08631845860538,240.0
245,12.25,386.17352042579836,274.6342501254532,890.0917944205546,265.55828548549215,1.0,504.0,504.0,134.08631845860538,0.5476190476190477,36.0,32.0,36.0,32.0,108.0,84.0,244.0,0.9444444444444444,516.0,516.0,0.023255813953488413,0.023255813953488413,12.25,43.01670146137787,506.79089034563265,506.79089034563265,132.00784907510456,0.5606791647403601,38.169526174671205,40.28757701998393,38.169526174671205,40.28757701998393,108.14643512100804,84.81628936743527,235.37106266253423,0.9581442853209272,519.9998262569229,519.9998262569229,0.0254018083166895,0.0254018083166895,0.1098074237266352,0.1098074237266352,0.11849045460222087,504.0,504.0,134.08771674682447,240.0
246,12.3,386.16926907479,274.4999179475848,890.0892833142733,265.52109570416104,1.0,504.0,504.0,135.08546598371186,0.5714285714285714,36.0,32.0,36.0,32.0,112.0,88.0,236.0,0.9444444444444444,516.0,516.0,0.023255813953488413,0.023255813953488413,12.3,43.110647181628394,506.2351129449236,506.2351129449236,132.5130991170996,0.5606792484699167,38.12767729322877,40.24338456796585,38.12767729322877,40.24338456796585,108.02785911240125,84.72325516555077,235.112936805777,0.9581441584546532,519.9998262569229,519.9998262569229,0.0264706113674706,0.0264706113674706,0.1098074237266352,0.1098074237266352,0.12846509946931184,504.0,504.0,135.08342768730432,240.0
247,12.35,387.1602240283627,274.28481849952794,887.0857934348661,265.65782287049234,1.0,500.0,500.0,135.08342768730432,0.552,36.0,28.0,36.0,28.0,108.0,84.0,244.0,0.9359999999999999,516.0,516.0,0.03100775193798455,0.03100775193798455,12.35,43.20459290187891,505.6594156446365,505.6594156446365,133.03645807157207,0.5606793356972434,38.08432852135178,40.197608153341235,38.08432852135178,40.197608153341235,107.90503324720142,84.62688640706278,234.84555931567928,0.9581440262885894,519.9998262569229,519.9998262569229,0.0275777219302397,0.0275777219302397,0.14698930220766818,0.14698930220766818,0.12844475083981705,500.0,500.0,135.08546598371186,240.0
248,12.4,387.1737164923676,274.20412419791467,887.1012768576436,265.69328480198357,1.0,500.0,500.0,136.0654048133144,0.544,36.0,32.0,36.0,32.0,108.0,84.0,240.0,0.944,516.0,516.0,0.03100775193798455,0.03100775193798455,12.4,43.298538622129435,505.06337764959824,505.06337764959824,133.5783084766742,0.560679426541866,38.03944817807687,40.15021431246694,38.03944817807687,40.15021431246694,107.77786775760596,84.52711264528055,234.5687347561679,0.9581438886416316,519.9998262569229,519.9998262569229,0.0287239492267538,0.0287239492267538,0.14698930220766818,0.14698930220766818,0.1382479809469158,500.0,500.0,136.0654048133144,240.0
249,12.45,387.15020286743345,274.0364470272633,887.0811453342764,265.72664773881814,1.0,500.0,500.0,137.0641762287994,0.568,36.0,32.0,36.0,32.0,112.0,84.0,236.0,0.9359999999999999,516.0,516.0,0.03100775193798455,0.03100775193798455,12.45,43.39248434237996,504.4465943631764,504.4465943631764,134.13901814456415,0.5606795211248423,37.993005802429906,40.10117086943407,37.993005802429906,40.10117086943407,107.64627633244116,84.42386614453551,234.28227521433575,0.9581437453303524,519.9998262569229,519.9998262569229,0.0299100713277198,0.0299100713277198,0.14698930220766818,0.14698930220766818,0.14821887105326223,500.0,500.0,137.0618750013793,240.0
250,12.5,388.1640631412312,273.93526516330417,888.0959055364112,265.6797845981922,1.0,500.0,500.0,137.06387962193045,0.568,36.0,32.0,36.0,32.0,108.0,84.0,240.0,0.944,516.0,516.0,0.03100775193798455,0.03100775193798455,12.5,43.486430062630475,503.8086798923748,503.8086798923748,134.71893788404856,0.560679619568517,37.94497234206182,40.05044713525132,37.94497234206182,40.05044713525132,107.51017665164524,84.31708229950833,233.98600146390805,0.9581435961693788,519.9998262569229,519.9998262569229,0.0311368303353015,0.0311368303353015,0.14698930220766818,0.14698930220766818,0.1482159099808395,500.0,500.0,137.06387962193045,240.0
251,12.55,388.15283619267825,273.67706593150024,888.0904880111555,265.781225619848,1.0,500.0,500.0,137.0618750013793,0.536,36.0,32.0,36.0,32.0,108.0,84.0,240.0,0.944,516.0,516.0,0.03100775193798455,0.03100775193798455,12.55,43.580375782881006,503.1492696619051,503.1492696619051,135.3183991241584,0.5606797219962403,37.89532035008875,39.998014115696066,37.89532035008875,39.998014115696066,107.36949094399957,84.20670007279821,233.67974417932257,0.9581434409718104,519.9998262569229,519.9998262569229,0.0324049273560569,0.0324049273560569,0.14698930220766818,0.14698930220766818,0.14819589754264725,500.0,500.0,137.0641762287994,240.0
252,12.6,388.1488609017418,273.54964037483984,888.0881246302577,265.75652914828015,1.0,500.0,500.0,138.06116790133598,0.544,36.0,32.0,36.0,32.0,108.0,84.0,240.0,0.944,516.0,516.0,0.03100775193798455,0.03100775193798455,12.6,43.67432150313152,502.468023128418,502.468023128418,135.93771144666871,0.5606798285320603,37.84402418947269,39.94384472713031,37.84402418947269,39.94384472713031,107.2241465662254,84.0926624492618,233.36334519632783,0.9581432795496904,519.9998262569229,519.9998262569229,0.0337150172812611,0.0337150172812611,0.14698930220766818,0.14698930220766818,0.15817199370943819,500.0,500.0,138.06116790133598,240.0
253,12.65,389.1432058834446,273.41158987410404,885.0857979371552,265.8653731367752,1.0,496.0,496.0,139.05998261925893,0.5483870967741935,36.0,28.0,36.0,28.0,108.0,84.0,240.0,0.935483870967742,516.0,516.0,0.03875968992248058,0.03875968992248058,12.65,43.76826722338205,501.7646265841316,501.7646265841316,136.57716003735013,0.5606799393003828,37.79106024413264,39.88791401942683,37.79106024413264,39.88791401942683,107.0740766011506,83.97491690531902,233.03665881410257,0.9581431117145204,519.9998262569229,519.9998262569229,0.0350677033953115,0.0350677033953115,0.1841711806887012,0.1841711806887012,0.16814331611074562,496.0,496.0,139.05836584191664,240.0
254,12.7,389.13506592517706,273.2115424041922,885.081755942203,265.9396333593837,1.0,496.0,496.0,139.05836584191664,0.532258064516129,36.0,28.0,36.0,28.0,108.0,84.0,240.0,0.935483870967742,516.0,516.0,0.03875968992248058,0.03875968992248058,12.7,43.86221294363257,501.0387960370431,501.0387960370431,137.23700306759878,0.560680054425595,37.73640713581972,39.83019940498639,37.73640713581972,39.83019940498639,106.91922047221152,83.853415891082,232.69955313294344,0.9581429372778304,519.9998262569229,519.9998262569229,0.0364635318368578,0.0364635318368578,0.1841711806887012,0.1841711806887012,0.16812717557152262,496.0,496.0,139.05998261925893,240.0
255,12.75,390.12954750247013,273.02090054566486,886.0784096115391,265.898669664845,1.0,496.0,496.0,140.0573626001487,0.5645161290322581,36.0,32.0,36.0,32.0,108.0,84.0,236.0,0.9435483870967742,516.0,516.0,0.03875968992248058,0.03875968992248058,12.75,43.95615866388309,500.29028015277754,500.29028015277754,137.91746902003257,0.5606801740316574,37.68004594563254,39.770680892657424,37.68004594563254,39.770680892657424,106.75952457110084,83.728117322806,232.35191142058073,0.9581427560517964,519.9998262569229,519.9998262569229,0.0379029859413976,0.0379029859413976,0.1841711806887012,0.1841711806887012,0.17810031530949882,496.0,496.0,140.0573626001487,240.0
256,12.8,390.1220078962964,272.8375000714776,886.0747464919928,265.9905241383421,1.0,496.0,496.0,141.05558673721544,0.532258064516129,36.0,32.0,36.0,32.0,108.0,80.0,240.0,0.935483870967742,516.0,516.0,0.03875968992248058,0.03875968992248058,12.8,44.05010438413361,499.5188632409479,499.5188632409479,138.61875397362448,0.5606802982416589,37.62196043888164,39.70934132519909,37.62196043888164,39.70934132519909,106.5949428949068,83.59898508279376,231.99363349916663,0.9581425678499148,519.9998262569229,519.9998262569229,0.0393864804982755,0.0393864804982755,0.1841711806887012,0.1841711806887012,0.18806574185042715,496.0,496.0,141.05558673721544,236.0
257,12.85,391.12743629820216,272.61524617000026,883.0842303663347,266.09506440834593,1.0,492.0,492.0,142.05379200504694,0.5691056910569106,36.0,28.0,36.0,28.0,108.0,84.0,236.0,0.9349593495934959,516.0,516.0,0.046511627906976716,0.046511627906976716,12.85,44.144050104384135,498.72436826668206,498.72436826668206,139.34101886595528,0.5606804271773379,37.56213729184611,39.6461666187453,37.56213729184611,39.6461666187453,106.42543768861682,83.46598952351825,231.62463714395557,0.9581423724877292,519.9998262569229,519.9998262569229,0.0409143559592826,0.0409143559592826,0.2213530591697342,0.2213530591697342,0.19803098001685068,496.0,496.0,142.05240060099214,236.0
258,12.9,391.1207359939022,272.4239227916228,883.0803629278515,266.12110857815605,1.0,492.0,492.0,142.05240060099214,0.5447154471544715,36.0,28.0,36.0,28.0,108.0,84.0,236.0,0.9349593495934959,516.0,516.0,0.046511627906976716,0.046511627906976716,12.9,44.23799582463465,497.9066598657787,497.9066598657787,140.08438675216928,0.5606805609585673,37.50056631880247,39.581146002561894,37.50056631880247,39.581146002561894,106.25098008838953,83.32910797235793,231.2448594836669,0.9581421697836088,519.9998262569229,519.9998262569229,0.0424868726402772,0.0424868726402772,0.2213530591697342,0.2213530591697342,0.19801708941414736,492.0,492.0,142.05379200504694,236.0
259,12.95,392.1157463620775,272.2385436364851,884.0771370863755,266.07493782376093,1.0,492.0,492.0,143.0514164687769,0.5691056910569106,36.0,28.0,36.0,28.0,108.0,84.0,236.0,0.9349593495934959,516.0,516.0,0.046511627906976716,0.046511627906976716,12.95,44.331941544885176,497.06564733978814,497.06564733978814,140.84894008217842,0.5606806997028042,37.437240697537504,39.514272257209626,37.437240697537504,39.514272257209626,106.0715507605372,83.1883252329749,230.8542583915289,0.9581419595595844,519.9998262569229,519.9998262569229,0.0441042049614135,0.0441042049614135,0.2213530591697342,0.2213530591697342,0.20799041992575487,492.0,492.0,143.0514164687769,236.0
260,13.0,392.1225102094486,272.0959331728518,888.0859965507045,266.077609799444,1.0,496.0,496.0,144.05006784275787,0.5564516129032258,36.0,32.0,36.0,32.0,108.0,88.0,232.0,0.9516129032258065,516.0,516.0,0.03875968992248058,0.03875968992248058,13.0,44.4258872651357,496.20128760526194,496.20128760526194,141.63471801953506,0.5606808435245053,37.37215719140889,39.4455419490655,37.37215719140889,39.4455419490655,105.8871405307239,83.04363407902883,230.45281385503483,0.9581417416422316,519.9998262569229,519.9998262569229,0.0457664357755045,0.0457664357755045,0.1841711806887012,0.1841711806887012,0.21796011163912934,492.0,492.0,144.05006784275787,236.0
261,13.05,393.10187543532646,271.8447576089789,885.0692422865524,266.1781930879227,1.0,492.0,492.0,145.0364521372195,0.5691056910569106,36.0,32.0,36.0,32.0,108.0,84.0,232.0,0.943089430894309,516.0,516.0,0.046511627906976716,0.046511627906976716,13.05,44.519832985386216,495.31358806946554,495.31358806946554,142.44171382715237,0.5606809925345099,37.3053163658646,39.374955659000506,37.3053163658646,39.374955659000506,105.6977509974664,82.89503573558521,230.0405293115488,0.9581415158636076,519.9998262569229,519.9998262569229,0.0474735508378042,0.0474735508378042,0.2213530591697342,0.2213530591697342,0.22780733919312074,492.0,492.0,145.03506017249137,236.0
262,13.1,393.0941446850528,271.6123718992165,885.0647517976573,266.2344785146941,1.0,492.0,492.0,145.03506017249137,0.5447154471544715,36.0,32.0,36.0,32.0,104.0,80.0,240.0,0.943089430894309,516.0,516.0,0.046511627906976716,0.046511627906976716,13.1,44.61377870563675,494.40260940312703,494.40260940312703,143.26987234663278,0.5606811468393892,37.23672279720637,39.302518202873244,37.23672279720637,39.302518202873244,105.5033951236618,82.7425403432954,229.6174329360902,0.958141282062237,519.9998262569229,519.9998262569229,0.0492254334737964,0.0492254334737964,0.2213530591697342,0.2213530591697342,0.22779344299312854,492.0,492.0,145.0364521372195,236.0
263,13.15,394.09744291446987,271.4023572205778,882.0712380523164,266.34515851310107,1.0,488.0,488.0,147.0335587706831,0.5737704918032787,36.0,28.0,36.0,28.0,108.0,84.0,232.0,0.9344262295081968,516.0,516.0,0.054263565891472854,0.054263565891472854,13.15,44.707724425887264,493.4684681792753,493.4684681792753,144.11908759933175,0.5606813065407693,37.16638527126776,39.22823884137998,37.16638527126776,39.22823884137998,105.30409779953574,82.58616740016473,229.18357886692704,0.9581410400841366,519.9998262569229,519.9998262569229,0.0510218595045047,0.0510218595045047,0.2585349376507672,0.2585349376507672,0.24774476477838464,488.0,488.0,147.0324464935963,232.0
264,13.2,394.0911234368348,271.1855452321563,882.0671125569452,266.3446731774643,1.0,488.0,488.0,147.0324464935963,0.5409836065573771,36.0,28.0,36.0,28.0,108.0,84.0,232.0,0.9344262295081968,516.0,516.0,0.054263565891472854,0.054263565891472854,13.2,44.80167014613779,492.511339346014,492.511339346014,144.98920053838833,0.5606814717346247,37.09431696958296,39.15213147670124,37.09431696958296,39.15213147670124,105.09989637015418,82.4259461755319,228.73904835404372,0.9581407897838874,519.9998262569229,519.9998262569229,0.0528624924911558,0.0528624924911558,0.2585349376507672,0.2585349376507672,0.24773366074353906,488.0,488.0,147.0335587706831,232.0
265,13.25,395.0832659229675,270.9015505028357,883.0619175585464,266.336953267338,1.0,488.0,488.0,148.03094022747476,0.5901639344262295,36.0,32.0,36.0,32.0,104.0,80.0,236.0,0.9426229508196722,516.0,516.0,0.054263565891472854,0.054263565891472854,13.25,44.89561586638831,491.53145850022554,491.53145850022554,145.8799969817325,0.5606816425105483,37.02053564056416,39.07421483332598,37.02053564056416,39.07421483332598,104.89084112045484,82.26191609072886,228.28395081515168,0.9581405310257376,519.9998262569229,519.9998262569229,0.0547468793626705,0.0547468793626705,0.2585349376507672,0.2585349376507672,0.2577017787112955,488.0,488.0,148.03094022747476,232.0
266,13.3,395.07808902144666,270.76574959891786,883.0587263258342,266.4186107693196,1.0,488.0,488.0,149.0297203149019,0.5327868852459017,36.0,32.0,36.0,32.0,104.0,80.0,236.0,0.9426229508196722,516.0,516.0,0.054263565891472854,0.054263565891472854,13.3,44.98956158663883,490.5291239287174,490.5291239287174,146.79120575650504,0.5606818189510054,36.94506375316362,38.994512620385535,36.94506375316362,38.994512620385535,104.67699571065384,82.09412706081922,227.8184247836952,0.9581402636847378,519.9998262569229,519.9998262569229,0.0566744464903812,0.0566744464903812,0.2585349376507672,0.2585349376507672,0.2676727553909867,488.0,488.0,149.0297203149019,232.0
267,13.35,396.07169927682355,270.505249975601,884.0543603559142,266.39155502222536,1.0,488.0,488.0,150.02838922474814,0.5573770491803278,36.0,32.0,36.0,32.0,104.0,84.0,232.0,0.9508196721311475,516.0,516.0,0.054263565891472854,0.054263565891472854,13.35,45.08350730688935,489.5046983833296,489.5046983833296,147.72249708533346,0.5606820011305687,36.86792863050076,38.91305367283721,36.86792863050076,38.91305367283721,104.45843755488556,81.92263979180997,227.34263873329613,0.958139987647896,519.9998262569229,519.9998262569229,0.0586444962743626,0.0586444962743626,0.2585349376507672,0.2585349376507672,0.2776426221676266,488.0,488.0,150.02838922474814,232.0
268,13.4,397.07042626679936,270.2437509415435,885.056263640881,266.5258856513008,1.0,488.0,488.0,151.02609201771986,0.5409836065573771,36.0,32.0,36.0,32.0,104.0,84.0,232.0,0.9508196721311475,516.0,516.0,0.054263565891472854,0.054263565891472854,13.4,45.17745302713987,488.4586105569989,488.4586105569989,148.6734812444669,0.5606821891151437,36.78916256096849,38.82987206887424,36.78916256096849,38.82987206887424,104.2352581360324,81.7475260278105,226.85679176331325,0.958139702815352,519.9998262569229,519.9998262569229,0.0606562043048454,0.0606562043048454,0.2585349376507672,0.2585349376507672,0.2876028440495125,488.0,488.0,151.02609201771986,232.0
269,13.45,397.0613636685008,269.9278946531222,885.0498371286734,266.57382697187484,1.0,488.0,488.0,152.0239021243263,0.5409836065573771,36.0,32.0,36.0,32.0,104.0,84.0,232.0,0.9508196721311475,516.0,516.0,0.054263565891472854,0.054263565891472854,13.45,45.27139874739039,487.3913562287899,487.3913562287899,149.64370752284756,0.5606823829611944,36.708802884409835,38.74500722101547,36.708802884409835,38.74500722101547,104.0075632499227,81.56886874278435,226.3611141306575,0.9581394091015528,519.9998262569229,519.9998262569229,0.0627086171602329,0.0627086171602329,0.2585349376507672,0.2585349376507672,0.29756413726007486,488.0,488.0,152.02289435824127,232.0
270,13.5,398.057488793412,269.79684357148716,882.0471537071919,266.6338929479309,1.0,484.0,484.0,152.02289435824127,0.5537190082644629,36.0,32.0,36.0,32.0,104.0,80.0,232.0,0.9421487603305785,516.0,516.0,0.06201550387596899,0.06201550387596899,13.5,45.36534446764092,486.30349904750256,486.30349904750256,150.63266350975255,0.5606825827149645,36.62689205107827,38.65850393846051,36.62689205107827,38.65850393846051,103.7754731724085,81.38676227180719,225.8558676137481,0.9581391064364302,519.9998262569229,519.9998262569229,0.0648006509001631,0.0648006509001631,0.2957168161318002,0.2957168161318002,0.297554076574786,484.0,484.0,152.0239021243263,232.0
271,13.55,399.04315248149476,269.33570526051153,879.036720728427,266.85086289576265,1.0,480.0,480.0,154.01864349893032,0.5416666666666666,36.0,28.0,36.0,28.0,104.0,84.0,228.0,0.9416666666666667,516.0,516.0,0.06976744186046513,0.06976744186046513,13.55,45.45929018789144,485.1956709256282,485.1956709256282,151.63977473666407,0.5606827884117118,36.54347765125456,38.57041245846463,36.54347765125456,38.57041245846463,103.53912274330696,81.2013123771034,225.3413456954986,0.9581387947665616,519.9998262569229,519.9998262569229,0.0669310903079005,0.0669310903079005,0.33289869461283317,0.33289869461283317,0.3174779500989222,480.0,480.0,154.01864349893032,228.0
272,13.6,399.04650127646755,269.20049880469986,879.0403705784591,266.77450776954527,1.0,480.0,480.0,155.0182368873944,0.5583333333333333,36.0,28.0,36.0,28.0,104.0,84.0,228.0,0.9416666666666667,516.0,516.0,0.06976744186046513,0.06976744186046513,13.6,45.55323590814196,484.0685720182002,484.0685720182002,152.66440469650777,0.5606830000749574,36.45861241360481,38.48078844470905,36.45861241360481,38.48078844470905,103.29866136177114,81.01263624460108,224.81787355351412,0.958138474056308,519.9998262569229,519.9998262569229,0.069098588931008,0.069098588931008,0.33289869461283317,0.33289869461283317,0.3274570460891353,480.0,480.0,155.01762431665836,228.0
273,13.65,400.04385284384216,269.01462929578616,880.0381734326315,266.67963411237065,1.0,480.0,480.0,155.01762431665836,0.525,36.0,32.0,36.0,32.0,104.0,80.0,228.0,0.9416666666666667,516.0,516.0,0.06976744186046513,0.06976744186046513,13.65,45.64718162839249,482.9229702644518,482.9229702644518,153.70585526034102,0.560683217715758,36.372354170616745,38.38969295091081,36.372354170616745,38.38969295091081,103.05425288838032,80.82086240730806,224.28580784723584,0.9581381442889167,519.9998262569229,519.9998262569229,0.0713016699627743,0.0713016699627743,0.33289869461283317,0.33289869461283317,0.3274509307003718,480.0,480.0,155.0182368873944,228.0
274,13.7,401.0316366700323,268.6609223184963,881.0284343838698,266.9075870791978,1.0,480.0,480.0,157.01356371256185,0.5416666666666666,36.0,32.0,36.0,32.0,104.0,80.0,228.0,0.9416666666666667,516.0,516.0,0.06976744186046513,0.06976744186046513,13.7,45.741127348643005,481.75970047412886,481.75970047412886,154.76336750799112,0.5606834413320096,36.28476578974772,38.297192348226645,36.28476578974772,38.297192348226645,102.80607545007732,80.62613059246817,223.74553629360904,0.9581378054675762,519.9998262569229,519.9998262569229,0.0735387279993056,0.0735387279993056,0.33289869461283317,0.33289869461283317,0.34737670357185213,480.0,480.0,157.01356371256185,228.0
275,13.75,401.02674296499293,268.42605148914015,881.0243253961218,266.9026144961186,1.0,480.0,480.0,158.01189952518843,0.5583333333333333,36.0,32.0,36.0,32.0,104.0,80.0,228.0,0.9416666666666667,516.0,516.0,0.06976744186046513,0.06976744186046513,13.75,45.83507306889353,480.57966294478433,480.57966294478433,155.83612298507424,0.5606836709077919,36.19591506925522,38.20335821536568,36.19591506925522,38.20335821536568,102.55432114503785,80.42859149020887,223.1974770249167,0.9581374576164078,519.9998262569229,519.9998262569229,0.0758080316985755,0.0758080316985755,0.33289869461283317,0.33289869461283317,0.3573432449872328,480.0,480.0,158.01189952518843,228.0
276,13.8,402.01984827220434,268.1173170966324,878.0184253033287,266.9534166091489,1.0,476.0,476.0,159.0093053569301,0.5294117647058824,36.0,28.0,36.0,28.0,100.0,84.0,228.0,0.9495798319327731,516.0,516.0,0.07751937984496127,0.07751937984496127,13.8,45.92901878914405,479.3838216013594,479.3838216013594,156.92324539430038,0.5606839064127578,36.105874598055664,38.10826719071761,36.105874598055664,38.10826719071761,102.299195645615,80.22840644222492,222.64207772474623,0.9581371007813936,519.9998262569229,519.9998262569229,0.0781077273581546,0.0781077273581546,0.37008057309386616,0.37008057309386616,0.36730050225905403,476.0,476.0,159.0093053569301,228.0
277,13.85,403.0157413862597,267.8592124656214,875.014996299765,267.02054620552906,1.0,472.0,472.0,160.0068547694941,0.5508474576271186,36.0,28.0,36.0,28.0,100.0,80.0,228.0,0.940677966101695,516.0,516.0,0.0852713178294574,0.0852713178294574,13.85,46.02296450939457,478.17320165474973,478.17320165474973,158.02380272406538,0.5606841478015835,36.01472157936328,38.012000786232846,36.01472157936328,38.012000786232846,102.0409176986601,80.02574704994188,222.07981454055164,0.9581367350312076,519.9998262569229,519.9998262569229,0.0804358434179695,0.0804358434179695,0.40726245157489915,0.40726245157489915,0.37725919292051646,472.0,472.0,160.0068547694941,228.0
278,13.9,403.00674479871566,267.5408577027218,875.006597619388,267.16811481062524,1.0,472.0,472.0,162.00310832312988,0.576271186440678,36.0,28.0,36.0,28.0,100.0,80.0,228.0,0.940677966101695,516.0,516.0,0.0852713178294574,0.0852713178294574,13.9,46.11691022964509,476.9488867818066,476.9488867818066,159.13680981210177,0.5606843950134759,35.922537618294626,37.914645163250526,35.922537618294626,37.914645163250526,101.77971852373764,79.82079470257236,221.51119077395143,0.958136360457963,519.9998262569229,519.9998262569229,0.0827902958833789,0.0827902958833789,0.40726245157489915,0.40726245157489915,0.39718810207741306,472.0,472.0,162.00053005109578,228.0
279,13.95,404.001095979809,267.24849483039145,876.0010918133446,267.1857800592781,1.0,472.0,472.0,162.00053005109578,0.5338983050847458,36.0,28.0,36.0,28.0,100.0,80.0,228.0,0.940677966101695,516.0,516.0,0.0852713178294574,0.0852713178294574,13.95,46.21085594989562,475.7120158352304,475.7120158352304,160.26123133650202,0.560684647971758,35.82940847407468,37.816290870945096,35.82940847407468,37.816290870945096,101.51584111104694,79.61374002647499,220.9367353526887,0.9581359771778406,519.9998262569229,519.9998262569229,0.0851688946523046,0.0851688946523046,0.40726245157489915,0.40726245157489915,0.3971623627874037,472.0,472.0,162.00310832312988,228.0
280,14.0,404.99656248257264,267.0390278904466,876.99653481198,267.2006479345685,1.0,472.0,472.0,164.0013600470324,0.5508474576271186,36.0,32.0,36.0,32.0,104.0,76.0,224.0,0.9322033898305084,516.0,516.0,0.0852713178294574,0.0852713178294574,14.0,46.304801670146134,474.463779097958,474.463779097958,161.39598522083716,0.5606849065835287,35.73542377794598,37.71703254855126,35.73542377794598,37.71703254855126,101.24953942216156,79.40478225826439,220.35700109103476,0.9581355853316024,519.9998262569229,519.9998262569229,0.0875693507183335,0.0875693507183335,0.40726245157489915,0.40726245157489915,0.4171369592783111,472.0,472.0,164.0013600470324,224.0
281,14.05,405.9932030830947,266.8095588710949,877.9931097748859,267.1063465738458,1.0,472.0,472.0,165.00248253168758,0.5508474576271186,36.0,32.0,36.0,32.0,100.0,80.0,224.0,0.9491525423728814,516.0,516.0,0.0852713178294574,0.0852713178294574,14.05,46.398747390396665,473.2054141028463,473.2054141028463,162.53994643446376,0.5606851707394107,35.64067671834769,37.61696859302453,35.64067671834769,37.61696859302453,100.98107749802772,79.1941285451483,219.77256274829807,0.9581351850849767,519.9998262569229,519.9998262569229,0.0899892842097918,0.0899892842097918,0.40726245157489915,0.40726245157489915,0.42713132047320174,472.0,472.0,165.00248253168758,224.0
282,14.1,405.982525393109,266.42096681771454,873.981720313888,267.2890414128983,1.0,468.0,468.0,165.0071355989514,0.5213675213675214,36.0,28.0,36.0,28.0,100.0,80.0,224.0,0.9401709401709402,516.0,516.0,0.09302325581395354,0.09302325581395354,14.1,46.49269311064718,471.9382010445421,471.9382010445421,163.6919511635682,0.5606854403133873,35.545263695387774,37.51620079426914,35.545263695387774,37.51620079426914,100.71072847996167,78.98199317699664,219.1840148979269,0.9581347766289026,519.9998262569229,519.9998262569229,0.0924262332130749,0.0924262332130749,0.44444433005593215,0.44444433005593215,0.4271777727661146,468.0,468.0,165.0071355989514,224.0
283,14.15,406.97506907748846,266.19904395971037,874.9736708698141,267.34303715386477,1.0,468.0,468.0,167.00927878652777,0.5299145299145299,36.0,28.0,36.0,28.0,100.0,80.0,224.0,0.9401709401709402,516.0,516.0,0.09302325581395354,0.09302325581395354,14.15,46.5866388308977,470.6634578163235,470.6634578163235,164.85080132314852,0.5606857151627392,35.44928394708123,37.414833940544554,35.44928394708123,37.414833940544554,100.43877355063914,78.76859675562632,218.59196962243232,0.958134360179627,519.9998262569229,519.9998262569229,0.0948776633171856,0.0948776633171856,0.44444433005593215,0.44444433005593215,0.447165479053043,468.0,468.0,167.00927878652777,224.0
284,14.2,407.9672965667652,265.85657195533906,871.9647425761266,267.39608382269506,1.0,464.0,464.0,168.0123469332805,0.5603448275862069,36.0,28.0,36.0,28.0,100.0,80.0,220.0,0.9396551724137931,516.0,516.0,0.10077519379844957,0.10077519379844957,14.2,46.68058455114823,469.382534710244,469.382534710244,166.0152693750834,0.5606859951280786,35.35283915023652,37.31297539709587,35.35283915023652,37.31297539709587,100.16550080325928,78.55416530771876,217.9970540519336,0.958133935978653,519.9998262569229,519.9998262569229,0.097340977805769,0.097340977805769,0.48162620853696514,0.48162620853696514,0.45717926409472964,464.0,464.0,168.0123469332805,224.0
285,14.25,408.95916793050003,265.55266570271533,872.9549292014328,267.5359767241108,1.0,464.0,464.0,169.01555366136472,0.5344827586206896,36.0,28.0,36.0,28.0,96.0,80.0,224.0,0.9482758620689655,516.0,516.0,0.10077519379844957,0.10077519379844957,14.25,46.774530271398746,468.0968088239955,468.0968088239955,167.18410341282183,0.5606862800334906,35.25603299926496,37.210734661459725,35.25603299926496,37.210734661459725,99.8912040481432,78.33892934863623,217.39990776649137,0.9581335042925258,519.9998262569229,519.9998262569229,0.099813528413148,0.099813528413148,0.48162620853696514,0.48162620853696514,0.4671944326153643,464.0,464.0,169.01555366136472,224.0
286,14.3,408.9558118909995,265.2914378560854,872.9505647154025,267.49809855070066,1.0,464.0,464.0,170.01710048044606,0.5258620689655172,36.0,28.0,36.0,28.0,100.0,80.0,220.0,0.9396551724137931,516.0,516.0,0.10077519379844957,0.10077519379844957,14.3,46.86847599164927,466.80767822240944,466.80767822240944,168.35603246912726,0.5606865696867781,35.158970766516745,37.10822289925673,35.158970766516745,37.10822289925673,99.6161815669967,78.12312290515759,216.80118008448167,0.9581330654124598,519.9998262569229,519.9998262569229,0.1022926265522099,0.1022926265522099,0.48162620853696514,0.48162620853696514,0.4771930300067118,464.0,464.0,170.01710048044606,220.0
287,14.35,409.9474786948725,265.0764293333432,873.9411758469577,267.4949005734202,1.0,464.0,464.0,172.0185124894805,0.5344827586206896,36.0,32.0,36.0,32.0,100.0,76.0,220.0,0.9396551724137931,516.0,516.0,0.10077519379844957,0.10077519379844957,14.35,46.96242171189979,465.51655590535256,465.51655590535256,169.52977199982848,0.560686863879816,35.06175884804489,37.00555246458336,35.06175884804489,37.00555246458336,99.3407348258762,77.9069825057972,216.20152726105087,0.958132619653804,519.9998262569229,519.9998262569229,0.1047755549146108,0.1047755549146108,0.48162620853696514,0.48162620853696514,0.49717343682473625,464.0,464.0,172.0185124894805,220.0
288,14.4,410.93994473555654,264.7595289420185,870.9312359026633,267.5900854982647,1.0,460.0,460.0,173.021338256814,0.5652173913043478,36.0,28.0,36.0,28.0,96.0,76.0,224.0,0.9391304347826087,516.0,516.0,0.10852713178294571,0.10852713178294571,14.4,47.05636743215031,464.2248636368113,464.2248636368113,170.70402949376083,0.5606871623890112,34.96450429892178,36.902836409361925,34.96450429892178,36.902836409361925,99.06516715855057,77.69074614787735,215.6016096220997,0.9581321673553466,519.9998262569229,519.9998262569229,0.1072595793379249,0.1072595793379249,0.5188080870179982,0.5188080870179982,0.5071848021550498,460.0,460.0,173.021338256814,220.0
289,14.45,411.9315681963783,264.3915772496631,871.9193572465765,267.7432819965699,1.0,460.0,460.0,174.0245263341785,0.5565217391304348,36.0,28.0,36.0,28.0,96.0,80.0,220.0,0.9478260869565217,516.0,516.0,0.10852713178294571,0.10852713178294571,14.45,47.150313152400834,462.9340256921756,462.9340256921756,171.8775101570708,0.5606874649758656,34.867314362401345,36.80018798618025,34.867314362401345,36.80018798618025,98.7897824324252,77.4746522508977,215.00208866027108,0.9581317088784554,519.9998262569229,519.9998262569229,0.1097419608301024,0.1097419608301024,0.5188080870179982,0.5188080870179982,0.5171997844826536,460.0,460.0,174.0245263341785,220.0
290,14.5,411.9314054076186,264.21467757540796,871.9186607181265,267.6388492862934,1.0,460.0,460.0,175.02492688300526,0.5304347826086957,36.0,28.0,36.0,28.0,96.0,80.0,220.0,0.9478260869565217,516.0,516.0,0.10852713178294571,0.10852713178294571,14.5,47.24425887265136,461.6454625820396,461.6454625820396,173.04892261886928,0.5606877713876469,34.77029599731836,36.69772014925837,34.77029599731836,36.69772014925837,98.5148837094674,77.25893860596227,214.40362412003316,0.95813124460607,519.9998262569229,519.9998262569229,0.112219967639088,0.112219967639088,0.5188080870179982,0.5188080870179982,0.5271869384800841,460.0,460.0,175.02492688300526,220.0
291,14.55,412.9170866676585,263.87133408091626,868.9010021179265,267.70132763742856,1.0,456.0,456.0,177.02735308974445,0.5526315789473685,36.0,28.0,36.0,28.0,96.0,76.0,220.0,0.9385964912280702,516.0,516.0,0.11627906976744184,0.11627906976744184,14.55,47.338204592901874,460.3605848112065,460.3605848112065,174.2169846048788,0.560688081358153,34.67355540814546,36.59554505820768,34.67355540814546,36.59554505820768,98.24077191465732,77.04384133108879,213.80687109910724,0.9581307749415364,519.9998262569229,519.9998262569229,0.1146908872547386,0.1146908872547386,0.5559899654990311,0.5559899654990311,0.5471774701912555,456.0,456.0,177.02735308974445,220.0
292,14.6,413.90753433439585,263.49723266457346,869.885923535679,267.93666747129026,1.0,456.0,456.0,177.03055400845176,0.5263157894736842,36.0,28.0,36.0,28.0,96.0,76.0,220.0,0.9385964912280702,516.0,516.0,0.11627906976744184,0.11627906976744184,14.6,47.432150313152405,459.08078673102824,459.08078673102824,175.38042852623022,0.560688394608572,34.57719758208327,36.49377358920634,34.57719758208327,36.49377358920634,97.9677445243656,76.8295938421297,213.21247719324333,0.9581303003073082,519.9998262569229,519.9998262569229,0.1171520382312505,0.1171520382312505,0.5559899654990311,0.5559899654990311,0.5472094254596733,456.0,456.0,177.03055400845176,220.0
293,14.65,414.90814724685623,263.3442461464933,866.8863112620552,267.78713410928947,1.0,452.0,452.0,179.04049955428005,0.5752212389380531,32.0,24.0,32.0,24.0,100.0,80.0,216.0,0.9380530973451328,516.0,516.0,0.12403100775193798,0.12403100775193798,14.65,47.52609603340292,457.8074405417171,457.8074405417171,176.5380069319191,0.5606887108484297,34.48132583744925,36.392514858091744,34.48132583744925,36.392514858091744,97.69609428674312,76.61642584878659,212.62107971064637,0.958129821143509,519.9998262569229,519.9998262569229,0.1196007817211801,0.1196007817211801,0.5931718439800642,0.5931718439800642,0.567275023900396,452.0,452.0,179.04049955428005,216.0
294,14.7,415.89410710748956,263.0838678367475,867.8691868884828,267.8301565937476,1.0,452.0,452.0,180.0425792131942,0.5398230088495575,36.0,28.0,36.0,28.0,96.0,76.0,216.0,0.9380530973451328,516.0,516.0,0.12403100775193798,0.12403100775193798,14.7,47.620041753653446,456.5418904988818,456.5418904988818,177.68849777560175,0.5606890297766185,34.386041387450604,36.29187575968652,34.386041387450604,36.29187575968652,97.42610798569676,76.40456238479734,212.03330298125053,0.9581293379063748,519.9998262569229,519.9998262569229,0.1220345326167237,0.1220345326167237,0.5931718439800642,0.5931718439800642,0.5772789407145211,452.0,452.0,180.0425792131942,216.0
295,14.75,415.8978563895007,262.7096991234929,867.8667764797979,268.01019649738527,1.0,452.0,452.0,180.04625686531625,0.5221238938053098,36.0,28.0,36.0,28.0,96.0,76.0,216.0,0.9380530973451328,516.0,516.0,0.12403100775193798,0.12403100775193798,14.75,47.71398747390397,455.2854473753374,455.2854473753374,178.83070945032247,0.5606893510824952,34.29144292318517,36.19196052741566,34.29144292318517,36.19196052741566,97.1580652593421,76.19422288084426,211.4497557845503,0.9581288510665892,519.9998262569229,519.9998262569229,0.1244507702000869,0.1244507702000869,0.5931718439800642,0.5931718439800642,0.5773156552866343,452.0,452.0,180.04625686531625,216.0
296,14.8,416.8860579128443,262.5618737048224,864.8542537400565,267.899993908834,1.0,448.0,448.0,182.04665678922476,0.5446428571428571,32.0,24.0,32.0,24.0,100.0,76.0,216.0,0.9285714285714286,516.0,516.0,0.13178294573643412,0.13178294573643412,14.8,47.80793319415449,454.0393832252554,454.0393832252554,179.96348554838235,0.5606896744470483,34.197626219413735,36.09287031695686,34.197626219413735,36.09287031695686,96.89223748297648,75.98562028805905,210.8710289178493,0.9581283611075154,519.9998262569229,519.9998262569229,0.1268470482124307,0.1268470482124307,0.6303537224610971,0.6303537224610971,0.5972859583017138,448.0,448.0,182.04665678922476,216.0
297,14.85,417.8827407089483,262.2754432588908,865.8469458093731,267.9385650785696,1.0,448.0,448.0,183.06122380423173,0.5357142857142857,36.0,28.0,36.0,28.0,96.0,76.0,212.0,0.9375,516.0,516.0,0.13178294573643412,0.13178294573643412,14.85,47.90187891440501,452.8049264930992,452.8049264930992,181.0857093077649,0.560689999544115,34.10468376630038,35.99470281730109,34.10468376630038,35.99470281730109,96.62888672562632,75.77896025923295,210.2976929246385,0.9581278685233529,519.9998262569229,519.9998262569229,0.1292210042597665,0.1292210042597665,0.6303537224610971,0.6303537224610971,0.6074145383304544,448.0,448.0,183.06122380423173,216.0
298,14.9,417.87631917074,261.9515082705121,865.8335630607969,268.1408253914973,1.0,448.0,448.0,184.06533209485798,0.5535714285714286,36.0,28.0,36.0,28.0,96.0,76.0,212.0,0.9375,516.0,516.0,0.13178294573643412,0.13178294573643412,14.9,47.995824634655534,451.58325750460017,451.58325750460017,182.1963077112494,0.5606903260416468,34.01270442992498,35.89755189218428,34.01270442992498,35.89755189218428,96.3682647881178,75.57444039396528,209.73029600040783,0.9581273738172176,519.9998262569229,519.9998262569229,0.1315703684841603,0.1315703684841603,0.6303537224610971,0.6303537224610971,0.6174387072899193,448.0,448.0,184.06533209485798,212.0
299,14.95,418.86305111140484,261.7347730590657,866.8187260932388,268.03661815154226,1.0,448.0,448.0,185.0660958531119,0.5267857142857143,36.0,28.0,36.0,28.0,96.0,76.0,212.0,0.9375,516.0,516.0,0.13178294573643412,0.13178294573643412,14.95,48.08977035490605,450.37550437139754,450.37550437139754,183.29425520946137,0.5606906536030072,33.92177314394996,35.80150725440498,33.92177314394996,35.80150725440498,96.11061232941562,75.37224955304819,209.16936209057877,0.9581268774991794,519.9998262569229,519.9998262569229,0.1338929714394273,0.1338929714394273,0.6303537224610971,0.6303537224610971,0.6274294872634517,448.0,448.0,185.0660958531119,212.0
300,15.0,419.85872041336415,261.4577808927854,863.8091912908271,268.0894780872314,1.0,444.0,444.0,187.0687572911087,0.5585585585585585,36.0,24.0,36.0,24.0,96.0,76.0,212.0,0.9279279279279279,516.0,516.0,0.13953488372093026,0.13953488372093026,15.0,48.183716075156575,449.18273933503735,449.18273933503735,184.3785770445044,0.5606909818882967,33.83197063437535,35.70665417507311,33.83197063437535,35.70665417507311,95.85615808671352,75.17256724638494,208.61538919249045,0.95812638008425,519.9998262569229,519.9998262569229,0.1361867511219052,0.1361867511219052,0.6675356009421302,0.6675356009421302,0.647422367324789,444.0,444.0,187.0687572911087,212.0
301,15.05,420.85349263505606,261.1558220632191,864.7966605211368,268.25960185085097,1.0,444.0,444.0,187.07206097617768,0.6036036036036037,32.0,28.0,32.0,28.0,96.0,72.0,216.0,0.9369369369369369,516.0,516.0,0.13953488372093026,0.13953488372093026,15.05,48.2776617954071,448.0059755698858,448.0059755698858,185.4483521563916,0.5606913105556922,33.743373178853375,35.613073229341836,33.743373178853375,35.613073229341836,95.605118193447,74.97556309772051,208.06884787052303,0.958125882090357,519.9998262569229,519.9998262569229,0.1384497591187006,0.1384497591187006,0.6675356009421302,0.6675356009421302,0.6474553485257505,444.0,444.0,187.07206097617768,212.0
302,15.1,420.85580944016215,260.99172811085515,864.7987330433814,268.1107577235396,1.0,444.0,444.0,188.07203561955254,0.5225225225225225,36.0,28.0,36.0,28.0,96.0,76.0,208.0,0.9369369369369369,516.0,516.0,0.13953488372093026,0.13953488372093026,15.1,48.371607515657615,446.84616445833007,446.84616445833007,186.50271566012165,0.5606916392627878,33.656052401571,35.52084007968986,33.656052401571,35.52084007968986,95.35769559807976,74.7813963884209,207.5301799905685,0.958125384036311,519.9998262569229,519.9998262569229,0.1406801658476879,0.1406801658476879,0.6675356009421302,0.6675356009421302,0.6574382506429299,444.0,444.0,188.07203561955254,212.0
303,15.15,421.8524380287897,260.75935461524443,865.7894489542917,268.23801295285296,1.0,444.0,444.0,190.07410816637622,0.5405405405405406,32.0,28.0,32.0,28.0,96.0,76.0,212.0,0.9459459459459459,516.0,516.0,0.13953488372093026,0.13953488372093026,15.15,48.465553235908146,445.70419334550263,445.70419334550263,187.5408608868213,0.5606919676679328,33.57007510424319,35.43002529732803,33.57007510424319,35.43002529732803,95.1140795852072,74.59021568151208,206.99979767721217,0.9581248864397776,519.9998262569229,519.9998262569229,0.1428762648753503,0.1428762648753503,0.6675356009421302,0.6675356009421302,0.6774252517122569,444.0,444.0,190.07410816637622,212.0
304,15.2,422.8518580892918,260.5849061109043,862.7863627362894,268.1764554258218,1.0,440.0,440.0,190.0752390427706,0.5272727272727272,32.0,28.0,32.0,28.0,96.0,72.0,212.0,0.9363636363636364,516.0,516.0,0.1472868217054264,0.1472868217054264,15.2,48.55949895615866,444.5808837748077,444.5808837748077,188.5620409877899,0.560692295431554,33.48550313331404,35.34069422183197,33.48550313331404,35.34069422183197,94.87444539925032,74.40215852619819,206.4780824942132,0.9581243898152754,519.9998262569229,519.9998262569229,0.1450364763099978,0.1450364763099978,0.7047174794231631,0.7047174794231631,0.6774365414268776,440.0,440.0,190.0752390427706,212.0
305,15.25,422.83490464586464,260.3913249408268,862.7669314008476,268.1251361133978,1.0,440.0,440.0,192.07580000907308,0.5545454545454546,32.0,28.0,32.0,28.0,100.0,76.0,204.0,0.9363636363636364,516.0,516.0,0.1472868217054264,0.1472868217054264,15.25,48.65344467640919,443.47699019983736,443.47699019983736,189.56557010546044,0.5606926222174498,33.40239328303167,35.25290685865204,33.40239328303167,35.25290685865204,94.6389539697945,74.21735124211621,205.96538484624296,0.958123894672214,519.9998262569229,519.9998262569229,0.1471593492788533,0.1471593492788533,0.7047174794231631,0.7047174794231631,0.697408452153179,440.0,440.0,192.07580000907308,208.0
306,15.3,423.829522803431,260.05964563138394,863.7516443111958,268.33774976864856,1.0,440.0,440.0,192.09771376920838,0.5363636363636364,32.0,28.0,32.0,28.0,96.0,76.0,208.0,0.9454545454545454,516.0,516.0,0.1472868217054264,0.1472868217054264,15.3,48.74739039665971,442.3931991629513,442.3931991629513,190.55082412011475,0.5606929476940539,33.32079723366539,35.16671781372631,33.32079723366539,35.16671781372631,94.40775173649898,74.03590878170263,205.462023597358,0.9581234015129796,519.9998262569229,519.9998262569229,0.1492435635077068,0.1492435635077068,0.7047174794231631,0.7047174794231631,0.6976272206228592,440.0,440.0,192.09771376920838,208.0
307,15.35,424.8301546076568,259.87967811198905,860.7504193431553,268.2177110294649,1.0,436.0,436.0,193.09857184489346,0.5321100917431193,32.0,24.0,32.0,24.0,92.0,76.0,212.0,0.944954128440367,516.0,516.0,0.15503875968992253,0.15503875968992253,15.35,48.84133611691023,441.3301289259082,441.3301289259082,191.51724098564085,0.5606932715356538,33.24076152376341,35.08217626403609,33.24076152376341,35.08217626403609,94.180970570458,73.85793466822781,204.9682858994229,0.9581229108310884,519.9998262569229,519.9998262569229,0.1512879300312408,0.1512879300312408,0.7418993579041961,0.7418993579041961,0.7076189421819501,436.0,436.0,193.09857184489346,208.0
308,15.4,424.8289307339383,259.59685435992316,860.7426343921001,268.27112453235617,1.0,436.0,436.0,195.10066996456095,0.5504587155963303,32.0,24.0,32.0,24.0,96.0,76.0,208.0,0.9357798165137614,516.0,516.0,0.15503875968992253,0.15503875968992253,15.4,48.93528183716075,440.2883295335689,440.2883295335689,192.4643206715854,0.5606935934235601,33.162327555021506,34.99932596259535,33.162327555021506,34.99932596259535,93.95872778796183,73.6835210063195,204.48442722167073,0.9581224231094168,519.9998262569229,519.9998262569229,0.153291391070523,0.153291391070523,0.7418993579041961,0.7418993579041961,0.7276061985489471,436.0,436.0,195.10066996456095,208.0
309,15.45,425.806370391932,259.4033458204025,861.7139650396248,268.3793654540034,1.0,436.0,436.0,195.10278232508097,0.5321100917431193,32.0,28.0,32.0,28.0,96.0,72.0,208.0,0.9357798165137614,516.0,516.0,0.15503875968992253,0.15503875968992253,15.45,49.029227557411275,439.26828328786,439.26828328786,193.39162473223857,0.5606939130472163,33.085531628044805,34.918205276060576,33.085531628044805,34.918205276060576,93.74112625179067,73.51274856116075,204.0106715708031,0.9581219388185166,519.9998262569229,519.9998262569229,0.1552530191215388,0.1552530191215388,0.7418993579041961,0.7418993579041961,0.7276272865719757,436.0,436.0,195.10278232508097,208.0
310,15.5,425.80734850234296,259.23598146894966,861.7125299157138,268.32844081591503,1.0,436.0,436.0,197.10313750885967,0.5688073394495413,32.0,28.0,32.0,28.0,96.0,72.0,208.0,0.9357798165137614,516.0,516.0,0.15503875968992253,0.15503875968992253,15.5,49.12317327766179,438.27040560594224,438.27040560594224,194.29877552643785,0.5606942301052458,33.01040500703985,34.83884725289025,33.01040500703985,34.83884725289025,93.52825455448009,73.34568690200005,203.547211889532,0.9581214584150312,519.9998262569229,519.9998262569229,0.1571720153048658,0.1571720153048658,0.7418993579041961,0.7418993579041961,0.7475971429393933,436.0,436.0,197.10313750885967,208.0
311,15.55,426.8060886980868,259.1121465267838,862.7073985335852,268.38835715919527,1.0,436.0,436.0,197.10433833032124,0.5412844036697247,32.0,28.0,32.0,28.0,92.0,76.0,208.0,0.9541284403669725,516.0,516.0,0.15503875968992253,0.15503875968992253,15.55,49.21711899791232,437.2950462338816,437.2950462338815,195.18545511418833,0.5606945443064277,32.93697401127494,34.76127971977127,32.93697401127494,34.76127971977127,93.3201872774332,73.18239460517187,203.09421062023029,0.9581209823402156,519.9998262569229,519.9998262569229,0.1590477070316911,0.1590477070316911,0.7418993579041961,0.7418993579041961,0.7476091309264792,436.0,436.0,197.10433833032124,208.0
312,15.6,426.8035304985032,258.7788931498094,858.6953867522027,268.44452824191853,1.0,432.0,432.0,198.10705320341958,0.5370370370370371,32.0,24.0,32.0,24.0,96.0,76.0,204.0,0.9351851851851852,516.0,516.0,0.16279069767441856,0.16279069767441856,15.6,49.31106471816284,436.3424907850562,436.3424907850562,196.05140385806217,0.5606948553705969,32.86526013099163,34.68552540386875,32.86526013099163,34.68552540386875,93.11698531931468,73.0229195114766,202.6518004194046,0.9581205110185737,519.9998262569229,519.9998262569229,0.1608795450453343,0.1608795450453343,0.7790812363852291,0.7790812363852291,0.7576193891824262,432.0,432.0,198.10705320341958,208.0
313,15.65,427.8046541303522,258.6860629412126,859.6954468560066,268.3991035982822,1.0,432.0,432.0,199.10708110417755,0.5648148148148148,32.0,28.0,32.0,28.0,92.0,72.0,208.0,0.9444444444444444,516.0,516.0,0.16279069767441856,0.16279069767441856,15.65,49.40501043841336,435.41296257107433,435.41296257107433,196.89641875868233,0.5606951630294649,32.79528016534121,34.61160207833487,32.79528016534121,34.61160207833487,92.91869628684825,72.86729903252869,202.22008500802136,0.958120044856613,519.9998262569229,519.9998262569229,0.162667099900252,0.162667099900252,0.7790812363852291,0.7790812363852291,0.7676028229763299,432.0,432.0,199.10708110417755,208.0
314,15.7,428.80502349037664,258.5797603393806,860.6935170768405,268.3944996438635,1.0,432.0,432.0,200.1074117880189,0.5462962962962963,32.0,28.0,32.0,28.0,96.0,72.0,204.0,0.9351851851851852,516.0,516.0,0.16279069767441856,0.16279069767441856,15.7,49.49895615866389,434.5066246920527,434.5066246920527,197.7203515544186,0.5606954670273574,32.72704637984711,34.53952272844387,32.72704637984711,34.53952272844387,92.72535494094572,72.71556050052321,201.7991401422927,0.95811958424173,519.9998262569229,519.9998262569229,0.1644100579422684,0.1644100579422684,0.7790812363852291,0.7790812363852291,0.777589279500764,432.0,432.0,200.1074117880189,208.0
315,15.75,428.80334154124137,258.2323187533957,860.6801307265821,268.5492447956237,1.0,432.0,432.0,200.13401214214343,0.5370370370370371,32.0,28.0,32.0,28.0,92.0,72.0,208.0,0.9444444444444444,516.0,516.0,0.16279069767441856,0.16279069767441856,15.75,49.5929018789144,433.6235823527392,433.6235823527392,198.52310661577255,0.5606957671218641,32.660566680871824,34.46929573568627,32.660566680871824,34.46929573568627,92.53698369101396,72.56772155581339,201.38901468935373,0.9581191295412224,519.9998262569229,519.9998262569229,0.1661082168544931,0.1661082168544931,0.7790812363852291,0.7790812363852291,0.7778548349658617,432.0,432.0,200.13401214214343,204.0
316,15.8,429.77877298970105,258.05111962075966,861.6497904550349,268.6068892969745,1.0,432.0,432.0,202.13516593844253,0.5648148148148148,32.0,28.0,32.0,28.0,96.0,72.0,204.0,0.9351851851851852,516.0,516.0,0.16279069767441856,0.16279069767441856,15.8,49.68684759916493,432.7638853710571,432.7638853710571,199.3046386648339,0.5606960630844027,32.59584480456931,34.40092507716767,32.59584480456931,34.40092507716767,92.35359313030855,72.4237905667029,200.98973179230865,0.9581186811014348,519.9998262569229,519.9998262569229,0.1677614808331956,0.1677614808331956,0.7790812363852291,0.7790812363852291,0.7978326640060599,432.0,432.0,202.13516593844253,204.0
317,15.85,429.7791070821168,257.88113875405014,861.645546413887,268.6225808778246,1.0,432.0,432.0,202.13646361575877,0.5462962962962963,32.0,28.0,32.0,28.0,92.0,72.0,208.0,0.9444444444444444,516.0,516.0,0.16279069767441856,0.16279069767441856,15.85,49.78079331941545,431.92753084619864,431.92753084619864,200.06495034969004,0.5606963547006928,32.53288051784739,34.334410537697096,32.53288051784739,34.334410537697096,92.17518260531872,72.28376707595396,200.60129010938147,0.9581182392470452,519.9998262569229,519.9998262569229,0.1693698554568541,0.1693698554568541,0.7790812363852291,0.7790812363852291,0.7978456189201806,432.0,432.0,202.13646361575877,204.0
318,15.9,430.7799594845283,257.82070523157563,858.6468497477659,268.494234004508,1.0,428.0,428.0,203.13637138696424,0.5420560747663551,32.0,28.0,32.0,28.0,92.0,72.0,204.0,0.9439252336448598,516.0,516.0,0.1705426356589147,0.1705426356589147,15.9,49.87473903966597,431.1144659543372,431.1144659543372,200.80408970282255,0.5606966417711396,32.47166982893606,34.26974793202689,32.47166982893606,34.26974793202689,92.00174081237247,72.14764226866401,200.2236651123378,0.958117804280476,519.9998262569229,519.9998262569229,0.1709334423097844,0.1709334423097844,0.8162631148662621,0.8162631148662621,0.8078278534421107,428.0,428.0,203.13637138696424,204.0
319,15.95,430.77952121174917,257.5937023347505,858.6387310025025,268.5707965418824,1.0,428.0,428.0,203.1384026663083,0.5327102803738317,32.0,28.0,32.0,28.0,92.0,72.0,204.0,0.9439252336448598,516.0,516.0,0.1705426356589147,0.1705426356589147,15.95,49.96868475991649,430.3245908412907,430.3245908412906,201.52214751136543,0.5606969241111294,32.41220520525175,34.20692933480666,32.41220520525175,34.20692933480666,91.83324641491416,72.01539945638089,199.8568104299372,0.9581173764814536,519.9998262569229,519.9998262569229,0.1724524334193243,0.1724524334193242,0.8162631148662621,0.8162631148662621,0.8078481320191715,428.0,428.0,203.1384026663083,204.0
320,16.0,431.77936479364473,257.4951823806377,859.6350873816132,268.607367077061,1.0,428.0,428.0,205.13859955164702,0.5514018691588785,32.0,28.0,32.0,28.0,92.0,72.0,204.0,0.9439252336448598,516.0,516.0,0.1705426356589147,0.1705426356589147,16.0,50.062630480167016,429.557761583035,429.557761583035,202.2192546256835,0.5606972015512364,32.354475796365904,34.145943315936364,32.354475796365904,34.145943315936364,91.66966867524953,71.88701457258452,199.50065922289875,0.9581169561066892,519.9998262569229,519.9998262569229,0.1739271055625354,0.1739271055625354,0.8162631148662621,0.8162631148662621,0.8278164080686857,428.0,428.0,205.13859955164702,204.0
321,16.05,431.78036663799776,257.33081709538374,859.6317015917596,268.61067428791534,1.0,428.0,428.0,205.16598686975226,0.5514018691588785,32.0,28.0,32.0,28.0,92.0,72.0,204.0,0.9439252336448598,516.0,516.0,0.1705426356589147,0.1705426356589147,16.05,50.15657620041753,428.8137931867449,428.8137931867449,202.895579231112,0.5606974739373438,32.29846766002038,34.08677517914768,32.29846766002038,34.08677517914768,91.51096809492374,71.76245667496113,199.15512557769193,0.9581165433896998,519.9998262569229,519.9998262569229,0.1753578144949699,0.1753578144949699,0.8162631148662621,0.8162631148662621,0.8280898199173842,428.0,428.0,205.16598686975226,204.0
322,16.1,431.78074087248405,257.15482714442817,859.6261213858103,268.65832110961566,1.0,428.0,428.0,205.1678375021462,0.5420560747663551,32.0,28.0,32.0,28.0,92.0,72.0,204.0,0.9439252336448598,516.0,516.0,0.1705426356589147,0.1705426356589147,16.1,50.25052192066806,428.0924626069998,428.0924626069998,203.55132410590988,0.5606977411306819,32.24416398927991,34.029407201796914,32.24416398927991,34.029407201796914,91.35709705832473,71.64168845022608,198.82010590737215,0.958116138540748,519.9998262569229,519.9998262569229,0.1767449891502719,0.1767449891502719,0.8162631148662621,0.8162631148662621,0.8281082950678952,428.0,428.0,205.1678375021462,204.0
323,16.15,432.7824964364477,257.0614692688234,860.6267991331954,268.6049804302412,1.0,428.0,428.0,206.1677989625766,0.5233644859813084,32.0,32.0,32.0,32.0,92.0,68.0,204.0,0.9439252336448598,516.0,516.0,0.1705426356589147,0.1705426356589147,16.15,50.34446764091858,427.39351175388464,427.39351175388464,204.1867238865857,0.5606980030077846,32.191545339068654,33.973818874016615,32.191545339068654,33.973818874016615,91.20800047454436,71.52466671760084,198.49548034865416,0.9581157417469082,519.9998262569229,519.9998262569229,0.1780891258553673,0.1780891258553673,0.8162631148662621,0.8162631148662621,0.8380910655776934,428.0,428.0,206.1677989625766,204.0
324,16.2,432.7818119945129,256.8131524681852,856.616581164179,268.64904883879535,1.0,424.0,424.0,207.17056671098203,0.5566037735849056,32.0,28.0,32.0,28.0,92.0,68.0,204.0,0.9339622641509434,516.0,516.0,0.17829457364341084,0.17829457364341084,16.2,50.4384133611691,426.7166504718805,426.7166504718805,204.8020423597812,0.5606982594603694,32.14058985050241,33.91998713555273,32.14058985050241,33.91998713555273,91.06361641299546,71.41134292740954,198.1811141454203,0.9581153531722488,519.9998262569229,519.9998262569229,0.1793907826018249,0.1793907826018249,0.8534449933472951,0.8534449933472951,0.8481018516960404,424.0,424.0,207.17056671098203,204.0
325,16.25,433.75289009271347,256.73011187211085,857.5831377850981,268.72682563096544,1.0,424.0,424.0,207.17177286828613,0.5471698113207547,32.0,28.0,32.0,28.0,92.0,72.0,200.0,0.9433962264150944,516.0,516.0,0.17829457364341084,0.17829457364341084,16.25,50.53235908141963,426.06155947064747,426.06155947064747,205.3975697978928,0.5606985103951461,32.091273471593325,33.86788660878136,32.091273471593325,33.86788660878136,90.92387672875212,71.30166365163193,197.87685900988873,0.9581149729581234,519.9998262569229,519.9998262569229,0.1806505734097345,0.1806505734097345,0.8534449933472951,0.8534449933472951,0.8481138929516706,424.0,424.0,207.17177286828613,204.0
326,16.3,433.7552887262642,256.6184279204155,857.5844740414948,268.6526156797908,1.0,424.0,424.0,208.1716467816093,0.5377358490566038,32.0,28.0,32.0,28.0,92.0,72.0,200.0,0.9433962264150944,516.0,516.0,0.17829457364341084,0.17829457364341084,16.3,50.626304801670145,425.4278931910126,425.4278931910126,205.97362035360177,0.5606987557335551,32.04357017306998,33.8174898265774,32.04357017306998,33.8174898265774,90.7887076740542,71.19557106362241,197.5825544536886,0.9581146012235644,519.9998262569229,519.9998262569229,0.181869162816189,0.181869162816189,0.8534449933472951,0.8534449933472951,0.8580957894651052,424.0,424.0,208.1716467816093,204.0
327,16.35,433.7567254649463,256.47342088209683,857.5820856665007,268.64157809766164,1.0,424.0,424.0,208.1726140020363,0.5471698113207547,32.0,28.0,32.0,28.0,92.0,72.0,200.0,0.9433962264150944,516.0,516.0,0.17829457364341084,0.17829457364341084,16.35,50.72025052192067,424.8152825916462,424.8152825916462,206.5305295265082,0.5606989954114456,31.997452158220284,33.76876745388401,31.997452158220284,33.76876745388401,90.65803049287874,71.09300340455967,197.2980290821035,0.9581142380657724,519.9998262569229,519.9998262569229,0.1830472605162904,0.1830472605162904,0.8534449933472951,0.8534449933472951,0.8581054453767951,424.0,424.0,208.1726140020363,200.0
328,16.4,434.7549604386959,256.3711391472294,858.5734255228598,268.7771318001112,1.0,424.0,424.0,209.17385173694856,0.5660377358490566,32.0,28.0,32.0,28.0,88.0,72.0,204.0,0.9528301886792453,516.0,516.0,0.17829457364341084,0.17829457364341084,16.4,50.81419624217119,424.22333784403486,424.22333784403486,207.06865171313729,0.5606992293786939,31.952890065825784,33.72168850199412,31.952890065825784,33.72168850199412,90.53176199593273,70.99389543455814,197.0231018457241,0.9581138835606942,519.9998262569229,519.9998262569229,0.1841856161805072,0.1841856161805072,0.8534449933472951,0.8534449933472951,0.8681009571328954,424.0,424.0,209.17385173694856,200.0
329,16.45,434.75632789219605,256.26999533516135,858.5723971575028,268.7575664562681,1.0,424.0,424.0,210.17396859859525,0.5471698113207547,32.0,28.0,32.0,28.0,92.0,72.0,200.0,0.9433962264150944,516.0,516.0,0.17829457364341084,0.17829457364341084,16.45,50.90814196242171,423.65165092538206,423.651650925382,207.58835784974264,0.5606994575987709,31.90985316540292,33.67622053472215,31.90985316540292,33.67622053472215,90.4098151138605,70.8981788666997,196.7575832446968,0.9581135377636778,519.9998262569229,519.9998262569229,0.1852850144683259,0.1852850144683258,0.8534449933472951,0.8534449933472951,0.8780852790371628,424.0,424.0,210.17396859859525,200.0
330,16.5,434.7574810289983,256.1545449624668,858.5700938592228,268.758877789644,1.0,424.0,424.0,210.17473511743333,0.5471698113207547,32.0,28.0,32.0,28.0,92.0,72.0,200.0,0.9433962264150944,516.0,516.0,0.17829457364341084,0.17829457364341084,16.5,51.00208768267223,423.099798100999,423.099798100999,208.09003315557476,0.5606996800482626,31.868309544120702,33.63232986579163,31.868309544120702,33.63232986579163,90.29209942685996,70.80578278257798,196.50127648164872,0.958113200710201,519.9998262569229,519.9998262569229,0.1863462702544198,0.1863462702544198,0.8534449933472951,0.8534449933472951,0.8780929313137302,424.0,424.0,210.17473511743333,200.0
331,16.55,435.7567899158907,256.08240006191255,855.566766574662,268.71503627776065,1.0,420.0,420.0,210.1756876768681,0.5428571428571428,32.0,28.0,32.0,28.0,88.0,68.0,204.0,0.9428571428571428,516.0,516.0,0.18604651162790697,0.18604651162790697,16.55,51.09603340292276,422.5673422895657,422.5673422895657,208.574074982638,0.5606998967163506,31.828226284893788,33.58998174691533,31.828226284893788,33.58998174691533,90.17852166930028,70.71663402824085,196.25397856021547,0.9581128724166554,519.9998262569229,519.9998262569229,0.1873702240800702,0.1873702240800702,0.8906268718283281,0.8906268718283281,0.8781024408624585,420.0,420.0,210.1756876768681,200.0
332,16.6,435.75927104067625,256.01920360220464,855.570158603713,268.6215320987697,1.0,420.0,420.0,211.17504341016627,0.5333333333333333,32.0,28.0,32.0,28.0,92.0,72.0,196.0,0.9428571428571428,516.0,516.0,0.18604651162790697,0.18604651162790697,16.6,51.18997912317327,422.0538353063139,422.0538353063139,209.04089077642908,0.5607001076042563,31.789569635278724,33.54914054617157,31.789569635278724,33.54914054617157,90.0689862082854,70.63065758970852,196.0154813268697,0.9581125528811903,519.9998262569229,519.9998262569229,0.1883577378393499,0.1883577378393499,0.8906268718283281,0.8906268718283281,0.8880791643042527,420.0,420.0,211.17504341016627,200.0
333,16.65,435.7599554980998,255.9303677040022,855.5676826908617,268.6375384846148,1.0,420.0,420.0,212.175244528312,0.5714285714285714,32.0,28.0,32.0,28.0,92.0,72.0,196.0,0.9428571428571428,516.0,516.0,0.18604651162790697,0.18604651162790697,16.65,51.2839248434238,421.55881998074045,421.55881998074045,209.49089615074425,0.560700312724657,31.75230516692025,33.50976991640857,31.75230516692025,33.50976991640857,89.96339549543806,70.54777694749355,195.78557245448,0.958112242084597,519.9998262569229,519.9998262569229,0.1893096907065974,0.1893096907065974,0.8906268718283281,0.8906268718283281,0.8980643273542314,420.0,420.0,212.175244528312,200.0
334,16.7,436.7593363351,255.80134793518366,856.5596302899958,268.7517608777523,1.0,420.0,420.0,212.1767048450501,0.5523809523809524,32.0,28.0,32.0,28.0,88.0,72.0,200.0,0.9523809523809523,516.0,516.0,0.18604651162790697,0.18604651162790697,16.7,51.37787056367432,421.0818321468601,421.0818321468601,209.92451307836103,0.5607005121010795,31.716397925395512,33.47183295351596,31.716397925395512,33.47183295351596,89.86165049148373,70.46791440979189,195.564036366673,0.958111939991228,519.9998262569229,519.9998262569229,0.1902269753090054,0.1902269753090054,0.8906268718283281,0.8906268718283281,0.8980789059229513,420.0,420.0,212.1767048450501,200.0
335,16.75,436.75935769179284,255.58864170504611,856.548345387291,268.9005089515654,1.0,420.0,420.0,212.1787433253911,0.5523809523809524,32.0,28.0,32.0,28.0,88.0,72.0,200.0,0.9523809523809523,516.0,516.0,0.18604651162790697,0.18604651162790697,16.75,51.47181628392484,420.6224025052789,420.6224025052789,210.34216819825247,0.5607007057672733,31.681812570404414,33.43529234450878,31.681812570404414,33.43529234450878,89.76365106347929,70.39099142422293,195.35065510266344,0.958111646549946,519.9998262569229,519.9998262569229,0.1911104941457103,0.1911104941457103,0.8906268718283281,0.8906268718283281,0.8980992563886825,420.0,420.0,212.1787433253911,200.0
336,16.8,436.7293825630485,255.5067071232659,856.5170197824021,268.8610935858613,1.0,420.0,420.0,213.17846715687068,0.5428571428571428,32.0,28.0,32.0,28.0,88.0,72.0,200.0,0.9523809523809523,516.0,516.0,0.18604651162790697,0.18604651162790697,16.8,51.56576200417537,420.1800583574891,420.1800583574891,210.7442912389637,0.5607008937665731,31.648513506336,33.40011050545277,31.648513506336,33.40011050545277,89.66929635477429,70.31692886818531,195.1452091227407,0.9581113616950916,519.9998262569229,519.9998262569229,0.1919611562526073,0.1919611562526073,0.8906268718283281,0.8906268718283281,0.9080796546117712,420.0,420.0,213.17837001016056,200.0
337,16.85,436.7314384379022,255.45368290916622,856.519657671165,268.7897615294413,1.0,420.0,420.0,213.17837001016056,0.5333333333333333,32.0,28.0,32.0,28.0,88.0,72.0,200.0,0.9523809523809523,516.0,516.0,0.18604651162790697,0.18604651162790697,16.85,51.659707724425886,419.754325213788,419.754325213788,211.1313135568817,0.5607010761512516,31.616465003316165,33.366249709344174,31.616465003316165,33.366249709344174,89.57848512800422,70.24564731806146,194.9474780550619,0.9581110853474604,519.9998262569229,519.9998262569229,0.1927798741101989,0.1927798741101989,0.8906268718283281,0.8906268718283281,0.9080786847810816,420.0,420.0,213.17846715687068,200.0
338,16.9,437.7310573313314,255.4275341010433,857.5173565459411,268.8239138994132,1.0,420.0,420.0,213.17868845451716,0.5333333333333333,32.0,28.0,32.0,28.0,88.0,72.0,200.0,0.9523809523809523,516.0,516.0,0.18604651162790697,0.18604651162790697,16.9,51.75365344467641,419.3447282770684,419.3447282770684,211.50366678734844,0.5607012529818725,31.585631308907352,33.333672204120575,31.585631308907352,33.333672204120575,89.49111608159667,70.17706729764895,194.75724138479484,0.958110817415288,519.9998262569229,519.9998262569229,0.1935675607901503,0.1935675607901503,0.8906268718283281,0.8906268718283281,0.9080818638605339,420.0,420.0,213.17868845451716,200.0
339,16.95,437.732039120216,255.38198485477423,857.5175843989637,268.8019690211047,1.0,420.0,420.0,214.21025364598881,0.5714285714285714,32.0,28.0,32.0,28.0,88.0,72.0,200.0,0.9523809523809523,516.0,516.0,0.18604651162790697,0.18604651162790697,16.95,51.84759916492693,418.95079380547855,418.95079380547855,211.8617816058976,0.5607014243266403,31.555976750686,33.30234032104272,31.555976750686,33.30234032104272,89.40708814042948,70.11110950631613,194.57427908700424,0.9581105577952312,519.9998262569229,519.9998262569229,0.1943251273347883,0.1943251273347883,0.8906268718283281,0.8906268718283281,0.9183801393239955,420.0,420.0,214.21025364598881,200.0
340,17.0,437.7329874142657,255.30107937268946,853.5179466381169,268.67522170857,1.0,416.0,416.0,215.17820556286284,0.5673076923076923,32.0,24.0,32.0,24.0,88.0,72.0,200.0,0.9423076923076923,516.0,516.0,0.1937984496124031,0.1937984496124031,17.0,51.94154488517745,418.5720503575517,418.5720503575517,212.20608659633584,0.5607015902607599,31.527465829967895,33.27221657373127,31.527465829967895,33.27221657373127,89.32630072141275,70.04769502748866,194.39837220495116,0.95811030637334,519.9998262569229,519.9998262569229,0.1950534803626213,0.1950534803626213,0.927808750309361,0.927808750309361,0.928043353590787,416.0,416.0,215.17820556286284,200.0
341,17.05,437.73319702151497,255.2148396932567,853.5139654577825,268.71863910478595,1.0,416.0,416.0,215.211305788252,0.5576923076923077,32.0,24.0,32.0,24.0,88.0,72.0,200.0,0.9423076923076923,516.0,516.0,0.1937984496124031,0.1937984496124031,17.05,52.035490605427974,418.20802992392765,418.20802992392765,212.53700722192823,0.5607017508658021,31.50006330699506,33.243263748187616,31.50006330699506,33.243263748187616,89.24865397487,69.98674551815137,194.2293033757236,0.9581100630260192,519.9998262569229,519.9998262569229,0.1957535198919503,0.1957535198919503,0.927808750309361,0.927808750309361,0.9283737982798657,416.0,416.0,215.211305788252,200.0
342,17.1,437.7332720521407,255.10582664788046,853.5082354052868,268.7871953180871,1.0,416.0,416.0,215.21257405679918,0.5673076923076923,32.0,24.0,32.0,24.0,92.0,72.0,196.0,0.9326923076923077,516.0,516.0,0.1937984496124031,0.1937984496124031,17.1,52.1294363256785,417.8582689501774,417.8582689501774,212.85496489557696,0.5607019062290846,31.473734277920244,33.215444984155994,31.473734277920244,33.215444984155994,89.17404900268795,69.92818338012428,194.0668573052889,0.9581098276209654,519.9998262569229,519.9998262569229,0.1964261373738982,0.1964261373738982,0.927808750309361,0.927808750309361,0.9283864596016789,416.0,416.0,215.21257405679918,200.0
343,17.15,438.7326534409401,254.9507989821782,854.4976777688219,268.93094725163377,1.0,416.0,416.0,215.2482256285062,0.5480769230769231,32.0,28.0,32.0,28.0,88.0,68.0,200.0,0.9423076923076923,516.0,516.0,0.1937984496124031,0.1937984496124031,17.15,52.22338204592902,417.5223092555742,417.5223092555742,213.16037614459867,0.5607020564430656,31.44844424395788,33.18872384821236,31.44844424395788,33.18872384821236,89.1023880542628,69.87193191392039,193.9108211952208,0.9581096000180872,519.9998262569229,519.9998262569229,0.1970722139255414,0.1970722139255414,0.927808750309361,0.927808750309361,0.9287423747771613,416.0,416.0,215.2479095222546,200.0
344,17.2,438.7327753227339,254.96702392427778,854.4989680798606,268.9123801493404,1.0,416.0,416.0,215.2479095222546,0.5480769230769231,32.0,28.0,32.0,28.0,88.0,68.0,200.0,0.9423076923076923,516.0,516.0,0.1937984496124031,0.1937984496124031,17.2,52.31732776617954,417.1996988528729,417.19969885287287,213.45365186549583,0.560702201604757,31.424159173080312,33.16306439898182,31.424159173080312,33.16306439898182,89.03357470132701,69.81791545603303,193.76098512345072,0.9581093800703924,519.9998262569229,519.9998262569229,0.1976926187534113,0.1976926187534113,0.927808750309361,0.927808750309361,0.9287392190393741,416.0,416.0,215.2482256285062,200.0
345,17.25,438.73534648342826,255.0101181995095,854.5084721151616,268.74722133004576,1.0,416.0,416.0,216.21241867249938,0.5384615384615384,32.0,28.0,32.0,28.0,88.0,72.0,196.0,0.9519230769230769,516.0,516.0,0.1937984496124031,0.1937984496124031,17.25,52.41127348643006,416.88999267431143,416.88999267431143,213.73519666397735,0.5607023418151585,31.400845554652335,33.13843124489978,31.400845554652335,33.13843124489978,88.96751399277035,69.7660595005252,193.6171423814638,0.9581091676248484,519.9998262569229,519.9998262569229,0.1982882077573362,0.1982882077573362,0.927808750309361,0.927808750309361,0.9383680636323947,416.0,416.0,216.21241867249938,196.0
346,17.3,438.7370391898245,254.88178055561684,854.5057079205918,268.7531215811065,1.0,416.0,416.0,216.24667595463012,0.5384615384615384,32.0,28.0,32.0,28.0,92.0,72.0,192.0,0.9423076923076923,516.0,516.0,0.1937984496124031,0.1937984496124031,17.3,52.505219206680586,416.592753209152,416.592753209152,214.00540827540183,0.5607024771787114,31.37847044740647,33.11478959493786,31.37847044740647,33.11478959493786,88.90411259058682,69.71629080581016,193.4790897704106,0.9581089625232062,519.9998262569229,519.9998262569229,0.1988598223044007,0.1988598223044007,0.927808750309361,0.927808750309361,0.9387100593985649,416.0,416.0,216.24667595463012,196.0
347,17.35,438.7376326289434,254.82179168313644,854.5038004920381,268.76789007791945,1.0,416.0,416.0,216.24735418454586,0.5384615384615384,32.0,28.0,32.0,28.0,88.0,68.0,200.0,0.9423076923076923,516.0,516.0,0.1937984496124031,0.1937984496124031,17.35,52.5991649269311,416.3075510580912,416.3075510580912,214.26467706079248,0.5607026078027789,31.35700152115865,33.09210530271994,31.35700152115865,33.09210530271994,88.843278888087,69.66853748751502,193.34662785861065,0.9581087646027896,519.9998262569229,519.9998262569229,0.1994082881627716,0.1994082881627716,0.927808750309361,0.927808750309361,0.9387168302731131,416.0,416.0,216.24735418454586,196.0
348,17.4,439.7355703866762,254.85328716008289,855.4999507593906,268.85257333091687,1.0,416.0,416.0,217.24726607874567,0.5673076923076923,32.0,28.0,32.0,28.0,88.0,72.0,196.0,0.9519230769230769,516.0,516.0,0.1937984496124031,0.1937984496124031,17.4,52.693110647181626,416.03396540985966,416.03396540985966,214.51338557358957,0.5607027337971503,31.336407092664984,33.0703449044496,31.336407092664984,33.0703449044496,88.78492311151273,69.62272909831881,193.21956120291355,0.9581085736972468,519.9998262569229,519.9998262569229,0.1999344145851609,0.1999344145851609,0.927808750309361,0.927808750309361,0.948699105955536,416.0,416.0,217.24726607874567,196.0
349,17.45,439.7369732790412,254.7764852859296,855.4992214142434,268.8389539725632,1.0,416.0,416.0,217.24782452137464,0.5673076923076923,32.0,28.0,32.0,28.0,88.0,72.0,196.0,0.9519230769230769,516.0,516.0,0.1937984496124031,0.1937984496124031,17.45,52.78705636743215,415.7715844452621,415.7715844452621,214.75190819236568,0.5607028552735702,31.316656156016904,33.04947565106801,31.316656156016904,33.04947565106801,88.72895740617085,69.57879669564146,193.09769853636487,0.958108389637264,519.9998262569229,519.9998262569229,0.2004389935318237,0.2004389935318237,0.927808750309361,0.927808750309361,0.9487046809750027,416.0,416.0,217.24782452137464,196.0
350,17.5,439.73674908204373,254.73033538836216,855.4957424939206,268.8887038375506,1.0,416.0,416.0,217.24866255605372,0.5576923076923077,32.0,28.0,32.0,28.0,88.0,72.0,196.0,0.9519230769230769,516.0,516.0,0.1937984496124031,0.1937984496124031,17.5,52.881002087682674,415.52000567380503,415.52000567380503,214.9806108148241,0.5607029723452951,31.297718407960986,33.02946553504955,31.297718407960986,33.02946553504955,88.6752959081885,69.53667289804727,192.9808529245587,0.958108212251235,519.9998262569229,519.9998262569229,0.2009227990231985,0.2009227990231985,0.927808750309361,0.927808750309361,0.9487130472053141,416.0,416.0,217.24866255605372,196.0
351,17.55,439.737351491768,254.69774588875703,855.4954118277382,268.8834875215302,1.0,416.0,416.0,217.24889964150492,0.5769230769230769,32.0,28.0,32.0,28.0,88.0,72.0,196.0,0.9519230769230769,516.0,516.0,0.1937984496124031,0.1937984496124031,17.55,52.97494780793319,415.2788362079326,415.2788362079326,215.1998506085172,0.5607030851266777,31.279564268521284,33.01028331223566,31.279564268521284,33.01028331223566,88.62385480295866,69.49629193120212,192.86884189301497,0.9581080413658946,519.9998262569229,519.9998262569229,0.2013865866125297,0.2013865866125297,0.927808750309361,0.927808750309361,0.9487154140661825,416.0,416.0,217.24889964150492,196.0
352,17.6,439.7385678665314,254.58462360088643,855.4916648321754,268.91509335856904,1.0,416.0,416.0,218.24954400443485,0.5480769230769231,32.0,28.0,32.0,28.0,88.0,72.0,196.0,0.9519230769230769,516.0,516.0,0.1937984496124031,0.1937984496124031,17.6,53.068893528183715,415.04769297972655,415.0476929797266,215.4099758138693,0.5607031937327747,31.262164897290944,32.99189851909293,31.262164897290944,32.99189851909293,88.57455237131379,69.45758966419703,192.76148752783192,0.9581078768069092,519.9998262569229,519.9998262569229,0.2018310929691373,0.2018310929691374,0.927808750309361,0.927808750309361,0.9587050020976585,416.0,416.0,218.24954400443485,196.0
353,17.65,439.74013040066046,254.51978817564247,855.491946108585,268.8873814175173,1.0,416.0,416.0,218.24985420670237,0.5480769230769231,32.0,28.0,32.0,28.0,88.0,72.0,196.0,0.9519230769230769,516.0,516.0,0.1937984496124031,0.1937984496124031,17.65,53.16283924843424,414.826202904752,414.826202904752,215.61132559524785,0.5607032982789862,31.24549220574582,32.97428148576623,31.24549220574582,32.97428148576623,88.52730902442444,69.42050363702157,192.6586165517939,0.9581077183994268,519.9998262569229,519.9998262569229,0.2022570355633282,0.2022570355633282,0.927808750309361,0.927808750309361,0.9587080988950559,416.0,416.0,218.24985420670237,196.0
354,17.7,439.74092065824107,254.48368399005642,855.4918584325253,268.87665935317125,1.0,416.0,416.0,218.2500652975679,0.5480769230769231,32.0,28.0,32.0,28.0,88.0,72.0,196.0,0.9519230769230769,516.0,516.0,0.1937984496124031,0.1937984496124031,17.7,53.25678496868476,414.6140029975354,414.6140029975354,215.8042299360036,0.5607033988807177,31.229518865915793,32.95740334528546,31.229518865915793,32.95740334528546,88.48204732838406,69.38497307993899,192.56006037801112,0.9581075659685844,519.9998262569229,519.9998262569229,0.2026651124443226,0.2026651124443226,0.927808750309361,0.927808750309361,0.9587102062479397,416.0,416.0,218.2500652975679,196.0
355,17.75,440.74013063451224,254.44025846620139,852.4890552057125,268.8216045248984,1.0,412.0,412.0,218.25111738632847,0.5436893203883495,32.0,28.0,32.0,28.0,88.0,68.0,196.0,0.941747572815534,516.0,516.0,0.20155038759689925,0.20155038759689925,17.75,53.35073068893528,414.410740442961,414.410740442961,215.98900957358725,0.5607034956530703,31.214218315740453,32.94123603926565,31.214218315740453,32.94123603926565,88.4386920193886,69.3509389254792,192.46565514308713,0.9581074193399828,519.9998262569229,519.9998262569229,0.2030560021029548,0.2030560021029548,0.9649906287903941,0.9649906287903941,0.95872070941338,412.0,412.0,218.250338360135,196.0
356,17.8,440.7059928308688,254.47315958370913,852.4581933804084,268.7604036360736,1.0,412.0,412.0,218.250338360135,0.5436893203883495,32.0,28.0,32.0,28.0,88.0,68.0,196.0,0.941747572815534,516.0,516.0,0.20155038759689925,0.20155038759689925,17.8,53.4446764091858,414.2160726276461,414.216072627646,216.1659759710427,0.5607035887105565,31.199564761409647,32.92575232042233,31.199564761409647,32.92575232042233,88.39717001038431,69.3183438137304,192.37524172169933,0.9581072783401136,519.9998262569229,519.9998262569229,0.203430363411335,0.203430363411335,0.9649906287903941,0.9649906287903941,0.9587129322739418,412.0,412.0,218.25110211046797,196.0
357,17.85,440.70627901052933,254.41054457765148,852.4552684923497,268.7900320754669,1.0,412.0,412.0,218.25110211046797,0.5436893203883495,32.0,28.0,32.0,28.0,88.0,68.0,196.0,0.941747572815534,516.0,516.0,0.20155038759689925,0.20155038759689925,17.85,53.53862212943633,414.0296671351576,414.0296671351576,216.335431321376,0.5607036781668386,31.18553317698584,32.910925752212194,31.18553317698584,32.910925752212194,88.357410390001,69.28713209157473,192.2886657243838,0.9581071427967558,519.9998262569229,519.9998262569229,0.2037888356320475,0.2037888356320475,0.9649906287903941,0.9649906287903941,0.9587205569120929,412.0,412.0,218.25111738632847,196.0
358,17.9,440.7068967185042,254.34364700523523,852.4529193542161,268.8078387791249,1.0,412.0,412.0,218.25179379635432,0.5436893203883495,32.0,28.0,32.0,28.0,88.0,68.0,196.0,0.941747572815534,516.0,516.0,0.20155038759689925,0.20155038759689925,17.9,53.63256784968685,413.85120170869413,413.85120170869413,216.49766858149687,0.5607037641344949,31.172099301575116,32.89673070588404,31.172099301575116,32.89673070588404,88.31934441454881,69.25724980647591,192.20577748021023,0.9581070125393336,519.9998262569229,519.9998262569229,0.2041320384899179,0.2041320384899179,0.9649906287903941,0.9649906287903941,0.958727462119685,412.0,412.0,218.25179379635432,196.0
359,17.95,440.7074509901993,254.31016599145886,852.4523914045209,268.80513212480145,1.0,412.0,412.0,218.2520428101672,0.5436893203883495,32.0,28.0,32.0,28.0,88.0,68.0,196.0,0.941747572815534,516.0,516.0,0.20155038759689925,0.20155038759689925,17.95,53.72651356993737,413.68036418464897,413.68036418464897,216.65297153263205,0.560703846724804,31.159239634309444,32.88314235521298,31.159239634309444,32.88314235521298,88.28290549380506,69.22864469538955,192.12643200593195,0.9581068873992374,519.9998262569229,519.9998262569229,0.2044605722997748,0.2044605722997748,0.9649906287903941,0.9649906287903941,0.95872994806324,412.0,412.0,218.2520428101672,196.0
360,18.0,440.706527191722,254.19593007566036,852.4426577556385,268.9390229755083,1.0,412.0,412.0,218.2540060311459,0.5339805825242718,32.0,28.0,32.0,28.0,88.0,68.0,196.0,0.941747572815534,516.0,516.0,0.20155038759689925,0.20155038759689925,18.0,53.82045929018789,413.5168524002513,413.51685240025137,216.80161486430353,0.5607039260475556,31.14693142737596,32.87013666917326,31.14693142737596,32.87013666917326,88.24802917127417,69.20126616933248,192.0504889630955,0.9581067672101148,519.9998262569229,519.9998262569229,0.204775018144064,0.2047750181440641,0.9649906287903941,0.9649906287903941,0.9587495472030727,412.0,412.0,218.2540060311459,196.0
361,18.05,440.7065867811583,254.170293860696,852.4411681602876,268.95658807368875,1.0,412.0,412.0,219.2536955300297,0.5825242718446602,32.0,28.0,32.0,28.0,88.0,68.0,196.0,0.941747572815534,516.0,516.0,0.20155038759689925,0.20155038759689925,18.05,53.914405010438415,413.3603740782657,413.3603740782657,216.9438642791601,0.5607040022108805,31.135152677322026,32.857690402784215,31.135152677322026,32.857690402784215,88.21465309955404,69.17506529410822,191.9778126044972,0.958106651808127,519.9998262569229,519.9998262569229,0.2050759380945802,0.2050759380945802,0.9649906287903941,0.9649906287903941,0.9687296026785274,412.0,412.0,219.2536955300297,196.0
362,18.1,440.7076945491044,254.1749137346723,852.4445717412909,268.8971404693171,1.0,412.0,412.0,220.10963245005718,0.5631067961165048,32.0,28.0,32.0,28.0,88.0,68.0,196.0,0.941747572815534,516.0,516.0,0.20155038759689925,0.20155038759689925,18.1,54.00835073068893,413.2106466915282,413.2106466915282,217.0799766161402,0.5607040753210999,31.12388211484199,32.8457810863529,31.12388211484199,32.8457810863529,88.18271701140576,69.14999476765597,191.9082717112716,0.9581065410321776,519.9998262569229,519.9998262569229,0.2053638754729737,0.2053638754729737,0.9649906287903941,0.9649906287903941,0.9772745538407653,412.0,412.0,220.10963245005718,196.0
363,18.15,440.70836642318494,254.15538605443626,852.4451960788158,268.87894218500617,1.0,412.0,412.0,220.2168400134575,0.5631067961165048,32.0,28.0,32.0,28.0,88.0,68.0,196.0,0.941747572815534,516.0,516.0,0.20155038759689925,0.20155038759689925,18.15,54.102296450939455,413.067397309891,413.067397309891,217.2101999896244,0.5607041454825943,31.113099193240913,32.83438701331556,31.113099193240913,32.83438701331556,88.15216268707111,69.12600889445267,191.8417395218108,0.9581064347241104,519.9998262569229,519.9998262569229,0.2056393551450889,0.2056393551450889,0.9649906287903941,0.9649906287903941,0.978344823590841,412.0,412.0,220.2168400134575,196.0
364,18.2,440.70954681196145,254.14134636369508,852.4476002414619,268.83064035917903,1.0,412.0,412.0,220.2523155059234,0.5631067961165048,32.0,28.0,32.0,28.0,88.0,68.0,196.0,0.941747572815534,516.0,516.0,0.20155038759689925,0.20155038759689925,18.2,54.19624217118998,412.93036243195786,412.93036243195786,217.3347739424146,0.5607042127976898,31.102784075754073,32.82348722686953,31.102784075754073,32.82348722686953,88.1229339183486,69.1030635573659,191.77809365361975,0.9581063327288803,519.9998262569229,519.9998262569229,0.2059028838445493,0.2059028838445493,0.9649906287903941,0.9649906287903941,0.978698980939922,412.0,412.0,220.25136815738665,196.0
365,18.25,440.70978448439564,254.16910395165743,852.450038539443,268.7965846193981,1.0,412.0,412.0,220.25184024139696,0.5631067961165048,32.0,28.0,32.0,28.0,88.0,68.0,196.0,0.941747572815534,516.0,516.0,0.20155038759689925,0.20155038759689925,18.25,54.2901878914405,412.7992878038023,412.7992878038023,217.45392961054452,0.5607042773665633,31.092917621887523,32.813061505568186,31.092917621887523,32.813061505568186,88.09497646989449,69.08111618732708,191.71721601912503,0.958106234894702,519.9998262569229,519.9998262569229,0.206154950521377,0.206154950521377,0.9649906287903941,0.9649906287903941,0.9786942363003667,412.0,412.0,220.25146692472302,196.0
366,18.3,441.708874861447,254.2289388065274,853.4512833621179,268.79564886977454,1.0,412.0,412.0,220.25136815738665,0.5631067961165048,32.0,28.0,32.0,28.0,88.0,72.0,192.0,0.9514563106796117,516.0,516.0,0.20155038759689925,0.20155038759689925,18.3,54.38413361169102,412.6739282266907,412.6739282266907,217.56788989808803,0.5607043392871571,31.083481372931654,32.803090348041934,31.083481372931654,32.803090348041934,88.0682380381798,69.06012573116087,191.6589927363764,0.9581061410731726,519.9998262569229,519.9998262569229,0.2063960267117557,0.2063960267117557,0.9649906287903941,0.9649906287903941,0.9786895234123977,412.0,412.0,220.25176817199252,192.0
367,18.35,441.7089715054273,254.21905306506733,853.4509318082335,268.7984263712964,1.0,412.0,412.0,220.25146692472302,0.5533980582524272,32.0,28.0,32.0,28.0,88.0,72.0,192.0,0.9514563106796117,516.0,516.0,0.20155038759689925,0.20155038759689925,18.35,54.478079331941544,412.5540473556491,412.5540473556491,217.6768696602854,0.5607043986551173,31.07445753678607,32.793554956987634,31.07445753678607,32.793554956987634,88.04266820849752,69.04005261788203,191.60331403549588,0.9581060511193716,519.9998262569229,519.9998262569229,0.2066265669254026,0.2066265669254026,0.9649906287903941,0.9649906287903941,0.9786905094220509,412.0,412.0,220.25184024139696,192.0
368,18.4,441.7081756387306,254.21963275310472,853.4487605996947,268.83779597572664,1.0,412.0,412.0,220.25176817199252,0.5533980582524272,32.0,28.0,32.0,28.0,88.0,72.0,192.0,0.9514563106796117,516.0,516.0,0.20155038759689925,0.20155038759689925,18.4,54.57202505219207,412.4394174905751,412.4394174905751,217.781075893452,0.5607044555637356,31.06582897222441,32.78443722256779,31.06582897222441,32.78443722256779,88.01821841037959,69.02085872373945,191.55007416166387,0.958105964891943,519.9998262569229,519.9998262569229,0.2068470090472762,0.2068470090472762,0.9649906287903941,0.9649906287903941,0.9786935168203129,412.0,412.0,220.25191175919016,192.0
369,18.45,441.70827068238333,254.20651300585197,853.4481956421719,268.8432542452051,1.0,412.0,412.0,220.25191175919016,0.5533980582524272,32.0,28.0,32.0,28.0,88.0,72.0,192.0,0.9514563106796117,516.0,516.0,0.20155038759689925,0.20155038759689925,18.45,54.66597077244259,412.32981936141823,412.32981936141823,217.88070793027265,0.560704510103912,31.05757917271285,32.77571970533353,31.05757917271285,32.77571970533353,87.99484187175207,69.00250733626937,191.4991712753504,0.9581058822531564,519.9998262569229,519.9998262569229,0.2070577747506915,0.2070577747506915,0.9649906287903941,0.9649906287903941,0.9786949502735998,412.0,412.0,220.2523155059234,192.0
370,18.5,441.7088499680524,254.15477794806364,853.446511686406,268.85504742527496,1.0,412.0,412.0,220.25239937448328,0.5533980582524272,32.0,28.0,32.0,28.0,88.0,72.0,192.0,0.9514563106796117,516.0,516.0,0.20155038759689925,0.20155038759689925,18.5,54.75991649269311,412.2250419088369,412.22504190883694,217.97595763921177,0.5607045623641222,31.04969224988926,32.76738561878969,31.04969224988926,32.76738561878969,87.97249357212532,68.98496311758734,191.45050735044532,0.958105803068954,519.9998262569229,519.9998262569229,0.2072592699191332,0.2072592699191333,0.9649906287903941,0.9649906287903941,0.9786998182127763,412.0,412.0,220.25239937448328,192.0
371,18.55,441.7094874743732,254.13101639646135,853.4467683350363,268.8419493875203,1.0,412.0,412.0,220.25248070933873,0.5631067961165048,32.0,28.0,32.0,28.0,88.0,72.0,192.0,0.9514563106796117,516.0,516.0,0.20155038759689925,0.20155038759689925,18.55,54.85386221294363,412.1248820615849,412.1248820615849,218.0670096268933,0.5607046124304012,31.04215291679648,32.75941881169845,31.04215291679648,32.75941881169845,87.95113019509003,68.96819206713168,191.40398807086825,0.9581057272089766,519.9998262569229,519.9998262569229,0.2074518850743593,0.2074518850743593,0.9649906287903941,0.9649906287903941,0.978700630191266,412.0,412.0,220.25248070933873,192.0
372,18.6,441.7105977604987,254.03499693897945,853.443618660104,268.8646800402833,1.0,412.0,412.0,220.25337648550374,0.5533980582524272,32.0,28.0,32.0,28.0,88.0,72.0,192.0,0.9514563106796117,516.0,516.0,0.20155038759689925,0.20155038759689925,18.6,54.94780793319416,412.02914451177304,412.0291445117731,218.15404144241364,0.560704660386331,31.03494647095673,32.75180375021239,31.03494647095673,32.75180375021239,87.93071008035983,68.95216148405135,191.3595227261928,0.9581056545465813,519.9998262569229,519.9998262569229,0.2076359958085897,0.2076359958085898,0.9649906287903941,0.9649906287903941,0.9787095728637962,412.0,412.0,220.2531365675542,192.0
373,18.65,441.71087260706315,254.03363121607845,853.4443093557749,268.85176413134775,1.0,412.0,412.0,220.25329016209844,0.5436893203883495,32.0,28.0,32.0,28.0,88.0,72.0,192.0,0.9514563106796117,516.0,516.0,0.20155038759689925,0.20155038759689925,18.65,55.04175365344467,411.93764148902153,411.93764148902153,218.2372237826603,0.5607047063130415,31.02805877736256,32.74452549992017,31.02805877736256,32.74452549992017,87.91119317557943,68.93683992940454,191.3170241067548,0.9581055849588408,519.9998262569229,519.9998262569229,0.2078119632188294,0.2078119632188294,0.9649906287903941,0.9649906287903941,0.9787087110838388,412.0,412.0,220.25328865676948,192.0
374,18.7,441.71079140471295,254.0470312546904,853.4449652177449,268.8446700697179,1.0,412.0,412.0,220.2531365675542,0.5436893203883495,32.0,28.0,32.0,28.0,88.0,72.0,192.0,0.9514563106796117,516.0,516.0,0.20155038759689925,0.20155038759689925,18.7,55.1356993736952,411.850192534423,411.85019253442306,218.3167206978039,0.5607047502892162,31.0214762514546,32.73756970787505,31.0214762514546,32.73756970787505,87.89254098809415,68.92219718832749,191.27640839867172,0.9581055183265356,519.9998262569229,519.9998262569229,0.2079801343415546,0.2079801343415547,0.9649906287903941,0.9649906287903941,0.9787071777256573,412.0,412.0,220.25329016209844,192.0
375,18.75,441.7113471005776,254.0205560909264,853.4447910906983,268.8384877966034,1.0,412.0,412.0,220.25328865676948,0.5436893203883495,32.0,28.0,32.0,28.0,88.0,72.0,192.0,0.9514563106796117,516.0,516.0,0.20155038759689925,0.20155038759689925,18.75,55.22964509394572,411.76662427512656,411.76662427512656,218.392689796224,0.5607047923911058,31.01518584214594,32.730922584673465,31.01518584214594,32.730922584673465,87.8747165368526,68.90820423230271,191.23759507915184,0.9581054545341292,519.9998262569229,519.9998262569229,0.2081408425862054,0.2081408425862054,0.9649906287903941,0.9649906287903941,0.9787086960559062,412.0,412.0,220.25337648550374,192.0
376,18.8,441.7111840914811,253.98132600211665,853.4417000325334,268.88039452718965,1.0,412.0,412.0,220.25389140972652,0.5436893203883495,32.0,28.0,32.0,28.0,88.0,72.0,192.0,0.9514563106796117,516.0,516.0,0.20155038759689925,0.20155038759689925,18.8,55.32359081419624,411.6867702002669,411.6867702002669,218.46528244821155,0.56070483269255,31.00917501494928,32.724570886638816,31.00917501494928,32.724570886638816,87.85768430459757,68.89483318165523,191.200506812426,0.9581053934697424,519.9998262569229,519.9998262569229,0.2082944081660912,0.2082944081660912,0.9649906287903941,0.9649906287903941,0.9787147134322575,412.0,412.0,220.25389140972652,192.0
377,18.85,441.7112869699232,253.94652620045062,853.4396332510819,268.9054321959525,1.0,412.0,412.0,220.25433045583844,0.5436893203883495,32.0,28.0,32.0,28.0,88.0,72.0,192.0,0.9514563106796117,516.0,516.0,0.20155038759689925,0.20155038759689925,18.85,55.41753653444676,411.6104704388751,411.6104704388751,218.53464398787105,0.5607048712650006,31.003431735252978,32.718501898164334,31.003431735252978,32.718501898164334,87.84141019048056,68.88205726837587,191.1650693466014,0.9581053350251104,519.9998262569229,519.9998262569229,0.2084411385254857,0.2084411385254857,0.9649906287903941,0.9649906287903941,0.9787190964977575,412.0,412.0,220.25433045583844,192.0
378,18.9,441.7119094439412,253.8901755176354,853.4375512342549,268.9233352771251,1.0,412.0,412.0,220.254868813649,0.5436893203883495,32.0,28.0,32.0,28.0,88.0,72.0,192.0,0.9514563106796117,516.0,516.0,0.20155038759689925,0.20155038759689925,18.9,55.511482254697285,411.5375715403269,411.5375715403269,218.6009139127129,0.5607049081775547,30.997944451788413,32.71270341425455,30.997944451788413,32.71270341425455,87.82586146321954,68.86985079937196,191.1312114116924,0.9581052790955396,519.9998262569229,519.9998262569229,0.2085813287618421,0.2085813287618421,0.9649906287903941,0.9649906287903941,0.9787244710073638,412.0,412.0,220.254868813649,192.0
379,18.95,441.71294419153384,253.8962798994136,853.4409719191353,268.8639511791878,1.0,412.0,412.0,221.25373425212976,0.5436893203883495,32.0,28.0,32.0,28.0,88.0,72.0,192.0,0.9514563106796117,516.0,516.0,0.20155038759689925,0.20155038759689925,18.95,55.60542797494781,411.467926257817,411.467926257817,218.66422608049592,0.5607049434969881,30.992702080326524,32.70716372330938,30.992702080326524,32.70716372330938,87.81100671490198,68.85818912022124,191.09886461905788,0.9581052255798508,519.9998262569229,519.9998262569229,0.208715262042188,0.208715262042188,0.9649906287903941,0.9649906287903941,0.9886962997598744,412.0,412.0,221.25373425212976,192.0
380,19.0,441.71286257720544,253.89850961208813,853.4408892508332,268.86620988435686,1.0,412.0,412.0,221.25373446084149,0.5436893203883495,32.0,28.0,32.0,28.0,88.0,68.0,196.0,0.941747572815534,516.0,516.0,0.20155038759689925,0.20155038759689925,19.0,55.69937369519833,411.4013933352792,411.4013933352792,218.72470890293764,0.5607049772877939,30.98769398763318,32.701871590180616,30.98769398763318,32.701871590180616,87.79681581552461,68.8470485795041,191.06796336243667,0.9581051743803244,519.9998262569229,519.9998262569229,0.2088432100128955,0.2088432100128955,0.9649906287903941,0.9649906287903941,0.9886963018434759,412.0,412.0,221.25373446084149,196.0
381,19.05,441.71288929984655,253.89066884784765,853.4404264055513,268.87182998010115,1.0,412.0,412.0,221.25383124469792,0.5436893203883495,32.0,28.0,32.0,28.0,88.0,68.0,196.0,0.941747572815534,516.0,516.0,0.20155038759689925,0.20155038759689925,19.05,55.79331941544885,411.3378372981094,411.3378372981094,218.78248553596544,0.5607050096122259,30.98290997571172,32.69681623953116,30.98290997571172,32.69681623953116,87.78325986834462,68.8364064937694,191.03844472075247,0.9581051254026346,519.9998262569229,519.9998262569229,0.2089654332021363,0.2089654332021363,0.9649906287903941,0.9649906287903941,0.9886972680517411,412.0,412.0,221.25380114490855,196.0
382,19.1,441.7130325291654,253.85559447795248,853.4384075412893,268.89605893640373,1.0,412.0,412.0,221.25425482214166,0.5631067961165048,32.0,28.0,32.0,28.0,88.0,68.0,196.0,0.941747572815534,516.0,516.0,0.20155038759689925,0.20155038759689925,19.1,55.88726513569937,411.27712824799863,411.27712824799863,218.8376740662316,0.5607050405303426,30.978340266354365,32.691987339519955,30.978340266354365,32.691987339519955,87.77031116610969,68.82624111319032,191.0102483628243,0.9581050785557812,519.9998262569229,519.9998262569229,0.2090821814144343,0.2090821814144343,0.9649906287903941,0.9649906287903941,0.988701496691125,412.0,412.0,221.25383124469792,196.0
383,19.15,441.7127131090004,253.8977228211283,853.440402645778,268.87469410062516,1.0,412.0,412.0,221.25380114490855,0.5436893203883495,32.0,28.0,32.0,28.0,88.0,68.0,196.0,0.941747572815534,516.0,516.0,0.20155038759689925,0.20155038759689925,19.15,55.9812108559499,411.21914166213173,411.21914166213173,218.89038769366067,0.5607050701000542,30.9739754860247,32.68737498583474,30.9739754860247,32.68737498583474,87.7579431482178,68.81653158794894,190.98331645410553,0.9581050337520188,519.9998262569229,519.9998262569229,0.2091936941168217,0.2091936941168217,0.9649906287903941,0.9649906287903941,0.9886969675608706,412.0,412.0,221.25425482214166,196.0
384,19.2,441.7128421392639,253.8410366908894,853.4368319738526,268.91937196662786,1.0,412.0,412.0,221.25452291620684,0.5436893203883495,32.0,28.0,32.0,28.0,88.0,68.0,196.0,0.941747572815534,516.0,516.0,0.20155038759689925,0.20155038759689925,19.2,56.07515657620041,411.16375819695656,411.16375819695656,218.94073490983928,0.5607050983771723,30.9698066510816,32.68296968608715,30.9698066510816,32.68296968608715,87.74613035885454,68.80725793538619,190.95759356554709,0.9581049909067828,519.9998262569229,519.9998262569229,0.2093002008162062,0.2093002008162062,0.9649906287903941,0.9649906287903941,0.9887041731158009,412.0,412.0,221.25452291620684,196.0
385,19.25,441.7128465157553,253.82178763020545,853.4354860012697,268.9369500534507,1.0,412.0,412.0,221.2547818275592,0.5339805825242718,32.0,28.0,32.0,28.0,88.0,68.0,196.0,0.941747572815534,516.0,516.0,0.20155038759689925,0.20155038759689925,19.25,56.16910229645094,411.1108634966979,411.1108634966979,218.9888196720939,0.5607051254154597,30.96582515336297,32.678762344586005,30.96582515336297,32.678762344586005,87.73484840614235,68.7984010079447,190.9330265846619,0.958104949938612,519.9998262569229,519.9998262569229,0.2094019214276138,0.2094019214276138,0.9649906287903941,0.9649906287903941,0.9887067578680293,412.0,412.0,221.2547818275592,196.0
386,19.3,441.7131705668002,253.80123941811888,853.4349768018867,268.93908175174954,1.0,412.0,412.0,221.2549403971458,0.5339805825242718,32.0,28.0,32.0,28.0,88.0,68.0,196.0,0.941747572815534,516.0,516.0,0.20155038759689925,0.20155038759689925,19.3,56.26304801670146,411.06034800674377,411.06034800674377,219.034741573139,0.5607051512666832,30.96202274613526,32.67474424749628,30.96202274613526,32.67474424749628,87.72407392232981,68.78994246192923,190.9095646288532,0.9581049107690702,519.9998262569229,519.9998262569229,0.2094990666330608,0.2094990666330608,0.9649906287903941,0.9649906287903941,0.988708340892831,412.0,412.0,221.2549403971458,196.0
387,19.35,442.7117742507291,253.79604454121053,850.4332248882419,268.86981945137273,1.0,408.0,408.0,221.25551988946597,0.5392156862745098,32.0,24.0,32.0,24.0,88.0,68.0,196.0,0.9313725490196079,516.0,516.0,0.2093023255813954,0.2093023255813954,19.35,56.356993736951985,411.01210679200415,411.01210679200415,219.0785960062041,0.5607051759806659,30.95839153041834,32.670907048395065,30.95839153041834,32.670907048395065,87.71378452504183,68.78186472709574,190.88715896105316,0.9581048733226648,519.9998262569229,519.9998262569229,0.2095918382308648,0.2095918382308648,1.0,1.0,0.9887141260546333,408.0,408.0,221.25523920044614,196.0
388,19.4,442.71188908898654,253.77462684659028,850.4320274033445,268.8838562419262,1.0,408.0,408.0,221.25576492848478,0.5392156862745098,32.0,24.0,32.0,24.0,88.0,68.0,196.0,0.9313725490196079,516.0,516.0,0.2093023255813954,0.2093023255813954,19.4,56.4509394572025,410.9660393603088,410.9660393603088,219.1204743255789,0.5607051996053407,30.954923941688666,32.66724275422655,30.954923941688666,32.66724275422655,87.70395877960583,68.7741509770877,190.8657629077001,0.9581048375267692,519.9998262569229,519.9998262569229,0.2096804294752637,0.2096804294752637,1.0,1.0,0.9887165723172019,408.0,408.0,221.25551988946597,196.0
389,19.45,442.7120935622587,253.780925872161,850.4330803984152,268.86724064253235,1.0,408.0,408.0,221.25560674819772,0.5392156862745098,32.0,24.0,32.0,24.0,88.0,68.0,196.0,0.9313725490196079,516.0,516.0,0.2093023255813954,0.2093023255813954,19.45,56.544885177453025,410.9220494908912,410.9220494908912,219.1604640025376,0.5607052221868044,30.95161273696729,32.66374371166279,30.95161273696729,32.66374371166279,87.69457616246237,68.76678510071987,190.8453317790789,0.9581048033115376,519.9998262569229,519.9998262569229,0.2097650254062552,0.2097650254062552,1.0,1.0,0.9887149931788377,408.0,408.0,221.25560674819772,196.0
390,19.5,442.71239469308364,253.80015445945568,850.4353339448936,268.8336107441846,1.0,408.0,408.0,221.25523920044614,0.5392156862745098,32.0,24.0,32.0,24.0,88.0,68.0,196.0,0.9313725490196079,516.0,516.0,0.2093023255813954,0.2093023255813954,19.5,56.63883089770355,410.88004506796864,410.88004506796864,219.19864877662587,0.5607052437693715,30.948450982289927,32.6604025938681,30.948450982289927,32.6604025938681,87.68561702566424,68.7597516741182,190.82582279202816,0.9581047706098254,519.9998262569229,519.9998262569229,0.2098458031696343,0.2098458031696343,1.0,1.0,0.9887113238925695,408.0,408.0,221.2556183100537,196.0
391,19.55,442.7125724153052,253.767122715575,850.433497400842,268.8551089608707,1.0,408.0,408.0,221.2556183100537,0.5588235294117647,32.0,24.0,32.0,24.0,88.0,68.0,196.0,0.9313725490196079,516.0,516.0,0.2093023255813954,0.2093023255813954,19.55,56.73277661795407,410.83993791942584,410.83993791942584,219.2351088023125,0.5607052643956274,30.945432040562736,32.657212387670654,30.945432040562736,32.657212387670654,87.67706256246348,68.75303593371146,190.8071949950175,0.9581047393571076,519.9998262569229,519.9998262569229,0.2099229323272179,0.2099229323272179,1.0,1.0,0.988715108602641,408.0,408.0,221.25576492848478,196.0
392,19.6,442.7128875690913,253.7420351884665,850.4326178358373,268.8622716684934,1.0,408.0,408.0,221.25584066233125,0.5392156862745098,32.0,24.0,32.0,24.0,88.0,68.0,196.0,0.9313725490196079,516.0,516.0,0.2093023255813954,0.2093023255813954,19.6,56.82672233820459,410.80164366057136,410.80164366057136,219.2699207910256,0.5607052841064833,30.94254955979912,32.654166381135695,30.94254955979912,32.654166381135695,87.66889477398233,68.74662375007361,190.78940919558065,0.9581047094913948,519.9998262569229,519.9998262569229,0.2099965751573128,0.2099965751573128,1.0,1.0,0.9887173283799493,408.0,408.0,221.25576798864256,196.0
393,19.65,442.71294264525227,253.72074660392994,850.4312347944979,268.87971249552265,1.0,408.0,408.0,221.2561058573304,0.5392156862745098,32.0,24.0,32.0,24.0,88.0,68.0,196.0,0.9313725490196079,516.0,516.0,0.2093023255813954,0.2093023255813954,19.65,56.920668058455114,410.7650815429377,410.7650815429376,219.3031581486067,0.5607053029412297,30.939797461737072,32.65125815154178,30.939797461737072,32.65125815154178,87.66109643695829,68.74050160260933,190.7724278900911,0.958104680953156,519.9998262569229,519.9998262569229,0.2100668869454859,0.2100668869454858,1.0,1.0,0.988719975862799,408.0,408.0,221.2558067534641,196.0
394,19.7,442.7130575592555,253.73997909246694,850.4329706683054,268.8552843936787,1.0,408.0,408.0,221.2558067534641,0.5392156862745098,32.0,24.0,32.0,24.0,88.0,68.0,196.0,0.9313725490196079,516.0,516.0,0.2093023255813954,0.2093023255813954,19.7,57.01461377870564,410.7301743080667,410.7301743080667,219.33489110822995,0.5607053209375874,30.9371699308314,32.64848155375188,30.9371699308314,32.64848155375188,87.65365107255454,68.73465655507431,190.75621519585465,0.9581046536852362,519.9998262569229,519.9998262569229,0.2101340162657438,0.2101340162657438,1.0,1.0,0.988716989862464,408.0,408.0,221.25584066233125,196.0
395,19.75,442.7132112901339,253.7387195804144,850.4333331392015,268.8483932824362,1.0,408.0,408.0,221.25576798864256,0.5588235294117647,32.0,24.0,32.0,24.0,88.0,68.0,196.0,0.9313725490196079,516.0,516.0,0.2093023255813954,0.2093023255813954,19.75,57.10855949895616,410.6968480462234,410.6968480462234,219.36518685884403,0.5607053381317612,30.93466140361744,32.64583070897669,30.93466140361744,32.64583070897669,87.64654291622121,68.72907623192114,190.74073678548697,0.9581046276327784,519.9998262569229,519.9998262569229,0.2101981052522405,0.2101981052522405,1.0,1.0,0.9887166028672321,408.0,408.0,221.25602458718674,196.0
396,19.8,442.7137021762581,253.68487521391523,850.4308621713141,268.87426116483414,1.0,408.0,408.0,221.25631275580264,0.5490196078431373,32.0,28.0,32.0,28.0,88.0,64.0,196.0,0.9313725490196079,516.0,516.0,0.2093023255813954,0.2093023255813954,19.8,57.20250521920668,410.6650320599553,410.6650320599553,219.3941096692052,0.5607053545584907,30.932266558439295,32.64329999392365,30.932266558439295,32.64329999392365,87.63975688859075,68.72374879545538,190.7259598235462,0.9581046027431448,519.9998262569229,519.9998262569229,0.2102592898616608,0.2102592898616608,1.0,1.0,0.9887220413623697,408.0,408.0,221.2561058573304,196.0
397,19.85,442.713682959872,253.68988745850663,850.4311732794766,268.8704041652311,1.0,408.0,408.0,221.25625255982007,0.5392156862745098,32.0,28.0,32.0,28.0,88.0,64.0,196.0,0.9313725490196079,516.0,516.0,0.2093023255813954,0.2093023255813954,19.85,57.2964509394572,410.63465873242274,410.63465873242274,219.42172100757688,0.560705370251101,30.92998030553775,32.64088403032511,30.92998030553775,32.64088403032511,87.6332785673904,68.71866292379053,190.71185290537892,0.9581045789658424,519.9998262569229,519.9998262569229,0.2103177001264318,0.2103177001264318,1.0,1.0,0.9887214404165299,408.0,408.0,221.25625255982007,196.0
398,19.9,442.7136850796011,253.70683618535867,850.4324194898411,268.8539022680112,1.0,408.0,408.0,221.25602458718674,0.5392156862745098,32.0,28.0,32.0,28.0,88.0,64.0,196.0,0.9313725490196079,516.0,516.0,0.2093023255813954,0.2093023255813954,19.9,57.390396659707726,410.6056634004016,410.6056634004016,219.44807965717877,0.5607053852415524,30.927797777489445,32.63857767483731,30.927797777489445,32.63857767483731,87.62709416035281,68.71380778958579,190.6983859981362,0.9581045562524446,519.9998262569229,519.9998262569229,0.2103734603989494,0.2103734603989494,1.0,1.0,0.9887191645303373,408.0,408.0,221.25631275580264,196.0
399,19.95,442.71320820915787,253.71969066689826,850.4319439586278,268.86672070099775,1.0,408.0,408.0,222.2553349675427,0.5784313725490197,32.0,28.0,32.0,28.0,88.0,68.0,192.0,0.9411764705882353,516.0,516.0,0.2093023255813954,0.2093023255813954,19.95,57.48434237995824,410.57798423186506,410.577984231865,219.47324182747477,0.5607053995604888,30.925714319991613,32.63637600930505,30.925714319991613,32.63637600930505,87.62119047910227,68.70917303954933,190.6855303839168,0.9581045345565208,519.9998262569229,519.9998262569229,0.210426689586997,0.2104266895869969,1.0,1.0,0.9986954352066679,408.0,408.0,222.2553349675427,192.0
400,20.0,442.713149953872,253.70744646091703,850.4308777562087,268.88158352698093,1.0,408.0,408.0,222.25551735256238,0.5784313725490197,32.0,28.0,32.0,28.0,88.0,68.0,192.0,0.9411764705882353,516.0,516.0,0.2093023255813954,0.2093023255813954,20.0,57.578288100208766,410.5515621080398,410.5515621080398,219.4972612613924,0.560705413237285,30.923725482982633,32.63427433138054,30.923725482982633,32.63427433138054,87.61555491399636,68.70474877469144,190.67325860498883,0.9581045138335617,519.9998262569229,519.9998262569229,0.2104775013805613,0.2104775013805613,1.0,1.0,0.9986972559846359,408.0,408.0,222.25551735256238,192.0
401,20.05,442.7128271350555,253.68825817543305,850.4285074678114,268.9173097151042,1.0,408.0,408.0,222.2558838255103,0.5784313725490197,32.0,28.0,32.0,28.0,88.0,68.0,192.0,0.9411764705882353,516.0,516.0,0.2093023255813954,0.2093023255813954,20.05,57.67223382045929,410.5263405098305,410.5263405098305,219.52018933857235,0.560705426300093,30.921827012092308,32.63226814549074,30.921827012092308,32.63226814549074,87.61017540989937,68.70052553130847,190.6615444110396,0.9581044940409114,519.9998262569229,519.9998262569229,0.2105260044702467,0.2105260044702467,1.0,1.0,0.9987009145409722,408.0,408.0,222.2558468152277,192.0
402,20.1,442.71294124143145,253.68802080064353,850.428829713476,268.91149896600683,1.0,408.0,408.0,222.2558468152277,0.5784313725490197,32.0,28.0,32.0,28.0,88.0,68.0,192.0,0.9411764705882353,516.0,516.0,0.2093023255813954,0.2093023255813954,20.1,57.766179540709814,410.5022654084992,410.5022654084992,219.54207517474725,0.5607054387758891,30.920014840412477,32.63035315414237,30.920014840412477,32.63035315414237,87.60504044286279,68.69649426267938,190.6503627084022,0.9581044751376968,519.9998262569229,519.9998262569229,0.2105723027575067,0.2105723027575068,1.0,1.0,0.9987005450615749,408.0,408.0,222.25588084870324,192.0
403,20.15,442.7131303959329,253.67713767331009,850.428588596764,268.9121350177919,1.0,408.0,408.0,222.2559232631711,0.5784313725490197,32.0,28.0,32.0,28.0,88.0,68.0,192.0,0.9411764705882353,516.0,516.0,0.2093023255813954,0.2093023255813954,20.15,57.86012526096033,410.4792851604925,410.4792851604925,219.5629657173535,0.560705450690515,30.91828508057941,32.628525249557384,30.91828508057941,32.628525249557384,87.60013899769193,68.69264632145658,190.63968951120717,0.9581044570847628,519.9998262569229,519.9998262569229,0.2106164955569008,0.2106164955569008,1.0,1.0,0.998701308253263,408.0,408.0,222.2558838255103,192.0
404,20.2,442.71334428889696,253.65692940893294,850.4277261046832,268.92070550042774,1.0,408.0,408.0,222.25611348066417,0.5784313725490197,32.0,28.0,32.0,28.0,88.0,68.0,192.0,0.9411764705882353,516.0,516.0,0.2093023255813954,0.2093023255813954,20.2,57.954070981210855,410.45735040629427,410.45735040629427,219.58290583748015,0.5607054620687234,30.916634017159936,32.626780505627636,30.916634017159936,32.626780505627636,87.59546054636982,68.68897344273037,190.6295018944065,0.958104439844603,519.9998262569229,519.9998262569229,0.2106586777906067,0.2106586777906067,1.0,1.0,0.9987032072240287,408.0,408.0,222.2559232631711,192.0
405,20.25,442.71357994775656,253.66832985398077,850.4292770330096,268.89693288532084,1.0,408.0,408.0,222.25588084870324,0.5784313725490197,32.0,28.0,32.0,28.0,88.0,68.0,192.0,0.9411764705882353,516.0,516.0,0.2093023255813954,0.2093023255813954,20.25,58.04801670146138,410.43641397319425,410.43641397319425,219.60193841826015,0.5607054729342181,30.915058099331276,32.625115170182426,30.915058099331276,32.625115170182426,87.59099502731802,68.68546772774967,190.6197779486129,0.958104423381303,519.9998262569229,519.9998262569229,0.2106989401754054,0.2106989401754054,1.0,1.0,0.9987008848230452,408.0,408.0,222.2559232631711,192.0
406,20.3,442.71394932513005,253.63381001309753,850.4278107762557,268.91147935800336,1.0,408.0,408.0,222.25620491407813,0.5784313725490197,32.0,28.0,32.0,28.0,88.0,68.0,192.0,0.9411764705882353,516.0,516.0,0.2093023255813954,0.2093023255813954,20.3,58.1419624217119,410.41643078185217,410.41643078185217,219.6201044398094,0.560705483309695,30.913553933848306,32.623525657556,30.913553933848306,32.623525657556,87.58673282546522,68.68212162827741,190.6104967367052,0.9581044076604732,519.9998262569229,519.9998262569229,0.2107373694023648,0.2107373694023648,1.0,1.0,0.9987041200179958,408.0,408.0,222.2559232631711,192.0
407,20.35,442.71409133447594,253.62525643645552,850.4275955274401,268.9124569222824,1.0,408.0,408.0,222.25626749064247,0.5784313725490197,32.0,28.0,32.0,28.0,88.0,68.0,192.0,0.9411764705882353,516.0,516.0,0.2093023255813954,0.2093023255813954,20.35,58.23590814196242,410.39735775654367,410.39735775654367,219.637443060821,0.5607054932168821,30.9121182782863,32.62200854145007,30.9121182782863,32.62200854145007,87.58266475310357,68.67892793156275,190.60163825214096,0.9581043926491924,519.9998262569229,519.9998262569229,0.2107740483094441,0.2107740483094441,1.0,1.0,0.9987047447295532,408.0,408.0,222.2559232631711,192.0
408,20.4,442.7141078633754,253.6353195118292,850.4283989511841,268.9015188674525,1.0,408.0,408.0,222.25612944707206,0.5784313725490197,32.0,28.0,32.0,28.0,88.0,68.0,192.0,0.9411764705882353,516.0,516.0,0.2093023255813954,0.2093023255813954,20.4,58.32985386221294,410.37915373896874,410.3791537389687,219.6539916969183,0.5607055026765764,30.910748034553308,32.62056054807715,30.910748034553308,32.62056054807715,87.57878203150287,68.67587974590982,190.59318337892552,0.958104378315948,519.9998262569229,519.9998262569229,0.2108090560472467,0.2108090560472466,1.0,1.0,0.9987033666191575,408.0,408.0,222.2559232631711,192.0
409,20.45,442.71407626861526,253.65152618688725,850.4295123089637,268.88711657349467,1.0,408.0,408.0,222.2559271941423,0.5686274509803921,32.0,28.0,32.0,28.0,88.0,68.0,192.0,0.9411764705882353,516.0,516.0,0.2093023255813954,0.2093023255813954,20.45,58.42379958246347,410.3617794055109,410.36177940551096,219.66978609587295,0.5607055117086817,30.909440242660963,32.61917854958065,30.909440242660963,32.61917854958065,87.57507627326203,68.67297048682394,190.58511385318337,0.958104364630583,519.9998262569229,519.9998262569229,0.2108424682381369,0.210842468238137,1.0,1.0,0.9987013474967587,408.0,408.0,222.25592132889702,192.0
410,20.5,442.71407622360925,253.65197241089848,850.42954532744,268.8866779690417,1.0,408.0,408.0,222.25592132889702,0.5686274509803921,32.0,28.0,32.0,28.0,88.0,68.0,192.0,0.9411764705882353,516.0,516.0,0.2093023255813954,0.2093023255813954,20.5,58.51774530271398,410.3451971878307,410.3451971878307,219.68486040979113,0.5607055203322439,30.90819207474769,32.61785955771856,30.90819207474769,32.61785955771856,87.57153946537144,68.67019386371626,190.5774122262768,0.9581043515642392,519.9998262569229,519.9998262569229,0.2108743571289458,0.2108743571289458,1.0,1.0,0.9987012889431045,408.0,408.0,222.25588084870324,192.0
411,20.55,442.7140527792535,253.6603459620295,850.4300964260195,268.8796676626967,1.0,408.0,408.0,222.25581918698379,0.5686274509803921,32.0,28.0,32.0,28.0,88.0,68.0,192.0,0.9411764705882353,516.0,516.0,0.2093023255813954,0.2093023255813954,20.55,58.61169102296451,410.32937119668054,410.32937119668054,219.69924726437048,0.5607055285654855,30.907000829343215,32.61660071780426,30.907000829343215,32.61660071780426,87.56816395296293,68.66754386714702,190.5700618294231,0.9581043390893048,519.9998262569229,519.9998262569229,0.2109047917374805,0.2109047917374805,1.0,1.0,0.9987002692445265,408.0,408.0,222.25586897314048,192.0
412,20.6,442.7137899283464,253.66360951685553,850.4295538254196,268.89042368877216,1.0,408.0,408.0,222.25586897314048,0.5686274509803921,32.0,28.0,32.0,28.0,88.0,68.0,192.0,0.9411764705882353,516.0,516.0,0.2093023255813954,0.2093023255813954,20.6,58.70563674321503,410.31426714883264,410.31426714883264,219.7129778253288,0.5607055364258395,30.9058639258684,32.6153993028945,30.9058639258684,32.6153993028945,87.56494242372266,68.66501475659128,190.56304673975583,0.958104327179367,519.9998262569229,519.9998262569229,0.2109338379930467,0.2109338379930467,1.0,1.0,0.9987007662674584,408.0,408.0,222.25581918698379,192.0
413,20.65,442.7138372088201,253.67830798861866,850.4307805956948,268.87350707464753,1.0,408.0,408.0,222.25565838684435,0.5686274509803921,32.0,28.0,32.0,28.0,88.0,68.0,192.0,0.9411764705882353,516.0,516.0,0.2093023255813954,0.2093023255813954,20.65,58.799582463465555,410.29985229700696,410.29985229700696,219.72608186210363,0.5607055439299802,30.904778899360053,32.61425270821553,30.904778899360053,32.61425270821553,87.5618678929457,68.66260104870665,190.556351747779,0.9581043158091604,519.9998262569229,519.9998262569229,0.2109615588712045,0.2109615588712045,1.0,1.0,0.9986986639517692,408.0,408.0,222.25571403276822,192.0
414,20.7,442.713849905618,253.68089437784639,850.4310087640749,268.87031083760127,1.0,408.0,408.0,222.25561972459494,0.5784313725490197,32.0,28.0,32.0,28.0,88.0,68.0,192.0,0.9411764705882353,516.0,516.0,0.2093023255813954,0.2093023255813954,20.7,58.89352818371607,410.2860953626959,410.2860953626959,219.73858780891985,0.5607055510938567,30.90374339541478,32.613158445820886,30.90374339541478,32.613158445820886,87.55893368920684,68.66029750608412,190.5499623261693,0.958104304954519,519.9998262569229,519.9998262569229,0.2109880145229498,0.2109880145229498,1.0,1.0,0.9986982779805308,408.0,408.0,222.25567436120366,192.0
415,20.75,442.7139134076333,253.6773562470984,850.430937287507,268.87039539462853,1.0,408.0,408.0,222.25564395086968,0.5784313725490197,32.0,28.0,32.0,28.0,88.0,68.0,192.0,0.9411764705882353,516.0,516.0,0.2093023255813954,0.2093023255813954,20.75,58.987473903966595,410.2729664717784,410.2729664717784,219.7505228233202,0.5607055579327195,30.90275516534163,32.61211413946981,30.90275516534163,32.61211413946981,87.55613344062763,68.65809912646904,190.5438645998703,0.958104294592335,519.9998262569229,519.9998262569229,0.2110132623985345,0.2110132623985345,1.0,1.0,0.9986985198351929,408.0,408.0,222.25567436120366,192.0
416,20.8,442.7138368993503,253.67710650089174,850.4306911614948,268.87469678952857,1.0,408.0,408.0,222.25567436120366,0.5784313725490197,32.0,28.0,32.0,28.0,88.0,68.0,192.0,0.9411764705882353,516.0,516.0,0.2093023255813954,0.2093023255813954,20.8,59.08141962421712,410.26043709282294,410.26043709282294,219.7619128422533,0.5607055644611535,30.901812061518484,32.6111175197197,30.901812061518484,32.6111175197197,87.55346106171604,68.65600113242988,190.53804531743884,0.9581042847005108,519.9998262569229,519.9998262569229,0.211037357366115,0.211037357366115,1.0,1.0,0.9986988234262784,408.0,408.0,222.25565838684435,192.0
417,20.85,442.7136994365095,253.68259715690235,850.4306864338745,268.87662604296634,1.0,408.0,408.0,222.25565056657285,0.5686274509803921,32.0,28.0,32.0,28.0,88.0,68.0,192.0,0.9411764705882353,516.0,516.0,0.2093023255813954,0.2093023255813954,20.85,59.17536534446764,410.2484799779781,410.2484799779781,219.77278263580783,0.5607055706931013,30.900912032942273,32.61016641922555,30.900912032942273,32.61016641922555,87.5509107407589,68.65399896146104,190.53249182359028,0.9581042752579187,519.9998262569229,519.9998262569229,0.2110603518254228,0.2110603518254228,1.0,1.0,0.9986985858807848,408.0,408.0,222.25565056657285,192.0
418,20.9,442.7139937558567,253.66989472501612,850.4306264354508,268.8734284067924,1.0,408.0,408.0,222.25571403276822,0.5686274509803921,32.0,28.0,32.0,28.0,88.0,68.0,192.0,0.9411764705882353,516.0,516.0,0.2093023255813954,0.2093023255813954,20.9,59.26931106471816,410.237069106352,410.237069106352,219.78315585868293,0.5607055766418944,30.90005312096656,32.60925876823529,30.90005312096656,32.60925876823529,87.54847692774477,68.65208825650275,190.52719203290263,0.9581042662443612,519.9998262569229,519.9998262569229,0.2110822958166509,0.2110822958166509,1.0,1.0,0.9986992194736667,408.0,408.0,222.25564395086968,192.0
419,20.95,442.7138873117823,253.6824335636868,850.4312332123243,268.8668285736216,1.0,408.0,408.0,222.2555861152687,0.5686274509803921,32.0,28.0,32.0,28.0,88.0,68.0,192.0,0.9411764705882353,516.0,516.0,0.2093023255813954,0.2093023255813954,20.95,59.36325678496869,410.2261796297925,410.2261796297925,219.79305509948068,0.5607055823202752,30.89923345522084,32.60839259027816,30.89923345522084,32.60839259027816,87.54615432279901,68.65026485686194,190.52213440463257,0.9581042576405292,519.9998262569229,519.9998262569229,0.2111032371247239,0.2111032371247239,1.0,1.0,0.9986979424534089,408.0,408.0,222.25561972459494,192.0
420,21.0,442.7136219156239,253.67606104645347,850.4299738601908,268.88712139785775,1.0,408.0,408.0,222.25576420480223,0.5686274509803921,32.0,28.0,32.0,28.0,88.0,68.0,192.0,0.9411764705882353,516.0,516.0,0.2093023255813954,0.2093023255813954,21.0,59.45720250521921,410.2157878209656,410.2157878209656,219.802501927904,0.5607055877404248,30.89845124970168,32.607565998034204,30.89845124970168,32.607565998034204,87.54393786510879,68.64852478951917,190.51730791860177,0.9581042494279672,519.9998262569229,519.9998262569229,0.211123221379145,0.211123221379145,1.0,1.0,0.9986997203488718,408.0,408.0,222.2555861152687,192.0
421,21.05,442.71359447563543,253.69655784673284,850.4313996028166,268.86861710953434,1.0,408.0,408.0,222.25550340716916,0.5686274509803921,32.0,24.0,32.0,24.0,88.0,72.0,192.0,0.9411764705882353,516.0,516.0,0.2093023255813954,0.2093023255813954,21.05,59.55114822546973,410.2058710236521,410.2058710236521,219.8115169399416,0.5607055929139847,30.897704799031345,32.60677718938152,30.897704799031345,32.60677718938152,87.54182272232212,68.64686426080584,190.51270205211125,0.9581042415890356,519.9998262569229,519.9998262569229,0.2111422921495814,0.2111422921495814,1.0,1.0,0.9986971167656102,408.0,408.0,222.25550340716916,192.0
422,21.1,442.7135448514508,253.7002664973328,850.431523854133,268.86765249388543,1.0,408.0,408.0,222.25547202097437,0.5784313725490197,32.0,24.0,32.0,24.0,88.0,72.0,192.0,0.9411764705882353,516.0,516.0,0.2093023255813954,0.2093023255813954,21.1,59.64509394572025,410.1964076051695,410.1964076051695,219.82011980111892,0.560705597852081,30.896992474876612,32.606024443611176,30.896992474876612,32.606024443611176,87.53980428039904,68.64527964843795,190.5083067578447,0.9581042341068764,519.9998262569229,519.9998262569229,0.2111604910373594,0.2111604910373594,1.0,1.0,0.9986968034323548,408.0,408.0,222.25550340716916,192.0
423,21.15,442.71396241352954,253.70286839778154,850.4329519059482,268.8430667875327,1.0,408.0,408.0,222.25528884706915,0.5686274509803921,32.0,24.0,32.0,24.0,88.0,72.0,192.0,0.9411764705882353,516.0,516.0,0.2093023255813954,0.2093023255813954,21.15,59.73903966597077,410.18737691083913,410.18737691083913,219.82832928789125,0.5607056025653466,30.89631272252109,32.60530611780618,30.89631272252109,32.60530611780618,87.53787813390022,68.64376749389203,190.50411244271965,0.9581042269653788,519.9998262569229,519.9998262569229,0.2111778577630281,0.2111778577630281,1.0,1.0,0.9986949747788201,408.0,408.0,222.25550340716916,192.0
424,21.2,442.71409975064154,253.69573616817644,850.4328386753359,268.84268073323454,1.0,408.0,408.0,222.25533439092595,0.5686274509803921,32.0,24.0,32.0,24.0,88.0,72.0,192.0,0.9411764705882353,516.0,516.0,0.2093023255813954,0.2093023255813954,21.2,59.832985386221296,410.1787592204142,410.1787592204142,219.83616332725333,0.5607056070639405,30.89566405758535,32.604620643375625,30.89566405758535,32.604620643375625,87.53604007669266,68.64232449510897,190.5001099476516,0.9581042201491496,519.9998262569229,519.9998262569229,0.2111944302501517,0.2111944302501517,1.0,1.0,0.9986954294502135,408.0,408.0,222.25550340716916,192.0
425,21.25,442.7141923946866,253.68329421185825,850.4322032586888,268.84982371274884,1.0,408.0,408.0,222.255466265486,0.5686274509803921,32.0,24.0,32.0,24.0,88.0,72.0,192.0,0.9411764705882353,516.0,516.0,0.2093023255813954,0.2093023255813954,21.25,59.92693110647181,410.1705357063918,410.1705357063918,219.8436390346369,0.5607056113575701,30.89504506288924,32.60396652273886,30.89504506288924,32.60396652273886,87.53428609305821,68.64094749951441,190.49629052819105,0.9581042136434804,519.9998262569229,519.9998262569229,0.2112102447054787,0.2112102447054787,1.0,1.0,0.9986967459744209,408.0,408.0,222.25550340716916,192.0
426,21.3,442.71421922577076,253.6919428822713,850.4329159732716,268.84002271172284,1.0,408.0,408.0,222.25534204918912,0.5686274509803921,32.0,24.0,32.0,24.0,88.0,72.0,192.0,0.9411764705882353,516.0,516.0,0.2093023255813954,0.2093023255813954,21.3,60.020876826722336,410.1626883941311,410.1626883941311,219.85077275016528,0.5607056154555109,30.89445438544965,32.6033423261527,30.89445438544965,32.6033423261527,87.53261234918715,68.63963349734078,190.4926458360009,0.9581042074343172,519.9998262569229,519.9998262569229,0.2112253356956376,0.2112253356956376,1.0,1.0,0.9986955059038437,408.0,408.0,222.25550340716916,192.0
427,21.35,442.714214313588,253.66895963940846,850.4312144870619,268.8626349532865,1.0,408.0,408.0,222.25564820334273,0.5686274509803921,32.0,24.0,32.0,24.0,88.0,72.0,192.0,0.9411764705882353,516.0,516.0,0.2093023255813954,0.2093023255813954,21.35,60.11482254697286,410.1552001237064,410.1552001237064,219.8575800733321,0.5607056193666233,30.893890733608657,32.60274668867811,30.893890733608657,32.60274668867811,87.53101518504141,68.63837961523947,190.48916790113873,0.9581042015082346,519.9998262569229,519.9998262569229,0.2112397362204967,0.2112397362204967,1.0,1.0,0.9986985622882916,408.0,408.0,222.25554437024203,192.0
428,21.4,442.71407949585057,253.66664825547196,850.430642227982,268.87205761845405,1.0,408.0,408.0,222.2557265429559,0.5686274509803921,32.0,24.0,32.0,24.0,88.0,72.0,192.0,0.9411764705882353,516.0,516.0,0.2093023255813954,0.2093023255813954,21.4,60.208768267223384,410.1480545134219,410.1480545134218,219.86407589616863,0.5607056230993721,30.893352874287984,32.60217830727774,30.893352874287984,32.60217830727774,87.52949110657211,68.63718311017185,190.4858491151122,0.9581041958524072,519.9998262569229,519.9998262569229,0.2112534777833276,0.2112534777833274,1.0,1.0,0.9986993443648126,408.0,408.0,222.25563426821572,192.0
429,21.45,442.7142827557198,253.66033028765668,850.4307813346522,268.86745975167554,1.0,408.0,408.0,222.25573801134118,0.5686274509803921,32.0,24.0,32.0,24.0,88.0,72.0,192.0,0.9411764705882353,516.0,516.0,0.2093023255813954,0.2093023255813954,21.45,60.3027139874739,410.1412359249208,410.1412359249208,219.87027443496203,0.5607056266618432,30.89283963036192,32.601635938040516,30.89283963036192,32.601635938040516,87.52803677827846,68.63604136356729,190.48268221467265,0.9581041904545826,519.9998262569229,519.9998262569229,0.211266590457903,0.211266590457903,1.0,1.0,0.9986994588554833,408.0,408.0,222.25564820334273,192.0
430,21.5,442.71423724788815,253.66666942927537,850.4311138944902,268.86365918183935,1.0,408.0,408.0,222.25567035005844,0.5686274509803921,32.0,24.0,32.0,24.0,88.0,72.0,192.0,0.9411764705882353,516.0,516.0,0.2093023255813954,0.2093023255813954,21.5,60.396659707724424,410.1347294298226,410.1347294298226,219.87618926058423,0.5607056300617602,30.892349878146035,32.60111839352831,30.892349878146035,32.60111839352831,87.52664901609093,68.63495187573687,190.4796602663204,0.9581041853030592,519.9998262569229,519.9998262569229,0.2112791029526572,0.2112791029526572,1.0,1.0,0.9986987833823929,408.0,408.0,222.25567035005844,192.0
431,21.55,442.7143383433322,253.66668457740144,850.4314161864604,268.8582755099059,1.0,408.0,408.0,222.25563426821572,0.5686274509803921,32.0,24.0,32.0,24.0,88.0,72.0,192.0,0.9411764705882353,516.0,516.0,0.2093023255813954,0.2093023255813954,21.55,60.49060542797495,410.1285207778245,410.1285207778245,219.88183332748983,0.5607056333065008,30.891882544996832,32.60062454023819,30.891882544996832,32.60062454023819,87.5253247805679,68.63391226053173,190.47677665148984,0.9581041803866572,519.9998262569229,519.9998262569229,0.2112910426720274,0.2112910426720274,1.0,1.0,0.9986984231717551,408.0,408.0,222.2557193509442,192.0
432,21.6,442.713988336273,253.6828775107062,850.4315662088264,268.8610425426968,1.0,408.0,408.0,222.25554437024203,0.5686274509803921,32.0,24.0,32.0,24.0,88.0,72.0,192.0,0.9411764705882353,516.0,516.0,0.2093023255813954,0.2093023255813954,21.6,60.58455114822547,410.1225963662062,410.12259636620615,219.88721900143844,0.5607056364031104,30.89143660701518,32.60015329617775,30.89143660701518,32.60015329617775,87.52406117039084,68.63292024023711,190.4740250523853,0.9581041756947022,519.9998262569229,519.9998262569229,0.2113024357751003,0.2113024357751002,1.0,1.0,0.9986975257063265,408.0,408.0,222.2557193509442,192.0
433,21.65,442.71424160979404,253.66284556749736,850.4308445584577,268.86717652948704,1.0,408.0,408.0,222.2557193509442,0.5686274509803921,32.0,24.0,32.0,24.0,88.0,72.0,192.0,0.9411764705882353,516.0,516.0,0.2093023255813954,0.2093023255813954,21.65,60.67849686847599,410.11694321067864,410.11694321067864,219.892358085995,0.5607056393583189,30.89101108685284,32.59970362854503,30.89101108685284,32.59970362854503,87.52285541614732,68.63197364069185,190.4713994384416,0.9581041712169966,519.9998262569229,519.9998262569229,0.2113133072316702,0.2113133072316702,1.0,1.0,0.998699272565843,408.0,408.0,222.2557193509442,192.0
434,21.7,442.7141116234469,253.6596093258001,850.4302174650447,268.8772647747509,1.0,408.0,408.0,222.25580810483626,0.5686274509803921,32.0,24.0,32.0,24.0,88.0,72.0,192.0,0.9411764705882353,516.0,516.0,0.2093023255813954,0.2093023255813954,21.7,60.77244258872651,410.1115489175201,410.1115489175201,219.8972618478598,0.5607056421785527,30.890605051614727,32.59927455151336,30.890605051614727,32.59927455151336,87.52170487438671,68.63107038662156,190.46889405338376,0.9581041669438036,519.9998262569229,519.9998262569229,0.2113236808758257,0.2113236808758257,1.0,1.0,0.9987001586097272,408.0,408.0,222.25571239080125,192.0
435,21.75,442.7139369030526,253.65994237892667,850.4297206891456,268.8862239897424,1.0,408.0,408.0,222.2558654368422,0.5686274509803921,32.0,24.0,32.0,24.0,88.0,72.0,192.0,0.9411764705882353,516.0,516.0,0.2093023255813954,0.2093023255813954,21.75,60.86638830897704,410.10640165694514,410.10640165694514,219.9019410410781,0.5607056448699492,30.890217610854307,32.59886512411276,30.890217610854307,32.59886512411276,87.52060702194098,68.63020849718019,190.46650340285692,0.958104162865824,519.9998262569229,519.9998262569229,0.2113335794571618,0.2113335794571618,1.0,1.0,0.9987007309640438,408.0,408.0,222.25571239080125,192.0
436,21.8,442.7138100270405,253.66753301052336,850.4299042709987,268.88549918382654,1.0,408.0,408.0,222.25581017172806,0.5686274509803921,32.0,24.0,32.0,24.0,88.0,72.0,192.0,0.9411764705882353,516.0,516.0,0.2093023255813954,0.2093023255813954,21.8,60.96033402922755,410.10149013765454,410.10149013765454,219.90640593017645,0.5607056474383688,30.889847914658247,32.59847444820551,30.889847914658247,32.59847444820551,87.51955945049589,68.62938608168852,190.46422224260635,0.9581041589741774,519.9998262569229,519.9998262569229,0.2113430246897226,0.2113430246897226,1.0,1.0,0.9987001792438289,408.0,408.0,222.2557193509442,192.0
437,21.85,442.7139334966794,253.67758519438678,850.4310139317405,268.86910656355525,1.0,408.0,408.0,222.25563380305007,0.5686274509803921,32.0,24.0,32.0,24.0,88.0,72.0,192.0,0.9411764705882353,516.0,516.0,0.2093023255813954,0.2093023255813954,21.85,61.05427974947808,410.0968035825124,410.0968035825124,219.9106663122724,0.5607056498894081,30.889495151814742,32.59810166655126,30.889495151814742,32.59810166655126,87.51855986140346,68.62860133556138,190.46204556718152,0.9581041552603844,519.9998262569229,519.9998262569229,0.2113520372987766,0.2113520372987766,1.0,1.0,0.9986984185279342,408.0,408.0,222.25580810483626,192.0
438,21.9,442.71392942941543,253.6717441532204,850.4305712870488,268.8750317034284,1.0,408.0,408.0,222.25571239080125,0.5686274509803921,32.0,24.0,32.0,24.0,88.0,72.0,192.0,0.9411764705882353,516.0,516.0,0.2093023255813954,0.2093023255813954,21.9,61.1482254697286,410.09233170530825,410.0923317053083,219.91473153820036,0.5607056522284105,30.88915854806524,32.597745960959315,30.88915854806524,32.597745960959315,87.51760606072502,68.62785253641673,190.45996859914197,0.9581041517163492,519.9998262569229,519.9998262569229,0.211360637065504,0.2113606370655041,1.0,1.0,0.9986992030816555,408.0,408.0,222.25581017172806,192.0
439,21.95,442.71392942941543,253.6717441532204,850.4305712870488,268.8750317034284,1.0,408.0,408.0,222.25571239080125,0.5686274509803921,32.0,24.0,32.0,24.0,88.0,72.0,192.0,0.9411764705882353,516.0,516.0,0.2093023255813954,0.2093023255813954,21.95,61.242171189979125,410.0880646885517,410.0880646885517,219.91861053269807,0.5607056544604786,30.88883736443259,32.5974065505213,30.88883736443259,32.5974065505213,87.51669595449525,68.62713804035728,190.45798677874524,0.9581041483343398,519.9998262569229,519.9998262569229,0.2113688428697008,0.2113688428697008,1.0,1.0,0.9986992030816555,408.0,408.0,222.2558654368422,192.0
440,22.0,442.71374797783824,253.65492696636184,850.4287839690047,268.90121919502525,1.0,408.0,408.0,222.2559980503781,0.5784313725490197,32.0,24.0,32.0,24.0,88.0,72.0,192.0,0.9411764705882353,516.0,516.0,0.2093023255813954,0.2093023255813954,22.0,61.33611691022964,410.0839931622572,410.0839931622572,219.92231181369135,0.5607056565904833,30.888530895624143,32.59708268992517,30.888530895624143,32.59708268992517,87.51582754419717,68.62645627841812,190.4560957540926,0.9581041451069754,519.9998262569229,519.9998262569229,0.2113766727305754,0.2113766727305756,1.0,1.0,0.9987020548655617,408.0,408.0,222.25587594465372,192.0
441,22.05,442.7137611495691,253.66385085315602,850.4294858288346,268.89171509149963,1.0,408.0,408.0,222.25587594465372,0.5686274509803921,32.0,24.0,32.0,24.0,88.0,72.0,192.0,0.9411764705882353,516.0,516.0,0.2093023255813954,0.2093023255813954,22.05,61.430062630480165,410.08010818367734,410.08010818367734,219.9258435107191,0.5607056586230765,30.888238468506103,32.59677366784183,30.888238468506103,32.59677366784183,87.51499892243973,68.62580575317362,190.45429137171607,0.9581041420272084,519.9998262569229,519.9998262569229,0.2113841438457253,0.2113841438457253,1.0,1.0,0.9987008358651575,408.0,408.0,222.25590025599945,192.0
442,22.1,442.7137796017686,253.65817458380835,850.4291198199653,268.8963290245565,1.0,408.0,408.0,222.2559441845292,0.5686274509803921,32.0,24.0,32.0,24.0,88.0,72.0,192.0,0.9411764705882353,516.0,516.0,0.2093023255813954,0.2093023255813954,22.1,61.52400835073069,410.0764012179412,410.0764012179412,219.92921338253356,0.5607056605626985,30.88795944064634,32.596478805385885,30.88795944064634,32.596478805385885,87.51420826882722,68.62518503549468,190.45256966758703,0.9581041390883106,519.9998262569229,519.9998262569229,0.211391272628369,0.211391272628369,1.0,1.0,0.998701517114429,408.0,408.0,222.2559441845292,192.0
443,22.15,442.71375822990626,253.66208308214817,850.42934606111,268.89361089310665,1.0,408.0,408.0,222.25590025599945,0.5686274509803921,32.0,24.0,32.0,24.0,88.0,72.0,192.0,0.9411764705882353,516.0,516.0,0.2093023255813954,0.2093023255813954,22.15,61.61795407098121,410.07286411955965,410.07286411955965,219.93242883391363,0.5607056624135892,30.887693198922364,32.59619745464357,30.887693198922364,32.59619745464357,87.51345384601564,68.62459276145319,190.4509268585249,0.9581041362838576,519.9998262569229,519.9998262569229,0.2113980747429139,0.2113980747429139,1.0,1.0,0.9987010785690963,408.0,408.0,222.2559980503781,192.0
444,22.2,442.7141951884787,253.63197936108278,850.4284108831129,268.9001921087939,1.0,408.0,408.0,222.2561427069451,0.5686274509803921,32.0,24.0,32.0,24.0,88.0,72.0,192.0,0.9411764705882353,516.0,516.0,0.2093023255813954,0.2093023255813954,22.2,61.71189979123173,410.06948911476024,410.06948911476024,219.93549693172343,0.5607056641797954,30.887439158190915,32.59592899726934,30.887439158190915,32.59592899726934,87.51273399594412,68.62402762936232,190.44935933399353,0.9581041336077178,519.9998262569229,519.9998262569229,0.2114045651389275,0.2114045651389275,1.0,1.0,0.9987034989945288,408.0,408.0,222.2561427069451,192.0
445,22.25,442.7142045217894,253.621088482465,850.4276223951654,268.910590959978,1.0,408.0,408.0,222.25628258613264,0.5882352941176471,32.0,24.0,32.0,24.0,88.0,72.0,192.0,0.9411764705882353,516.0,516.0,0.2093023255813954,0.2093023255813954,22.25,61.805845511482254,410.06626878461367,410.06626878461367,219.9384244202518,0.5607056658651811,30.88719676001898,32.5956728431421,30.88719676001898,32.5956728431421,87.51204713623613,68.62348839695255,190.4478636482639,0.9581041310540364,519.9998262569229,519.9998262569229,0.2114107580835863,0.2114107580835863,1.0,1.0,0.9987048954301752,408.0,408.0,222.2561427069451,192.0
446,22.3,442.7142045217894,253.621088482465,850.4276223951654,268.910590959978,1.0,408.0,408.0,222.25628258613264,0.5882352941176471,32.0,24.0,32.0,24.0,88.0,72.0,192.0,0.9411764705882353,516.0,516.0,0.2093023255813954,0.2093023255813954,22.3,61.89979123173278,410.0631960489179,410.0631960489179,219.94121773586176,0.5607056674734351,30.88696547146972,32.59542842908394,30.88696547146972,32.59542842908394,87.51139175676221,68.62297387867277,190.44643651292927,0.9581041286172248,519.9998262569229,519.9998262569229,0.2114166671926679,0.2114166671926679,1.0,1.0,0.9987048954301752,408.0,408.0,222.2561427069451,192.0
447,22.35,442.71421676311746,253.62949525525332,850.4282896519412,268.901520936442,1.0,408.0,408.0,222.25616780346067,0.5686274509803921,32.0,24.0,32.0,24.0,88.0,72.0,192.0,0.9411764705882353,516.0,516.0,0.2093023255813954,0.2093023255813954,22.35,61.9937369519833,410.0602641508089,410.0602641508089,219.9438830209816,0.5607056690080776,30.886744783944636,32.59519521763619,30.886744783944636,32.59519521763619,87.5107664163575,68.62248294311313,190.4450747897574,0.9581041262919476,519.9998262569229,519.9998262569229,0.211422305460146,0.211422305460146,1.0,1.0,0.9987037495369402,408.0,408.0,222.2561427069451,192.0
448,22.4,442.71417565255274,253.63178564259042,850.4283378227371,268.9014276116933,1.0,408.0,408.0,222.25615211627715,0.5882352941176471,32.0,24.0,32.0,24.0,88.0,72.0,192.0,0.9411764705882353,516.0,516.0,0.2093023255813954,0.2093023255813954,22.4,62.08768267223382,410.0574666420607,410.0574666420607,219.94642613746709,0.5607056704724703,30.88653421207661,32.59497269588968,30.88653421207661,32.59497269588968,87.5101697396867,68.62201451054423,190.44377548386348,0.958104124073113,519.9998262569229,519.9998262569229,0.2114276852864592,0.2114276852864592,1.0,1.0,0.9987035929293515,408.0,408.0,222.2561427069451,192.0
449,22.45,442.71416014429735,253.63157402228538,850.4282754906575,268.9024661813878,1.0,408.0,408.0,222.25616034471102,0.5686274509803921,32.0,24.0,32.0,24.0,88.0,72.0,192.0,0.9411764705882353,516.0,516.0,0.2093023255813954,0.2093023255813954,22.45,62.18162839248434,410.054797369051,410.054797369051,219.94885267936047,0.5607056718698217,30.88633329267438,32.59476037436923,30.88633329267438,32.59476037436923,87.50960041424989,68.62156755056633,190.44253573719124,0.958104121955859,519.9998262569229,519.9998262569229,0.2114328185055007,0.2114328185055007,1.0,1.0,0.9987036750750844,408.0,408.0,222.2561427069451,192.0
450,22.5,442.714092318595,253.63515531516683,850.4283400914582,268.9025114388815,1.0,408.0,408.0,222.2561370660208,0.5686274509803921,32.0,24.0,32.0,24.0,88.0,72.0,192.0,0.9411764705882353,516.0,516.0,0.2093023255813954,0.2093023255813954,22.5,62.275574112734866,410.0522504593565,410.0522504593565,219.9511679850754,0.5607056732031938,30.886141583712657,32.59455778596646,30.886141583712657,32.59455778596646,87.50905718752412,68.62114107986538,190.4413528222879,0.9581041199355452,519.9998262569229,519.9998262569229,0.2114377164103958,0.2114377164103958,1.0,1.0,0.9987034426803059,408.0,408.0,222.2561370660208,192.0
451,22.55,442.714092318595,253.63515531516683,850.4283400914582,268.9025114388815,1.0,408.0,408.0,222.2561370660208,0.5686274509803921,32.0,24.0,32.0,24.0,88.0,72.0,192.0,0.9411764705882353,516.0,516.0,0.2093023255813954,0.2093023255813954,22.55,62.36951983298538,410.0498203089549,410.0498203089549,219.95337714903175,0.5607056744755099,30.885958663368857,32.59436448492252,30.885958663368857,32.59436448492252,87.50853886423367,68.62073416006996,190.44022413635983,0.9581041180077432,519.9998262569229,519.9998262569229,0.2114423897781143,0.2114423897781142,1.0,1.0,0.9987034426803059,408.0,408.0,222.2561370660208,192.0
452,22.6,442.714092318595,253.63515531516683,850.4283400914582,268.9025114388815,1.0,408.0,408.0,222.2561370660208,0.5686274509803921,32.0,24.0,32.0,24.0,88.0,72.0,192.0,0.9411764705882353,516.0,516.0,0.2093023255813954,0.2093023255813954,22.6,62.463465553235906,410.04750157000433,410.04750157000433,219.95548503276473,0.5607056756895603,30.885784129103968,32.594180045855666,30.885784129103968,32.594180045855666,87.50804430374325,68.62034589570519,190.4391471955963,0.9581041161682252,519.9998262569229,519.9998262569229,0.2114468488929707,0.2114468488929707,1.0,1.0,0.9987034426803059,408.0,408.0,222.2561370660208,192.0
453,22.65,442.714092318595,253.63515531516683,850.4283400914582,268.9025114388815,1.0,408.0,408.0,222.2561370660208,0.5686274509803921,32.0,24.0,32.0,24.0,88.0,72.0,192.0,0.9411764705882353,516.0,516.0,0.2093023255813954,0.2093023255813954,22.65,62.55741127348643,410.04528913917466,410.04528913917466,219.95749627553235,0.5607056768480081,30.885617596783447,32.59400406283331,30.885617596783447,32.59400406283331,87.50757241756934,68.61997543223802,190.43811962975053,0.9581041144129556,519.9998262569229,519.9998262569229,0.2114511035690647,0.2114511035690647,1.0,1.0,0.9987034426803059,408.0,408.0,222.2561370660208,192.0
454,22.7,442.71403192534495,253.64098946337566,850.4285950137344,268.8999227695976,1.0,408.0,408.0,222.25608154899732,0.5686274509803921,32.0,24.0,32.0,24.0,88.0,72.0,192.0,0.9411764705882353,516.0,516.0,0.2093023255813954,0.2093023255813954,22.7,62.651356993736954,410.0431781465064,410.0431781465064,219.95941530444327,0.5607056779533954,30.885458699838978,32.59383614848562,30.885458699838978,32.59383614848562,87.50712216700397,68.61962195421286,190.43713917696496,0.9581041127380824,519.9998262569229,519.9998262569229,0.2114551631717062,0.2114551631717062,1.0,1.0,0.9987028884452409,408.0,408.0,222.2561370660208,192.0
455,22.75,442.71397812600185,253.64735976513407,850.4289089422605,268.89646431240095,1.0,408.0,408.0,222.25601664516995,0.5686274509803921,32.0,24.0,32.0,24.0,88.0,72.0,192.0,0.9411764705882353,516.0,516.0,0.2093023255813954,0.2093023255813954,22.75,62.74530271398747,410.04116394477535,410.04116394477535,219.96124634412607,0.5607056790081483,30.885307088467925,32.5936759331598,30.885307088467925,32.5936759331598,87.50669256084589,68.61928468347023,190.43620367883148,0.9581041111399308,519.9998262569229,519.9998262569229,0.2114590366378678,0.2114590366378678,1.0,1.0,0.9987022405002556,408.0,408.0,222.2561370660208,192.0
456,22.8,442.7144687488158,253.58618832537434,850.4257805078827,268.9317500192651,1.0,408.0,408.0,222.25664801261186,0.5686274509803921,32.0,24.0,32.0,24.0,88.0,72.0,192.0,0.9411764705882353,516.0,516.0,0.2093023255813954,0.2093023255813954,22.8,62.839248434237994,410.039242099336,410.039242099336,219.9629934259608,0.560705680014582,30.885162428868597,32.593523064112304,30.885162428868597,32.593523064112304,87.50628265323505,68.61896287744551,190.4353110756745,0.9581041096149912,519.9998262569229,519.9998262569229,0.2114627324957169,0.2114627324957169,1.0,1.0,0.9987085435394519,408.0,408.0,222.25643585398836,192.0
457,22.85,442.7143864194882,253.60456607506612,850.4269248258372,268.9175026403193,1.0,408.0,408.0,222.25643585398836,0.5686274509803921,32.0,24.0,32.0,24.0,88.0,72.0,192.0,0.9411764705882353,516.0,516.0,0.2093023255813954,0.2093023255813954,22.85,62.93319415448852,410.0374083784277,410.0374083784277,219.96466039689227,0.5607056809749069,30.885024402511107,32.593377204737095,30.885024402511107,32.593377204737095,87.5058915415841,68.61865582754687,190.43445940204845,0.9581041081599152,519.9998262569229,519.9998262569229,0.2114662588832573,0.2114662588832573,1.0,1.0,0.9987064255269746,408.0,408.0,222.25650575257413,192.0
458,22.9,442.7143452910492,253.60033060332762,850.4264807574156,268.92399183213763,1.0,408.0,408.0,222.25650575257413,0.5686274509803921,32.0,24.0,32.0,24.0,88.0,72.0,192.0,0.9411764705882353,516.0,516.0,0.2093023255813954,0.2093023255813954,22.9,63.02713987473904,410.0356587439187,410.0356587439187,219.96625092784384,0.5607056818912318,30.88489270543968,32.59323803383029,30.88489270543968,32.59323803383029,87.50551836460491,68.61836285760468,190.4336467824391,0.958104106771508,519.9998262569229,519.9998262569229,0.2114696235661294,0.2114696235661294,1.0,1.0,0.9987071233354086,408.0,408.0,222.25650575257413,192.0
459,22.95,442.7143452910492,253.60033060332762,850.4264807574156,268.92399183213763,1.0,408.0,408.0,222.25650575257413,0.5686274509803921,32.0,24.0,32.0,24.0,88.0,72.0,192.0,0.9411764705882353,516.0,516.0,0.2093023255813954,0.2093023255813954,22.95,63.12108559498956,410.0339893424711,410.0339893424711,219.9677685217494,0.5607056827655703,30.884767047608932,32.59310524488683,30.884767047608932,32.59310524488683,87.5051623004237,68.61808332239217,190.43287142715943,0.9581041054467182,519.9998262569229,519.9998262569229,0.2114728339546013,0.2114728339546013,1.0,1.0,0.9987071233354086,408.0,408.0,222.25660357434595,192.0
460,23.0,442.71443677934815,253.5863030739852,850.4256926834078,268.9333486898158,1.0,408.0,408.0,222.25665762861615,0.5686274509803921,32.0,24.0,32.0,24.0,88.0,72.0,192.0,0.9411764705882353,516.0,516.0,0.2093023255813954,0.2093023255813954,23.0,63.21503131524008,410.032396497106,410.032396497106,219.96921652122103,0.5607056835998435,30.884647152247737,32.592978545429446,30.884647152247737,32.592978545429446,87.50482256478239,68.61781660621347,190.43213162843296,0.9581041041826353,519.9998262569229,519.9998262569229,0.2114758971197885,0.2114758971197885,1.0,1.0,0.9987086395375158,408.0,408.0,222.25660357434595,192.0
461,23.05,442.71443677934815,253.5863030739852,850.4256926834078,268.9333486898158,1.0,408.0,408.0,222.25665762861615,0.5686274509803921,32.0,24.0,32.0,24.0,88.0,72.0,192.0,0.9411764705882353,516.0,516.0,0.2093023255813954,0.2093023255813954,23.05,63.30897703549061,410.0308766991523,410.03087669915226,219.97059811586823,0.5607056843958848,30.884532755254128,32.59285765636929,30.884532755254128,32.59285765636929,87.50449840932072,68.6175621215545,190.43142575665365,0.9581041029764806,519.9998262569229,519.9998262569229,0.2114788198091376,0.2114788198091375,1.0,1.0,0.9987086395375158,408.0,408.0,222.25660357434595,192.0
462,23.1,442.71449587792404,253.58886073370647,850.4260654668975,268.92757069562066,1.0,408.0,408.0,222.25660357434595,0.5686274509803921,32.0,24.0,32.0,24.0,88.0,72.0,192.0,0.9411764705882353,516.0,516.0,0.2093023255813954,0.2093023255813954,23.1,63.40292275574112,410.0294266005602,410.0294266005602,219.97191634928492,0.560705685155444,30.884423604615932,32.592742311392726,30.884423604615932,32.592742311392726,87.50418911993755,68.61731930779746,190.43075225681665,0.9581041018256032,519.9998262569229,519.9998262569229,0.2114816084612077,0.2114816084612077,1.0,1.0,0.998708099905344,408.0,408.0,222.25650575257413,192.0
463,23.15,442.7143665849418,253.5892498334227,850.4257047258411,268.9341105808275,1.0,408.0,408.0,222.25664346936546,0.5686274509803921,32.0,24.0,32.0,24.0,88.0,72.0,192.0,0.9411764705882353,516.0,516.0,0.2093023255813954,0.2093023255813954,23.15,63.49686847599165,410.0280430065663,410.0280430065663,219.9731741257184,0.5607056858801909,30.88431945985934,32.59263225637966,30.88431945985934,32.59263225637966,87.50389401522587,68.6170876299912,190.43010964511024,0.9581041007274732,519.9998262569229,519.9998262569229,0.2114842692197774,0.2114842692197774,1.0,1.0,0.9987084981835178,408.0,408.0,222.25650575257413,192.0
464,23.2,442.7143665849418,253.5892498334227,850.4257047258411,268.9341105808275,1.0,408.0,408.0,222.25664346936546,0.5686274509803921,32.0,24.0,32.0,24.0,88.0,72.0,192.0,0.9411764705882353,516.0,516.0,0.2093023255813954,0.2093023255813954,23.2,63.59081419624217,410.0267228686887,410.0267228686887,219.97437421643568,0.5607056865717193,30.88422009152129,32.592527248845585,30.88422009152129,32.592527248845585,87.5036124449789,68.6168665776787,190.42949650566425,0.9581040996796756,519.9998262569229,519.9998262569229,0.2114868079473134,0.2114868079473134,1.0,1.0,0.9987084981835178,408.0,408.0,222.25650575257413,192.0
465,23.25,442.71455991592677,253.60204991160992,850.4272571950769,268.91075584516796,1.0,408.0,408.0,222.25640823833447,0.5784313725490197,32.0,24.0,32.0,24.0,88.0,72.0,192.0,0.9411764705882353,516.0,516.0,0.2093023255813954,0.2093023255813954,23.25,63.684759916492695,410.0254632780445,410.0254632780445,219.9755192657999,0.5607056872315503,30.88412528064643,32.59242705740951,30.88412528064643,32.59242705740951,87.50334378876495,68.6166556637787,190.4289114874449,0.9581040986799052,519.9998262569229,519.9998262569229,0.211489230237823,0.211489230237823,1.0,1.0,0.9987061498356143,408.0,408.0,222.25645895064326,192.0
466,23.3,442.7144995447916,253.59979412227125,850.4269049365346,268.916271840044,1.0,408.0,408.0,222.25645895064326,0.5686274509803921,32.0,24.0,32.0,24.0,88.0,72.0,192.0,0.9411764705882353,516.0,516.0,0.2093023255813954,0.2093023255813954,23.3,63.77870563674321,410.0242614589693,410.0242614589693,219.97661179706992,0.5607056878611354,30.884034818307185,32.59233146128781,30.884034818307185,32.59233146128781,87.50308745456601,68.61645442351644,190.42835330129185,0.9581040977259636,519.9998262569229,519.9998262569229,0.2114915414291247,0.2114915414291247,1.0,1.0,0.9987066561044664,408.0,408.0,222.25645341771602,192.0
467,23.35,442.714588586873,253.59784540940277,850.4270258545748,268.91347459106936,1.0,408.0,408.0,222.25645341771602,0.5686274509803921,32.0,24.0,32.0,24.0,88.0,72.0,192.0,0.9411764705882353,516.0,516.0,0.2093023255813954,0.2093023255813954,23.35,63.872651356993735,410.02311476292687,410.02311476292687,219.97765421793636,0.5607056884618593,30.883948505144787,32.59224024980813,30.883948505144787,32.59224024980813,87.50284287747935,68.6162624134046,190.42782071708996,0.958104096815752,519.9998262569229,519.9998262569229,0.2114937466145584,0.2114937466145584,1.0,1.0,0.9987066008683947,408.0,408.0,222.25640823833447,192.0
468,23.4,442.71473828463604,253.61771304886173,850.4289716856829,268.88545296663597,1.0,408.0,408.0,222.2561395934507,0.5686274509803921,32.0,24.0,32.0,24.0,88.0,72.0,192.0,0.9411764705882353,516.0,516.0,0.2093023255813954,0.2093023255813954,23.4,63.96659707724426,410.0220206626982,410.0220206626982,219.9786488258053,0.560705689035044,30.88386615093239,32.59215322194876,30.88386615093239,32.59215322194876,87.5026095184779,68.61607921026966,190.42731256106947,0.9581040959472676,519.9998262569229,519.9998262569229,0.2114958506541626,0.2114958506541626,1.0,1.0,0.9987034679120309,408.0,408.0,222.2562403542176,192.0
469,23.45,442.71471508367347,253.61398560605394,850.4286224327013,268.89043002837616,1.0,408.0,408.0,222.25619686306308,0.5686274509803921,32.0,24.0,32.0,24.0,88.0,72.0,192.0,0.9411764705882353,516.0,516.0,0.2093023255813954,0.2093023255813954,23.45,64.06054279749478,410.02097674683273,410.02097674683273,219.97959781284132,0.5607056895819508,30.88378757415711,32.59207018589592,30.88378757415711,32.59207018589592,87.5023868632266,68.61590441032348,190.4268277132296,0.9581040951185992,519.9998262569229,519.9998262569229,0.2114978581853439,0.2114978581853439,1.0,1.0,0.9987040396434627,408.0,408.0,222.2562403542176,192.0
470,23.5,442.71471508367347,253.61398560605394,850.4286224327013,268.89043002837616,1.0,408.0,408.0,222.25619686306308,0.5686274509803921,32.0,24.0,32.0,24.0,88.0,72.0,192.0,0.9411764705882353,516.0,516.0,0.2093023255813954,0.2093023255813954,23.5,64.1544885177453,410.0199807143544,410.0199807143544,219.98050327078053,0.5607056901037833,30.883712601621625,32.5919909586236,30.883712601621625,32.5919909586236,87.50217442095331,68.61573762827604,190.42636510487984,0.9581040943279232,519.9998262569229,519.9998262569229,0.2114997736330577,0.2114997736330577,1.0,1.0,0.9987040396434627,408.0,408.0,222.2562403542176,192.0
471,23.55,442.7147376474055,253.61008066509635,850.4283968784573,268.8931456857591,1.0,408.0,408.0,222.2562403542176,0.5686274509803921,32.0,24.0,32.0,24.0,88.0,72.0,192.0,0.9411764705882353,516.0,516.0,0.2093023255813954,0.2093023255813954,23.55,64.24843423799582,410.01903036970816,410.01903036970816,219.9813671955244,0.5607056906016904,30.883641068063667,32.59191536549133,30.883641068063667,32.59191536549133,87.50197172337118,68.6155784964896,190.4259237162924,0.9581040935734992,519.9998262569229,519.9998262569229,0.2115016012195264,0.2115016012195264,1.0,1.0,0.9987044738224105,408.0,408.0,222.2562403542176,192.0
472,23.6,442.7147376474055,253.61008066509635,850.4283968784573,268.8931456857591,1.0,408.0,408.0,222.2562403542176,0.5686274509803921,32.0,24.0,32.0,24.0,88.0,72.0,192.0,0.9411764705882353,516.0,516.0,0.2093023255813954,0.2093023255813954,23.6,64.34237995824634,410.0181236179383,410.0181236179383,219.9821914915239,0.5607056910767679,30.883572815793627,32.59184323986037,30.883572815793627,32.59184323986037,87.50177832364996,68.61542666417184,190.42550257446248,0.9581040928536656,519.9998262569229,519.9998262569229,0.2115033449735127,0.2115033449735127,1.0,1.0,0.9987044738224105,408.0,408.0,222.2562403542176,192.0
473,23.65,442.7147376474055,253.61008066509635,850.4283968784573,268.8931456857591,1.0,408.0,408.0,222.2562403542176,0.5686274509803921,32.0,24.0,32.0,24.0,88.0,72.0,192.0,0.9411764705882353,516.0,516.0,0.2093023255813954,0.2093023255813954,23.65,64.43632567849687,410.017258460083,410.017258460083,219.9829779759641,0.5607056915300621,30.88350769434692,32.59177442272767,30.88350769434692,32.59177442272767,87.50159379543383,68.61528179660388,190.42510075097067,0.9581040921668385,519.9998262569229,519.9998262569229,0.2115050087391748,0.2115050087391748,1.0,1.0,0.9987044738224105,408.0,408.0,222.2562403542176,192.0
474,23.7,442.71467843223684,253.6075358755186,850.4280274213662,268.8988751258395,1.0,408.0,408.0,222.25629462583396,0.5686274509803921,32.0,24.0,32.0,24.0,88.0,72.0,192.0,0.9411764705882353,516.0,516.0,0.2093023255813954,0.2093023255813954,23.7,64.53027139874739,410.0164329887844,410.0164329887844,219.983728382757,0.5607056919625708,30.8834455601546,32.591708762376726,30.8834455601546,32.591708762376726,87.50141773190505,68.61514357440579,190.42471735994224,0.9581040915115052,519.9998262569229,519.9998262569229,0.2115065961845103,0.2115065961845103,1.0,1.0,0.9987050156243826,408.0,408.0,222.25627270129007,192.0
475,23.75,442.7146090777356,253.61105198947104,850.4280834810297,268.89904695265636,1.0,408.0,408.0,222.25627270129007,0.5686274509803921,32.0,24.0,32.0,24.0,88.0,72.0,192.0,0.9411764705882353,516.0,516.0,0.2093023255813954,0.2093023255813954,23.75,64.6242171189979,410.0156453840948,410.0156453840948,219.98444436635296,0.5607056923752467,30.88338627622693,32.59164611404367,30.88338627622693,32.59164611404367,87.50124974488956,68.61501169283396,190.4243515561007,0.9581040908862224,519.9998262569229,519.9998262569229,0.2115081108094194,0.2115081108094194,1.0,1.0,0.9987047967482571,408.0,408.0,222.25627270129007,192.0
476,23.8,442.7146090777356,253.61105198947104,850.4280834810297,268.89904695265636,1.0,408.0,408.0,222.25627270129007,0.5686274509803921,32.0,24.0,32.0,24.0,88.0,72.0,192.0,0.9411764705882353,516.0,516.0,0.2093023255813954,0.2093023255813954,23.8,64.71816283924844,410.0148939094756,410.0148939094756,219.98512750537796,0.5607056927689983,30.88332971185244,32.59158633959936,30.88332971185244,32.59158633959936,87.5010894640035,68.61488586111156,190.42400253290873,0.9581040902896136,519.9998262569229,519.9998262569229,0.2115095559534007,0.2115095559534007,1.0,1.0,0.9987047967482571,408.0,408.0,222.25627270129007,192.0
477,23.85,442.7146090777356,253.61105198947104,850.4280834810297,268.89904695265636,1.0,408.0,408.0,222.25627270129007,0.5686274509803921,32.0,24.0,32.0,24.0,88.0,72.0,192.0,0.9411764705882353,516.0,516.0,0.2093023255813954,0.2093023255813954,23.85,64.81210855949895,410.0141769079794,410.0141769079794,219.98577930610415,0.5607056931446933,30.883275742310815,32.59152930724545,30.883275742310815,32.59152930724545,87.50093653583883,68.61476580178856,190.42366952079576,0.9581040897203636,519.9998262569229,519.9998262569229,0.2115109348028926,0.2115109348028926,1.0,1.0,0.9987047967482571,408.0,408.0,222.25627270129007,192.0
478,23.9,442.7146090777356,253.61105198947104,850.4280834810297,268.89904695265636,1.0,408.0,408.0,222.25627270129007,0.5686274509803921,32.0,24.0,32.0,24.0,88.0,72.0,192.0,0.9411764705882353,516.0,516.0,0.2093023255813954,0.2093023255813954,23.9,64.90605427974947,410.0134927986066,410.0134927986066,219.9864012057628,0.560705693503159,30.88322424859814,32.59147489122492,30.88322424859814,32.59147489122492,87.50079062318646,68.61465125013271,190.4233517854644,0.95810408917722,519.9998262569229,519.9998262569229,0.2115122503982799,0.2115122503982799,1.0,1.0,0.9987047967482571,408.0,408.0,222.25627270129007,192.0
479,23.95,442.7146090777356,253.61105198947104,850.4280834810297,268.89904695265636,1.0,408.0,408.0,222.25627270129007,0.5686274509803921,32.0,24.0,32.0,24.0,88.0,72.0,192.0,0.9411764705882353,516.0,516.0,0.2093023255813954,0.2093023255813954,23.95,65.0,410.012840072827,410.012840072827,219.9869945757052,0.5607056938451853,30.883175117165703,32.59142297154497,30.883175117165703,32.59142297154497,87.50065140429409,68.61454195354581,190.4230486262764,0.9581040886589848,519.9998262569229,519.9998262569229,0.2115135056405831,0.2115135056405831,1.0,1.0,0.9987047967482571,408.0,408.0,222.25627270129007,192.0
