frame,time_sec,anchor_x,anchor_y,tip_x,tip_y,quality,length_env_px,length_axis_px,length_axis_skeleton_px,length_axis_alt_px,length_axis_disagreement_px,centerline_disagreement,diameter_max_px,diameter_max_orth_px,diameter_max_thickness_px,diameter_max_feret_px,diameter_p95_px,diameter_mid_median_px,diameter_mid_p90_px,diameter_peak_span_px,diameter_peak_pos_norm,area_proj_px2,area_proj_contour_px2,area_proj_definition_gap_px2,body_mask_area_px2,component_area_px2,excluded_attachment_area_px2,body_mask_attachment_leak_fraction,attachment_count,attachment_border_touch_count,attachment_max_elongation,attachment_max_solidity,attachment_max_orientation_mismatch_deg,attachment_max_distance_to_main_axis_px,x_peak_norm,taper_left_px,taper_right_px,landing_zone_left_px,landing_zone_right_px,transition_zone_left_px,transition_zone_right_px,compaction_zone_length_px,zone_symmetry,branch_count_after_pruning,endpoint_jump_px,axis_peak_position_stability,centerline_points,length_axis_formal_px,area_proj_formal_px2,anchor_jump_px,tip_jump_px,length_axis_ref_px,length_env_ref_px,foreshortening_axis,foreshortening_env,temperature_c,austenite_fraction,area_proj_true_px2,area_proj_true_norm,area_proj_raster_true_px2,area_proj_contour_true_px2,length_env_recovery,length_axis_recovery,diameter_max_recovery,area_proj_recovery,length_env_smooth,length_axis_smooth,diameter_max_smooth,diameter_mid_median_smooth,area_proj_smooth_px2,compaction_zone_smooth,body_mask_area_smooth_px2,axis_definition_gap_smooth_px
0,0.0,125.96277703087833,201.28875479659166,453.161066129379,185.55228425722163,0.9897464474784063,341.955150246651,382.1665303208965,332.33259567565494,394.4090752162859,12.242544895389358,0.032034581587010176,86.23790988092813,86.23790988092813,36.3565673828125,86.86664671909283,86.2258187878865,82.6210947939401,86.23790988092813,168.0,0.3764705882352941,24532.411188572783,24247.0,285.41118857278343,10491.0,10767.0,489.0,0.04541655057118975,1,0,1.8421052631578947,0.9337539432176656,4.5857339319169625,3.851626731169953,0.3764705882352941,0.0,4.0,0.0,4.0,36.0,52.0,248.0,0.9411764705882353,77,11.733766136583103,0.0,129,393.93767281306174,22921.93106005634,,,420.4172446456188,341.9944612110107,0.09098274348133562,0.0001149462018199543,25.0,0.0,25274.0,1.0,25274.0,26105.0,0.10708149366316866,0.005636998542674766,0.20334113012259605,1.0,341.9840205071252,393.93767281306174,81.1921247148462,77.55545927639403,22921.93106005634,248.0,9370.0,11.754213145918868
1,0.05,126.05045286973954,200.39069036723586,453.68342921026647,186.0383628176048,0.9878712615129877,341.9840205071252,393.93767281306174,314.9687370825756,405.6918859589806,11.754213145918868,0.029837748347304384,81.1921247148462,81.23896013832669,36.756591796875,82.00292639590069,80.24005751889504,77.55545927639403,81.1921247148462,152.0,0.6352941176470588,22921.93106005634,22633.5,288.43106005634036,9370.0,9663.0,455.0,0.04708682603746248,1,0,1.8888888888888888,0.9193729003359462,3.971170437695075,3.6818934798522767,0.6352941176470588,0.0,4.0,0.0,4.0,36.0,52.0,248.0,0.9411764705882353,59,11.486311460855216,0.2588235294117647,133,393.93767281306174,22921.93106005634,0.902334068953497,0.7135373537092755,420.4172446456188,341.9944612110107,0.06298402877093545,3.052886835797075e-05,25.1128,0.0,23757.5625,0.94,23719.0,24451.5,0.1069272233581898,0.005636998542674766,0.04342575290022368,1.0,341.9840205071252,393.93767281306174,81.1921247148462,77.55545927639403,22921.93106005634,248.0,9370.0,11.754213145918868
2,0.1,126.05045286973954,200.39069036723586,453.68342921026647,186.0383628176048,0.9878712615129877,341.9840205071252,393.93767281306174,314.9687370825756,405.6918859589806,11.754213145918868,0.029837748347304384,81.1921247148462,81.23896013832669,36.756591796875,82.00292639590069,80.24005751889504,77.55545927639403,81.1921247148462,152.0,0.6352941176470588,22921.93106005634,22633.5,288.43106005634036,9370.0,9663.0,455.0,0.04708682603746248,1,0,1.8888888888888888,0.9193729003359462,3.971170437695075,3.6818934798522767,0.6352941176470588,0.0,4.0,0.0,4.0,36.0,52.0,248.0,0.9411764705882353,59,11.486311460855216,0.0,133,393.93767281306174,22921.93106005634,0.0,0.0,420.4172446456188,341.9944612110107,0.06298402877093545,3.052886835797075e-05,25.2256,0.0,23757.5625,0.94,23719.0,24451.5,0.1069272233581898,0.005636998542674766,0.04342575290022368,1.0,341.9840205071252,393.93767281306174,81.1921247148462,77.55545927639403,22921.93106005634,248.0,9370.0,11.754213145918868
3,0.15,126.05045286973954,200.39069036723586,453.68342921026647,186.0383628176048,0.9878712615129877,341.9840205071252,393.93767281306174,314.9687370825756,405.6918859589806,11.754213145918868,0.029837748347304384,81.1921247148462,81.23896013832669,36.756591796875,82.00292639590069,80.24005751889504,77.55545927639403,81.1921247148462,152.0,0.6352941176470588,22921.93106005634,22633.5,288.43106005634036,9370.0,9663.0,455.0,0.04708682603746248,1,0,1.8888888888888888,0.9193729003359462,3.971170437695075,3.6818934798522767,0.6352941176470588,0.0,4.0,0.0,4.0,36.0,52.0,248.0,0.9411764705882353,59,11.486311460855216,0.0,133,393.93767281306174,22921.93106005634,0.0,0.0,420.4172446456188,341.9944612110107,0.06298402877093545,3.052886835797075e-05,25.3383,0.0,23757.5625,0.94,23719.0,24451.5,0.1069272233581898,0.005636998542674766,0.04342575290022368,1.0,341.9840205071252,393.93767281306174,81.1921247148462,77.55545927639403,22921.93106005634,248.0,9370.0,11.754213145918868
4,0.2,126.05045286973954,200.39069036723586,453.68342921026647,186.0383628176048,0.9878712615129877,341.9840205071252,393.93767281306174,314.9687370825756,405.6918859589806,11.754213145918868,0.029837748347304384,81.1921247148462,81.23896013832669,36.756591796875,82.00292639590069,80.24005751889504,77.55545927639403,81.1921247148462,152.0,0.6352941176470588,22921.93106005634,22633.5,288.43106005634036,9370.0,9663.0,455.0,0.04708682603746248,1,0,1.8888888888888888,0.9193729003359462,3.971170437695075,3.6818934798522767,0.6352941176470588,0.0,4.0,0.0,4.0,36.0,52.0,248.0,0.9411764705882353,59,11.486311460855216,0.0,133,393.93767281306174,22921.93106005634,0.0,0.0,420.4172446456188,341.9944612110107,0.06298402877093545,3.052886835797075e-05,25.4511,0.0,23757.5625,0.94,23719.0,24451.5,0.1069272233581898,0.005636998542674766,0.04342575290022368,1.0,341.9840205071252,393.93767281306174,81.1921247148462,77.55545927639403,22921.93106005634,248.0,9370.0,11.754213145918868
5,0.25,126.05045286973954,200.39069036723586,453.68342921026647,186.0383628176048,0.9878712615129877,341.9840205071252,393.93767281306174,314.9687370825756,405.6918859589806,11.754213145918868,0.029837748347304384,81.1921247148462,81.23896013832669,36.756591796875,82.00292639590069,80.24005751889504,77.55545927639403,81.1921247148462,152.0,0.6352941176470588,22921.93106005634,22633.5,288.43106005634036,9370.0,9663.0,455.0,0.04708682603746248,1,0,1.8888888888888888,0.9193729003359462,3.971170437695075,3.6818934798522767,0.6352941176470588,0.0,4.0,0.0,4.0,36.0,52.0,248.0,0.9411764705882353,59,11.486311460855216,0.0,133,393.93767281306174,22921.93106005634,0.0,0.0,420.4172446456188,341.9944612110107,0.06298402877093545,3.052886835797075e-05,25.5639,0.0,23757.5625,0.94,23719.0,24451.5,0.1069272233581898,0.005636998542674766,0.04342575290022368,1.0,341.9840205071252,393.93767281306174,81.1921247148462,77.55545927639403,22921.93106005634,248.0,9370.0,11.754213145918868
6,0.3,126.05045286973954,200.39069036723586,453.68342921026647,186.0383628176048,0.9878712615129877,341.9840205071252,393.93767281306174,314.9687370825756,405.6918859589806,11.754213145918868,0.029837748347304384,81.1921247148462,81.23896013832669,36.756591796875,82.00292639590069,80.24005751889504,77.55545927639403,81.1921247148462,152.0,0.6352941176470588,22921.93106005634,22633.5,288.43106005634036,9370.0,9663.0,455.0,0.04708682603746248,1,0,1.8888888888888888,0.9193729003359462,3.971170437695075,3.6818934798522767,0.6352941176470588,0.0,4.0,0.0,4.0,36.0,52.0,248.0,0.9411764705882353,59,11.486311460855216,0.0,133,393.93767281306174,22921.93106005634,0.0,0.0,420.4172446456188,341.9944612110107,0.06298402877093545,3.052886835797075e-05,25.6767,0.0,23757.5625,0.94,23719.0,24451.5,0.1069272233581898,0.005636998542674766,0.04342575290022368,1.0,341.9840205071252,393.93767281306174,81.1921247148462,77.55545927639403,22921.93106005634,248.0,9370.0,11.754213145918868
7,0.35,126.05045286973954,200.39069036723586,453.68342921026647,186.0383628176048,0.9878712615129877,341.9840205071252,393.93767281306174,314.9687370825756,405.6918859589806,11.754213145918868,0.029837748347304384,81.1921247148462,81.23896013832669,36.756591796875,82.00292639590069,80.24005751889504,77.55545927639403,81.1921247148462,152.0,0.6352941176470588,22921.93106005634,22633.5,288.43106005634036,9370.0,9663.0,455.0,0.04708682603746248,1,0,1.8888888888888888,0.9193729003359462,3.971170437695075,3.6818934798522767,0.6352941176470588,0.0,4.0,0.0,4.0,36.0,52.0,248.0,0.9411764705882353,59,11.486311460855216,0.0,133,393.93767281306174,22921.93106005634,0.0,0.0,420.4172446456188,341.9944612110107,0.06298402877093545,3.052886835797075e-05,25.7895,0.0,23757.5625,0.94,23719.0,24451.5,0.1069272233581898,0.005636998542674766,0.04342575290022368,1.0,341.9840205071252,393.93767281306174,81.1921247148462,77.55545927639403,22921.93106005634,248.0,9370.0,11.754213145918868
8,0.4,126.05045286973954,200.39069036723586,453.68342921026647,186.0383628176048,0.9878712615129877,341.9840205071252,393.93767281306174,314.9687370825756,405.6918859589806,11.754213145918868,0.029837748347304384,81.1921247148462,81.23896013832669,36.756591796875,82.00292639590069,80.24005751889504,77.55545927639403,81.1921247148462,152.0,0.6352941176470588,22921.93106005634,22633.5,288.43106005634036,9370.0,9663.0,455.0,0.04708682603746248,1,0,1.8888888888888888,0.9193729003359462,3.971170437695075,3.6818934798522767,0.6352941176470588,0.0,4.0,0.0,4.0,36.0,52.0,248.0,0.9411764705882353,59,11.486311460855216,0.0,133,393.93767281306174,22921.93106005634,0.0,0.0,420.4172446456188,341.9944612110107,0.06298402877093545,3.052886835797075e-05,25.9023,0.0,23757.5625,0.94,23719.0,24451.5,0.1069272233581898,0.005636998542674766,0.04342575290022368,1.0,341.9840205071252,393.93767281306174,81.1921247148462,77.55545927639403,22921.93106005634,248.0,9370.0,11.754213145918868
9,0.45,126.05045286973954,200.39069036723586,453.68342921026647,186.0383628176048,0.9878712615129877,341.9840205071252,393.93767281306174,314.9687370825756,405.6918859589806,11.754213145918868,0.029837748347304384,81.1921247148462,81.23896013832669,36.756591796875,82.00292639590069,80.24005751889504,77.55545927639403,81.1921247148462,152.0,0.6352941176470588,22921.93106005634,22633.5,288.43106005634036,9370.0,9663.0,455.0,0.04708682603746248,1,0,1.8888888888888888,0.9193729003359462,3.971170437695075,3.6818934798522767,0.6352941176470588,0.0,4.0,0.0,4.0,36.0,52.0,248.0,0.9411764705882353,59,11.486311460855216,0.0,133,393.93767281306174,22921.93106005634,0.0,0.0,420.4172446456188,341.9944612110107,0.06298402877093545,3.052886835797075e-05,26.015,0.0,23757.5625,0.94,23719.0,24451.5,0.1069272233581898,0.005636998542674766,0.04342575290022368,1.0,341.9840205071252,393.93767281306174,81.1921247148462,77.55545927639403,22921.93106005634,248.0,9370.0,11.754213145918868
10,0.5,126.05045286973954,200.39069036723586,453.68342921026647,186.0383628176048,0.9878712615129877,341.9840205071252,393.93767281306174,314.9687370825756,405.6918859589806,11.754213145918868,0.029837748347304384,81.1921247148462,81.23896013832669,36.756591796875,82.00292639590069,80.24005751889504,77.55545927639403,81.1921247148462,152.0,0.6352941176470588,22921.93106005634,22633.5,288.43106005634036,9370.0,9663.0,455.0,0.04708682603746248,1,0,1.8888888888888888,0.9193729003359462,3.971170437695075,3.6818934798522767,0.6352941176470588,0.0,4.0,0.0,4.0,36.0,52.0,248.0,0.9411764705882353,59,11.486311460855216,0.0,133,393.93767281306174,22921.93106005634,0.0,0.0,420.4172446456188,341.9944612110107,0.06298402877093545,3.052886835797075e-05,26.1278,0.0,23757.5625,0.94,23719.0,24451.5,0.1069272233581898,0.005636998542674766,0.04342575290022368,1.0,341.9840205071252,393.93767281306174,81.1921247148462,77.55545927639403,22921.93106005634,248.0,9370.0,11.754213145918868
11,0.55,126.05045286973954,200.39069036723586,453.68342921026647,186.0383628176048,0.9878712615129877,341.9840205071252,393.93767281306174,314.9687370825756,405.6918859589806,11.754213145918868,0.029837748347304384,81.1921247148462,81.23896013832669,36.756591796875,82.00292639590069,80.24005751889504,77.55545927639403,81.1921247148462,152.0,0.6352941176470588,22921.93106005634,22633.5,288.43106005634036,9370.0,9663.0,455.0,0.04708682603746248,1,0,1.8888888888888888,0.9193729003359462,3.971170437695075,3.6818934798522767,0.6352941176470588,0.0,4.0,0.0,4.0,36.0,52.0,248.0,0.9411764705882353,59,11.486311460855216,0.0,133,393.93767281306174,22921.93106005634,0.0,0.0,420.4172446456188,341.9944612110107,0.06298402877093545,3.052886835797075e-05,26.2406,0.0,23757.5625,0.94,23719.0,24451.5,0.1069272233581898,0.005636998542674766,0.04342575290022368,1.0,341.9840205071252,393.93767281306174,81.1921247148462,77.55545927639403,22921.93106005634,248.0,9370.0,11.754213145918868
12,0.6,126.05045286973954,200.39069036723586,453.68342921026647,186.0383628176048,0.9878712615129877,341.9840205071252,393.93767281306174,314.9687370825756,405.6918859589806,11.754213145918868,0.029837748347304384,81.1921247148462,81.23896013832669,36.756591796875,82.00292639590069,80.24005751889504,77.55545927639403,81.1921247148462,152.0,0.6352941176470588,22921.93106005634,22633.5,288.43106005634036,9370.0,9663.0,455.0,0.04708682603746248,1,0,1.8888888888888888,0.9193729003359462,3.971170437695075,3.6818934798522767,0.6352941176470588,0.0,4.0,0.0,4.0,36.0,52.0,248.0,0.9411764705882353,59,11.486311460855216,0.0,133,393.93767281306174,22921.93106005634,0.0,0.0,420.4172446456188,341.9944612110107,0.06298402877093545,3.052886835797075e-05,26.3534,0.0,23757.5625,0.94,23719.0,24451.5,0.1069272233581898,0.005636998542674766,0.04342575290022368,1.0,341.9840205071252,393.93767281306174,81.1921247148462,77.55545927639403,22921.93106005634,248.0,9370.0,11.754213145918868
13,0.65,126.05045286973954,200.39069036723586,453.68342921026647,186.0383628176048,0.9878712615129877,341.9840205071252,393.93767281306174,314.9687370825756,405.6918859589806,11.754213145918868,0.029837748347304384,81.1921247148462,81.23896013832669,36.756591796875,82.00292639590069,80.24005751889504,77.55545927639403,81.1921247148462,152.0,0.6352941176470588,22921.93106005634,22633.5,288.43106005634036,9370.0,9663.0,455.0,0.04708682603746248,1,0,1.8888888888888888,0.9193729003359462,3.971170437695075,3.6818934798522767,0.6352941176470588,0.0,4.0,0.0,4.0,36.0,52.0,248.0,0.9411764705882353,59,11.486311460855216,0.0,133,393.93767281306174,22921.93106005634,0.0,0.0,420.4172446456188,341.9944612110107,0.06298402877093545,3.052886835797075e-05,26.4662,0.0,23757.5625,0.94,23719.0,24451.5,0.1069272233581898,0.005636998542674766,0.04342575290022368,1.0,341.9840205071252,393.93767281306174,81.1921247148462,77.55545927639403,22921.93106005634,248.0,9370.0,11.754213145918868
14,0.7,126.05045286973954,200.39069036723586,453.68342921026647,186.0383628176048,0.9878712615129877,341.9840205071252,393.93767281306174,314.9687370825756,405.6918859589806,11.754213145918868,0.029837748347304384,81.1921247148462,81.23896013832669,36.756591796875,82.00292639590069,80.24005751889504,77.55545927639403,81.1921247148462,152.0,0.6352941176470588,22921.93106005634,22633.5,288.43106005634036,9370.0,9663.0,455.0,0.04708682603746248,1,0,1.8888888888888888,0.9193729003359462,3.971170437695075,3.6818934798522767,0.6352941176470588,0.0,4.0,0.0,4.0,36.0,52.0,248.0,0.9411764705882353,59,11.486311460855216,0.0,133,393.93767281306174,22921.93106005634,0.0,0.0,420.4172446456188,341.9944612110107,0.06298402877093545,3.052886835797075e-05,26.5789,0.0,23757.5625,0.94,23719.0,24451.5,0.1069272233581898,0.005636998542674766,0.04342575290022368,1.0,341.9840205071252,393.93767281306174,81.1921247148462,77.55545927639403,22921.93106005634,248.0,9370.0,11.754213145918868
15,0.75,126.05045286973954,200.39069036723586,453.68342921026647,186.0383628176048,0.9878712615129877,341.9840205071252,393.93767281306174,314.9687370825756,405.6918859589806,11.754213145918868,0.029837748347304384,81.1921247148462,81.23896013832669,36.756591796875,82.00292639590069,80.24005751889504,77.55545927639403,81.1921247148462,152.0,0.6352941176470588,22921.93106005634,22633.5,288.43106005634036,9370.0,9663.0,455.0,0.04708682603746248,1,0,1.8888888888888888,0.9193729003359462,3.971170437695075,3.6818934798522767,0.6352941176470588,0.0,4.0,0.0,4.0,36.0,52.0,248.0,0.9411764705882353,59,11.486311460855216,0.0,133,393.93767281306174,22921.93106005634,0.0,0.0,420.4172446456188,341.9944612110107,0.06298402877093545,3.052886835797075e-05,26.6917,0.0,23757.5625,0.94,23719.0,24451.5,0.1069272233581898,0.005636998542674766,0.04342575290022368,1.0,341.9840205071252,393.93767281306174,81.1921247148462,77.55545927639403,22921.93106005634,248.0,9370.0,11.754213145918868
16,0.8,126.05045286973954,200.39069036723586,453.68342921026647,186.0383628176048,0.9878712615129877,341.9840205071252,393.93767281306174,314.9687370825756,405.6918859589806,11.754213145918868,0.029837748347304384,81.1921247148462,81.23896013832669,36.756591796875,82.00292639590069,80.24005751889504,77.55545927639403,81.1921247148462,152.0,0.6352941176470588,22921.93106005634,22633.5,288.43106005634036,9370.0,9663.0,455.0,0.04708682603746248,1,0,1.8888888888888888,0.9193729003359462,3.971170437695075,3.6818934798522767,0.6352941176470588,0.0,4.0,0.0,4.0,36.0,52.0,248.0,0.9411764705882353,59,11.486311460855216,0.0,133,393.93767281306174,22921.93106005634,0.0,0.0,420.4172446456188,341.9944612110107,0.06298402877093545,3.052886835797075e-05,26.8045,0.0,23757.5625,0.94,23719.0,24451.5,0.1069272233581898,0.005636998542674766,0.04342575290022368,1.0,341.9840205071252,393.93767281306174,81.1921247148462,77.55545927639403,22921.93106005634,248.0,9370.0,11.754213145918868
17,0.85,126.05045286973954,200.39069036723586,453.68342921026647,186.0383628176048,0.9878712615129877,341.9840205071252,393.93767281306174,314.9687370825756,405.6918859589806,11.754213145918868,0.029837748347304384,81.1921247148462,81.23896013832669,36.756591796875,82.00292639590069,80.24005751889504,77.55545927639403,81.1921247148462,152.0,0.6352941176470588,22921.93106005634,22633.5,288.43106005634036,9370.0,9663.0,455.0,0.04708682603746248,1,0,1.8888888888888888,0.9193729003359462,3.971170437695075,3.6818934798522767,0.6352941176470588,0.0,4.0,0.0,4.0,36.0,52.0,248.0,0.9411764705882353,59,11.486311460855216,0.0,133,393.93767281306174,22921.93106005634,0.0,0.0,420.4172446456188,341.9944612110107,0.06298402877093545,3.052886835797075e-05,26.9173,0.0,23757.5625,0.94,23719.0,24451.5,0.1069272233581898,0.005636998542674766,0.04342575290022368,1.0,341.9840205071252,393.93767281306174,81.1921247148462,77.55545927639403,22921.93106005634,248.0,9370.0,11.754213145918868
18,0.9,126.05045286973954,200.39069036723586,453.68342921026647,186.0383628176048,0.9878712615129877,341.9840205071252,393.93767281306174,314.9687370825756,405.6918859589806,11.754213145918868,0.029837748347304384,81.1921247148462,81.23896013832669,36.756591796875,82.00292639590069,80.24005751889504,77.55545927639403,81.1921247148462,152.0,0.6352941176470588,22921.93106005634,22633.5,288.43106005634036,9370.0,9663.0,455.0,0.04708682603746248,1,0,1.8888888888888888,0.9193729003359462,3.971170437695075,3.6818934798522767,0.6352941176470588,0.0,4.0,0.0,4.0,36.0,52.0,248.0,0.9411764705882353,59,11.486311460855216,0.0,133,393.93767281306174,22921.93106005634,0.0,0.0,420.4172446456188,341.9944612110107,0.06298402877093545,3.052886835797075e-05,27.0301,0.0,23757.5625,0.94,23719.0,24451.5,0.1069272233581898,0.005636998542674766,0.04342575290022368,1.0,341.9840205071252,393.93767281306174,81.1921247148462,77.55545927639403,22921.93106005634,248.0,9370.0,11.754213145918868
19,0.95,126.05045286973954,200.39069036723586,453.68342921026647,186.0383628176048,0.9878712615129877,341.9840205071252,393.93767281306174,314.9687370825756,405.6918859589806,11.754213145918868,0.029837748347304384,81.1921247148462,81.23896013832669,36.756591796875,82.00292639590069,80.24005751889504,77.55545927639403,81.1921247148462,152.0,0.6352941176470588,22921.93106005634,22633.5,288.43106005634036,9370.0,9663.0,455.0,0.04708682603746248,1,0,1.8888888888888888,0.9193729003359462,3.971170437695075,3.6818934798522767,0.6352941176470588,0.0,4.0,0.0,4.0,36.0,52.0,248.0,0.9411764705882353,59,11.486311460855216,0.0,133,393.93767281306174,22921.93106005634,0.0,0.0,420.4172446456188,341.9944612110107,0.06298402877093545,3.052886835797075e-05,27.1429,0.0,23757.5625,0.94,23719.0,24451.5,0.1069272233581898,0.005636998542674766,0.04342575290022368,1.0,341.9840205071252,393.93767281306174,81.1921247148462,77.55545927639403,22921.93106005634,248.0,9370.0,11.754213145918868
20,1.0,126.05045286973954,200.39069036723586,453.68342921026647,186.0383628176048,0.9878712615129877,341.9840205071252,393.93767281306174,314.9687370825756,405.6918859589806,11.754213145918868,0.029837748347304384,81.1921247148462,81.23896013832669,36.756591796875,82.00292639590069,80.24005751889504,77.55545927639403,81.1921247148462,152.0,0.6352941176470588,22921.93106005634,22633.5,288.43106005634036,9370.0,9663.0,455.0,0.04708682603746248,1,0,1.8888888888888888,0.9193729003359462,3.971170437695075,3.6818934798522767,0.6352941176470588,0.0,4.0,0.0,4.0,36.0,52.0,248.0,0.9411764705882353,59,11.486311460855216,0.0,133,393.93767281306174,22921.93106005634,0.0,0.0,420.4172446456188,341.9944612110107,0.06298402877093545,3.052886835797075e-05,27.2556,0.0,23757.5625,0.94,23719.0,24451.5,0.1069272233581898,0.005636998542674766,0.04342575290022368,1.0,341.9840205071252,393.93767281306174,81.1921247148462,77.55545927639403,22921.93106005634,248.0,9370.0,11.754213145918868
21,1.05,126.05045286973954,200.39069036723586,453.68342921026647,186.0383628176048,0.9878712615129877,341.9840205071252,393.93767281306174,314.9687370825756,405.6918859589806,11.754213145918868,0.029837748347304384,81.1921247148462,81.23896013832669,36.756591796875,82.00292639590069,80.24005751889504,77.55545927639403,81.1921247148462,152.0,0.6352941176470588,22921.93106005634,22633.5,288.43106005634036,9370.0,9663.0,455.0,0.04708682603746248,1,0,1.8888888888888888,0.9193729003359462,3.971170437695075,3.6818934798522767,0.6352941176470588,0.0,4.0,0.0,4.0,36.0,52.0,248.0,0.9411764705882353,59,11.486311460855216,0.0,133,393.93767281306174,22921.93106005634,0.0,0.0,420.4172446456188,341.9944612110107,0.06298402877093545,3.052886835797075e-05,27.3684,0.0,23757.5625,0.94,23719.0,24451.5,0.1069272233581898,0.005636998542674766,0.04342575290022368,1.0,341.9840205071252,393.93767281306174,81.1921247148462,77.55545927639403,22921.93106005634,248.0,9370.0,11.754213145918868
22,1.1,126.05045286973954,200.39069036723586,453.68342921026647,186.0383628176048,0.9878712615129877,341.9840205071252,393.93767281306174,314.9687370825756,405.6918859589806,11.754213145918868,0.029837748347304384,81.1921247148462,81.23896013832669,36.756591796875,82.00292639590069,80.24005751889504,77.55545927639403,81.1921247148462,152.0,0.6352941176470588,22921.93106005634,22633.5,288.43106005634036,9370.0,9663.0,455.0,0.04708682603746248,1,0,1.8888888888888888,0.9193729003359462,3.971170437695075,3.6818934798522767,0.6352941176470588,0.0,4.0,0.0,4.0,36.0,52.0,248.0,0.9411764705882353,59,11.486311460855216,0.0,133,393.93767281306174,22921.93106005634,0.0,0.0,420.4172446456188,341.9944612110107,0.06298402877093545,3.052886835797075e-05,27.4812,0.0,23757.5625,0.94,23719.0,24451.5,0.1069272233581898,0.005636998542674766,0.04342575290022368,1.0,341.9840205071252,393.93767281306174,81.1921247148462,77.55545927639403,22921.93106005634,248.0,9370.0,11.754213145918868
23,1.15,126.05045286973954,200.39069036723586,453.68342921026647,186.0383628176048,0.9878712615129877,341.9840205071252,393.93767281306174,314.9687370825756,405.6918859589806,11.754213145918868,0.029837748347304384,81.1921247148462,81.23896013832669,36.756591796875,82.00292639590069,80.24005751889504,77.55545927639403,81.1921247148462,152.0,0.6352941176470588,22921.93106005634,22633.5,288.43106005634036,9370.0,9663.0,455.0,0.04708682603746248,1,0,1.8888888888888888,0.9193729003359462,3.971170437695075,3.6818934798522767,0.6352941176470588,0.0,4.0,0.0,4.0,36.0,52.0,248.0,0.9411764705882353,59,11.486311460855216,0.0,133,393.93767281306174,22921.93106005634,0.0,0.0,420.4172446456188,341.9944612110107,0.06298402877093545,3.052886835797075e-05,27.594,0.0,23757.5625,0.94,23719.0,24451.5,0.1069272233581898,0.005636998542674766,0.04342575290022368,1.0,341.9840205071252,393.93767281306174,81.1921247148462,77.55545927639403,22921.93106005634,248.0,9370.0,11.754213145918868
24,1.2,126.05045286973954,200.39069036723586,453.68342921026647,186.0383628176048,0.9878712615129877,341.9840205071252,393.93767281306174,314.9687370825756,405.6918859589806,11.754213145918868,0.029837748347304384,81.1921247148462,81.23896013832669,36.756591796875,82.00292639590069,80.24005751889504,77.55545927639403,81.1921247148462,152.0,0.6352941176470588,22921.93106005634,22633.5,288.43106005634036,9370.0,9663.0,455.0,0.04708682603746248,1,0,1.8888888888888888,0.9193729003359462,3.971170437695075,3.6818934798522767,0.6352941176470588,0.0,4.0,0.0,4.0,36.0,52.0,248.0,0.9411764705882353,59,11.486311460855216,0.0,133,393.93767281306174,22921.93106005634,0.0,0.0,420.4172446456188,341.9944612110107,0.06298402877093545,3.052886835797075e-05,27.7068,0.0,23757.5625,0.94,23719.0,24451.5,0.1069272233581898,0.005636998542674766,0.04342575290022368,1.0,341.9840205071252,393.93767281306174,81.1921247148462,77.55545927639403,22921.93106005634,248.0,9370.0,11.754213145918868
25,1.25,126.05045286973954,200.39069036723586,453.68342921026647,186.0383628176048,0.9878712615129877,341.9840205071252,393.93767281306174,314.9687370825756,405.6918859589806,11.754213145918868,0.029837748347304384,81.1921247148462,81.23896013832669,36.756591796875,82.00292639590069,80.24005751889504,77.55545927639403,81.1921247148462,152.0,0.6352941176470588,22921.93106005634,22633.5,288.43106005634036,9370.0,9663.0,455.0,0.04708682603746248,1,0,1.8888888888888888,0.9193729003359462,3.971170437695075,3.6818934798522767,0.6352941176470588,0.0,4.0,0.0,4.0,36.0,52.0,248.0,0.9411764705882353,59,11.486311460855216,0.0,133,393.93767281306174,22921.93106005634,0.0,0.0,420.4172446456188,341.9944612110107,0.06298402877093545,3.052886835797075e-05,27.8195,0.0,23757.5625,0.94,23719.0,24451.5,0.1069272233581898,0.005636998542674766,0.04342575290022368,1.0,341.9840205071252,393.93767281306174,81.1921247148462,77.55545927639403,22921.93106005634,248.0,9370.0,11.754213145918868
26,1.3,126.05045286973954,200.39069036723586,453.68342921026647,186.0383628176048,0.9878712615129877,341.9840205071252,393.93767281306174,314.9687370825756,405.6918859589806,11.754213145918868,0.029837748347304384,81.1921247148462,81.23896013832669,36.756591796875,82.00292639590069,80.24005751889504,77.55545927639403,81.1921247148462,152.0,0.6352941176470588,22921.93106005634,22633.5,288.43106005634036,9370.0,9663.0,455.0,0.04708682603746248,1,0,1.8888888888888888,0.9193729003359462,3.971170437695075,3.6818934798522767,0.6352941176470588,0.0,4.0,0.0,4.0,36.0,52.0,248.0,0.9411764705882353,59,11.486311460855216,0.0,133,393.93767281306174,22921.93106005634,0.0,0.0,420.4172446456188,341.9944612110107,0.06298402877093545,3.052886835797075e-05,27.9323,0.0,23757.5625,0.94,23719.0,24451.5,0.1069272233581898,0.005636998542674766,0.04342575290022368,1.0,341.9840205071252,393.93767281306174,81.1921247148462,77.55545927639403,22921.93106005634,248.0,9370.0,11.754213145918868
27,1.35,126.05045286973954,200.39069036723586,453.68342921026647,186.0383628176048,0.9878712615129877,341.9840205071252,393.93767281306174,314.9687370825756,405.6918859589806,11.754213145918868,0.029837748347304384,81.1921247148462,81.23896013832669,36.756591796875,82.00292639590069,80.24005751889504,77.55545927639403,81.1921247148462,152.0,0.6352941176470588,22921.93106005634,22633.5,288.43106005634036,9370.0,9663.0,455.0,0.04708682603746248,1,0,1.8888888888888888,0.9193729003359462,3.971170437695075,3.6818934798522767,0.6352941176470588,0.0,4.0,0.0,4.0,36.0,52.0,248.0,0.9411764705882353,59,11.486311460855216,0.0,133,393.93767281306174,22921.93106005634,0.0,0.0,420.4172446456188,341.9944612110107,0.06298402877093545,3.052886835797075e-05,28.0451,0.0,23757.5625,0.94,23719.0,24451.5,0.1069272233581898,0.005636998542674766,0.04342575290022368,1.0,341.9840205071252,393.93767281306174,81.1921247148462,77.55545927639403,22921.93106005634,248.0,9370.0,11.754213145918868
28,1.4,126.05045286973954,200.39069036723586,453.68342921026647,186.0383628176048,0.9878712615129877,341.9840205071252,393.93767281306174,314.9687370825756,405.6918859589806,11.754213145918868,0.029837748347304384,81.1921247148462,81.23896013832669,36.756591796875,82.00292639590069,80.24005751889504,77.55545927639403,81.1921247148462,152.0,0.6352941176470588,22921.93106005634,22633.5,288.43106005634036,9370.0,9663.0,455.0,0.04708682603746248,1,0,1.8888888888888888,0.9193729003359462,3.971170437695075,3.6818934798522767,0.6352941176470588,0.0,4.0,0.0,4.0,36.0,52.0,248.0,0.9411764705882353,59,11.486311460855216,0.0,133,393.93767281306174,22921.93106005634,0.0,0.0,420.4172446456188,341.9944612110107,0.06298402877093545,3.052886835797075e-05,28.1579,0.0,23757.5625,0.94,23719.0,24451.5,0.1069272233581898,0.005636998542674766,0.04342575290022368,1.0,341.9840205071252,393.93767281306174,81.1921247148462,77.55545927639403,22921.93106005634,248.0,9370.0,11.754213145918868
29,1.45,126.05045286973954,200.39069036723586,453.68342921026647,186.0383628176048,0.9878712615129877,341.9840205071252,393.93767281306174,314.9687370825756,405.6918859589806,11.754213145918868,0.029837748347304384,81.1921247148462,81.23896013832669,36.756591796875,82.00292639590069,80.24005751889504,77.55545927639403,81.1921247148462,152.0,0.6352941176470588,22921.93106005634,22633.5,288.43106005634036,9370.0,9663.0,455.0,0.04708682603746248,1,0,1.8888888888888888,0.9193729003359462,3.971170437695075,3.6818934798522767,0.6352941176470588,0.0,4.0,0.0,4.0,36.0,52.0,248.0,0.9411764705882353,59,11.486311460855216,0.0,133,393.93767281306174,22921.93106005634,0.0,0.0,420.4172446456188,341.9944612110107,0.06298402877093545,3.052886835797075e-05,28.2707,0.0,23757.5625,0.94,23719.0,24451.5,0.1069272233581898,0.005636998542674766,0.04342575290022368,1.0,341.9840205071252,393.93767281306174,81.1921247148462,77.55545927639403,22921.93106005634,248.0,9370.0,11.754213145918868
30,1.5,126.05045286973954,200.39069036723586,453.68342921026647,186.0383628176048,0.9878712615129877,341.9840205071252,393.93767281306174,314.9687370825756,405.6918859589806,11.754213145918868,0.029837748347304384,81.1921247148462,81.23896013832669,36.756591796875,82.00292639590069,80.24005751889504,77.55545927639403,81.1921247148462,152.0,0.6352941176470588,22921.93106005634,22633.5,288.43106005634036,9370.0,9663.0,455.0,0.04708682603746248,1,0,1.8888888888888888,0.9193729003359462,3.971170437695075,3.6818934798522767,0.6352941176470588,0.0,4.0,0.0,4.0,36.0,52.0,248.0,0.9411764705882353,59,11.486311460855216,0.0,133,393.93767281306174,22921.93106005634,0.0,0.0,420.4172446456188,341.9944612110107,0.06298402877093545,3.052886835797075e-05,28.3835,0.0,23757.5625,0.94,23719.0,24451.5,0.1069272233581898,0.005636998542674766,0.04342575290022368,1.0,341.9840205071252,393.93767281306174,81.1921247148462,77.55545927639403,22921.93106005634,248.0,9370.0,11.754213145918868
31,1.55,126.05045286973954,200.39069036723586,453.68342921026647,186.0383628176048,0.9878712615129877,341.9840205071252,393.93767281306174,314.9687370825756,405.6918859589806,11.754213145918868,0.029837748347304384,81.1921247148462,81.23896013832669,36.756591796875,82.00292639590069,80.24005751889504,77.55545927639403,81.1921247148462,152.0,0.6352941176470588,22921.93106005634,22633.5,288.43106005634036,9370.0,9663.0,455.0,0.04708682603746248,1,0,1.8888888888888888,0.9193729003359462,3.971170437695075,3.6818934798522767,0.6352941176470588,0.0,4.0,0.0,4.0,36.0,52.0,248.0,0.9411764705882353,59,11.486311460855216,0.0,133,393.93767281306174,22921.93106005634,0.0,0.0,420.4172446456188,341.9944612110107,0.06298402877093545,3.052886835797075e-05,28.4962,0.0,23757.5625,0.94,23719.0,24451.5,0.1069272233581898,0.005636998542674766,0.04342575290022368,1.0,341.9840205071252,393.93767281306174,81.1921247148462,77.55545927639403,22921.93106005634,248.0,9370.0,11.754213145918868
32,1.6,126.05045286973954,200.39069036723586,453.68342921026647,186.0383628176048,0.9878712615129877,341.9840205071252,393.93767281306174,314.9687370825756,405.6918859589806,11.754213145918868,0.029837748347304384,81.1921247148462,81.23896013832669,36.756591796875,82.00292639590069,80.24005751889504,77.55545927639403,81.1921247148462,152.0,0.6352941176470588,22921.93106005634,22633.5,288.43106005634036,9370.0,9663.0,455.0,0.04708682603746248,1,0,1.8888888888888888,0.9193729003359462,3.971170437695075,3.6818934798522767,0.6352941176470588,0.0,4.0,0.0,4.0,36.0,52.0,248.0,0.9411764705882353,59,11.486311460855216,0.0,133,393.93767281306174,22921.93106005634,0.0,0.0,420.4172446456188,341.9944612110107,0.06298402877093545,3.052886835797075e-05,28.609,0.0,23757.5625,0.94,23719.0,24451.5,0.1069272233581898,0.005636998542674766,0.04342575290022368,1.0,341.9840205071252,393.93767281306174,81.1921247148462,77.55545927639403,22921.93106005634,248.0,9370.0,11.754213145918868
33,1.65,126.05045286973954,200.39069036723586,453.68342921026647,186.0383628176048,0.9878712615129877,341.9840205071252,393.93767281306174,314.9687370825756,405.6918859589806,11.754213145918868,0.029837748347304384,81.1921247148462,81.23896013832669,36.756591796875,82.00292639590069,80.24005751889504,77.55545927639403,81.1921247148462,152.0,0.6352941176470588,22921.93106005634,22633.5,288.43106005634036,9370.0,9663.0,455.0,0.04708682603746248,1,0,1.8888888888888888,0.9193729003359462,3.971170437695075,3.6818934798522767,0.6352941176470588,0.0,4.0,0.0,4.0,36.0,52.0,248.0,0.9411764705882353,59,11.486311460855216,0.0,133,393.93767281306174,22921.93106005634,0.0,0.0,420.4172446456188,341.9944612110107,0.06298402877093545,3.052886835797075e-05,28.7218,0.0,23757.5625,0.94,23719.0,24451.5,0.1069272233581898,0.005636998542674766,0.04342575290022368,1.0,341.9840205071252,393.93767281306174,81.1921247148462,77.55545927639403,22921.93106005634,248.0,9370.0,11.754213145918868
34,1.7,126.05045286973954,200.39069036723586,453.68342921026647,186.0383628176048,0.9878712615129877,341.9840205071252,393.93767281306174,314.9687370825756,405.6918859589806,11.754213145918868,0.029837748347304384,81.1921247148462,81.23896013832669,36.756591796875,82.00292639590069,80.24005751889504,77.55545927639403,81.1921247148462,152.0,0.6352941176470588,22921.93106005634,22633.5,288.43106005634036,9370.0,9663.0,455.0,0.04708682603746248,1,0,1.8888888888888888,0.9193729003359462,3.971170437695075,3.6818934798522767,0.6352941176470588,0.0,4.0,0.0,4.0,36.0,52.0,248.0,0.9411764705882353,59,11.486311460855216,0.0,133,393.93767281306174,22921.93106005634,0.0,0.0,420.4172446456188,341.9944612110107,0.06298402877093545,3.052886835797075e-05,28.8346,0.0,23757.5625,0.94,23719.0,24451.5,0.1069272233581898,0.005636998542674766,0.04342575290022368,1.0,341.9840205071252,393.93767281306174,81.1921247148462,77.55545927639403,22921.93106005634,248.0,9370.0,11.754213145918868
35,1.75,126.05045286973954,200.39069036723586,453.68342921026647,186.0383628176048,0.9878712615129877,341.9840205071252,393.93767281306174,314.9687370825756,405.6918859589806,11.754213145918868,0.029837748347304384,81.1921247148462,81.23896013832669,36.756591796875,82.00292639590069,80.24005751889504,77.55545927639403,81.1921247148462,152.0,0.6352941176470588,22921.93106005634,22633.5,288.43106005634036,9370.0,9663.0,455.0,0.04708682603746248,1,0,1.8888888888888888,0.9193729003359462,3.971170437695075,3.6818934798522767,0.6352941176470588,0.0,4.0,0.0,4.0,36.0,52.0,248.0,0.9411764705882353,59,11.486311460855216,0.0,133,393.93767281306174,22921.93106005634,0.0,0.0,420.4172446456188,341.9944612110107,0.06298402877093545,3.052886835797075e-05,28.9474,0.0,23757.5625,0.94,23719.0,24451.5,0.1069272233581898,0.005636998542674766,0.04342575290022368,1.0,341.9840205071252,393.93767281306174,81.1921247148462,77.55545927639403,22921.93106005634,248.0,9370.0,11.754213145918868
36,1.8,126.05045286973954,200.39069036723586,453.68342921026647,186.0383628176048,0.9878712615129877,341.9840205071252,393.93767281306174,314.9687370825756,405.6918859589806,11.754213145918868,0.029837748347304384,81.1921247148462,81.23896013832669,36.756591796875,82.00292639590069,80.24005751889504,77.55545927639403,81.1921247148462,152.0,0.6352941176470588,22921.93106005634,22633.5,288.43106005634036,9370.0,9663.0,455.0,0.04708682603746248,1,0,1.8888888888888888,0.9193729003359462,3.971170437695075,3.6818934798522767,0.6352941176470588,0.0,4.0,0.0,4.0,36.0,52.0,248.0,0.9411764705882353,59,11.486311460855216,0.0,133,393.93767281306174,22921.93106005634,0.0,0.0,420.4172446456188,341.9944612110107,0.06298402877093545,3.052886835797075e-05,29.0602,0.0,23757.5625,0.94,23719.0,24451.5,0.1069272233581898,0.005636998542674766,0.04342575290022368,1.0,341.9840205071252,393.93767281306174,81.1921247148462,77.55545927639403,22921.93106005634,248.0,9370.0,11.754213145918868
37,1.85,126.05045286973954,200.39069036723586,453.68342921026647,186.0383628176048,0.9878712615129877,341.9840205071252,393.93767281306174,314.9687370825756,405.6918859589806,11.754213145918868,0.029837748347304384,81.1921247148462,81.23896013832669,36.756591796875,82.00292639590069,80.24005751889504,77.55545927639403,81.1921247148462,152.0,0.6352941176470588,22921.93106005634,22633.5,288.43106005634036,9370.0,9663.0,455.0,0.04708682603746248,1,0,1.8888888888888888,0.9193729003359462,3.971170437695075,3.6818934798522767,0.6352941176470588,0.0,4.0,0.0,4.0,36.0,52.0,248.0,0.9411764705882353,59,11.486311460855216,0.0,133,393.93767281306174,22921.93106005634,0.0,0.0,420.4172446456188,341.9944612110107,0.06298402877093545,3.052886835797075e-05,29.1729,0.0,23757.5625,0.94,23719.0,24451.5,0.1069272233581898,0.005636998542674766,0.04342575290022368,1.0,341.9840205071252,393.93767281306174,81.1921247148462,77.55545927639403,22921.93106005634,248.0,9370.0,11.754213145918868
38,1.9,126.05045286973954,200.39069036723586,453.68342921026647,186.0383628176048,0.9878712615129877,341.9840205071252,393.93767281306174,314.9687370825756,405.6918859589806,11.754213145918868,0.029837748347304384,81.1921247148462,81.23896013832669,36.756591796875,82.00292639590069,80.24005751889504,77.55545927639403,81.1921247148462,152.0,0.6352941176470588,22921.93106005634,22633.5,288.43106005634036,9370.0,9663.0,455.0,0.04708682603746248,1,0,1.8888888888888888,0.9193729003359462,3.971170437695075,3.6818934798522767,0.6352941176470588,0.0,4.0,0.0,4.0,36.0,52.0,248.0,0.9411764705882353,59,11.486311460855216,0.0,133,393.93767281306174,22921.93106005634,0.0,0.0,420.4172446456188,341.9944612110107,0.06298402877093545,3.052886835797075e-05,29.2857,0.0,23757.5625,0.94,23719.0,24451.5,0.1069272233581898,0.005636998542674766,0.04342575290022368,1.0,341.9840205071252,393.93767281306174,81.1921247148462,77.55545927639403,22921.93106005634,248.0,9370.0,11.754213145918868
39,1.95,126.05045286973954,200.39069036723586,453.68342921026647,186.0383628176048,0.9878712615129877,341.9840205071252,393.93767281306174,314.9687370825756,405.6918859589806,11.754213145918868,0.029837748347304384,81.1921247148462,81.23896013832669,36.756591796875,82.00292639590069,80.24005751889504,77.55545927639403,81.1921247148462,152.0,0.6352941176470588,22921.93106005634,22633.5,288.43106005634036,9370.0,9663.0,455.0,0.04708682603746248,1,0,1.8888888888888888,0.9193729003359462,3.971170437695075,3.6818934798522767,0.6352941176470588,0.0,4.0,0.0,4.0,36.0,52.0,248.0,0.9411764705882353,59,11.486311460855216,0.0,133,393.93767281306174,22921.93106005634,0.0,0.0,420.4172446456188,341.9944612110107,0.06298402877093545,3.052886835797075e-05,29.3985,0.0,23757.5625,0.94,23719.0,24451.5,0.1069272233581898,0.005636998542674766,0.04342575290022368,1.0,341.9840205071252,393.93767281306174,81.1921247148462,77.55545927639403,22921.93106005634,248.0,9370.0,11.754213145918868
40,2.0,126.05045286973954,200.39069036723586,453.68342921026647,186.0383628176048,0.9878712615129877,341.9840205071252,393.93767281306174,314.9687370825756,405.6918859589806,11.754213145918868,0.029837748347304384,81.1921247148462,81.23896013832669,36.756591796875,82.00292639590069,80.24005751889504,77.55545927639403,81.1921247148462,152.0,0.6352941176470588,22921.93106005634,22633.5,288.43106005634036,9370.0,9663.0,455.0,0.04708682603746248,1,0,1.8888888888888888,0.9193729003359462,3.971170437695075,3.6818934798522767,0.6352941176470588,0.0,4.0,0.0,4.0,36.0,52.0,248.0,0.9411764705882353,59,11.486311460855216,0.0,133,393.93767281306174,22921.93106005634,0.0,0.0,420.4172446456188,341.9944612110107,0.06298402877093545,3.052886835797075e-05,29.5113,0.0,23757.5625,0.94,23719.0,24451.5,0.1069272233581898,0.005636998542674766,0.04342575290022368,1.0,341.9840205071252,393.93767281306174,81.1921247148462,77.55545927639403,22921.93106005634,248.0,9370.0,11.754213145918868
41,2.05,126.05045286973954,200.39069036723586,453.68342921026647,186.0383628176048,0.9878712615129877,341.9840205071252,393.93767281306174,314.9687370825756,405.6918859589806,11.754213145918868,0.029837748347304384,81.1921247148462,81.23896013832669,36.756591796875,82.00292639590069,80.24005751889504,77.55545927639403,81.1921247148462,152.0,0.6352941176470588,22921.93106005634,22633.5,288.43106005634036,9370.0,9663.0,455.0,0.04708682603746248,1,0,1.8888888888888888,0.9193729003359462,3.971170437695075,3.6818934798522767,0.6352941176470588,0.0,4.0,0.0,4.0,36.0,52.0,248.0,0.9411764705882353,59,11.486311460855216,0.0,133,393.93767281306174,22921.93106005634,0.0,0.0,420.4172446456188,341.9944612110107,0.06298402877093545,3.052886835797075e-05,29.6241,0.0,23757.5625,0.94,23719.0,24451.5,0.1069272233581898,0.005636998542674766,0.04342575290022368,1.0,341.9840205071252,393.93767281306174,81.1921247148462,77.55545927639403,22921.93106005634,248.0,9370.0,11.754213145918868
42,2.1,126.05045286973954,200.39069036723586,453.68342921026647,186.0383628176048,0.9878712615129877,341.9840205071252,393.93767281306174,314.9687370825756,405.6918859589806,11.754213145918868,0.029837748347304384,81.1921247148462,81.23896013832669,36.756591796875,82.00292639590069,80.24005751889504,77.55545927639403,81.1921247148462,152.0,0.6352941176470588,22921.93106005634,22633.5,288.43106005634036,9370.0,9663.0,455.0,0.04708682603746248,1,0,1.8888888888888888,0.9193729003359462,3.971170437695075,3.6818934798522767,0.6352941176470588,0.0,4.0,0.0,4.0,36.0,52.0,248.0,0.9411764705882353,59,11.486311460855216,0.0,133,393.93767281306174,22921.93106005634,0.0,0.0,420.4172446456188,341.9944612110107,0.06298402877093545,3.052886835797075e-05,29.7368,0.0,23757.5625,0.94,23719.0,24451.5,0.1069272233581898,0.005636998542674766,0.04342575290022368,1.0,341.9840205071252,393.93767281306174,81.1921247148462,77.55545927639403,22921.93106005634,248.0,9370.0,11.754213145918868
43,2.15,126.05045286973954,200.39069036723586,453.68342921026647,186.0383628176048,0.9878712615129877,341.9840205071252,393.93767281306174,314.9687370825756,405.6918859589806,11.754213145918868,0.029837748347304384,81.1921247148462,81.23896013832669,36.756591796875,82.00292639590069,80.24005751889504,77.55545927639403,81.1921247148462,152.0,0.6352941176470588,22921.93106005634,22633.5,288.43106005634036,9370.0,9663.0,455.0,0.04708682603746248,1,0,1.8888888888888888,0.9193729003359462,3.971170437695075,3.6818934798522767,0.6352941176470588,0.0,4.0,0.0,4.0,36.0,52.0,248.0,0.9411764705882353,59,11.486311460855216,0.0,133,393.93767281306174,22921.93106005634,0.0,0.0,420.4172446456188,341.9944612110107,0.06298402877093545,3.052886835797075e-05,29.8496,0.0,23757.5625,0.94,23719.0,24451.5,0.1069272233581898,0.005636998542674766,0.04342575290022368,1.0,341.9840205071252,393.93767281306174,81.1921247148462,77.55545927639403,22921.93106005634,248.0,9370.0,11.754213145918868
44,2.2,126.05045286973954,200.39069036723586,453.68342921026647,186.0383628176048,0.9878712615129877,341.9840205071252,393.93767281306174,314.9687370825756,405.6918859589806,11.754213145918868,0.029837748347304384,81.1921247148462,81.23896013832669,36.756591796875,82.00292639590069,80.24005751889504,77.55545927639403,81.1921247148462,152.0,0.6352941176470588,22921.93106005634,22633.5,288.43106005634036,9370.0,9663.0,455.0,0.04708682603746248,1,0,1.8888888888888888,0.9193729003359462,3.971170437695075,3.6818934798522767,0.6352941176470588,0.0,4.0,0.0,4.0,36.0,52.0,248.0,0.9411764705882353,59,11.486311460855216,0.0,133,393.93767281306174,22921.93106005634,0.0,0.0,420.4172446456188,341.9944612110107,0.06298402877093545,3.052886835797075e-05,29.9624,0.0,23757.5625,0.94,23719.0,24451.5,0.1069272233581898,0.005636998542674766,0.04342575290022368,1.0,341.9840205071252,393.93767281306174,81.1921247148462,77.55545927639403,22921.93106005634,248.0,9370.0,11.754213145918868
45,2.25,126.05045286973954,200.39069036723586,453.68342921026647,186.0383628176048,0.9878712615129877,341.9840205071252,393.93767281306174,314.9687370825756,405.6918859589806,11.754213145918868,0.029837748347304384,81.1921247148462,81.23896013832669,36.756591796875,82.00292639590069,80.24005751889504,77.55545927639403,81.1921247148462,152.0,0.6352941176470588,22921.93106005634,22633.5,288.43106005634036,9370.0,9663.0,455.0,0.04708682603746248,1,0,1.8888888888888888,0.9193729003359462,3.971170437695075,3.6818934798522767,0.6352941176470588,0.0,4.0,0.0,4.0,36.0,52.0,248.0,0.9411764705882353,59,11.486311460855216,0.0,133,393.93767281306174,22921.93106005634,0.0,0.0,420.4172446456188,341.9944612110107,0.06298402877093545,3.052886835797075e-05,30.0752,0.0,23757.5625,0.94,23719.0,24451.5,0.1069272233581898,0.005636998542674766,0.04342575290022368,1.0,341.9840205071252,393.93767281306174,81.1921247148462,77.55545927639403,22921.93106005634,248.0,9370.0,11.754213145918868
46,2.3,126.05045286973954,200.39069036723586,453.68342921026647,186.0383628176048,0.9878712615129877,341.9840205071252,393.93767281306174,314.9687370825756,405.6918859589806,11.754213145918868,0.029837748347304384,81.1921247148462,81.23896013832669,36.756591796875,82.00292639590069,80.24005751889504,77.55545927639403,81.1921247148462,152.0,0.6352941176470588,22921.93106005634,22633.5,288.43106005634036,9370.0,9663.0,455.0,0.04708682603746248,1,0,1.8888888888888888,0.9193729003359462,3.971170437695075,3.6818934798522767,0.6352941176470588,0.0,4.0,0.0,4.0,36.0,52.0,248.0,0.9411764705882353,59,11.486311460855216,0.0,133,393.93767281306174,22921.93106005634,0.0,0.0,420.4172446456188,341.9944612110107,0.06298402877093545,3.052886835797075e-05,30.188,0.0,23757.5625,0.94,23719.0,24451.5,0.1069272233581898,0.005636998542674766,0.04342575290022368,1.0,341.9840205071252,393.93767281306174,81.1921247148462,77.55545927639403,22921.93106005634,248.0,9370.0,11.754213145918868
47,2.35,126.05045286973954,200.39069036723586,453.68342921026647,186.0383628176048,0.9878712615129877,341.9840205071252,393.93767281306174,314.9687370825756,405.6918859589806,11.754213145918868,0.029837748347304384,81.1921247148462,81.23896013832669,36.756591796875,82.00292639590069,80.24005751889504,77.55545927639403,81.1921247148462,152.0,0.6352941176470588,22921.93106005634,22633.5,288.43106005634036,9370.0,9663.0,455.0,0.04708682603746248,1,0,1.8888888888888888,0.9193729003359462,3.971170437695075,3.6818934798522767,0.6352941176470588,0.0,4.0,0.0,4.0,36.0,52.0,248.0,0.9411764705882353,59,11.486311460855216,0.0,133,393.93767281306174,22921.93106005634,0.0,0.0,420.4172446456188,341.9944612110107,0.06298402877093545,3.052886835797075e-05,30.3008,0.0,23757.5625,0.94,23719.0,24451.5,0.1069272233581898,0.005636998542674766,0.04342575290022368,1.0,341.9840205071252,393.93767281306174,81.1921247148462,77.55545927639403,22921.93106005634,248.0,9370.0,11.754213145918868
48,2.4,126.05045286973954,200.39069036723586,453.68342921026647,186.0383628176048,0.9878712615129877,341.9840205071252,393.93767281306174,314.9687370825756,405.6918859589806,11.754213145918868,0.029837748347304384,81.1921247148462,81.23896013832669,36.756591796875,82.00292639590069,80.24005751889504,77.55545927639403,81.1921247148462,152.0,0.6352941176470588,22921.93106005634,22633.5,288.43106005634036,9370.0,9663.0,455.0,0.04708682603746248,1,0,1.8888888888888888,0.9193729003359462,3.971170437695075,3.6818934798522767,0.6352941176470588,0.0,4.0,0.0,4.0,36.0,52.0,248.0,0.9411764705882353,59,11.486311460855216,0.0,133,393.93767281306174,22921.93106005634,0.0,0.0,420.4172446456188,341.9944612110107,0.06298402877093545,3.052886835797075e-05,30.4135,0.0,23757.5625,0.94,23719.0,24451.5,0.1069272233581898,0.005636998542674766,0.04342575290022368,1.0,341.9840205071252,393.93767281306174,81.1921247148462,77.55545927639403,22921.93106005634,248.0,9370.0,11.754213145918868
49,2.45,126.05045286973954,200.39069036723586,453.68342921026647,186.0383628176048,0.9878712615129877,341.9840205071252,393.93767281306174,314.9687370825756,405.6918859589806,11.754213145918868,0.029837748347304384,81.1921247148462,81.23896013832669,36.756591796875,82.00292639590069,80.24005751889504,77.55545927639403,81.1921247148462,152.0,0.6352941176470588,22921.93106005634,22633.5,288.43106005634036,9370.0,9663.0,455.0,0.04708682603746248,1,0,1.8888888888888888,0.9193729003359462,3.971170437695075,3.6818934798522767,0.6352941176470588,0.0,4.0,0.0,4.0,36.0,52.0,248.0,0.9411764705882353,59,11.486311460855216,0.0,133,393.93767281306174,22921.93106005634,0.0,0.0,420.4172446456188,341.9944612110107,0.06298402877093545,3.052886835797075e-05,30.5263,0.0,23757.5625,0.94,23719.0,24451.5,0.1069272233581898,0.005636998542674766,0.04342575290022368,1.0,341.9840205071252,393.93767281306174,81.1921247148462,77.55545927639403,22921.93106005634,248.0,9370.0,11.754213145918868
50,2.5,126.05045286973954,200.39069036723586,453.68342921026647,186.0383628176048,0.9878712615129877,341.9840205071252,393.93767281306174,314.9687370825756,405.6918859589806,11.754213145918868,0.029837748347304384,81.1921247148462,81.23896013832669,36.756591796875,82.00292639590069,80.24005751889504,77.55545927639403,81.1921247148462,152.0,0.6352941176470588,22921.93106005634,22633.5,288.43106005634036,9370.0,9663.0,455.0,0.04708682603746248,1,0,1.8888888888888888,0.9193729003359462,3.971170437695075,3.6818934798522767,0.6352941176470588,0.0,4.0,0.0,4.0,36.0,52.0,248.0,0.9411764705882353,59,11.486311460855216,0.0,133,393.93767281306174,22921.93106005634,0.0,0.0,420.4172446456188,341.9944612110107,0.06298402877093545,3.052886835797075e-05,30.6391,0.0,23757.5625,0.94,23719.0,24451.5,0.1069272233581898,0.005636998542674766,0.04342575290022368,1.0,341.9840205071252,393.93767281306174,81.1921247148462,77.55545927639403,22921.93106005634,248.0,9370.0,11.754213145918868
51,2.55,126.05045286973954,200.39069036723586,453.68342921026647,186.0383628176048,0.9878712615129877,341.9840205071252,393.93767281306174,314.9687370825756,405.6918859589806,11.754213145918868,0.029837748347304384,81.1921247148462,81.23896013832669,36.756591796875,82.00292639590069,80.24005751889504,77.55545927639403,81.1921247148462,152.0,0.6352941176470588,22921.93106005634,22633.5,288.43106005634036,9370.0,9663.0,455.0,0.04708682603746248,1,0,1.8888888888888888,0.9193729003359462,3.971170437695075,3.6818934798522767,0.6352941176470588,0.0,4.0,0.0,4.0,36.0,52.0,248.0,0.9411764705882353,59,11.486311460855216,0.0,133,393.93767281306174,22921.93106005634,0.0,0.0,420.4172446456188,341.9944612110107,0.06298402877093545,3.052886835797075e-05,30.7519,0.0,23757.5625,0.94,23719.0,24451.5,0.1069272233581898,0.005636998542674766,0.04342575290022368,1.0,341.9840205071252,393.93767281306174,81.1921247148462,77.55545927639403,22921.93106005634,248.0,9370.0,11.754213145918868
52,2.6,126.05045286973954,200.39069036723586,453.68342921026647,186.0383628176048,0.9878712615129877,341.9840205071252,393.93767281306174,314.9687370825756,405.6918859589806,11.754213145918868,0.029837748347304384,81.1921247148462,81.23896013832669,36.756591796875,82.00292639590069,80.24005751889504,77.55545927639403,81.1921247148462,152.0,0.6352941176470588,22921.93106005634,22633.5,288.43106005634036,9370.0,9663.0,455.0,0.04708682603746248,1,0,1.8888888888888888,0.9193729003359462,3.971170437695075,3.6818934798522767,0.6352941176470588,0.0,4.0,0.0,4.0,36.0,52.0,248.0,0.9411764705882353,59,11.486311460855216,0.0,133,393.93767281306174,22921.93106005634,0.0,0.0,420.4172446456188,341.9944612110107,0.06298402877093545,3.052886835797075e-05,30.8647,0.0,23757.5625,0.94,23719.0,24451.5,0.1069272233581898,0.005636998542674766,0.04342575290022368,1.0,341.9840205071252,393.93767281306174,81.1921247148462,77.55545927639403,22921.93106005634,248.0,9370.0,11.754213145918868
53,2.65,126.05045286973954,200.39069036723586,453.68342921026647,186.0383628176048,0.9878712615129877,341.9840205071252,393.93767281306174,314.9687370825756,405.6918859589806,11.754213145918868,0.029837748347304384,81.1921247148462,81.23896013832669,36.756591796875,82.00292639590069,80.24005751889504,77.55545927639403,81.1921247148462,152.0,0.6352941176470588,22921.93106005634,22633.5,288.43106005634036,9370.0,9663.0,455.0,0.04708682603746248,1,0,1.8888888888888888,0.9193729003359462,3.971170437695075,3.6818934798522767,0.6352941176470588,0.0,4.0,0.0,4.0,36.0,52.0,248.0,0.9411764705882353,59,11.486311460855216,0.0,133,393.93767281306174,22921.93106005634,0.0,0.0,420.4172446456188,341.9944612110107,0.06298402877093545,3.052886835797075e-05,30.9774,0.0,23757.5625,0.94,23719.0,24451.5,0.1069272233581898,0.005636998542674766,0.04342575290022368,1.0,341.9840205071252,393.93767281306174,81.1921247148462,77.55545927639403,22921.93106005634,248.0,9370.0,11.754213145918868
54,2.7,126.05045286973954,200.39069036723586,453.68342921026647,186.0383628176048,0.9878712615129877,341.9840205071252,393.93767281306174,314.9687370825756,405.6918859589806,11.754213145918868,0.029837748347304384,81.1921247148462,81.23896013832669,36.756591796875,82.00292639590069,80.24005751889504,77.55545927639403,81.1921247148462,152.0,0.6352941176470588,22921.93106005634,22633.5,288.43106005634036,9370.0,9663.0,455.0,0.04708682603746248,1,0,1.8888888888888888,0.9193729003359462,3.971170437695075,3.6818934798522767,0.6352941176470588,0.0,4.0,0.0,4.0,36.0,52.0,248.0,0.9411764705882353,59,11.486311460855216,0.0,133,393.93767281306174,22921.93106005634,0.0,0.0,420.4172446456188,341.9944612110107,0.06298402877093545,3.052886835797075e-05,31.0902,0.0,23757.5625,0.94,23719.0,24451.5,0.1069272233581898,0.005636998542674766,0.04342575290022368,1.0,341.9840205071252,393.93767281306174,81.1921247148462,77.55545927639403,22921.93106005634,248.0,9370.0,11.754213145918868
55,2.75,126.05045286973954,200.39069036723586,453.68342921026647,186.0383628176048,0.9878712615129877,341.9840205071252,393.93767281306174,314.9687370825756,405.6918859589806,11.754213145918868,0.029837748347304384,81.1921247148462,81.23896013832669,36.756591796875,82.00292639590069,80.24005751889504,77.55545927639403,81.1921247148462,152.0,0.6352941176470588,22921.93106005634,22633.5,288.43106005634036,9370.0,9663.0,455.0,0.04708682603746248,1,0,1.8888888888888888,0.9193729003359462,3.971170437695075,3.6818934798522767,0.6352941176470588,0.0,4.0,0.0,4.0,36.0,52.0,248.0,0.9411764705882353,59,11.486311460855216,0.0,133,393.93767281306174,22921.93106005634,0.0,0.0,420.4172446456188,341.9944612110107,0.06298402877093545,3.052886835797075e-05,31.203,0.0,23757.5625,0.94,23719.0,24451.5,0.1069272233581898,0.005636998542674766,0.04342575290022368,1.0,341.9840205071252,393.93767281306174,81.1921247148462,77.55545927639403,22921.93106005634,248.0,9370.0,11.754213145918868
56,2.8,126.05045286973954,200.39069036723586,453.68342921026647,186.0383628176048,0.9878712615129877,341.9840205071252,393.93767281306174,314.9687370825756,405.6918859589806,11.754213145918868,0.029837748347304384,81.1921247148462,81.23896013832669,36.756591796875,82.00292639590069,80.24005751889504,77.55545927639403,81.1921247148462,152.0,0.6352941176470588,22921.93106005634,22633.5,288.43106005634036,9370.0,9663.0,455.0,0.04708682603746248,1,0,1.8888888888888888,0.9193729003359462,3.971170437695075,3.6818934798522767,0.6352941176470588,0.0,4.0,0.0,4.0,36.0,52.0,248.0,0.9411764705882353,59,11.486311460855216,0.0,133,393.93767281306174,22921.93106005634,0.0,0.0,420.4172446456188,341.9944612110107,0.06298402877093545,3.052886835797075e-05,31.3158,0.0,23757.5625,0.94,23719.0,24451.5,0.1069272233581898,0.005636998542674766,0.04342575290022368,1.0,341.9840205071252,393.93767281306174,81.1921247148462,77.55545927639403,22921.93106005634,248.0,9370.0,11.754213145918868
57,2.85,126.05045286973954,200.39069036723586,453.68342921026647,186.0383628176048,0.9878712615129877,341.9840205071252,393.93767281306174,314.9687370825756,405.6918859589806,11.754213145918868,0.029837748347304384,81.1921247148462,81.23896013832669,36.756591796875,82.00292639590069,80.24005751889504,77.55545927639403,81.1921247148462,152.0,0.6352941176470588,22921.93106005634,22633.5,288.43106005634036,9370.0,9663.0,455.0,0.04708682603746248,1,0,1.8888888888888888,0.9193729003359462,3.971170437695075,3.6818934798522767,0.6352941176470588,0.0,4.0,0.0,4.0,36.0,52.0,248.0,0.9411764705882353,59,11.486311460855216,0.0,133,393.93767281306174,22921.93106005634,0.0,0.0,420.4172446456188,341.9944612110107,0.06298402877093545,3.052886835797075e-05,31.4286,0.0,23757.5625,0.94,23719.0,24451.5,0.1069272233581898,0.005636998542674766,0.04342575290022368,1.0,341.9840205071252,393.93767281306174,81.1921247148462,77.55545927639403,22921.93106005634,248.0,9370.0,11.754213145918868
58,2.9,126.05045286973954,200.39069036723586,453.68342921026647,186.0383628176048,0.9878712615129877,341.9840205071252,393.93767281306174,314.9687370825756,405.6918859589806,11.754213145918868,0.029837748347304384,81.1921247148462,81.23896013832669,36.756591796875,82.00292639590069,80.24005751889504,77.55545927639403,81.1921247148462,152.0,0.6352941176470588,22921.93106005634,22633.5,288.43106005634036,9370.0,9663.0,455.0,0.04708682603746248,1,0,1.8888888888888888,0.9193729003359462,3.971170437695075,3.6818934798522767,0.6352941176470588,0.0,4.0,0.0,4.0,36.0,52.0,248.0,0.9411764705882353,59,11.486311460855216,0.0,133,393.93767281306174,22921.93106005634,0.0,0.0,420.4172446456188,341.9944612110107,0.06298402877093545,3.052886835797075e-05,31.5414,0.0,23757.5625,0.94,23719.0,24451.5,0.1069272233581898,0.005636998542674766,0.04342575290022368,1.0,341.9840205071252,393.93767281306174,81.1921247148462,77.55545927639403,22921.93106005634,248.0,9370.0,11.754213145918868
59,2.95,126.05045286973954,200.39069036723586,453.68342921026647,186.0383628176048,0.9878712615129877,341.9840205071252,393.93767281306174,314.9687370825756,405.6918859589806,11.754213145918868,0.029837748347304384,81.1921247148462,81.23896013832669,36.756591796875,82.00292639590069,80.24005751889504,77.55545927639403,81.1921247148462,152.0,0.6352941176470588,22921.93106005634,22633.5,288.43106005634036,9370.0,9663.0,455.0,0.04708682603746248,1,0,1.8888888888888888,0.9193729003359462,3.971170437695075,3.6818934798522767,0.6352941176470588,0.0,4.0,0.0,4.0,36.0,52.0,248.0,0.9411764705882353,59,11.486311460855216,0.0,133,393.93767281306174,22921.93106005634,0.0,0.0,420.4172446456188,341.9944612110107,0.06298402877093545,3.052886835797075e-05,31.6541,0.0,23757.5625,0.94,23719.0,24451.5,0.1069272233581898,0.005636998542674766,0.04342575290022368,1.0,341.9840205071252,393.93767281306174,81.1921247148462,77.55545927639403,22921.93106005634,248.0,9370.0,11.754213145918868
60,3.0,126.05045286973954,200.39069036723586,453.68342921026647,186.0383628176048,0.9878712615129877,341.9840205071252,393.93767281306174,314.9687370825756,405.6918859589806,11.754213145918868,0.029837748347304384,81.1921247148462,81.23896013832669,36.756591796875,82.00292639590069,80.24005751889504,77.55545927639403,81.1921247148462,152.0,0.6352941176470588,22921.93106005634,22633.5,288.43106005634036,9370.0,9663.0,455.0,0.04708682603746248,1,0,1.8888888888888888,0.9193729003359462,3.971170437695075,3.6818934798522767,0.6352941176470588,0.0,4.0,0.0,4.0,36.0,52.0,248.0,0.9411764705882353,59,11.486311460855216,0.0,133,393.93767281306174,22921.93106005634,0.0,0.0,420.4172446456188,341.9944612110107,0.06298402877093545,3.052886835797075e-05,31.7669,0.0,23757.5625,0.94,23719.0,24451.5,0.1069272233581898,0.005636998542674766,0.04342575290022368,1.0,341.9840205071252,393.93767281306174,81.1921247148462,77.55545927639403,22921.93106005634,248.0,9370.0,11.754213145918868
61,3.05,126.05045286973954,200.39069036723586,453.68342921026647,186.0383628176048,0.9878712615129877,341.9840205071252,393.93767281306174,314.9687370825756,405.6918859589806,11.754213145918868,0.029837748347304384,81.1921247148462,81.23896013832669,36.756591796875,82.00292639590069,80.24005751889504,77.55545927639403,81.1921247148462,152.0,0.6352941176470588,22921.93106005634,22633.5,288.43106005634036,9370.0,9663.0,455.0,0.04708682603746248,1,0,1.8888888888888888,0.9193729003359462,3.971170437695075,3.6818934798522767,0.6352941176470588,0.0,4.0,0.0,4.0,36.0,52.0,248.0,0.9411764705882353,59,11.486311460855216,0.0,133,393.93767281306174,22921.93106005634,0.0,0.0,420.4172446456188,341.9944612110107,0.06298402877093545,3.052886835797075e-05,31.8797,0.0,23757.5625,0.94,23719.0,24451.5,0.1069272233581898,0.005636998542674766,0.04342575290022368,1.0,341.9840205071252,393.93767281306174,81.1921247148462,77.55545927639403,22921.93106005634,248.0,9370.0,11.754213145918868
62,3.1,126.05045286973954,200.39069036723586,453.68342921026647,186.0383628176048,0.9878712615129877,341.9840205071252,393.93767281306174,314.9687370825756,405.6918859589806,11.754213145918868,0.029837748347304384,81.1921247148462,81.23896013832669,36.756591796875,82.00292639590069,80.24005751889504,77.55545927639403,81.1921247148462,152.0,0.6352941176470588,22921.93106005634,22633.5,288.43106005634036,9370.0,9663.0,455.0,0.04708682603746248,1,0,1.8888888888888888,0.9193729003359462,3.971170437695075,3.6818934798522767,0.6352941176470588,0.0,4.0,0.0,4.0,36.0,52.0,248.0,0.9411764705882353,59,11.486311460855216,0.0,133,393.93767281306174,22921.93106005634,0.0,0.0,420.4172446456188,341.9944612110107,0.06298402877093545,3.052886835797075e-05,31.9925,0.0,23757.5625,0.94,23719.0,24451.5,0.1069272233581898,0.005636998542674766,0.04342575290022368,1.0,341.9840205071252,393.93767281306174,81.1921247148462,77.55545927639403,22921.93106005634,248.0,9370.0,11.754213145918868
63,3.15,126.05045286973954,200.39069036723586,453.68342921026647,186.0383628176048,0.9878712615129877,341.9840205071252,393.93767281306174,314.9687370825756,405.6918859589806,11.754213145918868,0.029837748347304384,81.1921247148462,81.23896013832669,36.756591796875,82.00292639590069,80.24005751889504,77.55545927639403,81.1921247148462,152.0,0.6352941176470588,22921.93106005634,22633.5,288.43106005634036,9370.0,9663.0,455.0,0.04708682603746248,1,0,1.8888888888888888,0.9193729003359462,3.971170437695075,3.6818934798522767,0.6352941176470588,0.0,4.0,0.0,4.0,36.0,52.0,248.0,0.9411764705882353,59,11.486311460855216,0.0,133,393.93767281306174,22921.93106005634,0.0,0.0,420.4172446456188,341.9944612110107,0.06298402877093545,3.052886835797075e-05,32.1053,0.0,23757.5625,0.94,23719.0,24451.5,0.1069272233581898,0.005636998542674766,0.04342575290022368,1.0,341.9840205071252,393.93767281306174,81.1921247148462,77.55545927639403,22921.93106005634,248.0,9370.0,11.754213145918868
64,3.2,126.05045286973954,200.39069036723586,453.68342921026647,186.0383628176048,0.9878712615129877,341.9840205071252,393.93767281306174,314.9687370825756,405.6918859589806,11.754213145918868,0.029837748347304384,81.1921247148462,81.23896013832669,36.756591796875,82.00292639590069,80.24005751889504,77.55545927639403,81.1921247148462,152.0,0.6352941176470588,22921.93106005634,22633.5,288.43106005634036,9370.0,9663.0,455.0,0.04708682603746248,1,0,1.8888888888888888,0.9193729003359462,3.971170437695075,3.6818934798522767,0.6352941176470588,0.0,4.0,0.0,4.0,36.0,52.0,248.0,0.9411764705882353,59,11.486311460855216,0.0,133,393.93767281306174,22921.93106005634,0.0,0.0,420.4172446456188,341.9944612110107,0.06298402877093545,3.052886835797075e-05,32.218,0.0,23757.5625,0.94,23719.0,24451.5,0.1069272233581898,0.005636998542674766,0.04342575290022368,1.0,341.9840205071252,393.93767281306174,81.1921247148462,77.55545927639403,22921.93106005634,248.0,9370.0,11.754213145918868
65,3.25,126.05045286973954,200.39069036723586,453.68342921026647,186.0383628176048,0.9878712615129877,341.9840205071252,393.93767281306174,314.9687370825756,405.6918859589806,11.754213145918868,0.029837748347304384,81.1921247148462,81.23896013832669,36.756591796875,82.00292639590069,80.24005751889504,77.55545927639403,81.1921247148462,152.0,0.6352941176470588,22921.93106005634,22633.5,288.43106005634036,9370.0,9663.0,455.0,0.04708682603746248,1,0,1.8888888888888888,0.9193729003359462,3.971170437695075,3.6818934798522767,0.6352941176470588,0.0,4.0,0.0,4.0,36.0,52.0,248.0,0.9411764705882353,59,11.486311460855216,0.0,133,393.93767281306174,22921.93106005634,0.0,0.0,420.4172446456188,341.9944612110107,0.06298402877093545,3.052886835797075e-05,32.3308,0.0,23757.5625,0.94,23719.0,24451.5,0.1069272233581898,0.005636998542674766,0.04342575290022368,1.0,341.9840205071252,393.93767281306174,81.1921247148462,77.55545927639403,22921.93106005634,248.0,9370.0,11.754213145918868
66,3.3,126.05045286973954,200.39069036723586,453.68342921026647,186.0383628176048,0.9878712615129877,341.9840205071252,393.93767281306174,314.9687370825756,405.6918859589806,11.754213145918868,0.029837748347304384,81.1921247148462,81.23896013832669,36.756591796875,82.00292639590069,80.24005751889504,77.55545927639403,81.1921247148462,152.0,0.6352941176470588,22921.93106005634,22633.5,288.43106005634036,9370.0,9663.0,455.0,0.04708682603746248,1,0,1.8888888888888888,0.9193729003359462,3.971170437695075,3.6818934798522767,0.6352941176470588,0.0,4.0,0.0,4.0,36.0,52.0,248.0,0.9411764705882353,59,11.486311460855216,0.0,133,393.93767281306174,22921.93106005634,0.0,0.0,420.4172446456188,341.9944612110107,0.06298402877093545,3.052886835797075e-05,32.4436,0.0,23757.5625,0.94,23719.0,24451.5,0.1069272233581898,0.005636998542674766,0.04342575290022368,1.0,341.9840205071252,393.93767281306174,81.1921247148462,77.55545927639403,22921.93106005634,248.0,9370.0,11.754213145918868
67,3.35,126.05045286973954,200.39069036723586,453.68342921026647,186.0383628176048,0.9878712615129877,341.9840205071252,393.93767281306174,314.9687370825756,405.6918859589806,11.754213145918868,0.029837748347304384,81.1921247148462,81.23896013832669,36.756591796875,82.00292639590069,80.24005751889504,77.55545927639403,81.1921247148462,152.0,0.6352941176470588,22921.93106005634,22633.5,288.43106005634036,9370.0,9663.0,455.0,0.04708682603746248,1,0,1.8888888888888888,0.9193729003359462,3.971170437695075,3.6818934798522767,0.6352941176470588,0.0,4.0,0.0,4.0,36.0,52.0,248.0,0.9411764705882353,59,11.486311460855216,0.0,133,393.93767281306174,22921.93106005634,0.0,0.0,420.4172446456188,341.9944612110107,0.06298402877093545,3.052886835797075e-05,32.5564,0.0,23757.5625,0.94,23719.0,24451.5,0.1069272233581898,0.005636998542674766,0.04342575290022368,1.0,341.9840205071252,393.93767281306174,81.1921247148462,77.55545927639403,22921.93106005634,248.0,9370.0,11.754213145918868
68,3.4,126.05045286973954,200.39069036723586,453.68342921026647,186.0383628176048,0.9878712615129877,341.9840205071252,393.93767281306174,314.9687370825756,405.6918859589806,11.754213145918868,0.029837748347304384,81.1921247148462,81.23896013832669,36.756591796875,82.00292639590069,80.24005751889504,77.55545927639403,81.1921247148462,152.0,0.6352941176470588,22921.93106005634,22633.5,288.43106005634036,9370.0,9663.0,455.0,0.04708682603746248,1,0,1.8888888888888888,0.9193729003359462,3.971170437695075,3.6818934798522767,0.6352941176470588,0.0,4.0,0.0,4.0,36.0,52.0,248.0,0.9411764705882353,59,11.486311460855216,0.0,133,393.93767281306174,22921.93106005634,0.0,0.0,420.4172446456188,341.9944612110107,0.06298402877093545,3.052886835797075e-05,32.6692,0.0,23757.5625,0.94,23719.0,24451.5,0.1069272233581898,0.005636998542674766,0.04342575290022368,1.0,341.9840205071252,393.93767281306174,81.1921247148462,77.55545927639403,22921.93106005634,248.0,9370.0,11.754213145918868
69,3.45,126.05045286973954,200.39069036723586,453.68342921026647,186.0383628176048,0.9878712615129877,341.9840205071252,393.93767281306174,314.9687370825756,405.6918859589806,11.754213145918868,0.029837748347304384,81.1921247148462,81.23896013832669,36.756591796875,82.00292639590069,80.24005751889504,77.55545927639403,81.1921247148462,152.0,0.6352941176470588,22921.93106005634,22633.5,288.43106005634036,9370.0,9663.0,455.0,0.04708682603746248,1,0,1.8888888888888888,0.9193729003359462,3.971170437695075,3.6818934798522767,0.6352941176470588,0.0,4.0,0.0,4.0,36.0,52.0,248.0,0.9411764705882353,59,11.486311460855216,0.0,133,393.93767281306174,22921.93106005634,0.0,0.0,420.4172446456188,341.9944612110107,0.06298402877093545,3.052886835797075e-05,32.782,0.0,23757.5625,0.94,23719.0,24451.5,0.1069272233581898,0.005636998542674766,0.04342575290022368,1.0,341.9840205071252,393.93767281306174,81.1921247148462,77.55545927639403,22921.93106005634,248.0,9370.0,11.754213145918868
70,3.5,126.05045286973954,200.39069036723586,453.68342921026647,186.0383628176048,0.9878712615129877,341.9840205071252,393.93767281306174,314.9687370825756,405.6918859589806,11.754213145918868,0.029837748347304384,81.1921247148462,81.23896013832669,36.756591796875,82.00292639590069,80.24005751889504,77.55545927639403,81.1921247148462,152.0,0.6352941176470588,22921.93106005634,22633.5,288.43106005634036,9370.0,9663.0,455.0,0.04708682603746248,1,0,1.8888888888888888,0.9193729003359462,3.971170437695075,3.6818934798522767,0.6352941176470588,0.0,4.0,0.0,4.0,36.0,52.0,248.0,0.9411764705882353,59,11.486311460855216,0.0,133,393.93767281306174,22921.93106005634,0.0,0.0,420.4172446456188,341.9944612110107,0.06298402877093545,3.052886835797075e-05,32.8947,0.0,23757.5625,0.94,23719.0,24451.5,0.1069272233581898,0.005636998542674766,0.04342575290022368,1.0,341.9840205071252,393.93767281306174,81.1921247148462,77.55545927639403,22921.93106005634,248.0,9370.0,11.754213145918868
71,3.55,126.05045286973954,200.39069036723586,453.68342921026647,186.0383628176048,0.9878712615129877,341.9840205071252,393.93767281306174,314.9687370825756,405.6918859589806,11.754213145918868,0.029837748347304384,81.1921247148462,81.23896013832669,36.756591796875,82.00292639590069,80.24005751889504,77.55545927639403,81.1921247148462,152.0,0.6352941176470588,22921.93106005634,22633.5,288.43106005634036,9370.0,9663.0,455.0,0.04708682603746248,1,0,1.8888888888888888,0.9193729003359462,3.971170437695075,3.6818934798522767,0.6352941176470588,0.0,4.0,0.0,4.0,36.0,52.0,248.0,0.9411764705882353,59,11.486311460855216,0.0,133,393.93767281306174,22921.93106005634,0.0,0.0,420.4172446456188,341.9944612110107,0.06298402877093545,3.052886835797075e-05,33.0075,0.0,23757.5625,0.94,23719.0,24451.5,0.1069272233581898,0.005636998542674766,0.04342575290022368,1.0,341.9840205071252,393.93767281306174,81.1921247148462,77.55545927639403,22921.93106005634,248.0,9370.0,11.754213145918868
72,3.6,126.05045286973954,200.39069036723586,453.68342921026647,186.0383628176048,0.9878712615129877,341.9840205071252,393.93767281306174,314.9687370825756,405.6918859589806,11.754213145918868,0.029837748347304384,81.1921247148462,81.23896013832669,36.756591796875,82.00292639590069,80.24005751889504,77.55545927639403,81.1921247148462,152.0,0.6352941176470588,22921.93106005634,22633.5,288.43106005634036,9370.0,9663.0,455.0,0.04708682603746248,1,0,1.8888888888888888,0.9193729003359462,3.971170437695075,3.6818934798522767,0.6352941176470588,0.0,4.0,0.0,4.0,36.0,52.0,248.0,0.9411764705882353,59,11.486311460855216,0.0,133,393.93767281306174,22921.93106005634,0.0,0.0,420.4172446456188,341.9944612110107,0.06298402877093545,3.052886835797075e-05,33.1203,0.0,23757.5625,0.94,23719.0,24451.5,0.1069272233581898,0.005636998542674766,0.04342575290022368,1.0,341.9840205071252,393.93767281306174,81.1921247148462,77.55545927639403,22921.93106005634,248.0,9370.0,11.754213145918868
73,3.65,126.05045286973954,200.39069036723586,453.68342921026647,186.0383628176048,0.9878712615129877,341.9840205071252,393.93767281306174,314.9687370825756,405.6918859589806,11.754213145918868,0.029837748347304384,81.1921247148462,81.23896013832669,36.756591796875,82.00292639590069,80.24005751889504,77.55545927639403,81.1921247148462,152.0,0.6352941176470588,22921.93106005634,22633.5,288.43106005634036,9370.0,9663.0,455.0,0.04708682603746248,1,0,1.8888888888888888,0.9193729003359462,3.971170437695075,3.6818934798522767,0.6352941176470588,0.0,4.0,0.0,4.0,36.0,52.0,248.0,0.9411764705882353,59,11.486311460855216,0.0,133,393.93767281306174,22921.93106005634,0.0,0.0,420.4172446456188,341.9944612110107,0.06298402877093545,3.052886835797075e-05,33.2331,0.0,23757.5625,0.94,23719.0,24451.5,0.1069272233581898,0.005636998542674766,0.04342575290022368,1.0,341.9840205071252,393.93767281306174,81.1921247148462,77.55545927639403,22921.93106005634,248.0,9370.0,11.754213145918868
74,3.7,126.05045286973954,200.39069036723586,453.68342921026647,186.0383628176048,0.9878712615129877,341.9840205071252,393.93767281306174,314.9687370825756,405.6918859589806,11.754213145918868,0.029837748347304384,81.1921247148462,81.23896013832669,36.756591796875,82.00292639590069,80.24005751889504,77.55545927639403,81.1921247148462,152.0,0.6352941176470588,22921.93106005634,22633.5,288.43106005634036,9370.0,9663.0,455.0,0.04708682603746248,1,0,1.8888888888888888,0.9193729003359462,3.971170437695075,3.6818934798522767,0.6352941176470588,0.0,4.0,0.0,4.0,36.0,52.0,248.0,0.9411764705882353,59,11.486311460855216,0.0,133,393.93767281306174,22921.93106005634,0.0,0.0,420.4172446456188,341.9944612110107,0.06298402877093545,3.052886835797075e-05,33.3459,0.0,23757.5625,0.94,23719.0,24451.5,0.1069272233581898,0.005636998542674766,0.04342575290022368,1.0,341.9840205071252,393.93767281306174,81.1921247148462,77.55545927639403,22921.93106005634,248.0,9370.0,11.754213145918868
75,3.75,126.05045286973954,200.39069036723586,453.68342921026647,186.0383628176048,0.9878712615129877,341.9840205071252,393.93767281306174,314.9687370825756,405.6918859589806,11.754213145918868,0.029837748347304384,81.1921247148462,81.23896013832669,36.756591796875,82.00292639590069,80.24005751889504,77.55545927639403,81.1921247148462,152.0,0.6352941176470588,22921.93106005634,22633.5,288.43106005634036,9370.0,9663.0,455.0,0.04708682603746248,1,0,1.8888888888888888,0.9193729003359462,3.971170437695075,3.6818934798522767,0.6352941176470588,0.0,4.0,0.0,4.0,36.0,52.0,248.0,0.9411764705882353,59,11.486311460855216,0.0,133,393.93767281306174,22921.93106005634,0.0,0.0,420.4172446456188,341.9944612110107,0.06298402877093545,3.052886835797075e-05,33.4586,0.0,23757.5625,0.94,23719.0,24451.5,0.1069272233581898,0.005636998542674766,0.04342575290022368,1.0,341.9840205071252,393.93767281306174,81.1921247148462,77.55545927639403,22921.93106005634,248.0,9370.0,11.754213145918868
76,3.8,126.05045286973954,200.39069036723586,453.68342921026647,186.0383628176048,0.9878712615129877,341.9840205071252,393.93767281306174,314.9687370825756,405.6918859589806,11.754213145918868,0.029837748347304384,81.1921247148462,81.23896013832669,36.756591796875,82.00292639590069,80.24005751889504,77.55545927639403,81.1921247148462,152.0,0.6352941176470588,22921.93106005634,22633.5,288.43106005634036,9370.0,9663.0,455.0,0.04708682603746248,1,0,1.8888888888888888,0.9193729003359462,3.971170437695075,3.6818934798522767,0.6352941176470588,0.0,4.0,0.0,4.0,36.0,52.0,248.0,0.9411764705882353,59,11.486311460855216,0.0,133,393.93767281306174,22921.93106005634,0.0,0.0,420.4172446456188,341.9944612110107,0.06298402877093545,3.052886835797075e-05,33.5714,0.0,23757.5625,0.94,23719.0,24451.5,0.1069272233581898,0.005636998542674766,0.04342575290022368,1.0,341.9840205071252,393.93767281306174,81.1921247148462,77.55545927639403,22921.93106005634,248.0,9370.0,11.754213145918868
77,3.85,126.05045286973954,200.39069036723586,453.68342921026647,186.0383628176048,0.9878712615129877,341.9840205071252,393.93767281306174,314.9687370825756,405.6918859589806,11.754213145918868,0.029837748347304384,81.1921247148462,81.23896013832669,36.756591796875,82.00292639590069,80.24005751889504,77.55545927639403,81.1921247148462,152.0,0.6352941176470588,22921.93106005634,22633.5,288.43106005634036,9370.0,9663.0,455.0,0.04708682603746248,1,0,1.8888888888888888,0.9193729003359462,3.971170437695075,3.6818934798522767,0.6352941176470588,0.0,4.0,0.0,4.0,36.0,52.0,248.0,0.9411764705882353,59,11.486311460855216,0.0,133,393.93767281306174,22921.93106005634,0.0,0.0,420.4172446456188,341.9944612110107,0.06298402877093545,3.052886835797075e-05,33.6842,0.0,23757.5625,0.94,23719.0,24451.5,0.1069272233581898,0.005636998542674766,0.04342575290022368,1.0,341.9840205071252,393.93767281306174,81.1921247148462,77.55545927639403,22921.93106005634,248.0,9370.0,11.754213145918868
78,3.9,126.05045286973954,200.39069036723586,453.68342921026647,186.0383628176048,0.9878712615129877,341.9840205071252,393.93767281306174,314.9687370825756,405.6918859589806,11.754213145918868,0.029837748347304384,81.1921247148462,81.23896013832669,36.756591796875,82.00292639590069,80.24005751889504,77.55545927639403,81.1921247148462,152.0,0.6352941176470588,22921.93106005634,22633.5,288.43106005634036,9370.0,9663.0,455.0,0.04708682603746248,1,0,1.8888888888888888,0.9193729003359462,3.971170437695075,3.6818934798522767,0.6352941176470588,0.0,4.0,0.0,4.0,36.0,52.0,248.0,0.9411764705882353,59,11.486311460855216,0.0,133,393.93767281306174,22921.93106005634,0.0,0.0,420.4172446456188,341.9944612110107,0.06298402877093545,3.052886835797075e-05,33.797,0.0,23757.5625,0.94,23719.0,24451.5,0.1069272233581898,0.005636998542674766,0.04342575290022368,1.0,341.9840205071252,393.93767281306174,81.1921247148462,77.55545927639403,22921.93106005634,248.0,9370.0,11.754213145918868
79,3.95,126.05045286973954,200.39069036723586,453.68342921026647,186.0383628176048,0.9878712615129877,341.9840205071252,393.93767281306174,314.9687370825756,405.6918859589806,11.754213145918868,0.029837748347304384,81.1921247148462,81.23896013832669,36.756591796875,82.00292639590069,80.24005751889504,77.55545927639403,81.1921247148462,152.0,0.6352941176470588,22921.93106005634,22633.5,288.43106005634036,9370.0,9663.0,455.0,0.04708682603746248,1,0,1.8888888888888888,0.9193729003359462,3.971170437695075,3.6818934798522767,0.6352941176470588,0.0,4.0,0.0,4.0,36.0,52.0,248.0,0.9411764705882353,59,11.486311460855216,0.0,133,393.93767281306174,22921.93106005634,0.0,0.0,420.4172446456188,341.9944612110107,0.06298402877093545,3.052886835797075e-05,33.9098,0.0,23757.5625,0.94,23719.0,24451.5,0.1069272233581898,0.005636998542674766,0.04342575290022368,1.0,341.9840205071252,393.93767281306174,81.1921247148462,77.55545927639403,22921.93106005634,248.0,9370.0,11.754213145918868
80,4.0,126.05045286973954,200.39069036723586,453.68342921026647,186.0383628176048,0.9878712615129877,341.9840205071252,393.93767281306174,314.9687370825756,405.6918859589806,11.754213145918868,0.029837748347304384,81.1921247148462,81.23896013832669,36.756591796875,82.00292639590069,80.24005751889504,77.55545927639403,81.1921247148462,152.0,0.6352941176470588,22921.93106005634,22633.5,288.43106005634036,9370.0,9663.0,455.0,0.04708682603746248,1,0,1.8888888888888888,0.9193729003359462,3.971170437695075,3.6818934798522767,0.6352941176470588,0.0,4.0,0.0,4.0,36.0,52.0,248.0,0.9411764705882353,59,11.486311460855216,0.0,133,393.93767281306174,22921.93106005634,0.0,0.0,420.4172446456188,341.9944612110107,0.06298402877093545,3.052886835797075e-05,34.0226,0.0,23757.5625,0.94,23719.0,24451.5,0.1069272233581898,0.005636998542674766,0.04342575290022368,1.0,341.9840205071252,393.93767281306174,81.1921247148462,77.55545927639403,22921.93106005634,248.0,9370.0,11.754213145918868
81,4.05,126.05045286973954,200.39069036723586,453.68342921026647,186.0383628176048,0.9878712615129877,341.9840205071252,393.93767281306174,314.9687370825756,405.6918859589806,11.754213145918868,0.029837748347304384,81.1921247148462,81.23896013832669,36.756591796875,82.00292639590069,80.24005751889504,77.55545927639403,81.1921247148462,152.0,0.6352941176470588,22921.93106005634,22633.5,288.43106005634036,9370.0,9663.0,455.0,0.04708682603746248,1,0,1.8888888888888888,0.9193729003359462,3.971170437695075,3.6818934798522767,0.6352941176470588,0.0,4.0,0.0,4.0,36.0,52.0,248.0,0.9411764705882353,59,11.486311460855216,0.0,133,393.93767281306174,22921.93106005634,0.0,0.0,420.4172446456188,341.9944612110107,0.06298402877093545,3.052886835797075e-05,34.1353,0.0,23757.5625,0.94,23719.0,24451.5,0.1069272233581898,0.005636998542674766,0.04342575290022368,1.0,341.9840205071252,393.93767281306174,81.1921247148462,77.55545927639403,22921.93106005634,248.0,9370.0,11.754213145918868
82,4.1,126.05045286973954,200.39069036723586,453.68342921026647,186.0383628176048,0.9878712615129877,341.9840205071252,393.93767281306174,314.9687370825756,405.6918859589806,11.754213145918868,0.029837748347304384,81.1921247148462,81.23896013832669,36.756591796875,82.00292639590069,80.24005751889504,77.55545927639403,81.1921247148462,152.0,0.6352941176470588,22921.93106005634,22633.5,288.43106005634036,9370.0,9663.0,455.0,0.04708682603746248,1,0,1.8888888888888888,0.9193729003359462,3.971170437695075,3.6818934798522767,0.6352941176470588,0.0,4.0,0.0,4.0,36.0,52.0,248.0,0.9411764705882353,59,11.486311460855216,0.0,133,393.93767281306174,22921.93106005634,0.0,0.0,420.4172446456188,341.9944612110107,0.06298402877093545,3.052886835797075e-05,34.2481,0.0,23757.5625,0.94,23719.0,24451.5,0.1069272233581898,0.005636998542674766,0.04342575290022368,1.0,341.9840205071252,393.93767281306174,81.1921247148462,77.55545927639403,22921.93106005634,248.0,9370.0,11.754213145918868
83,4.15,126.05045286973954,200.39069036723586,453.68342921026647,186.0383628176048,0.9878712615129877,341.9840205071252,393.93767281306174,314.9687370825756,405.6918859589806,11.754213145918868,0.029837748347304384,81.1921247148462,81.23896013832669,36.756591796875,82.00292639590069,80.24005751889504,77.55545927639403,81.1921247148462,152.0,0.6352941176470588,22921.93106005634,22633.5,288.43106005634036,9370.0,9663.0,455.0,0.04708682603746248,1,0,1.8888888888888888,0.9193729003359462,3.971170437695075,3.6818934798522767,0.6352941176470588,0.0,4.0,0.0,4.0,36.0,52.0,248.0,0.9411764705882353,59,11.486311460855216,0.0,133,393.93767281306174,22921.93106005634,0.0,0.0,420.4172446456188,341.9944612110107,0.06298402877093545,3.052886835797075e-05,34.3609,0.0,23757.5625,0.94,23719.0,24451.5,0.1069272233581898,0.005636998542674766,0.04342575290022368,1.0,341.9840205071252,393.93767281306174,81.1921247148462,77.55545927639403,22921.93106005634,248.0,9370.0,11.754213145918868
84,4.2,126.05045286973954,200.39069036723586,453.68342921026647,186.0383628176048,0.9878712615129877,341.9840205071252,393.93767281306174,314.9687370825756,405.6918859589806,11.754213145918868,0.029837748347304384,81.1921247148462,81.23896013832669,36.756591796875,82.00292639590069,80.24005751889504,77.55545927639403,81.1921247148462,152.0,0.6352941176470588,22921.93106005634,22633.5,288.43106005634036,9370.0,9663.0,455.0,0.04708682603746248,1,0,1.8888888888888888,0.9193729003359462,3.971170437695075,3.6818934798522767,0.6352941176470588,0.0,4.0,0.0,4.0,36.0,52.0,248.0,0.9411764705882353,59,11.486311460855216,0.0,133,393.93767281306174,22921.93106005634,0.0,0.0,420.4172446456188,341.9944612110107,0.06298402877093545,3.052886835797075e-05,34.4737,0.0,23757.5625,0.94,23719.0,24451.5,0.1069272233581898,0.005636998542674766,0.04342575290022368,1.0,341.9840205071252,393.93767281306174,81.1921247148462,77.55545927639403,22921.93106005634,248.0,9370.0,11.754213145918868
85,4.25,126.05045286973954,200.39069036723586,453.68342921026647,186.0383628176048,0.9878712615129877,341.9840205071252,393.93767281306174,314.9687370825756,405.6918859589806,11.754213145918868,0.029837748347304384,81.1921247148462,81.23896013832669,36.756591796875,82.00292639590069,80.24005751889504,77.55545927639403,81.1921247148462,152.0,0.6352941176470588,22921.93106005634,22633.5,288.43106005634036,9370.0,9663.0,455.0,0.04708682603746248,1,0,1.8888888888888888,0.9193729003359462,3.971170437695075,3.6818934798522767,0.6352941176470588,0.0,4.0,0.0,4.0,36.0,52.0,248.0,0.9411764705882353,59,11.486311460855216,0.0,133,393.93767281306174,22921.93106005634,0.0,0.0,420.4172446456188,341.9944612110107,0.06298402877093545,3.052886835797075e-05,34.5865,0.0,23757.5625,0.94,23719.0,24451.5,0.1069272233581898,0.005636998542674766,0.04342575290022368,1.0,341.9840205071252,393.93767281306174,81.1921247148462,77.55545927639403,22921.93106005634,248.0,9370.0,11.754213145918868
86,4.3,126.05045286973954,200.39069036723586,453.68342921026647,186.0383628176048,0.9878712615129877,341.9840205071252,393.93767281306174,314.9687370825756,405.6918859589806,11.754213145918868,0.029837748347304384,81.1921247148462,81.23896013832669,36.756591796875,82.00292639590069,80.24005751889504,77.55545927639403,81.1921247148462,152.0,0.6352941176470588,22921.93106005634,22633.5,288.43106005634036,9370.0,9663.0,455.0,0.04708682603746248,1,0,1.8888888888888888,0.9193729003359462,3.971170437695075,3.6818934798522767,0.6352941176470588,0.0,4.0,0.0,4.0,36.0,52.0,248.0,0.9411764705882353,59,11.486311460855216,0.0,133,393.93767281306174,22921.93106005634,0.0,0.0,420.4172446456188,341.9944612110107,0.06298402877093545,3.052886835797075e-05,34.6992,0.0,23757.5625,0.94,23719.0,24451.5,0.1069272233581898,0.005636998542674766,0.04342575290022368,1.0,341.9840205071252,393.93767281306174,81.1921247148462,77.55545927639403,22921.93106005634,248.0,9370.0,11.754213145918868
87,4.35,126.05045286973954,200.39069036723586,453.68342921026647,186.0383628176048,0.9878712615129877,341.9840205071252,393.93767281306174,314.9687370825756,405.6918859589806,11.754213145918868,0.029837748347304384,81.1921247148462,81.23896013832669,36.756591796875,82.00292639590069,80.24005751889504,77.55545927639403,81.1921247148462,152.0,0.6352941176470588,22921.93106005634,22633.5,288.43106005634036,9370.0,9663.0,455.0,0.04708682603746248,1,0,1.8888888888888888,0.9193729003359462,3.971170437695075,3.6818934798522767,0.6352941176470588,0.0,4.0,0.0,4.0,36.0,52.0,248.0,0.9411764705882353,59,11.486311460855216,0.0,133,393.93767281306174,22921.93106005634,0.0,0.0,420.4172446456188,341.9944612110107,0.06298402877093545,3.052886835797075e-05,34.812,0.0,23757.5625,0.94,23719.0,24451.5,0.1069272233581898,0.005636998542674766,0.04342575290022368,1.0,341.9840205071252,393.93767281306174,81.1921247148462,77.55545927639403,22921.93106005634,248.0,9370.0,11.754213145918868
88,4.4,126.05045286973954,200.39069036723586,453.68342921026647,186.0383628176048,0.9878712615129877,341.9840205071252,393.93767281306174,314.9687370825756,405.6918859589806,11.754213145918868,0.029837748347304384,81.1921247148462,81.23896013832669,36.756591796875,82.00292639590069,80.24005751889504,77.55545927639403,81.1921247148462,152.0,0.6352941176470588,22921.93106005634,22633.5,288.43106005634036,9370.0,9663.0,455.0,0.04708682603746248,1,0,1.8888888888888888,0.9193729003359462,3.971170437695075,3.6818934798522767,0.6352941176470588,0.0,4.0,0.0,4.0,36.0,52.0,248.0,0.9411764705882353,59,11.486311460855216,0.0,133,393.93767281306174,22921.93106005634,0.0,0.0,420.4172446456188,341.9944612110107,0.06298402877093545,3.052886835797075e-05,34.9248,0.0,23757.5625,0.94,23719.0,24451.5,0.1069272233581898,0.005636998542674766,0.04342575290022368,1.0,341.9840205071252,393.93767281306174,81.1921247148462,77.55545927639403,22921.93106005634,248.0,9370.0,11.754213145918868
89,4.45,126.05045286973954,200.39069036723586,453.68342921026647,186.0383628176048,0.9878712615129877,341.9840205071252,393.93767281306174,314.9687370825756,405.6918859589806,11.754213145918868,0.029837748347304384,81.1921247148462,81.23896013832669,36.756591796875,82.00292639590069,80.24005751889504,77.55545927639403,81.1921247148462,152.0,0.6352941176470588,22921.93106005634,22633.5,288.43106005634036,9370.0,9663.0,455.0,0.04708682603746248,1,0,1.8888888888888888,0.9193729003359462,3.971170437695075,3.6818934798522767,0.6352941176470588,0.0,4.0,0.0,4.0,36.0,52.0,248.0,0.9411764705882353,59,11.486311460855216,0.0,133,393.93767281306174,22921.93106005634,0.0,0.0,420.4172446456188,341.9944612110107,0.06298402877093545,3.052886835797075e-05,35.0376,0.0,23757.5625,0.94,23719.0,24451.5,0.1069272233581898,0.005636998542674766,0.04342575290022368,1.0,341.9840205071252,393.93767281306174,81.1921247148462,77.55545927639403,22921.93106005634,248.0,9370.0,11.754213145918868
90,4.5,126.05045286973954,200.39069036723586,453.68342921026647,186.0383628176048,0.9878712615129877,341.9840205071252,393.93767281306174,314.9687370825756,405.6918859589806,11.754213145918868,0.029837748347304384,81.1921247148462,81.23896013832669,36.756591796875,82.00292639590069,80.24005751889504,77.55545927639403,81.1921247148462,152.0,0.6352941176470588,22921.93106005634,22633.5,288.43106005634036,9370.0,9663.0,455.0,0.04708682603746248,1,0,1.8888888888888888,0.9193729003359462,3.971170437695075,3.6818934798522767,0.6352941176470588,0.0,4.0,0.0,4.0,36.0,52.0,248.0,0.9411764705882353,59,11.486311460855216,0.0,133,393.93767281306174,22921.93106005634,0.0,0.0,420.4172446456188,341.9944612110107,0.06298402877093545,3.052886835797075e-05,35.1504,0.0,23757.5625,0.94,23719.0,24451.5,0.1069272233581898,0.005636998542674766,0.04342575290022368,1.0,341.9840205071252,393.93767281306174,81.1921247148462,77.55545927639403,22921.93106005634,248.0,9370.0,11.754213145918868
91,4.55,126.05045286973954,200.39069036723586,453.68342921026647,186.0383628176048,0.9878712615129877,341.9840205071252,393.93767281306174,314.9687370825756,405.6918859589806,11.754213145918868,0.029837748347304384,81.1921247148462,81.23896013832669,36.756591796875,82.00292639590069,80.24005751889504,77.55545927639403,81.1921247148462,152.0,0.6352941176470588,22921.93106005634,22633.5,288.43106005634036,9370.0,9663.0,455.0,0.04708682603746248,1,0,1.8888888888888888,0.9193729003359462,3.971170437695075,3.6818934798522767,0.6352941176470588,0.0,4.0,0.0,4.0,36.0,52.0,248.0,0.9411764705882353,59,11.486311460855216,0.0,133,393.93767281306174,22921.93106005634,0.0,0.0,420.4172446456188,341.9944612110107,0.06298402877093545,3.052886835797075e-05,35.2632,0.0,23757.5625,0.94,23719.0,24451.5,0.1069272233581898,0.005636998542674766,0.04342575290022368,1.0,341.9840205071252,393.93767281306174,81.1921247148462,77.55545927639403,22921.93106005634,248.0,9370.0,11.754213145918868
92,4.6,126.05045286973954,200.39069036723586,453.68342921026647,186.0383628176048,0.9878712615129877,341.9840205071252,393.93767281306174,314.9687370825756,405.6918859589806,11.754213145918868,0.029837748347304384,81.1921247148462,81.23896013832669,36.756591796875,82.00292639590069,80.24005751889504,77.55545927639403,81.1921247148462,152.0,0.6352941176470588,22921.93106005634,22633.5,288.43106005634036,9370.0,9663.0,455.0,0.04708682603746248,1,0,1.8888888888888888,0.9193729003359462,3.971170437695075,3.6818934798522767,0.6352941176470588,0.0,4.0,0.0,4.0,36.0,52.0,248.0,0.9411764705882353,59,11.486311460855216,0.0,133,393.93767281306174,22921.93106005634,0.0,0.0,420.4172446456188,341.9944612110107,0.06298402877093545,3.052886835797075e-05,35.3759,0.0,23757.5625,0.94,23719.0,24451.5,0.1069272233581898,0.005636998542674766,0.04342575290022368,1.0,341.9840205071252,393.93767281306174,81.1921247148462,77.55545927639403,22921.93106005634,248.0,9370.0,11.754213145918868
93,4.65,126.05045286973954,200.39069036723586,453.68342921026647,186.0383628176048,0.9878712615129877,341.9840205071252,393.93767281306174,314.9687370825756,405.6918859589806,11.754213145918868,0.029837748347304384,81.1921247148462,81.23896013832669,36.756591796875,82.00292639590069,80.24005751889504,77.55545927639403,81.1921247148462,152.0,0.6352941176470588,22921.93106005634,22633.5,288.43106005634036,9370.0,9663.0,455.0,0.04708682603746248,1,0,1.8888888888888888,0.9193729003359462,3.971170437695075,3.6818934798522767,0.6352941176470588,0.0,4.0,0.0,4.0,36.0,52.0,248.0,0.9411764705882353,59,11.486311460855216,0.0,133,393.93767281306174,22921.93106005634,0.0,0.0,420.4172446456188,341.9944612110107,0.06298402877093545,3.052886835797075e-05,35.4887,0.0,23757.5625,0.94,23719.0,24451.5,0.1069272233581898,0.005636998542674766,0.04342575290022368,1.0,341.9840205071252,393.93767281306174,81.1921247148462,77.55545927639403,22921.93106005634,248.0,9370.0,11.754213145918868
94,4.7,126.05045286973954,200.39069036723586,453.68342921026647,186.0383628176048,0.9878712615129877,341.9840205071252,393.93767281306174,314.9687370825756,405.6918859589806,11.754213145918868,0.029837748347304384,81.1921247148462,81.23896013832669,36.756591796875,82.00292639590069,80.24005751889504,77.55545927639403,81.1921247148462,152.0,0.6352941176470588,22921.93106005634,22633.5,288.43106005634036,9370.0,9663.0,455.0,0.04708682603746248,1,0,1.8888888888888888,0.9193729003359462,3.971170437695075,3.6818934798522767,0.6352941176470588,0.0,4.0,0.0,4.0,36.0,52.0,248.0,0.9411764705882353,59,11.486311460855216,0.0,133,393.93767281306174,22921.93106005634,0.0,0.0,420.4172446456188,341.9944612110107,0.06298402877093545,3.052886835797075e-05,35.6015,0.0,23757.5625,0.94,23719.0,24451.5,0.1069272233581898,0.005636998542674766,0.04342575290022368,1.0,341.9840205071252,393.93767281306174,81.1921247148462,77.55545927639403,22921.93106005634,248.0,9370.0,11.754213145918868
95,4.75,126.05045286973954,200.39069036723586,453.68342921026647,186.0383628176048,0.9878712615129877,341.9840205071252,393.93767281306174,314.9687370825756,405.6918859589806,11.754213145918868,0.029837748347304384,81.1921247148462,81.23896013832669,36.756591796875,82.00292639590069,80.24005751889504,77.55545927639403,81.1921247148462,152.0,0.6352941176470588,22921.93106005634,22633.5,288.43106005634036,9370.0,9663.0,455.0,0.04708682603746248,1,0,1.8888888888888888,0.9193729003359462,3.971170437695075,3.6818934798522767,0.6352941176470588,0.0,4.0,0.0,4.0,36.0,52.0,248.0,0.9411764705882353,59,11.486311460855216,0.0,133,393.93767281306174,22921.93106005634,0.0,0.0,420.4172446456188,341.9944612110107,0.06298402877093545,3.052886835797075e-05,35.7143,0.0,23757.5625,0.94,23719.0,24451.5,0.1069272233581898,0.005636998542674766,0.04342575290022368,1.0,341.9840205071252,393.93767281306174,81.1921247148462,77.55545927639403,22921.93106005634,248.0,9370.0,11.754213145918868
96,4.8,126.05045286973954,200.39069036723586,453.68342921026647,186.0383628176048,0.9878712615129877,341.9840205071252,393.93767281306174,314.9687370825756,405.6918859589806,11.754213145918868,0.029837748347304384,81.1921247148462,81.23896013832669,36.756591796875,82.00292639590069,80.24005751889504,77.55545927639403,81.1921247148462,152.0,0.6352941176470588,22921.93106005634,22633.5,288.43106005634036,9370.0,9663.0,455.0,0.04708682603746248,1,0,1.8888888888888888,0.9193729003359462,3.971170437695075,3.6818934798522767,0.6352941176470588,0.0,4.0,0.0,4.0,36.0,52.0,248.0,0.9411764705882353,59,11.486311460855216,0.0,133,393.93767281306174,22921.93106005634,0.0,0.0,420.4172446456188,341.9944612110107,0.06298402877093545,3.052886835797075e-05,35.8271,0.0,23757.5625,0.94,23719.0,24451.5,0.1069272233581898,0.005636998542674766,0.04342575290022368,1.0,341.9840205071252,393.93767281306174,81.1921247148462,77.55545927639403,22921.93106005634,248.0,9370.0,11.754213145918868
97,4.85,126.05045286973954,200.39069036723586,453.68342921026647,186.0383628176048,0.9878712615129877,341.9840205071252,393.93767281306174,314.9687370825756,405.6918859589806,11.754213145918868,0.029837748347304384,81.1921247148462,81.23896013832669,36.756591796875,82.00292639590069,80.24005751889504,77.55545927639403,81.1921247148462,152.0,0.6352941176470588,22921.93106005634,22633.5,288.43106005634036,9370.0,9663.0,455.0,0.04708682603746248,1,0,1.8888888888888888,0.9193729003359462,3.971170437695075,3.6818934798522767,0.6352941176470588,0.0,4.0,0.0,4.0,36.0,52.0,248.0,0.9411764705882353,59,11.486311460855216,0.0,133,393.93767281306174,22921.93106005634,0.0,0.0,420.4172446456188,341.9944612110107,0.06298402877093545,3.052886835797075e-05,35.9398,0.0,23757.5625,0.94,23719.0,24451.5,0.1069272233581898,0.005636998542674766,0.04342575290022368,1.0,341.9840205071252,393.93767281306174,81.1921247148462,77.55545927639403,22921.93106005634,248.0,9370.0,11.754213145918868
98,4.9,126.05045286973954,200.39069036723586,453.68342921026647,186.0383628176048,0.9878712615129877,341.9840205071252,393.93767281306174,314.9687370825756,405.6918859589806,11.754213145918868,0.029837748347304384,81.1921247148462,81.23896013832669,36.756591796875,82.00292639590069,80.24005751889504,77.55545927639403,81.1921247148462,152.0,0.6352941176470588,22921.93106005634,22633.5,288.43106005634036,9370.0,9663.0,455.0,0.04708682603746248,1,0,1.8888888888888888,0.9193729003359462,3.971170437695075,3.6818934798522767,0.6352941176470588,0.0,4.0,0.0,4.0,36.0,52.0,248.0,0.9411764705882353,59,11.486311460855216,0.0,133,393.93767281306174,22921.93106005634,0.0,0.0,420.4172446456188,341.9944612110107,0.06298402877093545,3.052886835797075e-05,36.0526,0.0,23757.5625,0.94,23719.0,24451.5,0.1069272233581898,0.005636998542674766,0.04342575290022368,1.0,341.9840205071252,393.93767281306174,81.1921247148462,77.55545927639403,22921.93106005634,248.0,9370.0,11.754213145918868
99,4.95,126.05045286973954,200.39069036723586,453.68342921026647,186.0383628176048,0.9878712615129877,341.9840205071252,393.93767281306174,314.9687370825756,405.6918859589806,11.754213145918868,0.029837748347304384,81.1921247148462,81.23896013832669,36.756591796875,82.00292639590069,80.24005751889504,77.55545927639403,81.1921247148462,152.0,0.6352941176470588,22921.93106005634,22633.5,288.43106005634036,9370.0,9663.0,455.0,0.04708682603746248,1,0,1.8888888888888888,0.9193729003359462,3.971170437695075,3.6818934798522767,0.6352941176470588,0.0,4.0,0.0,4.0,36.0,52.0,248.0,0.9411764705882353,59,11.486311460855216,0.0,133,393.93767281306174,22921.93106005634,0.0,0.0,420.4172446456188,341.9944612110107,0.06298402877093545,3.052886835797075e-05,36.1654,0.0,23757.5625,0.94,23719.0,24451.5,0.1069272233581898,0.005636998542674766,0.04342575290022368,1.0,341.9840205071252,393.93767281306174,81.1921247148462,77.55545927639403,22921.93106005634,248.0,9370.0,11.754213145918868
100,5.0,126.05045286973954,200.39069036723586,453.68342921026647,186.0383628176048,0.9878712615129877,341.9840205071252,393.93767281306174,314.9687370825756,405.6918859589806,11.754213145918868,0.029837748347304384,81.1921247148462,81.23896013832669,36.756591796875,82.00292639590069,80.24005751889504,77.55545927639403,81.1921247148462,152.0,0.6352941176470588,22921.93106005634,22633.5,288.43106005634036,9370.0,9663.0,455.0,0.04708682603746248,1,0,1.8888888888888888,0.9193729003359462,3.971170437695075,3.6818934798522767,0.6352941176470588,0.0,4.0,0.0,4.0,36.0,52.0,248.0,0.9411764705882353,59,11.486311460855216,0.0,133,393.93767281306174,22921.93106005634,0.0,0.0,420.4172446456188,341.9944612110107,0.06298402877093545,3.052886835797075e-05,36.2782,0.0,23757.5625,0.94,23719.0,24451.5,0.1069272233581898,0.005636998542674766,0.04342575290022368,1.0,341.9840205071252,393.93767281306174,81.1921247148462,77.55545927639403,22921.93106005634,248.0,9370.0,11.754213145918868
101,5.05,126.05045286973954,200.39069036723586,453.68342921026647,186.0383628176048,0.9878712615129877,341.9840205071252,393.93767281306174,314.9687370825756,405.6918859589806,11.754213145918868,0.029837748347304384,81.1921247148462,81.23896013832669,36.756591796875,82.00292639590069,80.24005751889504,77.55545927639403,81.1921247148462,152.0,0.6352941176470588,22921.93106005634,22633.5,288.43106005634036,9370.0,9663.0,455.0,0.04708682603746248,1,0,1.8888888888888888,0.9193729003359462,3.971170437695075,3.6818934798522767,0.6352941176470588,0.0,4.0,0.0,4.0,36.0,52.0,248.0,0.9411764705882353,59,11.486311460855216,0.0,133,393.93767281306174,22921.93106005634,0.0,0.0,420.4172446456188,341.9944612110107,0.06298402877093545,3.052886835797075e-05,36.391,0.0,23757.5625,0.94,23719.0,24451.5,0.1069272233581898,0.005636998542674766,0.04342575290022368,1.0,341.9840205071252,393.93767281306174,81.1921247148462,77.55545927639403,22921.93106005634,248.0,9370.0,11.754213145918868
102,5.1,126.05045286973954,200.39069036723586,453.68342921026647,186.0383628176048,0.9878712615129877,341.9840205071252,393.93767281306174,314.9687370825756,405.6918859589806,11.754213145918868,0.029837748347304384,81.1921247148462,81.23896013832669,36.756591796875,82.00292639590069,80.24005751889504,77.55545927639403,81.1921247148462,152.0,0.6352941176470588,22921.93106005634,22633.5,288.43106005634036,9370.0,9663.0,455.0,0.04708682603746248,1,0,1.8888888888888888,0.9193729003359462,3.971170437695075,3.6818934798522767,0.6352941176470588,0.0,4.0,0.0,4.0,36.0,52.0,248.0,0.9411764705882353,59,11.486311460855216,0.0,133,393.93767281306174,22921.93106005634,0.0,0.0,420.4172446456188,341.9944612110107,0.06298402877093545,3.052886835797075e-05,36.5038,0.0,23757.5625,0.94,23719.0,24451.5,0.1069272233581898,0.005636998542674766,0.04342575290022368,1.0,341.9840205071252,393.93767281306174,81.1921247148462,77.55545927639403,22921.93106005634,248.0,9370.0,11.754213145918868
103,5.15,126.05045286973954,200.39069036723586,453.68342921026647,186.0383628176048,0.9878712615129877,341.9840205071252,393.93767281306174,314.9687370825756,405.6918859589806,11.754213145918868,0.029837748347304384,81.1921247148462,81.23896013832669,36.756591796875,82.00292639590069,80.24005751889504,77.55545927639403,81.1921247148462,152.0,0.6352941176470588,22921.93106005634,22633.5,288.43106005634036,9370.0,9663.0,455.0,0.04708682603746248,1,0,1.8888888888888888,0.9193729003359462,3.971170437695075,3.6818934798522767,0.6352941176470588,0.0,4.0,0.0,4.0,36.0,52.0,248.0,0.9411764705882353,59,11.486311460855216,0.0,133,393.93767281306174,22921.93106005634,0.0,0.0,420.4172446456188,341.9944612110107,0.06298402877093545,3.052886835797075e-05,36.6165,0.0,23757.5625,0.94,23719.0,24451.5,0.1069272233581898,0.005636998542674766,0.04342575290022368,1.0,341.9840205071252,393.93767281306174,81.1921247148462,77.55545927639403,22921.93106005634,248.0,9370.0,11.754213145918868
104,5.2,126.05045286973954,200.39069036723586,453.68342921026647,186.0383628176048,0.9878712615129877,341.9840205071252,393.93767281306174,314.9687370825756,405.6918859589806,11.754213145918868,0.029837748347304384,81.1921247148462,81.23896013832669,36.756591796875,82.00292639590069,80.24005751889504,77.55545927639403,81.1921247148462,152.0,0.6352941176470588,22921.93106005634,22633.5,288.43106005634036,9370.0,9663.0,455.0,0.04708682603746248,1,0,1.8888888888888888,0.9193729003359462,3.971170437695075,3.6818934798522767,0.6352941176470588,0.0,4.0,0.0,4.0,36.0,52.0,248.0,0.9411764705882353,59,11.486311460855216,0.0,133,393.93767281306174,22921.93106005634,0.0,0.0,420.4172446456188,341.9944612110107,0.06298402877093545,3.052886835797075e-05,36.7293,0.0,23757.5625,0.94,23719.0,24451.5,0.1069272233581898,0.005636998542674766,0.04342575290022368,1.0,341.9840205071252,393.93767281306174,81.1921247148462,77.55545927639403,22921.93106005634,248.0,9370.0,11.754213145918868
105,5.25,126.05045286973954,200.39069036723586,453.68342921026647,186.0383628176048,0.9878712615129877,341.9840205071252,393.93767281306174,314.9687370825756,405.6918859589806,11.754213145918868,0.029837748347304384,81.1921247148462,81.23896013832669,36.756591796875,82.00292639590069,80.24005751889504,77.55545927639403,81.1921247148462,152.0,0.6352941176470588,22921.93106005634,22633.5,288.43106005634036,9370.0,9663.0,455.0,0.04708682603746248,1,0,1.8888888888888888,0.9193729003359462,3.971170437695075,3.6818934798522767,0.6352941176470588,0.0,4.0,0.0,4.0,36.0,52.0,248.0,0.9411764705882353,59,11.486311460855216,0.0,133,393.93767281306174,22921.93106005634,0.0,0.0,420.4172446456188,341.9944612110107,0.06298402877093545,3.052886835797075e-05,36.8421,0.0,23757.5625,0.94,23719.0,24451.5,0.1069272233581898,0.005636998542674766,0.04342575290022368,1.0,341.9840205071252,393.93767281306174,81.1921247148462,77.55545927639403,22921.93106005634,248.0,9370.0,11.754213145918868
106,5.3,126.05045286973954,200.39069036723586,453.68342921026647,186.0383628176048,0.9878712615129877,341.9840205071252,393.93767281306174,314.9687370825756,405.6918859589806,11.754213145918868,0.029837748347304384,81.1921247148462,81.23896013832669,36.756591796875,82.00292639590069,80.24005751889504,77.55545927639403,81.1921247148462,152.0,0.6352941176470588,22921.93106005634,22633.5,288.43106005634036,9370.0,9663.0,455.0,0.04708682603746248,1,0,1.8888888888888888,0.9193729003359462,3.971170437695075,3.6818934798522767,0.6352941176470588,0.0,4.0,0.0,4.0,36.0,52.0,248.0,0.9411764705882353,59,11.486311460855216,0.0,133,393.93767281306174,22921.93106005634,0.0,0.0,420.4172446456188,341.9944612110107,0.06298402877093545,3.052886835797075e-05,36.9549,0.0,23757.5625,0.94,23719.0,24451.5,0.1069272233581898,0.005636998542674766,0.04342575290022368,1.0,341.9840205071252,393.93767281306174,81.1921247148462,77.55545927639403,22921.93106005634,248.0,9370.0,11.754213145918868
107,5.35,126.05045286973954,200.39069036723586,453.68342921026647,186.0383628176048,0.9878712615129877,341.9840205071252,393.93767281306174,314.9687370825756,405.6918859589806,11.754213145918868,0.029837748347304384,81.1921247148462,81.23896013832669,36.756591796875,82.00292639590069,80.24005751889504,77.55545927639403,81.1921247148462,152.0,0.6352941176470588,22921.93106005634,22633.5,288.43106005634036,9370.0,9663.0,455.0,0.04708682603746248,1,0,1.8888888888888888,0.9193729003359462,3.971170437695075,3.6818934798522767,0.6352941176470588,0.0,4.0,0.0,4.0,36.0,52.0,248.0,0.9411764705882353,59,11.486311460855216,0.0,133,393.93767281306174,22921.93106005634,0.0,0.0,420.4172446456188,341.9944612110107,0.06298402877093545,3.052886835797075e-05,37.0677,0.0,23757.5625,0.94,23719.0,24451.5,0.1069272233581898,0.005636998542674766,0.04342575290022368,1.0,341.9840205071252,393.93767281306174,81.1921247148462,77.55545927639403,22921.93106005634,248.0,9370.0,11.754213145918868
108,5.4,126.05045286973954,200.39069036723586,453.68342921026647,186.0383628176048,0.9878712615129877,341.9840205071252,393.93767281306174,314.9687370825756,405.6918859589806,11.754213145918868,0.029837748347304384,81.1921247148462,81.23896013832669,36.756591796875,82.00292639590069,80.24005751889504,77.55545927639403,81.1921247148462,152.0,0.6352941176470588,22921.93106005634,22633.5,288.43106005634036,9370.0,9663.0,455.0,0.04708682603746248,1,0,1.8888888888888888,0.9193729003359462,3.971170437695075,3.6818934798522767,0.6352941176470588,0.0,4.0,0.0,4.0,36.0,52.0,248.0,0.9411764705882353,59,11.486311460855216,0.0,133,393.93767281306174,22921.93106005634,0.0,0.0,420.4172446456188,341.9944612110107,0.06298402877093545,3.052886835797075e-05,37.1805,0.0,23757.5625,0.94,23719.0,24451.5,0.1069272233581898,0.005636998542674766,0.04342575290022368,1.0,341.9840205071252,393.93767281306174,81.1921247148462,77.55545927639403,22921.93106005634,248.0,9370.0,11.754213145918868
109,5.45,126.05045286973954,200.39069036723586,453.68342921026647,186.0383628176048,0.9878712615129877,341.9840205071252,393.93767281306174,314.9687370825756,405.6918859589806,11.754213145918868,0.029837748347304384,81.1921247148462,81.23896013832669,36.756591796875,82.00292639590069,80.24005751889504,77.55545927639403,81.1921247148462,152.0,0.6352941176470588,22921.93106005634,22633.5,288.43106005634036,9370.0,9663.0,455.0,0.04708682603746248,1,0,1.8888888888888888,0.9193729003359462,3.971170437695075,3.6818934798522767,0.6352941176470588,0.0,4.0,0.0,4.0,36.0,52.0,248.0,0.9411764705882353,59,11.486311460855216,0.0,133,393.93767281306174,22921.93106005634,0.0,0.0,420.4172446456188,341.9944612110107,0.06298402877093545,3.052886835797075e-05,37.2932,0.0,23757.5625,0.94,23719.0,24451.5,0.1069272233581898,0.005636998542674766,0.04342575290022368,1.0,341.9840205071252,393.93767281306174,81.1921247148462,77.55545927639403,22921.93106005634,248.0,9370.0,11.754213145918868
110,5.5,126.05045286973954,200.39069036723586,453.68342921026647,186.0383628176048,0.9878712615129877,341.9840205071252,393.93767281306174,314.9687370825756,405.6918859589806,11.754213145918868,0.029837748347304384,81.1921247148462,81.23896013832669,36.756591796875,82.00292639590069,80.24005751889504,77.55545927639403,81.1921247148462,152.0,0.6352941176470588,22921.93106005634,22633.5,288.43106005634036,9370.0,9663.0,455.0,0.04708682603746248,1,0,1.8888888888888888,0.9193729003359462,3.971170437695075,3.6818934798522767,0.6352941176470588,0.0,4.0,0.0,4.0,36.0,52.0,248.0,0.9411764705882353,59,11.486311460855216,0.0,133,393.93767281306174,22921.93106005634,0.0,0.0,420.4172446456188,341.9944612110107,0.06298402877093545,3.052886835797075e-05,37.406,0.0,23757.5625,0.94,23719.0,24451.5,0.1069272233581898,0.005636998542674766,0.04342575290022368,1.0,341.9840205071252,393.93767281306174,81.1921247148462,77.55545927639403,22921.93106005634,248.0,9370.0,11.754213145918868
111,5.55,126.05045286973954,200.39069036723586,453.68342921026647,186.0383628176048,0.9878712615129877,341.9840205071252,393.93767281306174,314.9687370825756,405.6918859589806,11.754213145918868,0.029837748347304384,81.1921247148462,81.23896013832669,36.756591796875,82.00292639590069,80.24005751889504,77.55545927639403,81.1921247148462,152.0,0.6352941176470588,22921.93106005634,22633.5,288.43106005634036,9370.0,9663.0,455.0,0.04708682603746248,1,0,1.8888888888888888,0.9193729003359462,3.971170437695075,3.6818934798522767,0.6352941176470588,0.0,4.0,0.0,4.0,36.0,52.0,248.0,0.9411764705882353,59,11.486311460855216,0.0,133,393.93767281306174,22921.93106005634,0.0,0.0,420.4172446456188,341.9944612110107,0.06298402877093545,3.052886835797075e-05,37.5188,0.0,23757.5625,0.94,23719.0,24451.5,0.1069272233581898,0.005636998542674766,0.04342575290022368,1.0,341.9840205071252,393.93767281306174,81.1921247148462,77.55545927639403,22921.93106005634,248.0,9370.0,11.754213145918868
112,5.6,126.05045286973954,200.39069036723586,453.68342921026647,186.0383628176048,0.9878712615129877,341.9840205071252,393.93767281306174,314.9687370825756,405.6918859589806,11.754213145918868,0.029837748347304384,81.1921247148462,81.23896013832669,36.756591796875,82.00292639590069,80.24005751889504,77.55545927639403,81.1921247148462,152.0,0.6352941176470588,22921.93106005634,22633.5,288.43106005634036,9370.0,9663.0,455.0,0.04708682603746248,1,0,1.8888888888888888,0.9193729003359462,3.971170437695075,3.6818934798522767,0.6352941176470588,0.0,4.0,0.0,4.0,36.0,52.0,248.0,0.9411764705882353,59,11.486311460855216,0.0,133,393.93767281306174,22921.93106005634,0.0,0.0,420.4172446456188,341.9944612110107,0.06298402877093545,3.052886835797075e-05,37.6316,0.0,23757.5625,0.94,23719.0,24451.5,0.1069272233581898,0.005636998542674766,0.04342575290022368,1.0,341.9840205071252,393.93767281306174,81.1921247148462,77.55545927639403,22921.93106005634,248.0,9370.0,11.754213145918868
113,5.65,126.05045286973954,200.39069036723586,453.68342921026647,186.0383628176048,0.9878712615129877,341.9840205071252,393.93767281306174,314.9687370825756,405.6918859589806,11.754213145918868,0.029837748347304384,81.1921247148462,81.23896013832669,36.756591796875,82.00292639590069,80.24005751889504,77.55545927639403,81.1921247148462,152.0,0.6352941176470588,22921.93106005634,22633.5,288.43106005634036,9370.0,9663.0,455.0,0.04708682603746248,1,0,1.8888888888888888,0.9193729003359462,3.971170437695075,3.6818934798522767,0.6352941176470588,0.0,4.0,0.0,4.0,36.0,52.0,248.0,0.9411764705882353,59,11.486311460855216,0.0,133,393.93767281306174,22921.93106005634,0.0,0.0,420.4172446456188,341.9944612110107,0.06298402877093545,3.052886835797075e-05,37.7444,0.0,23757.5625,0.94,23719.0,24451.5,0.1069272233581898,0.005636998542674766,0.04342575290022368,1.0,341.9840205071252,393.93767281306174,81.1921247148462,77.55545927639403,22921.93106005634,248.0,9370.0,11.754213145918868
114,5.7,126.05045286973954,200.39069036723586,453.68342921026647,186.0383628176048,0.9878712615129877,341.9840205071252,393.93767281306174,314.9687370825756,405.6918859589806,11.754213145918868,0.029837748347304384,81.1921247148462,81.23896013832669,36.756591796875,82.00292639590069,80.24005751889504,77.55545927639403,81.1921247148462,152.0,0.6352941176470588,22921.93106005634,22633.5,288.43106005634036,9370.0,9663.0,455.0,0.04708682603746248,1,0,1.8888888888888888,0.9193729003359462,3.971170437695075,3.6818934798522767,0.6352941176470588,0.0,4.0,0.0,4.0,36.0,52.0,248.0,0.9411764705882353,59,11.486311460855216,0.0,133,393.93767281306174,22921.93106005634,0.0,0.0,420.4172446456188,341.9944612110107,0.06298402877093545,3.052886835797075e-05,37.8571,0.0,23757.5625,0.94,23719.0,24451.5,0.1069272233581898,0.005636998542674766,0.04342575290022368,1.0,341.9840205071252,393.93767281306174,81.1921247148462,77.55545927639403,22921.93106005634,248.0,9370.0,11.754213145918868
115,5.75,126.05045286973954,200.39069036723586,453.68342921026647,186.0383628176048,0.9878712615129877,341.9840205071252,393.93767281306174,314.9687370825756,405.6918859589806,11.754213145918868,0.029837748347304384,81.1921247148462,81.23896013832669,36.756591796875,82.00292639590069,80.24005751889504,77.55545927639403,81.1921247148462,152.0,0.6352941176470588,22921.93106005634,22633.5,288.43106005634036,9370.0,9663.0,455.0,0.04708682603746248,1,0,1.8888888888888888,0.9193729003359462,3.971170437695075,3.6818934798522767,0.6352941176470588,0.0,4.0,0.0,4.0,36.0,52.0,248.0,0.9411764705882353,59,11.486311460855216,0.0,133,393.93767281306174,22921.93106005634,0.0,0.0,420.4172446456188,341.9944612110107,0.06298402877093545,3.052886835797075e-05,37.9699,0.0,23757.5625,0.94,23719.0,24451.5,0.1069272233581898,0.005636998542674766,0.04342575290022368,1.0,341.9840205071252,393.93767281306174,81.1921247148462,77.55545927639403,22921.93106005634,248.0,9370.0,11.754213145918868
116,5.8,126.05045286973954,200.39069036723586,453.68342921026647,186.0383628176048,0.9878712615129877,341.9840205071252,393.93767281306174,314.9687370825756,405.6918859589806,11.754213145918868,0.029837748347304384,81.1921247148462,81.23896013832669,36.756591796875,82.00292639590069,80.24005751889504,77.55545927639403,81.1921247148462,152.0,0.6352941176470588,22921.93106005634,22633.5,288.43106005634036,9370.0,9663.0,455.0,0.04708682603746248,1,0,1.8888888888888888,0.9193729003359462,3.971170437695075,3.6818934798522767,0.6352941176470588,0.0,4.0,0.0,4.0,36.0,52.0,248.0,0.9411764705882353,59,11.486311460855216,0.0,133,393.93767281306174,22921.93106005634,0.0,0.0,420.4172446456188,341.9944612110107,0.06298402877093545,3.052886835797075e-05,38.0827,0.0,23757.5625,0.94,23719.0,24451.5,0.1069272233581898,0.005636998542674766,0.04342575290022368,1.0,341.9840205071252,393.93767281306174,81.1921247148462,77.55545927639403,22921.93106005634,248.0,9370.0,11.754213145918868
117,5.85,126.05045286973954,200.39069036723586,453.68342921026647,186.0383628176048,0.9878712615129877,341.9840205071252,393.93767281306174,314.9687370825756,405.6918859589806,11.754213145918868,0.029837748347304384,81.1921247148462,81.23896013832669,36.756591796875,82.00292639590069,80.24005751889504,77.55545927639403,81.1921247148462,152.0,0.6352941176470588,22921.93106005634,22633.5,288.43106005634036,9370.0,9663.0,455.0,0.04708682603746248,1,0,1.8888888888888888,0.9193729003359462,3.971170437695075,3.6818934798522767,0.6352941176470588,0.0,4.0,0.0,4.0,36.0,52.0,248.0,0.9411764705882353,59,11.486311460855216,0.0,133,393.93767281306174,22921.93106005634,0.0,0.0,420.4172446456188,341.9944612110107,0.06298402877093545,3.052886835797075e-05,38.1955,0.0,23757.5625,0.94,23719.0,24451.5,0.1069272233581898,0.005636998542674766,0.04342575290022368,1.0,341.9840205071252,393.93767281306174,81.1921247148462,77.55545927639403,22921.93106005634,248.0,9370.0,11.754213145918868
118,5.9,126.05045286973954,200.39069036723586,453.68342921026647,186.0383628176048,0.9878712615129877,341.9840205071252,393.93767281306174,314.9687370825756,405.6918859589806,11.754213145918868,0.029837748347304384,81.1921247148462,81.23896013832669,36.756591796875,82.00292639590069,80.24005751889504,77.55545927639403,81.1921247148462,152.0,0.6352941176470588,22921.93106005634,22633.5,288.43106005634036,9370.0,9663.0,455.0,0.04708682603746248,1,0,1.8888888888888888,0.9193729003359462,3.971170437695075,3.6818934798522767,0.6352941176470588,0.0,4.0,0.0,4.0,36.0,52.0,248.0,0.9411764705882353,59,11.486311460855216,0.0,133,393.93767281306174,22921.93106005634,0.0,0.0,420.4172446456188,341.9944612110107,0.06298402877093545,3.052886835797075e-05,38.3083,0.0,23757.5625,0.94,23719.0,24451.5,0.1069272233581898,0.005636998542674766,0.04342575290022368,1.0,341.9840205071252,393.93767281306174,81.1921247148462,77.55545927639403,22921.93106005634,248.0,9370.0,11.754213145918868
119,5.95,126.05045286973954,200.39069036723586,453.68342921026647,186.0383628176048,0.9878712615129877,341.9840205071252,393.93767281306174,314.9687370825756,405.6918859589806,11.754213145918868,0.029837748347304384,81.1921247148462,81.23896013832669,36.756591796875,82.00292639590069,80.24005751889504,77.55545927639403,81.1921247148462,152.0,0.6352941176470588,22921.93106005634,22633.5,288.43106005634036,9370.0,9663.0,455.0,0.04708682603746248,1,0,1.8888888888888888,0.9193729003359462,3.971170437695075,3.6818934798522767,0.6352941176470588,0.0,4.0,0.0,4.0,36.0,52.0,248.0,0.9411764705882353,59,11.486311460855216,0.0,133,393.93767281306174,22921.93106005634,0.0,0.0,420.4172446456188,341.9944612110107,0.06298402877093545,3.052886835797075e-05,38.4211,0.0,23757.5625,0.94,23719.0,24451.5,0.1069272233581898,0.005636998542674766,0.04342575290022368,1.0,341.9840205071252,393.93767281306174,81.1921247148462,77.55545927639403,22921.93106005634,248.0,9370.0,11.754213145918868
120,6.0,126.05045286973954,200.39069036723586,453.68342921026647,186.0383628176048,0.9878712615129877,341.9840205071252,393.93767281306174,314.9687370825756,405.6918859589806,11.754213145918868,0.029837748347304384,81.1921247148462,81.23896013832669,36.756591796875,82.00292639590069,80.24005751889504,77.55545927639403,81.1921247148462,152.0,0.6352941176470588,22921.93106005634,22633.5,288.43106005634036,9370.0,9663.0,455.0,0.04708682603746248,1,0,1.8888888888888888,0.9193729003359462,3.971170437695075,3.6818934798522767,0.6352941176470588,0.0,4.0,0.0,4.0,36.0,52.0,248.0,0.9411764705882353,59,11.486311460855216,0.0,133,393.93767281306174,22921.93106005634,0.0,0.0,420.4172446456188,341.9944612110107,0.06298402877093545,3.052886835797075e-05,38.5338,0.0,23757.5625,0.94,23719.0,24451.5,0.1069272233581898,0.005636998542674766,0.04342575290022368,1.0,341.9840205071252,393.93767281306174,81.1921247148462,77.55545927639403,22921.93106005634,248.0,9370.0,11.754213145918868
121,6.05,126.05045286973954,200.39069036723586,453.68342921026647,186.0383628176048,0.9878712615129877,341.9840205071252,393.93767281306174,314.9687370825756,405.6918859589806,11.754213145918868,0.029837748347304384,81.1921247148462,81.23896013832669,36.756591796875,82.00292639590069,80.24005751889504,77.55545927639403,81.1921247148462,152.0,0.6352941176470588,22921.93106005634,22633.5,288.43106005634036,9370.0,9663.0,455.0,0.04708682603746248,1,0,1.8888888888888888,0.9193729003359462,3.971170437695075,3.6818934798522767,0.6352941176470588,0.0,4.0,0.0,4.0,36.0,52.0,248.0,0.9411764705882353,59,11.486311460855216,0.0,133,393.93767281306174,22921.93106005634,0.0,0.0,420.4172446456188,341.9944612110107,0.06298402877093545,3.052886835797075e-05,38.6466,0.0,23757.5605,0.94,23719.0,24451.5,0.1069272233581898,0.005636998542674766,0.04342575290022368,1.0,341.9840205071252,393.93767281306174,81.1921247148462,77.55545927639403,22921.93106005634,248.0,9370.0,11.754213145918868
122,6.1,126.05045286973954,200.39069036723586,453.68342921026647,186.0383628176048,0.9878712615129877,341.9840205071252,393.93767281306174,314.9687370825756,405.6918859589806,11.754213145918868,0.029837748347304384,81.1921247148462,81.23896013832669,36.756591796875,82.00292639590069,80.24005751889504,77.55545927639403,81.1921247148462,152.0,0.6352941176470588,22921.93106005634,22633.5,288.43106005634036,9370.0,9663.0,455.0,0.04708682603746248,1,0,1.8888888888888888,0.9193729003359462,3.971170437695075,3.6818934798522767,0.6352941176470588,0.0,4.0,0.0,4.0,36.0,52.0,248.0,0.9411764705882353,59,11.486311460855216,0.0,133,393.93767281306174,22921.93106005634,0.0,0.0,420.4172446456188,341.9944612110107,0.06298402877093545,3.052886835797075e-05,38.7594,1.1e-05,23757.5469,0.939999,23709.0,24447.5,0.1069272233581898,0.005636998542674766,0.04342575290022368,1.0,341.9840205071252,393.93767281306174,81.1921247148462,77.55545927639403,22921.93106005634,248.0,9370.0,11.754213145918868
123,6.15,126.05045286973954,200.39069036723586,453.68342921026647,186.0383628176048,0.9878712615129877,341.9840205071252,393.93767281306174,314.9687370825756,405.6918859589806,11.754213145918868,0.029837748347304384,81.1921247148462,81.23896013832669,36.756591796875,82.00292639590069,80.24005751889504,77.55545927639403,81.1921247148462,152.0,0.6352941176470588,22921.93106005634,22633.5,288.43106005634036,9370.0,9663.0,455.0,0.04708682603746248,1,0,1.8888888888888888,0.9193729003359462,3.971170437695075,3.6818934798522767,0.6352941176470588,0.0,4.0,0.0,4.0,36.0,52.0,248.0,0.9411764705882353,59,11.486311460855216,0.0,133,393.93767281306174,22921.93106005634,0.0,0.0,420.4172446456188,341.9944612110107,0.06298402877093545,3.052886835797075e-05,38.8722,4.4e-05,23757.502,0.939998,23708.0,24447.5,0.1069272233581898,0.005636998542674766,0.04342575290022368,1.0,341.9840205071252,393.93767281306174,81.1921247148462,77.55545927639403,22921.93106005634,248.0,9370.0,11.754213145918868
124,6.2,126.05045286973954,200.39069036723586,453.68342921026647,186.0383628176048,0.9878712615129877,341.9840205071252,393.93767281306174,314.9687370825756,405.6918859589806,11.754213145918868,0.029837748347304384,81.1921247148462,81.23896013832669,36.756591796875,82.00292639590069,80.24005751889504,77.55545927639403,81.1921247148462,152.0,0.6352941176470588,22921.93106005634,22633.5,288.43106005634036,9370.0,9663.0,455.0,0.04708682603746248,1,0,1.8888888888888888,0.9193729003359462,3.971170437695075,3.6818934798522767,0.6352941176470588,0.0,4.0,0.0,4.0,36.0,52.0,248.0,0.9411764705882353,59,11.486311460855216,0.0,133,393.93767281306174,22921.93106005634,0.0,0.0,420.4172446456188,341.9944612110107,0.06298402877093545,3.052886835797075e-05,38.985,0.000107,23757.418,0.939994,23708.0,24447.5,0.1069272233581898,0.005636998542674766,0.04342575290022368,1.0,341.9840205071252,393.93767281306174,81.1921247148462,77.55545927639403,22921.93106005634,248.0,9370.0,11.754213145918868
125,6.25,126.05045286973954,200.39069036723586,453.68342921026647,186.0383628176048,0.9878712615129877,341.9840205071252,393.93767281306174,314.9687370825756,405.6918859589806,11.754213145918868,0.029837748347304384,81.1921247148462,81.23896013832669,36.756591796875,82.00292639590069,80.24005751889504,77.55545927639403,81.1921247148462,152.0,0.6352941176470588,22921.93106005634,22633.5,288.43106005634036,9370.0,9663.0,455.0,0.04708682603746248,1,0,1.8888888888888888,0.9193729003359462,3.971170437695075,3.6818934798522767,0.6352941176470588,0.0,4.0,0.0,4.0,36.0,52.0,248.0,0.9411764705882353,59,11.486311460855216,0.0,133,393.93767281306174,22921.93106005634,0.0,0.0,420.4172446456188,341.9944612110107,0.06298402877093545,3.052886835797075e-05,39.0977,0.000205,23757.2852,0.939989,23708.0,24447.5,0.1069272233581898,0.005636998542674766,0.04342575290022368,1.0,341.9840205071252,393.93767281306174,81.1921247148462,77.55545927639403,22921.93106005634,248.0,9370.0,11.754213145918868
126,6.3,126.05045286973954,200.39069036723586,453.68342921026647,186.0383628176048,0.9878712615129877,341.9840205071252,393.93767281306174,314.9687370825756,405.6918859589806,11.754213145918868,0.029837748347304384,81.1921247148462,81.23896013832669,36.756591796875,82.00292639590069,80.24005751889504,77.55545927639403,81.1921247148462,152.0,0.6352941176470588,22921.93106005634,22633.5,288.43106005634036,9370.0,9663.0,455.0,0.04708682603746248,1,0,1.8888888888888888,0.9193729003359462,3.971170437695075,3.6818934798522767,0.6352941176470588,0.0,4.0,0.0,4.0,36.0,52.0,248.0,0.9411764705882353,59,11.486311460855216,0.0,133,393.93767281306174,22921.93106005634,0.0,0.0,420.4172446456188,341.9944612110107,0.06298402877093545,3.052886835797075e-05,39.2105,0.000342,23757.1016,0.939982,23710.0,24449.5,0.1069272233581898,0.005636998542674766,0.04342575290022368,1.0,341.9840205071252,393.93767281306174,81.1921247148462,77.55545927639403,22921.93106005634,248.0,9370.0,11.754213145918868
127,6.35,126.05045286973954,200.39069036723586,453.68342921026647,186.0383628176048,0.9878712615129877,341.9840205071252,393.93767281306174,314.9687370825756,405.6918859589806,11.754213145918868,0.029837748347304384,81.1921247148462,81.23896013832669,36.756591796875,82.00292639590069,80.24005751889504,77.55545927639403,81.1921247148462,152.0,0.6352941176470588,22921.93106005634,22633.5,288.43106005634036,9370.0,9663.0,455.0,0.04708682603746248,1,0,1.8888888888888888,0.9193729003359462,3.971170437695075,3.6818934798522767,0.6352941176470588,0.0,4.0,0.0,4.0,36.0,52.0,248.0,0.9411764705882353,59,11.486311460855216,0.0,133,393.93767281306174,22921.93106005634,0.0,0.0,420.4172446456188,341.9944612110107,0.06298402877093545,3.052886835797075e-05,39.3233,0.000524,23756.8594,0.939972,23715.0,24454.5,0.1069272233581898,0.005636998542674766,0.04342575290022368,1.0,341.9840205071252,393.93767281306174,81.1921247148462,77.55545927639403,22921.93106005634,248.0,9370.0,11.754213145918868
128,6.4,126.05045275029346,200.39069039020424,453.68182244541225,186.0383880717759,0.9878737713398862,341.9840131096644,393.93651130523983,314.9687370825756,405.691385083622,11.754873778382148,0.029839513325216865,81.19212346284839,81.23895831780388,36.756591796875,82.00296391022593,80.24005567171605,77.5788770641522,81.19212346284839,152.0,0.6352941176470588,22922.11809837971,22635.5,286.6180983797094,9372.0,9665.0,455.0,0.0470770822555613,1,0,1.8888888888888888,0.9193729003359462,3.9712030475616755,3.6817351850164184,0.6352941176470588,0.0,4.0,0.0,4.0,36.0,52.0,248.0,0.9411764705882353,59,11.474947369515032,0.0,133,393.93767281306174,22921.93106005634,1.216343441233087e-07,0.0016069633069558905,420.4172446456188,341.9944612110107,0.06298679152112396,3.055049871070192e-05,39.4361,0.000753,23756.5508,0.93996,23720.0,24459.5,0.10692726288705161,0.005636998542674766,0.043425713220828624,1.0,341.9840205071252,393.93767281306174,81.1921247148462,77.5788770641522,22921.93106005634,248.0,9370.0,11.754213145918868
129,6.45,126.05046564639274,200.3906879093877,453.7115222111073,186.0379469710036,0.987877534133223,341.98481114751377,393.96739474574184,314.9687370825756,405.69243696133793,11.72504221559609,0.029761453287684335,81.1922584847297,81.23915472121746,36.756591796875,81.99891346854089,80.24025495497298,78.07831859477689,81.1922584847297,152.0,0.6352941176470588,22926.709163246,22638.5,288.20916324599966,9375.0,9668.0,455.0,0.04706247414149772,1,0,1.8888888888888888,0.9193729003359462,3.9676822762231096,3.686666233925192,0.6352941176470588,0.0,4.0,0.0,4.0,36.0,52.0,248.0,0.9411764705882353,59,11.446112253249964,0.0,133,393.93767281306174,22921.93106005634,1.3132548391960954e-05,0.0297030411276788,420.4172446456188,341.9944612110107,0.06291333249703457,2.821701691524403e-05,39.5489,0.001033,23756.1758,0.939945,23723.0,24460.5,0.10692299851463556,0.005636998542674766,0.0434299924507946,1.0,341.9840205071252,393.93767281306174,81.1921247148462,78.07826291055146,22921.93106005634,248.0,9370.0,11.754213145918868
130,6.5,126.05092116677287,200.39246909532505,453.13380370962847,186.05386266095974,0.987932821895086,341.98894089336613,394.3525146699523,315.0096200596128,405.6458515376449,11.293336867692574,0.02863766921112287,81.19295578542176,81.24017126243113,36.39984130859375,81.98825918432885,80.24128653498218,78.07826291055146,81.19295578542176,152.0,0.6352941176470588,22927.070528831544,22638.5,288.5705288315439,9355.0,9646.0,455.0,0.04716981132075472,1,0,1.8888888888888888,0.9193729003359462,3.949370857308045,3.695543977788702,0.6352941176470588,0.0,4.0,0.0,4.0,36.0,52.0,248.0,0.9411764705882353,59,12.140582778751646,0.0,133,393.93767281306174,22921.93106005634,0.001838510853956063,0.5779376922625291,420.4172446456188,341.9944612110107,0.06199729032912804,1.6141541079317534e-05,39.6617,0.001366,23755.7305,0.939928,23728.0,24468.5,0.10690093092183711,0.005636998542674766,0.043452091905990725,1.0,341.9840205071252,393.93767281306174,81.1921247148462,78.07831859477689,22921.93106005634,248.0,9370.0,11.72504221559609
131,6.55,126.05091758962999,200.39246990458795,453.1459484423553,186.05352915348158,0.987987987987988,341.9887199991025,394.3352035985769,315.167123796683,405.57167841014143,11.236474811564506,0.028494729126448844,81.20707804849066,81.24011688144726,36.39984130859375,82.01160634304908,80.24123134376973,78.10186527002912,81.20707804849066,152.0,0.611764705882353,22932.000764511882,22643.5,288.50076451188215,9367.0,9657.0,455.0,0.04711608159884022,1,0,1.8888888888888888,0.9193729003359462,3.9503542447714985,3.70057882795487,0.611764705882353,0.0,4.0,0.0,4.0,36.0,52.0,248.0,0.9411764705882353,60,12.03288555362847,0.0235294117647058,133,393.93651130523983,22921.93106005634,3.667541084205443e-06,0.012149311101621567,420.4172446456188,341.9944612110107,0.06203846625993448,1.6787441199594966e-05,39.7744,0.001756,23755.207,0.939907,23733.0,24471.0,0.1069021112861587,0.005647705083287545,0.04389966685251785,1.0,341.9840131096644,393.93651130523983,81.1921247148462,78.07831859477689,22921.93106005634,248.0,9367.0,11.72504221559609
132,6.6,126.04600219906946,200.59575560115735,453.5441253317282,186.04946832334343,0.9880214787277984,341.9514793863717,386.5654720883027,372.5437976341181,398.38866446452687,11.823192376224142,0.03058522612573992,81.20914569504478,81.24277814116078,36.3565673828125,82.10007922354063,80.88496257328353,78.12612694069358,81.20914569504478,152.0,0.611764705882353,22940.458922007423,22644.5,295.9589220074231,9394.0,9684.0,456.0,0.04708798017348203,1,0,1.8888888888888888,0.9205816554809844,3.848821538159188,3.6494267602270605,0.611764705882353,0.0,4.0,0.0,4.0,36.0,52.0,248.0,0.9411764705882353,59,12.02538168682153,0.0,131,391.7914847286764,22921.93106005634,0.20334511426160878,0.3981975961405264,420.4172446456188,341.9944612110107,0.08051946723986225,0.0001256798852435903,39.8872,0.002206,23754.6016,0.939883,23742.0,24478.0,0.10710110916803478,0.025420119633020613,0.04396519649117309,1.0,341.9770083524181,391.7914847286764,81.1921247148462,78.07831859477689,22921.93106005634,248.0,9355.0,11.72504221559609
133,6.65,126.05064237689685,200.3917513242233,453.42541015962604,186.0477598443672,0.9879699248120302,341.9770083524181,388.90707747817163,292.32812391093677,397.85227195575226,8.945194477580628,0.02300085289160802,81.20482466858441,81.23723485887345,35.19366455078125,82.08452664308521,80.88332735539069,78.12470147719634,81.20482466858441,152.0,0.611764705882353,22921.82955718539,22634.5,287.3295571853887,9288.0,9576.0,457.0,0.0477234753550543,1,0,1.8888888888888888,0.9228187919463087,3.8347895604077467,3.681636155674046,0.611764705882353,0.0,4.0,0.0,4.0,36.0,52.0,248.0,0.9411764705882353,58,11.940136345396992,0.0,131,391.6908766507204,22921.82955718539,0.20405704167623642,0.11872746517826815,420.4172446456188,341.9944612110107,0.07494974948995714,5.103257675798112e-05,40.0,0.002717,23753.9141,0.939856,23747.0,24477.0,0.10696469330918609,0.0263475042380099,0.04382825079220764,1.0,341.97497543127474,391.6908766507204,81.19212346284839,78.07831859477689,22921.82955718539,248.0,9288.0,11.72504221559609
134,6.7,126.03881803823377,200.18603321974558,453.8990720036714,186.040608162827,0.9884949273088589,341.97497543127474,391.7914847286764,307.6913046470237,403.4066305631796,11.61514583450321,0.0296462436965595,81.17212972094667,81.2367348304747,35.19366455078125,82.04836459089606,81.0867586833561,78.12456451594798,81.17212972094667,152.0,0.611764705882353,22915.56715404224,22625.5,290.0671540422409,9286.0,9561.0,454.0,0.04748457274343688,1,0,1.8888888888888888,0.9276018099547512,3.964227622681989,3.666644178191321,0.611764705882353,0.0,4.0,0.0,4.0,36.0,52.0,248.0,0.9411764705882353,60,11.744572366120869,0.0,132,388.90707747817163,22921.82955718539,0.20605764604770557,0.4737158315417549,420.4172446456188,341.9944612110107,0.0680889289902269,5.697688689731972e-05,40.1128,0.003292,23753.1367,0.939825,23743.0,24478.0,0.10697555636894503,0.05200799341993013,0.04279205430094595,1.0,341.9737757940734,388.90707747817163,81.1922584847297,78.10186527002912,22921.82955718539,248.0,9286.0,11.72504221559609
135,6.75,126.0379140780387,200.12598099402047,453.8778037753201,186.04136765730496,0.9885618518906463,341.9737757940734,391.6908766507204,307.6913046470237,401.9062808623011,10.215404211580733,0.026080271000771968,81.17196131591781,81.23643979299739,35.19366455078125,82.05432742161081,81.08675761406263,78.14751111223185,81.17196131591781,152.0,0.611764705882353,22919.329232916643,22632.5,286.8292329166434,9274.0,9547.0,454.0,0.04755420550958416,1,0,1.8888888888888888,0.9276018099547512,3.969415642198544,3.660401943229862,0.611764705882353,0.0,4.0,0.0,4.0,36.0,52.0,248.0,0.9411764705882353,60,10.5944512144163,0.0,132,386.5654720883027,22921.82955718539,0.06005902895131195,0.02128178491256382,420.4172446456188,341.9944612110107,0.06832823429760271,6.048465482166865e-05,40.2256,0.003934,23752.2695,0.939791,23763.0,24487.0,0.10698196671626704,0.0735924311076688,0.042786717063463646,1.0,341.9737757940734,387.61938447354447,81.19295578542176,78.12456451594798,22921.82955718539,248.0,9280.0,11.823192376224142
136,6.8,303.2520482646016,158.92480549629155,473.3891149476655,184.43502663800857,0.9579103922662204,183.97390844106843,174.69300055334168,181.56125236445044,188.81071745194782,14.117716898606147,0.08081443935296864,60.320865984195045,66.27804588898151,30.79986572265625,66.45779125148327,63.73084480659249,51.78708003173722,60.320865984195045,8.0,0.5434782608695652,6990.647289347647,5070.0,1920.6472893476466,4813.0,5379.0,642.0,0.11935303959843838,2,0,3.1578947368421053,0.9325513196480938,41.19015764546955,13.131581199552476,0.5434782608695652,0.0,16.0,0.0,16.0,100.0,40.0,28.0,0.7608695652173914,31,181.94061178826402,0.0682864450127878,60,379.1066944176745,22921.82955718539,181.94061178826402,19.57732349261168,420.4172446456188,341.9944612110107,0.5844770813323912,0.4620558830408763,40.3383,0.004644,23751.3105,0.939753,23770.0,24490.0,0.9512655763132521,0.14234591218305426,0.0,1.0,341.9737757940734,387.61938447354447,81.20482466858441,78.12470147719634,22921.82955718539,244.0,9280.0,11.823192376224142
137,6.85,303.30577130302686,158.94001291146304,473.3843833347163,184.71069198632915,0.9581767441860465,184.05605612608468,174.60956758354783,181.5559222990464,188.81147902286398,14.201911439316149,0.08133524202515859,59.8219186495146,67.08200251898168,30.79986572265625,67.26191850348539,63.73141595366815,51.78702485980301,59.8219186495146,8.0,0.5434782608695652,6992.309783182556,5071.5,1920.8097831825562,4813.0,5375.0,637.0,0.11851162790697674,2,0,3.5294117647058822,0.9262536873156342,41.1654438423075,13.211882837389167,0.5434782608695652,0.0,16.0,0.0,16.0,100.0,40.0,28.0,0.7608695652173914,30,7.407412065456099,0.0,60,379.1066944176745,22921.82955718539,0.05583395323490025,0.2757059528298431,420.4172446456188,341.9944612110107,0.5846755341096177,0.4618156812413343,40.4511,0.005424,23750.252,0.939711,23784.0,24496.0,0.950826614273679,0.14234591218305426,0.0,1.0,341.9737757940734,386.5654720883027,81.20482466858441,78.12612694069358,22921.82955718539,244.0,9280.0,11.823192376224142
138,6.9,303.3058288078945,158.94002850857535,473.3855428890965,184.7105253340945,0.9582122905027932,184.05567760642242,174.6120590744577,157.54620188881697,190.02948410764753,15.41742503318983,0.08829530511758964,59.82197587119162,67.08200087761037,30.79986572265625,67.26193958797539,63.73149188381417,51.78701739350845,59.82197587119162,8.0,0.5434782608695652,6994.809632520875,5072.0,1922.8096325208753,4809.0,5370.0,637.0,0.1186219739292365,2,0,3.5294117647058822,0.9230769230769231,42.29998783738251,13.19065096357428,0.5434782608695652,0.0,16.0,0.0,16.0,100.0,40.0,28.0,0.7608695652173914,30,8.555369498574349,0.0,60,379.1066944176745,22921.82955718539,5.958254538702083e-05,0.001171468876214296,420.4172446456188,341.9944612110107,0.5846696078757592,0.4618167880418975,40.5639,0.006277,23749.0938,0.939665,23799.0,24498.5,0.9508286369206098,0.14234591218305426,0.0,1.0,341.974674103406,385.4968699138587,81.20482466858441,78.14751111223185,22921.82955718539,244.0,9280.0,11.69721830816087
139,6.95,126.0373661627597,200.12289065316517,454.0347852003474,186.03549567692667,0.9884070145962407,341.97365703749625,379.1066944176745,617.0793859378782,391.5235253007609,12.416830883086448,0.032752866319491605,81.23641058741052,82.05116140710564,35.19366455078125,82.10096402332243,81.20187525313838,78.17052211142658,81.23641058741052,136.0,0.6235294117647059,22940.90446355408,9139.0,13801.904463554081,9247.0,9523.0,453.0,0.04756904336868634,1,0,1.8888888888888888,0.9263873159682899,3.968594229749251,3.701002875288774,0.6235294117647059,0.0,4.0,0.0,4.0,40.0,52.0,244.0,0.9529411764705882,64,181.98938425905465,0.0800511508951407,128,379.1066944176745,22933.98682566502,181.98938425905465,19.39606582629751,420.4172446456188,341.9944612110107,0.09826083671416974,6.0831901899094376e-05,40.6767,0.007204,23747.832,0.939615,23817.0,24498.5,0.10698260130054416,0.14234591218305426,0.04482929898544945,1.0,341.974674103406,385.4968699138587,81.23641058741052,78.17052211142658,22933.98682566502,244.0,9274.0,11.69721830816087
140,7.0,126.03719839586951,200.12850010889883,453.33575710161165,186.04673358852335,0.9888947092718701,341.9801420702651,387.61938447354447,364.4073586141067,401.35069947114306,13.731314997598588,0.035424737635988295,81.2380057798899,82.05076825018288,35.19366455078125,82.06905331761719,81.21473652658754,78.19471778314974,81.2380057798899,136.0,0.6235294117647059,22941.887423036824,22583.0,358.88742303682375,9280.0,9545.0,448.0,0.04693556836039811,1,0,2.0,0.9418604651162791,3.6725720488059563,3.6260166143025474,0.6235294117647059,0.0,4.0,0.0,4.0,40.0,52.0,244.0,0.9529411764705882,67,12.229433389664706,0.0,131,383.00735909528834,22934.795473666953,0.0056119639483301715,0.6991184259331142,420.4172446456188,341.9944612110107,0.07801264241603723,4.186951067819411e-05,40.7895,0.008206,23746.4648,0.939561,23817.0,24491.5,0.1069479480633853,0.10639038609868982,0.044879855201912636,1.0,341.974674103406,384.8728319013278,81.2366607200113,78.19372975478734,22934.795473666953,244.0,9274.0,11.69721830816087
141,7.05,126.034061126497,200.12798980680984,454.3124254294304,186.03413306532178,0.9885583046246998,341.974674103406,389.0431432923305,364.17900011334194,399.9432847042788,10.900141411948312,0.028017821673206683,81.2366607200113,82.09722515157998,35.19366455078125,82.09722515157998,81.21359883648539,78.19372975478734,81.2366607200113,132.0,0.6235294117647059,22934.795473666953,22570.5,364.2954736669526,9305.0,9579.0,448.0,0.04676897379684727,1,0,2.0,0.9418604651162791,3.6963604204259206,3.6010818384786205,0.6235294117647059,0.0,4.0,0.0,4.0,40.0,52.0,244.0,0.9529411764705882,64,10.1117426122983,0.0,131,385.4968699138587,22940.90446355408,0.003178500800340053,0.9767496074988783,420.4172446456188,341.9944612110107,0.07462610478724385,5.785797680635252e-05,40.9023,0.009286,23744.9883,0.939503,23818.0,24484.5,0.10697716653599733,0.08344258653823891,0.044837226403659544,1.0,341.97653237425345,384.8728319013278,81.23711777856283,78.19471778314974,22940.90446355408,244.0,9280.0,12.416830883086448
142,7.1,126.03811407672367,200.46109887677275,453.3665170014039,186.04918564185462,0.9884783969943645,341.98113550365923,383.00735909528834,369.5386044550241,394.7045774034492,11.69721830816087,0.030540453154193105,81.23825020739615,82.09732014776611,35.19366455078125,82.09732014776611,81.21494303732129,78.21820415486395,81.23825020739615,132.0,0.6235294117647059,22933.98682566502,22637.5,296.48682566501884,9306.0,9582.0,448.0,0.04675433103736172,1,0,2.0,0.9418604651162791,3.668222386169809,3.606453995687738,0.6235294117647059,0.0,4.0,0.0,4.0,40.0,52.0,244.0,0.9529411764705882,64,11.283094417734537,0.0,129,385.4968699138587,22940.90446355408,0.3331337252472326,0.9460281889414355,420.4172446456188,341.9944612110107,0.0889827570747348,3.8964687627540684e-05,41.015,0.010446,23743.3984,0.93944,23802.0,24456.5,0.10694263958087878,0.08344258653823891,0.04488760180934404,1.0,341.97653237425345,385.4968699138587,81.2380057798899,78.21719795719298,22940.90446355408,244.0,9280.0,12.416830883086448
143,7.15,126.03687258122139,200.46006016052627,454.2459643138848,186.03525028202353,0.9886285535770072,341.97653237425345,385.4968699138587,369.54181385681534,395.87201569521613,10.375145781357446,0.02691369655913374,81.23711777856283,82.09725437106954,35.19366455078125,82.09725437106954,81.22555172477732,78.21719795719298,81.23711777856283,132.0,0.6235294117647059,22941.788444279082,22650.5,291.2884442790819,9330.0,9603.0,448.0,0.04665208788920129,1,0,2.0,0.9418604651162791,3.6883047380655167,3.599186964045505,0.6235294117647059,0.0,4.0,0.0,4.0,40.0,52.0,244.0,0.9529411764705882,67,10.214268086002576,0.0,130,387.61938447354447,22941.788444279082,0.0016187163194651313,0.8795577125371224,420.4172446456188,341.9944612110107,0.08306123304051294,5.242434831764786e-05,41.1278,0.011685,23741.6953,0.939372,23789.0,24448.5,0.10696723673260594,0.06387768313774718,0.044851711897646154,1.0,341.9801420702651,387.61938447354447,81.23825020739615,78.21820415486395,22941.788444279082,244.0,9280.0,12.416830883086448
144,7.2,126.03646588155313,200.39720053520048,453.2780093412721,186.03295761876223,0.988077370256844,341.98274776817937,392.9591794001936,632.5727055780084,402.539566618712,9.58038721851841,0.02438010796221062,81.23864692984836,82.14407865879929,35.19366455078125,82.14407865879929,81.22696249658678,78.21855647819467,81.23864692984836,132.0,0.6235294117647059,22942.605161004933,8947.5,13995.105161004933,9179.0,9461.0,446.0,0.047140894197230734,1,0,2.0,0.94049008168028,3.621150849153428,3.7173731131317833,0.6235294117647059,0.0,4.0,0.0,4.0,40.0,52.0,244.0,0.9529411764705882,61,11.431381152661048,0.0,133,389.0431432923305,22941.887423036824,0.06286094097862584,0.9679576877687213,420.4172446456188,341.9944612110107,0.0653114628268171,3.4250387535017524e-05,41.2406,0.013007,23739.873,0.9393,23767.0,24439.0,0.1069340243299201,0.05075376668307236,0.044900175079610076,1.0,341.9801420702651,387.61938447354447,81.23864692984836,78.21855647819467,22941.887423036824,244.0,9305.0,12.416830883086448
145,7.25,126.03714605177049,200.39723603159334,453.4759378183669,186.06042851021894,0.98843714256005,341.98880772488496,384.8728319013278,632.5820405501253,395.352597504167,10.479765602839223,0.027229164373769005,81.24013847816637,82.19181855364853,35.19366455078125,82.19181855364853,81.22833719304104,78.71932286795717,81.24013847816637,140.0,0.6235294117647059,22941.9934345637,9044.0,13897.993434563701,9339.0,9617.0,446.0,0.046376208796922114,1,0,2.0,0.94049008168028,3.594340782354727,3.6420485674614054,0.6235294117647059,0.0,4.0,0.0,4.0,40.0,52.0,244.0,0.9529411764705882,65,11.314308988728888,0.0,130,390.5946729507358,22941.9934345637,0.0006810958218162581,0.19982575390199642,420.4172446456188,341.9944612110107,0.08454556323980555,1.6530928909408438e-05,41.3534,0.014413,23737.9297,0.939223,23725.0,24430.5,0.10690164251715584,0.036452084863659445,0.04494744651588209,1.0,341.9801420702651,389.0431432923305,81.24013847816637,78.71500964263745,22941.9934345637,244.0,9305.0,13.731314997598588
146,7.3,126.03821907153883,200.4740708035578,453.12834359455843,186.06740404036424,0.9885845224455786,341.9828781070755,390.5946729507358,632.5707448536414,407.15207803696313,16.557405086227334,0.04239024808286532,81.52432670416088,82.19083800528168,35.150390625,82.51807208616718,81.22699207222036,78.74141218507577,81.52432670416088,140.0,0.6,22956.221337388153,9030.5,13925.721337388153,9327.0,9601.0,444.0,0.046245182793459017,1,0,2.0,0.9380116959064327,3.77238417661047,3.6071088430418974,0.6,0.0,4.0,0.0,4.0,40.0,52.0,244.0,0.9529411764705882,65,12.441813622194804,0.02352941176470591,132,390.5946729507358,22942.605161004933,0.07684226411456982,0.34766420932535114,420.4172446456188,341.9944612110107,0.07093565279421699,3.386927347925894e-05,41.4662,0.015903,23735.8633,0.939142,23705.0,24430.5,0.1069333278546916,0.036452084863659445,0.053954184984963266,1.0,341.98006003551774,389.0431432923305,81.52432670416088,78.71932286795717,22942.605161004933,244.0,9306.0,14.788761165810058
147,7.35,126.04432670204633,200.46126172082376,453.307548357371,186.03637575029163,0.988109243697479,341.96891448878546,392.0092358870253,634.6268208814446,408.5645298524805,16.555293965455235,0.0422318977459663,82.20221588033371,82.23420003802039,37.150390625,82.73680823023949,81.22382153357118,78.71500964263745,82.20221588033371,140.0,0.6235294117647059,22940.64973523064,8949.0,13991.64973523064,9237.0,9520.0,443.0,0.04653361344537815,1,0,2.0,0.936768149882904,3.9353733228555337,3.60457405955068,0.6235294117647059,0.0,4.0,0.0,4.0,40.0,52.0,244.0,0.9529411764705882,60,11.885363536920082,0.02352941176470591,132,392.0092358870253,22946.802262130015,0.014190692403951335,0.18187111315306811,420.4172446456188,341.9944612110107,0.06757098839401654,7.469922797798123e-05,41.5789,0.01748,23733.6719,0.939055,23696.0,24425.5,0.10700794344931504,0.023412934165669957,0.07543843367064752,1.0,341.98006003551774,386.82856405614996,82.20221588033371,78.74141218507577,22946.802262130015,244.0,9320.0,14.788761165810058
148,7.4,126.03447469390372,200.46450244595275,453.85961331161167,186.03161340754565,0.9884937904681032,341.9944612110107,401.9366686529085,322.81209132800626,421.4462866371931,19.509617984284603,0.048539034892415074,82.20704228979301,82.2403948319716,36.39984130859375,82.81215269789021,81.24153057087176,78.7443699181222,82.20704228979301,140.0,0.6235294117647059,22946.802262130015,22642.0,304.80226213001515,9150.0,9421.0,439.0,0.04659802568729434,1,0,1.9411764705882353,0.935064935064935,3.9055732166442914,3.6512873041166727,0.6235294117647059,0.0,4.0,0.0,4.0,40.0,52.0,244.0,0.9529411764705882,55,11.060824605330442,0.0,136,390.5946729507358,22956.221337388153,0.01037132411044196,0.5520854948367971,420.4172446456188,341.9944612110107,0.04395770208781058,0.0,41.6917,0.019145,23731.3496,0.938963,23695.0,24433.5,0.10687143270905292,0.036452084863659445,0.0755913964036829,1.0,341.9779587580471,390.5946729507358,82.20704228979301,78.7443699181222,22956.221337388153,244.0,9327.0,14.788761165810058
149,7.45,126.02232808691859,200.6683800113609,453.1488652507427,186.0446837118425,0.9885761934542422,341.95192131653545,386.342224178906,371.2534814295297,401.2740051266614,14.931780947755385,0.038649104377575946,82.24173969381366,82.24173969381366,36.39984130859375,82.86683792732066,81.84777543721049,79.12499867784365,82.24173969381366,140.0,0.6,22966.619935579758,22659.0,307.619935579758,9320.0,9594.0,439.0,0.04575776526996039,1,0,1.9411764705882353,0.9418052256532067,3.6973439142440654,3.5930480364743667,0.6,0.0,4.0,0.0,4.0,40.0,52.0,244.0,0.9529411764705882,54,11.729455573956635,0.02352941176470591,131,390.5946729507358,22966.619935579758,0.20423907985008896,0.7108682289168841,420.4172446456188,341.9944612110107,0.08105048234982737,0.0001243876708546532,41.8045,0.020899,23728.8965,0.938866,23709.0,24451.5,0.10709874768254701,0.036452084863659445,0.07669105647044461,1.0,341.98006003551774,390.5946729507358,82.23566167457469,79.12499867784365,22966.619935579758,244.0,9327.0,14.876706414602438
150,7.5,126.03594486224551,200.46375057699694,453.60630248206377,186.0317029443489,0.9888667156811259,341.98006003551774,394.44852017651067,312.12005934045686,409.3252265911131,14.876706414602438,0.037715204021922306,82.23690238467239,82.23690238467239,35.150390625,82.88835390151782,82.12057175666426,79.62327978635179,82.23690238467239,140.0,0.6,22983.74576431197,22658.5,325.24576431197056,9256.0,9521.0,437.0,0.04589854006932045,1,0,1.9411764705882353,0.9404052443384983,3.731328537847697,3.5773836703695463,0.6,0.0,4.0,0.0,4.0,40.0,52.0,244.0,0.9529411764705882,60,11.630660961631683,0.0,133,392.0092358870253,22980.5951414928,0.20508198843004358,0.4576213728874764,420.4172446456188,341.9944612110107,0.061768932649272856,4.210938224535887e-05,41.9173,0.022744,23726.3086,0.938763,23727.0,24453.0,0.10694838642193452,0.023412934165669957,0.07653774829528356,1.0,341.9779587580471,386.82856405614996,82.23690238467239,79.62327978635179,22980.5951414928,244.0,9339.0,14.876706414602438
151,7.55,126.03760484742513,200.46058691370246,454.03571898978424,186.02779581218064,0.9892397174906522,341.9749431028234,386.82856405614996,320.4181014587369,401.61732522196,14.788761165810058,0.03823078888161786,82.23566167457469,82.23566167457469,35.150390625,82.88167860550121,82.14337354158519,79.6691085867499,82.23566167457469,140.0,0.6,22996.832458602075,22673.0,323.83245860207535,9369.0,9628.0,437.0,0.04538845035313668,1,0,1.9411764705882353,0.9415274463007159,3.821109729414125,3.5734347963453494,0.6,0.0,4.0,0.0,4.0,40.0,52.0,244.0,0.9529411764705882,60,11.562748550248006,0.0,131,386.82856405614996,22980.5951414928,0.0035727183260679672,0.42943428226520197,420.4172446456188,341.9944612110107,0.07989367947497406,5.707141606381416e-05,42.0301,0.024681,23723.5801,0.938656,23750.0,24461.0,0.10697572911834077,0.07116730336807942,0.07649842664032454,1.0,341.9749431028234,386.82856405614996,82.24173969381366,79.6691085867499,22980.5951414928,244.0,9369.0,14.876706414602438
152,7.6,126.03561259147628,200.4566355155539,454.02400213098935,186.03047771987,0.9894227801214117,341.9779587580471,384.85234444373606,379.7753488005112,395.2209725600442,10.368628116308116,0.026941834358044217,82.49433500736359,83.2353170954304,35.150390625,83.4208065706593,82.22479978017101,80.09942731983597,82.49433500736359,128.0,0.6352941176470588,22993.32767444964,22671.5,321.82767444963974,9462.0,9719.0,435.0,0.044757691120485645,1,0,1.9411764705882353,0.9424460431654677,3.664859479788649,3.5543228364566604,0.6352941176470588,0.0,4.0,0.0,4.0,40.0,56.0,240.0,0.9411764705882353,60,10.59636992260754,0.03529411764705881,130,386.342224178906,22980.5951414928,0.004425226671500085,0.01201987557646826,420.4172446456188,341.9944612110107,0.08459429448918387,4.825356792359514e-05,42.1429,0.026711,23720.7109,0.938542,23794.0,24480.5,0.10695961474862477,0.07565028449754385,0.084696525098493,1.0,341.9738873810295,386.82856405614996,82.49362923197494,80.09942731983597,22980.5951414928,240.0,9369.0,14.788761165810058
153,7.65,126.0802009592911,200.25778240618584,453.93931246977496,186.01453915183757,0.9894080996884735,341.9738873810295,412.0917891367762,311.1737435591432,423.27415230407405,11.182363167297865,0.027135612652516013,82.49362923197494,83.23434417428362,35.150390625,83.41860201323048,82.2238895899985,80.12236761688905,82.49362923197494,132.0,0.6352941176470588,22982.649919606738,22664.0,318.64991960673797,9375.0,9630.0,431.0,0.044755970924195226,1,0,1.9411764705882353,0.9396135265700483,3.8562042992600474,3.577899558706058,0.6352941176470588,0.0,4.0,0.0,4.0,40.0,56.0,240.0,0.9411764705882353,62,10.572077766833926,0.0,139,385.83009985824884,22980.5951414928,0.203790779108711,0.08617642756305997,420.4172446456188,341.9944612110107,0.01980284019001255,6.015837188799722e-05,42.2556,0.028837,23717.6992,0.938423,23813.0,24481.0,0.10698137044337348,0.08037094133213499,0.08467415705589988,1.0,341.9738873810295,386.82856405614996,82.49433500736359,80.12236761688905,22980.5951414928,240.0,9369.0,12.300024065216007
154,7.7,126.07200383372383,200.26036539651054,453.5449089447298,186.01556378591513,0.9897971727105102,341.9870567669618,385.83009985824884,325.98482188704423,404.72761423384753,18.89751437559869,0.04897884945353278,83.23749067967263,83.23749067967263,35.150390625,83.95396532992247,82.22683168896566,80.1466768394603,83.23749067967263,132.0,0.611764705882353,22980.722357434726,22672.5,308.2223574347263,9513.0,9762.0,430.0,0.04404835074779758,1,0,1.9411764705882353,0.9394673123486683,3.7223394166985453,3.5875662996568014,0.611764705882353,0.0,4.0,0.0,4.0,40.0,56.0,240.0,0.9411764705882353,66,11.378877513495947,0.0235294117647058,130,385.83009985824884,22980.5951414928,0.008594457899321404,0.39440485600844694,420.4172446456188,341.9944612110107,0.08226861582836453,2.1650771836023708e-05,42.3684,0.031059,23714.5371,0.938298,23782.0,24459.5,0.10691099888624889,0.08037094133213499,0.1082492558947048,1.0,341.968257335695,386.82856405614996,83.23749067967263,80.1466768394603,22980.5951414928,240.0,9369.0,11.182363167297865
155,7.75,126.06445044798708,200.4723682659207,453.77479521476124,185.9973402855926,0.9893300248138959,341.9596373611223,383.87170482644365,361.1901205976799,396.17172889165965,12.300024065216007,0.032042017972585664,83.24258535951164,83.9976097779236,34.756591796875,83.9976097779236,82.91974682306947,80.17301751324077,83.24258535951164,112.0,0.6235294117647059,22980.5951414928,22659.0,321.5951414927986,9414.0,9672.0,429.0,0.04435483870967742,1,0,1.9411764705882353,0.9381818181818182,3.7266480697029714,3.6524899352411664,0.6235294117647059,0.0,4.0,0.0,4.0,44.0,56.0,236.0,0.9529411764705882,60,11.540029835536867,0.0117647058823529,130,385.83009985824884,22980.5951414928,0.2121373853761468,0.23060744375014208,420.4172446456188,341.9944612110107,0.08692683348415065,0.00010182577157846762,42.4812,0.03338,23711.2246,0.938167,23753.0,24448.5,0.10705751644555458,0.08037094133213499,0.10841072088409004,1.0,341.968257335695,390.11079930388433,83.24073181790328,80.1720080766,22980.5951414928,236.0,9369.0,10.368628116308116
156,7.8,126.06675036427757,200.26955049058384,453.3452336202186,186.0178093277995,0.9891299855342013,341.9524952314159,380.7836808062892,361.65843450942157,389.99618640767784,9.212505601388614,0.02419354102014462,83.24073181790328,84.04703646756397,34.756591796875,84.04703646756397,83.13243018584973,80.1720080766,83.24073181790328,108.0,0.6235294117647059,22971.89158662986,22649.5,322.3915866298594,9415.0,9678.0,428.0,0.04422401322587311,1,0,1.9411764705882353,0.9368932038834952,3.595308808797275,3.61633748326455,0.6235294117647059,0.0,4.0,0.0,4.0,44.0,56.0,236.0,0.9529411764705882,58,11.680378859105032,0.0,129,390.11079930388433,22974.666082169933,0.2028308152316451,0.43004900324832535,420.4172446456188,341.9944612110107,0.09427197467301274,0.00012270952999104967,42.594,0.035801,23707.7559,0.938029,23717.0,24442.5,0.10709568092727052,0.040912332787750964,0.10835197684411585,1.0,341.96536443911316,390.11079930388433,83.24112133703143,80.17301751324077,22974.666082169933,236.0,9369.0,9.212505601388614
157,7.85,126.06609858525161,200.26533580633634,453.9678638513661,186.0135433812693,0.9888725593113583,341.9602709609269,391.52693645190664,320.96090613756303,398.14655698531345,6.619620533406817,0.01690719058411436,83.24274989737093,84.04630543092473,35.96893310546875,84.04630543092473,83.16953024864347,80.19751300773822,83.24274989737093,108.0,0.6235294117647059,22944.862246037832,22643.5,301.36224603783194,9261.0,9526.0,422.0,0.04429981104346,1,0,1.8823529411764706,0.942998760842627,3.840841454738075,3.685628037105377,0.6235294117647059,0.0,4.0,0.0,4.0,44.0,56.0,236.0,0.9529411764705882,56,10.441596547967709,0.0,132,390.11079930388433,22971.89158662986,0.004264783605859546,0.6226448450268808,420.4172446456188,341.9944612110107,0.0687181807160755,9.997311056653135e-05,42.7068,0.038325,23704.1289,0.937886,23710.0,24442.5,0.10705413075961055,0.040912332787750964,0.10841593555989763,1.0,341.9602709609269,391.1520263191143,83.24258535951164,80.19635338962719,22971.89158662986,236.0,9287.0,9.074733714995773
158,7.9,126.06551138256839,200.47060829200137,453.9226322938839,186.01690476248737,0.9889842931937173,341.9539968214615,390.11079930388433,319.59367971410575,396.8034899713651,6.692690667480747,0.017155871304827288,83.24112133703143,84.0951635763029,35.19366455078125,84.0951635763029,83.16872515259296,80.19635338962719,83.24112133703143,108.0,0.6235294117647059,22954.366829221843,22669.5,284.86682922184264,9287.0,9550.0,421.0,0.04408376963350785,1,0,1.8823529411764706,0.945273631840796,3.916543255684177,3.6410463290877355,0.6235294117647059,0.0,4.0,0.0,4.0,44.0,56.0,236.0,0.9529411764705882,55,10.78587635118552,0.0,132,391.1520263191143,22963.008900678353,0.20527332553961536,0.04535628595857343,420.4172446456188,341.9944612110107,0.07208658951961067,0.00011831884471436016,42.8195,0.040962,23700.3281,0.937736,23719.0,24450.0,0.10708765707329493,0.03131451595394186,0.10836432182042043,1.0,341.9596373611223,391.52693645190664,83.24274989737093,80.19751300773822,22963.008900678353,236.0,9261.0,8.672445335445673
159,7.95,126.06420362613731,200.47032476547665,453.61773176746624,186.01843539592997,0.988912579957356,341.968257335695,391.1520263191143,625.3362609053491,400.2267600341101,9.074733714995773,0.023200017140119107,83.24482538247501,84.14454756530002,34.756591796875,84.14454756530002,83.17053736911086,80.64884252971308,83.24482538247501,112.0,0.6235294117647059,22963.008900678353,8919.5,14043.508900678353,9120.0,9380.0,421.0,0.04488272921108742,1,0,1.8823529411764706,0.9464508094645081,3.6811307110640694,3.7760757875273456,0.6235294117647059,0.0,8.0,0.0,8.0,44.0,52.0,236.0,0.9529411764705882,50,10.677181207682018,0.0,132,391.52693645190664,22954.366829221843,0.0013381383236573806,0.3049043683657336,420.4172446456188,341.9944612110107,0.06960993798237969,7.662075936221147e-05,42.9323,0.043734,23696.3281,0.937577,23738.0,24448.0,0.10701145499392938,0.027858671329237403,0.10848171362464175,1.0,341.9539968214615,391.1520263191143,83.24482538247501,80.64884252971308,22954.366829221843,236.0,9199.0,8.672445335445673
160,8.0,126.06405782458235,200.4676386079312,453.4689460615343,186.00897475137376,0.9889387144992526,341.96536443911316,420.4172446456188,335.559089354479,414.0734241414883,6.343820504130463,0.015089344181107136,83.4550309687953,84.19359341222369,34.756591796875,84.43992117884503,83.2440732501637,80.67321063171664,83.4550309687953,112.0,0.6235294117647059,22974.666082169933,22670.0,304.66608216993336,9107.0,9366.0,416.0,0.044415972667093746,1,0,2.0,0.9555273189326556,3.616919333338601,3.764004529579685,0.6235294117647059,0.0,8.0,0.0,8.0,44.0,52.0,236.0,0.9529411764705882,51,10.806660333309008,0.0,142,392.2355698312015,22948.967397598848,0.002690111605929511,0.14908618341441637,420.4172446456188,341.9944612110107,0.0,8.507965829174235e-05,43.0451,0.046662,23692.0996,0.93741,23773.0,24449.5,0.10702691339404848,0.021326634340845668,0.11514373044149338,1.0,341.9524952314159,391.1520263191143,83.4550309687953,80.67321063171664,22948.967397598848,236.0,9166.0,8.672445335445673
161,8.05,126.05263640319137,200.27918040538972,449.6503156515173,186.06873133572813,0.985899496410586,337.96576599046745,405.0439310093382,333.79036261605194,402.840706085812,2.2032249235262498,0.005439471511240727,84.13421267533565,84.24174028637124,34.756591796875,84.73050215471486,83.24293544138874,82.24413059640622,84.13421267533565,116.0,0.6428571428571429,22916.77573193135,22604.5,312.2757319313496,9004.0,9333.0,483.0,0.05175184828029573,1,0,2.0,0.9190325972660357,3.2460684505557906,3.878512886431383,0.6428571428571429,0.0,4.0,0.0,4.0,44.0,52.0,236.0,0.9642857142857143,53,11.081333176631258,0.019327731092437017,137,392.2355698312015,22948.967397598848,0.18880398028578974,3.819097937691631,420.4172446456188,341.9944612110107,0.036566800796287824,0.011780001366915482,43.1579,0.049758,23687.6191,0.937233,23755.0,24414.5,0.1283990542175381,0.021326634340845668,0.13666894311484065,1.0,337.9854137657296,391.1520263191143,84.13421267533565,82.2371464580603,22948.967397598848,236.0,9166.0,8.672445335445673
162,8.1,126.0699925776054,200.2762841680408,450.13664692597064,186.01923209965884,0.9865532093707322,337.9854137657296,392.2355698312015,335.5515106187899,400.90801516664715,8.672445335445673,0.022110298000708753,84.2070074261222,84.23497287107514,33.98748779296875,84.79428177013409,83.96061570989913,82.2371464580603,84.2070074261222,116.0,0.6190476190476191,22919.399652983608,22624.0,295.39965298360767,9199.0,9519.0,479.0,0.05032041180796302,1,0,2.0,0.9135021097046413,3.6124936407610253,3.7024221101153683,0.6190476190476191,0.0,4.0,0.0,4.0,44.0,52.0,236.0,0.9642857142857143,61,10.927771566917325,0.023809523809523836,132,392.2355698312015,22948.075347169022,0.017596163816912324,0.4888438225884095,420.4172446456188,341.9944612110107,0.06703263287444927,0.011722550801217424,43.2707,0.053021,23682.8926,0.937046,23710.0,24398.5,0.1282940649229469,0.021326634340845668,0.13897601716747615,1.0,337.9696458692104,391.52693645190664,84.2070074261222,82.24381695061288,22948.075347169022,236.0,9132.0,6.692690667480747
163,8.15,126.10034742891017,200.28736096043585,449.1369994972306,186.02895357912473,0.9867918556809789,337.9645575303107,393.3561220392452,349.7428074544177,396.28009523723085,2.9239731979856742,0.007433399492620453,84.21217408184125,85.24024685989926,35.19366455078125,85.33778955421883,84.14389419581755,82.24381695061288,84.21217408184125,88.0,0.6428571428571429,22913.561259658818,22612.5,301.061259658818,9166.0,9479.0,472.0,0.04979428209726765,1,0,1.9444444444444444,0.9063829787234042,3.7552029191929948,3.6978308042204318,0.6428571428571429,0.0,4.0,0.0,4.0,44.0,52.0,236.0,0.9642857142857143,62,12.002163050433976,0.023809523809523836,133,392.2355698312015,22948.967397598848,0.03231272702043704,0.9996946978701018,420.4172446456188,341.9944612110107,0.06436729927475782,0.011783534933372919,43.3835,0.056451,23677.918,0.936849,23703.0,24416.5,0.12840551171095438,0.021326634340845668,0.13913976327855598,1.0,337.9696458692104,391.1520263191143,84.21217408184125,82.24413059640622,22948.967397598848,236.0,9132.0,8.672445335445673
164,8.2,126.09821175477785,200.28495461735517,449.3923589123447,186.03817591132417,0.9868262204807794,337.9696458692104,371.0408971588236,347.9382214437739,382.080639581874,11.03974242305037,0.029753438253263015,84.58317171059886,85.24150262342475,35.19366455078125,85.43836258318534,84.19349942532175,82.24513799893614,84.58317171059886,92.0,0.6428571428571429,22948.967397598848,22635.0,313.96739759884804,9132.0,9443.0,472.0,0.04998411521762152,1,0,1.9444444444444444,0.9152360515021459,3.7981990163914383,3.76906255220729,0.6428571428571429,0.0,4.0,0.0,4.0,44.0,52.0,236.0,0.9642857142857143,56,11.264402540296773,0.0,125,392.2355698312015,22948.075347169022,0.003217388851442752,0.2555258935971589,420.4172446456188,341.9944612110107,0.11744605654417395,0.011768656508495234,43.4962,0.060046,23672.6895,0.936642,23708.0,24437.0,0.1283783218075381,0.021326634340845668,0.15089774024320884,1.0,337.9696458692104,391.1520263191143,84.58290898523308,82.24513799893614,22948.075347169022,236.0,9121.0,8.672445335445673
165,8.25,126.09452385675193,200.28531181007097,450.23610150445484,186.0431858615088,0.987221396731055,337.9678250274209,375.725237109795,321.8966802040625,385.8728564748449,10.147619365049934,0.02700808559762671,84.58290898523308,85.24105329508482,35.19366455078125,85.4372755593117,84.23244613090067,83.09629449496907,84.58290898523308,92.0,0.6428571428571429,22936.275922542154,22636.0,300.27592254215415,9121.0,9422.0,470.0,0.04988325196348971,1,0,1.9444444444444444,0.9138858988159311,3.715813425056136,3.8386807368844473,0.6428571428571429,0.0,4.0,0.0,4.0,44.0,52.0,236.0,0.9642857142857143,58,10.872536289728073,0.0,127,385.29334641537855,22941.822110968875,0.0037051556628262777,0.8437574659471484,420.4172446456188,341.9944612110107,0.10630393520964132,0.011773980693521757,43.609,0.063806,23667.2188,0.936426,23723.0,24444.5,0.12838805160607739,0.08531862435824968,0.15088941372422465,1.0,337.9680392300727,387.1538720733702,84.58317171059886,83.09629449496907,22941.822110968875,236.0,9132.0,8.672445335445673
166,8.3,126.09251073874799,200.29945168319315,449.4754127515952,186.05246577950172,0.9877589257832831,337.9619043810892,378.9945890487986,365.5096078255079,394.6138283885604,15.619239339761805,0.0412123016820979,85.23959194118966,85.23959194118966,35.19366455078125,85.89861699852429,84.92332620570706,83.14486509382283,85.23959194118966,92.0,0.6190476190476191,22962.795574240386,22651.5,311.2955742403865,9313.0,9607.0,465.0,0.048402206724263555,1,0,1.9444444444444444,0.9150326797385621,3.52743586219262,3.755558500105723,0.6190476190476191,0.0,4.0,0.0,4.0,44.0,52.0,236.0,0.9642857142857143,58,12.221379785808224,0.023809523809523836,128,385.29334641537855,22941.822110968875,0.01428245973246308,0.7607453552964665,420.4172446456188,341.9944612110107,0.09852748935581002,0.011791292805275577,43.7218,0.067728,23661.4941,0.936199,23719.0,24420.0,0.128419689003879,0.08531862435824968,0.17170157658109933,1.0,337.9678250274209,385.29334641537855,85.23959194118966,83.14486509382283,22941.822110968875,236.0,9139.0,10.147619365049934
167,8.35,126.1011429308861,200.3263628320233,450.12241874057463,186.02833143596564,0.9865743207245605,337.9680392300727,412.8264175920869,334.3549499784844,415.9059270187631,3.079509426676225,0.007459574521994576,85.24110615621024,85.99452987986317,35.150390625,85.99452987986317,85.13314273671818,83.14536732985684,85.24110615621024,64.0,0.6309523809523809,22948.075347169022,22643.5,304.5753471690223,9070.0,9385.0,461.0,0.049120937666489076,1,0,1.9444444444444444,0.9102844638949672,3.6069275084799473,3.8687986133453838,0.6309523809523809,0.0,4.0,0.0,4.0,48.0,56.0,228.0,0.9642857142857143,49,11.039101345963383,0.011904761904761862,139,378.9945890487986,22946.61643349366,0.02826171743662808,0.6474559570451138,420.4172446456188,341.9944612110107,0.018055460736227436,0.011773354359834731,43.8346,0.071811,23655.5254,0.935963,23723.0,24416.5,0.12838690699886288,0.14337927645503237,0.17174956639006686,1.0,337.9678250274209,380.82916300064034,85.24088667553917,83.14536732985684,22946.61643349366,232.0,9144.0,11.03974242305037
168,8.4,126.09830338112579,200.3179889343033,450.1134628982528,186.01297847936974,0.9871705303270879,337.97334935353894,385.29334641537855,332.94990834857,397.2930388613573,11.999692445978724,0.03114430227674383,85.24241638417898,86.04302204857314,35.150390625,86.04302204857314,85.13342486601331,83.19533066289476,85.24241638417898,64.0,0.6309523809523809,22965.624981763664,22645.5,320.1249817636635,9144.0,9447.0,457.0,0.048375145548851486,1,0,1.8888888888888888,0.9094922737306843,3.4630460625196138,3.9062486345781626,0.6309523809523809,0.0,4.0,0.0,4.0,48.0,56.0,228.0,0.9642857142857143,49,11.64107401856809,0.0,130,378.9945890487986,22948.075347169022,0.008842239867060266,0.01777414942913238,420.4172446456188,341.9944612110107,0.08354533187583002,0.011757827431569723,43.9474,0.076054,23649.3066,0.935717,23692.0,24420.5,0.12835853197372776,0.14337927645503237,0.17179109126537814,1.0,337.9671498725502,378.9945890487986,85.24110615621024,83.19164785052057,22948.075347169022,228.0,9144.0,11.03974242305037
169,8.45,126.090760368058,200.54104857336344,450.3510238710483,186.0233320791899,0.9874840357598978,337.9793748951846,387.1538720733702,330.6587413043334,393.92873044899216,6.774858375621932,0.01749913629777159,85.24390263340922,86.0924080416865,35.150390625,86.0924080416865,85.23388664643987,83.19633227292763,85.24390263340922,64.0,0.6309523809523809,22939.909126068727,22649.0,290.90912606872735,9102.0,9396.0,453.0,0.04821200510855683,1,0,1.8888888888888888,0.9263873159682899,3.8189448797802803,3.952562547593395,0.6309523809523809,0.0,4.0,0.0,4.0,44.0,56.0,232.0,0.9523809523809523,54,10.435004044036054,0.0,131,380.82916300064034,22948.967397598848,0.22318714036383622,0.23778648579089565,420.4172446456188,341.9944612110107,0.07911990527478763,0.011740208603404079,44.0602,0.080455,23642.8418,0.935461,23681.0,24422.0,0.12832633406030156,0.12646855045551073,0.17183819475838807,1.0,337.9678250274209,378.9022675343408,85.24241638417898,83.19429214579839,22948.967397598848,228.0,9144.0,11.979469863900931
170,8.5,126.09897835883167,200.39523809079984,449.6783709251531,186.0246094232985,0.9883422124725791,337.9671498725502,378.69472155881937,322.8266293449609,390.6741914227203,11.979469863900931,0.03163358024793663,85.24088667553917,86.14169233206842,35.150390625,86.14169233206842,85.23108734687187,83.19429214579839,85.24088667553917,68.0,0.6309523809523809,22941.822110968875,22643.0,298.82211096887477,9294.0,9573.0,449.0,0.046902747310143114,1,0,2.0,0.9386574074074074,3.5931493989902887,3.7774427975027334,0.6309523809523809,0.0,4.0,0.0,4.0,48.0,56.0,228.0,0.9642857142857143,55,11.563098389887832,0.0,128,380.82916300064034,22962.795574240386,0.14604188508023064,0.6726541587097148,420.4172446456188,341.9944612110107,0.09924075098767293,0.011775954862542792,44.1729,0.085012,23636.1289,0.935195,23681.0,24411.5,0.12839165934449395,0.12646855045551073,0.17174261041926134,1.0,337.9678250274209,378.9945890487986,85.24390263340922,83.19533066289476,22962.795574240386,228.0,9188.0,11.999692445978724
171,8.55,126.10317987073765,200.36017350737816,449.4409135679945,186.02233619224128,0.9878620689655173,337.95156364772583,370.51010818902665,291.64227082695965,382.9371729478973,12.427064758870642,0.03354042031298808,86.13104164264536,86.23590192641618,34.756591796875,86.42655698781768,85.22750573649769,83.19164785052057,86.13104164264536,88.0,0.6428571428571429,22946.61643349366,22640.0,306.6164334936584,9139.0,9425.0,446.0,0.0473209549071618,1,0,2.0,0.94049008168028,3.5911373769102166,3.664078028147122,0.6428571428571429,4.0,4.0,4.0,4.0,44.0,56.0,228.0,0.9642857142857143,50,11.617333790743189,0.011904761904761973,125,378.9022675343408,22965.624981763664,0.03531540333666676,0.23746823797757638,420.4172446456188,341.9944612110107,0.11870858555923469,0.011821529357431193,44.2857,0.089722,23629.1719,0.93492,23668.0,24369.5,0.12847494545336954,0.14423027721915505,0.19995416970403543,1.0,337.9671498725502,378.9945890487986,86.13104164264536,83.19633227292763,22965.624981763664,228.0,9222.0,12.036138524685953
172,8.6,126.09243417671938,200.35395322754178,449.08196597567803,186.008443353235,0.9882947368421053,337.9518433083974,380.82916300064034,306.5128385024527,394.554881457457,13.72571845681665,0.03604166852314714,86.20735753918485,86.23596988110415,34.756591796875,86.9010215419531,86.13105796073337,84.19055801142363,86.20735753918485,88.0,0.6190476190476191,22976.498032348973,22659.5,316.99803234897263,9222.0,9500.0,442.0,0.046526315789473686,1,0,2.0,0.9377203290246768,3.777180986255056,3.6283090837813483,0.6190476190476191,4.0,4.0,4.0,4.0,44.0,56.0,228.0,0.9642857142857143,57,11.988731726753246,0.023809523809523836,129,378.9022675343408,22965.624981763664,0.012416191895149734,0.35921634846630285,420.4172446456188,341.9944612110107,0.09416379120782337,0.011820711622925972,44.3985,0.094584,23621.9688,0.934635,23679.0,24363.5,0.12847345106653757,0.14423027721915505,0.20237283894608202,1.0,337.9671498725502,380.82916300064034,86.20735753918485,84.19055801142363,22965.624981763664,228.0,9188.0,12.036138524685953
173,8.65,126.15240506117793,200.46329753231834,450.13112687306517,186.01233385135936,0.9885810953689997,337.94936453244287,378.9022675343408,301.4214681076733,389.16987761616895,10.267610081828138,0.027098307298721987,86.23536748507176,87.23423968619235,34.756591796875,87.3291991686782,86.1404080025859,84.23762308283057,86.23536748507176,64.0,0.6428571428571429,22982.773213733635,22651.5,331.2732137336352,9188.0,9458.0,435.0,0.04599281031930641,1,0,1.9411764705882353,0.9389952153110048,3.942981314167467,3.6433493400886747,0.6428571428571429,4.0,4.0,4.0,4.0,44.0,60.0,224.0,0.9523809523809523,59,11.24311616475624,0.023809523809523836,128,378.69472155881937,22965.624981763664,0.1247104004075411,1.0491681107343298,420.4172446456188,341.9944612110107,0.0987470843311199,0.011827959623217366,44.5113,0.099596,23614.5195,0.93434,23684.0,24398.5,0.12848669658341874,0.14614339340660723,0.2032605543194183,1.0,337.9590625995304,378.9022675343408,86.23536748507176,84.23762308283057,22965.624981763664,228.0,9222.0,12.036138524685953
174,8.7,126.13969637990698,200.25683556530873,449.2224584542779,186.01345098283122,0.9896569485937983,337.97232038450545,374.4239493646367,572.4000385889092,386.46008788932266,12.036138524685953,0.032145749611129794,86.58110908833282,87.23971567440611,34.756591796875,87.43751781347726,86.23104899353264,84.24338595264639,86.58110908833282,64.0,0.6428571428571429,22998.828340046206,9301.0,13697.828340046206,9456.0,9707.0,432.0,0.04450396620995158,1,0,1.9411764705882353,0.937424789410349,3.868391417394584,3.593645132332503,0.6428571428571429,4.0,4.0,4.0,4.0,44.0,60.0,224.0,0.9523809523809523,64,12.243776429601898,0.0,126,378.9022675343408,22946.61643349366,0.2068527360252232,0.9086691054966525,420.4172446456188,341.9944612110107,0.10939916444138986,0.011760836161681443,44.6241,0.104754,23606.8281,0.934036,23691.0,24404.5,0.12836403034346888,0.14423027721915505,0.21421809553195725,1.0,337.9518433083974,378.69472155881937,86.23536748507176,84.23762308283057,22946.61643349366,224.0,9222.0,12.081819599791118
175,8.75,126.13369955485744,200.21575193433998,449.19734034576254,185.99558826472867,0.9889062662913147,337.9730485039327,382.22676884798017,321.3560930757865,396.3365618847366,14.109793036756457,0.036914717091330214,86.58120696099355,87.23988892830513,33.599853515625,87.43794872068537,86.23121255602359,84.24356878031756,86.58120696099355,64.0,0.6428571428571429,22988.954840885865,22689.0,299.95484088586454,9325.0,9591.0,429.0,0.044729433844228964,1,0,1.9411764705882353,0.9381818181818182,3.6513003852940193,3.6081093813848804,0.6428571428571429,4.0,4.0,4.0,4.0,44.0,60.0,224.0,0.9523809523809523,57,12.083657404424095,0.0,129,378.9022675343408,22949.82774545825,0.04151899136842961,0.030822006316922505,420.4172446456188,341.9944612110107,0.09083946075958516,0.011758707123027734,44.7368,0.110057,23598.8906,0.933722,23684.0,24378.5,0.1283601395851501,0.14423027721915505,0.21422119739677023,1.0,337.95156364772583,378.69472155881937,86.58110908833282,84.24338595264639,22949.82774545825,224.0,9294.0,12.427064758870642
176,8.8,126.16668005961652,200.47167284974253,449.4317142961996,185.99377244312467,0.9895424836601308,337.9590625995304,369.9054909981272,321.65988607195715,381.98731059791834,12.081819599791118,0.03266190930875445,87.23655623386736,87.99389596922248,36.3565673828125,87.99389596922248,87.09166031130195,85.09399443204029,87.23655623386736,48.0,0.6309523809523809,23007.193845541962,22713.5,293.6938455419622,9536.0,9792.0,426.0,0.04350490196078431,1,0,1.9411764705882353,0.9377289377289377,3.7159888580885374,3.604812725015675,0.6309523809523809,4.0,4.0,4.0,4.0,44.0,60.0,224.0,0.9523809523809523,53,11.18070567223046,0.011904761904761973,125,375.3752057158467,22949.82774545825,0.25803726210500216,0.23438098440692204,420.4172446456188,341.9944612110107,0.12014672159813355,0.011799602242652751,44.8496,0.115503,23590.7148,0.933399,23680.0,24378.0,0.12843487426721084,0.1767420088591096,0.23499109201862156,1.0,337.94936453244287,375.3752057158467,86.58120696099355,84.24356878031756,22949.82774545825,224.0,9289.0,13.198030062164605
177,8.85,126.13786606883116,200.47154397474392,445.4187375500137,186.04590163335118,0.9866371588154705,333.9846929468344,401.88784477432404,291.1431418327408,415.7319371175403,13.844092343216289,0.034447651311749164,87.24146280873734,88.0397811302283,35.19366455078125,88.0397811302283,87.13373406788128,85.24397503698867,87.24146280873734,48.0,0.6385542168674698,22887.599352105834,22622.0,265.59935210583353,9172.0,9489.0,491.0,0.051744124776056485,1,0,1.894736842105263,0.9051987767584098,3.6528923831953777,3.8474685943624927,0.6385542168674698,4.0,4.0,4.0,4.0,44.0,56.0,224.0,0.963855421686747,53,12.04528320071727,0.007601835915088895,136,375.3752057158467,22949.82774545825,0.028814278990535805,4.013315315035962,420.4172446456188,341.9944612110107,0.04407383404768206,0.023420754347346695,44.9624,0.121088,23582.2969,0.933065,23675.0,24377.5,0.1496722032122663,0.1767420088591096,0.23514659542302266,1.0,333.98770313119417,378.9022675343408,87.23655623386736,85.09399443204029,22949.82774545825,224.0,9325.0,13.198030062164605
178,8.9,126.12362761516779,200.48511094056195,445.4072558959388,186.04432148949954,0.9871807915352528,333.98770313119417,375.3752057158467,343.52952247893256,387.09170880707165,11.716503091224979,0.031212778342355925,87.2421648752362,88.0897733295939,35.150390625,88.0897733295939,87.22705267820696,85.24470402593612,87.2421648752362,60.0,0.6385542168674698,22920.875458795716,22642.0,278.87545879571553,9514.0,9829.0,484.0,0.04924203886458439,1,0,1.894736842105263,0.9020618556701031,3.4183810537321015,3.7367815040136994,0.6385542168674698,4.0,4.0,4.0,4.0,44.0,52.0,228.0,0.9759036144578314,57,12.015804736652111,0.0,127,375.3752057158467,22940.981230855956,0.019667133096397664,0.011589876396545195,420.4172446456188,341.9944612110107,0.10713651617154585,0.023411952496143917,45.0752,0.126811,23573.6367,0.932723,23646.0,24333.0,0.1496561180765039,0.1767420088591096,0.23516884592028026,1.0,333.985164590714,375.8735198106967,87.24146280873734,85.24397503698867,22940.981230855956,224.0,9325.0,12.081819599791118
179,8.95,305.6551635459879,157.16563038895293,459.4978336021856,185.50156840269173,0.9457290132547864,169.85371187381912,158.70366114965833,161.57371462217287,182.43164808822985,23.72798693857152,0.1495112763416082,64.43361747605691,69.6303437067425,30.36895751953125,70.55506617257203,66.19561624739507,56.1087583538651,64.43361747605691,8.0,0.5714285714285714,7229.789331976409,4858.5,2371.289331976409,4695.0,5432.0,803.0,0.1478276877761414,2,0,4.894736842105263,0.95,25.781179045770635,13.793946749498556,0.5714285714285714,4.0,8.0,4.0,8.0,92.0,40.0,24.0,0.7142857142857143,29,184.68391859861697,0.06712564543889843,54,375.3752057158467,22940.981230855956,184.68391859861697,14.101026948737402,420.4172446456188,341.9944612110107,0.6225091544866719,0.5033436761742778,45.188,0.132669,23564.7363,0.932371,23616.0,24306.5,1.0,0.1767420088591096,0.0,1.0,333.9846929468344,375.3752057158467,87.2421648752362,85.24470402593612,22940.981230855956,224.0,9325.0,12.081819599791118
180,9.0,126.13521501182117,200.49005282041958,445.3192881420101,186.02600086453717,0.9875761015375091,333.985164590714,380.98162816624733,579.390597757386,394.17965822841194,13.198030062164605,0.034642169297479715,88.21022573573426,88.24031464315613,36.39984130859375,88.83787099938613,87.95510329147945,86.19268288707646,88.21022573573426,64.0,0.6265060240963856,22949.82774545825,9250.5,13699.32774545825,9390.0,9691.0,475.0,0.049014549582086474,1,0,1.9444444444444444,0.9226638023630505,3.335850351455205,3.7288286704839755,0.6265060240963856,4.0,4.0,4.0,4.0,48.0,56.0,220.0,0.9759036144578314,57,184.67381379267076,0.055077452667814164,129,375.8735198106967,22940.981230855956,184.67381379267076,14.188240933015626,420.4172446456188,341.9944612110107,0.09380113918165467,0.023419375249340457,45.3008,0.138659,23555.6016,0.932009,23622.0,24304.5,0.1496696829494091,0.1721486518503892,0.2658494659992699,1.0,333.98441241459375,375.8735198106967,88.21022573573426,86.19268288707646,22940.981230855956,224.0,9305.0,12.081819599791118
181,9.05,126.21703035262962,200.45100469260757,445.38340970194287,186.0218013373308,0.9876878130217028,333.98441241459375,359.45796620328326,342.9488798264436,373.2674826432151,13.809516439931826,0.03841761134352541,88.24014247738637,89.23888760869963,34.756591796875,89.28896916895971,88.0898977966061,86.24265221475987,88.24014247738637,48.0,0.6506024096385542,22928.520142515925,22619.5,309.0201425159248,9289.0,9584.0,466.0,0.04862270450751252,1,0,1.9444444444444444,0.9192139737991266,3.347160369940752,3.742487779474541,0.6506024096385542,4.0,4.0,4.0,4.0,48.0,56.0,220.0,0.9759036144578314,54,12.151991202444112,0.02409638554216864,121,375.3752057158467,22940.981230855956,0.09065597761441511,0.06425893305187597,420.4172446456188,341.9944612110107,0.14499709328935773,0.02342157463034089,45.4135,0.144779,23546.2246,0.931638,23596.0,24276.5,0.1496737022563903,0.1767420088591096,0.2667976131892695,1.0,333.9837765299445,375.3752057158467,88.24014247738637,86.23957419315471,22940.981230855956,224.0,9305.0,11.716503091224979
182,9.1,126.21981639470356,200.43995961342975,446.04364161997177,186.01736912532888,0.9886657833044542,333.9714868009323,386.3733996819923,318.32740724317017,397.2771042278168,10.903704545824496,0.028220639813193345,88.57794844319032,89.23597691270558,34.756591796875,89.3828467267183,88.13926279684682,86.23957419315471,88.57794844319032,48.0,0.6506024096385542,22940.981230855956,22641.0,299.9812308559558,9533.0,9811.0,462.0,0.04709000101926409,1,0,1.9444444444444444,0.9154774972557629,3.5803020505621808,3.772590603919666,0.6506024096385542,4.0,4.0,4.0,4.0,48.0,56.0,220.0,0.9759036144578314,55,11.633965915843376,0.0,131,375.8735198106967,22928.520142515925,0.011391040535527698,0.6602467948330748,420.4172446456188,341.9944612110107,0.08097632862877213,0.023459369434431165,45.5263,0.151026,23536.6133,0.931258,23588.0,24261.0,0.14974277119892263,0.1721486518503892,0.27750365133227944,1.0,333.9714868009323,375.8735198106967,88.57794844319032,86.24250099138959,22928.520142515925,220.0,9289.0,10.903704545824496
183,9.15,126.20297751982687,200.4508994098015,445.53245605495323,186.0051190515123,0.9888018385041262,333.9837765299445,375.8735198106967,572.3549895948206,380.34587316186554,4.472353351168863,0.011898559263821776,89.02863839514794,89.23874483746607,34.756591796875,89.38882086769331,88.23249308726255,86.24250099138959,89.02863839514794,48.0,0.6506024096385542,22927.49867442327,9154.0,13773.49867442327,9305.0,9573.0,454.0,0.047425049618719316,1,0,1.8888888888888888,0.9181614349775785,3.589564229848428,3.7964785112951334,0.6506024096385542,8.0,4.0,8.0,4.0,44.0,56.0,220.0,0.9759036144578314,56,11.254292104599283,0.0,127,375.8735198106967,22928.520142515925,0.02008050925071681,0.5113323246107482,420.4172446456188,341.9944612110107,0.10595123154966968,0.023423433972293406,45.6391,0.157395,23526.7656,0.930868,23594.0,24263.5,0.14967710015156532,0.1721486518503892,0.2917873061660422,1.0,331.9365371416662,375.3752057158467,89.02863839514794,86.24265221475987,22928.520142515925,220.0,9305.0,10.903704545824496
184,9.2,128.2337390038866,200.3651798937596,446.70571933961827,186.00691298896984,0.98610348468849,331.9365371416662,374.09735741682243,587.7002735031687,379.58263698218457,5.485279565362134,0.014662705995141231,89.18876119018977,89.23881359224129,37.95037841796875,89.9372457729421,88.24006699923137,87.09116320006696,89.18876119018977,60.0,0.6506024096385542,22951.47632511709,9028.0,13923.476325117092,9141.0,9470.0,487.0,0.05142555438225977,2,1,6.0,0.9291428571428572,87.82222064964215,4.667707589097427,0.6506024096385542,4.0,8.0,4.0,8.0,44.0,52.0,224.0,0.963855421686747,50,10.614626620544534,0.0,126,375.8735198106967,22928.520142515925,2.0325698119796307,1.1732646561431062,420.4172446456188,341.9944612110107,0.11017599258527244,0.029409611002848224,45.7519,0.163886,23516.6816,0.930469,23566.0,24250.5,0.16061667047780517,0.1721486518503892,0.2968620559479276,1.0,331.93497470230477,374.09735741682243,89.18876119018977,87.09116320006696,22928.520142515925,220.0,9289.0,10.903704545824496
185,9.25,128.23378941637833,200.35488754728206,447.56912694366866,186.00739056443643,0.9867118070249683,331.93497470230477,378.0981185572841,301.60297760913124,373.9744024625319,4.12371609475224,0.010906470813679736,89.23843237651649,89.2384323765165,35.150390625,90.03757567578566,89.00378468023331,87.14111881540073,89.23843237651649,68.0,0.6385542168674698,22977.981889061546,22593.5,384.4818890615461,9138.0,9452.0,479.0,0.05067710537452391,2,1,6.0,0.9455621301775148,87.83080889217243,4.664345533410432,0.6385542168674698,4.0,8.0,4.0,8.0,44.0,52.0,224.0,0.963855421686747,54,9.78110567754302,0.012048192771084376,128,375.8735198106967,22928.520142515925,0.010292469938410497,0.8634077361307163,420.4172446456188,341.9944612110107,0.10065982456073275,0.02941417961298265,45.8647,0.170494,23506.3633,0.930061,23554.0,24229.0,0.16062501948445893,0.1721486518503892,0.29843627804361145,1.0,331.93497470230477,375.8735198106967,89.23543856598494,87.14031044915501,22928.520142515925,220.0,9305.0,10.903704545824496
186,9.3,128.305714357412,200.3552265798288,447.1085494391996,185.9894396591262,0.9883987425210425,331.92272967174523,366.70179433738355,302.4334585710558,373.23893728455903,6.537142947175482,0.01782686381174615,89.23543856598494,89.23543856598494,35.150390625,90.0392366101958,89.22812558555881,87.14031044915501,89.23543856598494,68.0,0.6144578313253012,22980.883042863727,22606.5,374.3830428637266,9575.0,9861.0,473.0,0.04796673765338201,2,1,6.0,0.94377990430622,88.568694976208,4.580607150707504,0.6144578313253012,4.0,8.0,4.0,8.0,44.0,52.0,224.0,0.963855421686747,66,9.953742995552098,0.02409638554216864,124,374.09735741682243,22927.49867442327,0.07192574007797821,0.4609271879857253,420.4172446456188,341.9944612110107,0.1277670005033058,0.02944998437577384,45.9774,0.177216,23495.8125,0.929644,23513.0,24194.0,0.16069045168243248,0.18852095210206812,0.29834139561704615,1.0,331.92272967174523,375.8735198106967,89.23843237651649,87.14111881540073,22927.49867442327,220.0,9289.0,10.903704545824496
187,9.35,128.3038762290649,200.4296667879956,443.72315786353175,186.0210393688118,0.9849504950495049,327.93366207466465,381.7229247721492,295.09855363569324,387.1631182239897,5.440193451840514,0.014251681255685052,89.66233822657605,90.13707110288252,34.756591796875,90.39609320130518,89.23199101375324,88.11484608797984,89.66233822657605,48.0,0.6585365853658537,22872.964644005773,22502.0,370.96464400577315,9234.0,9595.0,538.0,0.056070870244919226,2,1,5.666666666666667,0.882865440464666,88.81225140705035,4.289903200405753,0.6585365853658537,4.0,4.0,4.0,4.0,48.0,56.0,216.0,0.975609756097561,62,10.467489055188103,0.044078754040552504,129,374.09735741682243,22891.20728758859,0.07446289886737889,3.385539050469643,420.4172446456188,341.9944612110107,0.09203789893558256,0.04111411362206385,46.0902,0.18405,23485.0312,0.929217,23470.0,24191.5,0.18200632014620122,0.18852095210206812,0.3118710680094484,1.0,327.9348379682843,375.8735198106967,89.66233822657605,88.11484608797984,22891.20728758859,216.0,9261.0,10.903704545824496
188,9.4,128.31874611719525,200.50727974840422,443.41303349508235,186.01577501841874,0.9855342012812565,327.9348379682843,372.6657079610405,316.8255676484889,387.07348175280305,14.407773791762565,0.03866138870300563,90.18655683447813,91.03705685564796,34.756591796875,91.28418647393045,90.13218831845597,88.58953829895614,90.18655683447813,44.0,0.6463414634146342,22891.20728758859,22503.5,387.7072875885897,9328.0,9678.0,532.0,0.05497003513122546,2,1,5.666666666666667,0.8824681684622919,88.80602608940373,4.270793414841334,0.6463414634146342,4.0,4.0,4.0,4.0,52.0,56.0,212.0,0.9878048780487805,63,9.814302651217206,0.012195121951219523,126,378.0981185572841,22887.20344711327,0.07902458602485765,0.3101690463137887,420.4172446456188,341.9944612110107,0.11358129879955181,0.04111067528094148,46.203,0.190993,23474.0156,0.928781,23501.0,24198.5,0.182000036674409,0.15164275737573282,0.3284850564513585,1.0,327.93366207466465,374.09735741682243,90.18655683447813,88.58953829895614,22887.20344711327,212.0,9234.0,12.780172690112124
189,9.45,128.30320993157102,200.5695066773092,443.3407934604058,186.00124497531334,0.9857544517338331,327.90583685547176,363.94207581404066,339.0612159640156,376.7222485041528,12.780172690112124,0.0351159526183564,90.2412676629973,91.18835217392444,34.756591796875,91.34310459700345,90.18968352197096,88.61430433250123,90.2412676629973,44.0,0.6463414634146342,22887.20344711327,22522.5,364.70344711326834,9261.0,9603.0,525.0,0.05467041549515776,2,1,5.666666666666667,0.9117043121149897,88.6822113069767,4.256598059739402,0.6463414634146342,8.0,4.0,8.0,4.0,48.0,56.0,212.0,0.9878048780487805,63,10.659144833623653,0.0,123,372.6657079610405,22872.964644005773,0.06413706997279739,0.07368680182172628,420.4172446456188,341.9944612110107,0.13433123771881095,0.0411954752297764,46.3158,0.198041,23462.7734,0.928336,23496.0,24202.0,0.18215500619823133,0.20171760282840617,0.3302189992358442,1.0,327.90583685547176,372.6657079610405,90.2412676629973,88.61430433250123,22872.964644005773,212.0,9234.0,13.815294527283754
190,9.5,132.2691786447733,200.35174974652674,442.8502395684439,185.87163602468576,0.9829892141756549,323.91555856121,381.33333422952063,338.0041276001207,395.1486287568044,13.815294527283754,0.036228919129761866,90.24237625874166,91.18896023169694,34.756591796875,91.39720017779038,90.23977325941547,88.64029034647697,90.24237625874166,44.0,0.6419753086419753,22797.097921089047,22478.5,318.5979210890473,9321.0,9735.0,590.0,0.06060606060606061,2,1,2.857142857142857,0.9057971014492754,88.45349062888415,4.463283482948053,0.6419753086419753,4.0,4.0,4.0,4.0,48.0,56.0,212.0,0.9753086419753086,68,10.879552193417688,0.004366154772658892,129,372.6657079610405,22835.95581781045,3.9719423353068817,0.5073870327489126,420.4172446456188,341.9944612110107,0.09296457486905196,0.052863144583636945,46.4286,0.205192,23451.3027,0.927883,23504.0,24215.5,0.20347734410911664,0.20171760282840617,0.3302541338087225,1.0,323.95167899450536,366.70179433738355,90.24237625874166,88.63939782572206,22835.95581781045,212.0,9234.0,14.294361195315844
191,9.55,132.34617797488826,200.34312838749395,443.1964507459181,185.99442803560748,0.9818784058125868,323.9477662739075,382.1082489617675,299.9063331762715,401.4443653637239,19.33611640195636,0.050603765960287,90.73720732206176,91.23657782556398,36.3565673828125,91.43723279022554,90.23783681855953,88.63939782572206,90.73720732206176,44.0,0.6419753086419753,22786.625178662212,22447.0,339.6251786622124,8935.0,9359.0,581.0,0.06207928197456993,2,1,2.857142857142857,0.9064143007360673,89.32684563935,4.508604724986861,0.6419753086419753,4.0,4.0,4.0,4.0,48.0,56.0,212.0,0.9753086419753086,58,10.648897327740473,0.0,129,366.0956946067145,22821.57620586477,0.07748047928173092,0.367341880751835,420.4172446456188,341.9944612110107,0.09112137090414307,0.05276896845989665,46.5414,0.212444,23439.6016,0.92742,23476.0,24201.0,0.20330523988910248,0.2622786369239073,0.34593674683079606,1.0,323.9477662739075,366.0956946067145,90.73720732206176,88.64029034647697,22821.57620586477,212.0,9234.0,14.407773791762565
192,9.6,132.3604884315684,200.3329755519561,443.2457210592708,185.91636885470427,0.9828125,323.9099036407053,361.9104405683695,336.7532979173353,380.84838368609394,18.937943117724444,0.05232770595947155,91.21390085950136,91.2396255380853,34.756591796875,91.98105435705808,90.2409499332731,88.69148716888691,91.21390085950136,52.0,0.6419753086419753,22806.843351288655,22471.0,335.84335128865496,9065.0,9472.0,574.0,0.060599662162162164,2,1,2.857142857142857,0.9273318872017353,89.23044113865956,4.272071181819305,0.6419753086419753,4.0,8.0,4.0,8.0,48.0,56.0,208.0,0.962962962962963,63,10.679256729237771,0.0,122,363.94207581404066,22816.653264267075,0.017546203003852904,0.09230817678381083,420.4172446456188,341.9944612110107,0.1391636637706578,0.05287967970670493,46.6541,0.219791,23427.6738,0.926948,23480.0,24199.5,0.20350756158192643,0.2821302527575274,0.361044529732761,1.0,323.94494680640406,363.94207581404066,91.21390085950136,88.69148716888691,22816.653264267075,208.0,9221.0,16.862341911867645
193,9.65,132.36860677477623,200.34383897894395,443.9883231428827,185.93289039486464,0.9829205807002561,323.94494680640406,366.0956946067145,285.92424530397506,380.39005580203036,14.294361195315844,0.039045422838615576,91.23594162440982,91.23594162440982,33.599853515625,92.03508314186203,91.23095131078817,88.71410490050782,91.23594162440982,60.0,0.6419753086419753,22821.57620586477,22476.0,345.5762058647706,8968.0,9368.0,562.0,0.05999146029035013,2,1,2.7142857142857144,0.9267480577136515,89.98667542230874,4.295933353619733,0.6419753086419753,4.0,8.0,4.0,8.0,48.0,56.0,208.0,0.962962962962963,60,8.695252183229902,0.0,124,361.9104405683695,22806.843351288655,0.013561767670926057,0.7427858479225105,420.4172446456188,341.9944612110107,0.12920866289557986,0.05277721265044133,46.7669,0.227233,23415.5273,0.926467,23476.0,24206.0,0.2033203059156811,0.30085744930145836,0.36174306467204026,1.0,323.919712997695,363.94207581404066,91.23594162440982,88.71410490050782,22806.843351288655,208.0,9221.0,16.862341911867645
194,9.7,132.39880683822705,200.4012976658407,443.29650531859846,185.76379366215713,0.9846548363934762,323.95167899450536,358.8199418782678,317.5906790648058,375.68228379013544,16.862341911867645,0.046993881732438146,91.23745863780364,92.08459478469615,35.19366455078125,92.1232698304124,91.23240575592128,89.58778827628849,91.23745863780364,44.0,0.6296296296296297,22816.653264267075,22494.0,322.65326426707543,9375.0,9749.0,551.0,0.05651861729408145,2,1,2.7142857142857144,0.9245495495495496,88.50682967865109,4.04698263155954,0.6296296296296297,4.0,8.0,4.0,8.0,48.0,56.0,208.0,0.962962962962963,62,10.13221314913968,0.012345679012345623,121,361.24692559407555,22797.097921089047,0.06491182120640661,0.7121836890927097,420.4172446456188,341.9944612110107,0.14651469118321503,0.052757527571105634,46.8797,0.234766,23403.1523,0.925977,23450.0,24171.0,0.2032843319862983,0.30697359409660296,0.3617911431694672,1.0,323.91555856121,361.9104405683695,91.23745863780364,89.5865606051013,22797.097921089047,208.0,9162.0,16.862341911867645
195,9.75,132.39245284801692,200.41565788194515,443.2680035581816,185.9616700140031,0.9841845831148401,323.919712997695,361.24692559407555,345.0220725544654,381.14665069702136,19.89972510294581,0.05508621303896341,92.21440350748736,93.23928209943408,35.150390625,93.23928209943408,91.23679033975456,89.5865606051013,92.21440350748736,44.0,0.6419753086419753,22835.95581781045,22497.5,338.45581781044893,9158.0,9535.0,541.0,0.056738332459360254,2,1,2.5714285714285716,0.9215017064846417,89.8086017129876,3.898078001708575,0.6419753086419753,4.0,8.0,4.0,8.0,52.0,56.0,204.0,0.9753086419753086,58,10.494016609747165,0.012345679012345623,122,361.24692559407555,22786.625178662212,0.015703152491042184,0.19991848580541058,420.4172446456188,341.9944612110107,0.14074189345258548,0.05285099691179951,46.9925,0.242386,23390.5586,0.925479,23450.0,24162.0,0.20345514458015396,0.30697359409660296,0.3927533229331066,1.0,323.9099036407053,361.24692559407555,92.21440350748736,89.58778827628849,22786.625178662212,204.0,9158.0,18.937943117724444
196,9.8,132.39694758077255,200.50798389334935,439.8805177124805,185.84685868871784,0.9824157594608605,319.94996642456687,353.93147569450826,342.41648277452924,376.5983548407376,22.66687914622935,0.0640431289750392,92.65684434535852,93.24485766487881,35.150390625,93.3001943264376,92.19105325026659,90.24945440571858,92.65684434535852,44.0,0.65,22747.640725895097,22428.0,319.6407258950967,9221.0,9645.0,608.0,0.06303784344219802,2,1,2.4285714285714284,0.8846153846153846,88.84219921311652,4.030277774384225,0.65,8.0,4.0,8.0,4.0,48.0,56.0,204.0,0.9875,61,12.863241200923996,0.00802469135802475,120,359.7911198016744,22782.98687033161,0.09243535581341367,3.3894309249841355,420.4172446456188,341.9944612110107,0.1581423450104983,0.06445863102105143,47.1053,0.250092,23377.7441,0.924972,23450.0,24162.0,0.224667769768362,0.32039291297393535,0.40677553972552094,1.0,319.94996642456687,359.7911198016744,92.2987257352284,90.22361348610922,22782.98687033161,204.0,9116.0,19.33611640195636
197,9.85,132.4486317724849,200.41185832542047,438.89373504779775,186.0038258749557,0.9829066973148051,319.94133149688975,359.7911198016744,566.301785902424,387.69372169187005,27.902601890195626,0.07755222503984038,92.2987257352284,93.29724937809829,36.3565673828125,93.40588702589835,92.19008808742832,90.30167844948866,92.2987257352284,44.0,0.65,22731.221443116294,9048.0,13683.221443116294,9162.0,9571.0,597.0,0.06237592728032598,2,1,2.4285714285714284,0.8940397350993378,87.7130443574247,4.001498093200508,0.65,8.0,4.0,8.0,4.0,48.0,56.0,204.0,0.9875,63,13.861602311181437,0.0,122,358.8199418782678,22747.640725895097,0.10913927103755577,0.9991890336036902,420.4172446456188,341.9944612110107,0.14420465767299284,0.06448387975650327,47.218,0.257879,23364.7129,0.924456,23408.0,24124.0,0.22471391112297187,0.3293450316623244,0.39542573573182865,1.0,319.94133149688975,358.8199418782678,92.65684434535852,90.24945440571858,22747.640725895097,204.0,9158.0,19.75648603625291
198,9.9,132.4453422104221,200.4607642439619,438.9054169653399,185.85744208642856,0.9838194938510011,319.9005833508728,365.6585811056361,317.1874940849955,379.03384896327947,13.375267857643394,0.036578569596810245,92.65853455872181,93.30251942355252,34.756591796875,93.4148493308837,92.30409792038878,90.3072549140613,92.65853455872181,48.0,0.65,22782.98687033161,22439.0,343.9868703316097,9441.0,9839.0,585.0,0.05945726191686147,2,1,2.4285714285714284,0.8872549019607843,87.24383965841837,3.98946773668142,0.65,8.0,4.0,8.0,4.0,48.0,56.0,204.0,0.9875,67,11.107221720014364,0.0,124,354.53420680410363,22734.454679500355,0.04901642670520398,0.14684917684829474,420.4172446456188,341.9944612110107,0.1302483764340835,0.0646030283119291,47.3308,0.265745,23351.4648,0.923932,23401.0,24111.5,0.22493165176022634,0.3688500575965325,0.40682910742582523,1.0,319.9005833508728,358.8199418782678,92.65853455872181,90.30167844948866,22734.454679500355,204.0,9158.0,19.75648603625291
199,9.95,136.44798852421965,200.35340778728974,438.9887716208304,185.9174694379752,0.9804052642573637,315.9099800272609,348.1739900664363,313.45133028216225,364.8799951193927,16.706005052956357,0.04798177212998772,93.27539795650765,93.3602865070934,35.150390625,93.96253730547357,92.40049053429058,90.22361348610922,93.27539795650765,52.0,0.6455696202531646,22714.693286833575,22357.5,357.19328683357526,9105.0,9574.0,653.0,0.06820555671610612,2,1,1.9090909090909092,0.8959731543624161,85.76064707329519,4.150604847942263,0.6455696202531646,4.0,4.0,4.0,4.0,48.0,56.0,204.0,0.9746835443037974,58,11.090462703877568,0.004430379746835467,118,353.93147569450826,22733.917805519573,4.00408577856998,0.10271943110065761,420.4172446456188,341.9944612110107,0.17183703927292104,0.07627164805939846,47.4436,0.273688,23338.0078,0.9234,23376.0,24070.0,0.2462557264887279,0.37440590920748695,0.4263792744869796,1.0,315.94858787728356,358.8199418782678,93.27539795650765,90.3072549140613,22733.917805519573,204.0,9158.0,19.75648603625291
200,10.0,136.42990935928415,200.33903306328793,439.0353202402379,185.64151885496418,0.9812232096184004,315.9481785939662,354.53420680410363,289.72742511142934,394.96510636263696,40.430899558533326,0.11403948838390437,93.29756185889963,94.02395341623011,36.3565673828125,94.02395341623011,93.24313660091408,90.63799146679742,93.29756185889963,44.0,0.6329113924050633,22719.883614388724,22371.5,348.3836143887238,9116.0,9565.0,635.0,0.06638787245164662,2,1,1.8181818181818181,0.9042553191489362,86.86002651576192,3.9978210668652165,0.6329113924050633,4.0,8.0,4.0,8.0,48.0,52.0,204.0,0.9746835443037974,63,11.049628413733158,0.012658227848101222,120,354.53420680410363,22731.221443116294,0.02309737852859653,0.2798490633053314,420.4172446456188,341.9944612110107,0.1567086951845892,0.07615995453497681,47.5564,0.281704,23324.334,0.922859,23374.0,24058.0,0.2460516097111654,0.3688500575965325,0.42708171200563555,1.0,315.9481785939662,359.7911198016744,93.29756185889963,90.63799146679742,22731.221443116294,204.0,9116.0,19.89972510294581
201,10.05,136.4461130229022,200.37821717405814,439.7179318379734,185.838846443977,0.9811344537815125,315.93940320749215,352.63241727387197,296.1402312143426,392.6819589361001,40.04954166222814,0.11357305709963603,93.71376718288445,94.23977678288212,34.756591796875,94.54351561237732,93.29465477867251,91.11044348184254,93.71376718288445,44.0,0.6708860759493671,22718.511546224152,22365.0,353.51154622415197,9071.0,9520.0,625.0,0.06565126050420168,2,1,1.8181818181818181,0.8989169675090253,86.57495836864553,3.9183845202679226,0.6708860759493671,4.0,8.0,4.0,8.0,48.0,52.0,204.0,0.9746835443037974,62,10.278057158803279,0.03797468354430378,119,354.53420680410363,22719.883614388724,0.042402278847947186,0.7105608846176552,420.4172446456188,341.9944612110107,0.16123227159457865,0.07618561397531687,47.6692,0.28979,23310.4512,0.92231,23351.0,24038.0,0.24609850161741845,0.3688500575965325,0.4402724502547385,1.0,315.94689145137204,359.7911198016744,93.71376718288445,91.11044348184254,22719.883614388724,204.0,9116.0,19.75648603625291
202,10.1,136.46634294421762,200.32422779467527,439.9991599389008,185.95701211119135,0.9824008243173622,315.9314761446304,353.1918565760748,299.6030953637256,372.94834261232774,19.75648603625291,0.055936980619476745,94.29065363355866,95.28926961624968,34.756591796875,95.28926961624968,93.33933875462341,91.16332091654738,94.29065363355866,40.0,0.6455696202531646,22733.917805519573,22379.5,354.41780551957345,9278.0,9705.0,609.0,0.06275115919629057,2,1,1.9444444444444444,0.9232456140350878,83.76107097916464,3.8410573694386656,0.6455696202531646,4.0,8.0,4.0,8.0,52.0,56.0,196.0,0.9746835443037974,73,10.059875831696907,0.025316455696202556,119,354.53420680410363,22718.511546224152,0.057655032760158084,0.3050448649943578,420.4172446456188,341.9944612110107,0.159901595202666,0.0762087928970856,47.782,0.297943,23296.3633,0.921752,23338.0,24024.0,0.24614086044567926,0.3688500575965325,0.4585556334140557,1.0,315.9413151537898,359.7911198016744,94.29065363355866,91.16332091654738,22718.511546224152,196.0,9105.0,16.706005052956357
203,10.15,136.4439984405425,200.3555104400442,439.709103924296,185.6153188094339,0.9816657824933688,315.94689145137204,380.2335010310682,295.66109201256285,393.93470961503147,13.70120858396325,0.03603367022319201,94.29566053046592,95.29418629124044,33.55657958984375,95.29418629124044,94.14096288042374,91.16438355512294,94.29566053046592,40.0,0.6455696202531646,22734.454679500355,22398.0,336.45467950035527,8993.0,9425.0,598.0,0.06344827586206897,2,1,1.7894736842105263,0.9020674646354734,83.7849426408702,3.926309792835777,0.6455696202531646,4.0,8.0,4.0,8.0,52.0,56.0,196.0,0.9746835443037974,62,10.14490280011795,0.0,128,361.1463993243087,22714.693286833575,0.03844321456079244,0.44820397596888634,420.4172446456188,341.9944612110107,0.09558062645223453,0.07616371817076673,47.8947,0.30616,23282.0703,0.921187,23322.0,24023.5,0.24605848764982233,0.3079002246105024,0.4587143163110249,1.0,315.93940320749215,354.53420680410363,94.29566053046592,91.16438355512294,22714.693286833575,196.0,9089.0,16.706005052956357
204,10.2,136.46472399253204,200.5104502161414,439.6039632687877,185.33631908549074,0.9823325270796088,315.94858787728356,381.8450195533225,290.01383426158503,384.19192454687993,2.346904993557416,0.00614622392169157,95.04960594920391,95.29472835106291,33.599853515625,95.40367164077803,94.29621303325024,91.19172379009717,95.04960594920391,40.0,0.6455696202531646,22707.448538658522,22355.5,351.948538658522,9089.0,9509.0,588.0,0.06183615522136923,2,1,1.7894736842105263,0.8986784140969163,83.26981461620808,4.018136167989596,0.6455696202531646,4.0,8.0,4.0,8.0,52.0,56.0,196.0,0.9746835443037974,62,10.056968707791599,0.0,129,361.1463993243087,22707.448538658522,0.15631980911682467,0.29815332196886113,420.4172446456188,341.9944612110107,0.09174748558377965,0.07615875778074899,48.0075,0.314438,23267.5781,0.920613,23275.0,24001.0,0.24604942267643984,0.3079002246105024,0.48260900506095944,1.0,315.9314761446304,354.4151053234524,95.04960594920391,91.19085145071064,22707.448538658522,196.0,9089.0,19.75648603625291
205,10.25,136.44428364479793,200.372603273563,439.4519769779981,185.8324377816554,0.9828384233329811,315.9413151537898,365.5375338121479,273.8287611289581,393.45787530447114,27.920341492323246,0.07638159945203245,95.13143026407602,95.29240592807406,36.39984130859375,95.39972303740609,94.29384658606621,91.19085145071064,95.13143026407602,44.0,0.6455696202531646,22699.163135859406,22355.0,344.1631358594059,9057.0,9463.0,577.0,0.06097432103983937,2,1,1.736842105263158,0.9,83.35402865172874,3.921885693249509,0.6455696202531646,4.0,8.0,4.0,8.0,52.0,56.0,196.0,0.9746835443037974,61,10.041699325473862,0.0,124,361.1463993243087,22699.163135859406,0.13935417967793287,0.5188772429699511,420.4172446456188,341.9944612110107,0.13053629824278612,0.07618002339852536,48.1203,0.322775,23252.8867,0.920032,23288.0,24011.0,0.24608828499541383,0.3079002246105024,0.4852022518497235,1.0,315.9314761446304,354.4151053234524,95.13143026407602,91.19172379009717,22699.163135859406,196.0,9089.0,25.034897825943062
206,10.3,140.42261598426782,200.327382814461,435.00847430951285,185.77711674633818,0.978114374034003,307.90916062344263,361.1463993243087,311.5474732790949,375.0884030259702,13.94200370166152,0.03860485312257435,95.29581033652921,96.02001349871713,33.599853515625,96.02001349871713,94.42240411520201,92.24546967220391,95.29581033652921,44.0,0.6363636363636364,22552.969693141473,22220.0,332.9696931414728,9174.0,9705.0,729.0,0.07511591962905718,2,1,1.7619047619047619,0.8657074340527577,79.20219711180954,4.058700211052574,0.6363636363636364,4.0,4.0,4.0,4.0,48.0,56.0,196.0,0.974025974025974,65,14.730021238875004,0.009205983889528202,122,361.1463993243087,22624.162013854064,3.978589334574924,4.443847025020536,420.4172446456188,341.9944612110107,0.1409810041718701,0.09966623572461131,48.2331,0.331167,23237.998,0.919443,23268.0,23993.5,0.28900867811556225,0.3079002246105024,0.4904119269407076,1.0,307.966731354475,353.1918565760748,95.29581033652921,92.24546967220391,22624.162013854064,196.0,9071.0,23.21366210628338
207,10.35,140.44380550659278,200.28738487205302,436.1250993698748,185.89699120420565,0.9775681341719078,307.92182012760765,354.4151053234524,304.09697474653143,363.9663638187452,9.551258495292814,0.026949355012890832,95.35661494844575,96.07270160356619,33.599853515625,96.07270160356619,94.49103190866028,93.19041482982459,95.35661494844575,44.0,0.6363636363636364,22577.689555767163,22213.0,364.68955576716326,9005.0,9540.0,710.0,0.07442348008385745,2,1,1.8,0.8758357211079274,78.10404855127639,4.074662599705574,0.6363636363636364,4.0,4.0,4.0,4.0,48.0,56.0,196.0,0.974025974025974,59,13.840860469581703,0.0,120,354.4151053234524,22601.07847615624,0.04526401720165769,1.1230411439824408,420.4172446456188,341.9944612110107,0.1569919887035114,0.09962921903106559,48.3459,0.339612,23222.918,0.918846,23243.0,23980.5,0.2889410311481868,0.36994791059036164,0.49233899916662316,1.0,307.95564086129934,353.1918565760748,95.35661494844575,93.19041482982459,22601.07847615624,196.0,9089.0,22.164055263438854
208,10.4,140.45611132068956,200.40336534118617,434.94934225059006,185.7117173251534,0.9776153685529338,307.9287701866491,348.9974346478957,325.0959122179165,378.42221776611336,29.424783118217647,0.08431231922350482,96.30089846361577,96.30089846361577,36.39984130859375,97.01229574654793,95.49247307738047,93.2484522114708,96.30089846361577,40.0,0.6233766233766234,22601.07847615624,22216.0,385.07847615623905,9042.0,9578.0,706.0,0.07371058676132804,2,1,1.8,0.8825794032723773,71.85646126566344,4.089432767300374,0.6233766233766234,4.0,4.0,4.0,4.0,48.0,56.0,196.0,0.974025974025974,53,12.14951455186702,0.012987012987012991,118,348.9974346478957,22599.94078355954,0.11663148065993892,1.1902651863378404,420.4172446456188,341.9944612110107,0.16987840272328691,0.0996088968918799,48.4586,0.348106,23207.6465,0.918242,23247.0,23964.0,0.288903893009828,0.4198868864806542,0.5222660471012733,1.0,307.94038108306256,348.9974346478957,96.30089846361577,93.2484522114708,22599.94078355954,196.0,9089.0,23.21366210628338
209,10.45,140.4316645492554,200.3892019970817,435.01462025313305,185.85678420330117,0.9786943005181348,307.9249127361214,346.6141070736212,328.20938753305,371.64900489956426,25.034897825943062,0.07222700206089888,96.35646941318848,97.29797903333773,35.150390625,97.29797903333773,95.49931437054863,93.3044530906889,96.35646941318848,40.0,0.6493506493506493,22624.162013854064,22269.0,355.16201385406384,9136.0,9650.0,690.0,0.07150259067357513,2,1,1.75,0.8852621167161226,65.87323570568117,4.013865427979805,0.6493506493506493,4.0,4.0,4.0,4.0,48.0,56.0,196.0,0.974025974025974,59,12.511538428295122,0.025974025974025983,117,346.6141070736212,22592.860085102908,0.028253229015028674,0.15907739233324933,420.4172446456188,341.9944612110107,0.1755473604185962,0.09962017616966123,48.5714,0.356646,23192.1914,0.91763,23227.0,23947.0,0.28892450557305294,0.4418559106975304,0.5240272495843402,1.0,307.9287701866491,346.6141070736212,96.33023647155053,93.3044530906889,22592.860085102908,196.0,9136.0,23.408504171779896
210,10.5,140.50586053894088,200.3441970814747,435.5706485631095,185.72591348174242,0.9803564196030782,307.966731354475,334.0974229972423,323.6310071641589,360.5680866320095,26.47066363476722,0.07923037357575104,96.33023647155053,97.29521308998488,34.76275634765625,97.29521308998488,96.29676987546122,94.13255046596736,96.33023647155053,40.0,0.6493506493506493,22592.860085102908,22247.5,345.36008510290776,9391.0,9876.0,673.0,0.06814499797488861,2,1,1.8421052631578947,0.8938775510204081,55.58634421583844,3.956873268507439,0.6493506493506493,4.0,8.0,4.0,8.0,48.0,52.0,196.0,0.974025974025974,66,12.20518069176316,0.0,113,340.4396872136385,22590.13838595377,0.08677838045389138,0.5712220472430842,420.4172446456188,341.9944612110107,0.20531941243546714,0.09949789752747074,48.6842,0.36523,23176.5508,0.917012,23204.0,23931.5,0.288701044790184,0.49877044518841424,0.5231958525629443,1.0,307.9249127361214,346.6141070736212,96.35646941318848,94.13028386254746,22590.13838595377,196.0,9136.0,25.034897825943062
211,10.55,140.50806773006923,200.55940547237628,435.2380421577324,185.28507981836924,0.9794860994102781,307.95564086129934,337.39786777220985,309.99551932060467,360.61152987849323,23.21366210628338,0.06880204151721495,96.85979351431584,97.36952287118004,37.562744140625,97.43090262829907,96.31923559250403,94.19104014444842,96.85979351431584,44.0,0.6493506493506493,22584.029309884983,22234.5,349.5293098849834,9009.0,9496.0,657.0,0.06918702611625947,2,1,1.7894736842105263,0.897489539748954,47.83584148005003,4.310534509399498,0.6493506493506493,4.0,8.0,4.0,8.0,48.0,52.0,196.0,0.974025974025974,54,11.977364272979692,0.0,114,337.39786777220985,22584.029309884983,0.21521970915119357,0.5522330483236967,420.4172446456188,341.9944612110107,0.19746900949172108,0.09953032639528447,48.797,0.373855,23160.7344,0.916386,23183.0,23912.5,0.28876030763494076,0.5268093122302022,0.5399790312887908,1.0,307.92182012760765,346.6141070736212,96.85979351431584,94.13255046596736,22584.029309884983,196.0,9136.0,23.408504171779896
212,10.6,140.48178854907616,200.4839078011152,435.4447640941342,185.27039329432597,0.9803772029269298,307.94038108306256,337.1252188278354,300.8855154674658,359.28927409127425,22.164055263438854,0.06574428142902501,97.25586291388831,97.36211030852041,34.3751220703125,97.88815609184877,96.31368150158418,94.1902620390537,97.25586291388831,44.0,0.6493506493506493,22590.13838595377,22259.5,330.6383859537709,9227.0,9703.0,650.0,0.06698959084819128,2,1,1.7894736842105263,0.9140708915145005,43.13098632697831,4.214645332090155,0.6493506493506493,4.0,8.0,4.0,8.0,48.0,52.0,196.0,0.974025974025974,59,11.073176967087445,0.0,114,337.39786777220985,22584.029309884983,0.07994056366771539,0.20724298052810872,420.4172446456188,341.9944612110107,0.19811752937963456,0.09957494635252806,48.9098,0.382517,23144.7422,0.915753,23173.0,23907.0,0.28884184935309054,0.5268093122302022,0.552531604447202,1.0,307.92182012760765,346.6141070736212,97.25586291388831,94.1902620390537,22584.029309884983,196.0,9112.0,23.408504171779896
213,10.65,140.7803642049236,200.35129146444817,435.19397194945907,185.31851408392401,0.9815,307.9193974915083,340.4396872136385,302.78445718811827,363.8481913854184,23.408504171779896,0.06875962189769666,97.28218071518056,97.30639597683682,34.756591796875,98.00187109008928,96.25677266186146,94.13028386254746,97.28218071518056,44.0,0.6233766233766234,22599.94078355954,22238.5,361.44078355954116,9156.0,9600.0,621.0,0.0646875,2,1,1.7777777777777777,0.9402985074626866,49.902145216807895,4.109480735648973,0.6233766233766234,4.0,8.0,4.0,8.0,48.0,52.0,196.0,0.974025974025974,59,12.28075925341684,0.025974025974025983,115,337.39786777220985,22584.029309884983,0.32670248700569854,0.2553670108339979,420.4172446456188,341.9944612110107,0.19023377002386188,0.09963630287707514,49.0226,0.391213,23128.5781,0.915113,23156.0,23886.0,0.2889539766777305,0.5268093122302022,0.5533656909139831,1.0,307.9193974915083,340.4396872136385,97.28218071518056,94.19104014444842,22584.029309884983,196.0,9136.0,23.408504171779896
214,10.7,140.8596252738069,200.54367284877938,432.3031435509135,185.69215588581685,0.9795942720763724,303.95367996880503,333.47325730958573,303.99064933945556,363.2686258437253,29.795368534139584,0.08934859956844615,98.29867978320276,98.94990059544813,36.39984130859375,98.94990059544813,97.38431811118252,95.30370405234446,98.29867978320276,40.0,0.6447368421052632,22583.063672912485,22223.5,359.56367291248534,9543.0,10056.0,687.0,0.06831742243436754,2,1,1.8,0.9067554709800191,48.61880954539201,4.072554364889451,0.6447368421052632,4.0,4.0,4.0,4.0,52.0,52.0,192.0,1.0,63,14.322644673931208,0.0213602187286398,113,340.4396872136385,22583.063672912485,0.20806949338554928,2.9148751304231406,420.4172446456188,341.9944612110107,0.20680404632145977,0.11123215594633407,49.1353,0.399941,23112.248,0.914467,23158.0,23873.5,0.3101450723463702,0.49877044518841424,0.5855814564605737,1.0,303.95367996880503,337.39786777220985,98.29867978320276,95.30370405234446,22583.063672912485,192.0,9137.0,23.21366210628338
215,10.75,144.7956507013827,200.04807145336392,432.1358275743886,185.52291139448585,0.9760224789260068,299.9464598506935,375.6258616782082,588.4752275207584,408.29958866883305,32.67372699062486,0.08698476416039704,98.3019407130707,99.00367982837685,32.0,99.00367982837685,98.13886511992625,95.56913936593861,98.3019407130707,40.0,0.64,22484.360213991884,8763.0,13721.360213991884,9033.0,9609.0,745.0,0.07753148090331981,2,1,1.75,0.8981571290009699,41.64642270754108,4.205089685098494,0.64,4.0,4.0,4.0,4.0,48.0,52.0,192.0,0.9866666666666667,59,14.201239102181239,0.00473684210526315,127,340.4396872136385,22495.632870005727,3.967104348219367,0.2379880960181965,420.4172446456188,341.9944612110107,0.10654030855743435,0.12294936359911857,49.2481,0.408698,23095.7559,0.913815,23176.0,23875.0,0.3315579401066325,0.49877044518841424,0.5856848046636312,1.0,299.9636515498702,337.1252188278354,98.3019407130707,95.56913936593861,22495.632870005727,192.0,9156.0,22.164055263438854
216,10.8,144.8149099169226,200.18611643862405,431.46974795811667,185.72985875420903,0.9771132953957579,299.9636515498702,364.1690769671323,568.5088342720655,369.32721761016785,5.158140643035551,0.014164136850919646,98.73953242277256,99.18120513737918,36.39984130859375,99.29620521233278,98.15410961447394,95.62949583531841,98.73953242277256,40.0,0.64,22487.231409658576,8878.0,13609.231409658576,9112.0,9665.0,732.0,0.07573719606828763,2,1,1.75,0.9052319842053307,40.94015735833618,4.018584752766224,0.64,4.0,4.0,4.0,4.0,48.0,56.0,188.0,0.9733333333333334,60,12.69096377313925,0.0,123,340.4396872136385,22487.231409658576,0.13938197637673247,0.6974878242015118,420.4172446456188,341.9944612110107,0.13379129518319255,0.12289909465875082,49.3609,0.417481,23079.1055,0.913156,23152.0,23858.0,0.3314660750305462,0.49877044518841424,0.5995533387020496,1.0,299.9464598506935,337.39786777220985,98.73953242277256,95.62842619506182,22487.231409658576,188.0,9137.0,22.164055263438854
217,10.85,144.84519442436692,200.1156235384833,431.5928705728484,185.5991062431659,0.9777360066833751,299.9462647553081,347.94394521675747,333.37945241191886,369.95333450101526,22.009389284257793,0.06325556052009089,98.74178338449306,99.24090289143331,32.3936767578125,99.35954303922304,98.19817382213166,95.62842619506182,98.74178338449306,44.0,0.6533333333333333,22495.632870005727,22129.5,366.13287000572745,9043.0,9576.0,713.0,0.07445697577276525,2,1,1.75,0.898,39.281728979731184,4.073589175194551,0.6533333333333333,4.0,8.0,4.0,8.0,48.0,52.0,188.0,0.9733333333333334,59,12.469766194396733,0.013333333333333308,118,337.0102713902533,22484.360213991884,0.07672288029915714,0.17959787694310625,420.4172446456188,341.9944612110107,0.1723842215129664,0.1229499340627006,49.4737,0.426286,23062.3008,0.912491,23115.0,23841.5,0.3315589826128,0.5303820960948663,0.5996246781231307,1.0,299.9462647553081,337.1252188278354,98.74178338449306,95.62949583531841,22484.360213991884,188.0,9156.0,22.164055263438854
218,10.9,144.83831636783114,200.31704640594012,431.5066381924371,185.68580994326248,0.9798201798201798,299.9448700975786,337.0102713902533,328.7618554020496,353.4140757944332,16.40380440417988,0.04867449391530414,98.7716756084032,99.24106006221822,33.599853515625,99.41944510580811,98.21309863279323,95.6877913201282,98.7716756084032,44.0,0.64,22472.78372603991,22113.5,359.2837260399101,9505.0,10010.0,695.0,0.06943056943056942,2,1,1.7894736842105263,0.9158878504672897,38.7969525432141,4.009700280085787,0.64,4.0,8.0,4.0,8.0,48.0,52.0,188.0,0.9733333333333334,68,13.358424572831586,0.013333333333333308,114,342.5416845240576,22472.78372603991,0.20154026693500804,0.12228472938942302,420.4172446456188,341.9944612110107,0.19839094213576203,0.12295401207532275,49.5865,0.435111,23045.3477,0.91182,23058.0,23808.0,0.33156643506628464,0.4793946655789064,0.6005720482756965,1.0,299.9448700975786,337.0102713902533,98.7716756084032,95.6877913201282,22472.78372603991,188.0,9137.0,23.408504171779896
219,10.95,144.78771264318033,200.25428281358876,432.22967349154544,185.1426920955024,0.9795223260643822,299.9128329522439,334.4894699848802,328.4982156128999,356.166950026655,21.6774800417748,0.0648076605901964,99.30656067888856,99.30656067888857,34.76275634765625,99.92923712778178,98.65187098887085,95.75085584987838,99.30656067888856,52.0,0.64,22453.8770072468,22029.5,424.3770072467996,9137.0,9630.0,676.0,0.07019730010384216,2,1,1.7894736842105263,0.9172852598091198,36.302968203662374,4.124036584848269,0.64,4.0,8.0,4.0,8.0,48.0,52.0,188.0,0.9733333333333334,58,12.413067936063191,0.0,113,337.0102713902533,22453.8770072468,0.08062261142745818,0.9042991984471894,420.4172446456188,341.9944612110107,0.20438689362794682,0.12304768945600675,49.6992,0.443953,23028.25,0.911144,23060.0,23792.5,0.33173762784737687,0.5303820960948663,0.6175240874533179,1.0,299.9128329522439,335.8814160092882,99.30656067888856,95.75085584987838,22453.8770072468,188.0,9112.0,28.720739079496184
220,11.0,144.78459433907406,200.3470013786356,428.7157420107616,185.59806808716178,0.9792828685258964,297.95697327771904,331.32837926601894,328.3114727695036,352.3368061019061,21.008426835887178,0.06340666284737356,100.22660751644447,100.29689294905558,35.150390625,100.88517782614063,99.2166100436928,96.30376001312297,100.22660751644447,40.0,0.6351351351351351,22374.56540418358,22063.5,311.06540418358054,9282.0,9789.0,701.0,0.07161099192971702,2,1,1.75,0.9124015748031497,32.733583829914664,4.026544076069341,0.6351351351351351,4.0,4.0,4.0,4.0,48.0,52.0,188.0,0.9864864864864865,68,14.41027965178477,0.004864864864864926,112,335.8814160092882,22384.063513811154,0.09277098751682236,3.5433150784856338,420.4172446456188,341.9944612110107,0.21190583049155198,0.1287666700137593,49.812,0.452809,23011.0156,0.910462,23043.0,23770.5,0.3421889041271453,0.5407876532115048,0.6466830056884856,1.0,297.9667892306246,337.0102713902533,100.22660751644447,96.30376001312297,22384.063513811154,188.0,9043.0,28.720739079496184
221,11.05,144.78836791380309,200.5593541171422,427.8110455511288,185.59940424768394,0.9784514629766558,297.9667892306246,342.5416845240576,310.4372153900513,372.7525387732845,30.21085424922694,0.08819613966458775,100.28118604929865,100.43437688100182,35.150390625,100.9855311060233,99.30875703709346,97.18517637569605,100.28118604929865,40.0,0.6351351351351351,22384.063513811154,22052.5,331.5635138111538,8957.0,9467.0,682.0,0.07203971691137637,2,1,1.75,0.902,35.11498935600791,4.467157132796265,0.6351351351351351,4.0,4.0,4.0,4.0,52.0,52.0,184.0,1.0,55,15.644637274075679,0.0,116,335.68582311861667,22374.73496128649,0.21238626466294855,0.9046974463305347,420.4172446456188,341.9944612110107,0.1852339815109264,0.1287379679322379,49.9248,0.461676,22993.6484,0.909775,23048.0,23768.5,0.3421364518796239,0.5425905883171082,0.6484127556446053,1.0,297.95697327771904,335.8814160092882,100.28118604929865,97.18517637569605,22374.73496128649,184.0,9112.0,22.009389284257793
222,11.1,144.8180504805828,200.71351884486802,428.06996293004534,185.71267623417538,0.9784555748240334,295.9409499387223,335.8814160092882,320.5464419579332,364.6021550887844,28.720739079496184,0.08550856853212135,100.39791676666123,101.23856137173753,36.3565673828125,101.23856137173753,99.54168410147236,97.24590897111362,100.39791676666123,40.0,0.6486486486486487,22374.73496128649,22012.5,362.2349612864891,9275.0,9803.0,710.0,0.07242680811996327,2,1,1.6363636363636365,0.8779385171790235,31.823668567320073,4.172638257278912,0.6486486486486487,8.0,4.0,8.0,4.0,48.0,52.0,184.0,1.0,64,15.682891155738444,0.013513513513513598,114,335.68582311861667,22374.56540418358,0.15699623576828425,0.28261060140893285,420.4172446456188,341.9944612110107,0.20107602557451731,0.13466157056816574,50.0376,0.47055,22976.1543,0.909083,23057.0,23756.0,0.35296166925787215,0.5425905883171082,0.6521122862599701,1.0,295.9409499387223,335.8814160092882,100.39791676666123,97.24590897111362,22374.56540418358,184.0,9043.0,22.009389284257793
223,11.15,148.78912090351682,200.31442623479953,428.4446302956011,185.58207561894116,0.9755136268343816,291.97283537668795,325.91190264218153,302.3140052440268,357.05286991075127,31.14096726856974,0.09555026071803026,100.4366398488241,101.3056339076121,32.78131103515625,101.3056339076121,100.26581284872618,97.3139535212211,100.4366398488241,44.0,0.6438356164383562,22301.282344224506,21971.0,330.28234422450623,8956.0,9540.0,774.0,0.08113207547169811,2,1,1.7142857142857142,0.8842203548085901,30.083194506446645,4.205203081732494,0.6438356164383562,0.0,4.0,0.0,4.0,52.0,52.0,184.0,0.9863013698630136,57,13.434297341350673,0.0048130322102925005,110,335.68582311861667,22350.42614509179,3.9910744437197176,0.39677721143236366,420.4172446456188,341.9944612110107,0.22478940435256978,0.1462644326378706,50.1504,0.47943,22958.5371,0.908386,23045.0,23753.0,0.3741655736778908,0.5425905883171082,0.6533395315919582,1.0,291.9768177874821,335.68582311861667,100.43189028446461,97.3139535212211,22350.42614509179,184.0,9015.0,28.444506901095167
224,11.2,148.82206967944697,200.71455763593804,428.1873942418943,185.19835549357435,0.9766057441253264,291.92242274975376,335.68582311861667,266.37350072708637,374.5776536477472,38.891830529130516,0.11585782851302555,100.43189028446461,101.36674850009365,33.599853515625,101.36674850009365,100.32769925364117,97.37473132042983,100.43189028446461,40.0,0.6438356164383562,22273.248680819073,21959.5,313.74868081907334,9015.0,9575.0,761.0,0.07947780678851175,2,1,1.75,0.9131707317073171,27.104544511273733,4.243172525863362,0.6438356164383562,4.0,4.0,4.0,4.0,48.0,52.0,184.0,0.9863013698630136,67,13.697717961367355,0.0,114,335.8814160092882,22344.91241890163,0.40148569091857034,0.46196484924521447,420.4172446456188,341.9944612110107,0.20154126075019718,0.14641184036709431,50.2632,0.488311,22940.8047,0.907684,23031.0,23740.0,0.3744349571612463,0.5407876532115048,0.6531890043001316,1.0,291.97283537668795,335.68582311861667,100.4366398488241,97.37473132042983,22344.91241890163,184.0,9014.0,28.444506901095167
225,11.25,148.787737533393,200.36737560200285,427.99616830092714,185.13459464396715,0.9760878749471905,291.9645482068978,347.2001288767684,287.0450736009466,383.45482784461524,36.25469896784682,0.10442017716161242,100.43954365012144,101.37211675114729,33.98748779296875,101.37211675114729,100.33181014690838,97.38065221804257,100.43954365012144,48.0,0.6438356164383562,22308.168174611772,21957.0,351.168174611772,8902.0,9468.0,738.0,0.0779467680608365,2,1,1.75,0.9072781655034895,26.89304050760441,4.316315062077133,0.6438356164383562,4.0,4.0,4.0,4.0,48.0,52.0,184.0,0.9863013698630136,64,12.405325958210888,0.0,117,335.68582311861667,22338.108060565937,0.34887542323878606,0.20157580817502158,420.4172446456188,341.9944612110107,0.1741534551718188,0.14628866452092748,50.3759,0.497192,22922.9609,0.906978,22988.0,23696.0,0.3742098567633198,0.5425905883171082,0.6534315613682087,1.0,291.9692123350004,335.68582311861667,100.43954365012144,97.38065221804257,22338.108060565937,184.0,9014.0,28.444506901095167
226,11.3,148.7962832838128,200.46411984245842,428.2116056407756,185.3032152984131,0.9777346542743335,291.9692123350004,332.8926889825921,298.948079496955,350.5277720078583,17.63508302526617,0.052975278847858256,102.23923432572246,102.23923432572246,33.98748779296875,102.78333203693657,100.69967206055391,98.24764861555016,102.23923432572246,40.0,0.6301369863013698,22338.108060565937,22001.5,336.6080605659372,9246.0,9791.0,724.0,0.07394546011643346,2,1,1.7,0.9087221095334685,26.674403541649987,4.13506148139295,0.6301369863013698,4.0,4.0,4.0,4.0,48.0,56.0,180.0,0.9726027397260274,65,12.415284531031233,0.013698630136986356,113,335.68582311861667,22308.168174611772,0.09712094476250598,0.27358028530352835,420.4172446456188,341.9944612110107,0.20818497998768704,0.14627502649858615,50.4887,0.506069,22905.0156,0.906268,22950.0,23684.5,0.3741849336606865,0.5425905883171082,0.7104689111164543,1.0,291.9645482068978,335.8814160092882,102.23923432572246,98.24764861555016,22308.168174611772,180.0,8957.0,28.444506901095167
227,11.35,148.8056193535629,200.5442726752305,427.86766446630475,185.37831594034634,0.9772222222222222,291.92734371754466,356.5214098416594,510.4816096683367,353.44545275204393,3.0759570896154855,0.008627692488318161,102.2811858900881,102.30870424874661,35.19366455078125,102.89355962451171,101.63616569375252,98.2493853295287,102.2811858900881,40.0,0.6301369863013698,22350.42614509179,8817.5,13532.926145091791,8827.0,9360.0,701.0,0.07489316239316239,2,1,1.7894736842105263,0.928345626975764,27.08738645168046,4.48735010804334,0.6301369863013698,4.0,8.0,4.0,8.0,48.0,52.0,180.0,0.9726027397260274,59,13.411738067233555,0.0,121,335.68582311861667,22301.282344224506,0.08069472597244681,0.3520449373519892,420.4172446456188,341.9944612110107,0.15198195511180546,0.14639745133934956,50.6015,0.514939,22886.9707,0.905554,22930.0,23664.5,0.37440866161733977,0.5425905883171082,0.7117984762920974,1.0,291.92734371754466,335.8814160092882,102.2811858900881,98.2493853295287,22301.282344224506,180.0,8956.0,28.444506901095167
228,11.4,148.8251385318213,200.54940568914037,427.4465978725101,185.17740564605396,0.9786997164163429,291.9768177874821,334.82467715065536,326.3034830551453,363.2691840517505,28.444506901095167,0.08495343635707137,102.30297228199413,102.3670290464646,35.19366455078125,102.98063471617353,101.63188734768389,99.18101998345821,102.30297228199413,44.0,0.6301369863013698,22344.91241890163,21975.5,369.4124189016293,9014.0,9521.0,690.0,0.07247137905682176,2,1,1.736842105263158,0.9269602577873255,25.529513903856078,4.062642757784639,0.6301369863013698,4.0,8.0,4.0,8.0,48.0,52.0,180.0,0.9726027397260274,61,13.301838499931293,0.0,113,337.4290815128212,22274.174622721024,0.02018281822943336,0.46654262695115045,420.4172446456188,341.9944612110107,0.20358957341797845,0.14625278797327557,50.7143,0.523799,22868.8379,0.904837,22918.0,23647.5,0.3741442933805303,0.5265215903782874,0.7124889494226989,1.0,291.92242274975376,335.68582311861667,102.30297228199413,99.18101998345821,22274.174622721024,180.0,8902.0,26.888913403207823
229,11.45,148.814130898738,200.6208802366175,424.2379508265767,185.34433638575427,0.9769915254237288,289.96701672973904,343.69705350498725,313.47519968806773,364.56220103342685,20.865147528439593,0.06070796160647571,102.39658879308767,103.23730812581601,35.150390625,103.23730812581601,101.78478160083908,99.74481791374404,102.39658879308767,40.0,0.6527777777777778,22264.492513794372,21943.0,321.4925137943719,8897.0,9440.0,709.0,0.07510593220338983,2,1,1.75,0.9183266932270916,23.9574443929645,4.461197262728384,0.6527777777777778,4.0,4.0,4.0,4.0,52.0,52.0,176.0,1.0,61,14.822060507109596,0.022640791476407962,116,337.4290815128212,22273.248680819073,0.07231721042155893,3.212986420331397,420.4172446456188,341.9944612110107,0.18248583310444622,0.15212949442818802,50.8271,0.532646,22850.6191,0.904116,22899.0,23619.5,0.38488380930564214,0.5265215903782874,0.7154559246689699,1.0,289.96701672973904,335.68582311861667,102.39658879308767,99.74177855268866,22273.248680819073,176.0,8902.0,24.268118952699467
230,11.5,148.81117428559568,200.7278606063512,423.3339901736893,185.47027766071744,0.9767567567567568,287.9426292817885,329.58238140008933,292.44358841415533,352.0429895999023,22.460608199812953,0.06814869200349453,102.44468320108979,103.30583661274383,35.150390625,103.30583661274383,102.26721454897678,99.74574228083776,102.44468320108979,48.0,0.6527777777777778,22274.174622721024,21885.5,388.6746227210242,9061.0,9620.0,737.0,0.07661122661122662,2,1,1.6363636363636365,0.8854824165915239,24.381098882108386,4.589374295026273,0.6527777777777778,4.0,4.0,4.0,4.0,52.0,52.0,176.0,1.0,66,16.170629834817294,0.0,112,337.4290815128212,22264.492513794372,0.10702121784781986,0.9126916602599005,420.4172446456188,341.9944612110107,0.21605884250085095,0.15804885183760964,50.9398,0.541477,22832.3242,0.903392,22902.0,23605.0,0.3957012686517305,0.5265215903782874,0.7169801741454725,1.0,287.9426292817885,337.4290815128212,102.44468320108979,99.74481791374404,22264.492513794372,176.0,8897.0,24.22749924421464
231,11.55,148.84294563523756,200.88201220877536,423.9241154624864,185.23221399652977,0.9761920137767732,287.927176518358,337.4290815128212,332.6472993051758,364.317994916029,26.888913403207823,0.07968759919167231,102.44885996358953,103.37675617198403,35.19366455078125,103.37675617198403,102.29557797469514,99.74591447036731,102.44885996358953,48.0,0.6527777777777778,22263.07089068232,21876.5,386.57089068232017,8738.0,9291.0,718.0,0.07727908728877408,2,1,1.6363636363636365,0.8805834092980857,22.836014383908136,4.663983095708451,0.6527777777777778,4.0,4.0,4.0,4.0,52.0,52.0,176.0,1.0,62,14.937074097491976,0.0,114,334.82467715065536,22263.07089068232,0.1573916617486712,0.6363349469299197,420.4172446456188,341.9944612110107,0.1973947648192942,0.1580940360881843,51.0526,0.55029,22813.9609,0.902665,22848.0,23572.5,0.3957838416000876,0.5505284550327929,0.7171125477065199,1.0,287.927176518358,334.82467715065536,102.44885996358953,99.74563608180328,22263.07089068232,176.0,8897.0,24.22749924421464
232,11.6,152.7807937325972,200.25154406430931,423.8923622716268,185.49012551137807,0.9741403026134801,283.95840065545895,339.424934780169,332.6476523800084,369.3516027258469,29.926667945677877,0.08816873741188196,103.40015311199744,104.17229981863224,32.3936767578125,104.17229981863224,102.31956560761573,99.74177855268866,103.40015311199744,40.0,0.6197183098591549,22194.797956724957,21840.5,354.29795672495675,8840.0,9451.0,786.0,0.0831658025605756,2,1,1.5909090909090908,0.88,21.321972613928104,4.109329562768057,0.6197183098591549,4.0,4.0,4.0,4.0,48.0,52.0,176.0,0.9859154929577465,65,14.40125625638976,0.03305946791862291,115,337.4290815128212,22201.367634195278,3.9879992125206676,0.2598588359496607,420.4172446456188,341.9944612110107,0.19264744940165435,0.1696988318174646,51.1654,0.559081,22795.5352,0.901936,22828.0,23558.0,0.4169912797286493,0.5265215903782874,0.7472617509859841,1.0,283.9792842047618,334.82467715065536,103.40015311199744,99.74574228083776,22201.367634195278,176.0,8868.0,24.268118952699467
233,11.65,152.8224572490771,200.74337668565457,423.92635196622234,185.26840136203967,0.9748098055790364,283.9570274826677,334.23637755923045,331.85670348318075,358.5044965119299,24.268118952699467,0.07260765309245515,104.04440937647513,104.30305898074855,32.78131103515625,104.82638491090466,102.33137551087437,99.74563608180328,104.04440937647513,44.0,0.6197183098591549,22177.47173425416,21792.5,384.97173425415895,8868.0,9464.0,767.0,0.08104395604395605,2,1,1.6666666666666667,0.8932692307692308,21.19913221054756,4.360902489718815,0.6197183098591549,4.0,4.0,4.0,4.0,48.0,52.0,176.0,0.9859154929577465,67,14.609420525188172,0.0,113,334.23637755923045,22198.26643616189,0.493594140995225,0.22431428340285514,420.4172446456188,341.9944612110107,0.2049888965877995,0.1697028470076124,51.2782,0.567847,22777.0527,0.901205,22819.0,23543.0,0.41699861737582733,0.5559512798724402,0.7676800764141805,1.0,283.9675753905247,334.23637755923045,104.04440937647513,99.74591447036731,22198.26643616189,176.0,8897.0,24.268118952699467
234,11.7,152.84596549688393,200.71800441001596,423.6363064731811,185.2421344685531,0.9765569301740407,283.9675753905247,334.17142597267053,289.1217228737077,351.839272461887,17.66784648921646,0.052870608065279,104.28201061252857,104.36875679524891,32.78131103515625,104.89943317963447,102.79885667139908,99.8120584975052,104.28201061252857,44.0,0.647887323943662,22168.324572701706,21784.5,383.8245727017056,8979.0,9538.0,749.0,0.0785279932899979,2,1,1.7,0.922920892494929,20.135360665402906,4.251717697191794,0.647887323943662,4.0,4.0,4.0,4.0,48.0,56.0,172.0,0.971830985915493,64,12.471533829904587,0.028169014084507116,113,334.23637755923045,22194.797956724957,0.03458887228616431,0.2912324462126003,420.4172446456188,341.9944612110107,0.20514338974284274,0.1696720046722726,51.391,0.576586,22758.5273,0.900472,22809.0,23526.0,0.4169422538745889,0.5559512798724402,0.7752103398006202,1.0,283.96708975333524,334.17142597267053,104.28201061252857,99.8120584975052,22194.797956724957,176.0,8892.0,24.268118952699467
235,11.75,152.8475603348951,200.74122072575426,424.1372638515712,185.10012502213644,0.975078556723372,283.96708975333524,341.73382778523205,310.9252766569792,365.9613270294467,24.22749924421464,0.07089581795642658,104.32879013726341,104.43563237196092,33.599853515625,104.96596556059296,103.32768335199545,100.31100771685436,104.32879013726341,44.0,0.647887323943662,22178.058133051716,21829.5,348.55813305171614,8654.0,9229.0,728.0,0.07888178567558782,2,1,1.7,0.9176954732510288,20.53594842801425,4.280028469761577,0.647887323943662,4.0,4.0,4.0,4.0,48.0,56.0,172.0,0.971830985915493,63,14.19563243747997,0.0,116,334.17142597267053,22179.835284033074,0.023271029731021107,0.5206966274473799,420.4172446456188,341.9944612110107,0.1871555409833655,0.16967342468705227,51.5038,0.585295,22739.957,0.899737,22790.0,23508.0,0.41694484891169964,0.556549990261,0.7766929168620738,1.0,283.95840065545895,333.23454301114435,104.32879013726341,100.31100771685436,22179.835284033074,172.0,8892.0,26.888913403207823
236,11.8,152.8254751466999,200.76389442995804,423.78427444412125,185.0359484737519,0.9775641702756945,283.93463437959633,333.23454301114435,286.711200728251,364.94792263060685,31.7133796194625,0.09516834399248313,104.353720768525,104.44456722384035,33.98748779296875,105.02283116408486,103.44701195137114,100.70853715973367,104.353720768525,52.0,0.647887323943662,22201.367634195278,21826.0,375.3676341952778,8936.0,9467.0,712.0,0.07520861941480934,2,1,1.736842105263158,0.9358288770053476,20.55141485586626,4.356677476864742,0.647887323943662,4.0,8.0,4.0,8.0,48.0,52.0,172.0,0.971830985915493,68,14.102211693107622,0.0,113,333.23454301114435,22178.058133051716,0.0316520520652024,0.3587759065690368,420.4172446456188,341.9944612110107,0.20737184962040056,0.16976832497761252,51.6165,0.593969,22721.3613,0.899001,22793.0,23487.0,0.41711827652622974,0.5651859850324752,0.7774830399393279,1.0,283.958204799357,333.23454301114435,104.353720768525,100.70853715973367,22178.058133051716,172.0,8868.0,29.398165174423298
237,11.85,152.84794418470005,200.78141191407374,423.8671057097173,185.08857517440316,0.9773955773955774,283.9792842047618,322.6267759249482,328.52290207382845,359.7343699864776,37.10759406152937,0.11501709352903061,104.97547317387091,105.2312805819875,33.98748779296875,105.30362476512659,103.83726479024602,100.74307181198691,104.97547317387091,48.0,0.6338028169014085,22179.835284033074,21803.5,376.33528403307355,8832.0,9361.0,696.0,0.07435103087277001,2,1,1.736842105263158,0.9386637458926615,19.64032535283421,4.383570356449474,0.6338028169014085,4.0,8.0,4.0,8.0,48.0,48.0,176.0,0.9859154929577465,58,13.449156808028123,0.014084507042253502,109,322.6267759249482,22177.47173425416,0.02849069880499215,0.09813556023012657,420.4172446456188,341.9944612110107,0.23260337192662217,0.16963776781885798,51.7293,0.602607,22702.7402,0.898265,22747.0,23456.0,0.41687968698694633,0.6629662039663172,0.7971881536465402,1.0,283.9570274826677,322.6267759249482,104.97547317387091,100.70853715973367,22177.47173425416,172.0,8892.0,29.398165174423298
238,11.9,152.85156873946642,200.88579981012475,423.503929169762,185.02322835548145,0.9803756543159191,283.958204799357,321.0497643701934,289.2130333498069,339.3186194491659,18.268855078972535,0.056903499414836,105.23300664640661,105.30065993849385,33.599853515625,105.63892639893004,103.85907375948827,100.74331663490106,105.23300664640661,48.0,0.647887323943662,22198.26643616189,21830.0,368.26643616189176,9265.0,9743.0,677.0,0.06948578466591399,2,1,1.6842105263157894,0.9366666666666666,19.171441327518497,4.065208468396316,0.647887323943662,4.0,8.0,4.0,8.0,48.0,52.0,172.0,0.971830985915493,70,13.025674601338077,0.014084507042253502,109,321.0497643701934,22168.324572701706,0.10445080296106157,0.3690086800023732,420.4172446456188,341.9944612110107,0.2363544348880955,0.1696994045054001,51.8421,0.611206,22684.1055,0.897527,22711.0,23426.0,0.4169923262997602,0.6775027726741453,0.8053501266700395,1.0,283.93463437959633,321.0497643701934,105.23300664640661,100.74307181198691,22168.324572701706,172.0,8892.0,29.398165174423298
239,11.95,152.83165193270423,200.86103806254988,419.9177906929649,185.00805022346591,0.9761023580416622,279.9873397451563,310.07302898137755,310.4619064212803,339.84880293349534,29.775773952117788,0.0960282616322172,105.37733543276732,106.23087581370353,35.150390625,106.23087581370353,103.90024390256451,101.37283103262703,105.37733543276732,40.0,0.6571428571428571,22091.199318642608,21743.5,347.699318642608,8892.0,9457.0,745.0,0.07877762503965317,2,1,1.6363636363636365,0.8925318761384335,18.956576449202327,4.426695087087293,0.6571428571428571,4.0,4.0,4.0,4.0,52.0,52.0,168.0,1.0,64,15.934195422040629,0.009255533199195143,105,319.8448637755279,22091.199318642608,0.031777717579520436,3.5861705969538074,420.4172446456188,341.9944612110107,0.2624635812863799,0.18131030908011092,51.9549,0.619762,22665.4648,0.89679,22714.0,23409.5,0.4382109281717025,0.6886092989564971,0.8099243191009954,1.0,279.9873397451563,319.8448637755279,105.37733543276732,100.74331663490106,22091.199318642608,168.0,8892.0,29.398165174423298
240,12.0,156.8583882516542,200.97592163332564,420.08368737969323,185.02119276200003,0.9745840266222962,275.93842934227894,310.782007382836,317.6998942537259,340.1801725572593,29.398165174423298,0.0945941672170527,106.04367115480359,106.30041449701736,33.55657958984375,106.80203396542336,104.35148379514688,100.81423154402398,106.04367115480359,40.0,0.6231884057971014,21980.72078209221,21632.5,348.22078209220854,9005.0,9616.0,819.0,0.08517054908485856,2,1,1.5909090909090908,0.8944444444444445,18.12758966926269,4.53191491139845,0.6231884057971014,4.0,4.0,4.0,4.0,48.0,52.0,168.0,0.9855072463768116,62,14.022819349572853,0.0339544513457557,105,317.7958792338349,22032.84518117305,4.028374810911323,0.16641645647759315,420.4172446456188,341.9944612110107,0.2607772127786939,0.1931494201246,52.0677,0.628273,22646.8262,0.896052,22678.0,23397.5,0.45984657095511444,0.7074964177488692,0.8310424057493243,1.0,275.98941527832903,317.7958792338349,106.04033605204488,100.81022089859131,22032.84518117305,168.0,8892.0,29.398165174423298
241,12.05,156.8644334910778,200.77860895499754,419.22006746726885,185.17724286875554,0.9732767762460233,275.92806645140104,299.3782548293966,267.2118667793726,345.14092661175414,45.76267178235753,0.1528590371683334,106.04033605204488,106.29875332215144,32.0,106.81943245240446,105.30107771375533,100.81153747597283,106.04033605204488,44.0,0.6231884057971014,22031.563678211598,21643.0,388.563678211598,8800.0,9430.0,805.0,0.08536585365853659,2,1,1.5909090909090908,0.889934148635936,18.125444190416214,4.608751982315656,0.6231884057971014,4.0,4.0,4.0,4.0,48.0,52.0,168.0,0.9855072463768116,59,14.679899474649066,0.0,101,312.9352298402185,22032.526855025313,0.19740526322440888,0.8776052580484616,420.4172446456188,341.9944612110107,0.28790205767665233,0.19317972146585927,52.1805,0.636735,22628.1992,0.895315,22674.0,23394.5,0.45990194580487115,0.7523008858340456,0.830936706795013,1.0,275.93842934227894,312.9352298402185,106.04367115480359,100.81153747597283,22032.526855025313,168.0,8926.0,29.398165174423298
242,12.1,156.81884383387293,200.76443199315813,420.22749092675485,184.97856089184637,0.9761845900288422,275.9278813602498,319.8448637755279,313.6232038245536,344.6345124734917,24.7896486979638,0.07750522676944269,106.27829034960763,106.4349169627186,32.0,106.95590587147498,105.40659402453757,100.38074683027963,106.27829034960763,48.0,0.6231884057971014,22032.457605830183,21676.0,356.45760583018273,9130.0,9708.0,788.0,0.08117016893283889,2,1,1.619047619047619,0.9084712755598832,16.44756668170591,4.362790881857906,0.6231884057971014,4.0,4.0,4.0,4.0,48.0,52.0,168.0,0.9855072463768116,77,14.335961240431242,0.0,108,310.782007382836,22032.457605830183,0.04774309469496616,1.0268283959217765,420.4172446456188,341.9944612110107,0.23922039866577327,0.19318026267682098,52.2932,0.645146,22609.5977,0.894579,22644.0,23373.5,0.459902934852697,0.7721488483303284,0.8384781597114438,1.0,275.92806645140104,312.8088709749303,106.27773715282646,100.81423154402398,22032.457605830183,168.0,8926.0,29.398165174423298
243,12.15,156.84629400080792,200.7719238541643,419.3519801280193,185.02689187760808,0.974048927686173,275.9232381046306,317.7958792338349,308.1802387618383,353.8367445214969,36.04086528766197,0.11340885028009763,106.27773715282646,106.43192342660562,32.756591796875,106.96041131011367,105.40400609107375,100.81022089859131,106.27773715282646,48.0,0.6231884057971014,22032.84518117305,21626.0,406.84518117304833,8677.0,9279.0,768.0,0.08276753960556095,2,1,1.619047619047619,0.9067460317460317,16.250939773519846,4.3243050923600235,0.6231884057971014,4.0,4.0,4.0,4.0,48.0,52.0,168.0,0.9855072463768116,59,15.477252399635445,0.0,108,312.8088709749303,22031.563678211598,0.02845416746443755,0.8768437961731008,420.4172446456188,341.9944612110107,0.2440940915691654,0.19319383966752046,52.406,0.653503,22591.0234,0.893844,22644.0,23352.5,0.4599277464217198,0.7534656359093173,0.838460627321731,1.0,275.9278813602498,310.782007382836,106.27829034960763,101.37283103262703,22031.563678211598,168.0,8967.0,27.27054598792472
244,12.2,156.43513681798663,201.03048263594954,419.17448089712735,184.98666916930105,0.9739604489577766,275.86381354519796,312.9352298402185,294.79404748011433,340.2057758281432,27.27054598792472,0.08714437809334788,106.41765541237723,107.08896050935533,33.98748779296875,107.08896050935533,105.51031630978548,101.74107334836235,106.41765541237723,48.0,0.6376811594202898,22029.98328351817,21624.5,405.4832835181696,8746.0,9355.0,776.0,0.08295029396044895,2,1,1.619047619047619,0.9000979431929481,8.73575908859846,4.628657908696301,0.6376811594202898,4.0,4.0,4.0,4.0,48.0,52.0,168.0,0.9855072463768116,62,14.941872211575294,0.01449275362318836,106,312.8088709749303,22029.98328351817,0.4856983350020901,0.18199956931484004,420.4172446456188,341.9944612110107,0.2556555806743842,0.19336759850332808,52.5188,0.661803,22572.4863,0.893111,22602.0,23317.5,0.46024528581195506,0.7534656359093173,0.8428950375314176,1.0,275.9232381046306,310.16824334436933,106.41765541237723,101.74051901806354,22029.98328351817,168.0,8967.0,29.398165174423298
245,12.25,156.3538365699403,200.76358428091396,418.7735727345987,185.01308311981316,0.9753574432296047,275.98941527832903,310.16824334436933,297.10585301250615,336.85400335320975,26.68576000884042,0.08603640308596042,106.9919031618737,107.37048922749617,33.98748779296875,107.58694737323587,105.52000746564768,101.74051901806354,106.9919031618737,48.0,0.6231884057971014,22017.35913887637,21614.0,403.3591388763707,8926.0,9512.0,759.0,0.07979394449116906,2,1,1.619047619047619,0.8987090367428004,8.451169715507058,4.534910852892293,0.6231884057971014,4.0,8.0,4.0,8.0,48.0,48.0,168.0,0.9855072463768116,60,12.976382384709328,0.01449275362318836,105,312.8088709749303,22017.35913887637,0.27900620468565007,0.40177736566879363,420.4172446456188,341.9944612110107,0.2622371054122229,0.19300033602578293,52.6316,0.670042,22554.0039,0.89238,22574.0,23295.0,0.45957412395342884,0.7534656359093173,0.8610945926962152,1.0,275.86711357725085,310.16824334436933,106.9919031618737,101.74107334836235,22017.35913887637,168.0,8968.0,29.398165174423298
246,12.3,156.40829854350227,200.84305222357565,419.579222308413,184.99789305085227,0.9767046037116784,275.86711357725085,312.8088709749303,285.34958560834076,338.0773682208769,25.268497245946605,0.0807793499180262,107.41792373150284,107.50976499280006,33.599853515625,108.1540307427811,105.94682025106202,102.27499320676368,107.41792373150284,48.0,0.6376811594202898,22032.526855025313,21665.0,367.5268550253131,9185.0,9753.0,747.0,0.07659181790218395,2,1,1.5714285714285714,0.8960244648318043,7.209417725592534,4.2795965573027575,0.6376811594202898,4.0,8.0,4.0,8.0,48.0,48.0,168.0,0.9855072463768116,63,12.88798290665648,0.01449275362318836,106,310.16824334436933,22017.35913887637,0.0963392987059044,0.8057927611875364,420.4172446456188,341.9944612110107,0.25595613653144633,0.19335794913052473,52.7444,0.678218,22535.5781,0.891651,22559.0,23274.0,0.46022765185428105,0.7778063992142545,0.8745964041793299,1.0,275.86381354519796,310.16824334436933,107.41792373150284,102.27499320676368,22017.35913887637,168.0,8967.0,27.27054598792472
247,12.35,156.43297637713505,201.11322809442578,416.26943367059874,184.9867847602009,0.975070584544599,273.9862800413969,309.72158242442555,292.62261658762895,340.80127015839645,31.0796877339709,0.1003471811382553,107.52136040983348,108.22164452757906,33.599853515625,108.69921138010102,106.92944259142219,103.34680080330551,107.52136040983348,40.0,0.6323529411764706,21929.739169214823,21575.0,354.73916921482305,8967.0,9563.0,770.0,0.08051866569068283,2,1,1.6666666666666667,0.9032567049808429,7.230479962451727,4.546686701369032,0.6323529411764706,8.0,4.0,8.0,4.0,44.0,48.0,168.0,1.0,64,14.45581389240799,0.005328218243819238,105,309.72158242442555,21934.80014090571,0.2713005651716013,3.3098072785474524,420.4172446456188,341.9944612110107,0.2632995283399986,0.1988575514609071,52.8571,0.686328,22517.2227,0.890924,22546.0,23271.5,0.47027802058752805,0.7819236278625087,0.8778746086389775,1.0,273.9862800413969,312.8088709749303,107.52136040983348,102.38648895572942,21934.80014090571,168.0,8967.0,27.27054598792472
248,12.4,156.43013773250286,201.09751343183075,415.69323761754,184.99561082949052,0.9756485355648535,273.97513140217586,306.2144823726537,298.19410345350263,333.4193877744057,27.204905401752,0.08884264777733294,107.52450857654125,108.29578043345487,33.599853515625,108.76586650859998,107.43415284201069,103.34762268997602,107.52450857654125,40.0,0.6323529411764706,21934.80014090571,21583.5,351.3001409057106,8978.0,9560.0,759.0,0.07939330543933054,2,1,1.6666666666666667,0.9021526418786693,7.120662299842996,4.790965243124569,0.6323529411764706,8.0,4.0,8.0,4.0,44.0,48.0,168.0,1.0,67,15.578495198662747,0.0,104,309.72158242442555,21929.739169214823,0.01596898631170804,0.5762636471786202,420.4172446456188,341.9944612110107,0.271641479333774,0.19889015034915103,52.9699,0.694369,22498.9492,0.890201,22515.0,23247.0,0.4703375941398439,0.7819236278625087,0.8779743830546654,1.0,273.97513140217586,312.8088709749303,107.52450857654125,102.38732614511818,21929.739169214823,168.0,8926.0,27.27054598792472
249,12.45,160.36531219199804,200.7349500935888,415.7935803524179,184.9913597969834,0.9714611162887026,267.96397285053223,300.2349997493068,285.1610468716564,341.1776094227332,40.94260967342643,0.13636854366617185,108.08161711711732,108.29588802625938,32.0,108.77441033913294,107.49501318678082,102.38648895572942,108.08161711711732,40.0,0.6417910447761194,21844.216858415555,21509.0,335.2168584155552,8968.0,9657.0,878.0,0.09091850471160816,2,1,1.565217391304348,0.8731277533039647,7.512230237109787,4.773986762279749,0.6417910447761194,4.0,4.0,4.0,4.0,44.0,48.0,168.0,0.9850746268656716,65,16.034259914273456,0.009438103599648806,102,309.72158242442555,21888.64988826547,3.951841368387702,0.10043274227142492,420.4172446456188,341.9944612110107,0.2858642132950967,0.21646692200316542,53.0827,0.702338,22480.7617,0.889482,22527.0,23253.5,0.5024586504727747,0.7819236278625087,0.8956307476218485,1.0,267.96397285053223,312.8088709749303,108.08161711711732,102.38861436821851,21888.64988826547,168.0,8967.0,27.204905401752
250,12.5,160.45405127086985,200.7993738650005,415.5587520718065,184.9388667905116,0.9716642606723036,267.9255505400138,295.6400451651311,305.16067501628135,326.2477883775853,30.60774321245424,0.103530437479666,108.14169925600348,108.37140209320897,31.5751953125,108.83869323585563,107.49916169699705,102.38861436821851,108.14169925600348,48.0,0.6268656716417911,21879.887090087046,21525.0,354.8870900870461,9011.0,9698.0,879.0,0.09063724479274077,2,1,1.565217391304348,0.8616740088105727,6.2869274239732515,4.8995654180106,0.6268656716417911,4.0,4.0,4.0,4.0,48.0,48.0,164.0,1.0,63,15.808322068564893,0.01492537313432829,100,309.72158242442555,21888.64988826547,0.10965877275404837,0.24062384982239815,420.4172446456188,341.9944612110107,0.29679372354401357,0.21657926975985842,53.1955,0.710232,22462.6758,0.888766,22506.0,23225.0,0.5026639628414307,0.7819236278625087,0.8975349226091018,1.0,267.9494707066095,311.5420324976546,108.14169925600348,102.39000173947858,21888.64988826547,164.0,8967.0,26.68576000884042
251,12.55,160.45904876945892,200.80440240893776,415.79227097922006,185.00275766288544,0.9708097727515204,267.9010915590203,320.3791534905792,290.2780372846447,334.97176180199364,14.592608311414438,0.0455479332922438,108.20358920860863,108.37225780599383,35.96893310546875,108.90820141126665,107.52891481906786,102.39000173947858,108.20358920860863,48.0,0.6268656716417911,21848.418139326386,21459.5,388.91813932638615,8689.0,9373.0,862.0,0.09196628614104342,2,1,1.5909090909090908,0.869683257918552,6.533470669088603,4.778429620804599,0.6268656716417911,4.0,4.0,4.0,4.0,48.0,52.0,160.0,0.9850746268656716,60,14.0929154304275,0.0,109,316.1501347344258,21879.887090087046,0.0070895166462005615,0.24210147395732529,420.4172446456188,341.9944612110107,0.23794954281517267,0.2166507884064086,53.3083,0.718048,22444.6992,0.888055,22493.0,23198.5,0.5027946611585001,0.7226665526277537,0.8994963923886036,1.0,267.9255505400138,311.5420324976546,108.20358920860863,103.31010819947771,21879.887090087046,160.0,8967.0,27.204905401752
252,12.6,160.44461542928616,200.8038215958985,414.83960329423576,184.9616159098896,0.971222104144527,267.9494707066095,348.44738402779717,259.4037749768802,377.2147207598374,28.767336732040235,0.08255862448875592,108.35561822763752,109.29305858259329,30.36279296875,109.29305858259329,107.5227669887467,102.38732614511818,108.35561822763752,44.0,0.6268656716417911,21871.551895218556,21495.0,376.5518952185557,8733.0,9410.0,849.0,0.0902231668437832,2,1,1.5909090909090908,0.8673376029277219,5.860860760885473,4.688788731987991,0.6268656716417911,4.0,4.0,4.0,4.0,48.0,52.0,160.0,0.9850746268656716,63,15.068231371645833,0.0,118,316.1501347344258,21871.551895218556,0.014445021714386889,0.9535556417183678,420.4172446456188,341.9944612110107,0.17118674729550398,0.21650932661951916,53.4211,0.725783,22426.8438,0.887348,22478.0,23183.0,0.502536143717694,0.7226665526277537,0.9043146272373992,1.0,267.90866518157566,309.72158242442555,108.35561822763752,103.34680080330551,21871.551895218556,160.0,8786.0,28.767336732040235
253,12.65,160.58488362895542,200.88130456332607,415.81587391081246,184.9594607115074,0.9717036235803136,267.90866518157566,336.2021018643119,303.05052713810926,346.2109175801475,10.008815715835624,0.029770235404046018,108.41727180859759,109.36876602174686,34.3751220703125,109.36876602174686,107.52659368994807,103.31010819947771,108.41727180859759,44.0,0.6268656716417911,21855.904262982767,21477.5,378.40426298276725,8591.0,9245.0,834.0,0.09021092482422931,2,1,1.619047619047619,0.896817743490839,6.020288435979779,4.5262014758564755,0.6268656716417911,4.0,4.0,4.0,4.0,48.0,52.0,160.0,0.9850746268656716,61,14.066717154505438,0.0,114,316.1501347344258,21871.551895218556,0.16024599239867615,0.9762729954634174,420.4172446456188,341.9944612110107,0.20031324560031816,0.21662864295256545,53.5338,0.733434,22409.1211,0.886647,22442.0,23170.5,0.5027541909638356,0.7226665526277537,0.9062686057227725,1.0,267.90866518157566,306.2144823726537,108.41727180859759,103.34762268997602,21871.551895218556,160.0,8786.0,27.204905401752
254,12.7,160.66012633216351,200.88018658196,415.53507466431245,184.8735515355697,0.9746767352849901,267.902016207722,316.1501347344258,301.86921281505545,339.23868750026065,23.088552765834834,0.07303034295787919,108.4502493159938,109.60233200646348,30.756591796875,109.60233200646348,108.07803917288228,103.38775883108514,108.4502493159938,44.0,0.6268656716417911,21888.64988826547,21501.0,387.6498882654705,9055.0,9667.0,812.0,0.08399710354815351,2,1,1.619047619047619,0.8876953125,6.696117359014432,4.467731421305938,0.6268656716417911,4.0,8.0,4.0,8.0,48.0,48.0,160.0,0.9850746268656716,70,14.120296821319693,0.0,107,316.1501347344258,21869.988360818195,0.07525100842112098,0.2936470727680902,420.4172446456188,341.9944612110107,0.24800864198394756,0.21664808471144692,53.6466,0.740998,22391.541,0.885952,22425.0,23146.5,0.502789720231925,0.7226665526277537,0.9073137573417055,1.0,267.9029379180247,302.2821637216006,108.4502493159938,103.38586237336045,21869.988360818195,160.0,8785.0,28.767336732040235
255,12.75,160.71467683767787,200.94902575794615,415.43738066802075,184.85774379535206,0.974629570408272,267.9029379180247,311.5420324976546,289.8123441622763,320.9035337220783,9.361501224423705,0.030048918758640318,109.15502405584631,109.60518876799136,32.0,110.05353234888153,108.50246658572631,103.38853601775573,109.15502405584631,44.0,0.6268656716417911,21890.317225246297,21468.0,422.3172252462973,8786.0,9381.0,783.0,0.08346658138791174,2,1,1.65,0.9033570701932858,6.904476274671225,4.497238256282073,0.6268656716417911,4.0,8.0,4.0,8.0,48.0,48.0,160.0,0.9850746268656716,62,13.94527202572376,0.0,105,311.5420324976546,21869.988360818195,0.08783273764561157,0.09896464804277454,420.4172446456188,341.9944612110107,0.25896942509991017,0.21664538960843427,53.7594,0.748473,22374.1172,0.885262,22416.0,23131.0,0.5027847950068954,0.7651430928760174,0.9296500865096452,1.0,267.902016207722,311.5420324976546,109.15502405584631,103.38775883108514,21869.988360818195,160.0,8733.0,23.088552765834834
256,12.8,159.50965311004174,201.12875538639562,414.6657643262091,184.95653789051482,0.975869076906621,267.9016263072678,296.86829055353485,289.88702196028004,338.6389482801351,41.770657726600234,0.1407043428205669,109.36952611174388,109.4467669804296,31.9627685546875,110.05757509840996,108.49996108366639,104.30722293601356,109.36952611174388,48.0,0.6268656716417911,21869.988360818195,21471.5,398.48836081819536,8785.0,9349.0,760.0,0.08129211680393625,2,0,1.619047619047619,0.8961165048543689,7.147058086062708,4.6076782491869785,0.6268656716417911,8.0,4.0,8.0,4.0,44.0,52.0,160.0,0.9850746268656716,66,15.022048757825289,0.0,101,302.2821637216006,21855.904262982767,1.218353365616341,0.7779151960141932,420.4172446456188,341.9944612110107,0.2938722320874986,0.21664922478971838,53.8722,0.755854,22356.8555,0.884579,22406.0,23123.5,0.5027918036929326,0.8504986619476123,0.9364482707475346,1.0,267.9016263072678,311.5420324976546,109.36952611174388,103.38853601775573,21855.904262982767,160.0,8694.0,23.088552765834834
257,12.85,163.55777291271735,201.15631003898895,414.26296922628234,184.92171439601051,0.9724935732647815,263.9140584986452,291.4573316580523,311.02296877720147,334.100117096461,42.64278543840874,0.14630884457708104,109.52478024278977,110.13404355720758,30.756591796875,110.66576176556197,109.36969003066298,104.30720070092562,109.52478024278977,48.0,0.6363636363636364,21753.789959256806,21387.5,366.28995925680647,8694.0,9336.0,836.0,0.0895458440445587,2,0,1.619047619047619,0.895771878072763,8.006535148412052,4.671211956220245,0.6363636363636364,4.0,8.0,4.0,8.0,44.0,48.0,160.0,0.9696969696969697,64,15.118770223681599,0.009497964721845276,99,302.2821637216006,21855.904262982767,4.048213580790173,0.4042976234094311,420.4172446456188,341.9944612110107,0.3067426815383616,0.22830896861861705,53.985,0.76314,22339.7734,0.883903,22393.0,23102.0,0.5240996579296382,0.8504986619476123,0.9413687186291503,1.0,267.9016263072678,302.2821637216006,109.52478024278977,103.47093209819887,21855.904262982767,160.0,8733.0,24.98769921706986
258,12.9,160.51249847394374,201.17559542404064,415.4033241480103,184.5276548286426,0.9778124026176379,267.9112810944135,302.2821637216006,287.193377411687,311.1573099999537,8.8751462783531,0.029360469599281538,110.0753550533101,110.28993793975124,35.19366455078125,110.75652691290772,109.41786881585558,103.38586237336045,110.0753550533101,48.0,0.6119402985074627,21873.95306791788,21514.5,359.4530679178788,9093.0,9627.0,731.0,0.07593227381323361,2,0,1.6,0.9084210526315789,7.2675727450651815,4.632440748351936,0.6119402985074627,8.0,8.0,8.0,8.0,44.0,48.0,160.0,0.9850746268656716,70,12.725027565485325,0.024423337856173677,102,301.4258416015386,21791.797554849345,3.0453355042629644,1.2065207375521605,420.4172446456188,341.9944612110107,0.28099485077877207,0.21662099396074097,54.0977,0.770327,22322.873,0.883235,22374.0,23077.0,0.5027402126461944,0.8583920634238302,0.9588180105857999,1.0,263.91805509681035,301.4258416015386,109.61264733870135,104.30606115523176,21791.797554849345,160.0,8785.0,24.98769921706986
259,12.95,164.51542143465545,200.96811188534417,412.3368866382072,184.79299895124308,0.971554032344436,261.96178133718746,294.93214931815197,302.11497913121343,331.7848957517838,36.85274643363181,0.12495330373047148,110.0284376646664,110.28754881660379,31.9627685546875,110.72532578699982,109.55029201616419,104.34664354174538,110.0284376646664,48.0,0.6153846153846154,21679.562984522177,21333.5,346.06298452217743,8673.0,9337.0,850.0,0.0910356645603513,2,0,1.5454545454545454,0.8766603415559773,8.460295403149455,4.937919808407273,0.6153846153846154,4.0,4.0,4.0,4.0,44.0,48.0,160.0,0.9846153846153847,61,16.235624983424223,0.003444316877152742,100,300.9997642709071,21790.881249345457,4.008296601827645,3.0778964415532424,420.4172446456188,341.9944612110107,0.2984775170990943,0.23401747382231153,54.2105,0.777412,22306.1758,0.882574,22361.0,23072.0,0.5345317907941975,0.8623195567721813,0.9573310642223911,1.0,263.9164144288284,301.4258416015386,110.0284376646664,104.30686864163769,21790.881249345457,160.0,8786.0,24.98769921706986
260,13.0,164.77487819387483,201.04064141435305,411.5706340715747,184.86789245604533,0.9707306620955646,259.96812392445537,314.16353565328063,304.41838680455754,331.58846669652456,17.42493104324393,0.05546452425489174,110.08425327271942,110.36736908369004,30.0,110.8066085770949,109.56968336224767,104.34660663624021,110.08425327271942,48.0,0.6153846153846154,21676.005623720568,21277.0,399.0056237205681,8651.0,9334.0,878.0,0.09406470966359545,2,0,1.5217391304347827,0.8753339269813001,8.470029515513588,4.956487880861894,0.6153846153846154,0.0,4.0,0.0,4.0,48.0,48.0,160.0,0.9846153846153847,60,17.758586574580097,0.0,106,301.33114729068404,21776.727118885487,0.269403679415984,0.7699039114931422,420.4172446456188,341.9944612110107,0.25273394549241746,0.23984697587235204,54.3233,0.784393,22289.6914,0.881922,22346.0,23043.0,0.5451850419957355,0.8592649361379376,0.9591000206331188,1.0,263.91602812298413,301.4258416015386,110.0753550533101,104.30720070092562,21776.727118885487,160.0,8785.0,28.65813635062102
261,13.05,161.49988029308798,201.37861219698988,412.18101541607604,184.62991644875405,0.9746408899449184,263.91602812298413,301.4258416015386,275.8245417393789,330.0839779521596,28.65813635062102,0.09507524702711069,110.13623247392171,110.36720876402978,35.19366455078125,110.8110581901212,109.50464047909618,104.38596276005265,110.13623247392171,52.0,0.6212121212121212,21791.797554849345,21411.0,380.79755484934503,8672.0,9259.0,766.0,0.08273031644886057,2,0,1.55,0.8838526912181303,7.629395790080027,4.8247894637585675,0.6212121212121212,8.0,4.0,8.0,4.0,44.0,48.0,160.0,1.0,60,15.579678916244667,0.005827505827505797,102,301.4258416015386,21753.789959256806,3.2923905448889843,0.6551320216273502,420.4172446456188,341.9944612110107,0.2830316894930923,0.22830320938985071,54.4361,0.791266,22273.4219,0.881278,22335.0,23024.0,0.5240891331008881,0.8583920634238302,0.9607473903277022,1.0,263.9140584986452,301.4258416015386,110.08425327271942,104.30722293601356,21753.789959256806,160.0,8785.0,28.65813635062102
262,13.1,165.5236134573247,201.0195524183522,411.96511767630216,184.59295422491599,0.9726599186058645,259.9598345039904,300.9997642709071,492.73931847628603,325.987463487977,24.98769921706986,0.0830156770308309,109.61264733870135,111.20301745972833,31.9627685546875,111.20301745972833,109.59249138462162,103.47093209819887,109.61264733870135,44.0,0.6153846153846154,21710.323652467883,10555.5,11154.823652467883,8928.0,9583.0,847.0,0.08838568298027757,2,0,1.5454545454545454,0.8812260536398467,8.659075677458924,4.759754908303217,0.6153846153846154,4.0,4.0,4.0,4.0,44.0,52.0,156.0,0.9692307692307692,64,15.128617717364897,0.005827505827505797,102,301.4258416015386,21710.323652467883,4.039721834682899,0.219038900724334,420.4172446456188,341.9944612110107,0.2840451525135985,0.23987121433643588,54.5489,0.798029,22257.3906,0.880644,22311.0,23005.5,0.5452293371078065,0.8583920634238302,0.9441534784486106,1.0,261.99543153805996,301.4258416015386,110.13623247392171,104.34660663624021,21710.323652467883,156.0,8792.0,28.65813635062102
263,13.15,162.5095690035253,201.43368349379477,413.01981997207247,184.50085661945312,0.9764005527798447,263.91805509681035,301.33114729068404,510.5026896303411,335.81044026411575,34.47929297343171,0.11442326252510066,110.36756699265577,111.20138010219915,33.98748779296875,111.20138010219915,110.14185291779651,104.30606115523176,110.36756699265577,44.0,0.6212121212121212,21790.881249345457,8969.5,12821.381249345457,8852.0,9407.0,739.0,0.078558520250877,2,0,1.6,0.9176346356916578,7.9954081875149585,4.73237142790046,0.6212121212121212,4.0,8.0,4.0,8.0,48.0,48.0,156.0,0.9848484848484849,64,13.229110596010601,0.005827505827505797,102,303.1548299022569,21706.092806921828,3.042362325089842,1.058715684985899,420.4172446456188,341.9944612110107,0.2832569283767503,0.2282972824698093,54.6617,0.804677,22241.6074,0.880019,22287.0,22983.0,0.5240783018210444,0.8424546042767224,0.96807904350164,1.0,261.96178133718746,301.4258416015386,110.36756699265577,104.34664354174538,21706.092806921828,156.0,8852.0,24.98769921706986
264,13.2,162.4946486266576,201.32630706594153,413.4983041782143,184.40186813934153,0.9766448064311403,263.9164144288284,305.78474002129485,294.75242551354467,329.1341072485824,23.34936722728753,0.07635883734963844,110.55774348290777,111.28479561336496,34.76275634765625,111.28479561336496,110.11585704523927,104.30686864163769,110.55774348290777,44.0,0.6212121212121212,21776.727118885487,21430.5,346.22711888548656,8902.0,9454.0,727.0,0.07689866723080177,2,0,1.6,0.9176470588235294,7.677607403743003,4.533041924956545,0.6212121212121212,8.0,8.0,8.0,8.0,44.0,48.0,156.0,0.9848484848484849,65,12.678531634318853,0.0,104,301.4258416015386,21694.735169362804,0.10840809427527233,0.48861626530641783,420.4172446456188,341.9944612110107,0.27266365993371844,0.22830207982230488,54.7744,0.81121,22226.0781,0.879405,22260.0,22973.0,0.5240870688479362,0.8583920634238302,0.9741062809238568,1.0,259.96812392445537,301.4258416015386,110.55774348290777,104.34664354174538,21694.735169362804,156.0,8792.0,24.98769921706986
265,13.25,162.74667860854703,201.19293123061627,409.71273883659336,184.76470651631894,0.9758813413585554,261.99543153805996,317.5569766592503,261.1081345293253,350.05168903968774,32.49471238043742,0.10232718777677927,110.5732813790824,111.28663001158083,33.98748779296875,111.28687650464872,110.28951245303122,105.38097204928619,110.5732813790824,48.0,0.6307692307692307,21665.68129614759,21343.5,322.18129614759164,8743.0,9304.0,747.0,0.08028804815133277,2,0,1.55,0.8802336903602727,7.449976535649729,4.743528456701834,0.6307692307692307,4.0,4.0,4.0,4.0,48.0,48.0,156.0,1.0,64,18.991386587579147,0.009557109557109533,108,301.33114729068404,21694.735169362804,0.28514597177567685,3.802914230361941,420.4172446456188,341.9944612110107,0.24466234269974385,0.2339190798285803,54.8872,0.817623,22210.8184,0.878801,22239.0,22965.5,0.534351978535287,0.8592649361379376,0.9745987213362451,1.0,259.9598345039904,301.4258416015386,110.5732813790824,104.34660663624021,21694.735169362804,156.0,8852.0,24.98769921706986
266,13.3,163.55364269625983,201.39992353732464,410.8610365629298,184.78173735471194,0.9749035956227201,259.924547759517,303.1548299022569,291.5556136518501,321.29929049243333,18.144460590176436,0.059852124394741024,111.0565512238797,111.2865903072671,33.98748779296875,111.36334142003523,110.21296745733409,104.42236499591608,111.0565512238797,48.0,0.6307692307692307,21688.556033900622,21336.0,352.5560339006224,8993.0,9595.0,788.0,0.08212610734757686,2,0,1.55,0.892623716153128,7.301878801412637,4.709587820842962,0.6307692307692307,4.0,4.0,4.0,4.0,48.0,52.0,152.0,0.9846153846153847,68,14.607093163386217,0.0,103,303.1548299022569,21694.735169362804,0.8330887431088021,1.1484240147984828,420.4172446456188,341.9944612110107,0.27891913625523523,0.23997439362287365,55.0,0.823913,22195.8379,0.878208,22210.0,22942.5,0.5454178943546831,0.8424546042767224,0.989914926245335,1.0,259.94496150447003,301.4258416015386,110.5789479557238,104.38596276005265,21694.735169362804,156.0,8852.0,24.98769921706986
267,13.35,163.59598726404812,201.37136312580347,410.3936609874483,184.51484230758606,0.9748854066730626,259.9277265786951,292.4470080434527,275.6086856529265,322.2687477012713,29.821739657818625,0.1019731398769777,110.5789479557238,111.36396193963272,33.98748779296875,111.36396193963272,110.36704641293305,104.42479427917775,110.5789479557238,48.0,0.6153846153846154,21677.8589015245,21330.5,347.35890152450156,8792.0,9381.0,768.0,0.0818676047329709,2,0,1.55,0.8903717826501429,7.938961106256351,4.706984412420793,0.6153846153846154,4.0,4.0,4.0,4.0,48.0,52.0,152.0,0.9846153846153847,67,15.44427728854732,0.01538461538461533,99,303.1548299022569,21688.556033900622,0.05107601714538571,0.5382126854107107,420.4172446456188,341.9944612110107,0.3043886477825992,0.23996509867942095,55.1128,0.830079,22181.1523,0.877627,22212.0,22936.0,0.5454009081066886,0.8424546042767224,0.9747783113725513,1.0,259.9420914387354,301.33114729068404,110.60109728612494,104.30686978055479,21688.556033900622,156.0,8852.0,24.98769921706986
268,13.4,163.81383924713487,201.40130124061906,410.5869826261345,184.48641666252146,0.9759331711959396,259.94496150447003,284.2724629435244,294.64740192437716,308.4412070843545,24.168744140830142,0.08501964590791786,110.60109728612494,111.36384379799009,33.1689453125,112.18673205906353,110.60109728612494,104.42424069999353,110.60109728612494,52.0,0.5846153846153846,21706.092806921828,21347.0,359.092806921828,8888.0,9457.0,747.0,0.07898910859680659,2,0,1.55,0.8821811100292113,8.085575295898709,4.61699821508689,0.5846153846153846,4.0,4.0,4.0,4.0,48.0,52.0,152.0,0.9846153846153847,68,15.218947972986863,0.03076923076923077,96,303.1548299022569,21681.81867671063,0.2198994707895847,0.19540028987096297,420.4172446456188,341.9944612110107,0.32383253407422563,0.2399147033434441,55.2256,0.836115,22166.7695,0.877058,22199.0,22909.0,0.5453088120461782,0.8424546042767224,0.9754802870630999,1.0,259.94016546494913,301.33114729068404,110.61104997091786,104.3873547607381,21681.81867671063,156.0,8792.0,29.821739657818625
269,13.45,164.53837870041488,201.50903780235,411.2106662592332,184.47556865674198,0.9758415412923476,259.9420914387354,304.6348931772825,296.56781979543973,328.0307364120076,23.395843234725135,0.0767996173738046,110.61415172723763,111.44636202345083,30.756591796875,112.20655325992192,110.61415172723764,104.30564725038701,110.61415172723763,52.0,0.6153846153846154,21694.735169362804,21330.0,364.7351693628043,8681.0,9239.0,743.0,0.08041995887000758,2,0,1.6,0.926673751328374,8.048383664512253,4.582331844746555,0.6153846153846154,4.0,8.0,4.0,8.0,44.0,48.0,156.0,0.9692307692307692,67,14.880769139090315,0.03076923076923077,103,300.8367665493019,21677.8589015245,0.7325056901437085,0.6237779680500205,420.4172446456188,341.9944612110107,0.275398673443884,0.23992309548442925,55.3383,0.842021,22152.7031,0.876502,22166.0,22900.0,0.5453241484480296,0.8638220363020171,0.9758940196748241,1.0,259.9277265786951,300.8367665493019,110.61415172723763,104.42236499591608,21677.8589015245,152.0,8792.0,29.06476786431739
270,13.5,164.64167092546973,201.53880551457223,411.18905785996174,184.2825455983276,0.9773481246698363,259.94016546494913,300.8367665493019,272.3463113489991,334.80383509425195,33.96706854495005,0.11290863458799821,110.61464175868574,111.44650228134155,33.181396484375,112.54178327805357,110.61464175868574,103.8484331010867,110.61464175868574,52.0,0.5846153846153846,21681.81867671063,21345.0,336.8186767106308,8929.0,9465.0,733.0,0.07744321183306921,2,0,1.6,0.9268817204301075,7.924457264210408,4.6360799892550695,0.5846153846153846,4.0,8.0,4.0,8.0,48.0,48.0,152.0,0.9846153846153847,73,15.24491582879192,0.03076923076923077,102,296.44688439360743,21665.68129614759,0.10749604852144867,0.19422879291886203,420.4172446456188,341.9944612110107,0.28443285716577715,0.23992872707793367,55.4511,0.847792,22138.9688,0.875958,22175.0,22889.0,0.5453344400269247,0.9042870686495076,0.9759095501742996,1.0,259.924547759517,296.5808348507945,110.61464175868574,104.42236499591608,21665.68129614759,152.0,8743.0,29.821739657818625
271,13.55,164.7421528540373,201.27263359354689,408.6755921524181,184.6284811883348,0.9747133966590239,257.9604420144053,326.25395768742567,293.6547394560025,338.6869001670605,12.432942479634846,0.03810817366864399,110.61104997091786,111.44542384999565,32.78131103515625,112.56876662675414,110.61104997091788,104.3873547607381,110.61104997091786,52.0,0.59375,21576.375477488065,21282.5,293.87547748806537,8580.0,9159.0,759.0,0.0828693088765149,2,0,1.55,0.8891050583657587,8.157256447320446,4.730300392683552,0.59375,4.0,4.0,4.0,4.0,48.0,48.0,152.0,1.0,63,14.663480072903466,0.009134615384615352,111,296.44688439360743,21595.28765312097,0.28450678289099296,2.5371600847071836,420.4172446456188,341.9944612110107,0.22397579584911154,0.24571748588862774,55.5639,0.853426,22125.5684,0.875428,22169.0,22866.0,0.5559132341033435,0.9042870686495076,0.9757957161371981,1.0,257.9604420144053,296.44688439360743,111.0565512238797,104.3873547607381,21595.28765312097,152.0,8789.0,29.821739657818625
272,13.6,165.4671838707858,201.32236190422984,408.84931735325176,184.7195870536324,0.9732495122479948,255.95164644422755,296.44688439360743,272.23709353629124,336.1577797040774,39.71089531046999,0.13395619047135554,111.13303797824526,111.44349354452194,33.1689453125,112.68839500897394,111.14890742954618,104.30686978055479,111.13303797824526,60.0,0.5625,21594.27841921814,21236.0,358.2784192181389,8609.0,9226.0,788.0,0.08541079557771515,2,0,1.5454545454545454,0.8992537313432836,8.461626473718626,4.646690549187376,0.5625,4.0,4.0,4.0,4.0,44.0,48.0,156.0,0.984375,64,13.99590499506854,0.03125,100,296.5808348507945,21594.27841921814,0.7267343944872342,0.19616504300286433,420.4172446456188,341.9944612110107,0.2948745843109013,0.2515912522738042,55.6767,0.85892,22112.5234,0.874912,22169.0,22856.0,0.5666473771336216,0.9030523408388752,0.9923390104610292,1.0,255.98548989321057,296.44688439360743,111.13303797824526,104.30686978055479,21594.27841921814,152.0,8742.0,29.821739657818625
273,13.65,165.64547270397583,201.53007461855634,408.4157337692701,184.71319357067438,0.973700770315721,255.87400576163301,288.80712033788916,256.0109671900086,327.7059574501141,38.89883711222495,0.13468794351993593,111.34773570539255,111.44632147764258,30.36279296875,112.62877439293888,111.36416666743422,105.30229437746593,111.34773570539255,56.0,0.5625,21591.816422891854,21237.0,354.816422891854,8611.0,9217.0,786.0,0.08527720516437018,2,0,1.5454545454545454,0.8992395437262357,8.188380444464732,5.01034591503174,0.5625,4.0,4.0,4.0,4.0,44.0,48.0,156.0,0.984375,70,14.029507683283605,0.0,98,296.44688439360743,21594.27841921814,0.2737361498471645,0.433630719533008,420.4172446456188,341.9944612110107,0.31304644608160015,0.25181827549026103,55.7895,0.864271,22099.8418,0.87441,22157.0,22854.0,0.5670622556828929,0.9042870686495076,0.9991433960809992,1.0,255.95881734131234,296.44688439360743,111.3324742180707,104.30564725038701,21594.27841921814,152.0,8742.0,29.06476786431739
274,13.7,165.6530777360732,201.21957925190353,408.8167186820185,184.58382854918167,0.9754999476494608,255.87665228602503,285.3502135505835,307.0800327858901,314.41498141490086,29.06476786431739,0.10185647840479059,111.34780975045251,111.52806813552792,32.78759765625,112.63346152573875,111.36419687636845,105.30243550569949,111.34780975045251,60.0,0.5625,21592.56339228418,21239.5,353.06339228418074,8966.0,9551.0,768.0,0.08041042822741075,2,0,1.55,0.896817743490839,7.761880861238877,4.791781844872834,0.5625,4.0,4.0,4.0,4.0,44.0,52.0,152.0,0.96875,70,14.25410175530683,0.0,97,296.44688439360743,21592.56339228418,0.3105884885601341,0.4213362185210997,420.4172446456188,341.9944612110107,0.3212690079087669,0.2518105369895185,55.9023,0.869476,22087.5273,0.873923,22149.0,22838.0,0.5670481137902191,0.9042870686495076,0.999145742780929,1.0,255.95164644422755,296.44688439360743,111.34773570539255,104.30564725038701,21592.56339228418,152.0,8681.0,33.96706854495005
275,13.75,166.46830208174737,201.38866396958394,409.1727114349082,184.78810644855236,0.9755961331901182,255.95881734131234,296.5808348507945,273.2103268545098,342.3356481536659,45.75481330287141,0.1542743425275271,111.3324742180707,111.4431316609859,31.5751953125,112.69484307726515,111.36409063033219,103.46816075255714,111.3324742180707,64.0,0.5625,21595.28765312097,21222.0,373.2876531209695,8742.0,9310.0,751.0,0.08066595059076262,2,0,1.5238095238095237,0.9096509240246407,8.693828511945041,4.67071727839181,0.5625,4.0,8.0,4.0,8.0,44.0,48.0,152.0,0.96875,65,13.9369818468188,0.0,101,290.7835260847034,21591.816422891854,0.8325745465319995,0.4104391553948869,420.4172446456188,341.9944612110107,0.2945559711738499,0.25157028439888773,56.015,0.874547,22075.5586,0.873449,22124.0,22825.0,0.5666090589313584,0.9564907426975588,0.9986597158564717,1.0,255.94133856858005,296.44688439360743,111.34780975045251,104.30686978055479,21591.816422891854,152.0,8678.0,33.96706854495005
276,13.8,166.45300350259578,201.34642756987392,409.45275528421024,184.5081655255251,0.976,255.98548989321057,290.7835260847034,296.7806096792465,324.78519600605404,34.00166992135064,0.11693121126623304,111.34820981243132,112.36075010736204,32.78131103515625,112.81246256205958,111.42610256801927,103.46598716863181,111.34820981243132,52.0,0.59375,21589.83920583635,21232.0,357.8392058363497,8789.0,9350.0,746.0,0.0797860962566845,2,0,1.6,0.9327641408751334,8.147597131740559,4.567759880943053,0.59375,4.0,8.0,4.0,8.0,44.0,48.0,152.0,0.96875,65,13.71721806977602,0.03125,99,288.80712033788916,21589.83920583635,0.04492170950133242,0.3959690365637932,420.4172446456188,341.9944612110107,0.3083453883300795,0.25149229321796684,56.1278,0.87949,22063.9043,0.872988,22118.0,22819.5,0.5664665322395891,0.9747088450611637,0.9991584218903536,1.0,255.90168482476264,292.76249752790704,111.34820981243132,104.3873547607381,21589.83920583635,152.0,8632.0,34.00166992135064
277,13.85,166.63694773658156,201.549154949324,408.9804302471397,184.26359103336688,0.9755901229196127,255.90168482476264,312.3049744703011,469.7470911687302,340.770687254058,28.465712783756885,0.09114716418474422,111.34824853749112,112.60044772538193,33.968994140625,112.79916720945417,111.44401941965643,103.38972900091898,111.34824853749112,56.0,0.59375,21581.94495747412,9944.5,11637.44495747412,8632.0,9193.0,743.0,0.08082236484281519,2,0,1.6,0.9311827956989247,7.658116114040706,4.742490709045928,0.59375,4.0,8.0,4.0,8.0,44.0,48.0,152.0,0.96875,65,14.829576877615077,0.0,106,290.7835260847034,21589.83920583635,0.2737405187313497,0.5318906117409474,420.4172446456188,341.9944612110107,0.25715469941402735,0.2517373412463799,56.2406,0.88431,22052.5508,0.872539,22112.0,22810.0,0.5669143506262568,0.9564907426975588,0.9991596491983624,1.0,255.87665228602503,292.76249752790704,111.34824853749112,105.21214375350792,21589.83920583635,152.0,8678.0,34.00166992135064
278,13.9,166.8093372633728,201.52401201725266,408.9817856010897,184.39046781667085,0.977418331747542,255.94133856858005,285.46379451220434,291.97146734412013,313.91376673977703,28.449972227572687,0.09966227863042146,111.34828125545954,112.59850531263761,34.0,112.80360530513539,111.44329253406684,103.46840735359793,111.34828125545954,60.0,0.59375,21610.03014513338,21192.0,418.03014513337985,8925.0,9459.0,723.0,0.07643514113542658,2,0,1.631578947368421,0.9441340782122905,8.290567346752864,4.53229548425418,0.59375,4.0,8.0,4.0,8.0,44.0,48.0,152.0,0.96875,71,15.10097902320725,0.0,97,292.76249752790704,21581.94495747412,0.1742134207816798,0.12688402234281712,420.4172446456188,341.9944612110107,0.3209988454378706,0.25162139274921125,56.3534,0.889009,22041.4961,0.872102,22084.0,22798.0,0.5667024580055536,0.9382489902714446,0.9991606861244483,1.0,255.87400576163301,292.76249752790704,111.34828125545954,105.29571045501157,21581.94495747412,152.0,8678.0,29.06476786431739
279,13.95,167.45991185889355,201.3975303975465,405.91162558069374,184.45275822999645,0.9722283447211815,251.9673861407112,285.6687615918494,249.50943922321648,336.07920065616224,50.41043906431287,0.1764646536198348,111.43976091788421,112.61799186197462,31.968994140625,112.83660189554234,111.59581014864982,105.21214375350792,111.43976091788421,56.0,0.6031746031746031,21522.805562180893,21127.5,395.3055621808926,8444.0,9074.0,798.0,0.08794357504959224,2,0,1.4782608695652173,0.8884826325411335,9.265419314019622,5.00984172756352,0.6031746031746031,4.0,4.0,4.0,4.0,44.0,48.0,152.0,0.9841269841269842,62,15.870289477052534,0.009424603174603141,97,292.76249752790704,21533.14275463147,0.6627555389888997,3.070791859835193,420.4172446456188,341.9944612110107,0.32051131291570256,0.2632413248785124,56.4662,0.89359,22030.7266,0.871675,22079.0,22780.0,0.5879375574798571,0.9382489902714446,1.0,1.0,251.98160572373476,292.76249752790704,111.35672914458065,105.21214375350792,21533.14275463147,152.0,8742.0,29.06476786431739
280,14.0,167.47671524552428,201.4275233350063,406.5521435959384,184.5235366722524,0.9739308413228482,251.91372070070395,304.0269256952967,293.4957691776578,332.49414953584574,28.467223840549025,0.09363389040442945,111.35672914458065,112.6229695525224,29.968994140625,112.73187737808394,111.53819757149627,105.29571045501157,111.35672914458065,60.0,0.6031746031746031,21533.14275463147,21175.0,358.14275463146987,8678.0,9283.0,794.0,0.08553269417214263,2,0,1.5454545454545454,0.9066918001885014,8.602931438362942,5.186679580983983,0.6031746031746031,4.0,4.0,4.0,4.0,44.0,48.0,152.0,0.9841269841269842,72,14.901053823421286,0.0,103,295.0796832465213,21526.240205445934,0.03437921028368346,0.6444167252183373,420.4172446456188,341.9944612110107,0.2768447784496344,0.2633982439111109,56.5789,0.898056,22020.2383,0.871261,22069.0,22780.5,0.5882243226028854,0.9168896480993001,0.9994284239157076,1.0,251.9673861407112,292.76249752790704,111.36950131935934,104.56403675458458,21526.240205445934,152.0,8742.0,30.49766407254907
281,14.05,167.54586132719132,201.47678910329589,406.7547860043426,184.57268411881017,0.9738601823708206,251.98160572373476,292.76249752790704,306.22992737202577,327.6417119600308,34.879214432123774,0.1191382596017066,111.36950131935934,112.61654803710519,29.968994140625,112.97928698220898,111.62023424526214,105.29921704397599,111.36950131935934,60.0,0.6031746031746031,21524.789919375155,21158.0,366.78991937515457,8610.0,9212.0,793.0,0.08608336951801997,2,0,1.5454545454545454,0.9032258064516129,7.824481370913827,4.988740477178099,0.6031746031746031,4.0,4.0,4.0,4.0,44.0,48.0,152.0,0.9841269841269842,69,14.451852007148972,0.0,99,292.76249752790704,21526.240205445934,0.08490168746891082,0.20851718679044112,420.4172446456188,341.9944612110107,0.3036382278403338,0.26319974647699906,56.6917,0.902408,22010.0254,0.870856,22076.0,22773.5,0.587861574119344,0.9382489902714446,0.9998332106992223,1.0,251.96229876687806,291.4675447214033,111.37221551890725,104.56403675458458,21526.240205445934,152.0,8746.0,30.49766407254907
282,14.1,167.85246520467007,201.76614253559134,406.81312262450996,184.51892224577492,0.9755828740991945,251.96229876687806,295.0796832465213,271.01938021766216,320.06109735262686,24.981414106105547,0.08465989196970596,111.37221551890725,112.35808058953072,33.1689453125,113.42572988711316,111.61074269976928,105.29750096810366,111.37221551890725,60.0,0.5555555555555556,21520.50507879397,21163.5,357.005078793969,8860.0,9436.0,776.0,0.08223823654090716,2,0,1.5238095238095237,0.9009708737864077,8.846764252842219,5.063992674366011,0.5555555555555556,4.0,4.0,4.0,4.0,40.0,48.0,156.0,0.9682539682539683,62,14.715322280082159,0.04761904761904756,100,292.76249752790704,21524.789919375155,0.42158195699788403,0.07933158415670467,420.4172446456188,341.9944612110107,0.2981265944615282,0.2632562004815123,56.8045,0.906648,22000.0918,0.870463,22052.0,22759.5,0.5879647422263709,0.9382489902714446,0.9999192314532327,1.0,251.9538186497519,291.4675447214033,111.37221551890725,104.56403675458458,21524.789919375155,152.0,8678.0,30.49766407254907
283,14.15,168.52572640961273,201.5918686167341,407.5115685299849,184.29915998896138,0.9740940632228219,251.88365320932752,311.39069667599614,251.84284686458506,336.79900079998464,25.4083041239885,0.08159622106637948,111.47992676771317,112.36062288176946,33.1689453125,113.52947048622485,112.17803100117757,105.30187368071786,111.47992676771317,64.0,0.5555555555555556,21502.067805856765,21144.5,357.5678058567646,8491.0,9079.0,766.0,0.08437052538825862,2,0,1.5238095238095237,0.9158110882956879,8.751940196604435,5.100640623619307,0.5555555555555556,4.0,4.0,4.0,4.0,40.0,48.0,156.0,0.9682539682539683,63,13.882733235429574,0.0,106,292.76249752790704,21522.805562180893,0.6954509679874669,0.7322036140272113,420.4172446456188,341.9944612110107,0.2593293908805384,0.26348616197642094,56.9173,0.910776,21990.4277,0.870081,22037.0,22749.5,0.5883849903969545,0.9382489902714446,1.0,1.0,251.9367683223897,291.4675447214033,111.37221551890725,104.88473392570964,21522.805562180893,152.0,8678.0,32.09692762437487
284,14.2,168.47628566011593,201.47463553612639,407.0699151965385,184.31178953169723,0.9759077317385733,251.9367683223897,291.4675447214033,269.6344702447389,321.9652087939524,30.49766407254907,0.10463485429123848,111.48440841446588,112.44546055542476,33.5751953125,113.50382661379416,112.11180527335134,104.56403675458458,111.48440841446588,64.0,0.5873015873015873,21510.267431294964,21147.5,362.7674312949639,8800.0,9364.0,749.0,0.07998718496369073,2,0,1.5238095238095237,0.9137214137214137,9.311757278875751,4.97093897847653,0.5873015873015873,4.0,4.0,4.0,4.0,40.0,48.0,156.0,0.9682539682539683,65,15.048736935270037,0.031746031746031744,99,291.4675447214033,21520.50507879397,0.12723200422684822,0.4418338740907668,420.4172446456188,341.9944612110107,0.30671838885417435,0.26333085211299767,57.0301,0.914795,21981.0273,0.869709,22034.0,22741.0,0.5881011659853801,0.9501855993523225,1.0,1.0,251.91372070070395,292.76249752790704,111.37221551890725,104.88473392570964,21520.50507879397,152.0,8639.0,32.09692762437487
285,14.25,168.58603245274975,201.65173895961016,406.87926117183684,184.40757818402582,0.9754050863826591,251.9538186497519,288.46791487743815,289.6659465607286,321.5138747689219,33.04595989148373,0.11455679535633634,111.48391903842356,112.44532979415122,34.3751220703125,113.6070613674919,112.1132090141911,104.47565979781007,111.48391903842356,64.0,0.5555555555555556,21526.240205445934,21161.0,365.2402054459344,8746.0,9319.0,749.0,0.0803734306256036,2,0,1.5238095238095237,0.912041884816754,8.377416738140473,4.879342786568966,0.5555555555555556,4.0,8.0,4.0,8.0,40.0,44.0,156.0,0.9682539682539683,61,15.176123028538418,0.031746031746031744,98,291.4675447214033,21510.267431294964,0.20835062059682338,0.21336453090863802,420.4172446456188,341.9944612110107,0.31385327659288653,0.2632809965472034,57.1429,0.918706,21971.8945,0.869348,22025.0,22734.0,0.5880100563397118,0.9501855993523225,1.0,1.0,251.90444290515987,295.0796832465213,111.36950131935934,104.56403675458458,21510.267431294964,152.0,8678.0,30.49766407254907
286,14.3,168.8934369618652,201.7639894829067,407.0901286541507,184.54596839377294,0.9768128161888702,251.90444290515987,276.2231167287097,290.24842513540597,308.3200443530846,32.09692762437487,0.11619928123502642,111.41420612610936,112.44547354373171,30.756591796875,113.58945411541075,112.11161062795216,104.47638958022152,111.41420612610936,64.0,0.5555555555555556,21533.32722575645,21171.0,362.3272257564495,8938.0,9488.0,744.0,0.07841483979763912,2,0,1.4761904761904763,0.9091880341880342,9.015769362255933,4.966911785904605,0.5555555555555556,4.0,8.0,4.0,8.0,40.0,44.0,156.0,0.9682539682539683,70,14.44194795617452,0.0,94,291.4675447214033,21502.067805856765,0.3272578680564688,0.25222399816678015,420.4172446456188,341.9944612110107,0.3429786236253326,0.2634253724076111,57.2556,0.922508,21963.0254,0.868997,22004.0,22720.5,0.5882738991679944,0.9501855993523225,1.0,1.0,251.88365320932752,294.72910067386874,111.36950131935934,104.52038194644453,21502.067805856765,152.0,8746.0,32.09692762437487
287,14.35,169.49752815477223,201.63943435816228,405.13551097166777,184.4636430136272,0.9745521658886114,249.94082905522026,271.6190338780609,291.1464763164266,304.2458104202714,32.62677654221051,0.12011962518377038,111.21790500059741,112.7091451562444,30.756591796875,113.58822007412236,111.71301480872614,104.52038194644453,111.21790500059741,68.0,0.5967741935483871,21423.177548974818,21121.0,302.1775489748179,8625.0,9211.0,773.0,0.08392139832808598,2,0,1.5238095238095237,0.9204081632653062,9.826580612241338,5.100281655483493,0.5967741935483871,4.0,4.0,4.0,4.0,40.0,48.0,152.0,0.967741935483871,63,16.52231418974629,0.04121863799283154,92,291.4675447214033,21430.78417093435,0.6167983045112302,1.9563506211543706,420.4172446456188,341.9944612110107,0.3539298462720861,0.2691670263600945,57.3684,0.926205,21954.418,0.868656,21998.0,22716.5,0.5987666104395657,0.9501855993523225,0.995028689360641,1.0,249.9678656803688,294.72910067386874,111.21790500059741,104.47638958022152,21430.78417093435,152.0,8776.0,32.09692762437487
288,14.4,169.5459859430993,201.8968664489424,404.5785662480164,184.16694867524106,0.9742782152230971,249.9678656803688,295.2182477744184,291.6256790282865,327.87474117314036,32.65649339872198,0.11061813978272575,111.21145574471404,112.72133786889158,31.5751953125,113.40546999485554,111.72559036471412,104.88473392570964,111.21145574471404,68.0,0.5967741935483871,21417.44680726665,21098.5,318.94680726664956,8556.0,9144.0,766.0,0.08377077865266842,2,0,1.5238095238095237,0.9149377593360996,9.74544659311817,5.284710043281175,0.5967741935483871,4.0,4.0,4.0,4.0,44.0,48.0,148.0,0.9838709677419355,63,18.082858898820156,0.0,100,294.72910067386874,21428.03792586526,0.2619531229303834,0.6310427526194317,420.4172446456188,341.9944612110107,0.29779700634481365,0.26908797062026524,57.4812,0.929795,21946.0703,0.868326,21978.0,22702.5,0.598622138296303,0.9201212462697544,0.9948242939784664,1.0,249.94082905522026,292.22844406887236,111.21145574471404,104.47565979781007,21428.03792586526,152.0,8776.0,32.62677654221051
289,14.45,169.620721459658,201.75601525257113,404.57551798845503,184.2693871889657,0.9739017528673448,247.90066825431146,305.5868061752076,268.9099133917355,323.4693596478129,17.88255347260531,0.058518735466453295,110.71444683465523,112.71533437868342,31.1875,113.45441669275385,111.71938811959572,104.38796327187093,110.71444683465523,68.0,0.5967741935483871,21430.78417093435,21079.0,351.78417093434837,8639.0,9242.0,801.0,0.08666955204501191,2,0,1.4761904761904763,0.8690909090909091,8.90999228288005,5.308876189822533,0.5967741935483871,4.0,4.0,4.0,4.0,40.0,48.0,152.0,0.967741935483871,67,14.866334469432838,0.0,103,294.72910067386874,21423.177548974818,0.1594504843345199,0.10248385717013503,420.4172446456188,341.9944612110107,0.27313446328112667,0.2751325054315523,57.594,0.933282,21937.9766,0.868006,21966.0,22702.0,0.6096683558271184,0.9201212462697544,0.979072658758402,1.0,247.96483632046682,292.22844406887236,110.71536495905133,104.38827206844127,21423.177548974818,152.0,8776.0,32.62677654221051
290,14.5,169.60096966707556,201.68909422245025,404.31913199573165,184.28048122170682,0.9744156396090098,247.92153594975605,303.5256824917099,286.92619448662225,325.91037371264855,22.384691220938635,0.07374891981850669,110.71175547916182,112.71271419637259,33.181396484375,113.474354337169,111.71668771636567,104.38827206844127,110.71175547916182,68.0,0.5967741935483871,21428.03792586526,21087.0,341.03792586526106,8810.0,9412.0,799.0,0.08489162770930726,2,0,1.4761904761904763,0.86996336996337,7.86903027508336,5.203907756718405,0.5967741935483871,4.0,4.0,4.0,4.0,40.0,48.0,152.0,0.967741935483871,71,15.291235337157897,0.0,103,294.72910067386874,21419.750098246357,0.0697750498578077,0.25662590443525823,420.4172446456188,341.9944612110107,0.2780370302184916,0.27507148779000723,57.7068,0.936664,21930.1406,0.867696,21970.0,22691.0,0.6095568478016429,0.9201212462697544,0.9789873619978776,1.0,247.95679955455165,293.10706732953054,110.71536495905133,104.38796327187093,21419.750098246357,152.0,8776.0,32.65649339872198
291,14.55,169.86452598964078,201.58220455669073,404.8160569774126,184.47702891271976,0.9741234146861345,247.9204431935073,294.72910067386874,266.86043987078546,329.2898802024271,34.560779528558385,0.11726286766233332,110.62875683370311,112.62103588485988,33.1689453125,113.50263642143432,112.35768362983978,104.30078334020598,110.62875683370311,64.0,0.5967741935483871,21416.010916883843,21074.5,341.5109168838426,8776.0,9383.0,798.0,0.08504742619631248,2,0,1.434782608695652,0.8819641170915958,8.680294764696805,5.1879677240400985,0.5967741935483871,4.0,4.0,4.0,4.0,40.0,48.0,152.0,0.967741935483871,70,14.628806263063979,0.0,100,295.2182477744184,21418.880855499912,0.2844069897352845,0.5343832260289556,420.4172446456188,341.9944612110107,0.29896048645125395,0.2750746830354649,57.8195,0.939943,21922.5586,0.867396,21972.0,22690.0,0.6095626870229381,0.9156123887322585,0.9763568973108956,1.0,247.92153594975605,293.10706732953054,110.71536495905133,104.3010769511674,21418.880855499912,152.0,8793.0,32.65649339872198
292,14.6,170.49640117515344,201.70115157437192,405.5435228398625,184.06702917048528,0.9745288041742093,247.95679955455165,289.2745291694611,289.44699903879615,332.60506619450047,43.33053702503935,0.14979036401665252,110.70694134784934,112.62048907701183,33.1689453125,113.59580551561609,112.35790175759297,104.3010769511674,110.70694134784934,68.0,0.5967741935483871,21419.750098246357,21079.5,340.2500982463571,8793.0,9391.0,783.0,0.0833777020551592,2,0,1.4545454545454546,0.9039039039039038,9.354054422198779,5.011548718060712,0.5967741935483871,4.0,4.0,4.0,4.0,40.0,48.0,152.0,0.967741935483871,71,14.813590188811919,0.0,98,294.72910067386874,21418.880855499912,0.6429732833344651,0.8350487229271705,420.4172446456188,341.9944612110107,0.31193467239123707,0.27496837616454195,57.9323,0.94312,21915.2305,0.867106,21974.0,22685.0,0.6093684142032924,0.9201212462697544,0.9788347883944652,1.0,247.9204431935073,293.10706732953054,110.71536495905133,104.30078334020598,21418.880855499912,152.0,8793.0,33.31981619329207
293,14.65,170.5515833547006,201.89623045385002,405.18305917299307,184.03101173790392,0.9750584236243892,247.89334033705194,292.22844406887236,269.47964416075,325.54826026216443,33.31981619329207,0.11401975704130725,110.71536495905133,112.53570386484307,33.1689453125,113.53770041398471,112.35518043825863,103.57244114013184,110.71536495905133,68.0,0.5967741935483871,21410.728267259874,21067.0,343.728267259874,8827.0,9414.0,782.0,0.08306777140429147,2,0,1.5238095238095237,0.9219712525667351,9.489088457129178,5.03860546320545,0.5967741935483871,4.0,4.0,4.0,4.0,40.0,48.0,152.0,0.967741935483871,68,14.856833793322318,0.0,99,293.10706732953054,21418.880855499912,0.20273342634604516,0.36225862389002095,420.4172446456188,341.9944612110107,0.3049085217348786,0.2751539324372225,58.0451,0.946196,21908.1523,0.866826,21970.0,22685.0,0.6097075130779336,0.9350728165897487,0.9791017567489635,1.0,247.90732146907285,294.72910067386874,110.71536495905133,103.8905517343303,21418.880855499912,152.0,8793.0,33.31981619329207
294,14.7,170.50484097221968,201.69012745822764,404.9174293808262,184.24666815794018,0.9753859348198971,247.96483632046682,298.83112543101606,257.11812633542985,317.32073518578915,18.489609754773085,0.06187310551437633,110.70579597381514,112.53254504361476,31.181396484375,113.60322627069816,112.35819074830238,103.8905517343303,110.70579597381514,68.0,0.5967741935483871,21407.881854815958,21070.0,337.8818548159579,8754.0,9328.0,768.0,0.0823327615780446,2,0,1.5238095238095237,0.9186652763295099,9.57749013040069,5.019760434757495,0.5967741935483871,4.0,4.0,4.0,4.0,40.0,48.0,152.0,0.967741935483871,69,14.813353615070309,0.0,101,292.22844406887236,21418.880855499912,0.2113369232399158,0.3421503733586502,420.4172446456188,341.9944612110107,0.28920345386186763,0.27494487646841614,58.1579,0.949172,21901.3223,0.866555,21962.0,22676.5,0.6093254691689072,0.9431717854009436,0.9787984882122913,1.0,247.90066825431146,293.10706732953054,110.71536495905133,103.8905517343303,21418.880855499912,152.0,8802.0,33.31981619329207
295,14.75,170.60800381354625,201.74824977210554,405.93122943077464,184.24187178191036,0.9758657318886764,247.88820494631852,293.10706732953054,273.90457462461893,329.22704891910695,36.11998158957641,0.12323135678256408,110.71600014847506,112.53588601929442,32.36279296875,113.53303501800377,112.3549272926605,103.52756136258887,110.71600014847506,68.0,0.5967741935483871,21404.26472977743,21069.5,334.76472977743106,8846.0,9414.0,770.0,0.08179307414489059,2,0,1.4761904761904763,0.9210526315789473,8.871641364054945,5.015863891542471,0.5967741935483871,4.0,4.0,4.0,4.0,40.0,48.0,152.0,0.967741935483871,74,16.47885070055712,0.0,99,292.22844406887236,21416.010916883843,0.11840935436481123,1.0138113959205908,420.4172446456188,341.9944612110107,0.3028186377640182,0.2751689484427895,58.2707,0.952048,21894.7422,0.866295,21961.0,22667.0,0.6097349544061937,0.9431717854009436,0.9791218877202515,1.0,247.89334033705194,292.22844406887236,110.71547686200114,103.8905517343303,21416.010916883843,152.0,8803.0,33.31981619329207
296,14.8,170.61944752333198,201.73803615893405,405.3261307077819,184.21562944226017,0.9761136630701848,247.8924395730493,288.3654836959626,289.54874261199063,329.45450900090594,41.089025304943334,0.14248940191561013,110.71547686200114,112.53573623470614,32.36279296875,113.44658177613992,112.43640631562991,103.57250468653208,110.71547686200114,68.0,0.5483870967741935,21418.880855499912,21074.0,344.8808554999123,8802.0,9361.0,756.0,0.08076060249973294,2,0,1.4761904761904763,0.9170212765957447,9.007522603382819,4.894177768182631,0.5483870967741935,4.0,4.0,4.0,4.0,40.0,48.0,152.0,0.967741935483871,67,16.399717319839578,0.048387096774193616,98,292.22844406887236,21410.728267259874,0.0153387218397415,0.6056675036336133,420.4172446456188,341.9944612110107,0.31409691831496167,0.27515656629275176,58.3835,0.954825,21888.4062,0.866044,21940.0,22648.5,0.6097123263749084,0.9431717854009436,0.9791053032738041,1.0,247.8924395730493,289.37014456070114,110.71600014847506,103.8905517343303,21410.728267259874,152.0,8803.0,33.31981619329207
297,14.85,170.89703846826,201.79546063861198,405.8402771354041,183.91567409093187,0.9764378875347445,247.889089877449,289.37014456070114,304.24922014799097,325.10253829789684,35.73239373719571,0.12348334618777553,110.71683012131274,112.71765117322698,34.0,113.52687123425922,112.44535160591776,102.9845657074824,110.71683012131274,76.0,0.4838709677419355,21433.128795113767,21071.0,362.1287951137674,8803.0,9354.0,755.0,0.0807141329912337,2,0,1.4761904761904763,0.9118279569892473,9.513992592943225,5.01034493890586,0.4838709677419355,4.0,8.0,4.0,8.0,40.0,44.0,152.0,0.967741935483871,71,15.108979560492736,0.06451612903225801,98,289.37014456070114,21407.881854815958,0.2834683466849758,0.5952476474772269,420.4172446456188,341.9944612110107,0.3117072426355414,0.27516636088295776,58.4962,0.957504,21882.3164,0.865803,21950.0,22649.5,0.6097302257133055,0.9695190033796612,0.9791481919355626,1.0,247.889089877449,289.37014456070114,110.71683012131274,103.8905517343303,21407.881854815958,152.0,8803.0,32.9655370818536
298,14.9,171.51936978019862,201.94400380618816,406.59953092859166,183.96851123529618,0.9761045695149617,247.90732146907285,300.62236477332937,286.90498637079395,316.8520419759588,16.229677202629432,0.05398692547331494,111.10839713740306,112.72288742387892,33.1689453125,113.4846980381584,112.4354572046768,102.5805258145896,111.10839713740306,76.0,0.4838709677419355,21441.12334236377,21074.0,367.12334236377137,8704.0,9257.0,748.0,0.08080371610673004,2,0,1.5789473684210527,0.9559164733178654,9.399657163303772,5.197772014460257,0.4838709677419355,4.0,8.0,4.0,8.0,40.0,44.0,152.0,0.967741935483871,69,14.856107063244636,0.0,102,288.3654836959626,21404.26472977743,0.6398135153720927,0.7610900645089669,420.4172446456188,341.9944612110107,0.2849428309565841,0.275113051272155,58.609,0.960085,21876.4668,0.865572,21937.0,22643.5,0.6096328038974347,0.9787797609462777,0.991558071671791,1.0,247.88820494631852,289.37014456070114,110.80302444471465,103.8905517343303,21404.26472977743,152.0,8803.0,32.9655370818536
299,14.95,171.51879877486238,202.002200986519,402.15991978294414,184.1404101489471,0.9747927736450585,245.9825456442589,278.4842801814658,267.13511480568263,295.1862469365099,16.70196675504411,0.05997454055274065,111.42933301691517,112.82190579755414,31.57513427734375,113.44506928443425,112.43903486237065,105.02461887736374,111.42933301691517,76.0,0.4918032786885246,21348.683510734605,21037.0,311.6835107346051,8817.0,9410.0,791.0,0.08405951115834219,2,0,1.4545454545454546,0.8940594059405941,8.928132782966603,5.207320398393169,0.4918032786885246,4.0,4.0,4.0,4.0,40.0,48.0,148.0,0.9672131147540983,74,18.01145421181476,0.007932310946589083,94,288.3654836959626,21355.15426880889,0.05819998149100992,4.442937807472893,420.4172446456188,341.9944612110107,0.3376002442140359,0.280741141908472,58.7218,0.962571,21870.8574,0.86535,21916.0,22626.0,0.6199179813995666,0.9787797609462777,1.0,1.0,245.9825456442589,288.3654836959626,110.81121331036891,104.52671798313412,21355.15426880889,152.0,8802.0,32.9655370818536
300,15.0,171.47760533623466,201.79242086116898,403.1455245673075,184.0209200014323,0.9753728974928594,245.94266311081822,272.2178563168471,296.1415485529931,302.04155440667375,29.823698089826678,0.1095581990591884,111.42959573408643,112.72649972662407,33.1689453125,113.35888668587958,112.43927743454341,105.02440151365205,111.42959573408643,76.0,0.4918032786885246,21355.15426880889,21041.5,313.65426880888845,8871.0,9453.0,788.0,0.08335977996403258,2,0,1.5238095238095237,0.9083585095669687,9.642662527091273,5.217950426383497,0.4918032786885246,4.0,4.0,4.0,4.0,40.0,44.0,152.0,0.9836065573770492,76,17.083952496094412,0.0,92,282.89874811141226,21350.507996154964,0.21378634282349837,0.9928215782873989,420.4172446456188,341.9944612110107,0.3525054935691162,0.28085775939198165,58.8346,0.964961,21865.4883,0.865138,21918.0,22625.0,0.6201310965740112,1.0,1.0,1.0,245.98233873771125,288.3654836959626,110.81121331036891,104.52671798313412,21350.507996154964,152.0,8802.0,32.9655370818536
301,15.05,171.51558815258932,201.90487839293803,403.0391976434008,184.00274802157102,0.9756014477325953,245.94225662014495,266.84355761675755,277.61002402703093,299.80909469861115,32.9655370818536,0.12353881568765064,111.42759859326392,112.73193306370231,32.36279296875,113.30378981653826,112.44223826672433,104.57618970308857,111.42759859326392,76.0,0.4918032786885246,21350.507996154964,21041.0,309.5079961549636,8821.0,9394.0,775.0,0.08249946774536938,2,0,1.5238095238095237,0.9071428571428571,10.546793197139937,5.414830842260075,0.4918032786885246,4.0,4.0,4.0,4.0,40.0,44.0,152.0,0.9836065573770492,71,17.216924375014166,0.0,91,281.9954193334456,21349.481364914966,0.11869873963028871,0.107868603400333,420.4172446456188,341.9944612110107,0.3652887434679629,0.2808589479804513,58.9474,0.967256,21860.3555,0.864935,21916.0,22623.5,0.620133268686043,1.0,1.0,1.0,245.94266311081822,288.3654836959626,110.81121331036891,104.52671798313412,21349.481364914966,152.0,8801.0,32.9655370818536
302,15.1,171.6740441964641,201.93206767785966,403.49114432720813,183.94478082254182,0.9752166934189406,245.94030239741204,293.50504470897994,288.48436044789486,322.05785845394206,28.552813744962123,0.09728219074828234,111.42945930273925,112.72695960759725,31.968994140625,113.4488545452563,112.41296555131103,104.57393041442339,111.42945930273925,76.0,0.4918032786885246,21344.06573192922,21030.5,313.5657319292186,8766.0,9345.0,771.0,0.08250401284109149,2,0,1.4761904761904763,0.9073881373569199,10.56596914860613,5.176031815028262,0.4918032786885246,4.0,4.0,4.0,4.0,36.0,44.0,156.0,0.9672131147540983,67,15.864378647019107,0.0,99,281.9954193334456,21348.969004390576,0.160771810511047,0.4556489889901148,420.4172446456188,341.9944612110107,0.301872012989421,0.2808646621745525,59.0602,0.969458,21855.457,0.864741,21924.0,22629.5,0.620143711215208,1.0,1.0,1.0,245.94225662014495,289.37014456070114,110.81121331036891,104.52671798313412,21348.969004390576,152.0,8766.0,31.900127701994336
303,15.15,171.82618651239176,201.854278723144,403.4426260937687,184.03168771793833,0.9748218527315915,245.98233873771125,282.89874811141226,286.48304227065296,323.40177135344817,40.50302324203591,0.143171447425723,110.80302444471465,112.72774884020963,31.57513427734375,113.44153959451215,112.41282197101013,104.57430572328803,110.80302444471465,80.0,0.5901639344262295,21322.72744561785,21023.0,299.7274456178493,8679.0,9262.0,771.0,0.08324335996545022,2,0,1.4761904761904763,0.9068062827225131,11.06545091130656,5.204826906097357,0.5901639344262295,4.0,4.0,4.0,4.0,36.0,48.0,152.0,0.9508196721311475,64,15.63348757903945,0.09836065573770492,96,282.89874811141226,21348.969004390576,0.17087541008460783,0.09953304699216083,420.4172446456188,341.9944612110107,0.32710003760698403,0.28074174690817555,59.1729,0.971567,21850.7871,0.864556,21906.0,22615.0,0.6199190870195258,1.0,0.9818799368053005,1.0,245.94030239741204,290.50314984753584,110.81121331036891,104.52671798313412,21348.969004390576,152.0,8740.0,31.900127701994336
304,15.2,171.9719043411388,201.81629157521084,402.405813244249,184.16029586601678,0.9732298739088263,243.99173396921907,281.9954193334456,285.99783644547574,320.83749773286553,38.842078399419904,0.137740104045772,110.81121331036891,112.7268456155433,31.57513427734375,113.44990042645834,111.82561876945206,104.52671798313412,110.81121331036891,80.0,0.4918032786885246,21349.481364914966,20986.0,363.4813649149655,8658.0,9279.0,816.0,0.08794051083090851,2,0,1.375,0.8640510948905109,10.415926756374118,5.2683728567872725,0.4918032786885246,4.0,4.0,4.0,4.0,36.0,48.0,152.0,0.9508196721311475,63,17.068029657452765,0.09836065573770492,96,290.50314984753584,21348.798092709665,0.15058787807407195,1.0447587954553774,420.4172446456188,341.9944612110107,0.32924868585933653,0.2865623229533062,59.2857,0.973584,21846.3477,0.86438,21902.0,22608.0,0.6305560261978901,0.9590751932828065,0.9821394654013508,1.0,243.99173396921907,286.92168741530827,110.80302444471465,104.52671798313412,21348.798092709665,152.0,8755.0,31.900127701994336
305,15.25,172.47299126321442,201.91086029040653,402.7680331318206,184.00462477771976,0.974304068522484,243.90258553883154,294.2576118925091,286.8271751337992,326.1577395945034,31.900127701994336,0.10840884453873466,110.717919120421,112.62756039670623,31.57513427734375,113.5186633492672,112.32255351399681,103.93507248132511,110.717919120421,76.0,0.47540983606557374,21345.940217666393,20987.5,358.44021766639344,8740.0,9340.0,810.0,0.0867237687366167,2,0,1.4545454545454546,0.9077526987242395,9.378873854199627,4.896788159380382,0.47540983606557374,4.0,4.0,4.0,4.0,36.0,48.0,152.0,0.9508196721311475,71,16.239262408633856,0.016393442622950838,100,293.50504470897994,21348.798092709665,0.5099326870960297,0.394254657149363,420.4172446456188,341.9944612110107,0.3000819646669183,0.2868229951000768,59.3985,0.975511,21842.1328,0.864214,21905.0,22606.5,0.6310323972218563,0.9314043428217001,0.9791827054349408,1.0,243.92282152943739,286.92168741530827,110.72174438159067,103.93507248132511,21348.798092709665,152.0,8752.0,31.900127701994336
306,15.3,172.46505906170265,202.10377879413838,402.62716548931354,183.99472507347141,0.9746700723712218,243.90172098359974,290.50314984753584,286.7098362666394,323.9168314145961,33.41368156706028,0.1150200319156495,110.71974713369654,112.62867971645217,30.78759765625,113.50456172314529,112.44048527865759,103.93506754752093,110.71974713369654,76.0,0.47540983606557374,21348.969004390576,20993.0,355.9690043905757,8801.0,9396.0,809.0,0.08610046828437633,2,0,1.4545454545454546,0.9086444007858546,9.566219490030496,5.021127579415235,0.47540983606557374,4.0,4.0,4.0,4.0,36.0,48.0,152.0,0.9508196721311475,75,16.245012217309245,0.0,98,290.50314984753584,21345.940217666393,0.19308150844386365,0.14121507302584144,420.4172446456188,341.9944612110107,0.3090122882746903,0.2868255230802925,59.5113,0.977348,21838.1445,0.864056,21902.0,22596.0,0.6310370170346703,0.9590751932828065,0.9792406404089645,1.0,243.91637236140573,290.0790371592557,110.71982507354518,103.93506754752093,21345.940217666393,152.0,8740.0,31.900127701994336
307,15.35,172.5366849732327,202.10071440458313,403.2622746052609,183.99885985710716,0.9737194726604712,243.91637236140573,296.339157492766,245.32428319073978,325.1060286898035,28.766871197037517,0.09707414787983175,110.63724109508637,112.62878410387174,31.181396484375,113.50321202759237,112.44046160350705,103.93506473072331,110.63724109508637,76.0,0.47540983606557374,21348.798092709665,21000.5,348.29809270966507,8646.0,9254.0,808.0,0.08731359412146099,2,0,1.4545454545454546,0.9072063178677197,9.673691837432822,5.157793009675447,0.47540983606557374,4.0,4.0,4.0,4.0,36.0,48.0,152.0,0.9508196721311475,74,16.315989464786544,0.0,101,290.50314984753584,21344.06573192922,0.07169143383875579,0.6351225752523567,420.4172446456188,341.9944612110107,0.2951308223749043,0.28678268210048796,59.6241,0.979097,21834.3711,0.863906,21903.0,22596.0,0.6309587263478056,0.9590751932828065,0.9766257878432705,1.0,243.91637236140573,290.50314984753584,110.71974713369654,103.93506473072331,21344.06573192922,152.0,8728.0,31.32115444849262
308,15.4,172.5326774514037,202.10699054957632,403.4740161075672,183.96489934446606,0.9735812344611393,243.92282152943739,294.5192312186985,246.48417563616542,327.9452032212586,33.425972002560115,0.11349334257136945,110.72174438159067,112.62987958967321,31.968994140625,113.48865665120142,112.44017876802327,103.9350085177928,110.72174438159067,76.0,0.47540983606557374,21353.65252063768,21005.5,348.1525206376791,8640.0,9251.0,803.0,0.08680142687277051,2,0,1.4545454545454546,0.9008919722497523,9.712379554242066,5.189670807714755,0.47540983606557374,4.0,4.0,4.0,4.0,36.0,48.0,152.0,0.9508196721311475,72,16.313931630625895,0.0,100,290.50314984753584,21338.841117103748,0.007446490930992785,0.21444761648887956,420.4172446456188,341.9944612110107,0.2994596797118614,0.28676382457861815,59.7368,0.980758,21830.8164,0.863766,21907.0,22593.5,0.6309242647564391,0.9590751932828065,0.9793039389125437,1.0,243.91604132146125,290.50314984753584,110.717919120421,103.93502575604431,21338.841117103748,152.0,8721.0,31.900127701994336
309,15.45,172.55195684362621,202.1490669500037,403.81539670363696,184.0182469466638,0.9743052586575459,243.9058734960722,286.92168741530827,271.4057683349825,315.3597190204874,28.438031605179106,0.09911426306376113,110.71584226254939,112.62626619709846,31.57513427734375,113.53419881494972,112.44089475450524,103.93502575604431,110.71584226254939,76.0,0.47540983606557374,21335.08664536303,21001.0,334.0866453630297,8755.0,9356.0,799.0,0.08539974348011971,2,0,1.4545454545454546,0.8987090367428004,9.272272978986145,4.9103806768642455,0.47540983606557374,4.0,4.0,4.0,4.0,36.0,48.0,152.0,0.9508196721311475,77,16.353701643883173,0.0,97,290.50314984753584,21345.940217666393,0.04628302536992093,0.345523773470362,420.4172446456188,341.9944612110107,0.31753111683807733,0.28681338103431386,59.8496,0.982333,21827.4766,0.863634,21899.0,22589.5,0.6310148277868066,0.9590751932828065,0.9791168838632638,1.0,243.9153666332811,292.67095642166555,110.717919120421,103.93502575604431,21345.940217666393,152.0,8721.0,31.32115444849262
310,15.5,172.5518146963245,202.14671042708352,403.0022858307091,184.01886882427556,0.9744171122994653,243.90790662437064,285.3773599174515,303.33710952442044,310.2701858352945,24.892825917843027,0.08722775319332812,110.71558699344288,112.62610556511515,33.1689453125,113.53607462151345,112.44091350773522,103.57256716831249,110.71558699344288,76.0,0.47540983606557374,21336.512839428637,21000.0,336.51283942863665,8752.0,9350.0,797.0,0.08524064171122994,2,0,1.4761904761904763,0.9166666666666666,9.372135663503691,5.050902897706563,0.47540983606557374,4.0,4.0,4.0,4.0,36.0,48.0,152.0,0.9508196721311475,75,16.347355017871912,0.0,97,292.67095642166555,21345.940217666393,0.0023608062454710927,0.8131111107377839,420.4172446456188,341.9944612110107,0.32120443784839536,0.28680743611844817,59.9624,0.983823,21824.3438,0.86351,21899.0,22589.0,0.6310039636200997,0.9390927973928686,0.9791087936544823,1.0,243.9153666332811,292.7294797072087,110.717919120421,103.93502575604431,21345.940217666393,152.0,8721.0,31.228756336043602
311,15.55,172.64289058989218,202.23506804415936,403.3482291905723,183.96387799326422,0.9742710120068611,243.91604132146125,290.0790371592557,286.7232023585874,321.1736699216981,31.094632762442416,0.10719365682867742,110.71982507354518,112.72055743509583,31.57513427734375,113.50395107249514,112.44047462101605,103.52900942488394,110.71982507354518,76.0,0.47540983606557374,21326.419288990597,20993.5,332.9192889905971,8728.0,9328.0,791.0,0.08479845626072041,2,0,1.4761904761904763,0.9175257731958762,9.763169862312116,5.179105778234586,0.47540983606557374,4.0,4.0,4.0,4.0,36.0,48.0,152.0,0.9508196721311475,71,16.455324538148627,0.0,98,292.67095642166555,21338.841117103748,0.12689321055309502,0.3502867392990017,420.4172446456188,341.9944612110107,0.31002107821773284,0.2867836500692186,60.0752,0.98523,21821.4141,0.863394,21883.0,22588.0,0.6309604952834631,0.9390927973928686,0.9792431105458976,1.0,243.9153666332811,292.67095642166555,110.71963295059292,103.9350085177928,21338.841117103748,152.0,8711.0,31.228756336043602
312,15.6,172.63669953510652,202.08702983642655,403.33144008637373,183.96837919029778,0.9742240360863494,243.9235073721205,292.67095642166555,255.3383547319131,323.99211087015817,31.32115444849262,0.10701832129651663,110.71359165663337,112.62483884913183,31.57513427734375,113.46083366083187,112.35584865349638,103.52659462096312,110.71359165663337,76.0,0.47540983606557374,21331.308049974083,20991.0,340.3080499740827,8711.0,9311.0,785.0,0.08430888196756525,2,0,1.4761904761904763,0.9202072538860103,9.845908415185967,5.126120707482846,0.47540983606557374,4.0,4.0,4.0,4.0,36.0,48.0,152.0,0.9508196721311475,72,16.37918123803432,0.0,99,292.67095642166555,21336.512839428637,0.1481676081608315,0.01738202504096579,420.4172446456188,341.9944612110107,0.30385596654493585,0.28676181915817744,60.188,0.986555,21818.6875,0.863286,21870.0,22577.5,0.6309205999069313,0.9390927973928686,0.9790455557186455,1.0,243.91604132146125,292.67095642166555,110.71963295059292,103.93500055148954,21336.512839428637,152.0,8696.0,31.228756336043602
313,15.65,172.8600329837957,202.06657565264624,403.37634743746014,183.93313278202254,0.9746134020618556,243.90732565186474,292.7294797072087,258.76553134020213,326.4127513130869,33.68327160587819,0.11506620938748148,110.71519609613516,112.7160631026162,31.57513427734375,113.4487291389742,112.35524648657429,103.93500055148954,110.71519609613516,76.0,0.47540983606557374,21338.841117103748,20989.0,349.8411171037478,8721.0,9312.0,784.0,0.08419243986254296,2,0,1.4761904761904763,0.9176225234619395,10.135619961435758,5.081302794338298,0.47540983606557374,4.0,4.0,4.0,4.0,36.0,48.0,152.0,0.9508196721311475,73,16.600416551616647,0.0,99,292.67095642166555,21336.512839428637,0.22426814962789363,0.057087472162489133,420.4172446456188,341.9944612110107,0.30371676367852507,0.2868091348959776,60.3008,0.987799,21816.1562,0.863186,21867.0,22573.0,0.6310070680883032,0.9390927973928686,0.9790964049997215,1.0,243.91604132146125,290.0790371592557,110.71982507354518,103.57256716831249,21336.512839428637,152.0,8696.0,31.32115444849262
314,15.7,172.83652732189043,202.2944303753399,403.0571946355735,183.91781707890064,0.9740740740740741,243.9153666332811,294.42265590711554,258.80122924116097,325.65141224315914,31.228756336043602,0.1060677760678025,110.71963295059292,112.72037118580397,33.1689453125,113.50545491189769,112.44050070706672,103.93506918710226,110.71963295059292,76.0,0.47540983606557374,21348.620606012188,20993.0,355.62060601218764,8686.0,9288.0,782.0,0.08419465977605513,2,0,1.4761904761904763,0.9203354297693921,10.17333880547825,5.2103002458908305,0.47540983606557374,4.0,4.0,4.0,4.0,36.0,48.0,152.0,0.9508196721311475,71,16.6043158525713,0.0,100,292.67095642166555,21335.08664536303,0.22906394477398087,0.3195200802988696,420.4172446456188,341.9944612110107,0.2996893927239058,0.2867856228736252,60.4135,0.988964,21813.8145,0.863093,21863.0,22566.5,0.6309641005280853,0.9390927973928686,0.9792370216195221,1.0,243.91604132146125,290.0790371592557,110.71982507354518,103.52900942488394,21335.08664536303,152.0,8696.0,31.228756336043602
315,15.75,172.92766806238433,202.2363784951381,403.059898218323,183.90349603261387,0.9745894554883319,243.91667187481215,294.3649595387144,248.3894146358953,325.5059968919184,31.141037353204013,0.1057905716835444,110.72000444595328,112.72073129979991,33.1689453125,113.5025426957039,112.4404497015042,103.93506318250613,110.72000444595328,76.0,0.47540983606557374,21359.89495422642,20991.0,368.89495422641994,8668.0,9256.0,779.0,0.08416162489196197,2,0,1.4761904761904763,0.9177215189873418,10.528870303717392,5.2638991698088935,0.47540983606557374,4.0,4.0,4.0,4.0,36.0,48.0,152.0,0.9508196721311475,73,16.689595027352038,0.0,100,292.67095642166555,21335.426265009806,0.10805857380486822,0.014574008591698847,420.4172446456188,341.9944612110107,0.29982662869397114,0.28678180631611017,60.5263,0.990051,21811.6582,0.863008,21855.0,22561.5,0.6309571258764626,0.9390927973928686,0.9792487953710259,1.0,243.91604132146125,290.0790371592557,110.72000444595328,103.52659462096312,21335.426265009806,152.0,8689.0,31.228756336043602
316,15.8,173.4755016714173,202.2080364192647,403.8401550204892,183.97220867066812,0.9747871996552095,243.90424861688737,268.815056718955,248.08789435847171,306.0050053852665,37.189948666311466,0.13834771429932735,111.20489660432942,112.71727100586753,31.57513427734375,113.52978707981734,112.44084726591797,103.02979078719915,111.20489660432942,76.0,0.47540983606557374,21323.001366459066,20990.0,333.00136645906605,8696.0,9281.0,781.0,0.08415041482598858,2,0,1.5,0.9331872946330778,10.254044005377043,5.274347218064928,0.47540983606557374,4.0,4.0,4.0,4.0,36.0,48.0,152.0,0.9508196721311475,76,16.26446423263033,0.0,91,292.57943340489237,21332.036375571948,0.5485662552973083,0.7832765181945708,420.4172446456188,341.9944612110107,0.36059935660929754,0.2868181322199882,60.6391,0.991063,21809.6816,0.86293,21858.0,22564.5,0.6310235104451296,0.9399364377692879,0.9946164160418645,1.0,243.91667187481215,292.57943340489237,111.19978130129212,103.0326372325459,21332.036375571948,152.0,8686.0,31.32115444849262
317,15.85,173.44093646999082,201.99950974591323,404.53152706419826,184.02451027145577,0.9746873652436395,243.92981043154703,278.55773483898747,246.86465763300552,312.073120572429,33.51538573344152,0.12031755554306957,111.20691070397152,112.71369936181115,31.57513427734375,113.55633869983498,112.44106102250362,103.02825633162935,111.20691070397152,76.0,0.47540983606557374,21330.303065330714,20990.5,339.80306533071416,8689.0,9276.0,781.0,0.08419577404053472,2,0,1.5,0.9330406147091108,9.973400619623897,5.14160761387318,0.47540983606557374,4.0,4.0,4.0,4.0,36.0,48.0,152.0,0.9508196721311475,76,16.206621693009986,0.0,95,289.33085910205,21332.036375571948,0.2113720100880887,0.6933475032531672,420.4172446456188,341.9944612110107,0.33742552574456974,0.2867433888613703,60.7519,0.992002,21807.8789,0.862858,21857.0,22561.5,0.6308869190573629,0.9698811286711209,0.9946802486255809,1.0,243.9235073721205,292.57943340489237,111.19978130129212,103.03034059464036,21332.036375571948,152.0,8672.0,31.32115444849262
318,15.9,173.44129228002066,202.00004821312697,403.98510728005,183.92002643061605,0.9747158783418118,243.93727530095313,289.33085910205,247.85629330814513,334.04599023142697,44.71513112937697,0.15454670569241105,111.20740999546369,112.71273436156412,33.1689453125,113.56326815070179,112.44108816536357,103.02782772271252,111.20740999546369,76.0,0.47540983606557374,21340.38923926737,20990.0,350.3892392673697,8655.0,9239.0,779.0,0.08431648446801603,2,0,1.5,0.9330406147091108,9.937530989801958,5.019968681889239,0.47540983606557374,4.0,4.0,4.0,4.0,36.0,48.0,152.0,0.9508196721311475,76,16.36771365654583,0.0,98,289.33085910205,21335.426265009806,0.0006454050802521297,0.5563195605991775,420.4172446456188,341.9944612110107,0.3118006866109051,0.2867215614043417,60.8647,0.992869,21806.2402,0.862793,21842.0,22559.0,0.630847029992942,0.9698811286711209,0.9946960726023629,1.0,243.9218081475856,292.57943340489237,111.20166852594336,103.02979078719915,21335.426265009806,152.0,8668.0,31.228756336043602
319,15.95,173.3940730615043,202.04540169526288,404.3139086020136,183.909093168076,0.9743167028199566,243.9608079250625,292.57943340489237,246.76116639278405,305.08610107243754,12.506667667545173,0.0427462297058917,111.19978130129212,112.7246077315209,33.1689453125,113.46992127828318,112.43974119203816,103.0326372325459,111.19978130129212,76.0,0.47540983606557374,21332.036375571948,20989.0,343.03637557194816,8628.0,9220.0,777.0,0.08427331887201735,2,0,1.5,0.9318681318681319,10.421672527740977,5.334333282982551,0.47540983606557374,4.0,8.0,4.0,8.0,36.0,44.0,152.0,0.9508196721311475,71,16.337119947726205,0.0,99,289.33085910205,21335.426265009806,0.06547207755333058,0.32898304751885993,420.4172446456188,341.9944612110107,0.3040736622221203,0.28665275144751945,60.9774,0.993667,21804.7617,0.862735,21851.0,22562.5,0.6307212817302427,0.9698811286711209,0.9944542974442842,1.0,243.9218081475856,292.57943340489237,111.20407248808982,103.02825633162935,21335.426265009806,152.0,8663.0,31.141037353204013
320,16.0,173.47697799858943,202.26033043610212,404.0956474374605,183.97432665431177,0.9746004319654428,243.90900238186333,284.6250458102165,242.73206560203113,307.55794859215683,22.932902781940356,0.08057232882179896,111.20407248808982,112.71860359027616,32.78131103515625,113.51948510089089,112.44071796547784,103.03034059464036,111.20407248808982,76.0,0.47540983606557374,21335.426265009806,20988.5,346.92626500980623,8672.0,9260.0,777.0,0.08390928725701943,2,0,1.5,0.9306930693069307,10.055220344755691,5.109435766544631,0.47540983606557374,4.0,8.0,4.0,8.0,36.0,44.0,152.0,0.9508196721311475,72,16.43115225413602,0.0,97,290.7059665674794,21335.426265009806,0.2303640428361895,0.22780110552529576,420.4172446456188,341.9944612110107,0.3229938842063086,0.28680423209728123,61.0902,0.994399,21803.4336,0.862682,21846.0,22564.0,0.6309981083614424,0.957205670402225,0.9945902974389131,1.0,243.9218081475856,292.57943340489237,111.20487411660933,103.02791293237723,21335.426265009806,152.0,8663.0,24.410793107303732
321,16.05,173.45004590770537,202.02116380185336,403.8058340148422,183.9535352678765,0.9733831940167179,243.93580842851188,292.81782145070315,245.0079458025333,332.3075266637685,39.48970521306535,0.13486100339597523,111.20731268286539,112.71292520335913,31.57513427734375,113.56190553833343,112.35641185082088,103.02791293237723,111.20731268286539,76.0,0.47540983606557374,21329.165551731236,20985.5,343.6655517312356,8487.0,9092.0,775.0,0.0852397712274527,2,0,1.5,0.9283351708930541,9.941213223441283,5.1748864142967665,0.47540983606557374,4.0,8.0,4.0,8.0,36.0,44.0,152.0,0.9508196721311475,66,16.377672647802342,0.0,99,292.57943340489237,21335.426265009806,0.2406782425921959,0.2905582586670541,420.4172446456188,341.9944612110107,0.30350663494422714,0.2867258505745115,61.203,0.995067,21802.248,0.862635,21851.0,22567.0,0.6308548683309119,0.9399364377692879,0.9946929884875318,1.0,243.9218081475856,292.57943340489237,111.20489660432942,103.02782772271252,21335.426265009806,152.0,8663.0,22.932902781940356
322,16.1,173.40819904578132,202.12100799869089,403.7539231894368,183.9332822422226,0.9741712558039088,243.95394638232273,290.7059665674794,242.93400739349892,312.4306149331174,21.724648365638018,0.07473065868634396,111.19861346616001,112.72601950276606,32.78759765625,113.45740245782007,112.43940319876758,102.98614134207425,111.19861346616001,76.0,0.47540983606557374,21331.40931318487,20988.5,342.9093131848713,8663.0,9261.0,775.0,0.08368426735773675,2,0,1.5,0.9281767955801105,10.480184467870941,5.327657257046354,0.47540983606557374,4.0,8.0,4.0,8.0,36.0,44.0,152.0,0.9508196721311475,69,16.353792296868235,0.0,99,292.81782145070315,21336.817797956846,0.10825905733480767,0.05572179862861656,420.4172446456188,341.9944612110107,0.3085298705753057,0.28667281476291784,61.3158,0.995674,21801.1953,0.862594,21843.0,22565.0,0.6307579468754027,0.937739025710635,0.9944172854056148,1.0,243.92191470516792,292.57943340489237,111.20487411660933,102.98614134207425,21336.817797956846,152.0,8663.0,22.932902781940356
323,16.15,173.46317210024054,202.31295304051005,404.4440692798356,184.00832292658674,0.9743299193724123,243.9218081475856,296.462762298668,246.66070673663768,316.261213034728,19.798450736059976,0.06678225144550956,111.20166852594336,112.72214018172087,33.1689453125,113.49096395892188,112.44022695092845,102.98551672355708,111.20166852594336,76.0,0.47540983606557374,21336.817797956846,20987.0,349.81779795684633,8589.0,9178.0,775.0,0.08444105469601221,2,0,1.5,0.9269911504424779,10.156426978866488,5.138734147852205,0.47540983606557374,4.0,8.0,4.0,8.0,36.0,44.0,152.0,0.9508196721311475,68,16.423469793139454,0.0,101,296.462762298668,21340.38923926737,0.19966205397004907,0.6942137497936689,420.4172446456188,341.9944612110107,0.2948368172942939,0.28676678773143705,61.4286,0.996223,21800.2656,0.862557,21848.0,22563.5,0.6309296798349583,0.9041407093808305,0.9945141089963169,1.0,243.9218081475856,292.81782145070315,111.20441766000044,102.98552213907449,21340.38923926737,152.0,8655.0,22.02614431903686
324,16.2,173.48834330646596,202.30165446037466,403.959999888248,184.0132539351648,0.9745735086384875,243.91112415954825,306.23335531498225,247.0838291830094,330.644148422286,24.410793107303732,0.07971304459044162,111.20561694204476,112.71604821172198,32.78759765625,113.53904494899771,112.4409414439611,102.98417559730797,111.20561694204476,76.0,0.47540983606557374,21341.733801791648,20988.0,353.73380179164815,8618.0,9203.0,774.0,0.08410300988807998,2,0,1.5,0.9269911504424779,10.219137973375421,4.871876056404055,0.47540983606557374,4.0,8.0,4.0,8.0,36.0,44.0,152.0,0.9508196721311475,69,16.431773871944763,0.0,104,296.462762298668,21341.733801791648,0.027590714668499657,0.48409450597752457,420.4172446456188,341.9944612110107,0.2715965883532805,0.2867980279684851,61.5414,0.996718,21799.4473,0.862525,21847.0,22563.0,0.6309867704903884,0.9041407093808305,0.9946392456062799,1.0,243.9218081475856,292.81782145070315,111.20407248808982,102.98551672355708,21341.733801791648,152.0,8663.0,22.02614431903686
325,16.25,173.56834114624797,202.32138062384254,404.3179065746025,184.0041384485904,0.9750969409737182,243.90438109587132,310.59069929275427,245.19993938693764,325.84875943131897,15.258060138564701,0.04912594025934715,111.20487411660933,112.71730828100053,32.756591796875,113.52950198553515,112.44084403409838,102.98448433513198,111.20487411660933,76.0,0.47540983606557374,21348.351192685743,20991.5,356.8511926857427,8706.0,9284.0,774.0,0.08336923739767342,2,0,1.5,0.9289678135405105,10.765696609696265,4.8273381379332685,0.47540983606557374,4.0,8.0,4.0,8.0,36.0,44.0,152.0,0.9508196721311475,69,16.520642082592065,0.0,105,305.58159931017343,21343.30683874999,0.08239402827237917,0.3580227482056895,420.4172446456188,341.9944612110107,0.26123225617312706,0.2868177448482645,61.6541,0.997162,21798.7344,0.862496,21848.0,22560.0,0.6310228025341887,0.8200851421571388,0.994615703341636,1.0,243.9218081475856,292.81782145070315,111.20407248808982,102.98465974234571,21343.30683874999,152.0,8669.0,22.932902781940356
326,16.3,173.5678157150678,202.32147579233123,404.3848728294299,184.00403209557524,0.9753548387096774,243.9035729272395,310.65280189102884,245.18886618082527,326.0882302865197,15.435428395490874,0.04968707283993959,111.20501087820193,112.7170807677485,32.756591796875,113.53123939835346,112.44086342238353,102.98442971056006,111.20501087820193,76.0,0.47540983606557374,21348.33456114616,20991.5,356.8345611461591,8727.0,9300.0,773.0,0.08311827956989247,2,0,1.5,0.92880978865406,10.761039285118265,4.791883137886375,0.47540983606557374,4.0,8.0,4.0,8.0,36.0,44.0,152.0,0.9508196721311475,70,16.519688052881047,0.0,105,305.58159931017343,21348.33456114616,0.0005339803051874223,0.06696633928009457,420.4172446456188,341.9944612110107,0.26108453959140854,0.2868201079527105,61.7669,0.997559,21798.1094,0.862472,21841.0,22556.0,0.6310271210411663,0.8200851421571388,0.994620037708033,1.0,243.92191470516792,296.462762298668,111.20166852594336,102.98448433513198,21348.33456114616,152.0,8669.0,24.410793107303732
327,16.35,173.56250501323797,202.34370399822194,403.87904108071046,183.95041636555555,0.9750784207679828,243.92191470516792,291.44590671309487,245.261016908856,328.76613053083315,37.32022381773828,0.12805197451092373,111.20164734413405,112.72216926949164,33.181396484375,113.49072170347733,112.4402219510588,102.98552213907449,111.20164734413405,76.0,0.47540983606557374,21343.30683874999,20992.0,351.3068387499916,8669.0,9245.0,774.0,0.08372093023255814,2,0,1.5,0.92880978865406,10.867915345076707,4.954980490379199,0.47540983606557374,4.0,8.0,4.0,8.0,36.0,44.0,152.0,0.9508196721311475,69,16.51968598863737,0.0,99,305.58159931017343,21348.351192685743,0.022853811302393254,0.5086653168028359,420.4172446456188,341.9944612110107,0.3067698567912869,0.2867664761545128,61.8797,0.997913,21797.5703,0.86245,21843.0,22554.0,0.6309291104368838,0.8200851421571388,0.9945134376841394,1.0,243.92191470516792,296.462762298668,111.20164734413405,102.98442971056006,21348.351192685743,152.0,8674.0,24.410793107303732
328,16.4,173.5730278877425,202.35617572903595,404.56998621497155,183.99982510783934,0.9747423239665834,243.90703621691821,305.58159931017343,245.36860119362498,327.6077436292103,22.02614431903686,0.07207941960104652,111.20441766000044,112.718053678189,32.36279296875,113.52376407200614,112.44077479273705,102.98465974234571,111.20441766000044,76.0,0.47540983606557374,21364.702456535855,20992.0,372.70245653585516,8635.0,9217.0,775.0,0.08408375827275687,2,0,1.5,0.92880978865406,10.589982917580047,5.034547827899935,0.47540983606557374,4.0,8.0,4.0,8.0,36.0,44.0,152.0,0.9508196721311475,69,16.523430259254436,0.0,104,298.42484284477973,21364.534921528673,0.016317933611080117,0.6927094646192836,420.4172446456188,341.9944612110107,0.2731468482750832,0.2868099812106971,61.9925,0.998227,21797.1016,0.862432,21848.0,22552.5,0.6310086147046738,0.8860546537759431,0.9946012369249351,1.0,243.92191470516792,296.462762298668,111.20164734413405,102.98417559730797,21364.534921528673,152.0,8706.0,27.96389680006348
329,16.45,173.5482334025431,202.14450555469372,404.08404408109914,184.00460317882107,0.9751324467510001,243.92386024205175,290.465865026488,245.29819383853135,322.88208565216877,32.41622062568075,0.11160079213688213,111.12582222251486,112.71445758570567,32.36279296875,113.55082387290096,112.44103090319621,102.98376502546247,111.12582222251486,80.0,0.47540983606557374,21368.45422177949,20991.0,377.4542217794915,8674.0,9249.0,770.0,0.08325224348578225,2,0,1.45,0.9322799097065463,10.517320629110671,4.999409937930767,0.47540983606557374,4.0,8.0,4.0,8.0,36.0,44.0,152.0,0.9508196721311475,70,16.479574927240662,0.0,99,293.63160355843854,21364.534921528673,0.2131174070843913,0.4859656237171317,420.4172446456188,341.9944612110107,0.3091009735546656,0.28676078735804245,62.1053,0.998503,21796.6992,0.862416,21847.0,22554.0,0.6309187143211756,0.930237749333408,0.9921103225043306,1.0,243.92386024205175,293.63160355843854,111.1337822510649,102.98376502546247,21364.534921528673,152.0,8727.0,32.41622062568075
330,16.5,173.52606148977603,202.33332698312088,404.35850142998487,183.92203248301556,0.9754355775435577,243.99271318148965,286.91724507722887,245.33737875200688,334.7227818791987,47.80553680196982,0.16661785801373533,111.13173339473781,112.70672414054684,34.756591796875,113.60437862252829,112.4410007247635,102.98147953332698,111.13173339473781,80.0,0.47540983606557374,21364.534921528673,20994.5,370.0349215286733,8727.0,9298.0,769.0,0.08270595827059583,2,0,1.45,0.9333333333333333,9.922813816628105,4.695747739519265,0.47540983606557374,4.0,8.0,4.0,8.0,36.0,44.0,152.0,0.9508196721311475,70,17.26849711782672,0.0,97,291.52828224161277,21364.534921528673,0.19011871435769936,0.2866090650401548,420.4172446456188,341.9944612110107,0.31754168333632626,0.28655945971316166,62.218,0.998745,21796.3555,0.862402,21851.0,22553.0,0.630550793706976,0.9496257333621174,0.9922976644748557,1.0,243.94944820574852,293.63160355843854,111.13272283593881,102.98297020827437,21364.534921528673,152.0,8727.0,32.41622062568075
331,16.55,169.64136038014962,202.4713837323109,404.3811985749001,183.88041909284047,0.9790967741935483,247.9159868374877,298.42484284477973,244.9475727364338,333.3887261981503,34.96388335337059,0.11716143676267736,111.12939509253368,112.70998401408062,34.756591796875,113.58249909658954,112.4366926262244,102.98249712141322,111.12939509253368,80.0,0.4838709677419355,21458.3877637025,21083.5,374.8877637024998,8814.0,9300.0,682.0,0.07333333333333333,2,0,1.45,0.9333333333333333,7.515804347078709,4.700447518420468,0.4838709677419355,8.0,8.0,8.0,8.0,36.0,44.0,152.0,0.967741935483871,70,13.980810635719273,0.008461131676361755,101,291.52828224161277,21364.702456535855,3.8871535057326385,0.047400787220968035,420.4172446456188,341.9944612110107,0.2901698333132595,0.2750877135272566,62.3308,0.998957,21796.0645,0.862391,21852.0,22554.0,0.6095864998805621,0.9496257333621174,0.9922235569838064,1.0,243.9541588617913,293.63160355843854,111.13173339473781,102.98286933039502,21364.702456535855,152.0,8741.0,32.41622062568075
332,16.6,169.64768091886768,202.49577135421225,403.9346182294683,183.86682751154726,0.9789678255236449,247.90967980424824,293.63160355843854,246.57315452611493,321.595500358502,27.96389680006348,0.09523462890634696,111.12816438474881,112.71158925072612,33.1689453125,113.57136583263735,112.43667053023027,102.98297020827437,111.12816438474881,80.0,0.4838709677419355,21458.485444908627,21082.5,375.98544490862696,8775.0,9262.0,682.0,0.07363420427553444,2,0,1.45,0.9333333333333333,7.545999808203426,4.7333574993801095,0.4838709677419355,8.0,8.0,8.0,8.0,36.0,44.0,152.0,0.967741935483871,69,14.194881345355329,0.0,100,291.52828224161277,21364.702456535855,0.025193358483732987,0.4467871260545077,420.4172446456188,341.9944612110107,0.3015709814521318,0.27510615544358796,62.4436,0.999141,21795.8164,0.862381,21857.0,22555.0,0.6096202019644845,0.9496257333621174,0.9921845523307761,1.0,243.9541588617913,293.63160355843854,111.12939509253368,102.98249712141322,21364.702456535855,152.0,8741.0,33.443638396775725
333,16.65,169.6474871433598,202.49584817404678,404.12360506415877,183.86337154257646,0.9789813718100571,247.91106309558467,291.52828224161277,245.44715624428542,329.02946119751977,37.501178955906994,0.12863650369546914,111.12843579752531,112.71124134937415,33.181396484375,113.57379995664755,112.43667802113656,102.98286933039502,111.12843579752531,80.0,0.4838709677419355,21454.480340401504,21080.0,374.4803404015038,8799.0,9287.0,682.0,0.07343598578658339,2,0,1.45,0.9333333333333333,7.539405317830254,4.72132581401796,0.4838709677419355,8.0,8.0,8.0,8.0,36.0,44.0,152.0,0.967741935483871,69,14.159112891915084,0.0,99,293.63160355843854,21368.45422177949,0.00020844719818770437,0.18901843139717697,420.4172446456188,341.9944612110107,0.3065739192326662,0.27510211066657164,62.5564,0.999301,21795.6094,0.862373,21858.0,22553.0,0.6096128102481356,0.930237749333408,0.9921931541786765,1.0,243.99271318148965,293.9629164385093,111.12843579752531,102.98147953332698,21368.45422177949,152.0,8741.0,32.41622062568075
334,16.7,173.52472274168778,202.2878010768503,403.68273944083285,183.9834003423421,0.9750804203302594,243.9541588617913,278.03367252867304,246.6030915873503,320.51236733667236,42.47869480799932,0.15278255479511596,111.1337822510649,112.70361136206012,34.3751220703125,113.6244372582682,112.44510934477643,102.980442902264,111.1337822510649,80.0,0.47540983606557374,21359.638278946793,20993.5,366.13827894679343,8745.0,9326.0,770.0,0.08256487239974265,2,0,1.45,0.9323562570462233,9.867884481157624,4.654538855489633,0.47540983606557374,4.0,8.0,4.0,8.0,36.0,44.0,152.0,0.9508196721311475,72,17.260187808792875,0.008461131676361755,94,297.2047426321276,21444.666791588672,3.8828133459636787,0.4569129135882791,420.4172446456188,341.9944612110107,0.33867205479871487,0.2866721934678599,62.6692,0.99944,21795.4355,0.862366,21861.0,22553.0,0.6307568114761412,0.8973012870159961,0.9923625985974227,1.0,247.88793740989416,293.9629164385093,111.12816438474881,102.98099717113733,21444.666791588672,152.0,8741.0,32.41622062568075
335,16.75,173.5409980497138,202.33109348900618,403.8761630955434,183.7616193124456,0.9751099667417659,243.94944820574852,297.2047426321276,246.62548597726962,326.94778870352104,29.74304607139345,0.10007594699862724,111.13272283593881,112.70525318217881,33.181396484375,113.61395370954958,112.44525175150662,102.98099717113733,111.13272283593881,80.0,0.47540983606557374,21357.93402891887,20995.5,362.43402891886944,8741.0,9321.0,770.0,0.08260916210707006,2,0,1.45,0.9323562570462233,9.896628698942964,4.632359804412923,0.47540983606557374,4.0,8.0,4.0,8.0,36.0,44.0,152.0,0.9508196721311475,70,17.2817293032391,0.0,101,293.9629164385093,21444.666791588672,0.04625060649999801,0.2942779900426519,420.4172446456188,341.9944612110107,0.29307195074110337,0.2866859675390133,62.782,0.999559,21795.293,0.86236,21861.0,22553.5,0.6307819832041559,0.9271837752325741,0.9923290226991338,1.0,247.88793740989416,293.9629164385093,111.12843579752531,102.980442902264,21444.666791588672,152.0,8741.0,30.553608955368816
336,16.8,169.654001358841,202.49577247777512,403.8341730641158,183.90404639790745,0.9785921547555079,247.89157577832776,309.3437409946963,248.5103943034922,339.8973499500651,30.553608955368816,0.09876911961148313,111.12453828892826,112.71593530504028,33.181396484375,113.53989070083347,112.4454569754624,102.53126325567156,111.12453828892826,80.0,0.4838709677419355,21463.064177053016,21085.5,377.56417705301646,8807.0,9305.0,682.0,0.07329392799570124,2,0,1.45,0.9333333333333333,7.630907676745734,4.763938637415024,0.4838709677419355,8.0,8.0,8.0,8.0,36.0,44.0,152.0,0.967741935483871,65,14.380012762936936,0.008461131676361755,105,293.96400986630937,21444.666791588672,3.8904835745956072,0.14848783590735687,420.4172446456188,341.9944612110107,0.26419825795811347,0.2751590920492172,62.8947,0.999659,21795.1777,0.862356,21862.0,22555.5,0.6097169421238812,0.9271736962396239,0.9920696309732665,1.0,247.88793740989416,293.9629164385093,111.12843579752531,102.53390649744608,21444.666791588672,152.0,8741.0,29.74304607139345
337,16.85,173.56221332502437,202.32357952468328,403.83009218168155,183.8976963625867,0.9739158929546696,243.9221233516289,308.4042218863284,248.4967281241184,341.8478602831041,33.443638396775725,0.10844092273517053,111.11838853729441,112.72222620833435,34.3751220703125,113.49024710813765,112.44483529761153,102.53390649744608,111.11838853729441,76.0,0.47540983606557374,21335.53029389688,20994.0,341.53029389688163,8558.0,9155.0,769.0,0.08399781540141998,2,0,1.45,0.935374149659864,10.679312437190292,5.123691595999745,0.47540983606557374,4.0,8.0,4.0,8.0,36.0,44.0,152.0,0.9508196721311475,66,17.31627871799417,0.008461131676361755,105,293.96400986630937,21359.638278946793,3.912003474655091,0.0075482812624635045,420.4172446456188,341.9944612110107,0.2664329881465952,0.28676586606726095,63.0075,0.999744,21795.0859,0.862352,21865.0,22556.5,0.6309279955195731,0.9271736962396239,0.9918747277381937,1.0,244.0002375098762,293.63160355843854,111.12843579752531,102.5316277721054,21359.638278946793,152.0,8726.0,28.896930686699022
338,16.9,169.64861151414874,202.46611279874767,404.60818025053504,183.9048040519392,0.9784862285838213,247.9080250839636,293.9629164385093,248.4766813389558,322.8598471252083,28.896930686699022,0.09830127907559945,111.12783863248455,112.71200238312463,34.3751220703125,113.47963943944896,112.436659644059,102.52947506533457,111.12783863248455,80.0,0.4838709677419355,21444.666791588672,21081.5,363.1667915886719,8726.0,9222.0,680.0,0.07373671654738669,2,0,1.45,0.9459148446490219,7.202863006645476,4.97161885622279,0.4838709677419355,8.0,8.0,8.0,8.0,36.0,44.0,152.0,0.967741935483871,70,13.986977799424382,0.008461131676361755,100,293.96400986630937,21357.93402891887,3.91619647978808,0.7781205318844174,420.4172446456188,341.9944612110107,0.3007829241488448,0.2751109938853534,63.1203,0.999813,21795.0117,0.862349,21866.0,22555.5,0.6096290440808623,0.9271736962396239,0.992174228308943,1.0,244.0002375098762,292.63928557134915,111.13272283593881,102.53126325567156,21357.93402891887,152.0,8714.0,28.896930686699022
339,16.95,169.65416984871308,202.49072706416163,404.5400523011237,183.92126562987434,0.9784360705728599,247.88793740989416,293.96400986630937,248.4766813389558,321.15612633728034,27.192116470970973,0.09250151569009267,111.12379359547562,112.71676402842529,33.1689453125,113.44319673260777,112.43636653967143,102.5316277721054,111.12379359547562,76.0,0.4838709677419355,21451.159469298094,21080.5,370.65946929809434,8687.0,9182.0,680.0,0.07405793944674363,2,0,1.45,0.9459148446490219,7.2966650640932365,5.120998818472216,0.4838709677419355,8.0,8.0,8.0,8.0,36.0,44.0,152.0,0.967741935483871,70,14.4827034533042,0.0,100,293.9629164385093,21355.550999577685,0.025234047336841682,0.07008852287721336,420.4172446456188,341.9944612110107,0.30078032333307425,0.2751697307257054,63.2331,0.999868,21794.957,0.862347,21866.0,22555.5,0.6097363840062424,0.9271837752325741,0.992046029505809,1.0,244.0001302589905,292.63928557134915,111.13354901436945,102.52947506533457,21355.550999577685,152.0,8689.0,27.192116470970973
340,17.0,173.51833484291626,202.23715530545977,404.2548986932784,183.95127368106452,0.9751991388589882,243.95611713713464,292.27085139812965,248.4766813389558,315.30454090252243,23.033689504392783,0.07880939681191959,111.13415012368534,112.70302409485218,35.5751953125,113.54214634187042,112.44075269263784,102.52508807253034,111.13415012368534,80.0,0.47540983606557374,21351.181243882682,20995.0,356.1812438826819,8714.0,9290.0,768.0,0.08266953713670613,2,0,1.45,0.9448909299655568,9.552319866532136,4.756475118101761,0.47540983606557374,4.0,8.0,4.0,8.0,32.0,44.0,156.0,0.9344262295081968,74,17.248816194668283,0.008461131676361755,99,292.63928557134915,21355.550999577685,3.8724759184837305,0.28672820440867847,420.4172446456188,341.9944612110107,0.3048076521111954,0.28666646742382873,63.3459,0.999912,21794.9141,0.862345,21867.0,22556.5,0.6307463472915621,0.9393847327881873,0.9923742575339275,1.0,244.0001302589905,292.63928557134915,111.13354901436945,102.52557216535482,21355.550999577685,156.0,8687.0,23.05107282651943
341,17.05,173.51669496584097,202.23874862345613,404.0159259886455,183.97253300878592,0.9752350081037278,244.0001302589905,292.63928557134915,247.35182956500898,315.3027842193891,22.663498648039933,0.07744516804636023,111.13354901436945,112.70397902049963,35.5751953125,113.53582926064985,112.4408295432181,102.52557216535482,111.13354901436945,80.0,0.47540983606557374,21352.28994493427,20994.5,357.78994493426944,8682.0,9255.0,767.0,0.08287412209616424,2,0,1.45,0.9459148446490219,9.568876479522695,4.783156404105841,0.47540983606557374,4.0,8.0,4.0,8.0,32.0,44.0,156.0,0.9344262295081968,75,17.248131640956533,0.0,99,292.63643491666255,21355.550999577685,0.002286451193358957,0.23991646999470911,420.4172446456188,341.9944612110107,0.30393129849365996,0.2865377720008092,63.4586,0.999945,21794.8848,0.862344,21865.0,22556.0,0.6305111600220241,0.9394110095377706,0.992355206658823,1.0,244.0001302589905,292.63643491666255,111.1335591705606,102.52556411842758,21355.550999577685,156.0,8683.0,23.05107282651943
342,17.1,173.51672862777076,202.23874816002876,404.01857708845694,183.97245947954414,0.9752376836646499,244.0002375098762,292.63643491666255,247.35182956500898,315.3050888188854,22.668653902222843,0.07746353904522674,111.1335591705606,112.70396308542692,35.5751953125,113.53593526666893,112.44082833195056,102.52556411842758,111.1335591705606,80.0,0.47540983606557374,21352.288671585437,20994.5,357.78867158543653,8683.0,9256.0,767.0,0.08286516853932584,2,0,1.45,0.9459148446490219,9.568598850253037,4.782565182919898,0.47540983606557374,4.0,8.0,4.0,8.0,32.0,44.0,156.0,0.9344262295081968,75,17.24815725190777,0.0,99,292.63643491666255,21355.550999577685,3.36651196669649e-05,0.0026521192958768444,420.4172446456188,341.9944612110107,0.30393807903066905,0.28653745839664935,63.5714,0.999969,21794.8633,0.862343,21863.0,22555.0,0.6305105869192336,0.9394110095377706,0.9923555285375962,1.0,243.9719384603884,292.63643491666255,111.1335591705606,102.52556411842758,21355.550999577685,156.0,8683.0,23.033689504392783
343,17.15,173.51672862777076,202.23874816002876,404.01857708845694,183.97245947954414,0.9752376836646499,244.0002375098762,292.63643491666255,247.35182956500898,315.3050888188854,22.668653902222843,0.07746353904522674,111.1335591705606,112.70396308542692,35.5751953125,113.53593526666893,112.44082833195056,102.52556411842758,111.1335591705606,80.0,0.47540983606557374,21352.288671585437,20994.5,357.78867158543653,8683.0,9256.0,767.0,0.08286516853932584,2,0,1.45,0.9459148446490219,9.568598850253037,4.782565182919898,0.47540983606557374,4.0,8.0,4.0,8.0,32.0,44.0,156.0,0.9344262295081968,75,17.24815725190777,0.0,99,292.62911528507254,21361.992185489617,0.0,0.0,420.4172446456188,341.9944612110107,0.30393807903066905,0.28653745839664935,63.6842,0.999985,21794.8516,0.862343,21863.0,22554.0,0.6305105869192336,0.9394784803988453,0.9923555285375962,1.0,243.9719384603884,292.62911528507254,111.13382500979252,102.52535188693676,21361.992185489617,156.0,8683.0,23.033689504392783
344,17.2,173.5176128263451,202.2387360813199,403.97121344214924,183.9549543912501,0.9752132138615999,243.95438591718272,292.62911528507254,248.4766813389558,315.1244286027288,22.49531331765627,0.07687312076155461,111.13382500979252,112.70354356966071,35.5751953125,113.53871878255626,112.44079557003504,102.52535188693676,111.13382500979252,80.0,0.47540983606557374,21355.550999577685,20994.5,361.0509995776847,8689.0,9263.0,768.0,0.08291050415632084,2,0,1.45,0.9448909299655568,9.561306334906748,4.791077032042001,0.47540983606557374,4.0,8.0,4.0,8.0,32.0,44.0,156.0,0.9344262295081968,75,17.248772404850907,0.0,99,292.62911528507254,21361.992185489617,0.0008842810718730941,0.05049498101537235,420.4172446456188,341.9944612110107,0.3039554894287515,0.28667152955245434,63.797,0.999994,21794.8438,0.862342,21863.0,22554.0,0.630755598189392,0.9394784803988453,0.9923639537439126,1.0,243.9719334869436,292.27085139812965,111.13415012368534,102.52508807253034,21361.992185489617,156.0,8682.0,23.033689504392783
345,17.25,173.5187943513919,202.20886573152606,404.30493908880277,183.91048828194963,0.9748886716628653,243.9719334869436,291.9895826110189,248.41719263052616,315.0406554375383,23.05107282651943,0.07894484666333965,111.13704335629619,112.69805906799695,33.5751953125,113.57389585289542,112.44022131007131,102.48024472459359,111.13704335629619,80.0,0.47540983606557374,21361.992293213596,20994.5,367.492293213596,8629.0,9207.0,768.0,0.08341479309221245,2,0,1.45,0.9448909299655568,9.468727217641757,4.659579022470984,0.47540983606557374,4.0,8.0,4.0,8.0,32.0,44.0,156.0,0.9344262295081968,74,17.244444414880064,0.0,99,292.17498358698396,21361.992185489617,0.029893708338754578,0.33667497992966755,420.4172446456188,341.9944612110107,0.30547667506563647,0.2866202200379705,63.9098,0.999999,21794.8418,0.862342,21863.0,22554.0,0.6306618314933461,0.9436645731460818,0.9924659523582465,1.0,243.9719334869436,292.17498358698396,111.13687252977176,102.48036447871876,21361.992185489617,156.0,8674.0,23.033689504392783
346,17.3,173.5187943513919,202.20886573152606,404.30493908880277,183.91048828194963,0.9748886716628653,243.9719334869436,291.9895826110189,248.41719263052616,315.0406554375383,23.05107282651943,0.07894484666333965,111.13704335629619,112.69805906799695,33.5751953125,113.57389585289542,112.44022131007131,102.48024472459359,111.13704335629619,80.0,0.47540983606557374,21361.992293213596,20994.5,367.492293213596,8629.0,9207.0,768.0,0.08341479309221245,2,0,1.45,0.9448909299655568,9.468727217641757,4.659579022470984,0.47540983606557374,4.0,8.0,4.0,8.0,32.0,44.0,156.0,0.9344262295081968,74,17.244444414880064,0.0,99,291.9895826110189,21361.992293213596,0.0,0.0,420.4172446456188,341.9944612110107,0.30547667506563647,0.2866202200379705,64.0226,1.0,21794.8398,0.862342,21863.0,22554.0,0.6306618314933461,0.9453735612746017,0.9924659523582465,1.0,243.9719334869436,291.9895826110189,111.13687252977176,102.48036447871876,21361.992293213596,156.0,8674.0,23.05107282651943
347,17.35,173.51879958552917,202.2088654961547,404.0686285084568,183.91445416047256,0.974885943949598,243.9719384603884,292.17498358698396,248.41719263052616,315.0836680300305,22.908684443046525,0.07840741244099818,111.13704424343513,112.69805744232067,35.5751953125,113.57390596455113,112.44022110191797,102.48024409889638,111.13704424343513,80.0,0.47540983606557374,21361.992185489617,20994.5,367.49218548961653,8628.0,9206.0,768.0,0.08342385400825549,2,0,1.45,0.9448909299655568,9.468700493098869,4.661083336431916,0.47540983606557374,4.0,8.0,4.0,8.0,32.0,44.0,156.0,0.9344262295081968,74,17.244449253330806,0.0,99,291.9895826110189,21361.992293213596,5.239426740020108e-06,0.23634385664937838,420.4172446456188,341.9944612110107,0.30503568227020217,0.2866202054954988,64.1353,1.0,21794.8398,0.862342,21863.0,22554.0,0.6306618049173875,0.9453735612746017,0.9924659804742192,1.0,243.97097733465023,291.9895826110189,111.13687252977176,102.48036447871876,21361.992293213596,156.0,8674.0,23.05107282651943
348,17.4,173.51850416735866,202.21319680113788,403.6399455722001,183.92525716427778,0.9750513458004539,243.97097733465023,288.7819920827638,248.3447600909779,313.0538175294141,24.271825446650325,0.08404895773311971,111.13687252977176,112.69837083055839,35.5751953125,113.57195341425675,112.44026083319726,102.48036447871876,111.13687252977176,80.0,0.47540983606557374,21362.01289584276,20994.5,367.51289584275946,8674.0,9251.0,768.0,0.08301805210247541,2,0,1.45,0.9448909299655568,9.473859764154984,4.612960938098308,0.47540983606557374,4.0,8.0,4.0,8.0,32.0,44.0,156.0,0.9344262295081968,75,17.24470357113886,0.0,98,288.7819920827638,21361.992293213596,0.004341367843540835,0.4288190349423766,420.4172446456188,341.9944612110107,0.31310621588278076,0.28662301585018923,64.2481,1.0,21794.8398,0.862342,21863.0,22554.0,0.6306669407616201,0.9749404721573866,0.9924605383766374,1.0,243.97097733465023,288.8884954747043,111.13687252977176,102.48036447871876,21361.992293213596,156.0,8674.0,24.271825446650325
349,17.45,173.51850416735866,202.21319680113788,403.6399455722001,183.92525716427778,0.9750513458004539,243.97097733465023,288.7819920827638,248.3447600909779,313.0538175294141,24.271825446650325,0.08404895773311971,111.13687252977176,112.69837083055839,35.5751953125,113.57195341425675,112.44026083319726,102.48036447871876,111.13687252977176,80.0,0.47540983606557374,21362.01289584276,20994.5,367.51289584275946,8674.0,9251.0,768.0,0.08301805210247541,2,0,1.45,0.9448909299655568,9.473859764154984,4.612960938098308,0.47540983606557374,4.0,8.0,4.0,8.0,32.0,44.0,156.0,0.9344262295081968,75,17.24470357113886,0.0,98,288.7819920827638,21362.01289584276,0.0,0.0,420.4172446456188,341.9944612110107,0.31310621588278076,0.28662301585018923,64.3609,1.0,21794.8398,0.862342,21863.0,22554.0,0.6306669407616201,0.9749404721573866,0.9924605383766374,1.0,243.97097733465023,288.7819920827638,111.13687252977176,102.48036447871876,21362.01289584276,156.0,8674.0,24.271825446650325
350,17.5,173.51850416735866,202.21319680113788,403.6399455722001,183.92525716427778,0.9750513458004539,243.97097733465023,288.7819920827638,248.3447600909779,313.0538175294141,24.271825446650325,0.08404895773311971,111.13687252977176,112.69837083055839,35.5751953125,113.57195341425675,112.44026083319726,102.48036447871876,111.13687252977176,80.0,0.47540983606557374,21362.01289584276,20994.5,367.51289584275946,8674.0,9251.0,768.0,0.08301805210247541,2,0,1.45,0.9448909299655568,9.473859764154984,4.612960938098308,0.47540983606557374,4.0,8.0,4.0,8.0,32.0,44.0,156.0,0.9344262295081968,75,17.24470357113886,0.0,98,288.7819920827638,21362.01289584276,0.0,0.0,420.4172446456188,341.9944612110107,0.31310621588278076,0.28662301585018923,64.4737,1.0,21794.8398,0.862342,21863.0,22554.0,0.6306669407616201,0.9749404721573866,0.9924605383766374,1.0,243.97097733465023,288.7819920827638,111.13687252977176,102.48036447871876,21362.01289584276,156.0,8674.0,24.271825446650325
351,17.55,173.51850416735866,202.21319680113788,403.6399455722001,183.92525716427778,0.9750513458004539,243.97097733465023,288.7819920827638,248.3447600909779,313.0538175294141,24.271825446650325,0.08404895773311971,111.13687252977176,112.69837083055839,35.5751953125,113.57195341425675,112.44026083319726,102.48036447871876,111.13687252977176,80.0,0.47540983606557374,21362.01289584276,20994.5,367.51289584275946,8674.0,9251.0,768.0,0.08301805210247541,2,0,1.45,0.9448909299655568,9.473859764154984,4.612960938098308,0.47540983606557374,4.0,8.0,4.0,8.0,32.0,44.0,156.0,0.9344262295081968,75,17.24470357113886,0.0,98,288.7819920827638,21362.01289584276,0.0,0.0,420.4172446456188,341.9944612110107,0.31310621588278076,0.28662301585018923,64.5865,1.0,21794.8398,0.862342,21863.0,22554.0,0.6306669407616201,0.9749404721573866,0.9924605383766374,1.0,243.97097733465023,288.7819920827638,111.13687252977176,102.48036447871876,21362.01289584276,156.0,8674.0,24.271825446650325
352,17.6,173.51971802729594,202.2338791680171,403.6124015287314,183.9260799072134,0.975018908698001,243.96996921762687,288.77504801063503,248.3447600909779,313.0800233867322,24.30497537609716,0.08416577382129656,111.13669183403158,112.69869787127146,35.5751953125,113.56990871822495,112.44030144288018,102.4804895887118,111.13669183403158,80.0,0.47540983606557374,21362.03438757794,20994.5,367.5343875779399,8677.0,9255.0,768.0,0.08298217179902755,2,0,1.45,0.9448909299655568,9.479259907815159,4.619055226497403,0.47540983606557374,4.0,8.0,4.0,8.0,32.0,44.0,156.0,0.9344262295081968,75,17.248266765445564,0.0,98,288.7819920827638,21362.01289584276,0.02071795732387105,0.027556328429982572,420.4172446456188,341.9944612110107,0.3131227329791112,0.28662596360852366,64.6992,1.0,21794.8398,0.862342,21863.0,22554.0,0.6306723277071514,0.9749404721573866,0.9924548116113268,1.0,243.97097733465023,288.7819920827638,111.13687252977176,102.48036447871876,21362.01289584276,156.0,8674.0,24.287200629635095
353,17.65,173.5175551554219,202.18279044634744,403.6140331294606,183.9265536798607,0.9749540391478317,243.9731231254384,288.8884954747043,248.3447600909779,313.1835593579353,24.295063883230966,0.08409841258409785,111.1372551380793,112.69766901354015,35.5751953125,113.57631691808132,112.440170758069,102.4800942315143,111.1372551380793,80.0,0.47540983606557374,21361.96636027074,20993.5,368.46636027074055,8668.0,9247.0,768.0,0.08305396344760463,2,0,1.45,0.9448909299655568,9.462326612020501,4.619562920898451,0.47540983606557374,4.0,8.0,4.0,8.0,32.0,44.0,156.0,0.9344262295081968,75,17.240470424997138,0.0,98,288.7796279511733,21362.03438757794,0.05113448441691058,0.0016989942497838333,420.4172446456188,341.9944612110107,0.3128528880440755,0.28661674150650374,64.812,1.0,21794.8398,0.862342,21863.0,22554.0,0.6306554745748288,0.9749622642369662,0.992472664329252,1.0,243.96996921762687,288.7796279511733,111.13669183403158,102.4804895887118,21362.03438757794,156.0,8675.0,24.287200629635095
354,17.7,173.51946911514287,202.23388744531366,403.6263632754044,183.92203556888774,0.9750135091321733,243.9697320121375,288.7796279511733,248.3447600909779,313.0668285808084,24.287200629635095,0.08410288773466236,111.1366492302366,112.69877457523208,35.5751953125,113.56942810168715,112.4403108405627,102.48051885542391,111.1366492302366,80.0,0.47540983606557374,21362.039410250007,20993.5,368.53941025000677,8675.0,9253.0,768.0,0.08300010807305738,2,0,1.45,0.9448909299655568,9.480528853322863,4.62253513308941,0.47540983606557374,4.0,8.0,4.0,8.0,32.0,44.0,156.0,0.9344262295081968,75,17.24805601683269,0.0,98,288.7796279511733,21362.039410250007,0.05113283236010881,0.01313186299651116,420.4172446456188,341.9944612110107,0.31311183918111263,0.2866266572030588,64.9248,1.0,21794.8398,0.862342,21863.0,22554.0,0.6306735952316761,0.9749622642369662,0.9924534613750957,1.0,243.9697320121375,288.7796279511733,111.1366492302366,102.48051885542391,21362.039410250007,156.0,8675.0,24.295063883230966
355,17.75,173.51946911514287,202.23388744531366,403.6263632754044,183.92203556888774,0.9750135091321733,243.9697320121375,288.7796279511733,248.3447600909779,313.0668285808084,24.287200629635095,0.08410288773466236,111.1366492302366,112.69877457523208,35.5751953125,113.56942810168715,112.4403108405627,102.48051885542391,111.1366492302366,80.0,0.47540983606557374,21362.039410250007,20993.5,368.53941025000677,8675.0,9253.0,768.0,0.08300010807305738,2,0,1.45,0.9448909299655568,9.480528853322863,4.62253513308941,0.47540983606557374,4.0,8.0,4.0,8.0,32.0,44.0,156.0,0.9344262295081968,75,17.24805601683269,0.0,98,288.77504801063503,21362.039410250007,0.0,0.0,420.4172446456188,341.9944612110107,0.31311183918111263,0.2866266572030588,65.0376,1.0,21794.8398,0.862342,21863.0,22554.0,0.6306735952316761,0.9750044811884603,0.9924534613750957,1.0,243.9697320121375,288.77504801063503,111.1366492302366,102.48051885542391,21362.039410250007,156.0,8677.0,24.30497537609716
356,17.8,173.51853594149574,202.2339226181319,404.7328297260319,183.89836916975702,0.9749783923941227,243.96872376214608,281.76240012095576,243.31466428037868,312.98806771284956,31.225667591893796,0.11082269166677013,111.13646777378044,112.6990995618782,34.3751220703125,113.56738730379797,112.44035011899288,102.48064253063798,111.13646777378044,80.0,0.47540983606557374,21362.06061443703,20993.5,368.56061443702856,8677.0,9256.0,768.0,0.08297320656871218,2,0,1.45,0.9448909299655568,9.485915422879224,4.623541740421272,0.47540983606557374,4.0,8.0,4.0,8.0,32.0,44.0,156.0,0.9344262295081968,77,17.24739579078724,0.0,96,281.76240012095576,21362.06061443703,0.0009338362719642275,1.1067195240041992,420.4172446456188,341.9944612110107,0.3298029428872238,0.2866296053501951,65.1504,1.0,21794.8398,0.862342,21863.0,22554.0,0.6306789828877318,1.0,0.9924477105005179,1.0,243.96872376214608,281.76240012095576,111.13646777378044,102.48064253063798,21362.06061443703,156.0,8677.0,31.225667591893796
357,17.85,173.51853594149574,202.2339226181319,404.7328297260319,183.89836916975702,0.9749783923941227,243.96872376214608,281.76240012095576,243.31466428037868,312.98806771284956,31.225667591893796,0.11082269166677013,111.13646777378044,112.6990995618782,34.3751220703125,113.56738730379797,112.44035011899288,102.48064253063798,111.13646777378044,80.0,0.47540983606557374,21362.06061443703,20993.5,368.56061443702856,8677.0,9256.0,768.0,0.08297320656871218,2,0,1.45,0.9448909299655568,9.485915422879224,4.623541740421272,0.47540983606557374,4.0,8.0,4.0,8.0,32.0,44.0,156.0,0.9344262295081968,77,17.24739579078724,0.0,96,281.76240012095576,21362.06061443703,0.0,0.0,420.4172446456188,341.9944612110107,0.3298029428872238,0.2866296053501951,65.2632,1.0,21794.8398,0.862342,21863.0,22554.0,0.6306789828877318,1.0,0.9924477105005179,1.0,243.96872376214608,281.76240012095576,111.13646777378044,102.48064253063798,21362.06061443703,156.0,8677.0,31.225667591893796
358,17.9,173.51853594149574,202.2339226181319,404.7328297260319,183.89836916975702,0.9749783923941227,243.96872376214608,281.76240012095576,243.31466428037868,312.98806771284956,31.225667591893796,0.11082269166677013,111.13646777378044,112.6990995618782,34.3751220703125,113.56738730379797,112.44035011899288,102.48064253063798,111.13646777378044,80.0,0.47540983606557374,21362.06061443703,20993.5,368.56061443702856,8677.0,9256.0,768.0,0.08297320656871218,2,0,1.45,0.9448909299655568,9.485915422879224,4.623541740421272,0.47540983606557374,4.0,8.0,4.0,8.0,32.0,44.0,156.0,0.9344262295081968,77,17.24739579078724,0.0,96,281.76240012095576,21362.06061443703,0.0,0.0,420.4172446456188,341.9944612110107,0.3298029428872238,0.2866296053501951,65.3759,1.0,21794.8398,0.862342,21863.0,22554.0,0.6306789828877318,1.0,0.9924477105005179,1.0,243.96872376214608,281.76240012095576,111.13646777378044,102.48064253063798,21362.06061443703,156.0,8677.0,31.225667591893796
359,17.95,173.51853594149574,202.2339226181319,404.7328297260319,183.89836916975702,0.9749783923941227,243.96872376214608,281.76240012095576,243.31466428037868,312.98806771284956,31.225667591893796,0.11082269166677013,111.13646777378044,112.6990995618782,34.3751220703125,113.56738730379797,112.44035011899288,102.48064253063798,111.13646777378044,80.0,0.47540983606557374,21362.06061443703,20993.5,368.56061443702856,8677.0,9256.0,768.0,0.08297320656871218,2,0,1.45,0.9448909299655568,9.485915422879224,4.623541740421272,0.47540983606557374,4.0,8.0,4.0,8.0,32.0,44.0,156.0,0.9344262295081968,77,17.24739579078724,0.0,96,281.76240012095576,21362.06061443703,0.0,0.0,420.4172446456188,341.9944612110107,0.3298029428872238,0.2866296053501951,65.4887,1.0,21794.8398,0.862342,21863.0,22554.0,0.6306789828877318,1.0,0.9924477105005179,1.0,243.96872376214608,281.76240012095576,111.13646777378044,102.48064253063798,21362.06061443703,156.0,8677.0,31.225667591893796
360,18.0,173.51853594149574,202.2339226181319,404.7328297260319,183.89836916975702,0.9749783923941227,243.96872376214608,281.76240012095576,243.31466428037868,312.98806771284956,31.225667591893796,0.11082269166677013,111.13646777378044,112.6990995618782,34.3751220703125,113.56738730379797,112.44035011899288,102.48064253063798,111.13646777378044,80.0,0.47540983606557374,21362.06061443703,20993.5,368.56061443702856,8677.0,9256.0,768.0,0.08297320656871218,2,0,1.45,0.9448909299655568,9.485915422879224,4.623541740421272,0.47540983606557374,4.0,8.0,4.0,8.0,32.0,44.0,156.0,0.9344262295081968,77,17.24739579078724,0.0,96,281.76240012095576,21362.06061443703,0.0,0.0,420.4172446456188,341.9944612110107,0.3298029428872238,0.2866296053501951,65.6015,1.0,21794.8398,0.862342,21863.0,22554.0,0.6306789828877318,1.0,0.9924477105005179,1.0,243.96872376214608,281.76240012095576,111.13646777378044,102.48064253063798,21362.06061443703,156.0,8677.0,31.225667591893796
361,18.05,173.51853594149574,202.2339226181319,404.7328297260319,183.89836916975702,0.9749783923941227,243.96872376214608,281.76240012095576,243.31466428037868,312.98806771284956,31.225667591893796,0.11082269166677013,111.13646777378044,112.6990995618782,34.3751220703125,113.56738730379797,112.44035011899288,102.48064253063798,111.13646777378044,80.0,0.47540983606557374,21362.06061443703,20993.5,368.56061443702856,8677.0,9256.0,768.0,0.08297320656871218,2,0,1.45,0.9448909299655568,9.485915422879224,4.623541740421272,0.47540983606557374,4.0,8.0,4.0,8.0,32.0,44.0,156.0,0.9344262295081968,77,17.24739579078724,0.0,96,281.76240012095576,21362.06061443703,0.0,0.0,420.4172446456188,341.9944612110107,0.3298029428872238,0.2866296053501951,65.7143,1.0,21794.8398,0.862342,21863.0,22554.0,0.6306789828877318,1.0,0.9924477105005179,1.0,243.96872376214608,281.76240012095576,111.13646777378044,102.48064253063798,21362.06061443703,156.0,8677.0,31.225667591893796
362,18.1,173.51853594149574,202.2339226181319,404.7328297260319,183.89836916975702,0.9749783923941227,243.96872376214608,281.76240012095576,243.31466428037868,312.98806771284956,31.225667591893796,0.11082269166677013,111.13646777378044,112.6990995618782,34.3751220703125,113.56738730379797,112.44035011899288,102.48064253063798,111.13646777378044,80.0,0.47540983606557374,21362.06061443703,20993.5,368.56061443702856,8677.0,9256.0,768.0,0.08297320656871218,2,0,1.45,0.9448909299655568,9.485915422879224,4.623541740421272,0.47540983606557374,4.0,8.0,4.0,8.0,32.0,44.0,156.0,0.9344262295081968,77,17.24739579078724,0.0,96,281.76240012095576,21362.06061443703,0.0,0.0,420.4172446456188,341.9944612110107,0.3298029428872238,0.2866296053501951,65.8271,1.0,21794.8398,0.862342,21863.0,22554.0,0.6306789828877318,1.0,0.9924477105005179,1.0,243.96872376214608,281.76240012095576,111.13646777378044,102.48064253063798,21362.06061443703,156.0,8677.0,31.225667591893796
363,18.15,173.51853594149574,202.2339226181319,404.7328297260319,183.89836916975702,0.9749783923941227,243.96872376214608,281.76240012095576,243.31466428037868,312.98806771284956,31.225667591893796,0.11082269166677013,111.13646777378044,112.6990995618782,34.3751220703125,113.56738730379797,112.44035011899288,102.48064253063798,111.13646777378044,80.0,0.47540983606557374,21362.06061443703,20993.5,368.56061443702856,8677.0,9256.0,768.0,0.08297320656871218,2,0,1.45,0.9448909299655568,9.485915422879224,4.623541740421272,0.47540983606557374,4.0,8.0,4.0,8.0,32.0,44.0,156.0,0.9344262295081968,77,17.24739579078724,0.0,96,281.76240012095576,21362.06061443703,0.0,0.0,420.4172446456188,341.9944612110107,0.3298029428872238,0.2866296053501951,65.9398,1.0,21794.8398,0.862342,21863.0,22554.0,0.6306789828877318,1.0,0.9924477105005179,1.0,243.96872376214608,281.76240012095576,111.13646777378044,102.48064253063798,21362.06061443703,156.0,8677.0,31.225667591893796
364,18.2,173.51853594149574,202.2339226181319,404.7328297260319,183.89836916975702,0.9749783923941227,243.96872376214608,281.76240012095576,243.31466428037868,312.98806771284956,31.225667591893796,0.11082269166677013,111.13646777378044,112.6990995618782,34.3751220703125,113.56738730379797,112.44035011899288,102.48064253063798,111.13646777378044,80.0,0.47540983606557374,21362.06061443703,20993.5,368.56061443702856,8677.0,9256.0,768.0,0.08297320656871218,2,0,1.45,0.9448909299655568,9.485915422879224,4.623541740421272,0.47540983606557374,4.0,8.0,4.0,8.0,32.0,44.0,156.0,0.9344262295081968,77,17.24739579078724,0.0,96,281.76240012095576,21362.06061443703,0.0,0.0,420.4172446456188,341.9944612110107,0.3298029428872238,0.2866296053501951,66.0526,1.0,21794.8398,0.862342,21863.0,22554.0,0.6306789828877318,1.0,0.9924477105005179,1.0,243.96872376214608,281.76240012095576,111.13646777378044,102.48064253063798,21362.06061443703,156.0,8677.0,31.225667591893796
365,18.25,173.51853594149574,202.2339226181319,404.7328297260319,183.89836916975702,0.9749783923941227,243.96872376214608,281.76240012095576,243.31466428037868,312.98806771284956,31.225667591893796,0.11082269166677013,111.13646777378044,112.6990995618782,34.3751220703125,113.56738730379797,112.44035011899288,102.48064253063798,111.13646777378044,80.0,0.47540983606557374,21362.06061443703,20993.5,368.56061443702856,8677.0,9256.0,768.0,0.08297320656871218,2,0,1.45,0.9448909299655568,9.485915422879224,4.623541740421272,0.47540983606557374,4.0,8.0,4.0,8.0,32.0,44.0,156.0,0.9344262295081968,77,17.24739579078724,0.0,96,281.76240012095576,21362.06061443703,0.0,0.0,420.4172446456188,341.9944612110107,0.3298029428872238,0.2866296053501951,66.1654,1.0,21794.8398,0.862342,21863.0,22554.0,0.6306789828877318,1.0,0.9924477105005179,1.0,243.96872376214608,281.76240012095576,111.13646777378044,102.48064253063798,21362.06061443703,156.0,8677.0,31.225667591893796
366,18.3,173.51853594149574,202.2339226181319,404.7328297260319,183.89836916975702,0.9749783923941227,243.96872376214608,281.76240012095576,243.31466428037868,312.98806771284956,31.225667591893796,0.11082269166677013,111.13646777378044,112.6990995618782,34.3751220703125,113.56738730379797,112.44035011899288,102.48064253063798,111.13646777378044,80.0,0.47540983606557374,21362.06061443703,20993.5,368.56061443702856,8677.0,9256.0,768.0,0.08297320656871218,2,0,1.45,0.9448909299655568,9.485915422879224,4.623541740421272,0.47540983606557374,4.0,8.0,4.0,8.0,32.0,44.0,156.0,0.9344262295081968,77,17.24739579078724,0.0,96,281.76240012095576,21362.06061443703,0.0,0.0,420.4172446456188,341.9944612110107,0.3298029428872238,0.2866296053501951,66.2782,1.0,21794.8398,0.862342,21863.0,22554.0,0.6306789828877318,1.0,0.9924477105005179,1.0,243.96872376214608,281.76240012095576,111.13646777378044,102.48064253063798,21362.06061443703,156.0,8677.0,31.225667591893796
367,18.35,173.51853594149574,202.2339226181319,404.7328297260319,183.89836916975702,0.9749783923941227,243.96872376214608,281.76240012095576,243.31466428037868,312.98806771284956,31.225667591893796,0.11082269166677013,111.13646777378044,112.6990995618782,34.3751220703125,113.56738730379797,112.44035011899288,102.48064253063798,111.13646777378044,80.0,0.47540983606557374,21362.06061443703,20993.5,368.56061443702856,8677.0,9256.0,768.0,0.08297320656871218,2,0,1.45,0.9448909299655568,9.485915422879224,4.623541740421272,0.47540983606557374,4.0,8.0,4.0,8.0,32.0,44.0,156.0,0.9344262295081968,77,17.24739579078724,0.0,96,281.76240012095576,21362.06061443703,0.0,0.0,420.4172446456188,341.9944612110107,0.3298029428872238,0.2866296053501951,66.391,1.0,21794.8398,0.862342,21863.0,22554.0,0.6306789828877318,1.0,0.9924477105005179,1.0,243.96872376214608,281.76240012095576,111.13646777378044,102.48064253063798,21362.06061443703,156.0,8677.0,31.225667591893796
368,18.4,173.51853594149574,202.2339226181319,404.7328297260319,183.89836916975702,0.9749783923941227,243.96872376214608,281.76240012095576,243.31466428037868,312.98806771284956,31.225667591893796,0.11082269166677013,111.13646777378044,112.6990995618782,34.3751220703125,113.56738730379797,112.44035011899288,102.48064253063798,111.13646777378044,80.0,0.47540983606557374,21362.06061443703,20993.5,368.56061443702856,8677.0,9256.0,768.0,0.08297320656871218,2,0,1.45,0.9448909299655568,9.485915422879224,4.623541740421272,0.47540983606557374,4.0,8.0,4.0,8.0,32.0,44.0,156.0,0.9344262295081968,77,17.24739579078724,0.0,96,281.76240012095576,21362.06061443703,0.0,0.0,420.4172446456188,341.9944612110107,0.3298029428872238,0.2866296053501951,66.5038,1.0,21794.8398,0.862342,21863.0,22554.0,0.6306789828877318,1.0,0.9924477105005179,1.0,243.96872376214608,281.76240012095576,111.13646777378044,102.48064253063798,21362.06061443703,156.0,8677.0,31.225667591893796
369,18.45,173.51853594149574,202.2339226181319,404.7328297260319,183.89836916975702,0.9749783923941227,243.96872376214608,281.76240012095576,243.31466428037868,312.98806771284956,31.225667591893796,0.11082269166677013,111.13646777378044,112.6990995618782,34.3751220703125,113.56738730379797,112.44035011899288,102.48064253063798,111.13646777378044,80.0,0.47540983606557374,21362.06061443703,20993.5,368.56061443702856,8677.0,9256.0,768.0,0.08297320656871218,2,0,1.45,0.9448909299655568,9.485915422879224,4.623541740421272,0.47540983606557374,4.0,8.0,4.0,8.0,32.0,44.0,156.0,0.9344262295081968,77,17.24739579078724,0.0,96,281.76240012095576,21362.06061443703,0.0,0.0,420.4172446456188,341.9944612110107,0.3298029428872238,0.2866296053501951,66.6165,1.0,21794.8398,0.862342,21863.0,22554.0,0.6306789828877318,1.0,0.9924477105005179,1.0,243.96872376214608,281.76240012095576,111.13646777378044,102.48064253063798,21362.06061443703,156.0,8677.0,31.225667591893796
370,18.5,173.51853594149574,202.2339226181319,404.7328297260319,183.89836916975702,0.9749783923941227,243.96872376214608,281.76240012095576,243.31466428037868,312.98806771284956,31.225667591893796,0.11082269166677013,111.13646777378044,112.6990995618782,34.3751220703125,113.56738730379797,112.44035011899288,102.48064253063798,111.13646777378044,80.0,0.47540983606557374,21362.06061443703,20993.5,368.56061443702856,8677.0,9256.0,768.0,0.08297320656871218,2,0,1.45,0.9448909299655568,9.485915422879224,4.623541740421272,0.47540983606557374,4.0,8.0,4.0,8.0,32.0,44.0,156.0,0.9344262295081968,77,17.24739579078724,0.0,96,281.76240012095576,21362.06061443703,0.0,0.0,420.4172446456188,341.9944612110107,0.3298029428872238,0.2866296053501951,66.7293,1.0,21794.8398,0.862342,21863.0,22554.0,0.6306789828877318,1.0,0.9924477105005179,1.0,243.96872376214608,281.76240012095576,111.13646777378044,102.48064253063798,21362.06061443703,156.0,8677.0,31.225667591893796
371,18.55,173.51853594149574,202.2339226181319,404.7328297260319,183.89836916975702,0.9749783923941227,243.96872376214608,281.76240012095576,243.31466428037868,312.98806771284956,31.225667591893796,0.11082269166677013,111.13646777378044,112.6990995618782,34.3751220703125,113.56738730379797,112.44035011899288,102.48064253063798,111.13646777378044,80.0,0.47540983606557374,21362.06061443703,20993.5,368.56061443702856,8677.0,9256.0,768.0,0.08297320656871218,2,0,1.45,0.9448909299655568,9.485915422879224,4.623541740421272,0.47540983606557374,4.0,8.0,4.0,8.0,32.0,44.0,156.0,0.9344262295081968,77,17.24739579078724,0.0,96,281.76240012095576,21362.06061443703,0.0,0.0,420.4172446456188,341.9944612110107,0.3298029428872238,0.2866296053501951,66.8421,1.0,21794.8398,0.862342,21863.0,22554.0,0.6306789828877318,1.0,0.9924477105005179,1.0,243.96872376214608,281.76240012095576,111.13646777378044,102.48064253063798,21362.06061443703,156.0,8677.0,31.225667591893796
372,18.6,173.51853594149574,202.2339226181319,404.7328297260319,183.89836916975702,0.9749783923941227,243.96872376214608,281.76240012095576,243.31466428037868,312.98806771284956,31.225667591893796,0.11082269166677013,111.13646777378044,112.6990995618782,34.3751220703125,113.56738730379797,112.44035011899288,102.48064253063798,111.13646777378044,80.0,0.47540983606557374,21362.06061443703,20993.5,368.56061443702856,8677.0,9256.0,768.0,0.08297320656871218,2,0,1.45,0.9448909299655568,9.485915422879224,4.623541740421272,0.47540983606557374,4.0,8.0,4.0,8.0,32.0,44.0,156.0,0.9344262295081968,77,17.24739579078724,0.0,96,281.76240012095576,21362.06061443703,0.0,0.0,420.4172446456188,341.9944612110107,0.3298029428872238,0.2866296053501951,66.9549,1.0,21794.8398,0.862342,21863.0,22554.0,0.6306789828877318,1.0,0.9924477105005179,1.0,243.96872376214608,281.76240012095576,111.13646777378044,102.48064253063798,21362.06061443703,156.0,8677.0,31.225667591893796
373,18.65,173.51853594149574,202.2339226181319,404.7328297260319,183.89836916975702,0.9749783923941227,243.96872376214608,281.76240012095576,243.31466428037868,312.98806771284956,31.225667591893796,0.11082269166677013,111.13646777378044,112.6990995618782,34.3751220703125,113.56738730379797,112.44035011899288,102.48064253063798,111.13646777378044,80.0,0.47540983606557374,21362.06061443703,20993.5,368.56061443702856,8677.0,9256.0,768.0,0.08297320656871218,2,0,1.45,0.9448909299655568,9.485915422879224,4.623541740421272,0.47540983606557374,4.0,8.0,4.0,8.0,32.0,44.0,156.0,0.9344262295081968,77,17.24739579078724,0.0,96,281.76240012095576,21362.06061443703,0.0,0.0,420.4172446456188,341.9944612110107,0.3298029428872238,0.2866296053501951,67.0677,1.0,21794.8398,0.862342,21863.0,22554.0,0.6306789828877318,1.0,0.9924477105005179,1.0,243.96872376214608,281.76240012095576,111.13646777378044,102.48064253063798,21362.06061443703,156.0,8677.0,31.225667591893796
374,18.7,173.51853594149574,202.2339226181319,404.7328297260319,183.89836916975702,0.9749783923941227,243.96872376214608,281.76240012095576,243.31466428037868,312.98806771284956,31.225667591893796,0.11082269166677013,111.13646777378044,112.6990995618782,34.3751220703125,113.56738730379797,112.44035011899288,102.48064253063798,111.13646777378044,80.0,0.47540983606557374,21362.06061443703,20993.5,368.56061443702856,8677.0,9256.0,768.0,0.08297320656871218,2,0,1.45,0.9448909299655568,9.485915422879224,4.623541740421272,0.47540983606557374,4.0,8.0,4.0,8.0,32.0,44.0,156.0,0.9344262295081968,77,17.24739579078724,0.0,96,281.76240012095576,21362.06061443703,0.0,0.0,420.4172446456188,341.9944612110107,0.3298029428872238,0.2866296053501951,67.1805,1.0,21794.8398,0.862342,21863.0,22554.0,0.6306789828877318,1.0,0.9924477105005179,1.0,243.96872376214608,281.76240012095576,111.13646777378044,102.48064253063798,21362.06061443703,156.0,8677.0,31.225667591893796
375,18.75,173.51853594149574,202.2339226181319,404.7328297260319,183.89836916975702,0.9749783923941227,243.96872376214608,281.76240012095576,243.31466428037868,312.98806771284956,31.225667591893796,0.11082269166677013,111.13646777378044,112.6990995618782,34.3751220703125,113.56738730379797,112.44035011899288,102.48064253063798,111.13646777378044,80.0,0.47540983606557374,21362.06061443703,20993.5,368.56061443702856,8677.0,9256.0,768.0,0.08297320656871218,2,0,1.45,0.9448909299655568,9.485915422879224,4.623541740421272,0.47540983606557374,4.0,8.0,4.0,8.0,32.0,44.0,156.0,0.9344262295081968,77,17.24739579078724,0.0,96,281.76240012095576,21362.06061443703,0.0,0.0,420.4172446456188,341.9944612110107,0.3298029428872238,0.2866296053501951,67.2932,1.0,21794.8398,0.862342,21863.0,22554.0,0.6306789828877318,1.0,0.9924477105005179,1.0,243.96872376214608,281.76240012095576,111.13646777378044,102.48064253063798,21362.06061443703,156.0,8677.0,31.225667591893796
376,18.8,173.51853594149574,202.2339226181319,404.7328297260319,183.89836916975702,0.9749783923941227,243.96872376214608,281.76240012095576,243.31466428037868,312.98806771284956,31.225667591893796,0.11082269166677013,111.13646777378044,112.6990995618782,34.3751220703125,113.56738730379797,112.44035011899288,102.48064253063798,111.13646777378044,80.0,0.47540983606557374,21362.06061443703,20993.5,368.56061443702856,8677.0,9256.0,768.0,0.08297320656871218,2,0,1.45,0.9448909299655568,9.485915422879224,4.623541740421272,0.47540983606557374,4.0,8.0,4.0,8.0,32.0,44.0,156.0,0.9344262295081968,77,17.24739579078724,0.0,96,281.76240012095576,21362.06061443703,0.0,0.0,420.4172446456188,341.9944612110107,0.3298029428872238,0.2866296053501951,67.406,1.0,21794.8398,0.862342,21863.0,22554.0,0.6306789828877318,1.0,0.9924477105005179,1.0,243.96872376214608,281.76240012095576,111.13646777378044,102.48064253063798,21362.06061443703,156.0,8677.0,31.225667591893796
377,18.85,173.51853594149574,202.2339226181319,404.7328297260319,183.89836916975702,0.9749783923941227,243.96872376214608,281.76240012095576,243.31466428037868,312.98806771284956,31.225667591893796,0.11082269166677013,111.13646777378044,112.6990995618782,34.3751220703125,113.56738730379797,112.44035011899288,102.48064253063798,111.13646777378044,80.0,0.47540983606557374,21362.06061443703,20993.5,368.56061443702856,8677.0,9256.0,768.0,0.08297320656871218,2,0,1.45,0.9448909299655568,9.485915422879224,4.623541740421272,0.47540983606557374,4.0,8.0,4.0,8.0,32.0,44.0,156.0,0.9344262295081968,77,17.24739579078724,0.0,96,281.76240012095576,21362.06061443703,0.0,0.0,420.4172446456188,341.9944612110107,0.3298029428872238,0.2866296053501951,67.5188,1.0,21794.8398,0.862342,21863.0,22554.0,0.6306789828877318,1.0,0.9924477105005179,1.0,243.96872376214608,281.76240012095576,111.13646777378044,102.48064253063798,21362.06061443703,156.0,8677.0,31.225667591893796
378,18.9,173.51853594149574,202.2339226181319,404.7328297260319,183.89836916975702,0.9749783923941227,243.96872376214608,281.76240012095576,243.31466428037868,312.98806771284956,31.225667591893796,0.11082269166677013,111.13646777378044,112.6990995618782,34.3751220703125,113.56738730379797,112.44035011899288,102.48064253063798,111.13646777378044,80.0,0.47540983606557374,21362.06061443703,20993.5,368.56061443702856,8677.0,9256.0,768.0,0.08297320656871218,2,0,1.45,0.9448909299655568,9.485915422879224,4.623541740421272,0.47540983606557374,4.0,8.0,4.0,8.0,32.0,44.0,156.0,0.9344262295081968,77,17.24739579078724,0.0,96,281.76240012095576,21362.06061443703,0.0,0.0,420.4172446456188,341.9944612110107,0.3298029428872238,0.2866296053501951,67.6316,1.0,21794.8398,0.862342,21863.0,22554.0,0.6306789828877318,1.0,0.9924477105005179,1.0,243.96872376214608,281.76240012095576,111.13646777378044,102.48064253063798,21362.06061443703,156.0,8677.0,31.225667591893796
379,18.95,173.51853594149574,202.2339226181319,404.7328297260319,183.89836916975702,0.9749783923941227,243.96872376214608,281.76240012095576,243.31466428037868,312.98806771284956,31.225667591893796,0.11082269166677013,111.13646777378044,112.6990995618782,34.3751220703125,113.56738730379797,112.44035011899288,102.48064253063798,111.13646777378044,80.0,0.47540983606557374,21362.06061443703,20993.5,368.56061443702856,8677.0,9256.0,768.0,0.08297320656871218,2,0,1.45,0.9448909299655568,9.485915422879224,4.623541740421272,0.47540983606557374,4.0,8.0,4.0,8.0,32.0,44.0,156.0,0.9344262295081968,77,17.24739579078724,0.0,96,281.76240012095576,21362.06061443703,0.0,0.0,420.4172446456188,341.9944612110107,0.3298029428872238,0.2866296053501951,67.7444,1.0,21794.8398,0.862342,21863.0,22554.0,0.6306789828877318,1.0,0.9924477105005179,1.0,243.96872376214608,281.76240012095576,111.13646777378044,102.48064253063798,21362.06061443703,156.0,8677.0,31.225667591893796
380,19.0,173.51853594149574,202.2339226181319,404.7328297260319,183.89836916975702,0.9749783923941227,243.96872376214608,281.76240012095576,243.31466428037868,312.98806771284956,31.225667591893796,0.11082269166677013,111.13646777378044,112.6990995618782,34.3751220703125,113.56738730379797,112.44035011899288,102.48064253063798,111.13646777378044,80.0,0.47540983606557374,21362.06061443703,20993.5,368.56061443702856,8677.0,9256.0,768.0,0.08297320656871218,2,0,1.45,0.9448909299655568,9.485915422879224,4.623541740421272,0.47540983606557374,4.0,8.0,4.0,8.0,32.0,44.0,156.0,0.9344262295081968,77,17.24739579078724,0.0,96,281.76240012095576,21362.06061443703,0.0,0.0,420.4172446456188,341.9944612110107,0.3298029428872238,0.2866296053501951,67.8571,1.0,21794.8398,0.862342,21863.0,22554.0,0.6306789828877318,1.0,0.9924477105005179,1.0,243.96872376214608,281.76240012095576,111.13646777378044,102.48064253063798,21362.06061443703,156.0,8677.0,31.225667591893796
381,19.05,173.51853594149574,202.2339226181319,404.7328297260319,183.89836916975702,0.9749783923941227,243.96872376214608,281.76240012095576,243.31466428037868,312.98806771284956,31.225667591893796,0.11082269166677013,111.13646777378044,112.6990995618782,34.3751220703125,113.56738730379797,112.44035011899288,102.48064253063798,111.13646777378044,80.0,0.47540983606557374,21362.06061443703,20993.5,368.56061443702856,8677.0,9256.0,768.0,0.08297320656871218,2,0,1.45,0.9448909299655568,9.485915422879224,4.623541740421272,0.47540983606557374,4.0,8.0,4.0,8.0,32.0,44.0,156.0,0.9344262295081968,77,17.24739579078724,0.0,96,281.76240012095576,21362.06061443703,0.0,0.0,420.4172446456188,341.9944612110107,0.3298029428872238,0.2866296053501951,67.9699,1.0,21794.8398,0.862342,21863.0,22554.0,0.6306789828877318,1.0,0.9924477105005179,1.0,243.96872376214608,281.76240012095576,111.13646777378044,102.48064253063798,21362.06061443703,156.0,8677.0,31.225667591893796
382,19.1,173.51853594149574,202.2339226181319,404.7328297260319,183.89836916975702,0.9749783923941227,243.96872376214608,281.76240012095576,243.31466428037868,312.98806771284956,31.225667591893796,0.11082269166677013,111.13646777378044,112.6990995618782,34.3751220703125,113.56738730379797,112.44035011899288,102.48064253063798,111.13646777378044,80.0,0.47540983606557374,21362.06061443703,20993.5,368.56061443702856,8677.0,9256.0,768.0,0.08297320656871218,2,0,1.45,0.9448909299655568,9.485915422879224,4.623541740421272,0.47540983606557374,4.0,8.0,4.0,8.0,32.0,44.0,156.0,0.9344262295081968,77,17.24739579078724,0.0,96,281.76240012095576,21362.06061443703,0.0,0.0,420.4172446456188,341.9944612110107,0.3298029428872238,0.2866296053501951,68.0827,1.0,21794.8398,0.862342,21863.0,22554.0,0.6306789828877318,1.0,0.9924477105005179,1.0,243.96872376214608,281.76240012095576,111.13646777378044,102.48064253063798,21362.06061443703,156.0,8677.0,31.225667591893796
383,19.15,173.51853594149574,202.2339226181319,404.7328297260319,183.89836916975702,0.9749783923941227,243.96872376214608,281.76240012095576,243.31466428037868,312.98806771284956,31.225667591893796,0.11082269166677013,111.13646777378044,112.6990995618782,34.3751220703125,113.56738730379797,112.44035011899288,102.48064253063798,111.13646777378044,80.0,0.47540983606557374,21362.06061443703,20993.5,368.56061443702856,8677.0,9256.0,768.0,0.08297320656871218,2,0,1.45,0.9448909299655568,9.485915422879224,4.623541740421272,0.47540983606557374,4.0,8.0,4.0,8.0,32.0,44.0,156.0,0.9344262295081968,77,17.24739579078724,0.0,96,281.76240012095576,21362.06061443703,0.0,0.0,420.4172446456188,341.9944612110107,0.3298029428872238,0.2866296053501951,68.1955,1.0,21794.8398,0.862342,21863.0,22554.0,0.6306789828877318,1.0,0.9924477105005179,1.0,243.96872376214608,281.76240012095576,111.13646777378044,102.48064253063798,21362.06061443703,156.0,8677.0,31.225667591893796
384,19.2,173.51853594149574,202.2339226181319,404.7328297260319,183.89836916975702,0.9749783923941227,243.96872376214608,281.76240012095576,243.31466428037868,312.98806771284956,31.225667591893796,0.11082269166677013,111.13646777378044,112.6990995618782,34.3751220703125,113.56738730379797,112.44035011899288,102.48064253063798,111.13646777378044,80.0,0.47540983606557374,21362.06061443703,20993.5,368.56061443702856,8677.0,9256.0,768.0,0.08297320656871218,2,0,1.45,0.9448909299655568,9.485915422879224,4.623541740421272,0.47540983606557374,4.0,8.0,4.0,8.0,32.0,44.0,156.0,0.9344262295081968,77,17.24739579078724,0.0,96,281.76240012095576,21362.06061443703,0.0,0.0,420.4172446456188,341.9944612110107,0.3298029428872238,0.2866296053501951,68.3083,1.0,21794.8398,0.862342,21863.0,22554.0,0.6306789828877318,1.0,0.9924477105005179,1.0,243.96872376214608,281.76240012095576,111.13646777378044,102.48064253063798,21362.06061443703,156.0,8677.0,31.225667591893796
385,19.25,173.51853594149574,202.2339226181319,404.7328297260319,183.89836916975702,0.9749783923941227,243.96872376214608,281.76240012095576,243.31466428037868,312.98806771284956,31.225667591893796,0.11082269166677013,111.13646777378044,112.6990995618782,34.3751220703125,113.56738730379797,112.44035011899288,102.48064253063798,111.13646777378044,80.0,0.47540983606557374,21362.06061443703,20993.5,368.56061443702856,8677.0,9256.0,768.0,0.08297320656871218,2,0,1.45,0.9448909299655568,9.485915422879224,4.623541740421272,0.47540983606557374,4.0,8.0,4.0,8.0,32.0,44.0,156.0,0.9344262295081968,77,17.24739579078724,0.0,96,281.76240012095576,21362.06061443703,0.0,0.0,420.4172446456188,341.9944612110107,0.3298029428872238,0.2866296053501951,68.4211,1.0,21794.8398,0.862342,21863.0,22554.0,0.6306789828877318,1.0,0.9924477105005179,1.0,243.96872376214608,281.76240012095576,111.13646777378044,102.48064253063798,21362.06061443703,156.0,8677.0,31.225667591893796
386,19.3,173.51853594149574,202.2339226181319,404.7328297260319,183.89836916975702,0.9749783923941227,243.96872376214608,281.76240012095576,243.31466428037868,312.98806771284956,31.225667591893796,0.11082269166677013,111.13646777378044,112.6990995618782,34.3751220703125,113.56738730379797,112.44035011899288,102.48064253063798,111.13646777378044,80.0,0.47540983606557374,21362.06061443703,20993.5,368.56061443702856,8677.0,9256.0,768.0,0.08297320656871218,2,0,1.45,0.9448909299655568,9.485915422879224,4.623541740421272,0.47540983606557374,4.0,8.0,4.0,8.0,32.0,44.0,156.0,0.9344262295081968,77,17.24739579078724,0.0,96,281.76240012095576,21362.06061443703,0.0,0.0,420.4172446456188,341.9944612110107,0.3298029428872238,0.2866296053501951,68.5338,1.0,21794.8398,0.862342,21863.0,22554.0,0.6306789828877318,1.0,0.9924477105005179,1.0,243.96872376214608,281.76240012095576,111.13646777378044,102.48064253063798,21362.06061443703,156.0,8677.0,31.225667591893796
387,19.35,173.51853594149574,202.2339226181319,404.7328297260319,183.89836916975702,0.9749783923941227,243.96872376214608,281.76240012095576,243.31466428037868,312.98806771284956,31.225667591893796,0.11082269166677013,111.13646777378044,112.6990995618782,34.3751220703125,113.56738730379797,112.44035011899288,102.48064253063798,111.13646777378044,80.0,0.47540983606557374,21362.06061443703,20993.5,368.56061443702856,8677.0,9256.0,768.0,0.08297320656871218,2,0,1.45,0.9448909299655568,9.485915422879224,4.623541740421272,0.47540983606557374,4.0,8.0,4.0,8.0,32.0,44.0,156.0,0.9344262295081968,77,17.24739579078724,0.0,96,281.76240012095576,21362.06061443703,0.0,0.0,420.4172446456188,341.9944612110107,0.3298029428872238,0.2866296053501951,68.6466,1.0,21794.8398,0.862342,21863.0,22554.0,0.6306789828877318,1.0,0.9924477105005179,1.0,243.96872376214608,281.76240012095576,111.13646777378044,102.48064253063798,21362.06061443703,156.0,8677.0,31.225667591893796
388,19.4,173.51853594149574,202.2339226181319,404.7328297260319,183.89836916975702,0.9749783923941227,243.96872376214608,281.76240012095576,243.31466428037868,312.98806771284956,31.225667591893796,0.11082269166677013,111.13646777378044,112.6990995618782,34.3751220703125,113.56738730379797,112.44035011899288,102.48064253063798,111.13646777378044,80.0,0.47540983606557374,21362.06061443703,20993.5,368.56061443702856,8677.0,9256.0,768.0,0.08297320656871218,2,0,1.45,0.9448909299655568,9.485915422879224,4.623541740421272,0.47540983606557374,4.0,8.0,4.0,8.0,32.0,44.0,156.0,0.9344262295081968,77,17.24739579078724,0.0,96,281.76240012095576,21362.06061443703,0.0,0.0,420.4172446456188,341.9944612110107,0.3298029428872238,0.2866296053501951,68.7594,1.0,21794.8398,0.862342,21863.0,22554.0,0.6306789828877318,1.0,0.9924477105005179,1.0,243.96872376214608,281.76240012095576,111.13646777378044,102.48064253063798,21362.06061443703,156.0,8677.0,31.225667591893796
389,19.45,173.51853594149574,202.2339226181319,404.7328297260319,183.89836916975702,0.9749783923941227,243.96872376214608,281.76240012095576,243.31466428037868,312.98806771284956,31.225667591893796,0.11082269166677013,111.13646777378044,112.6990995618782,34.3751220703125,113.56738730379797,112.44035011899288,102.48064253063798,111.13646777378044,80.0,0.47540983606557374,21362.06061443703,20993.5,368.56061443702856,8677.0,9256.0,768.0,0.08297320656871218,2,0,1.45,0.9448909299655568,9.485915422879224,4.623541740421272,0.47540983606557374,4.0,8.0,4.0,8.0,32.0,44.0,156.0,0.9344262295081968,77,17.24739579078724,0.0,96,281.76240012095576,21362.06061443703,0.0,0.0,420.4172446456188,341.9944612110107,0.3298029428872238,0.2866296053501951,68.8722,1.0,21794.8398,0.862342,21863.0,22554.0,0.6306789828877318,1.0,0.9924477105005179,1.0,243.96872376214608,281.76240012095576,111.13646777378044,102.48064253063798,21362.06061443703,156.0,8677.0,31.225667591893796
390,19.5,173.51853594149574,202.2339226181319,404.7328297260319,183.89836916975702,0.9749783923941227,243.96872376214608,281.76240012095576,243.31466428037868,312.98806771284956,31.225667591893796,0.11082269166677013,111.13646777378044,112.6990995618782,34.3751220703125,113.56738730379797,112.44035011899288,102.48064253063798,111.13646777378044,80.0,0.47540983606557374,21362.06061443703,20993.5,368.56061443702856,8677.0,9256.0,768.0,0.08297320656871218,2,0,1.45,0.9448909299655568,9.485915422879224,4.623541740421272,0.47540983606557374,4.0,8.0,4.0,8.0,32.0,44.0,156.0,0.9344262295081968,77,17.24739579078724,0.0,96,281.76240012095576,21362.06061443703,0.0,0.0,420.4172446456188,341.9944612110107,0.3298029428872238,0.2866296053501951,68.985,1.0,21794.8398,0.862342,21863.0,22554.0,0.6306789828877318,1.0,0.9924477105005179,1.0,243.96872376214608,281.76240012095576,111.13646777378044,102.48064253063798,21362.06061443703,156.0,8677.0,31.225667591893796
391,19.55,173.51853594149574,202.2339226181319,404.7328297260319,183.89836916975702,0.9749783923941227,243.96872376214608,281.76240012095576,243.31466428037868,312.98806771284956,31.225667591893796,0.11082269166677013,111.13646777378044,112.6990995618782,34.3751220703125,113.56738730379797,112.44035011899288,102.48064253063798,111.13646777378044,80.0,0.47540983606557374,21362.06061443703,20993.5,368.56061443702856,8677.0,9256.0,768.0,0.08297320656871218,2,0,1.45,0.9448909299655568,9.485915422879224,4.623541740421272,0.47540983606557374,4.0,8.0,4.0,8.0,32.0,44.0,156.0,0.9344262295081968,77,17.24739579078724,0.0,96,281.76240012095576,21362.06061443703,0.0,0.0,420.4172446456188,341.9944612110107,0.3298029428872238,0.2866296053501951,69.0977,1.0,21794.8398,0.862342,21863.0,22554.0,0.6306789828877318,1.0,0.9924477105005179,1.0,243.96872376214608,281.76240012095576,111.13646777378044,102.48064253063798,21362.06061443703,156.0,8677.0,31.225667591893796
392,19.6,173.51853594149574,202.2339226181319,404.7328297260319,183.89836916975702,0.9749783923941227,243.96872376214608,281.76240012095576,243.31466428037868,312.98806771284956,31.225667591893796,0.11082269166677013,111.13646777378044,112.6990995618782,34.3751220703125,113.56738730379797,112.44035011899288,102.48064253063798,111.13646777378044,80.0,0.47540983606557374,21362.06061443703,20993.5,368.56061443702856,8677.0,9256.0,768.0,0.08297320656871218,2,0,1.45,0.9448909299655568,9.485915422879224,4.623541740421272,0.47540983606557374,4.0,8.0,4.0,8.0,32.0,44.0,156.0,0.9344262295081968,77,17.24739579078724,0.0,96,281.76240012095576,21362.06061443703,0.0,0.0,420.4172446456188,341.9944612110107,0.3298029428872238,0.2866296053501951,69.2105,1.0,21794.8398,0.862342,21863.0,22554.0,0.6306789828877318,1.0,0.9924477105005179,1.0,243.96872376214608,281.76240012095576,111.13646777378044,102.48064253063798,21362.06061443703,156.0,8677.0,31.225667591893796
393,19.65,173.51853594149574,202.2339226181319,404.7328297260319,183.89836916975702,0.9749783923941227,243.96872376214608,281.76240012095576,243.31466428037868,312.98806771284956,31.225667591893796,0.11082269166677013,111.13646777378044,112.6990995618782,34.3751220703125,113.56738730379797,112.44035011899288,102.48064253063798,111.13646777378044,80.0,0.47540983606557374,21362.06061443703,20993.5,368.56061443702856,8677.0,9256.0,768.0,0.08297320656871218,2,0,1.45,0.9448909299655568,9.485915422879224,4.623541740421272,0.47540983606557374,4.0,8.0,4.0,8.0,32.0,44.0,156.0,0.9344262295081968,77,17.24739579078724,0.0,96,281.76240012095576,21362.06061443703,0.0,0.0,420.4172446456188,341.9944612110107,0.3298029428872238,0.2866296053501951,69.3233,1.0,21794.8398,0.862342,21863.0,22554.0,0.6306789828877318,1.0,0.9924477105005179,1.0,243.96872376214608,281.76240012095576,111.13646777378044,102.48064253063798,21362.06061443703,156.0,8677.0,31.225667591893796
394,19.7,173.51853594149574,202.2339226181319,404.7328297260319,183.89836916975702,0.9749783923941227,243.96872376214608,281.76240012095576,243.31466428037868,312.98806771284956,31.225667591893796,0.11082269166677013,111.13646777378044,112.6990995618782,34.3751220703125,113.56738730379797,112.44035011899288,102.48064253063798,111.13646777378044,80.0,0.47540983606557374,21362.06061443703,20993.5,368.56061443702856,8677.0,9256.0,768.0,0.08297320656871218,2,0,1.45,0.9448909299655568,9.485915422879224,4.623541740421272,0.47540983606557374,4.0,8.0,4.0,8.0,32.0,44.0,156.0,0.9344262295081968,77,17.24739579078724,0.0,96,281.76240012095576,21362.06061443703,0.0,0.0,420.4172446456188,341.9944612110107,0.3298029428872238,0.2866296053501951,69.4361,1.0,21794.8398,0.862342,21863.0,22554.0,0.6306789828877318,1.0,0.9924477105005179,1.0,243.96872376214608,281.76240012095576,111.13646777378044,102.48064253063798,21362.06061443703,156.0,8677.0,31.225667591893796
395,19.75,173.51853594149574,202.2339226181319,404.7328297260319,183.89836916975702,0.9749783923941227,243.96872376214608,281.76240012095576,243.31466428037868,312.98806771284956,31.225667591893796,0.11082269166677013,111.13646777378044,112.6990995618782,34.3751220703125,113.56738730379797,112.44035011899288,102.48064253063798,111.13646777378044,80.0,0.47540983606557374,21362.06061443703,20993.5,368.56061443702856,8677.0,9256.0,768.0,0.08297320656871218,2,0,1.45,0.9448909299655568,9.485915422879224,4.623541740421272,0.47540983606557374,4.0,8.0,4.0,8.0,32.0,44.0,156.0,0.9344262295081968,77,17.24739579078724,0.0,96,281.76240012095576,21362.06061443703,0.0,0.0,420.4172446456188,341.9944612110107,0.3298029428872238,0.2866296053501951,69.5489,1.0,21794.8398,0.862342,21863.0,22554.0,0.6306789828877318,1.0,0.9924477105005179,1.0,243.96872376214608,281.76240012095576,111.13646777378044,102.48064253063798,21362.06061443703,156.0,8677.0,31.225667591893796
396,19.8,173.51853594149574,202.2339226181319,404.7328297260319,183.89836916975702,0.9749783923941227,243.96872376214608,281.76240012095576,243.31466428037868,312.98806771284956,31.225667591893796,0.11082269166677013,111.13646777378044,112.6990995618782,34.3751220703125,113.56738730379797,112.44035011899288,102.48064253063798,111.13646777378044,80.0,0.47540983606557374,21362.06061443703,20993.5,368.56061443702856,8677.0,9256.0,768.0,0.08297320656871218,2,0,1.45,0.9448909299655568,9.485915422879224,4.623541740421272,0.47540983606557374,4.0,8.0,4.0,8.0,32.0,44.0,156.0,0.9344262295081968,77,17.24739579078724,0.0,96,281.76240012095576,21362.06061443703,0.0,0.0,420.4172446456188,341.9944612110107,0.3298029428872238,0.2866296053501951,69.6617,1.0,21794.8398,0.862342,21863.0,22554.0,0.6306789828877318,1.0,0.9924477105005179,1.0,243.96872376214608,281.76240012095576,111.13646777378044,102.48064253063798,21362.06061443703,156.0,8677.0,31.225667591893796
397,19.85,173.51853594149574,202.2339226181319,404.7328297260319,183.89836916975702,0.9749783923941227,243.96872376214608,281.76240012095576,243.31466428037868,312.98806771284956,31.225667591893796,0.11082269166677013,111.13646777378044,112.6990995618782,34.3751220703125,113.56738730379797,112.44035011899288,102.48064253063798,111.13646777378044,80.0,0.47540983606557374,21362.06061443703,20993.5,368.56061443702856,8677.0,9256.0,768.0,0.08297320656871218,2,0,1.45,0.9448909299655568,9.485915422879224,4.623541740421272,0.47540983606557374,4.0,8.0,4.0,8.0,32.0,44.0,156.0,0.9344262295081968,77,17.24739579078724,0.0,96,281.76240012095576,21362.06061443703,0.0,0.0,420.4172446456188,341.9944612110107,0.3298029428872238,0.2866296053501951,69.7744,1.0,21794.8398,0.862342,21863.0,22554.0,0.6306789828877318,1.0,0.9924477105005179,1.0,243.96872376214608,281.76240012095576,111.13646777378044,102.48064253063798,21362.06061443703,156.0,8677.0,31.225667591893796
398,19.9,173.51853594149574,202.2339226181319,404.7328297260319,183.89836916975702,0.9749783923941227,243.96872376214608,281.76240012095576,243.31466428037868,312.98806771284956,31.225667591893796,0.11082269166677013,111.13646777378044,112.6990995618782,34.3751220703125,113.56738730379797,112.44035011899288,102.48064253063798,111.13646777378044,80.0,0.47540983606557374,21362.06061443703,20993.5,368.56061443702856,8677.0,9256.0,768.0,0.08297320656871218,2,0,1.45,0.9448909299655568,9.485915422879224,4.623541740421272,0.47540983606557374,4.0,8.0,4.0,8.0,32.0,44.0,156.0,0.9344262295081968,77,17.24739579078724,0.0,96,281.76240012095576,21362.06061443703,0.0,0.0,420.4172446456188,341.9944612110107,0.3298029428872238,0.2866296053501951,69.8872,1.0,21794.8398,0.862342,21863.0,22554.0,0.6306789828877318,1.0,0.9924477105005179,1.0,243.96872376214608,281.76240012095576,111.13646777378044,102.48064253063798,21362.06061443703,156.0,8677.0,31.225667591893796
399,19.95,173.51853594149574,202.2339226181319,404.7328297260319,183.89836916975702,0.9749783923941227,243.96872376214608,281.76240012095576,243.31466428037868,312.98806771284956,31.225667591893796,0.11082269166677013,111.13646777378044,112.6990995618782,34.3751220703125,113.56738730379797,112.44035011899288,102.48064253063798,111.13646777378044,80.0,0.47540983606557374,21362.06061443703,20993.5,368.56061443702856,8677.0,9256.0,768.0,0.08297320656871218,2,0,1.45,0.9448909299655568,9.485915422879224,4.623541740421272,0.47540983606557374,4.0,8.0,4.0,8.0,32.0,44.0,156.0,0.9344262295081968,77,17.24739579078724,0.0,96,281.76240012095576,21362.06061443703,0.0,0.0,420.4172446456188,341.9944612110107,0.3298029428872238,0.2866296053501951,70.0,1.0,21794.8398,0.862342,21863.0,22554.0,0.6306789828877318,1.0,0.9924477105005179,1.0,243.96872376214608,281.76240012095576,111.13646777378044,102.48064253063798,21362.06061443703,156.0,8677.0,31.225667591893796
