frame,anchor_x,anchor_y,tip_x,tip_y,quality,length_env_px,length_axis_px,length_axis_skeleton_px,length_axis_alt_px,length_axis_disagreement_px,centerline_disagreement,diameter_max_px,diameter_max_orth_px,diameter_max_thickness_px,diameter_max_feret_px,diameter_p95_px,diameter_mid_median_px,diameter_mid_p90_px,diameter_peak_span_px,diameter_peak_pos_norm,area_proj_px2,area_proj_contour_px2,area_proj_definition_gap_px2,body_mask_area_px2,component_area_px2,excluded_attachment_area_px2,body_mask_attachment_leak_fraction,attachment_count,attachment_border_touch_count,attachment_max_elongation,attachment_max_solidity,attachment_max_orientation_mismatch_deg,attachment_max_distance_to_main_axis_px,x_peak_norm,taper_left_px,taper_right_px,landing_zone_left_px,landing_zone_right_px,transition_zone_left_px,transition_zone_right_px,compaction_zone_length_px,zone_symmetry,branch_count_after_pruning,endpoint_jump_px,axis_peak_position_stability,centerline_points,length_axis_formal_px,area_proj_formal_px2,anchor_jump_px,tip_jump_px,length_axis_ref_px,length_env_ref_px,foreshortening_axis,foreshortening_env,length_env_recovery,length_axis_recovery,diameter_max_recovery,area_proj_recovery,length_env_smooth,length_axis_smooth,diameter_max_smooth,diameter_mid_median_smooth,area_proj_smooth_px2,compaction_zone_smooth,body_mask_area_smooth_px2,axis_definition_gap_smooth_px,time_sec,temperature_c,austenite_fraction,length_env_true_px,length_axis_true_px,length_axis_alt_true_px,diameter_true_px,diameter_max_feret_true_px,area_proj_true_px2,area_proj_true_norm,area_proj_model_true_px2,area_proj_raster_true_px2,area_proj_contour_true_px2
0,125.96277703087831,201.2887547965917,453.161066129379,185.55228425722163,0.9897464474784065,341.955150246651,382.1665303208965,332.33259567565494,394.4090752162859,12.242544895389358,0.0320345815870101,86.23790988092813,86.23790988092813,36.3565673828125,86.86664671909283,86.2258187878865,82.6210947939401,86.23790988092813,168.0,0.3764705882352941,24532.411188572783,24247.0,285.41118857278343,10491.0,10767.0,489.0,0.0454165505711897,1,0,1.8421052631578947,0.9337539432176656,4.5857339319169625,3.851626731169953,0.3764705882352941,0.0,4.0,0.0,4.0,36.0,52.0,248.0,0.9411764705882352,77,11.733766136583103,0.0,129,393.93767281306174,22921.93106005634,,,420.4172446456188,341.9944612110107,0.0909827434813356,0.0001149462018199,0.1070814936631686,0.0056369985426747,0.203341130122596,1.0,341.9840205071252,393.93767281306174,81.1921247148462,77.55545927639403,22921.93106005634,248.0,9370.0,11.754213145918868,0.0,25.0,0.0,416.512,347.8607,347.2101,87.5,89.6242,19542.8069,1.0,25274.0,25274.0,26105.0
1,126.05045286973954,200.39069036723583,453.68342921026647,186.0383628176048,0.9878712615129877,341.9840205071252,393.93767281306174,314.9687370825756,405.6918859589806,11.754213145918868,0.0298377483473043,81.1921247148462,81.23896013832669,36.756591796875,82.00292639590069,80.24005751889504,77.55545927639403,81.1921247148462,152.0,0.6352941176470588,22921.93106005634,22633.5,288.43106005634036,9370.0,9663.0,455.0,0.0470868260374624,1,0,1.8888888888888888,0.9193729003359462,3.971170437695075,3.6818934798522767,0.6352941176470588,0.0,4.0,0.0,4.0,36.0,52.0,248.0,0.9411764705882352,59,11.486311460855216,0.2588235294117647,133,393.93767281306174,22921.93106005634,0.902334068953497,0.7135373537092755,420.4172446456188,341.9944612110107,0.0629840287709354,3.052886835797075e-05,0.1069272233581898,0.0056369985426747,0.0434257529002236,1.0,341.9840205071252,393.93767281306174,81.1921247148462,77.55545927639403,22921.93106005634,248.0,9370.0,11.754213145918868,0.05,25.1128,0.0,416.512,347.8607,347.2101,87.5,89.6242,19542.8069,1.0,25274.0,25274.0,26105.0
2,126.05045286973954,200.39069036723583,453.68342921026647,186.0383628176048,0.9878712615129877,341.9840205071252,393.93767281306174,314.9687370825756,405.6918859589806,11.754213145918868,0.0298377483473043,81.1921247148462,81.23896013832669,36.756591796875,82.00292639590069,80.24005751889504,77.55545927639403,81.1921247148462,152.0,0.6352941176470588,22921.93106005634,22633.5,288.43106005634036,9370.0,9663.0,455.0,0.0470868260374624,1,0,1.8888888888888888,0.9193729003359462,3.971170437695075,3.6818934798522767,0.6352941176470588,0.0,4.0,0.0,4.0,36.0,52.0,248.0,0.9411764705882352,59,11.486311460855216,0.0,133,393.93767281306174,22921.93106005634,0.0,0.0,420.4172446456188,341.9944612110107,0.0629840287709354,3.052886835797075e-05,0.1069272233581898,0.0056369985426747,0.0434257529002236,1.0,341.9840205071252,393.93767281306174,81.1921247148462,77.55545927639403,22921.93106005634,248.0,9370.0,11.754213145918868,0.1,25.2256,0.0,416.512,347.8607,347.2101,87.5,89.6242,19542.8069,1.0,25274.0,25274.0,26105.0
3,126.05045286973954,200.39069036723583,453.68342921026647,186.0383628176048,0.9878712615129877,341.9840205071252,393.93767281306174,314.9687370825756,405.6918859589806,11.754213145918868,0.0298377483473043,81.1921247148462,81.23896013832669,36.756591796875,82.00292639590069,80.24005751889504,77.55545927639403,81.1921247148462,152.0,0.6352941176470588,22921.93106005634,22633.5,288.43106005634036,9370.0,9663.0,455.0,0.0470868260374624,1,0,1.8888888888888888,0.9193729003359462,3.971170437695075,3.6818934798522767,0.6352941176470588,0.0,4.0,0.0,4.0,36.0,52.0,248.0,0.9411764705882352,59,11.486311460855216,0.0,133,393.93767281306174,22921.93106005634,0.0,0.0,420.4172446456188,341.9944612110107,0.0629840287709354,3.052886835797075e-05,0.1069272233581898,0.0056369985426747,0.0434257529002236,1.0,341.9840205071252,393.93767281306174,81.1921247148462,77.55545927639403,22921.93106005634,248.0,9370.0,11.754213145918868,0.15,25.3383,0.0,416.512,347.8607,347.2101,87.5,89.6242,19542.8069,1.0,25274.0,25274.0,26105.0
4,126.05045286973954,200.39069036723583,453.68342921026647,186.0383628176048,0.9878712615129877,341.9840205071252,393.93767281306174,314.9687370825756,405.6918859589806,11.754213145918868,0.0298377483473043,81.1921247148462,81.23896013832669,36.756591796875,82.00292639590069,80.24005751889504,77.55545927639403,81.1921247148462,152.0,0.6352941176470588,22921.93106005634,22633.5,288.43106005634036,9370.0,9663.0,455.0,0.0470868260374624,1,0,1.8888888888888888,0.9193729003359462,3.971170437695075,3.6818934798522767,0.6352941176470588,0.0,4.0,0.0,4.0,36.0,52.0,248.0,0.9411764705882352,59,11.486311460855216,0.0,133,393.93767281306174,22921.93106005634,0.0,0.0,420.4172446456188,341.9944612110107,0.0629840287709354,3.052886835797075e-05,0.1069272233581898,0.0056369985426747,0.0434257529002236,1.0,341.9840205071252,393.93767281306174,81.1921247148462,77.55545927639403,22921.93106005634,248.0,9370.0,11.754213145918868,0.2,25.4511,0.0,416.512,347.8607,347.2101,87.5,89.6242,19542.8069,1.0,25274.0,25274.0,26105.0
5,126.05045286973954,200.39069036723583,453.68342921026647,186.0383628176048,0.9878712615129877,341.9840205071252,393.93767281306174,314.9687370825756,405.6918859589806,11.754213145918868,0.0298377483473043,81.1921247148462,81.23896013832669,36.756591796875,82.00292639590069,80.24005751889504,77.55545927639403,81.1921247148462,152.0,0.6352941176470588,22921.93106005634,22633.5,288.43106005634036,9370.0,9663.0,455.0,0.0470868260374624,1,0,1.8888888888888888,0.9193729003359462,3.971170437695075,3.6818934798522767,0.6352941176470588,0.0,4.0,0.0,4.0,36.0,52.0,248.0,0.9411764705882352,59,11.486311460855216,0.0,133,393.93767281306174,22921.93106005634,0.0,0.0,420.4172446456188,341.9944612110107,0.0629840287709354,3.052886835797075e-05,0.1069272233581898,0.0056369985426747,0.0434257529002236,1.0,341.9840205071252,393.93767281306174,81.1921247148462,77.55545927639403,22921.93106005634,248.0,9370.0,11.754213145918868,0.25,25.5639,0.0,416.512,347.8607,347.2101,87.5,89.6242,19542.8069,1.0,25274.0,25274.0,26105.0
6,126.05045286973954,200.39069036723583,453.68342921026647,186.0383628176048,0.9878712615129877,341.9840205071252,393.93767281306174,314.9687370825756,405.6918859589806,11.754213145918868,0.0298377483473043,81.1921247148462,81.23896013832669,36.756591796875,82.00292639590069,80.24005751889504,77.55545927639403,81.1921247148462,152.0,0.6352941176470588,22921.93106005634,22633.5,288.43106005634036,9370.0,9663.0,455.0,0.0470868260374624,1,0,1.8888888888888888,0.9193729003359462,3.971170437695075,3.6818934798522767,0.6352941176470588,0.0,4.0,0.0,4.0,36.0,52.0,248.0,0.9411764705882352,59,11.486311460855216,0.0,133,393.93767281306174,22921.93106005634,0.0,0.0,420.4172446456188,341.9944612110107,0.0629840287709354,3.052886835797075e-05,0.1069272233581898,0.0056369985426747,0.0434257529002236,1.0,341.9840205071252,393.93767281306174,81.1921247148462,77.55545927639403,22921.93106005634,248.0,9370.0,11.754213145918868,0.3,25.6767,0.0,416.512,347.8607,347.2101,87.5,89.6242,19542.8069,1.0,25274.0,25274.0,26105.0
7,126.05045286973954,200.39069036723583,453.68342921026647,186.0383628176048,0.9878712615129877,341.9840205071252,393.93767281306174,314.9687370825756,405.6918859589806,11.754213145918868,0.0298377483473043,81.1921247148462,81.23896013832669,36.756591796875,82.00292639590069,80.24005751889504,77.55545927639403,81.1921247148462,152.0,0.6352941176470588,22921.93106005634,22633.5,288.43106005634036,9370.0,9663.0,455.0,0.0470868260374624,1,0,1.8888888888888888,0.9193729003359462,3.971170437695075,3.6818934798522767,0.6352941176470588,0.0,4.0,0.0,4.0,36.0,52.0,248.0,0.9411764705882352,59,11.486311460855216,0.0,133,393.93767281306174,22921.93106005634,0.0,0.0,420.4172446456188,341.9944612110107,0.0629840287709354,3.052886835797075e-05,0.1069272233581898,0.0056369985426747,0.0434257529002236,1.0,341.9840205071252,393.93767281306174,81.1921247148462,77.55545927639403,22921.93106005634,248.0,9370.0,11.754213145918868,0.35,25.7895,0.0,416.512,347.8607,347.2101,87.5,89.6242,19542.8069,1.0,25274.0,25274.0,26105.0
8,126.05045286973954,200.39069036723583,453.68342921026647,186.0383628176048,0.9878712615129877,341.9840205071252,393.93767281306174,314.9687370825756,405.6918859589806,11.754213145918868,0.0298377483473043,81.1921247148462,81.23896013832669,36.756591796875,82.00292639590069,80.24005751889504,77.55545927639403,81.1921247148462,152.0,0.6352941176470588,22921.93106005634,22633.5,288.43106005634036,9370.0,9663.0,455.0,0.0470868260374624,1,0,1.8888888888888888,0.9193729003359462,3.971170437695075,3.6818934798522767,0.6352941176470588,0.0,4.0,0.0,4.0,36.0,52.0,248.0,0.9411764705882352,59,11.486311460855216,0.0,133,393.93767281306174,22921.93106005634,0.0,0.0,420.4172446456188,341.9944612110107,0.0629840287709354,3.052886835797075e-05,0.1069272233581898,0.0056369985426747,0.0434257529002236,1.0,341.9840205071252,393.93767281306174,81.1921247148462,77.55545927639403,22921.93106005634,248.0,9370.0,11.754213145918868,0.4,25.9023,0.0,416.512,347.8607,347.2101,87.5,89.6242,19542.8069,1.0,25274.0,25274.0,26105.0
9,126.05045286973954,200.39069036723583,453.68342921026647,186.0383628176048,0.9878712615129877,341.9840205071252,393.93767281306174,314.9687370825756,405.6918859589806,11.754213145918868,0.0298377483473043,81.1921247148462,81.23896013832669,36.756591796875,82.00292639590069,80.24005751889504,77.55545927639403,81.1921247148462,152.0,0.6352941176470588,22921.93106005634,22633.5,288.43106005634036,9370.0,9663.0,455.0,0.0470868260374624,1,0,1.8888888888888888,0.9193729003359462,3.971170437695075,3.6818934798522767,0.6352941176470588,0.0,4.0,0.0,4.0,36.0,52.0,248.0,0.9411764705882352,59,11.486311460855216,0.0,133,393.93767281306174,22921.93106005634,0.0,0.0,420.4172446456188,341.9944612110107,0.0629840287709354,3.052886835797075e-05,0.1069272233581898,0.0056369985426747,0.0434257529002236,1.0,341.9840205071252,393.93767281306174,81.1921247148462,77.55545927639403,22921.93106005634,248.0,9370.0,11.754213145918868,0.45,26.015,0.0,416.512,347.8607,347.2101,87.5,89.6242,19542.8069,1.0,25274.0,25274.0,26105.0
10,126.05045286973954,200.39069036723583,453.68342921026647,186.0383628176048,0.9878712615129877,341.9840205071252,393.93767281306174,314.9687370825756,405.6918859589806,11.754213145918868,0.0298377483473043,81.1921247148462,81.23896013832669,36.756591796875,82.00292639590069,80.24005751889504,77.55545927639403,81.1921247148462,152.0,0.6352941176470588,22921.93106005634,22633.5,288.43106005634036,9370.0,9663.0,455.0,0.0470868260374624,1,0,1.8888888888888888,0.9193729003359462,3.971170437695075,3.6818934798522767,0.6352941176470588,0.0,4.0,0.0,4.0,36.0,52.0,248.0,0.9411764705882352,59,11.486311460855216,0.0,133,393.93767281306174,22921.93106005634,0.0,0.0,420.4172446456188,341.9944612110107,0.0629840287709354,3.052886835797075e-05,0.1069272233581898,0.0056369985426747,0.0434257529002236,1.0,341.9840205071252,393.93767281306174,81.1921247148462,77.55545927639403,22921.93106005634,248.0,9370.0,11.754213145918868,0.5,26.1278,0.0,416.512,347.8607,347.2101,87.5,89.6242,19542.8069,1.0,25274.0,25274.0,26105.0
11,126.05045286973954,200.39069036723583,453.68342921026647,186.0383628176048,0.9878712615129877,341.9840205071252,393.93767281306174,314.9687370825756,405.6918859589806,11.754213145918868,0.0298377483473043,81.1921247148462,81.23896013832669,36.756591796875,82.00292639590069,80.24005751889504,77.55545927639403,81.1921247148462,152.0,0.6352941176470588,22921.93106005634,22633.5,288.43106005634036,9370.0,9663.0,455.0,0.0470868260374624,1,0,1.8888888888888888,0.9193729003359462,3.971170437695075,3.6818934798522767,0.6352941176470588,0.0,4.0,0.0,4.0,36.0,52.0,248.0,0.9411764705882352,59,11.486311460855216,0.0,133,393.93767281306174,22921.93106005634,0.0,0.0,420.4172446456188,341.9944612110107,0.0629840287709354,3.052886835797075e-05,0.1069272233581898,0.0056369985426747,0.0434257529002236,1.0,341.9840205071252,393.93767281306174,81.1921247148462,77.55545927639403,22921.93106005634,248.0,9370.0,11.754213145918868,0.55,26.2406,0.0,416.512,347.8607,347.2101,87.5,89.6242,19542.8069,1.0,25274.0,25274.0,26105.0
12,126.05045286973954,200.39069036723583,453.68342921026647,186.0383628176048,0.9878712615129877,341.9840205071252,393.93767281306174,314.9687370825756,405.6918859589806,11.754213145918868,0.0298377483473043,81.1921247148462,81.23896013832669,36.756591796875,82.00292639590069,80.24005751889504,77.55545927639403,81.1921247148462,152.0,0.6352941176470588,22921.93106005634,22633.5,288.43106005634036,9370.0,9663.0,455.0,0.0470868260374624,1,0,1.8888888888888888,0.9193729003359462,3.971170437695075,3.6818934798522767,0.6352941176470588,0.0,4.0,0.0,4.0,36.0,52.0,248.0,0.9411764705882352,59,11.486311460855216,0.0,133,393.93767281306174,22921.93106005634,0.0,0.0,420.4172446456188,341.9944612110107,0.0629840287709354,3.052886835797075e-05,0.1069272233581898,0.0056369985426747,0.0434257529002236,1.0,341.9840205071252,393.93767281306174,81.1921247148462,77.55545927639403,22921.93106005634,248.0,9370.0,11.754213145918868,0.6,26.3534,0.0,416.512,347.8607,347.2101,87.5,89.6242,19542.8069,1.0,25274.0,25274.0,26105.0
13,126.05045286973954,200.39069036723583,453.68342921026647,186.0383628176048,0.9878712615129877,341.9840205071252,393.93767281306174,314.9687370825756,405.6918859589806,11.754213145918868,0.0298377483473043,81.1921247148462,81.23896013832669,36.756591796875,82.00292639590069,80.24005751889504,77.55545927639403,81.1921247148462,152.0,0.6352941176470588,22921.93106005634,22633.5,288.43106005634036,9370.0,9663.0,455.0,0.0470868260374624,1,0,1.8888888888888888,0.9193729003359462,3.971170437695075,3.6818934798522767,0.6352941176470588,0.0,4.0,0.0,4.0,36.0,52.0,248.0,0.9411764705882352,59,11.486311460855216,0.0,133,393.93767281306174,22921.93106005634,0.0,0.0,420.4172446456188,341.9944612110107,0.0629840287709354,3.052886835797075e-05,0.1069272233581898,0.0056369985426747,0.0434257529002236,1.0,341.9840205071252,393.93767281306174,81.1921247148462,77.55545927639403,22921.93106005634,248.0,9370.0,11.754213145918868,0.65,26.4662,0.0,416.512,347.8607,347.2101,87.5,89.6242,19542.8069,1.0,25274.0,25274.0,26105.0
14,126.05045286973954,200.39069036723583,453.68342921026647,186.0383628176048,0.9878712615129877,341.9840205071252,393.93767281306174,314.9687370825756,405.6918859589806,11.754213145918868,0.0298377483473043,81.1921247148462,81.23896013832669,36.756591796875,82.00292639590069,80.24005751889504,77.55545927639403,81.1921247148462,152.0,0.6352941176470588,22921.93106005634,22633.5,288.43106005634036,9370.0,9663.0,455.0,0.0470868260374624,1,0,1.8888888888888888,0.9193729003359462,3.971170437695075,3.6818934798522767,0.6352941176470588,0.0,4.0,0.0,4.0,36.0,52.0,248.0,0.9411764705882352,59,11.486311460855216,0.0,133,393.93767281306174,22921.93106005634,0.0,0.0,420.4172446456188,341.9944612110107,0.0629840287709354,3.052886835797075e-05,0.1069272233581898,0.0056369985426747,0.0434257529002236,1.0,341.9840205071252,393.93767281306174,81.1921247148462,77.55545927639403,22921.93106005634,248.0,9370.0,11.754213145918868,0.7,26.5789,0.0,416.512,347.8607,347.2101,87.5,89.6242,19542.8069,1.0,25274.0,25274.0,26105.0
15,126.05045286973954,200.39069036723583,453.68342921026647,186.0383628176048,0.9878712615129877,341.9840205071252,393.93767281306174,314.9687370825756,405.6918859589806,11.754213145918868,0.0298377483473043,81.1921247148462,81.23896013832669,36.756591796875,82.00292639590069,80.24005751889504,77.55545927639403,81.1921247148462,152.0,0.6352941176470588,22921.93106005634,22633.5,288.43106005634036,9370.0,9663.0,455.0,0.0470868260374624,1,0,1.8888888888888888,0.9193729003359462,3.971170437695075,3.6818934798522767,0.6352941176470588,0.0,4.0,0.0,4.0,36.0,52.0,248.0,0.9411764705882352,59,11.486311460855216,0.0,133,393.93767281306174,22921.93106005634,0.0,0.0,420.4172446456188,341.9944612110107,0.0629840287709354,3.052886835797075e-05,0.1069272233581898,0.0056369985426747,0.0434257529002236,1.0,341.9840205071252,393.93767281306174,81.1921247148462,77.55545927639403,22921.93106005634,248.0,9370.0,11.754213145918868,0.75,26.6917,0.0,416.512,347.8607,347.2101,87.5,89.6242,19542.8069,1.0,25274.0,25274.0,26105.0
16,126.05045286973954,200.39069036723583,453.68342921026647,186.0383628176048,0.9878712615129877,341.9840205071252,393.93767281306174,314.9687370825756,405.6918859589806,11.754213145918868,0.0298377483473043,81.1921247148462,81.23896013832669,36.756591796875,82.00292639590069,80.24005751889504,77.55545927639403,81.1921247148462,152.0,0.6352941176470588,22921.93106005634,22633.5,288.43106005634036,9370.0,9663.0,455.0,0.0470868260374624,1,0,1.8888888888888888,0.9193729003359462,3.971170437695075,3.6818934798522767,0.6352941176470588,0.0,4.0,0.0,4.0,36.0,52.0,248.0,0.9411764705882352,59,11.486311460855216,0.0,133,393.93767281306174,22921.93106005634,0.0,0.0,420.4172446456188,341.9944612110107,0.0629840287709354,3.052886835797075e-05,0.1069272233581898,0.0056369985426747,0.0434257529002236,1.0,341.9840205071252,393.93767281306174,81.1921247148462,77.55545927639403,22921.93106005634,248.0,9370.0,11.754213145918868,0.8,26.8045,0.0,416.512,347.8607,347.2101,87.5,89.6242,19542.8069,1.0,25274.0,25274.0,26105.0
17,126.05045286973954,200.39069036723583,453.68342921026647,186.0383628176048,0.9878712615129877,341.9840205071252,393.93767281306174,314.9687370825756,405.6918859589806,11.754213145918868,0.0298377483473043,81.1921247148462,81.23896013832669,36.756591796875,82.00292639590069,80.24005751889504,77.55545927639403,81.1921247148462,152.0,0.6352941176470588,22921.93106005634,22633.5,288.43106005634036,9370.0,9663.0,455.0,0.0470868260374624,1,0,1.8888888888888888,0.9193729003359462,3.971170437695075,3.6818934798522767,0.6352941176470588,0.0,4.0,0.0,4.0,36.0,52.0,248.0,0.9411764705882352,59,11.486311460855216,0.0,133,393.93767281306174,22921.93106005634,0.0,0.0,420.4172446456188,341.9944612110107,0.0629840287709354,3.052886835797075e-05,0.1069272233581898,0.0056369985426747,0.0434257529002236,1.0,341.9840205071252,393.93767281306174,81.1921247148462,77.55545927639403,22921.93106005634,248.0,9370.0,11.754213145918868,0.85,26.9173,0.0,416.512,347.8607,347.2101,87.5,89.6242,19542.8069,1.0,25274.0,25274.0,26105.0
18,126.05045286973954,200.39069036723583,453.68342921026647,186.0383628176048,0.9878712615129877,341.9840205071252,393.93767281306174,314.9687370825756,405.6918859589806,11.754213145918868,0.0298377483473043,81.1921247148462,81.23896013832669,36.756591796875,82.00292639590069,80.24005751889504,77.55545927639403,81.1921247148462,152.0,0.6352941176470588,22921.93106005634,22633.5,288.43106005634036,9370.0,9663.0,455.0,0.0470868260374624,1,0,1.8888888888888888,0.9193729003359462,3.971170437695075,3.6818934798522767,0.6352941176470588,0.0,4.0,0.0,4.0,36.0,52.0,248.0,0.9411764705882352,59,11.486311460855216,0.0,133,393.93767281306174,22921.93106005634,0.0,0.0,420.4172446456188,341.9944612110107,0.0629840287709354,3.052886835797075e-05,0.1069272233581898,0.0056369985426747,0.0434257529002236,1.0,341.9840205071252,393.93767281306174,81.1921247148462,77.55545927639403,22921.93106005634,248.0,9370.0,11.754213145918868,0.9,27.0301,0.0,416.512,347.8607,347.2101,87.5,89.6242,19542.8069,1.0,25274.0,25274.0,26105.0
19,126.05045286973954,200.39069036723583,453.68342921026647,186.0383628176048,0.9878712615129877,341.9840205071252,393.93767281306174,314.9687370825756,405.6918859589806,11.754213145918868,0.0298377483473043,81.1921247148462,81.23896013832669,36.756591796875,82.00292639590069,80.24005751889504,77.55545927639403,81.1921247148462,152.0,0.6352941176470588,22921.93106005634,22633.5,288.43106005634036,9370.0,9663.0,455.0,0.0470868260374624,1,0,1.8888888888888888,0.9193729003359462,3.971170437695075,3.6818934798522767,0.6352941176470588,0.0,4.0,0.0,4.0,36.0,52.0,248.0,0.9411764705882352,59,11.486311460855216,0.0,133,393.93767281306174,22921.93106005634,0.0,0.0,420.4172446456188,341.9944612110107,0.0629840287709354,3.052886835797075e-05,0.1069272233581898,0.0056369985426747,0.0434257529002236,1.0,341.9840205071252,393.93767281306174,81.1921247148462,77.55545927639403,22921.93106005634,248.0,9370.0,11.754213145918868,0.95,27.1429,0.0,416.512,347.8607,347.2101,87.5,89.6242,19542.8069,1.0,25274.0,25274.0,26105.0
20,126.05045286973954,200.39069036723583,453.68342921026647,186.0383628176048,0.9878712615129877,341.9840205071252,393.93767281306174,314.9687370825756,405.6918859589806,11.754213145918868,0.0298377483473043,81.1921247148462,81.23896013832669,36.756591796875,82.00292639590069,80.24005751889504,77.55545927639403,81.1921247148462,152.0,0.6352941176470588,22921.93106005634,22633.5,288.43106005634036,9370.0,9663.0,455.0,0.0470868260374624,1,0,1.8888888888888888,0.9193729003359462,3.971170437695075,3.6818934798522767,0.6352941176470588,0.0,4.0,0.0,4.0,36.0,52.0,248.0,0.9411764705882352,59,11.486311460855216,0.0,133,393.93767281306174,22921.93106005634,0.0,0.0,420.4172446456188,341.9944612110107,0.0629840287709354,3.052886835797075e-05,0.1069272233581898,0.0056369985426747,0.0434257529002236,1.0,341.9840205071252,393.93767281306174,81.1921247148462,77.55545927639403,22921.93106005634,248.0,9370.0,11.754213145918868,1.0,27.2556,0.0,416.512,347.8607,347.2101,87.5,89.6242,19542.8069,1.0,25274.0,25274.0,26105.0
21,126.05045286973954,200.39069036723583,453.68342921026647,186.0383628176048,0.9878712615129877,341.9840205071252,393.93767281306174,314.9687370825756,405.6918859589806,11.754213145918868,0.0298377483473043,81.1921247148462,81.23896013832669,36.756591796875,82.00292639590069,80.24005751889504,77.55545927639403,81.1921247148462,152.0,0.6352941176470588,22921.93106005634,22633.5,288.43106005634036,9370.0,9663.0,455.0,0.0470868260374624,1,0,1.8888888888888888,0.9193729003359462,3.971170437695075,3.6818934798522767,0.6352941176470588,0.0,4.0,0.0,4.0,36.0,52.0,248.0,0.9411764705882352,59,11.486311460855216,0.0,133,393.93767281306174,22921.93106005634,0.0,0.0,420.4172446456188,341.9944612110107,0.0629840287709354,3.052886835797075e-05,0.1069272233581898,0.0056369985426747,0.0434257529002236,1.0,341.9840205071252,393.93767281306174,81.1921247148462,77.55545927639403,22921.93106005634,248.0,9370.0,11.754213145918868,1.05,27.3684,0.0,416.512,347.8607,347.2101,87.5,89.6242,19542.8069,1.0,25274.0,25274.0,26105.0
22,126.05045286973954,200.39069036723583,453.68342921026647,186.0383628176048,0.9878712615129877,341.9840205071252,393.93767281306174,314.9687370825756,405.6918859589806,11.754213145918868,0.0298377483473043,81.1921247148462,81.23896013832669,36.756591796875,82.00292639590069,80.24005751889504,77.55545927639403,81.1921247148462,152.0,0.6352941176470588,22921.93106005634,22633.5,288.43106005634036,9370.0,9663.0,455.0,0.0470868260374624,1,0,1.8888888888888888,0.9193729003359462,3.971170437695075,3.6818934798522767,0.6352941176470588,0.0,4.0,0.0,4.0,36.0,52.0,248.0,0.9411764705882352,59,11.486311460855216,0.0,133,393.93767281306174,22921.93106005634,0.0,0.0,420.4172446456188,341.9944612110107,0.0629840287709354,3.052886835797075e-05,0.1069272233581898,0.0056369985426747,0.0434257529002236,1.0,341.9840205071252,393.93767281306174,81.1921247148462,77.55545927639403,22921.93106005634,248.0,9370.0,11.754213145918868,1.1,27.4812,0.0,416.512,347.8607,347.2101,87.5,89.6242,19542.8069,1.0,25274.0,25274.0,26105.0
23,126.05045286973954,200.39069036723583,453.68342921026647,186.0383628176048,0.9878712615129877,341.9840205071252,393.93767281306174,314.9687370825756,405.6918859589806,11.754213145918868,0.0298377483473043,81.1921247148462,81.23896013832669,36.756591796875,82.00292639590069,80.24005751889504,77.55545927639403,81.1921247148462,152.0,0.6352941176470588,22921.93106005634,22633.5,288.43106005634036,9370.0,9663.0,455.0,0.0470868260374624,1,0,1.8888888888888888,0.9193729003359462,3.971170437695075,3.6818934798522767,0.6352941176470588,0.0,4.0,0.0,4.0,36.0,52.0,248.0,0.9411764705882352,59,11.486311460855216,0.0,133,393.93767281306174,22921.93106005634,0.0,0.0,420.4172446456188,341.9944612110107,0.0629840287709354,3.052886835797075e-05,0.1069272233581898,0.0056369985426747,0.0434257529002236,1.0,341.9840205071252,393.93767281306174,81.1921247148462,77.55545927639403,22921.93106005634,248.0,9370.0,11.754213145918868,1.15,27.594,0.0,416.512,347.8607,347.2101,87.5,89.6242,19542.8069,1.0,25274.0,25274.0,26105.0
24,126.05045286973954,200.39069036723583,453.68342921026647,186.0383628176048,0.9878712615129877,341.9840205071252,393.93767281306174,314.9687370825756,405.6918859589806,11.754213145918868,0.0298377483473043,81.1921247148462,81.23896013832669,36.756591796875,82.00292639590069,80.24005751889504,77.55545927639403,81.1921247148462,152.0,0.6352941176470588,22921.93106005634,22633.5,288.43106005634036,9370.0,9663.0,455.0,0.0470868260374624,1,0,1.8888888888888888,0.9193729003359462,3.971170437695075,3.6818934798522767,0.6352941176470588,0.0,4.0,0.0,4.0,36.0,52.0,248.0,0.9411764705882352,59,11.486311460855216,0.0,133,393.93767281306174,22921.93106005634,0.0,0.0,420.4172446456188,341.9944612110107,0.0629840287709354,3.052886835797075e-05,0.1069272233581898,0.0056369985426747,0.0434257529002236,1.0,341.9840205071252,393.93767281306174,81.1921247148462,77.55545927639403,22921.93106005634,248.0,9370.0,11.754213145918868,1.2,27.7068,0.0,416.512,347.8607,347.2101,87.5,89.6242,19542.8069,1.0,25274.0,25274.0,26105.0
25,126.05045286973954,200.39069036723583,453.68342921026647,186.0383628176048,0.9878712615129877,341.9840205071252,393.93767281306174,314.9687370825756,405.6918859589806,11.754213145918868,0.0298377483473043,81.1921247148462,81.23896013832669,36.756591796875,82.00292639590069,80.24005751889504,77.55545927639403,81.1921247148462,152.0,0.6352941176470588,22921.93106005634,22633.5,288.43106005634036,9370.0,9663.0,455.0,0.0470868260374624,1,0,1.8888888888888888,0.9193729003359462,3.971170437695075,3.6818934798522767,0.6352941176470588,0.0,4.0,0.0,4.0,36.0,52.0,248.0,0.9411764705882352,59,11.486311460855216,0.0,133,393.93767281306174,22921.93106005634,0.0,0.0,420.4172446456188,341.9944612110107,0.0629840287709354,3.052886835797075e-05,0.1069272233581898,0.0056369985426747,0.0434257529002236,1.0,341.9840205071252,393.93767281306174,81.1921247148462,77.55545927639403,22921.93106005634,248.0,9370.0,11.754213145918868,1.25,27.8195,0.0,416.512,347.8607,347.2101,87.5,89.6242,19542.8069,1.0,25274.0,25274.0,26105.0
26,126.05045286973954,200.39069036723583,453.68342921026647,186.0383628176048,0.9878712615129877,341.9840205071252,393.93767281306174,314.9687370825756,405.6918859589806,11.754213145918868,0.0298377483473043,81.1921247148462,81.23896013832669,36.756591796875,82.00292639590069,80.24005751889504,77.55545927639403,81.1921247148462,152.0,0.6352941176470588,22921.93106005634,22633.5,288.43106005634036,9370.0,9663.0,455.0,0.0470868260374624,1,0,1.8888888888888888,0.9193729003359462,3.971170437695075,3.6818934798522767,0.6352941176470588,0.0,4.0,0.0,4.0,36.0,52.0,248.0,0.9411764705882352,59,11.486311460855216,0.0,133,393.93767281306174,22921.93106005634,0.0,0.0,420.4172446456188,341.9944612110107,0.0629840287709354,3.052886835797075e-05,0.1069272233581898,0.0056369985426747,0.0434257529002236,1.0,341.9840205071252,393.93767281306174,81.1921247148462,77.55545927639403,22921.93106005634,248.0,9370.0,11.754213145918868,1.3,27.9323,0.0,416.512,347.8607,347.2101,87.5,89.6242,19542.8069,1.0,25274.0,25274.0,26105.0
27,126.05045286973954,200.39069036723583,453.68342921026647,186.0383628176048,0.9878712615129877,341.9840205071252,393.93767281306174,314.9687370825756,405.6918859589806,11.754213145918868,0.0298377483473043,81.1921247148462,81.23896013832669,36.756591796875,82.00292639590069,80.24005751889504,77.55545927639403,81.1921247148462,152.0,0.6352941176470588,22921.93106005634,22633.5,288.43106005634036,9370.0,9663.0,455.0,0.0470868260374624,1,0,1.8888888888888888,0.9193729003359462,3.971170437695075,3.6818934798522767,0.6352941176470588,0.0,4.0,0.0,4.0,36.0,52.0,248.0,0.9411764705882352,59,11.486311460855216,0.0,133,393.93767281306174,22921.93106005634,0.0,0.0,420.4172446456188,341.9944612110107,0.0629840287709354,3.052886835797075e-05,0.1069272233581898,0.0056369985426747,0.0434257529002236,1.0,341.9840205071252,393.93767281306174,81.1921247148462,77.55545927639403,22921.93106005634,248.0,9370.0,11.754213145918868,1.35,28.0451,0.0,416.512,347.8607,347.2101,87.5,89.6242,19542.8069,1.0,25274.0,25274.0,26105.0
28,126.05045286973954,200.39069036723583,453.68342921026647,186.0383628176048,0.9878712615129877,341.9840205071252,393.93767281306174,314.9687370825756,405.6918859589806,11.754213145918868,0.0298377483473043,81.1921247148462,81.23896013832669,36.756591796875,82.00292639590069,80.24005751889504,77.55545927639403,81.1921247148462,152.0,0.6352941176470588,22921.93106005634,22633.5,288.43106005634036,9370.0,9663.0,455.0,0.0470868260374624,1,0,1.8888888888888888,0.9193729003359462,3.971170437695075,3.6818934798522767,0.6352941176470588,0.0,4.0,0.0,4.0,36.0,52.0,248.0,0.9411764705882352,59,11.486311460855216,0.0,133,393.93767281306174,22921.93106005634,0.0,0.0,420.4172446456188,341.9944612110107,0.0629840287709354,3.052886835797075e-05,0.1069272233581898,0.0056369985426747,0.0434257529002236,1.0,341.9840205071252,393.93767281306174,81.1921247148462,77.55545927639403,22921.93106005634,248.0,9370.0,11.754213145918868,1.4,28.1579,0.0,416.512,347.8607,347.2101,87.5,89.6242,19542.8069,1.0,25274.0,25274.0,26105.0
29,126.05045286973954,200.39069036723583,453.68342921026647,186.0383628176048,0.9878712615129877,341.9840205071252,393.93767281306174,314.9687370825756,405.6918859589806,11.754213145918868,0.0298377483473043,81.1921247148462,81.23896013832669,36.756591796875,82.00292639590069,80.24005751889504,77.55545927639403,81.1921247148462,152.0,0.6352941176470588,22921.93106005634,22633.5,288.43106005634036,9370.0,9663.0,455.0,0.0470868260374624,1,0,1.8888888888888888,0.9193729003359462,3.971170437695075,3.6818934798522767,0.6352941176470588,0.0,4.0,0.0,4.0,36.0,52.0,248.0,0.9411764705882352,59,11.486311460855216,0.0,133,393.93767281306174,22921.93106005634,0.0,0.0,420.4172446456188,341.9944612110107,0.0629840287709354,3.052886835797075e-05,0.1069272233581898,0.0056369985426747,0.0434257529002236,1.0,341.9840205071252,393.93767281306174,81.1921247148462,77.55545927639403,22921.93106005634,248.0,9370.0,11.754213145918868,1.45,28.2707,0.0,416.512,347.8607,347.2101,87.5,89.6242,19542.8069,1.0,25274.0,25274.0,26105.0
30,126.05045286973954,200.39069036723583,453.68342921026647,186.0383628176048,0.9878712615129877,341.9840205071252,393.93767281306174,314.9687370825756,405.6918859589806,11.754213145918868,0.0298377483473043,81.1921247148462,81.23896013832669,36.756591796875,82.00292639590069,80.24005751889504,77.55545927639403,81.1921247148462,152.0,0.6352941176470588,22921.93106005634,22633.5,288.43106005634036,9370.0,9663.0,455.0,0.0470868260374624,1,0,1.8888888888888888,0.9193729003359462,3.971170437695075,3.6818934798522767,0.6352941176470588,0.0,4.0,0.0,4.0,36.0,52.0,248.0,0.9411764705882352,59,11.486311460855216,0.0,133,393.93767281306174,22921.93106005634,0.0,0.0,420.4172446456188,341.9944612110107,0.0629840287709354,3.052886835797075e-05,0.1069272233581898,0.0056369985426747,0.0434257529002236,1.0,341.9840205071252,393.93767281306174,81.1921247148462,77.55545927639403,22921.93106005634,248.0,9370.0,11.754213145918868,1.5,28.3835,0.0,416.512,347.8607,347.2101,87.5,89.6242,19542.8069,1.0,25274.0,25274.0,26105.0
31,126.05045286973954,200.39069036723583,453.68342921026647,186.0383628176048,0.9878712615129877,341.9840205071252,393.93767281306174,314.9687370825756,405.6918859589806,11.754213145918868,0.0298377483473043,81.1921247148462,81.23896013832669,36.756591796875,82.00292639590069,80.24005751889504,77.55545927639403,81.1921247148462,152.0,0.6352941176470588,22921.93106005634,22633.5,288.43106005634036,9370.0,9663.0,455.0,0.0470868260374624,1,0,1.8888888888888888,0.9193729003359462,3.971170437695075,3.6818934798522767,0.6352941176470588,0.0,4.0,0.0,4.0,36.0,52.0,248.0,0.9411764705882352,59,11.486311460855216,0.0,133,393.93767281306174,22921.93106005634,0.0,0.0,420.4172446456188,341.9944612110107,0.0629840287709354,3.052886835797075e-05,0.1069272233581898,0.0056369985426747,0.0434257529002236,1.0,341.9840205071252,393.93767281306174,81.1921247148462,77.55545927639403,22921.93106005634,248.0,9370.0,11.754213145918868,1.55,28.4962,0.0,416.512,347.8607,347.2101,87.5,89.6242,19542.8069,1.0,25274.0,25274.0,26105.0
32,126.05045286973954,200.39069036723583,453.68342921026647,186.0383628176048,0.9878712615129877,341.9840205071252,393.93767281306174,314.9687370825756,405.6918859589806,11.754213145918868,0.0298377483473043,81.1921247148462,81.23896013832669,36.756591796875,82.00292639590069,80.24005751889504,77.55545927639403,81.1921247148462,152.0,0.6352941176470588,22921.93106005634,22633.5,288.43106005634036,9370.0,9663.0,455.0,0.0470868260374624,1,0,1.8888888888888888,0.9193729003359462,3.971170437695075,3.6818934798522767,0.6352941176470588,0.0,4.0,0.0,4.0,36.0,52.0,248.0,0.9411764705882352,59,11.486311460855216,0.0,133,393.93767281306174,22921.93106005634,0.0,0.0,420.4172446456188,341.9944612110107,0.0629840287709354,3.052886835797075e-05,0.1069272233581898,0.0056369985426747,0.0434257529002236,1.0,341.9840205071252,393.93767281306174,81.1921247148462,77.55545927639403,22921.93106005634,248.0,9370.0,11.754213145918868,1.6,28.609,0.0,416.512,347.8607,347.2101,87.5,89.6242,19542.8069,1.0,25274.0,25274.0,26105.0
33,126.05045286973954,200.39069036723583,453.68342921026647,186.0383628176048,0.9878712615129877,341.9840205071252,393.93767281306174,314.9687370825756,405.6918859589806,11.754213145918868,0.0298377483473043,81.1921247148462,81.23896013832669,36.756591796875,82.00292639590069,80.24005751889504,77.55545927639403,81.1921247148462,152.0,0.6352941176470588,22921.93106005634,22633.5,288.43106005634036,9370.0,9663.0,455.0,0.0470868260374624,1,0,1.8888888888888888,0.9193729003359462,3.971170437695075,3.6818934798522767,0.6352941176470588,0.0,4.0,0.0,4.0,36.0,52.0,248.0,0.9411764705882352,59,11.486311460855216,0.0,133,393.93767281306174,22921.93106005634,0.0,0.0,420.4172446456188,341.9944612110107,0.0629840287709354,3.052886835797075e-05,0.1069272233581898,0.0056369985426747,0.0434257529002236,1.0,341.9840205071252,393.93767281306174,81.1921247148462,77.55545927639403,22921.93106005634,248.0,9370.0,11.754213145918868,1.65,28.7218,0.0,416.512,347.8607,347.2101,87.5,89.6242,19542.8069,1.0,25274.0,25274.0,26105.0
34,126.05045286973954,200.39069036723583,453.68342921026647,186.0383628176048,0.9878712615129877,341.9840205071252,393.93767281306174,314.9687370825756,405.6918859589806,11.754213145918868,0.0298377483473043,81.1921247148462,81.23896013832669,36.756591796875,82.00292639590069,80.24005751889504,77.55545927639403,81.1921247148462,152.0,0.6352941176470588,22921.93106005634,22633.5,288.43106005634036,9370.0,9663.0,455.0,0.0470868260374624,1,0,1.8888888888888888,0.9193729003359462,3.971170437695075,3.6818934798522767,0.6352941176470588,0.0,4.0,0.0,4.0,36.0,52.0,248.0,0.9411764705882352,59,11.486311460855216,0.0,133,393.93767281306174,22921.93106005634,0.0,0.0,420.4172446456188,341.9944612110107,0.0629840287709354,3.052886835797075e-05,0.1069272233581898,0.0056369985426747,0.0434257529002236,1.0,341.9840205071252,393.93767281306174,81.1921247148462,77.55545927639403,22921.93106005634,248.0,9370.0,11.754213145918868,1.7,28.8346,0.0,416.512,347.8607,347.2101,87.5,89.6242,19542.8069,1.0,25274.0,25274.0,26105.0
35,126.05045286973954,200.39069036723583,453.68342921026647,186.0383628176048,0.9878712615129877,341.9840205071252,393.93767281306174,314.9687370825756,405.6918859589806,11.754213145918868,0.0298377483473043,81.1921247148462,81.23896013832669,36.756591796875,82.00292639590069,80.24005751889504,77.55545927639403,81.1921247148462,152.0,0.6352941176470588,22921.93106005634,22633.5,288.43106005634036,9370.0,9663.0,455.0,0.0470868260374624,1,0,1.8888888888888888,0.9193729003359462,3.971170437695075,3.6818934798522767,0.6352941176470588,0.0,4.0,0.0,4.0,36.0,52.0,248.0,0.9411764705882352,59,11.486311460855216,0.0,133,393.93767281306174,22921.93106005634,0.0,0.0,420.4172446456188,341.9944612110107,0.0629840287709354,3.052886835797075e-05,0.1069272233581898,0.0056369985426747,0.0434257529002236,1.0,341.9840205071252,393.93767281306174,81.1921247148462,77.55545927639403,22921.93106005634,248.0,9370.0,11.754213145918868,1.75,28.9474,0.0,416.512,347.8607,347.2101,87.5,89.6242,19542.8069,1.0,25274.0,25274.0,26105.0
36,126.05045286973954,200.39069036723583,453.68342921026647,186.0383628176048,0.9878712615129877,341.9840205071252,393.93767281306174,314.9687370825756,405.6918859589806,11.754213145918868,0.0298377483473043,81.1921247148462,81.23896013832669,36.756591796875,82.00292639590069,80.24005751889504,77.55545927639403,81.1921247148462,152.0,0.6352941176470588,22921.93106005634,22633.5,288.43106005634036,9370.0,9663.0,455.0,0.0470868260374624,1,0,1.8888888888888888,0.9193729003359462,3.971170437695075,3.6818934798522767,0.6352941176470588,0.0,4.0,0.0,4.0,36.0,52.0,248.0,0.9411764705882352,59,11.486311460855216,0.0,133,393.93767281306174,22921.93106005634,0.0,0.0,420.4172446456188,341.9944612110107,0.0629840287709354,3.052886835797075e-05,0.1069272233581898,0.0056369985426747,0.0434257529002236,1.0,341.9840205071252,393.93767281306174,81.1921247148462,77.55545927639403,22921.93106005634,248.0,9370.0,11.754213145918868,1.8,29.0602,0.0,416.512,347.8607,347.2101,87.5,89.6242,19542.8069,1.0,25274.0,25274.0,26105.0
37,126.05045286973954,200.39069036723583,453.68342921026647,186.0383628176048,0.9878712615129877,341.9840205071252,393.93767281306174,314.9687370825756,405.6918859589806,11.754213145918868,0.0298377483473043,81.1921247148462,81.23896013832669,36.756591796875,82.00292639590069,80.24005751889504,77.55545927639403,81.1921247148462,152.0,0.6352941176470588,22921.93106005634,22633.5,288.43106005634036,9370.0,9663.0,455.0,0.0470868260374624,1,0,1.8888888888888888,0.9193729003359462,3.971170437695075,3.6818934798522767,0.6352941176470588,0.0,4.0,0.0,4.0,36.0,52.0,248.0,0.9411764705882352,59,11.486311460855216,0.0,133,393.93767281306174,22921.93106005634,0.0,0.0,420.4172446456188,341.9944612110107,0.0629840287709354,3.052886835797075e-05,0.1069272233581898,0.0056369985426747,0.0434257529002236,1.0,341.9840205071252,393.93767281306174,81.1921247148462,77.55545927639403,22921.93106005634,248.0,9370.0,11.754213145918868,1.85,29.1729,0.0,416.512,347.8607,347.2101,87.5,89.6242,19542.8069,1.0,25274.0,25274.0,26105.0
38,126.05045286973954,200.39069036723583,453.68342921026647,186.0383628176048,0.9878712615129877,341.9840205071252,393.93767281306174,314.9687370825756,405.6918859589806,11.754213145918868,0.0298377483473043,81.1921247148462,81.23896013832669,36.756591796875,82.00292639590069,80.24005751889504,77.55545927639403,81.1921247148462,152.0,0.6352941176470588,22921.93106005634,22633.5,288.43106005634036,9370.0,9663.0,455.0,0.0470868260374624,1,0,1.8888888888888888,0.9193729003359462,3.971170437695075,3.6818934798522767,0.6352941176470588,0.0,4.0,0.0,4.0,36.0,52.0,248.0,0.9411764705882352,59,11.486311460855216,0.0,133,393.93767281306174,22921.93106005634,0.0,0.0,420.4172446456188,341.9944612110107,0.0629840287709354,3.052886835797075e-05,0.1069272233581898,0.0056369985426747,0.0434257529002236,1.0,341.9840205071252,393.93767281306174,81.1921247148462,77.55545927639403,22921.93106005634,248.0,9370.0,11.754213145918868,1.9,29.2857,0.0,416.512,347.8607,347.2101,87.5,89.6242,19542.8069,1.0,25274.0,25274.0,26105.0
39,126.05045286973954,200.39069036723583,453.68342921026647,186.0383628176048,0.9878712615129877,341.9840205071252,393.93767281306174,314.9687370825756,405.6918859589806,11.754213145918868,0.0298377483473043,81.1921247148462,81.23896013832669,36.756591796875,82.00292639590069,80.24005751889504,77.55545927639403,81.1921247148462,152.0,0.6352941176470588,22921.93106005634,22633.5,288.43106005634036,9370.0,9663.0,455.0,0.0470868260374624,1,0,1.8888888888888888,0.9193729003359462,3.971170437695075,3.6818934798522767,0.6352941176470588,0.0,4.0,0.0,4.0,36.0,52.0,248.0,0.9411764705882352,59,11.486311460855216,0.0,133,393.93767281306174,22921.93106005634,0.0,0.0,420.4172446456188,341.9944612110107,0.0629840287709354,3.052886835797075e-05,0.1069272233581898,0.0056369985426747,0.0434257529002236,1.0,341.9840205071252,393.93767281306174,81.1921247148462,77.55545927639403,22921.93106005634,248.0,9370.0,11.754213145918868,1.95,29.3985,0.0,416.512,347.8607,347.2101,87.5,89.6242,19542.8069,1.0,25274.0,25274.0,26105.0
40,126.05045286973954,200.39069036723583,453.68342921026647,186.0383628176048,0.9878712615129877,341.9840205071252,393.93767281306174,314.9687370825756,405.6918859589806,11.754213145918868,0.0298377483473043,81.1921247148462,81.23896013832669,36.756591796875,82.00292639590069,80.24005751889504,77.55545927639403,81.1921247148462,152.0,0.6352941176470588,22921.93106005634,22633.5,288.43106005634036,9370.0,9663.0,455.0,0.0470868260374624,1,0,1.8888888888888888,0.9193729003359462,3.971170437695075,3.6818934798522767,0.6352941176470588,0.0,4.0,0.0,4.0,36.0,52.0,248.0,0.9411764705882352,59,11.486311460855216,0.0,133,393.93767281306174,22921.93106005634,0.0,0.0,420.4172446456188,341.9944612110107,0.0629840287709354,3.052886835797075e-05,0.1069272233581898,0.0056369985426747,0.0434257529002236,1.0,341.9840205071252,393.93767281306174,81.1921247148462,77.55545927639403,22921.93106005634,248.0,9370.0,11.754213145918868,2.0,29.5113,0.0,416.512,347.8607,347.2101,87.5,89.6242,19542.8069,1.0,25274.0,25274.0,26105.0
41,126.05045286973954,200.39069036723583,453.68342921026647,186.0383628176048,0.9878712615129877,341.9840205071252,393.93767281306174,314.9687370825756,405.6918859589806,11.754213145918868,0.0298377483473043,81.1921247148462,81.23896013832669,36.756591796875,82.00292639590069,80.24005751889504,77.55545927639403,81.1921247148462,152.0,0.6352941176470588,22921.93106005634,22633.5,288.43106005634036,9370.0,9663.0,455.0,0.0470868260374624,1,0,1.8888888888888888,0.9193729003359462,3.971170437695075,3.6818934798522767,0.6352941176470588,0.0,4.0,0.0,4.0,36.0,52.0,248.0,0.9411764705882352,59,11.486311460855216,0.0,133,393.93767281306174,22921.93106005634,0.0,0.0,420.4172446456188,341.9944612110107,0.0629840287709354,3.052886835797075e-05,0.1069272233581898,0.0056369985426747,0.0434257529002236,1.0,341.9840205071252,393.93767281306174,81.1921247148462,77.55545927639403,22921.93106005634,248.0,9370.0,11.754213145918868,2.05,29.6241,0.0,416.512,347.8607,347.2101,87.5,89.6242,19542.8069,1.0,25274.0,25274.0,26105.0
42,126.05045286973954,200.39069036723583,453.68342921026647,186.0383628176048,0.9878712615129877,341.9840205071252,393.93767281306174,314.9687370825756,405.6918859589806,11.754213145918868,0.0298377483473043,81.1921247148462,81.23896013832669,36.756591796875,82.00292639590069,80.24005751889504,77.55545927639403,81.1921247148462,152.0,0.6352941176470588,22921.93106005634,22633.5,288.43106005634036,9370.0,9663.0,455.0,0.0470868260374624,1,0,1.8888888888888888,0.9193729003359462,3.971170437695075,3.6818934798522767,0.6352941176470588,0.0,4.0,0.0,4.0,36.0,52.0,248.0,0.9411764705882352,59,11.486311460855216,0.0,133,393.93767281306174,22921.93106005634,0.0,0.0,420.4172446456188,341.9944612110107,0.0629840287709354,3.052886835797075e-05,0.1069272233581898,0.0056369985426747,0.0434257529002236,1.0,341.9840205071252,393.93767281306174,81.1921247148462,77.55545927639403,22921.93106005634,248.0,9370.0,11.754213145918868,2.1,29.7368,0.0,416.512,347.8607,347.2101,87.5,89.6242,19542.8069,1.0,25274.0,25274.0,26105.0
43,126.05045286973954,200.39069036723583,453.68342921026647,186.0383628176048,0.9878712615129877,341.9840205071252,393.93767281306174,314.9687370825756,405.6918859589806,11.754213145918868,0.0298377483473043,81.1921247148462,81.23896013832669,36.756591796875,82.00292639590069,80.24005751889504,77.55545927639403,81.1921247148462,152.0,0.6352941176470588,22921.93106005634,22633.5,288.43106005634036,9370.0,9663.0,455.0,0.0470868260374624,1,0,1.8888888888888888,0.9193729003359462,3.971170437695075,3.6818934798522767,0.6352941176470588,0.0,4.0,0.0,4.0,36.0,52.0,248.0,0.9411764705882352,59,11.486311460855216,0.0,133,393.93767281306174,22921.93106005634,0.0,0.0,420.4172446456188,341.9944612110107,0.0629840287709354,3.052886835797075e-05,0.1069272233581898,0.0056369985426747,0.0434257529002236,1.0,341.9840205071252,393.93767281306174,81.1921247148462,77.55545927639403,22921.93106005634,248.0,9370.0,11.754213145918868,2.15,29.8496,0.0,416.512,347.8607,347.2101,87.5,89.6242,19542.8069,1.0,25274.0,25274.0,26105.0
44,126.05045286973954,200.39069036723583,453.68342921026647,186.0383628176048,0.9878712615129877,341.9840205071252,393.93767281306174,314.9687370825756,405.6918859589806,11.754213145918868,0.0298377483473043,81.1921247148462,81.23896013832669,36.756591796875,82.00292639590069,80.24005751889504,77.55545927639403,81.1921247148462,152.0,0.6352941176470588,22921.93106005634,22633.5,288.43106005634036,9370.0,9663.0,455.0,0.0470868260374624,1,0,1.8888888888888888,0.9193729003359462,3.971170437695075,3.6818934798522767,0.6352941176470588,0.0,4.0,0.0,4.0,36.0,52.0,248.0,0.9411764705882352,59,11.486311460855216,0.0,133,393.93767281306174,22921.93106005634,0.0,0.0,420.4172446456188,341.9944612110107,0.0629840287709354,3.052886835797075e-05,0.1069272233581898,0.0056369985426747,0.0434257529002236,1.0,341.9840205071252,393.93767281306174,81.1921247148462,77.55545927639403,22921.93106005634,248.0,9370.0,11.754213145918868,2.2,29.9624,0.0,416.512,347.8607,347.2101,87.5,89.6242,19542.8069,1.0,25274.0,25274.0,26105.0
45,126.05045286973954,200.39069036723583,453.68342921026647,186.0383628176048,0.9878712615129877,341.9840205071252,393.93767281306174,314.9687370825756,405.6918859589806,11.754213145918868,0.0298377483473043,81.1921247148462,81.23896013832669,36.756591796875,82.00292639590069,80.24005751889504,77.55545927639403,81.1921247148462,152.0,0.6352941176470588,22921.93106005634,22633.5,288.43106005634036,9370.0,9663.0,455.0,0.0470868260374624,1,0,1.8888888888888888,0.9193729003359462,3.971170437695075,3.6818934798522767,0.6352941176470588,0.0,4.0,0.0,4.0,36.0,52.0,248.0,0.9411764705882352,59,11.486311460855216,0.0,133,393.93767281306174,22921.93106005634,0.0,0.0,420.4172446456188,341.9944612110107,0.0629840287709354,3.052886835797075e-05,0.1069272233581898,0.0056369985426747,0.0434257529002236,1.0,341.9840205071252,393.93767281306174,81.1921247148462,77.55545927639403,22921.93106005634,248.0,9370.0,11.754213145918868,2.25,30.0752,0.0,416.512,347.8607,347.2101,87.5,89.6242,19542.8069,1.0,25274.0,25274.0,26105.0
46,126.05045286973954,200.39069036723583,453.68342921026647,186.0383628176048,0.9878712615129877,341.9840205071252,393.93767281306174,314.9687370825756,405.6918859589806,11.754213145918868,0.0298377483473043,81.1921247148462,81.23896013832669,36.756591796875,82.00292639590069,80.24005751889504,77.55545927639403,81.1921247148462,152.0,0.6352941176470588,22921.93106005634,22633.5,288.43106005634036,9370.0,9663.0,455.0,0.0470868260374624,1,0,1.8888888888888888,0.9193729003359462,3.971170437695075,3.6818934798522767,0.6352941176470588,0.0,4.0,0.0,4.0,36.0,52.0,248.0,0.9411764705882352,59,11.486311460855216,0.0,133,393.93767281306174,22921.93106005634,0.0,0.0,420.4172446456188,341.9944612110107,0.0629840287709354,3.052886835797075e-05,0.1069272233581898,0.0056369985426747,0.0434257529002236,1.0,341.9840205071252,393.93767281306174,81.1921247148462,77.55545927639403,22921.93106005634,248.0,9370.0,11.754213145918868,2.3,30.188,0.0,416.512,347.8607,347.2101,87.5,89.6242,19542.8069,1.0,25274.0,25274.0,26105.0
47,126.05045286973954,200.39069036723583,453.68342921026647,186.0383628176048,0.9878712615129877,341.9840205071252,393.93767281306174,314.9687370825756,405.6918859589806,11.754213145918868,0.0298377483473043,81.1921247148462,81.23896013832669,36.756591796875,82.00292639590069,80.24005751889504,77.55545927639403,81.1921247148462,152.0,0.6352941176470588,22921.93106005634,22633.5,288.43106005634036,9370.0,9663.0,455.0,0.0470868260374624,1,0,1.8888888888888888,0.9193729003359462,3.971170437695075,3.6818934798522767,0.6352941176470588,0.0,4.0,0.0,4.0,36.0,52.0,248.0,0.9411764705882352,59,11.486311460855216,0.0,133,393.93767281306174,22921.93106005634,0.0,0.0,420.4172446456188,341.9944612110107,0.0629840287709354,3.052886835797075e-05,0.1069272233581898,0.0056369985426747,0.0434257529002236,1.0,341.9840205071252,393.93767281306174,81.1921247148462,77.55545927639403,22921.93106005634,248.0,9370.0,11.754213145918868,2.35,30.3008,0.0,416.512,347.8607,347.2101,87.5,89.6242,19542.8069,1.0,25274.0,25274.0,26105.0
48,126.05045286973954,200.39069036723583,453.68342921026647,186.0383628176048,0.9878712615129877,341.9840205071252,393.93767281306174,314.9687370825756,405.6918859589806,11.754213145918868,0.0298377483473043,81.1921247148462,81.23896013832669,36.756591796875,82.00292639590069,80.24005751889504,77.55545927639403,81.1921247148462,152.0,0.6352941176470588,22921.93106005634,22633.5,288.43106005634036,9370.0,9663.0,455.0,0.0470868260374624,1,0,1.8888888888888888,0.9193729003359462,3.971170437695075,3.6818934798522767,0.6352941176470588,0.0,4.0,0.0,4.0,36.0,52.0,248.0,0.9411764705882352,59,11.486311460855216,0.0,133,393.93767281306174,22921.93106005634,0.0,0.0,420.4172446456188,341.9944612110107,0.0629840287709354,3.052886835797075e-05,0.1069272233581898,0.0056369985426747,0.0434257529002236,1.0,341.9840205071252,393.93767281306174,81.1921247148462,77.55545927639403,22921.93106005634,248.0,9370.0,11.754213145918868,2.4,30.4135,0.0,416.512,347.8607,347.2101,87.5,89.6242,19542.8069,1.0,25274.0,25274.0,26105.0
49,126.05045286973954,200.39069036723583,453.68342921026647,186.0383628176048,0.9878712615129877,341.9840205071252,393.93767281306174,314.9687370825756,405.6918859589806,11.754213145918868,0.0298377483473043,81.1921247148462,81.23896013832669,36.756591796875,82.00292639590069,80.24005751889504,77.55545927639403,81.1921247148462,152.0,0.6352941176470588,22921.93106005634,22633.5,288.43106005634036,9370.0,9663.0,455.0,0.0470868260374624,1,0,1.8888888888888888,0.9193729003359462,3.971170437695075,3.6818934798522767,0.6352941176470588,0.0,4.0,0.0,4.0,36.0,52.0,248.0,0.9411764705882352,59,11.486311460855216,0.0,133,393.93767281306174,22921.93106005634,0.0,0.0,420.4172446456188,341.9944612110107,0.0629840287709354,3.052886835797075e-05,0.1069272233581898,0.0056369985426747,0.0434257529002236,1.0,341.9840205071252,393.93767281306174,81.1921247148462,77.55545927639403,22921.93106005634,248.0,9370.0,11.754213145918868,2.45,30.5263,0.0,416.512,347.8607,347.2101,87.5,89.6242,19542.8069,1.0,25274.0,25274.0,26105.0
50,126.05045286973954,200.39069036723583,453.68342921026647,186.0383628176048,0.9878712615129877,341.9840205071252,393.93767281306174,314.9687370825756,405.6918859589806,11.754213145918868,0.0298377483473043,81.1921247148462,81.23896013832669,36.756591796875,82.00292639590069,80.24005751889504,77.55545927639403,81.1921247148462,152.0,0.6352941176470588,22921.93106005634,22633.5,288.43106005634036,9370.0,9663.0,455.0,0.0470868260374624,1,0,1.8888888888888888,0.9193729003359462,3.971170437695075,3.6818934798522767,0.6352941176470588,0.0,4.0,0.0,4.0,36.0,52.0,248.0,0.9411764705882352,59,11.486311460855216,0.0,133,393.93767281306174,22921.93106005634,0.0,0.0,420.4172446456188,341.9944612110107,0.0629840287709354,3.052886835797075e-05,0.1069272233581898,0.0056369985426747,0.0434257529002236,1.0,341.9840205071252,393.93767281306174,81.1921247148462,77.55545927639403,22921.93106005634,248.0,9370.0,11.754213145918868,2.5,30.6391,0.0,416.512,347.8607,347.2101,87.5,89.6242,19542.8069,1.0,25274.0,25274.0,26105.0
51,126.05045286973954,200.39069036723583,453.68342921026647,186.0383628176048,0.9878712615129877,341.9840205071252,393.93767281306174,314.9687370825756,405.6918859589806,11.754213145918868,0.0298377483473043,81.1921247148462,81.23896013832669,36.756591796875,82.00292639590069,80.24005751889504,77.55545927639403,81.1921247148462,152.0,0.6352941176470588,22921.93106005634,22633.5,288.43106005634036,9370.0,9663.0,455.0,0.0470868260374624,1,0,1.8888888888888888,0.9193729003359462,3.971170437695075,3.6818934798522767,0.6352941176470588,0.0,4.0,0.0,4.0,36.0,52.0,248.0,0.9411764705882352,59,11.486311460855216,0.0,133,393.93767281306174,22921.93106005634,0.0,0.0,420.4172446456188,341.9944612110107,0.0629840287709354,3.052886835797075e-05,0.1069272233581898,0.0056369985426747,0.0434257529002236,1.0,341.9840205071252,393.93767281306174,81.1921247148462,77.55545927639403,22921.93106005634,248.0,9370.0,11.754213145918868,2.55,30.7519,0.0,416.512,347.8607,347.2101,87.5,89.6242,19542.8069,1.0,25274.0,25274.0,26105.0
52,126.05045286973954,200.39069036723583,453.68342921026647,186.0383628176048,0.9878712615129877,341.9840205071252,393.93767281306174,314.9687370825756,405.6918859589806,11.754213145918868,0.0298377483473043,81.1921247148462,81.23896013832669,36.756591796875,82.00292639590069,80.24005751889504,77.55545927639403,81.1921247148462,152.0,0.6352941176470588,22921.93106005634,22633.5,288.43106005634036,9370.0,9663.0,455.0,0.0470868260374624,1,0,1.8888888888888888,0.9193729003359462,3.971170437695075,3.6818934798522767,0.6352941176470588,0.0,4.0,0.0,4.0,36.0,52.0,248.0,0.9411764705882352,59,11.486311460855216,0.0,133,393.93767281306174,22921.93106005634,0.0,0.0,420.4172446456188,341.9944612110107,0.0629840287709354,3.052886835797075e-05,0.1069272233581898,0.0056369985426747,0.0434257529002236,1.0,341.9840205071252,393.93767281306174,81.1921247148462,77.55545927639403,22921.93106005634,248.0,9370.0,11.754213145918868,2.6,30.8647,0.0,416.512,347.8607,347.2101,87.5,89.6242,19542.8069,1.0,25274.0,25274.0,26105.0
53,126.05045286973954,200.39069036723583,453.68342921026647,186.0383628176048,0.9878712615129877,341.9840205071252,393.93767281306174,314.9687370825756,405.6918859589806,11.754213145918868,0.0298377483473043,81.1921247148462,81.23896013832669,36.756591796875,82.00292639590069,80.24005751889504,77.55545927639403,81.1921247148462,152.0,0.6352941176470588,22921.93106005634,22633.5,288.43106005634036,9370.0,9663.0,455.0,0.0470868260374624,1,0,1.8888888888888888,0.9193729003359462,3.971170437695075,3.6818934798522767,0.6352941176470588,0.0,4.0,0.0,4.0,36.0,52.0,248.0,0.9411764705882352,59,11.486311460855216,0.0,133,393.93767281306174,22921.93106005634,0.0,0.0,420.4172446456188,341.9944612110107,0.0629840287709354,3.052886835797075e-05,0.1069272233581898,0.0056369985426747,0.0434257529002236,1.0,341.9840205071252,393.93767281306174,81.1921247148462,77.55545927639403,22921.93106005634,248.0,9370.0,11.754213145918868,2.65,30.9774,0.0,416.512,347.8607,347.2101,87.5,89.6242,19542.8069,1.0,25274.0,25274.0,26105.0
54,126.05045286973954,200.39069036723583,453.68342921026647,186.0383628176048,0.9878712615129877,341.9840205071252,393.93767281306174,314.9687370825756,405.6918859589806,11.754213145918868,0.0298377483473043,81.1921247148462,81.23896013832669,36.756591796875,82.00292639590069,80.24005751889504,77.55545927639403,81.1921247148462,152.0,0.6352941176470588,22921.93106005634,22633.5,288.43106005634036,9370.0,9663.0,455.0,0.0470868260374624,1,0,1.8888888888888888,0.9193729003359462,3.971170437695075,3.6818934798522767,0.6352941176470588,0.0,4.0,0.0,4.0,36.0,52.0,248.0,0.9411764705882352,59,11.486311460855216,0.0,133,393.93767281306174,22921.93106005634,0.0,0.0,420.4172446456188,341.9944612110107,0.0629840287709354,3.052886835797075e-05,0.1069272233581898,0.0056369985426747,0.0434257529002236,1.0,341.9840205071252,393.93767281306174,81.1921247148462,77.55545927639403,22921.93106005634,248.0,9370.0,11.754213145918868,2.7,31.0902,0.0,416.512,347.8607,347.2101,87.5,89.6242,19542.8069,1.0,25274.0,25274.0,26105.0
55,126.05045286973954,200.39069036723583,453.68342921026647,186.0383628176048,0.9878712615129877,341.9840205071252,393.93767281306174,314.9687370825756,405.6918859589806,11.754213145918868,0.0298377483473043,81.1921247148462,81.23896013832669,36.756591796875,82.00292639590069,80.24005751889504,77.55545927639403,81.1921247148462,152.0,0.6352941176470588,22921.93106005634,22633.5,288.43106005634036,9370.0,9663.0,455.0,0.0470868260374624,1,0,1.8888888888888888,0.9193729003359462,3.971170437695075,3.6818934798522767,0.6352941176470588,0.0,4.0,0.0,4.0,36.0,52.0,248.0,0.9411764705882352,59,11.486311460855216,0.0,133,393.93767281306174,22921.93106005634,0.0,0.0,420.4172446456188,341.9944612110107,0.0629840287709354,3.052886835797075e-05,0.1069272233581898,0.0056369985426747,0.0434257529002236,1.0,341.9840205071252,393.93767281306174,81.1921247148462,77.55545927639403,22921.93106005634,248.0,9370.0,11.754213145918868,2.75,31.203,0.0,416.512,347.8607,347.2101,87.5,89.6242,19542.8069,1.0,25274.0,25274.0,26105.0
56,126.05045286973954,200.39069036723583,453.68342921026647,186.0383628176048,0.9878712615129877,341.9840205071252,393.93767281306174,314.9687370825756,405.6918859589806,11.754213145918868,0.0298377483473043,81.1921247148462,81.23896013832669,36.756591796875,82.00292639590069,80.24005751889504,77.55545927639403,81.1921247148462,152.0,0.6352941176470588,22921.93106005634,22633.5,288.43106005634036,9370.0,9663.0,455.0,0.0470868260374624,1,0,1.8888888888888888,0.9193729003359462,3.971170437695075,3.6818934798522767,0.6352941176470588,0.0,4.0,0.0,4.0,36.0,52.0,248.0,0.9411764705882352,59,11.486311460855216,0.0,133,393.93767281306174,22921.93106005634,0.0,0.0,420.4172446456188,341.9944612110107,0.0629840287709354,3.052886835797075e-05,0.1069272233581898,0.0056369985426747,0.0434257529002236,1.0,341.9840205071252,393.93767281306174,81.1921247148462,77.55545927639403,22921.93106005634,248.0,9370.0,11.754213145918868,2.8,31.3158,0.0,416.512,347.8607,347.2101,87.5,89.6242,19542.8069,1.0,25274.0,25274.0,26105.0
57,126.05045286973954,200.39069036723583,453.68342921026647,186.0383628176048,0.9878712615129877,341.9840205071252,393.93767281306174,314.9687370825756,405.6918859589806,11.754213145918868,0.0298377483473043,81.1921247148462,81.23896013832669,36.756591796875,82.00292639590069,80.24005751889504,77.55545927639403,81.1921247148462,152.0,0.6352941176470588,22921.93106005634,22633.5,288.43106005634036,9370.0,9663.0,455.0,0.0470868260374624,1,0,1.8888888888888888,0.9193729003359462,3.971170437695075,3.6818934798522767,0.6352941176470588,0.0,4.0,0.0,4.0,36.0,52.0,248.0,0.9411764705882352,59,11.486311460855216,0.0,133,393.93767281306174,22921.93106005634,0.0,0.0,420.4172446456188,341.9944612110107,0.0629840287709354,3.052886835797075e-05,0.1069272233581898,0.0056369985426747,0.0434257529002236,1.0,341.9840205071252,393.93767281306174,81.1921247148462,77.55545927639403,22921.93106005634,248.0,9370.0,11.754213145918868,2.85,31.4286,0.0,416.512,347.8607,347.2101,87.5,89.6242,19542.8069,1.0,25274.0,25274.0,26105.0
58,126.05045286973954,200.39069036723583,453.68342921026647,186.0383628176048,0.9878712615129877,341.9840205071252,393.93767281306174,314.9687370825756,405.6918859589806,11.754213145918868,0.0298377483473043,81.1921247148462,81.23896013832669,36.756591796875,82.00292639590069,80.24005751889504,77.55545927639403,81.1921247148462,152.0,0.6352941176470588,22921.93106005634,22633.5,288.43106005634036,9370.0,9663.0,455.0,0.0470868260374624,1,0,1.8888888888888888,0.9193729003359462,3.971170437695075,3.6818934798522767,0.6352941176470588,0.0,4.0,0.0,4.0,36.0,52.0,248.0,0.9411764705882352,59,11.486311460855216,0.0,133,393.93767281306174,22921.93106005634,0.0,0.0,420.4172446456188,341.9944612110107,0.0629840287709354,3.052886835797075e-05,0.1069272233581898,0.0056369985426747,0.0434257529002236,1.0,341.9840205071252,393.93767281306174,81.1921247148462,77.55545927639403,22921.93106005634,248.0,9370.0,11.754213145918868,2.9,31.5414,0.0,416.512,347.8607,347.2101,87.5,89.6242,19542.8069,1.0,25274.0,25274.0,26105.0
59,126.05045286973954,200.39069036723583,453.68342921026647,186.0383628176048,0.9878712615129877,341.9840205071252,393.93767281306174,314.9687370825756,405.6918859589806,11.754213145918868,0.0298377483473043,81.1921247148462,81.23896013832669,36.756591796875,82.00292639590069,80.24005751889504,77.55545927639403,81.1921247148462,152.0,0.6352941176470588,22921.93106005634,22633.5,288.43106005634036,9370.0,9663.0,455.0,0.0470868260374624,1,0,1.8888888888888888,0.9193729003359462,3.971170437695075,3.6818934798522767,0.6352941176470588,0.0,4.0,0.0,4.0,36.0,52.0,248.0,0.9411764705882352,59,11.486311460855216,0.0,133,393.93767281306174,22921.93106005634,0.0,0.0,420.4172446456188,341.9944612110107,0.0629840287709354,3.052886835797075e-05,0.1069272233581898,0.0056369985426747,0.0434257529002236,1.0,341.9840205071252,393.93767281306174,81.1921247148462,77.55545927639403,22921.93106005634,248.0,9370.0,11.754213145918868,2.95,31.6541,0.0,416.512,347.8607,347.2101,87.5,89.6242,19542.8069,1.0,25274.0,25274.0,26105.0
60,126.05045286973954,200.39069036723583,453.68342921026647,186.0383628176048,0.9878712615129877,341.9840205071252,393.93767281306174,314.9687370825756,405.6918859589806,11.754213145918868,0.0298377483473043,81.1921247148462,81.23896013832669,36.756591796875,82.00292639590069,80.24005751889504,77.55545927639403,81.1921247148462,152.0,0.6352941176470588,22921.93106005634,22633.5,288.43106005634036,9370.0,9663.0,455.0,0.0470868260374624,1,0,1.8888888888888888,0.9193729003359462,3.971170437695075,3.6818934798522767,0.6352941176470588,0.0,4.0,0.0,4.0,36.0,52.0,248.0,0.9411764705882352,59,11.486311460855216,0.0,133,393.93767281306174,22921.93106005634,0.0,0.0,420.4172446456188,341.9944612110107,0.0629840287709354,3.052886835797075e-05,0.1069272233581898,0.0056369985426747,0.0434257529002236,1.0,341.9840205071252,393.93767281306174,81.1921247148462,77.55545927639403,22921.93106005634,248.0,9370.0,11.754213145918868,3.0,31.7669,0.0,416.512,347.8607,347.2101,87.5,89.6242,19542.8069,1.0,25274.0,25274.0,26105.0
61,126.05045286973954,200.39069036723583,453.68342921026647,186.0383628176048,0.9878712615129877,341.9840205071252,393.93767281306174,314.9687370825756,405.6918859589806,11.754213145918868,0.0298377483473043,81.1921247148462,81.23896013832669,36.756591796875,82.00292639590069,80.24005751889504,77.55545927639403,81.1921247148462,152.0,0.6352941176470588,22921.93106005634,22633.5,288.43106005634036,9370.0,9663.0,455.0,0.0470868260374624,1,0,1.8888888888888888,0.9193729003359462,3.971170437695075,3.6818934798522767,0.6352941176470588,0.0,4.0,0.0,4.0,36.0,52.0,248.0,0.9411764705882352,59,11.486311460855216,0.0,133,393.93767281306174,22921.93106005634,0.0,0.0,420.4172446456188,341.9944612110107,0.0629840287709354,3.052886835797075e-05,0.1069272233581898,0.0056369985426747,0.0434257529002236,1.0,341.9840205071252,393.93767281306174,81.1921247148462,77.55545927639403,22921.93106005634,248.0,9370.0,11.754213145918868,3.05,31.8797,0.0,416.512,347.8607,347.2101,87.5,89.6242,19542.8069,1.0,25274.0,25274.0,26105.0
62,126.05045286973954,200.39069036723583,453.68342921026647,186.0383628176048,0.9878712615129877,341.9840205071252,393.93767281306174,314.9687370825756,405.6918859589806,11.754213145918868,0.0298377483473043,81.1921247148462,81.23896013832669,36.756591796875,82.00292639590069,80.24005751889504,77.55545927639403,81.1921247148462,152.0,0.6352941176470588,22921.93106005634,22633.5,288.43106005634036,9370.0,9663.0,455.0,0.0470868260374624,1,0,1.8888888888888888,0.9193729003359462,3.971170437695075,3.6818934798522767,0.6352941176470588,0.0,4.0,0.0,4.0,36.0,52.0,248.0,0.9411764705882352,59,11.486311460855216,0.0,133,393.93767281306174,22921.93106005634,0.0,0.0,420.4172446456188,341.9944612110107,0.0629840287709354,3.052886835797075e-05,0.1069272233581898,0.0056369985426747,0.0434257529002236,1.0,341.9840205071252,393.93767281306174,81.1921247148462,77.55545927639403,22921.93106005634,248.0,9370.0,11.754213145918868,3.1,31.9925,0.0,416.512,347.8607,347.2101,87.5,89.6242,19542.8069,1.0,25274.0,25274.0,26105.0
63,126.05045286973954,200.39069036723583,453.68342921026647,186.0383628176048,0.9878712615129877,341.9840205071252,393.93767281306174,314.9687370825756,405.6918859589806,11.754213145918868,0.0298377483473043,81.1921247148462,81.23896013832669,36.756591796875,82.00292639590069,80.24005751889504,77.55545927639403,81.1921247148462,152.0,0.6352941176470588,22921.93106005634,22633.5,288.43106005634036,9370.0,9663.0,455.0,0.0470868260374624,1,0,1.8888888888888888,0.9193729003359462,3.971170437695075,3.6818934798522767,0.6352941176470588,0.0,4.0,0.0,4.0,36.0,52.0,248.0,0.9411764705882352,59,11.486311460855216,0.0,133,393.93767281306174,22921.93106005634,0.0,0.0,420.4172446456188,341.9944612110107,0.0629840287709354,3.052886835797075e-05,0.1069272233581898,0.0056369985426747,0.0434257529002236,1.0,341.9840205071252,393.93767281306174,81.1921247148462,77.55545927639403,22921.93106005634,248.0,9370.0,11.754213145918868,3.15,32.1053,0.0,416.512,347.8607,347.2101,87.5,89.6242,19542.8069,1.0,25274.0,25274.0,26105.0
64,126.05045286973954,200.39069036723583,453.68342921026647,186.0383628176048,0.9878712615129877,341.9840205071252,393.93767281306174,314.9687370825756,405.6918859589806,11.754213145918868,0.0298377483473043,81.1921247148462,81.23896013832669,36.756591796875,82.00292639590069,80.24005751889504,77.55545927639403,81.1921247148462,152.0,0.6352941176470588,22921.93106005634,22633.5,288.43106005634036,9370.0,9663.0,455.0,0.0470868260374624,1,0,1.8888888888888888,0.9193729003359462,3.971170437695075,3.6818934798522767,0.6352941176470588,0.0,4.0,0.0,4.0,36.0,52.0,248.0,0.9411764705882352,59,11.486311460855216,0.0,133,393.93767281306174,22921.93106005634,0.0,0.0,420.4172446456188,341.9944612110107,0.0629840287709354,3.052886835797075e-05,0.1069272233581898,0.0056369985426747,0.0434257529002236,1.0,341.9840205071252,393.93767281306174,81.1921247148462,77.55545927639403,22921.93106005634,248.0,9370.0,11.754213145918868,3.2,32.218,0.0,416.512,347.8607,347.2101,87.5,89.6242,19542.8069,1.0,25274.0,25274.0,26105.0
65,126.05045286973954,200.39069036723583,453.68342921026647,186.0383628176048,0.9878712615129877,341.9840205071252,393.93767281306174,314.9687370825756,405.6918859589806,11.754213145918868,0.0298377483473043,81.1921247148462,81.23896013832669,36.756591796875,82.00292639590069,80.24005751889504,77.55545927639403,81.1921247148462,152.0,0.6352941176470588,22921.93106005634,22633.5,288.43106005634036,9370.0,9663.0,455.0,0.0470868260374624,1,0,1.8888888888888888,0.9193729003359462,3.971170437695075,3.6818934798522767,0.6352941176470588,0.0,4.0,0.0,4.0,36.0,52.0,248.0,0.9411764705882352,59,11.486311460855216,0.0,133,393.93767281306174,22921.93106005634,0.0,0.0,420.4172446456188,341.9944612110107,0.0629840287709354,3.052886835797075e-05,0.1069272233581898,0.0056369985426747,0.0434257529002236,1.0,341.9840205071252,393.93767281306174,81.1921247148462,77.55545927639403,22921.93106005634,248.0,9370.0,11.754213145918868,3.25,32.3308,0.0,416.512,347.8607,347.2101,87.5,89.6242,19542.8069,1.0,25274.0,25274.0,26105.0
66,126.05045286973954,200.39069036723583,453.68342921026647,186.0383628176048,0.9878712615129877,341.9840205071252,393.93767281306174,314.9687370825756,405.6918859589806,11.754213145918868,0.0298377483473043,81.1921247148462,81.23896013832669,36.756591796875,82.00292639590069,80.24005751889504,77.55545927639403,81.1921247148462,152.0,0.6352941176470588,22921.93106005634,22633.5,288.43106005634036,9370.0,9663.0,455.0,0.0470868260374624,1,0,1.8888888888888888,0.9193729003359462,3.971170437695075,3.6818934798522767,0.6352941176470588,0.0,4.0,0.0,4.0,36.0,52.0,248.0,0.9411764705882352,59,11.486311460855216,0.0,133,393.93767281306174,22921.93106005634,0.0,0.0,420.4172446456188,341.9944612110107,0.0629840287709354,3.052886835797075e-05,0.1069272233581898,0.0056369985426747,0.0434257529002236,1.0,341.9840205071252,393.93767281306174,81.1921247148462,77.55545927639403,22921.93106005634,248.0,9370.0,11.754213145918868,3.3,32.4436,0.0,416.512,347.8607,347.2101,87.5,89.6242,19542.8069,1.0,25274.0,25274.0,26105.0
67,126.05045286973954,200.39069036723583,453.68342921026647,186.0383628176048,0.9878712615129877,341.9840205071252,393.93767281306174,314.9687370825756,405.6918859589806,11.754213145918868,0.0298377483473043,81.1921247148462,81.23896013832669,36.756591796875,82.00292639590069,80.24005751889504,77.55545927639403,81.1921247148462,152.0,0.6352941176470588,22921.93106005634,22633.5,288.43106005634036,9370.0,9663.0,455.0,0.0470868260374624,1,0,1.8888888888888888,0.9193729003359462,3.971170437695075,3.6818934798522767,0.6352941176470588,0.0,4.0,0.0,4.0,36.0,52.0,248.0,0.9411764705882352,59,11.486311460855216,0.0,133,393.93767281306174,22921.93106005634,0.0,0.0,420.4172446456188,341.9944612110107,0.0629840287709354,3.052886835797075e-05,0.1069272233581898,0.0056369985426747,0.0434257529002236,1.0,341.9840205071252,393.93767281306174,81.1921247148462,77.55545927639403,22921.93106005634,248.0,9370.0,11.754213145918868,3.35,32.5564,0.0,416.512,347.8607,347.2101,87.5,89.6242,19542.8069,1.0,25274.0,25274.0,26105.0
68,126.05045286973954,200.39069036723583,453.68342921026647,186.0383628176048,0.9878712615129877,341.9840205071252,393.93767281306174,314.9687370825756,405.6918859589806,11.754213145918868,0.0298377483473043,81.1921247148462,81.23896013832669,36.756591796875,82.00292639590069,80.24005751889504,77.55545927639403,81.1921247148462,152.0,0.6352941176470588,22921.93106005634,22633.5,288.43106005634036,9370.0,9663.0,455.0,0.0470868260374624,1,0,1.8888888888888888,0.9193729003359462,3.971170437695075,3.6818934798522767,0.6352941176470588,0.0,4.0,0.0,4.0,36.0,52.0,248.0,0.9411764705882352,59,11.486311460855216,0.0,133,393.93767281306174,22921.93106005634,0.0,0.0,420.4172446456188,341.9944612110107,0.0629840287709354,3.052886835797075e-05,0.1069272233581898,0.0056369985426747,0.0434257529002236,1.0,341.9840205071252,393.93767281306174,81.1921247148462,77.55545927639403,22921.93106005634,248.0,9370.0,11.754213145918868,3.4,32.6692,0.0,416.512,347.8607,347.2101,87.5,89.6242,19542.8069,1.0,25274.0,25274.0,26105.0
69,126.05045286973954,200.39069036723583,453.68342921026647,186.0383628176048,0.9878712615129877,341.9840205071252,393.93767281306174,314.9687370825756,405.6918859589806,11.754213145918868,0.0298377483473043,81.1921247148462,81.23896013832669,36.756591796875,82.00292639590069,80.24005751889504,77.55545927639403,81.1921247148462,152.0,0.6352941176470588,22921.93106005634,22633.5,288.43106005634036,9370.0,9663.0,455.0,0.0470868260374624,1,0,1.8888888888888888,0.9193729003359462,3.971170437695075,3.6818934798522767,0.6352941176470588,0.0,4.0,0.0,4.0,36.0,52.0,248.0,0.9411764705882352,59,11.486311460855216,0.0,133,393.93767281306174,22921.93106005634,0.0,0.0,420.4172446456188,341.9944612110107,0.0629840287709354,3.052886835797075e-05,0.1069272233581898,0.0056369985426747,0.0434257529002236,1.0,341.9840205071252,393.93767281306174,81.1921247148462,77.55545927639403,22921.93106005634,248.0,9370.0,11.754213145918868,3.45,32.782,0.0,416.512,347.8607,347.2101,87.5,89.6242,19542.8069,1.0,25274.0,25274.0,26105.0
70,126.05045286973954,200.39069036723583,453.68342921026647,186.0383628176048,0.9878712615129877,341.9840205071252,393.93767281306174,314.9687370825756,405.6918859589806,11.754213145918868,0.0298377483473043,81.1921247148462,81.23896013832669,36.756591796875,82.00292639590069,80.24005751889504,77.55545927639403,81.1921247148462,152.0,0.6352941176470588,22921.93106005634,22633.5,288.43106005634036,9370.0,9663.0,455.0,0.0470868260374624,1,0,1.8888888888888888,0.9193729003359462,3.971170437695075,3.6818934798522767,0.6352941176470588,0.0,4.0,0.0,4.0,36.0,52.0,248.0,0.9411764705882352,59,11.486311460855216,0.0,133,393.93767281306174,22921.93106005634,0.0,0.0,420.4172446456188,341.9944612110107,0.0629840287709354,3.052886835797075e-05,0.1069272233581898,0.0056369985426747,0.0434257529002236,1.0,341.9840205071252,393.93767281306174,81.1921247148462,77.55545927639403,22921.93106005634,248.0,9370.0,11.754213145918868,3.5,32.8947,0.0,416.512,347.8607,347.2101,87.5,89.6242,19542.8069,1.0,25274.0,25274.0,26105.0
71,126.05045286973954,200.39069036723583,453.68342921026647,186.0383628176048,0.9878712615129877,341.9840205071252,393.93767281306174,314.9687370825756,405.6918859589806,11.754213145918868,0.0298377483473043,81.1921247148462,81.23896013832669,36.756591796875,82.00292639590069,80.24005751889504,77.55545927639403,81.1921247148462,152.0,0.6352941176470588,22921.93106005634,22633.5,288.43106005634036,9370.0,9663.0,455.0,0.0470868260374624,1,0,1.8888888888888888,0.9193729003359462,3.971170437695075,3.6818934798522767,0.6352941176470588,0.0,4.0,0.0,4.0,36.0,52.0,248.0,0.9411764705882352,59,11.486311460855216,0.0,133,393.93767281306174,22921.93106005634,0.0,0.0,420.4172446456188,341.9944612110107,0.0629840287709354,3.052886835797075e-05,0.1069272233581898,0.0056369985426747,0.0434257529002236,1.0,341.9840205071252,393.93767281306174,81.1921247148462,77.55545927639403,22921.93106005634,248.0,9370.0,11.754213145918868,3.55,33.0075,0.0,416.512,347.8607,347.2101,87.5,89.6242,19542.8069,1.0,25274.0,25274.0,26105.0
72,126.05045286973954,200.39069036723583,453.68342921026647,186.0383628176048,0.9878712615129877,341.9840205071252,393.93767281306174,314.9687370825756,405.6918859589806,11.754213145918868,0.0298377483473043,81.1921247148462,81.23896013832669,36.756591796875,82.00292639590069,80.24005751889504,77.55545927639403,81.1921247148462,152.0,0.6352941176470588,22921.93106005634,22633.5,288.43106005634036,9370.0,9663.0,455.0,0.0470868260374624,1,0,1.8888888888888888,0.9193729003359462,3.971170437695075,3.6818934798522767,0.6352941176470588,0.0,4.0,0.0,4.0,36.0,52.0,248.0,0.9411764705882352,59,11.486311460855216,0.0,133,393.93767281306174,22921.93106005634,0.0,0.0,420.4172446456188,341.9944612110107,0.0629840287709354,3.052886835797075e-05,0.1069272233581898,0.0056369985426747,0.0434257529002236,1.0,341.9840205071252,393.93767281306174,81.1921247148462,77.55545927639403,22921.93106005634,248.0,9370.0,11.754213145918868,3.6,33.1203,0.0,416.512,347.8607,347.2101,87.5,89.6242,19542.8069,1.0,25274.0,25274.0,26105.0
73,126.05045286973954,200.39069036723583,453.68342921026647,186.0383628176048,0.9878712615129877,341.9840205071252,393.93767281306174,314.9687370825756,405.6918859589806,11.754213145918868,0.0298377483473043,81.1921247148462,81.23896013832669,36.756591796875,82.00292639590069,80.24005751889504,77.55545927639403,81.1921247148462,152.0,0.6352941176470588,22921.93106005634,22633.5,288.43106005634036,9370.0,9663.0,455.0,0.0470868260374624,1,0,1.8888888888888888,0.9193729003359462,3.971170437695075,3.6818934798522767,0.6352941176470588,0.0,4.0,0.0,4.0,36.0,52.0,248.0,0.9411764705882352,59,11.486311460855216,0.0,133,393.93767281306174,22921.93106005634,0.0,0.0,420.4172446456188,341.9944612110107,0.0629840287709354,3.052886835797075e-05,0.1069272233581898,0.0056369985426747,0.0434257529002236,1.0,341.9840205071252,393.93767281306174,81.1921247148462,77.55545927639403,22921.93106005634,248.0,9370.0,11.754213145918868,3.65,33.2331,0.0,416.512,347.8607,347.2101,87.5,89.6242,19542.8069,1.0,25274.0,25274.0,26105.0
74,126.05045286973954,200.39069036723583,453.68342921026647,186.0383628176048,0.9878712615129877,341.9840205071252,393.93767281306174,314.9687370825756,405.6918859589806,11.754213145918868,0.0298377483473043,81.1921247148462,81.23896013832669,36.756591796875,82.00292639590069,80.24005751889504,77.55545927639403,81.1921247148462,152.0,0.6352941176470588,22921.93106005634,22633.5,288.43106005634036,9370.0,9663.0,455.0,0.0470868260374624,1,0,1.8888888888888888,0.9193729003359462,3.971170437695075,3.6818934798522767,0.6352941176470588,0.0,4.0,0.0,4.0,36.0,52.0,248.0,0.9411764705882352,59,11.486311460855216,0.0,133,393.93767281306174,22921.93106005634,0.0,0.0,420.4172446456188,341.9944612110107,0.0629840287709354,3.052886835797075e-05,0.1069272233581898,0.0056369985426747,0.0434257529002236,1.0,341.9840205071252,393.93767281306174,81.1921247148462,77.55545927639403,22921.93106005634,248.0,9370.0,11.754213145918868,3.7,33.3459,0.0,416.512,347.8607,347.2101,87.5,89.6242,19542.8069,1.0,25274.0,25274.0,26105.0
75,126.05045286973954,200.39069036723583,453.68342921026647,186.0383628176048,0.9878712615129877,341.9840205071252,393.93767281306174,314.9687370825756,405.6918859589806,11.754213145918868,0.0298377483473043,81.1921247148462,81.23896013832669,36.756591796875,82.00292639590069,80.24005751889504,77.55545927639403,81.1921247148462,152.0,0.6352941176470588,22921.93106005634,22633.5,288.43106005634036,9370.0,9663.0,455.0,0.0470868260374624,1,0,1.8888888888888888,0.9193729003359462,3.971170437695075,3.6818934798522767,0.6352941176470588,0.0,4.0,0.0,4.0,36.0,52.0,248.0,0.9411764705882352,59,11.486311460855216,0.0,133,393.93767281306174,22921.93106005634,0.0,0.0,420.4172446456188,341.9944612110107,0.0629840287709354,3.052886835797075e-05,0.1069272233581898,0.0056369985426747,0.0434257529002236,1.0,341.9840205071252,393.93767281306174,81.1921247148462,77.55545927639403,22921.93106005634,248.0,9370.0,11.754213145918868,3.75,33.4586,0.0,416.512,347.8607,347.2101,87.5,89.6242,19542.8069,1.0,25274.0,25274.0,26105.0
76,126.05045286973954,200.39069036723583,453.68342921026647,186.0383628176048,0.9878712615129877,341.9840205071252,393.93767281306174,314.9687370825756,405.6918859589806,11.754213145918868,0.0298377483473043,81.1921247148462,81.23896013832669,36.756591796875,82.00292639590069,80.24005751889504,77.55545927639403,81.1921247148462,152.0,0.6352941176470588,22921.93106005634,22633.5,288.43106005634036,9370.0,9663.0,455.0,0.0470868260374624,1,0,1.8888888888888888,0.9193729003359462,3.971170437695075,3.6818934798522767,0.6352941176470588,0.0,4.0,0.0,4.0,36.0,52.0,248.0,0.9411764705882352,59,11.486311460855216,0.0,133,393.93767281306174,22921.93106005634,0.0,0.0,420.4172446456188,341.9944612110107,0.0629840287709354,3.052886835797075e-05,0.1069272233581898,0.0056369985426747,0.0434257529002236,1.0,341.9840205071252,393.93767281306174,81.1921247148462,77.55545927639403,22921.93106005634,248.0,9370.0,11.754213145918868,3.8,33.5714,0.0,416.512,347.8607,347.2101,87.5,89.6242,19542.8069,1.0,25274.0,25274.0,26105.0
77,126.05045286973954,200.39069036723583,453.68342921026647,186.0383628176048,0.9878712615129877,341.9840205071252,393.93767281306174,314.9687370825756,405.6918859589806,11.754213145918868,0.0298377483473043,81.1921247148462,81.23896013832669,36.756591796875,82.00292639590069,80.24005751889504,77.55545927639403,81.1921247148462,152.0,0.6352941176470588,22921.93106005634,22633.5,288.43106005634036,9370.0,9663.0,455.0,0.0470868260374624,1,0,1.8888888888888888,0.9193729003359462,3.971170437695075,3.6818934798522767,0.6352941176470588,0.0,4.0,0.0,4.0,36.0,52.0,248.0,0.9411764705882352,59,11.486311460855216,0.0,133,393.93767281306174,22921.93106005634,0.0,0.0,420.4172446456188,341.9944612110107,0.0629840287709354,3.052886835797075e-05,0.1069272233581898,0.0056369985426747,0.0434257529002236,1.0,341.9840205071252,393.93767281306174,81.1921247148462,77.55545927639403,22921.93106005634,248.0,9370.0,11.754213145918868,3.85,33.6842,0.0,416.512,347.8607,347.2101,87.5,89.6242,19542.8069,1.0,25274.0,25274.0,26105.0
78,126.05045286973954,200.39069036723583,453.68342921026647,186.0383628176048,0.9878712615129877,341.9840205071252,393.93767281306174,314.9687370825756,405.6918859589806,11.754213145918868,0.0298377483473043,81.1921247148462,81.23896013832669,36.756591796875,82.00292639590069,80.24005751889504,77.55545927639403,81.1921247148462,152.0,0.6352941176470588,22921.93106005634,22633.5,288.43106005634036,9370.0,9663.0,455.0,0.0470868260374624,1,0,1.8888888888888888,0.9193729003359462,3.971170437695075,3.6818934798522767,0.6352941176470588,0.0,4.0,0.0,4.0,36.0,52.0,248.0,0.9411764705882352,59,11.486311460855216,0.0,133,393.93767281306174,22921.93106005634,0.0,0.0,420.4172446456188,341.9944612110107,0.0629840287709354,3.052886835797075e-05,0.1069272233581898,0.0056369985426747,0.0434257529002236,1.0,341.9840205071252,393.93767281306174,81.1921247148462,77.55545927639403,22921.93106005634,248.0,9370.0,11.754213145918868,3.9,33.797,0.0,416.512,347.8607,347.2101,87.5,89.6242,19542.8069,1.0,25274.0,25274.0,26105.0
79,126.05045286973954,200.39069036723583,453.68342921026647,186.0383628176048,0.9878712615129877,341.9840205071252,393.93767281306174,314.9687370825756,405.6918859589806,11.754213145918868,0.0298377483473043,81.1921247148462,81.23896013832669,36.756591796875,82.00292639590069,80.24005751889504,77.55545927639403,81.1921247148462,152.0,0.6352941176470588,22921.93106005634,22633.5,288.43106005634036,9370.0,9663.0,455.0,0.0470868260374624,1,0,1.8888888888888888,0.9193729003359462,3.971170437695075,3.6818934798522767,0.6352941176470588,0.0,4.0,0.0,4.0,36.0,52.0,248.0,0.9411764705882352,59,11.486311460855216,0.0,133,393.93767281306174,22921.93106005634,0.0,0.0,420.4172446456188,341.9944612110107,0.0629840287709354,3.052886835797075e-05,0.1069272233581898,0.0056369985426747,0.0434257529002236,1.0,341.9840205071252,393.93767281306174,81.1921247148462,77.55545927639403,22921.93106005634,248.0,9370.0,11.754213145918868,3.95,33.9098,0.0,416.512,347.8607,347.2101,87.5,89.6242,19542.8069,1.0,25274.0,25274.0,26105.0
80,126.05045286973954,200.39069036723583,453.68342921026647,186.0383628176048,0.9878712615129877,341.9840205071252,393.93767281306174,314.9687370825756,405.6918859589806,11.754213145918868,0.0298377483473043,81.1921247148462,81.23896013832669,36.756591796875,82.00292639590069,80.24005751889504,77.55545927639403,81.1921247148462,152.0,0.6352941176470588,22921.93106005634,22633.5,288.43106005634036,9370.0,9663.0,455.0,0.0470868260374624,1,0,1.8888888888888888,0.9193729003359462,3.971170437695075,3.6818934798522767,0.6352941176470588,0.0,4.0,0.0,4.0,36.0,52.0,248.0,0.9411764705882352,59,11.486311460855216,0.0,133,393.93767281306174,22921.93106005634,0.0,0.0,420.4172446456188,341.9944612110107,0.0629840287709354,3.052886835797075e-05,0.1069272233581898,0.0056369985426747,0.0434257529002236,1.0,341.9840205071252,393.93767281306174,81.1921247148462,77.55545927639403,22921.93106005634,248.0,9370.0,11.754213145918868,4.0,34.0226,0.0,416.512,347.8607,347.2101,87.5,89.6242,19542.8069,1.0,25274.0,25274.0,26105.0
81,126.05045286973954,200.39069036723583,453.68342921026647,186.0383628176048,0.9878712615129877,341.9840205071252,393.93767281306174,314.9687370825756,405.6918859589806,11.754213145918868,0.0298377483473043,81.1921247148462,81.23896013832669,36.756591796875,82.00292639590069,80.24005751889504,77.55545927639403,81.1921247148462,152.0,0.6352941176470588,22921.93106005634,22633.5,288.43106005634036,9370.0,9663.0,455.0,0.0470868260374624,1,0,1.8888888888888888,0.9193729003359462,3.971170437695075,3.6818934798522767,0.6352941176470588,0.0,4.0,0.0,4.0,36.0,52.0,248.0,0.9411764705882352,59,11.486311460855216,0.0,133,393.93767281306174,22921.93106005634,0.0,0.0,420.4172446456188,341.9944612110107,0.0629840287709354,3.052886835797075e-05,0.1069272233581898,0.0056369985426747,0.0434257529002236,1.0,341.9840205071252,393.93767281306174,81.1921247148462,77.55545927639403,22921.93106005634,248.0,9370.0,11.754213145918868,4.05,34.1353,0.0,416.512,347.8607,347.2101,87.5,89.6242,19542.8069,1.0,25274.0,25274.0,26105.0
82,126.05045286973954,200.39069036723583,453.68342921026647,186.0383628176048,0.9878712615129877,341.9840205071252,393.93767281306174,314.9687370825756,405.6918859589806,11.754213145918868,0.0298377483473043,81.1921247148462,81.23896013832669,36.756591796875,82.00292639590069,80.24005751889504,77.55545927639403,81.1921247148462,152.0,0.6352941176470588,22921.93106005634,22633.5,288.43106005634036,9370.0,9663.0,455.0,0.0470868260374624,1,0,1.8888888888888888,0.9193729003359462,3.971170437695075,3.6818934798522767,0.6352941176470588,0.0,4.0,0.0,4.0,36.0,52.0,248.0,0.9411764705882352,59,11.486311460855216,0.0,133,393.93767281306174,22921.93106005634,0.0,0.0,420.4172446456188,341.9944612110107,0.0629840287709354,3.052886835797075e-05,0.1069272233581898,0.0056369985426747,0.0434257529002236,1.0,341.9840205071252,393.93767281306174,81.1921247148462,77.55545927639403,22921.93106005634,248.0,9370.0,11.754213145918868,4.1,34.2481,0.0,416.512,347.8607,347.2101,87.5,89.6242,19542.8069,1.0,25274.0,25274.0,26105.0
83,126.05045286973954,200.39069036723583,453.68342921026647,186.0383628176048,0.9878712615129877,341.9840205071252,393.93767281306174,314.9687370825756,405.6918859589806,11.754213145918868,0.0298377483473043,81.1921247148462,81.23896013832669,36.756591796875,82.00292639590069,80.24005751889504,77.55545927639403,81.1921247148462,152.0,0.6352941176470588,22921.93106005634,22633.5,288.43106005634036,9370.0,9663.0,455.0,0.0470868260374624,1,0,1.8888888888888888,0.9193729003359462,3.971170437695075,3.6818934798522767,0.6352941176470588,0.0,4.0,0.0,4.0,36.0,52.0,248.0,0.9411764705882352,59,11.486311460855216,0.0,133,393.93767281306174,22921.93106005634,0.0,0.0,420.4172446456188,341.9944612110107,0.0629840287709354,3.052886835797075e-05,0.1069272233581898,0.0056369985426747,0.0434257529002236,1.0,341.9840205071252,393.93767281306174,81.1921247148462,77.55545927639403,22921.93106005634,248.0,9370.0,11.754213145918868,4.15,34.3609,0.0,416.512,347.8607,347.2101,87.5,89.6242,19542.8069,1.0,25274.0,25274.0,26105.0
84,126.05045286973954,200.39069036723583,453.68342921026647,186.0383628176048,0.9878712615129877,341.9840205071252,393.93767281306174,314.9687370825756,405.6918859589806,11.754213145918868,0.0298377483473043,81.1921247148462,81.23896013832669,36.756591796875,82.00292639590069,80.24005751889504,77.55545927639403,81.1921247148462,152.0,0.6352941176470588,22921.93106005634,22633.5,288.43106005634036,9370.0,9663.0,455.0,0.0470868260374624,1,0,1.8888888888888888,0.9193729003359462,3.971170437695075,3.6818934798522767,0.6352941176470588,0.0,4.0,0.0,4.0,36.0,52.0,248.0,0.9411764705882352,59,11.486311460855216,0.0,133,393.93767281306174,22921.93106005634,0.0,0.0,420.4172446456188,341.9944612110107,0.0629840287709354,3.052886835797075e-05,0.1069272233581898,0.0056369985426747,0.0434257529002236,1.0,341.9840205071252,393.93767281306174,81.1921247148462,77.55545927639403,22921.93106005634,248.0,9370.0,11.754213145918868,4.2,34.4737,0.0,416.512,347.8607,347.2101,87.5,89.6242,19542.8069,1.0,25274.0,25274.0,26105.0
85,126.05045286973954,200.39069036723583,453.68342921026647,186.0383628176048,0.9878712615129877,341.9840205071252,393.93767281306174,314.9687370825756,405.6918859589806,11.754213145918868,0.0298377483473043,81.1921247148462,81.23896013832669,36.756591796875,82.00292639590069,80.24005751889504,77.55545927639403,81.1921247148462,152.0,0.6352941176470588,22921.93106005634,22633.5,288.43106005634036,9370.0,9663.0,455.0,0.0470868260374624,1,0,1.8888888888888888,0.9193729003359462,3.971170437695075,3.6818934798522767,0.6352941176470588,0.0,4.0,0.0,4.0,36.0,52.0,248.0,0.9411764705882352,59,11.486311460855216,0.0,133,393.93767281306174,22921.93106005634,0.0,0.0,420.4172446456188,341.9944612110107,0.0629840287709354,3.052886835797075e-05,0.1069272233581898,0.0056369985426747,0.0434257529002236,1.0,341.9840205071252,393.93767281306174,81.1921247148462,77.55545927639403,22921.93106005634,248.0,9370.0,11.754213145918868,4.25,34.5865,0.0,416.512,347.8607,347.2101,87.5,89.6242,19542.8069,1.0,25274.0,25274.0,26105.0
86,126.05045286973954,200.39069036723583,453.68342921026647,186.0383628176048,0.9878712615129877,341.9840205071252,393.93767281306174,314.9687370825756,405.6918859589806,11.754213145918868,0.0298377483473043,81.1921247148462,81.23896013832669,36.756591796875,82.00292639590069,80.24005751889504,77.55545927639403,81.1921247148462,152.0,0.6352941176470588,22921.93106005634,22633.5,288.43106005634036,9370.0,9663.0,455.0,0.0470868260374624,1,0,1.8888888888888888,0.9193729003359462,3.971170437695075,3.6818934798522767,0.6352941176470588,0.0,4.0,0.0,4.0,36.0,52.0,248.0,0.9411764705882352,59,11.486311460855216,0.0,133,393.93767281306174,22921.93106005634,0.0,0.0,420.4172446456188,341.9944612110107,0.0629840287709354,3.052886835797075e-05,0.1069272233581898,0.0056369985426747,0.0434257529002236,1.0,341.9840205071252,393.93767281306174,81.1921247148462,77.55545927639403,22921.93106005634,248.0,9370.0,11.754213145918868,4.3,34.6992,0.0,416.512,347.8607,347.2101,87.5,89.6242,19542.8069,1.0,25274.0,25274.0,26105.0
87,126.05045286973954,200.39069036723583,453.68342921026647,186.0383628176048,0.9878712615129877,341.9840205071252,393.93767281306174,314.9687370825756,405.6918859589806,11.754213145918868,0.0298377483473043,81.1921247148462,81.23896013832669,36.756591796875,82.00292639590069,80.24005751889504,77.55545927639403,81.1921247148462,152.0,0.6352941176470588,22921.93106005634,22633.5,288.43106005634036,9370.0,9663.0,455.0,0.0470868260374624,1,0,1.8888888888888888,0.9193729003359462,3.971170437695075,3.6818934798522767,0.6352941176470588,0.0,4.0,0.0,4.0,36.0,52.0,248.0,0.9411764705882352,59,11.486311460855216,0.0,133,393.93767281306174,22921.93106005634,0.0,0.0,420.4172446456188,341.9944612110107,0.0629840287709354,3.052886835797075e-05,0.1069272233581898,0.0056369985426747,0.0434257529002236,1.0,341.9840205071252,393.93767281306174,81.1921247148462,77.55545927639403,22921.93106005634,248.0,9370.0,11.754213145918868,4.35,34.812,0.0,416.512,347.8607,347.2101,87.5,89.6242,19542.8069,1.0,25274.0,25274.0,26105.0
88,126.05045286973954,200.39069036723583,453.68342921026647,186.0383628176048,0.9878712615129877,341.9840205071252,393.93767281306174,314.9687370825756,405.6918859589806,11.754213145918868,0.0298377483473043,81.1921247148462,81.23896013832669,36.756591796875,82.00292639590069,80.24005751889504,77.55545927639403,81.1921247148462,152.0,0.6352941176470588,22921.93106005634,22633.5,288.43106005634036,9370.0,9663.0,455.0,0.0470868260374624,1,0,1.8888888888888888,0.9193729003359462,3.971170437695075,3.6818934798522767,0.6352941176470588,0.0,4.0,0.0,4.0,36.0,52.0,248.0,0.9411764705882352,59,11.486311460855216,0.0,133,393.93767281306174,22921.93106005634,0.0,0.0,420.4172446456188,341.9944612110107,0.0629840287709354,3.052886835797075e-05,0.1069272233581898,0.0056369985426747,0.0434257529002236,1.0,341.9840205071252,393.93767281306174,81.1921247148462,77.55545927639403,22921.93106005634,248.0,9370.0,11.754213145918868,4.4,34.9248,0.0,416.512,347.8607,347.2101,87.5,89.6242,19542.8069,1.0,25274.0,25274.0,26105.0
89,126.05045286973954,200.39069036723583,453.68342921026647,186.0383628176048,0.9878712615129877,341.9840205071252,393.93767281306174,314.9687370825756,405.6918859589806,11.754213145918868,0.0298377483473043,81.1921247148462,81.23896013832669,36.756591796875,82.00292639590069,80.24005751889504,77.55545927639403,81.1921247148462,152.0,0.6352941176470588,22921.93106005634,22633.5,288.43106005634036,9370.0,9663.0,455.0,0.0470868260374624,1,0,1.8888888888888888,0.9193729003359462,3.971170437695075,3.6818934798522767,0.6352941176470588,0.0,4.0,0.0,4.0,36.0,52.0,248.0,0.9411764705882352,59,11.486311460855216,0.0,133,393.93767281306174,22921.93106005634,0.0,0.0,420.4172446456188,341.9944612110107,0.0629840287709354,3.052886835797075e-05,0.1069272233581898,0.0056369985426747,0.0434257529002236,1.0,341.9840205071252,393.93767281306174,81.1921247148462,77.55545927639403,22921.93106005634,248.0,9370.0,11.754213145918868,4.45,35.0376,0.0,416.512,347.8607,347.2101,87.5,89.6242,19542.8069,1.0,25274.0,25274.0,26105.0
90,126.05045286973954,200.39069036723583,453.68342921026647,186.0383628176048,0.9878712615129877,341.9840205071252,393.93767281306174,314.9687370825756,405.6918859589806,11.754213145918868,0.0298377483473043,81.1921247148462,81.23896013832669,36.756591796875,82.00292639590069,80.24005751889504,77.55545927639403,81.1921247148462,152.0,0.6352941176470588,22921.93106005634,22633.5,288.43106005634036,9370.0,9663.0,455.0,0.0470868260374624,1,0,1.8888888888888888,0.9193729003359462,3.971170437695075,3.6818934798522767,0.6352941176470588,0.0,4.0,0.0,4.0,36.0,52.0,248.0,0.9411764705882352,59,11.486311460855216,0.0,133,393.93767281306174,22921.93106005634,0.0,0.0,420.4172446456188,341.9944612110107,0.0629840287709354,3.052886835797075e-05,0.1069272233581898,0.0056369985426747,0.0434257529002236,1.0,341.9840205071252,393.93767281306174,81.1921247148462,77.55545927639403,22921.93106005634,248.0,9370.0,11.754213145918868,4.5,35.1504,0.0,416.512,347.8607,347.2101,87.5,89.6242,19542.8069,1.0,25274.0,25274.0,26105.0
91,126.05045286973954,200.39069036723583,453.68342921026647,186.0383628176048,0.9878712615129877,341.9840205071252,393.93767281306174,314.9687370825756,405.6918859589806,11.754213145918868,0.0298377483473043,81.1921247148462,81.23896013832669,36.756591796875,82.00292639590069,80.24005751889504,77.55545927639403,81.1921247148462,152.0,0.6352941176470588,22921.93106005634,22633.5,288.43106005634036,9370.0,9663.0,455.0,0.0470868260374624,1,0,1.8888888888888888,0.9193729003359462,3.971170437695075,3.6818934798522767,0.6352941176470588,0.0,4.0,0.0,4.0,36.0,52.0,248.0,0.9411764705882352,59,11.486311460855216,0.0,133,393.93767281306174,22921.93106005634,0.0,0.0,420.4172446456188,341.9944612110107,0.0629840287709354,3.052886835797075e-05,0.1069272233581898,0.0056369985426747,0.0434257529002236,1.0,341.9840205071252,393.93767281306174,81.1921247148462,77.55545927639403,22921.93106005634,248.0,9370.0,11.754213145918868,4.55,35.2632,0.0,416.512,347.8607,347.2101,87.5,89.6242,19542.8069,1.0,25274.0,25274.0,26105.0
92,126.05045286973954,200.39069036723583,453.68342921026647,186.0383628176048,0.9878712615129877,341.9840205071252,393.93767281306174,314.9687370825756,405.6918859589806,11.754213145918868,0.0298377483473043,81.1921247148462,81.23896013832669,36.756591796875,82.00292639590069,80.24005751889504,77.55545927639403,81.1921247148462,152.0,0.6352941176470588,22921.93106005634,22633.5,288.43106005634036,9370.0,9663.0,455.0,0.0470868260374624,1,0,1.8888888888888888,0.9193729003359462,3.971170437695075,3.6818934798522767,0.6352941176470588,0.0,4.0,0.0,4.0,36.0,52.0,248.0,0.9411764705882352,59,11.486311460855216,0.0,133,393.93767281306174,22921.93106005634,0.0,0.0,420.4172446456188,341.9944612110107,0.0629840287709354,3.052886835797075e-05,0.1069272233581898,0.0056369985426747,0.0434257529002236,1.0,341.9840205071252,393.93767281306174,81.1921247148462,77.55545927639403,22921.93106005634,248.0,9370.0,11.754213145918868,4.6,35.3759,0.0,416.512,347.8607,347.2101,87.5,89.6242,19542.8069,1.0,25274.0,25274.0,26105.0
93,126.05045286973954,200.39069036723583,453.68342921026647,186.0383628176048,0.9878712615129877,341.9840205071252,393.93767281306174,314.9687370825756,405.6918859589806,11.754213145918868,0.0298377483473043,81.1921247148462,81.23896013832669,36.756591796875,82.00292639590069,80.24005751889504,77.55545927639403,81.1921247148462,152.0,0.6352941176470588,22921.93106005634,22633.5,288.43106005634036,9370.0,9663.0,455.0,0.0470868260374624,1,0,1.8888888888888888,0.9193729003359462,3.971170437695075,3.6818934798522767,0.6352941176470588,0.0,4.0,0.0,4.0,36.0,52.0,248.0,0.9411764705882352,59,11.486311460855216,0.0,133,393.93767281306174,22921.93106005634,0.0,0.0,420.4172446456188,341.9944612110107,0.0629840287709354,3.052886835797075e-05,0.1069272233581898,0.0056369985426747,0.0434257529002236,1.0,341.9840205071252,393.93767281306174,81.1921247148462,77.55545927639403,22921.93106005634,248.0,9370.0,11.754213145918868,4.65,35.4887,0.0,416.512,347.8607,347.2101,87.5,89.6242,19542.8069,1.0,25274.0,25274.0,26105.0
94,126.05045286973954,200.39069036723583,453.68342921026647,186.0383628176048,0.9878712615129877,341.9840205071252,393.93767281306174,314.9687370825756,405.6918859589806,11.754213145918868,0.0298377483473043,81.1921247148462,81.23896013832669,36.756591796875,82.00292639590069,80.24005751889504,77.55545927639403,81.1921247148462,152.0,0.6352941176470588,22921.93106005634,22633.5,288.43106005634036,9370.0,9663.0,455.0,0.0470868260374624,1,0,1.8888888888888888,0.9193729003359462,3.971170437695075,3.6818934798522767,0.6352941176470588,0.0,4.0,0.0,4.0,36.0,52.0,248.0,0.9411764705882352,59,11.486311460855216,0.0,133,393.93767281306174,22921.93106005634,0.0,0.0,420.4172446456188,341.9944612110107,0.0629840287709354,3.052886835797075e-05,0.1069272233581898,0.0056369985426747,0.0434257529002236,1.0,341.9840205071252,393.93767281306174,81.1921247148462,77.55545927639403,22921.93106005634,248.0,9370.0,11.754213145918868,4.7,35.6015,0.0,416.512,347.8607,347.2101,87.5,89.6242,19542.8069,1.0,25274.0,25274.0,26105.0
95,126.05045286973954,200.39069036723583,453.68342921026647,186.0383628176048,0.9878712615129877,341.9840205071252,393.93767281306174,314.9687370825756,405.6918859589806,11.754213145918868,0.0298377483473043,81.1921247148462,81.23896013832669,36.756591796875,82.00292639590069,80.24005751889504,77.55545927639403,81.1921247148462,152.0,0.6352941176470588,22921.93106005634,22633.5,288.43106005634036,9370.0,9663.0,455.0,0.0470868260374624,1,0,1.8888888888888888,0.9193729003359462,3.971170437695075,3.6818934798522767,0.6352941176470588,0.0,4.0,0.0,4.0,36.0,52.0,248.0,0.9411764705882352,59,11.486311460855216,0.0,133,393.93767281306174,22921.93106005634,0.0,0.0,420.4172446456188,341.9944612110107,0.0629840287709354,3.052886835797075e-05,0.1069272233581898,0.0056369985426747,0.0434257529002236,1.0,341.9840205071252,393.93767281306174,81.1921247148462,77.55545927639403,22921.93106005634,248.0,9370.0,11.754213145918868,4.75,35.7143,0.0,416.512,347.8607,347.2101,87.5,89.6242,19542.8069,1.0,25274.0,25274.0,26105.0
96,126.05045286973954,200.39069036723583,453.68342921026647,186.0383628176048,0.9878712615129877,341.9840205071252,393.93767281306174,314.9687370825756,405.6918859589806,11.754213145918868,0.0298377483473043,81.1921247148462,81.23896013832669,36.756591796875,82.00292639590069,80.24005751889504,77.55545927639403,81.1921247148462,152.0,0.6352941176470588,22921.93106005634,22633.5,288.43106005634036,9370.0,9663.0,455.0,0.0470868260374624,1,0,1.8888888888888888,0.9193729003359462,3.971170437695075,3.6818934798522767,0.6352941176470588,0.0,4.0,0.0,4.0,36.0,52.0,248.0,0.9411764705882352,59,11.486311460855216,0.0,133,393.93767281306174,22921.93106005634,0.0,0.0,420.4172446456188,341.9944612110107,0.0629840287709354,3.052886835797075e-05,0.1069272233581898,0.0056369985426747,0.0434257529002236,1.0,341.9840205071252,393.93767281306174,81.1921247148462,77.55545927639403,22921.93106005634,248.0,9370.0,11.754213145918868,4.8,35.8271,0.0,416.512,347.8607,347.2101,87.5,89.6242,19542.8069,1.0,25274.0,25274.0,26105.0
97,126.05045286973954,200.39069036723583,453.68342921026647,186.0383628176048,0.9878712615129877,341.9840205071252,393.93767281306174,314.9687370825756,405.6918859589806,11.754213145918868,0.0298377483473043,81.1921247148462,81.23896013832669,36.756591796875,82.00292639590069,80.24005751889504,77.55545927639403,81.1921247148462,152.0,0.6352941176470588,22921.93106005634,22633.5,288.43106005634036,9370.0,9663.0,455.0,0.0470868260374624,1,0,1.8888888888888888,0.9193729003359462,3.971170437695075,3.6818934798522767,0.6352941176470588,0.0,4.0,0.0,4.0,36.0,52.0,248.0,0.9411764705882352,59,11.486311460855216,0.0,133,393.93767281306174,22921.93106005634,0.0,0.0,420.4172446456188,341.9944612110107,0.0629840287709354,3.052886835797075e-05,0.1069272233581898,0.0056369985426747,0.0434257529002236,1.0,341.9840205071252,393.93767281306174,81.1921247148462,77.55545927639403,22921.93106005634,248.0,9370.0,11.754213145918868,4.85,35.9398,0.0,416.512,347.8607,347.2101,87.5,89.6242,19542.8069,1.0,25274.0,25274.0,26105.0
98,126.05045286973954,200.39069036723583,453.68342921026647,186.0383628176048,0.9878712615129877,341.9840205071252,393.93767281306174,314.9687370825756,405.6918859589806,11.754213145918868,0.0298377483473043,81.1921247148462,81.23896013832669,36.756591796875,82.00292639590069,80.24005751889504,77.55545927639403,81.1921247148462,152.0,0.6352941176470588,22921.93106005634,22633.5,288.43106005634036,9370.0,9663.0,455.0,0.0470868260374624,1,0,1.8888888888888888,0.9193729003359462,3.971170437695075,3.6818934798522767,0.6352941176470588,0.0,4.0,0.0,4.0,36.0,52.0,248.0,0.9411764705882352,59,11.486311460855216,0.0,133,393.93767281306174,22921.93106005634,0.0,0.0,420.4172446456188,341.9944612110107,0.0629840287709354,3.052886835797075e-05,0.1069272233581898,0.0056369985426747,0.0434257529002236,1.0,341.9840205071252,393.93767281306174,81.1921247148462,77.55545927639403,22921.93106005634,248.0,9370.0,11.754213145918868,4.9,36.0526,0.0,416.512,347.8607,347.2101,87.5,89.6242,19542.8069,1.0,25274.0,25274.0,26105.0
99,126.05045286973954,200.39069036723583,453.68342921026647,186.0383628176048,0.9878712615129877,341.9840205071252,393.93767281306174,314.9687370825756,405.6918859589806,11.754213145918868,0.0298377483473043,81.1921247148462,81.23896013832669,36.756591796875,82.00292639590069,80.24005751889504,77.55545927639403,81.1921247148462,152.0,0.6352941176470588,22921.93106005634,22633.5,288.43106005634036,9370.0,9663.0,455.0,0.0470868260374624,1,0,1.8888888888888888,0.9193729003359462,3.971170437695075,3.6818934798522767,0.6352941176470588,0.0,4.0,0.0,4.0,36.0,52.0,248.0,0.9411764705882352,59,11.486311460855216,0.0,133,393.93767281306174,22921.93106005634,0.0,0.0,420.4172446456188,341.9944612110107,0.0629840287709354,3.052886835797075e-05,0.1069272233581898,0.0056369985426747,0.0434257529002236,1.0,341.9840205071252,393.93767281306174,81.1921247148462,77.55545927639403,22921.93106005634,248.0,9370.0,11.754213145918868,4.95,36.1654,0.0,416.512,347.8607,347.2101,87.5,89.6242,19542.8069,1.0,25274.0,25274.0,26105.0
100,126.05045286973954,200.39069036723583,453.68342921026647,186.0383628176048,0.9878712615129877,341.9840205071252,393.93767281306174,314.9687370825756,405.6918859589806,11.754213145918868,0.0298377483473043,81.1921247148462,81.23896013832669,36.756591796875,82.00292639590069,80.24005751889504,77.55545927639403,81.1921247148462,152.0,0.6352941176470588,22921.93106005634,22633.5,288.43106005634036,9370.0,9663.0,455.0,0.0470868260374624,1,0,1.8888888888888888,0.9193729003359462,3.971170437695075,3.6818934798522767,0.6352941176470588,0.0,4.0,0.0,4.0,36.0,52.0,248.0,0.9411764705882352,59,11.486311460855216,0.0,133,393.93767281306174,22921.93106005634,0.0,0.0,420.4172446456188,341.9944612110107,0.0629840287709354,3.052886835797075e-05,0.1069272233581898,0.0056369985426747,0.0434257529002236,1.0,341.9840205071252,393.93767281306174,81.1921247148462,77.55545927639403,22921.93106005634,248.0,9370.0,11.754213145918868,5.0,36.2782,0.0,416.512,347.8607,347.2101,87.5,89.6242,19542.8069,1.0,25274.0,25274.0,26105.0
101,126.05045286973954,200.39069036723583,453.68342921026647,186.0383628176048,0.9878712615129877,341.9840205071252,393.93767281306174,314.9687370825756,405.6918859589806,11.754213145918868,0.0298377483473043,81.1921247148462,81.23896013832669,36.756591796875,82.00292639590069,80.24005751889504,77.55545927639403,81.1921247148462,152.0,0.6352941176470588,22921.93106005634,22633.5,288.43106005634036,9370.0,9663.0,455.0,0.0470868260374624,1,0,1.8888888888888888,0.9193729003359462,3.971170437695075,3.6818934798522767,0.6352941176470588,0.0,4.0,0.0,4.0,36.0,52.0,248.0,0.9411764705882352,59,11.486311460855216,0.0,133,393.93767281306174,22921.93106005634,0.0,0.0,420.4172446456188,341.9944612110107,0.0629840287709354,3.052886835797075e-05,0.1069272233581898,0.0056369985426747,0.0434257529002236,1.0,341.9840205071252,393.93767281306174,81.1921247148462,77.55545927639403,22921.93106005634,248.0,9370.0,11.754213145918868,5.05,36.391,0.0,416.512,347.8607,347.2101,87.5,89.6242,19542.8069,1.0,25274.0,25274.0,26105.0
102,126.05045286973954,200.39069036723583,453.68342921026647,186.0383628176048,0.9878712615129877,341.9840205071252,393.93767281306174,314.9687370825756,405.6918859589806,11.754213145918868,0.0298377483473043,81.1921247148462,81.23896013832669,36.756591796875,82.00292639590069,80.24005751889504,77.55545927639403,81.1921247148462,152.0,0.6352941176470588,22921.93106005634,22633.5,288.43106005634036,9370.0,9663.0,455.0,0.0470868260374624,1,0,1.8888888888888888,0.9193729003359462,3.971170437695075,3.6818934798522767,0.6352941176470588,0.0,4.0,0.0,4.0,36.0,52.0,248.0,0.9411764705882352,59,11.486311460855216,0.0,133,393.93767281306174,22921.93106005634,0.0,0.0,420.4172446456188,341.9944612110107,0.0629840287709354,3.052886835797075e-05,0.1069272233581898,0.0056369985426747,0.0434257529002236,1.0,341.9840205071252,393.93767281306174,81.1921247148462,77.55545927639403,22921.93106005634,248.0,9370.0,11.754213145918868,5.1,36.5038,0.0,416.512,347.8607,347.2101,87.5,89.6242,19542.8069,1.0,25274.0,25274.0,26105.0
103,126.05045286973954,200.39069036723583,453.68342921026647,186.0383628176048,0.9878712615129877,341.9840205071252,393.93767281306174,314.9687370825756,405.6918859589806,11.754213145918868,0.0298377483473043,81.1921247148462,81.23896013832669,36.756591796875,82.00292639590069,80.24005751889504,77.55545927639403,81.1921247148462,152.0,0.6352941176470588,22921.93106005634,22633.5,288.43106005634036,9370.0,9663.0,455.0,0.0470868260374624,1,0,1.8888888888888888,0.9193729003359462,3.971170437695075,3.6818934798522767,0.6352941176470588,0.0,4.0,0.0,4.0,36.0,52.0,248.0,0.9411764705882352,59,11.486311460855216,0.0,133,393.93767281306174,22921.93106005634,0.0,0.0,420.4172446456188,341.9944612110107,0.0629840287709354,3.052886835797075e-05,0.1069272233581898,0.0056369985426747,0.0434257529002236,1.0,341.9840205071252,393.93767281306174,81.1921247148462,77.55545927639403,22921.93106005634,248.0,9370.0,11.754213145918868,5.15,36.6165,0.0,416.512,347.8607,347.2101,87.5,89.6242,19542.8069,1.0,25274.0,25274.0,26105.0
104,126.05045286973954,200.39069036723583,453.68342921026647,186.0383628176048,0.9878712615129877,341.9840205071252,393.93767281306174,314.9687370825756,405.6918859589806,11.754213145918868,0.0298377483473043,81.1921247148462,81.23896013832669,36.756591796875,82.00292639590069,80.24005751889504,77.55545927639403,81.1921247148462,152.0,0.6352941176470588,22921.93106005634,22633.5,288.43106005634036,9370.0,9663.0,455.0,0.0470868260374624,1,0,1.8888888888888888,0.9193729003359462,3.971170437695075,3.6818934798522767,0.6352941176470588,0.0,4.0,0.0,4.0,36.0,52.0,248.0,0.9411764705882352,59,11.486311460855216,0.0,133,393.93767281306174,22921.93106005634,0.0,0.0,420.4172446456188,341.9944612110107,0.0629840287709354,3.052886835797075e-05,0.1069272233581898,0.0056369985426747,0.0434257529002236,1.0,341.9840205071252,393.93767281306174,81.1921247148462,77.55545927639403,22921.93106005634,248.0,9370.0,11.754213145918868,5.2,36.7293,0.0,416.512,347.8607,347.2101,87.5,89.6242,19542.8069,1.0,25274.0,25274.0,26105.0
105,126.05045286973954,200.39069036723583,453.68342921026647,186.0383628176048,0.9878712615129877,341.9840205071252,393.93767281306174,314.9687370825756,405.6918859589806,11.754213145918868,0.0298377483473043,81.1921247148462,81.23896013832669,36.756591796875,82.00292639590069,80.24005751889504,77.55545927639403,81.1921247148462,152.0,0.6352941176470588,22921.93106005634,22633.5,288.43106005634036,9370.0,9663.0,455.0,0.0470868260374624,1,0,1.8888888888888888,0.9193729003359462,3.971170437695075,3.6818934798522767,0.6352941176470588,0.0,4.0,0.0,4.0,36.0,52.0,248.0,0.9411764705882352,59,11.486311460855216,0.0,133,393.93767281306174,22921.93106005634,0.0,0.0,420.4172446456188,341.9944612110107,0.0629840287709354,3.052886835797075e-05,0.1069272233581898,0.0056369985426747,0.0434257529002236,1.0,341.9840205071252,393.93767281306174,81.1921247148462,77.55545927639403,22921.93106005634,248.0,9370.0,11.754213145918868,5.25,36.8421,0.0,416.512,347.8607,347.2101,87.5,89.6242,19542.8069,1.0,25274.0,25274.0,26105.0
106,126.05045286973954,200.39069036723583,453.68342921026647,186.0383628176048,0.9878712615129877,341.9840205071252,393.93767281306174,314.9687370825756,405.6918859589806,11.754213145918868,0.0298377483473043,81.1921247148462,81.23896013832669,36.756591796875,82.00292639590069,80.24005751889504,77.55545927639403,81.1921247148462,152.0,0.6352941176470588,22921.93106005634,22633.5,288.43106005634036,9370.0,9663.0,455.0,0.0470868260374624,1,0,1.8888888888888888,0.9193729003359462,3.971170437695075,3.6818934798522767,0.6352941176470588,0.0,4.0,0.0,4.0,36.0,52.0,248.0,0.9411764705882352,59,11.486311460855216,0.0,133,393.93767281306174,22921.93106005634,0.0,0.0,420.4172446456188,341.9944612110107,0.0629840287709354,3.052886835797075e-05,0.1069272233581898,0.0056369985426747,0.0434257529002236,1.0,341.9840205071252,393.93767281306174,81.1921247148462,77.55545927639403,22921.93106005634,248.0,9370.0,11.754213145918868,5.3,36.9549,0.0,416.512,347.8607,347.2101,87.5,89.6242,19542.8069,1.0,25274.0,25274.0,26105.0
107,126.05045286973954,200.39069036723583,453.68342921026647,186.0383628176048,0.9878712615129877,341.9840205071252,393.93767281306174,314.9687370825756,405.6918859589806,11.754213145918868,0.0298377483473043,81.1921247148462,81.23896013832669,36.756591796875,82.00292639590069,80.24005751889504,77.55545927639403,81.1921247148462,152.0,0.6352941176470588,22921.93106005634,22633.5,288.43106005634036,9370.0,9663.0,455.0,0.0470868260374624,1,0,1.8888888888888888,0.9193729003359462,3.971170437695075,3.6818934798522767,0.6352941176470588,0.0,4.0,0.0,4.0,36.0,52.0,248.0,0.9411764705882352,59,11.486311460855216,0.0,133,393.93767281306174,22921.93106005634,0.0,0.0,420.4172446456188,341.9944612110107,0.0629840287709354,3.052886835797075e-05,0.1069272233581898,0.0056369985426747,0.0434257529002236,1.0,341.9840205071252,393.93767281306174,81.1921247148462,77.55545927639403,22921.93106005634,248.0,9370.0,11.754213145918868,5.35,37.0677,0.0,416.512,347.8607,347.2101,87.5,89.6242,19542.8069,1.0,25274.0,25274.0,26105.0
108,126.05045286973954,200.39069036723583,453.68342921026647,186.0383628176048,0.9878712615129877,341.9840205071252,393.93767281306174,314.9687370825756,405.6918859589806,11.754213145918868,0.0298377483473043,81.1921247148462,81.23896013832669,36.756591796875,82.00292639590069,80.24005751889504,77.55545927639403,81.1921247148462,152.0,0.6352941176470588,22921.93106005634,22633.5,288.43106005634036,9370.0,9663.0,455.0,0.0470868260374624,1,0,1.8888888888888888,0.9193729003359462,3.971170437695075,3.6818934798522767,0.6352941176470588,0.0,4.0,0.0,4.0,36.0,52.0,248.0,0.9411764705882352,59,11.486311460855216,0.0,133,393.93767281306174,22921.93106005634,0.0,0.0,420.4172446456188,341.9944612110107,0.0629840287709354,3.052886835797075e-05,0.1069272233581898,0.0056369985426747,0.0434257529002236,1.0,341.9840205071252,393.93767281306174,81.1921247148462,77.55545927639403,22921.93106005634,248.0,9370.0,11.754213145918868,5.4,37.1805,0.0,416.512,347.8607,347.2101,87.5,89.6242,19542.8069,1.0,25274.0,25274.0,26105.0
109,126.05045286973954,200.39069036723583,453.68342921026647,186.0383628176048,0.9878712615129877,341.9840205071252,393.93767281306174,314.9687370825756,405.6918859589806,11.754213145918868,0.0298377483473043,81.1921247148462,81.23896013832669,36.756591796875,82.00292639590069,80.24005751889504,77.55545927639403,81.1921247148462,152.0,0.6352941176470588,22921.93106005634,22633.5,288.43106005634036,9370.0,9663.0,455.0,0.0470868260374624,1,0,1.8888888888888888,0.9193729003359462,3.971170437695075,3.6818934798522767,0.6352941176470588,0.0,4.0,0.0,4.0,36.0,52.0,248.0,0.9411764705882352,59,11.486311460855216,0.0,133,393.93767281306174,22921.93106005634,0.0,0.0,420.4172446456188,341.9944612110107,0.0629840287709354,3.052886835797075e-05,0.1069272233581898,0.0056369985426747,0.0434257529002236,1.0,341.9840205071252,393.93767281306174,81.1921247148462,77.55545927639403,22921.93106005634,248.0,9370.0,11.754213145918868,5.45,37.2932,0.0,416.512,347.8607,347.2101,87.5,89.6242,19542.8069,1.0,25274.0,25274.0,26105.0
110,126.05045286973954,200.39069036723583,453.68342921026647,186.0383628176048,0.9878712615129877,341.9840205071252,393.93767281306174,314.9687370825756,405.6918859589806,11.754213145918868,0.0298377483473043,81.1921247148462,81.23896013832669,36.756591796875,82.00292639590069,80.24005751889504,77.55545927639403,81.1921247148462,152.0,0.6352941176470588,22921.93106005634,22633.5,288.43106005634036,9370.0,9663.0,455.0,0.0470868260374624,1,0,1.8888888888888888,0.9193729003359462,3.971170437695075,3.6818934798522767,0.6352941176470588,0.0,4.0,0.0,4.0,36.0,52.0,248.0,0.9411764705882352,59,11.486311460855216,0.0,133,393.93767281306174,22921.93106005634,0.0,0.0,420.4172446456188,341.9944612110107,0.0629840287709354,3.052886835797075e-05,0.1069272233581898,0.0056369985426747,0.0434257529002236,1.0,341.9840205071252,393.93767281306174,81.1921247148462,77.55545927639403,22921.93106005634,248.0,9370.0,11.754213145918868,5.5,37.406,0.0,416.512,347.8607,347.2101,87.5,89.6242,19542.8069,1.0,25274.0,25274.0,26105.0
111,126.05045286973954,200.39069036723583,453.68342921026647,186.0383628176048,0.9878712615129877,341.9840205071252,393.93767281306174,314.9687370825756,405.6918859589806,11.754213145918868,0.0298377483473043,81.1921247148462,81.23896013832669,36.756591796875,82.00292639590069,80.24005751889504,77.55545927639403,81.1921247148462,152.0,0.6352941176470588,22921.93106005634,22633.5,288.43106005634036,9370.0,9663.0,455.0,0.0470868260374624,1,0,1.8888888888888888,0.9193729003359462,3.971170437695075,3.6818934798522767,0.6352941176470588,0.0,4.0,0.0,4.0,36.0,52.0,248.0,0.9411764705882352,59,11.486311460855216,0.0,133,393.93767281306174,22921.93106005634,0.0,0.0,420.4172446456188,341.9944612110107,0.0629840287709354,3.052886835797075e-05,0.1069272233581898,0.0056369985426747,0.0434257529002236,1.0,341.9840205071252,393.93767281306174,81.1921247148462,77.55545927639403,22921.93106005634,248.0,9370.0,11.754213145918868,5.55,37.5188,0.0,416.512,347.8607,347.2101,87.5,89.6242,19542.8069,1.0,25274.0,25274.0,26105.0
112,126.05045286973954,200.39069036723583,453.68342921026647,186.0383628176048,0.9878712615129877,341.9840205071252,393.93767281306174,314.9687370825756,405.6918859589806,11.754213145918868,0.0298377483473043,81.1921247148462,81.23896013832669,36.756591796875,82.00292639590069,80.24005751889504,77.55545927639403,81.1921247148462,152.0,0.6352941176470588,22921.93106005634,22633.5,288.43106005634036,9370.0,9663.0,455.0,0.0470868260374624,1,0,1.8888888888888888,0.9193729003359462,3.971170437695075,3.6818934798522767,0.6352941176470588,0.0,4.0,0.0,4.0,36.0,52.0,248.0,0.9411764705882352,59,11.486311460855216,0.0,133,393.93767281306174,22921.93106005634,0.0,0.0,420.4172446456188,341.9944612110107,0.0629840287709354,3.052886835797075e-05,0.1069272233581898,0.0056369985426747,0.0434257529002236,1.0,341.9840205071252,393.93767281306174,81.1921247148462,77.55545927639403,22921.93106005634,248.0,9370.0,11.754213145918868,5.6,37.6316,0.0,416.512,347.8607,347.2101,87.5,89.6242,19542.8069,1.0,25274.0,25274.0,26105.0
113,126.05045286973954,200.39069036723583,453.68342921026647,186.0383628176048,0.9878712615129877,341.9840205071252,393.93767281306174,314.9687370825756,405.6918859589806,11.754213145918868,0.0298377483473043,81.1921247148462,81.23896013832669,36.756591796875,82.00292639590069,80.24005751889504,77.55545927639403,81.1921247148462,152.0,0.6352941176470588,22921.93106005634,22633.5,288.43106005634036,9370.0,9663.0,455.0,0.0470868260374624,1,0,1.8888888888888888,0.9193729003359462,3.971170437695075,3.6818934798522767,0.6352941176470588,0.0,4.0,0.0,4.0,36.0,52.0,248.0,0.9411764705882352,59,11.486311460855216,0.0,133,393.93767281306174,22921.93106005634,0.0,0.0,420.4172446456188,341.9944612110107,0.0629840287709354,3.052886835797075e-05,0.1069272233581898,0.0056369985426747,0.0434257529002236,1.0,341.9840205071252,393.93767281306174,81.1921247148462,77.55545927639403,22921.93106005634,248.0,9370.0,11.754213145918868,5.65,37.7444,0.0,416.512,347.8607,347.2101,87.5,89.6242,19542.8069,1.0,25274.0,25274.0,26105.0
114,126.05045286973954,200.39069036723583,453.68342921026647,186.0383628176048,0.9878712615129877,341.9840205071252,393.93767281306174,314.9687370825756,405.6918859589806,11.754213145918868,0.0298377483473043,81.1921247148462,81.23896013832669,36.756591796875,82.00292639590069,80.24005751889504,77.55545927639403,81.1921247148462,152.0,0.6352941176470588,22921.93106005634,22633.5,288.43106005634036,9370.0,9663.0,455.0,0.0470868260374624,1,0,1.8888888888888888,0.9193729003359462,3.971170437695075,3.6818934798522767,0.6352941176470588,0.0,4.0,0.0,4.0,36.0,52.0,248.0,0.9411764705882352,59,11.486311460855216,0.0,133,393.93767281306174,22921.93106005634,0.0,0.0,420.4172446456188,341.9944612110107,0.0629840287709354,3.052886835797075e-05,0.1069272233581898,0.0056369985426747,0.0434257529002236,1.0,341.9840205071252,393.93767281306174,81.1921247148462,77.55545927639403,22921.93106005634,248.0,9370.0,11.754213145918868,5.7,37.8571,0.0,416.512,347.8607,347.2101,87.5,89.6242,19542.8069,1.0,25274.0,25274.0,26105.0
115,126.05045286973954,200.39069036723583,453.68342921026647,186.0383628176048,0.9878712615129877,341.9840205071252,393.93767281306174,314.9687370825756,405.6918859589806,11.754213145918868,0.0298377483473043,81.1921247148462,81.23896013832669,36.756591796875,82.00292639590069,80.24005751889504,77.55545927639403,81.1921247148462,152.0,0.6352941176470588,22921.93106005634,22633.5,288.43106005634036,9370.0,9663.0,455.0,0.0470868260374624,1,0,1.8888888888888888,0.9193729003359462,3.971170437695075,3.6818934798522767,0.6352941176470588,0.0,4.0,0.0,4.0,36.0,52.0,248.0,0.9411764705882352,59,11.486311460855216,0.0,133,393.93767281306174,22921.93106005634,0.0,0.0,420.4172446456188,341.9944612110107,0.0629840287709354,3.052886835797075e-05,0.1069272233581898,0.0056369985426747,0.0434257529002236,1.0,341.9840205071252,393.93767281306174,81.1921247148462,77.55545927639403,22921.93106005634,248.0,9370.0,11.754213145918868,5.75,37.9699,0.0,416.512,347.8607,347.2101,87.5,89.6242,19542.8069,1.0,25274.0,25274.0,26105.0
116,126.05045286973954,200.39069036723583,453.68342921026647,186.0383628176048,0.9878712615129877,341.9840205071252,393.93767281306174,314.9687370825756,405.6918859589806,11.754213145918868,0.0298377483473043,81.1921247148462,81.23896013832669,36.756591796875,82.00292639590069,80.24005751889504,77.55545927639403,81.1921247148462,152.0,0.6352941176470588,22921.93106005634,22633.5,288.43106005634036,9370.0,9663.0,455.0,0.0470868260374624,1,0,1.8888888888888888,0.9193729003359462,3.971170437695075,3.6818934798522767,0.6352941176470588,0.0,4.0,0.0,4.0,36.0,52.0,248.0,0.9411764705882352,59,11.486311460855216,0.0,133,393.93767281306174,22921.93106005634,0.0,0.0,420.4172446456188,341.9944612110107,0.0629840287709354,3.052886835797075e-05,0.1069272233581898,0.0056369985426747,0.0434257529002236,1.0,341.9840205071252,393.93767281306174,81.1921247148462,77.55545927639403,22921.93106005634,248.0,9370.0,11.754213145918868,5.8,38.0827,0.0,416.512,347.8607,347.2101,87.5,89.6242,19542.8069,1.0,25274.0,25274.0,26105.0
117,126.05045286973954,200.39069036723583,453.68342921026647,186.0383628176048,0.9878712615129877,341.9840205071252,393.93767281306174,314.9687370825756,405.6918859589806,11.754213145918868,0.0298377483473043,81.1921247148462,81.23896013832669,36.756591796875,82.00292639590069,80.24005751889504,77.55545927639403,81.1921247148462,152.0,0.6352941176470588,22921.93106005634,22633.5,288.43106005634036,9370.0,9663.0,455.0,0.0470868260374624,1,0,1.8888888888888888,0.9193729003359462,3.971170437695075,3.6818934798522767,0.6352941176470588,0.0,4.0,0.0,4.0,36.0,52.0,248.0,0.9411764705882352,59,11.486311460855216,0.0,133,393.93767281306174,22921.93106005634,0.0,0.0,420.4172446456188,341.9944612110107,0.0629840287709354,3.052886835797075e-05,0.1069272233581898,0.0056369985426747,0.0434257529002236,1.0,341.9840205071252,393.93767281306174,81.1921247148462,77.55545927639403,22921.93106005634,248.0,9370.0,11.754213145918868,5.85,38.1955,0.0,416.512,347.8607,347.2101,87.5,89.6242,19542.8069,1.0,25274.0,25274.0,26105.0
118,126.05045286973954,200.39069036723583,453.68342921026647,186.0383628176048,0.9878712615129877,341.9840205071252,393.93767281306174,314.9687370825756,405.6918859589806,11.754213145918868,0.0298377483473043,81.1921247148462,81.23896013832669,36.756591796875,82.00292639590069,80.24005751889504,77.55545927639403,81.1921247148462,152.0,0.6352941176470588,22921.93106005634,22633.5,288.43106005634036,9370.0,9663.0,455.0,0.0470868260374624,1,0,1.8888888888888888,0.9193729003359462,3.971170437695075,3.6818934798522767,0.6352941176470588,0.0,4.0,0.0,4.0,36.0,52.0,248.0,0.9411764705882352,59,11.486311460855216,0.0,133,393.93767281306174,22921.93106005634,0.0,0.0,420.4172446456188,341.9944612110107,0.0629840287709354,3.052886835797075e-05,0.1069272233581898,0.0056369985426747,0.0434257529002236,1.0,341.9840205071252,393.93767281306174,81.1921247148462,77.55545927639403,22921.93106005634,248.0,9370.0,11.754213145918868,5.9,38.3083,0.0,416.512,347.8607,347.2101,87.5,89.6242,19542.8069,1.0,25274.0,25274.0,26105.0
119,126.05045286973954,200.39069036723583,453.68342921026647,186.0383628176048,0.9878712615129877,341.9840205071252,393.93767281306174,314.9687370825756,405.6918859589806,11.754213145918868,0.0298377483473043,81.1921247148462,81.23896013832669,36.756591796875,82.00292639590069,80.24005751889504,77.55545927639403,81.1921247148462,152.0,0.6352941176470588,22921.93106005634,22633.5,288.43106005634036,9370.0,9663.0,455.0,0.0470868260374624,1,0,1.8888888888888888,0.9193729003359462,3.971170437695075,3.6818934798522767,0.6352941176470588,0.0,4.0,0.0,4.0,36.0,52.0,248.0,0.9411764705882352,59,11.486311460855216,0.0,133,393.93767281306174,22921.93106005634,0.0,0.0,420.4172446456188,341.9944612110107,0.0629840287709354,3.052886835797075e-05,0.1069272233581898,0.0056369985426747,0.0434257529002236,1.0,341.9840205071252,393.93767281306174,81.1921247148462,77.55545927639403,22921.93106005634,248.0,9370.0,11.754213145918868,5.95,38.4211,0.0,416.512,347.8607,347.2101,87.5,89.6242,19542.8069,1.0,25274.0,25274.0,26105.0
120,126.05045286973954,200.39069036723583,453.68342921026647,186.0383628176048,0.9878712615129877,341.9840205071252,393.93767281306174,314.9687370825756,405.6918859589806,11.754213145918868,0.0298377483473043,81.1921247148462,81.23896013832669,36.756591796875,82.00292639590069,80.24005751889504,77.55545927639403,81.1921247148462,152.0,0.6352941176470588,22921.93106005634,22633.5,288.43106005634036,9370.0,9663.0,455.0,0.0470868260374624,1,0,1.8888888888888888,0.9193729003359462,3.971170437695075,3.6818934798522767,0.6352941176470588,0.0,4.0,0.0,4.0,36.0,52.0,248.0,0.9411764705882352,59,11.486311460855216,0.0,133,393.93767281306174,22921.93106005634,0.0,0.0,420.4172446456188,341.9944612110107,0.0629840287709354,3.052886835797075e-05,0.1069272233581898,0.0056369985426747,0.0434257529002236,1.0,341.9840205071252,393.93767281306174,81.1921247148462,77.55545927639403,22921.93106005634,248.0,9370.0,11.754213145918868,6.0,38.5338,0.0,416.512,347.8607,347.2101,87.5,89.6242,19542.8069,1.0,25274.0,25274.0,26105.0
121,126.05045286973954,200.39069036723583,453.68342921026647,186.0383628176048,0.9878712615129877,341.9840205071252,393.93767281306174,314.9687370825756,405.6918859589806,11.754213145918868,0.0298377483473043,81.1921247148462,81.23896013832669,36.756591796875,82.00292639590069,80.24005751889504,77.55545927639403,81.1921247148462,152.0,0.6352941176470588,22921.93106005634,22633.5,288.43106005634036,9370.0,9663.0,455.0,0.0470868260374624,1,0,1.8888888888888888,0.9193729003359462,3.971170437695075,3.6818934798522767,0.6352941176470588,0.0,4.0,0.0,4.0,36.0,52.0,248.0,0.9411764705882352,59,11.486311460855216,0.0,133,393.93767281306174,22921.93106005634,0.0,0.0,420.4172446456188,341.9944612110107,0.0629840287709354,3.052886835797075e-05,0.1069272233581898,0.0056369985426747,0.0434257529002236,1.0,341.9840205071252,393.93767281306174,81.1921247148462,77.55545927639403,22921.93106005634,248.0,9370.0,11.754213145918868,6.05,38.6466,0.0,416.512,347.8607,347.2101,87.5,89.6242,19542.8069,1.0,25273.998,25274.0,26105.0
122,126.05045286973954,200.39069036723583,453.68342921026647,186.0383628176048,0.9878712615129877,341.9840205071252,393.93767281306174,314.9687370825756,405.6918859589806,11.754213145918868,0.0298377483473043,81.1921247148462,81.23896013832669,36.756591796875,82.00292639590069,80.24005751889504,77.55545927639403,81.1921247148462,152.0,0.6352941176470588,22921.93106005634,22633.5,288.43106005634036,9370.0,9663.0,455.0,0.0470868260374624,1,0,1.8888888888888888,0.9193729003359462,3.971170437695075,3.6818934798522767,0.6352941176470588,0.0,4.0,0.0,4.0,36.0,52.0,248.0,0.9411764705882352,59,11.486311460855216,0.0,133,393.93767281306174,22921.93106005634,0.0,0.0,420.4172446456188,341.9944612110107,0.0629840287709354,3.052886835797075e-05,0.1069272233581898,0.0056369985426747,0.0434257529002236,1.0,341.9840205071252,393.93767281306174,81.1921247148462,77.55545927639403,22921.93106005634,248.0,9370.0,11.754213145918868,6.1,38.7594,1.1e-05,416.512,347.8607,347.2101,87.5,89.6242,19542.8069,1.0,25273.9512,25274.0,26105.0
123,126.05045286973954,200.39069036723583,453.68342921026647,186.0383628176048,0.9878712615129877,341.9840205071252,393.93767281306174,314.9687370825756,405.6918859589806,11.754213145918868,0.0298377483473043,81.1921247148462,81.23896013832669,36.756591796875,82.00292639590069,80.24005751889504,77.55545927639403,81.1921247148462,152.0,0.6352941176470588,22921.93106005634,22633.5,288.43106005634036,9370.0,9663.0,455.0,0.0470868260374624,1,0,1.8888888888888888,0.9193729003359462,3.971170437695075,3.6818934798522767,0.6352941176470588,0.0,4.0,0.0,4.0,36.0,52.0,248.0,0.9411764705882352,59,11.486311460855216,0.0,133,393.93767281306174,22921.93106005634,0.0,0.0,420.4172446456188,341.9944612110107,0.0629840287709354,3.052886835797075e-05,0.1069272233581898,0.0056369985426747,0.0434257529002236,1.0,341.9840205071252,393.93767281306174,81.1921247148462,77.55545927639403,22921.93106005634,248.0,9370.0,11.754213145918868,6.15,38.8722,4.4e-05,416.512,347.8607,347.2101,87.5,89.6242,19542.8069,1.0,25273.8047,25274.0,26105.0
124,126.05045286973954,200.39069036723583,453.68342921026647,186.0383628176048,0.9878712615129877,341.9840205071252,393.93767281306174,314.9687370825756,405.6918859589806,11.754213145918868,0.0298377483473043,81.1921247148462,81.23896013832669,36.756591796875,82.00292639590069,80.24005751889504,77.55545927639403,81.1921247148462,152.0,0.6352941176470588,22921.93106005634,22633.5,288.43106005634036,9370.0,9663.0,455.0,0.0470868260374624,1,0,1.8888888888888888,0.9193729003359462,3.971170437695075,3.6818934798522767,0.6352941176470588,0.0,4.0,0.0,4.0,36.0,52.0,248.0,0.9411764705882352,59,11.486311460855216,0.0,133,393.93767281306174,22921.93106005634,0.0,0.0,420.4172446456188,341.9944612110107,0.0629840287709354,3.052886835797075e-05,0.1069272233581898,0.0056369985426747,0.0434257529002236,1.0,341.9840205071252,393.93767281306174,81.1921247148462,77.55545927639403,22921.93106005634,248.0,9370.0,11.754213145918868,6.2,38.985,0.000107,416.512,347.8607,347.2101,87.5,89.6242,19542.8069,1.0,25273.5312,25274.0,26105.0
125,126.05045286973954,200.39069036723583,453.68342921026647,186.0383628176048,0.9878712615129877,341.9840205071252,393.93767281306174,314.9687370825756,405.6918859589806,11.754213145918868,0.0298377483473043,81.1921247148462,81.23896013832669,36.756591796875,82.00292639590069,80.24005751889504,77.55545927639403,81.1921247148462,152.0,0.6352941176470588,22921.93106005634,22633.5,288.43106005634036,9370.0,9663.0,455.0,0.0470868260374624,1,0,1.8888888888888888,0.9193729003359462,3.971170437695075,3.6818934798522767,0.6352941176470588,0.0,4.0,0.0,4.0,36.0,52.0,248.0,0.9411764705882352,59,11.486311460855216,0.0,133,393.93767281306174,22921.93106005634,0.0,0.0,420.4172446456188,341.9944612110107,0.0629840287709354,3.052886835797075e-05,0.1069272233581898,0.0056369985426747,0.0434257529002236,1.0,341.9840205071252,393.93767281306174,81.1921247148462,77.55545927639403,22921.93106005634,248.0,9370.0,11.754213145918868,6.25,39.0977,0.000205,416.512,347.8607,347.2101,87.5,89.6242,19542.8069,1.0,25273.1016,25274.0,26105.0
126,126.05045286973954,200.39069036723583,453.68342921026647,186.0383628176048,0.9878712615129877,341.9840205071252,393.93767281306174,314.9687370825756,405.6918859589806,11.754213145918868,0.0298377483473043,81.1921247148462,81.23896013832669,36.756591796875,82.00292639590069,80.24005751889504,77.55545927639403,81.1921247148462,152.0,0.6352941176470588,22921.93106005634,22633.5,288.43106005634036,9370.0,9663.0,455.0,0.0470868260374624,1,0,1.8888888888888888,0.9193729003359462,3.971170437695075,3.6818934798522767,0.6352941176470588,0.0,4.0,0.0,4.0,36.0,52.0,248.0,0.9411764705882352,59,11.486311460855216,0.0,133,393.93767281306174,22921.93106005634,0.0,0.0,420.4172446456188,341.9944612110107,0.0629840287709354,3.052886835797075e-05,0.1069272233581898,0.0056369985426747,0.0434257529002236,1.0,341.9840205071252,393.93767281306174,81.1921247148462,77.55545927639403,22921.93106005634,248.0,9370.0,11.754213145918868,6.3,39.2105,0.000342,416.512,347.8607,347.2101,87.5,89.6242,19542.8069,1.0,25272.5,25274.0,26105.0
127,126.05045286973954,200.39069036723583,453.68342921026647,186.0383628176048,0.9878712615129877,341.9840205071252,393.93767281306174,314.9687370825756,405.6918859589806,11.754213145918868,0.0298377483473043,81.1921247148462,81.23896013832669,36.756591796875,82.00292639590069,80.24005751889504,77.55545927639403,81.1921247148462,152.0,0.6352941176470588,22921.93106005634,22633.5,288.43106005634036,9370.0,9663.0,455.0,0.0470868260374624,1,0,1.8888888888888888,0.9193729003359462,3.971170437695075,3.6818934798522767,0.6352941176470588,0.0,4.0,0.0,4.0,36.0,52.0,248.0,0.9411764705882352,59,11.486311460855216,0.0,133,393.93767281306174,22921.93106005634,0.0,0.0,420.4172446456188,341.9944612110107,0.0629840287709354,3.052886835797075e-05,0.1069272233581898,0.0056369985426747,0.0434257529002236,1.0,341.9840205071252,393.93767281306174,81.1921247148462,77.55545927639403,22921.93106005634,248.0,9370.0,11.754213145918868,6.35,39.3233,0.000524,416.512,347.8607,347.2101,87.5,89.6242,19542.8069,1.0,25271.7051,25274.0,26105.0
128,126.05045275029346,200.39069039020424,453.68182244541225,186.0383880717759,0.9878737713398862,341.9840131096644,393.93651130523983,314.9687370825756,405.691385083622,11.754873778382148,0.0298395133252168,81.19212346284839,81.23895831780388,36.756591796875,82.00296391022593,80.24005567171605,77.5788770641522,81.19212346284839,152.0,0.6352941176470588,22922.11809837971,22635.5,286.6180983797094,9372.0,9665.0,455.0,0.0470770822555613,1,0,1.8888888888888888,0.9193729003359462,3.971203047561675,3.6817351850164184,0.6352941176470588,0.0,4.0,0.0,4.0,36.0,52.0,248.0,0.9411764705882352,59,11.474947369515032,0.0,133,393.93767281306174,22921.93106005634,1.216343441233087e-07,0.0016069633069558,420.4172446456188,341.9944612110107,0.0629867915211239,3.055049871070192e-05,0.1069272628870516,0.0056369985426747,0.0434257132208286,1.0,341.9840205071252,393.93767281306174,81.1921247148462,77.5788770641522,22921.93106005634,248.0,9370.0,11.754213145918868,6.4,39.4361,0.000753,416.512,347.8607,347.2101,87.5,89.6242,19542.8069,1.0,25270.7031,25274.0,26105.0
129,126.05046564639274,200.3906879093877,453.7115222111073,186.0379469710036,0.987877534133223,341.98481114751377,393.96739474574184,314.9687370825756,405.69243696133793,11.72504221559609,0.0297614532876843,81.1922584847297,81.23915472121746,36.756591796875,81.99891346854089,80.24025495497298,78.07831859477689,81.1922584847297,152.0,0.6352941176470588,22926.709163246,22638.5,288.20916324599966,9375.0,9668.0,455.0,0.0470624741414977,1,0,1.8888888888888888,0.9193729003359462,3.9676822762231096,3.686666233925192,0.6352941176470588,0.0,4.0,0.0,4.0,36.0,52.0,248.0,0.9411764705882352,59,11.446112253249964,0.0,133,393.93767281306174,22921.93106005634,1.3132548391960954e-05,0.0297030411276788,420.4172446456188,341.9944612110107,0.0629133324970345,2.821701691524403e-05,0.1069229985146355,0.0056369985426747,0.0434299924507946,1.0,341.9840205071252,393.93767281306174,81.1921247148462,78.07826291055146,22921.93106005634,248.0,9370.0,11.754213145918868,6.45,39.5489,0.001033,416.512,347.8607,347.2101,87.5,89.6242,19542.8069,1.0,25269.4766,25274.0,26105.0
130,126.05092116677288,200.39246909532503,453.13380370962847,186.05386266095977,0.987932821895086,341.98894089336613,394.3525146699523,315.0096200596128,405.6458515376449,11.293336867692574,0.0286376692111228,81.19295578542176,81.24017126243113,36.39984130859375,81.98825918432885,80.24128653498218,78.07826291055146,81.19295578542176,152.0,0.6352941176470588,22927.070528831544,22638.5,288.5705288315439,9355.0,9646.0,455.0,0.0471698113207547,1,0,1.8888888888888888,0.9193729003359462,3.949370857308045,3.695543977788702,0.6352941176470588,0.0,4.0,0.0,4.0,36.0,52.0,248.0,0.9411764705882352,59,12.140582778751646,0.0,133,393.93767281306174,22921.93106005634,0.001838510853956,0.5779376922625291,420.4172446456188,341.9944612110107,0.061997290329128,1.6141541079317534e-05,0.1069009309218371,0.0056369985426747,0.0434520919059907,1.0,341.9840205071252,393.93767281306174,81.1921247148462,78.07831859477689,22921.93106005634,248.0,9370.0,11.72504221559609,6.5,39.6617,0.001366,416.512,347.8607,347.2101,87.5,89.6242,19542.8069,1.0,25268.0156,25274.0,26105.0
131,126.05091758963,200.39246990458795,453.1459484423553,186.0535291534816,0.987987987987988,341.9887199991025,394.3352035985769,315.167123796683,405.57167841014143,11.236474811564506,0.0284947291264488,81.20707804849066,81.24011688144726,36.39984130859375,82.01160634304908,80.24123134376973,78.10186527002912,81.20707804849066,152.0,0.611764705882353,22932.00076451188,22643.5,288.50076451188215,9367.0,9657.0,455.0,0.0471160815988402,1,0,1.8888888888888888,0.9193729003359462,3.9503542447714985,3.70057882795487,0.611764705882353,0.0,4.0,0.0,4.0,36.0,52.0,248.0,0.9411764705882352,60,12.03288555362847,0.0235294117647058,133,393.93651130523983,22921.93106005634,3.667541084205443e-06,0.0121493111016215,420.4172446456188,341.9944612110107,0.0620384662599344,1.6787441199594966e-05,0.1069021112861587,0.0056477050832875,0.0438996668525178,1.0,341.9840131096644,393.93651130523983,81.1921247148462,78.07831859477689,22921.93106005634,248.0,9367.0,11.72504221559609,6.55,39.7744,0.001756,416.512,347.8607,347.2101,87.5,89.6242,19542.8069,1.0,25266.3086,25274.0,26105.0
132,126.04600219906946,200.59575560115735,453.5441253317282,186.04946832334343,0.9880214787277984,341.9514793863717,386.5654720883027,372.5437976341181,398.38866446452687,11.823192376224142,0.0305852261257399,81.20914569504478,81.24277814116078,36.3565673828125,82.10007922354063,80.88496257328353,78.12612694069358,81.20914569504478,152.0,0.611764705882353,22940.458922007423,22644.5,295.9589220074231,9394.0,9684.0,456.0,0.047087980173482,1,0,1.8888888888888888,0.9205816554809844,3.848821538159188,3.649426760227061,0.611764705882353,0.0,4.0,0.0,4.0,36.0,52.0,248.0,0.9411764705882352,59,12.02538168682153,0.0,131,391.7914847286764,22921.93106005634,0.2033451142616087,0.3981975961405264,420.4172446456188,341.9944612110107,0.0805194672398622,0.0001256798852435,0.1071011091680347,0.0254201196330206,0.043965196491173,1.0,341.9770083524181,391.7914847286764,81.1921247148462,78.07831859477689,22921.93106005634,248.0,9355.0,11.72504221559609,6.6,39.8872,0.002206,416.512,347.8607,347.2101,87.5,89.6242,19542.8069,1.0,25264.3398,25274.0,26105.0
133,126.05064237689685,200.3917513242233,453.4254101596261,186.0477598443672,0.9879699248120302,341.9770083524181,388.9070774781716,292.32812391093677,397.85227195575226,8.945194477580628,0.023000852891608,81.20482466858441,81.23723485887345,35.19366455078125,82.08452664308521,80.88332735539069,78.12470147719634,81.20482466858441,152.0,0.611764705882353,22921.82955718539,22634.5,287.3295571853887,9288.0,9576.0,457.0,0.0477234753550543,1,0,1.8888888888888888,0.9228187919463088,3.834789560407746,3.681636155674046,0.611764705882353,0.0,4.0,0.0,4.0,36.0,52.0,248.0,0.9411764705882352,58,11.940136345396992,0.0,131,391.6908766507204,22921.82955718539,0.2040570416762364,0.1187274651782681,420.4172446456188,341.9944612110107,0.0749497494899571,5.103257675798112e-05,0.106964693309186,0.0263475042380099,0.0438282507922076,1.0,341.97497543127474,391.6908766507204,81.19212346284839,78.07831859477689,22921.82955718539,248.0,9288.0,11.72504221559609,6.65,40.0,0.002717,416.512,347.8607,347.2101,87.5,89.6242,19542.8069,1.0,25262.1016,25274.0,26105.0
134,126.03881803823376,200.1860332197456,453.8990720036714,186.040608162827,0.9884949273088588,341.97497543127474,391.7914847286764,307.6913046470237,403.4066305631796,11.61514583450321,0.0296462436965595,81.17212972094667,81.2367348304747,35.19366455078125,82.04836459089606,81.0867586833561,78.12456451594798,81.17212972094667,152.0,0.611764705882353,22915.56715404224,22625.5,290.0671540422409,9286.0,9561.0,454.0,0.0474845727434368,1,0,1.8888888888888888,0.9276018099547512,3.964227622681989,3.666644178191321,0.611764705882353,0.0,4.0,0.0,4.0,36.0,52.0,248.0,0.9411764705882352,60,11.744572366120869,0.0,132,388.9070774781716,22921.82955718539,0.2060576460477055,0.4737158315417549,420.4172446456188,341.9944612110107,0.0680889289902269,5.697688689731972e-05,0.106975556368945,0.0520079934199301,0.0427920543009459,1.0,341.9737757940734,388.9070774781716,81.1922584847297,78.10186527002912,22921.82955718539,248.0,9286.0,11.72504221559609,6.7,40.1128,0.003292,416.512,347.8607,347.2101,87.5,89.6242,19542.8069,1.0,25259.584,25274.0,26105.0
135,126.0379140780387,200.12598099402047,453.8778037753201,186.04136765730496,0.9885618518906464,341.9737757940734,391.6908766507204,307.6913046470237,401.9062808623011,10.215404211580733,0.0260802710007719,81.17196131591781,81.23643979299739,35.19366455078125,82.05432742161081,81.08675761406263,78.14751111223185,81.17196131591781,152.0,0.611764705882353,22919.329232916643,22632.5,286.8292329166434,9274.0,9547.0,454.0,0.0475542055095841,1,0,1.8888888888888888,0.9276018099547512,3.969415642198544,3.660401943229862,0.611764705882353,0.0,4.0,0.0,4.0,36.0,52.0,248.0,0.9411764705882352,60,10.5944512144163,0.0,132,386.5654720883027,22921.82955718539,0.0600590289513119,0.0212817849125638,420.4172446456188,341.9944612110107,0.0683282342976027,6.048465482166865e-05,0.106981966716267,0.0735924311076688,0.0427867170634636,1.0,341.9737757940734,387.61938447354447,81.19295578542176,78.12456451594798,22921.82955718539,248.0,9280.0,11.823192376224142,6.75,40.2256,0.003934,416.512,347.8607,347.2101,87.5,89.6242,19542.8069,1.0,25256.7754,25274.0,26105.0
136,303.2520482646016,158.92480549629155,473.3891149476655,184.43502663800857,0.9579103922662204,183.97390844106843,174.69300055334168,181.56125236445044,188.81071745194785,14.117716898606147,0.0808144393529686,60.320865984195045,66.27804588898151,30.79986572265625,66.45779125148327,63.73084480659249,51.78708003173722,60.320865984195045,8.0,0.5434782608695652,6990.647289347647,5070.0,1920.6472893476464,4813.0,5379.0,642.0,0.1193530395984383,2,0,3.1578947368421053,0.9325513196480938,41.19015764546955,13.131581199552476,0.5434782608695652,0.0,16.0,0.0,16.0,100.0,40.0,28.0,0.7608695652173914,31,181.940611788264,0.0682864450127878,60,379.1066944176745,22921.82955718539,181.940611788264,19.57732349261168,420.4172446456188,341.9944612110107,0.5844770813323912,0.4620558830408763,0.951265576313252,0.1423459121830542,0.0,1.0,341.9737757940734,387.61938447354447,81.20482466858441,78.12470147719634,22921.82955718539,244.0,9280.0,11.823192376224142,6.8,40.3383,0.004644,416.512,347.8607,347.2101,87.5,89.6242,19542.8069,1.0,25253.666,25274.0,26105.0
137,303.30577130302686,158.94001291146304,473.3843833347163,184.71069198632915,0.9581767441860464,184.05605612608468,174.60956758354783,181.5559222990464,188.811479022864,14.201911439316149,0.0813352420251585,59.8219186495146,67.08200251898168,30.79986572265625,67.26191850348539,63.73141595366815,51.78702485980301,59.8219186495146,8.0,0.5434782608695652,6992.309783182556,5071.5,1920.809783182556,4813.0,5375.0,637.0,0.1185116279069767,2,0,3.5294117647058822,0.9262536873156342,41.1654438423075,13.211882837389169,0.5434782608695652,0.0,16.0,0.0,16.0,100.0,40.0,28.0,0.7608695652173914,30,7.407412065456099,0.0,60,379.1066944176745,22921.82955718539,0.0558339532349002,0.2757059528298431,420.4172446456188,341.9944612110107,0.5846755341096177,0.4618156812413343,0.950826614273679,0.1423459121830542,0.0,1.0,341.9737757940734,386.5654720883027,81.20482466858441,78.12612694069358,22921.82955718539,244.0,9280.0,11.823192376224142,6.85,40.4511,0.005424,416.512,347.8607,347.2101,87.5,89.6242,19542.8069,1.0,25250.2461,25274.0,26105.0
138,303.3058288078945,158.94002850857535,473.3855428890965,184.7105253340945,0.9582122905027932,184.0556776064224,174.6120590744577,157.54620188881697,190.02948410764753,15.41742503318983,0.0882953051175896,59.82197587119162,67.08200087761037,30.79986572265625,67.26193958797539,63.73149188381417,51.78701739350845,59.82197587119162,8.0,0.5434782608695652,6994.809632520875,5072.0,1922.8096325208753,4809.0,5370.0,637.0,0.1186219739292365,2,0,3.5294117647058822,0.9230769230769232,42.29998783738251,13.19065096357428,0.5434782608695652,0.0,16.0,0.0,16.0,100.0,40.0,28.0,0.7608695652173914,30,8.555369498574349,0.0,60,379.1066944176745,22921.82955718539,5.958254538702083e-05,0.0011714688762142,420.4172446456188,341.9944612110107,0.5846696078757592,0.4618167880418975,0.9508286369206098,0.1423459121830542,0.0,1.0,341.974674103406,385.4968699138587,81.20482466858441,78.14751111223185,22921.82955718539,244.0,9280.0,11.69721830816087,6.9,40.5639,0.006277,416.512,347.8607,347.2101,87.5,89.6242,19542.8069,1.0,25246.5117,25274.0,26105.0
139,126.0373661627597,200.12289065316517,454.0347852003474,186.03549567692667,0.9884070145962408,341.97365703749625,379.1066944176745,617.0793859378782,391.5235253007609,12.416830883086448,0.0327528663194916,81.23641058741052,82.05116140710564,35.19366455078125,82.10096402332243,81.20187525313838,78.17052211142658,81.23641058741052,136.0,0.6235294117647059,22940.90446355408,9139.0,13801.90446355408,9247.0,9523.0,453.0,0.0475690433686863,1,0,1.8888888888888888,0.92638731596829,3.968594229749251,3.701002875288774,0.6235294117647059,0.0,4.0,0.0,4.0,40.0,52.0,244.0,0.9529411764705882,64,181.98938425905465,0.0800511508951407,128,379.1066944176745,22933.98682566502,181.98938425905465,19.39606582629751,420.4172446456188,341.9944612110107,0.0982608367141697,6.0831901899094376e-05,0.1069826013005441,0.1423459121830542,0.0448292989854494,1.0,341.974674103406,385.4968699138587,81.23641058741052,78.17052211142658,22933.98682566502,244.0,9274.0,11.69721830816087,6.95,40.6767,0.007204,416.512,347.8607,347.2101,87.5,89.6242,19542.8069,1.0,25242.4531,25274.0,26105.0
140,126.03719839586952,200.12850010889883,453.3357571016117,186.04673358852335,0.98889470927187,341.9801420702651,387.61938447354447,364.4073586141067,401.35069947114306,13.731314997598588,0.0354247376359882,81.2380057798899,82.05076825018288,35.19366455078125,82.06905331761719,81.21473652658754,78.19471778314974,81.2380057798899,136.0,0.6235294117647059,22941.887423036824,22583.0,358.88742303682375,9280.0,9545.0,448.0,0.0469355683603981,1,0,2.0,0.9418604651162792,3.672572048805956,3.6260166143025474,0.6235294117647059,0.0,4.0,0.0,4.0,40.0,52.0,244.0,0.9529411764705882,67,12.229433389664706,0.0,131,383.00735909528834,22934.795473666953,0.0056119639483301,0.6991184259331142,420.4172446456188,341.9944612110107,0.0780126424160372,4.186951067819411e-05,0.1069479480633853,0.1063903860986898,0.0448798552019126,1.0,341.974674103406,384.8728319013278,81.2366607200113,78.19372975478734,22934.795473666953,244.0,9274.0,11.69721830816087,7.0,40.7895,0.008206,416.512,347.8607,347.2101,87.5,89.6242,19542.8069,1.0,25238.0625,25274.0,26105.0
141,126.034061126497,200.12798980680984,454.3124254294304,186.03413306532175,0.9885583046246998,341.974674103406,389.0431432923305,364.17900011334194,399.9432847042788,10.900141411948312,0.0280178216732066,81.2366607200113,82.09722515157998,35.19366455078125,82.09722515157998,81.21359883648539,78.19372975478734,81.2366607200113,132.0,0.6235294117647059,22934.795473666953,22570.5,364.2954736669526,9305.0,9579.0,448.0,0.0467689737968472,1,0,2.0,0.9418604651162792,3.6963604204259206,3.6010818384786205,0.6235294117647059,0.0,4.0,0.0,4.0,40.0,52.0,244.0,0.9529411764705882,64,10.1117426122983,0.0,131,385.4968699138587,22940.90446355408,0.00317850080034,0.9767496074988784,420.4172446456188,341.9944612110107,0.0746261047872438,5.785797680635252e-05,0.1069771665359973,0.0834425865382389,0.0448372264036595,1.0,341.97653237425345,384.8728319013278,81.23711777856283,78.19471778314974,22940.90446355408,244.0,9280.0,12.416830883086448,7.05,40.9023,0.009286,416.512,347.8607,347.2101,87.5,89.6242,19542.8069,1.0,25233.3301,25274.0,26105.0
142,126.03811407672367,200.46109887677275,453.3665170014039,186.04918564185465,0.9884783969943644,341.98113550365923,383.00735909528834,369.5386044550241,394.7045774034492,11.69721830816087,0.0305404531541931,81.23825020739615,82.09732014776611,35.19366455078125,82.09732014776611,81.21494303732129,78.21820415486395,81.23825020739615,132.0,0.6235294117647059,22933.98682566502,22637.5,296.48682566501884,9306.0,9582.0,448.0,0.0467543310373617,1,0,2.0,0.9418604651162792,3.668222386169809,3.606453995687738,0.6235294117647059,0.0,4.0,0.0,4.0,40.0,52.0,244.0,0.9529411764705882,64,11.283094417734535,0.0,129,385.4968699138587,22940.90446355408,0.3331337252472326,0.9460281889414356,420.4172446456188,341.9944612110107,0.0889827570747348,3.896468762754069e-05,0.1069426395808787,0.0834425865382389,0.044887601809344,1.0,341.97653237425345,385.4968699138587,81.2380057798899,78.21719795719298,22940.90446355408,244.0,9280.0,12.416830883086448,7.1,41.015,0.010446,414.5146,344.889,344.2752,88.5,89.6458,19690.144,1.007539,25228.25,25136.0,25956.0
143,126.0368725812214,200.46006016052627,454.2459643138848,186.03525028202353,0.9886285535770072,341.97653237425345,385.4968699138587,369.54181385681534,395.87201569521613,10.375145781357446,0.0269136965591337,81.23711777856283,82.09725437106954,35.19366455078125,82.09725437106954,81.22555172477732,78.21719795719298,81.23711777856283,132.0,0.6235294117647059,22941.78844427908,22650.5,291.2884442790819,9330.0,9603.0,448.0,0.0466520878892012,1,0,2.0,0.9418604651162792,3.6883047380655167,3.599186964045505,0.6235294117647059,0.0,4.0,0.0,4.0,40.0,52.0,244.0,0.9529411764705882,67,10.214268086002576,0.0,130,387.61938447354447,22941.78844427908,0.0016187163194651,0.8795577125371224,420.4172446456188,341.9944612110107,0.0830612330405129,5.242434831764786e-05,0.1069672367326059,0.0638776831377471,0.0448517118976461,1.0,341.9801420702651,387.61938447354447,81.23825020739615,78.21820415486395,22941.78844427908,244.0,9280.0,12.416830883086448,7.15,41.1278,0.011685,414.5146,344.882,344.2691,88.0,89.6463,19589.2465,1.002376,25222.8184,25134.0,25951.0
144,126.03646588155311,200.39720053520048,453.2780093412721,186.03295761876225,0.988077370256844,341.98274776817937,392.9591794001936,632.5727055780084,402.539566618712,9.58038721851841,0.0243801079622106,81.23864692984836,82.14407865879929,35.19366455078125,82.14407865879929,81.22696249658678,78.21855647819467,81.23864692984836,132.0,0.6235294117647059,22942.605161004933,8947.5,13995.105161004933,9179.0,9461.0,446.0,0.0471408941972307,1,0,2.0,0.94049008168028,3.621150849153428,3.7173731131317833,0.6235294117647059,0.0,4.0,0.0,4.0,40.0,52.0,244.0,0.9529411764705882,61,11.431381152661048,0.0,133,389.0431432923305,22941.887423036824,0.0628609409786258,0.9679576877687212,420.4172446456188,341.9944612110107,0.0653114628268171,3.4250387535017524e-05,0.1069340243299201,0.0507537666830723,0.04490017507961,1.0,341.9801420702651,387.61938447354447,81.23864692984836,78.21855647819467,22941.887423036824,244.0,9305.0,12.416830883086448,7.2,41.2406,0.013007,414.5146,344.8885,344.2772,87.5,89.6465,19597.1417,1.00278,25217.0234,25131.0,25950.0
145,126.03714605177048,200.39723603159337,453.4759378183669,186.06042851021897,0.98843714256005,341.98880772488496,384.8728319013278,632.5820405501253,395.352597504167,10.479765602839224,0.027229164373769,81.24013847816637,82.19181855364853,35.19366455078125,82.19181855364853,81.22833719304104,78.71932286795717,81.24013847816637,140.0,0.6235294117647059,22941.9934345637,9044.0,13897.9934345637,9339.0,9617.0,446.0,0.0463762087969221,1,0,2.0,0.94049008168028,3.594340782354727,3.642048567461406,0.6235294117647059,0.0,4.0,0.0,4.0,40.0,52.0,244.0,0.9529411764705882,65,11.314308988728888,0.0,130,390.5946729507358,22941.9934345637,0.0006810958218162,0.1998257539019964,420.4172446456188,341.9944612110107,0.0845455632398055,1.6530928909408438e-05,0.1069016425171558,0.0364520848636594,0.044947446515882,1.0,341.9801420702651,389.0431432923305,81.24013847816637,78.71500964263745,22941.9934345637,244.0,9305.0,13.731314997598588,7.25,41.3534,0.014413,414.5145,347.8757,347.2553,87.0,89.6491,19578.3728,1.00182,25210.8633,25135.0,25951.0
146,126.03821907153883,200.4740708035578,453.1283435945584,186.06740404036424,0.9885845224455786,341.9828781070755,390.5946729507358,632.5707448536414,407.15207803696313,16.557405086227334,0.0423902480828653,81.52432670416088,82.19083800528168,35.150390625,82.51807208616718,81.22699207222036,78.74141218507577,81.52432670416088,140.0,0.6,22956.221337388153,9030.5,13925.721337388151,9327.0,9601.0,444.0,0.046245182793459,1,0,2.0,0.9380116959064329,3.77238417661047,3.6071088430418974,0.6,0.0,4.0,0.0,4.0,40.0,52.0,244.0,0.9529411764705882,65,12.441813622194804,0.0235294117647059,132,390.5946729507358,22942.605161004933,0.0768422641145698,0.3476642093253511,420.4172446456188,341.9944612110107,0.0709356527942169,3.386927347925894e-05,0.1069333278546916,0.0364520848636594,0.0539541849849632,1.0,341.98006003551774,389.0431432923305,81.52432670416088,78.71932286795717,22942.605161004933,244.0,9306.0,14.788761165810058,7.3,41.4662,0.015903,414.515,347.885,347.2678,87.0,89.6372,19631.4449,1.004536,25204.3262,25143.0,25958.0
147,126.04432670204632,200.46126172082376,453.307548357371,186.03637575029165,0.988109243697479,341.96891448878546,392.0092358870253,634.6268208814446,408.5645298524805,16.555293965455235,0.0422318977459663,82.20221588033371,82.23420003802039,37.150390625,82.73680823023949,81.22382153357118,78.71500964263745,82.20221588033371,140.0,0.6235294117647059,22940.64973523064,8949.0,13991.64973523064,9237.0,9520.0,443.0,0.0465336134453781,1,0,2.0,0.936768149882904,3.9353733228555337,3.60457405955068,0.6235294117647059,0.0,4.0,0.0,4.0,40.0,52.0,244.0,0.9529411764705882,60,11.885363536920082,0.0235294117647059,132,392.0092358870253,22946.802262130015,0.0141906924039513,0.1818711131530681,420.4172446456188,341.9944612110107,0.0675709883940165,7.469922797798123e-05,0.107007943449315,0.0234129341656699,0.0754384336706475,1.0,341.98006003551774,386.8285640561499,82.20221588033371,78.74141218507577,22946.802262130015,244.0,9320.0,14.788761165810058,7.35,41.5789,0.01748,414.5157,347.8752,347.2126,87.0,89.6233,19569.3545,1.001358,25197.4102,25152.0,25967.0
148,126.03447469390372,200.46450244595275,453.85961331161167,186.03161340754565,0.9884937904681032,341.9944612110107,401.9366686529085,322.81209132800626,421.4462866371931,19.509617984284603,0.048539034892415,82.20704228979301,82.2403948319716,36.39984130859375,82.81215269789021,81.24153057087176,78.7443699181222,82.20704228979301,140.0,0.6235294117647059,22946.802262130015,22642.0,304.80226213001515,9150.0,9421.0,439.0,0.0465980256872943,1,0,1.9411764705882353,0.935064935064935,3.9055732166442914,3.6512873041166727,0.6235294117647059,0.0,4.0,0.0,4.0,40.0,52.0,244.0,0.9529411764705882,55,11.060824605330442,0.0,136,390.5946729507358,22956.221337388153,0.0103713241104419,0.5520854948367971,420.4172446456188,341.9944612110107,0.0439577020878105,0.0,0.1068714327090529,0.0364520848636594,0.0755913964036829,1.0,341.9779587580471,390.5946729507358,82.20704228979301,78.7443699181222,22956.221337388153,244.0,9327.0,14.788761165810058,7.4,41.6917,0.019145,414.5155,344.8699,344.2296,87.5,89.6726,19612.4188,1.003562,25190.1094,25179.0,25990.5
149,126.0223280869186,200.6683800113609,453.1488652507427,186.0446837118425,0.9885761934542422,341.95192131653545,386.342224178906,371.2534814295297,401.2740051266614,14.931780947755383,0.0386491043775759,82.24173969381366,82.24173969381366,36.39984130859375,82.86683792732066,81.84777543721049,79.12499867784365,82.24173969381366,140.0,0.6,22966.61993557976,22659.0,307.619935579758,9320.0,9594.0,439.0,0.0457577652699603,1,0,1.9411764705882353,0.9418052256532068,3.6973439142440654,3.5930480364743667,0.6,0.0,4.0,0.0,4.0,40.0,52.0,244.0,0.9529411764705882,54,11.729455573956637,0.0235294117647059,131,390.5946729507358,22966.61993557976,0.2042390798500889,0.7108682289168841,420.4172446456188,341.9944612110107,0.0810504823498273,0.0001243876708546,0.107098747682547,0.0364520848636594,0.0766910564704446,1.0,341.98006003551774,390.5946729507358,82.23566167457469,79.12499867784365,22966.61993557976,244.0,9327.0,14.876706414602438,7.45,41.8045,0.020899,414.5153,347.873,347.2402,87.0,89.8387,19636.6415,1.004801,25182.4121,25196.0,26007.0
150,126.03594486224551,200.46375057699697,453.60630248206377,186.0317029443489,0.988866715681126,341.98006003551774,394.4485201765106,312.12005934045686,409.3252265911131,14.876706414602438,0.0377152040219223,82.23690238467239,82.23690238467239,35.150390625,82.88835390151782,82.12057175666426,79.62327978635179,82.23690238467239,140.0,0.6,22983.74576431197,22658.5,325.24576431197056,9256.0,9521.0,437.0,0.0458985400693204,1,0,1.9411764705882353,0.9404052443384984,3.731328537847697,3.5773836703695463,0.6,0.0,4.0,0.0,4.0,40.0,52.0,244.0,0.9529411764705882,60,11.630660961631683,0.0,133,392.0092358870253,22980.5951414928,0.2050819884300435,0.4576213728874764,420.4172446456188,341.9944612110107,0.0617689326492728,4.210938224535887e-05,0.1069483864219345,0.0234129341656699,0.0765377482952835,1.0,341.9779587580471,386.8285640561499,82.23690238467239,79.62327978635179,22980.5951414928,244.0,9339.0,14.876706414602438,7.5,41.9173,0.022744,414.5151,347.8755,347.2562,87.0,89.8391,19557.3678,1.000745,25174.3164,25209.0,26021.0
151,126.03760484742511,200.46058691370249,454.03571898978424,186.02779581218064,0.9892397174906522,341.9749431028234,386.8285640561499,320.4181014587369,401.61732522196,14.788761165810058,0.0382307888816178,82.23566167457469,82.23566167457469,35.150390625,82.88167860550121,82.14337354158519,79.6691085867499,82.23566167457469,140.0,0.6,22996.832458602075,22673.0,323.83245860207535,9369.0,9628.0,437.0,0.0453884503531366,1,0,1.9411764705882353,0.941527446300716,3.821109729414125,3.5734347963453494,0.6,0.0,4.0,0.0,4.0,40.0,52.0,244.0,0.9529411764705882,60,11.562748550248006,0.0,131,386.8285640561499,22980.5951414928,0.0035727183260679,0.4294342822652019,420.4172446456188,341.9944612110107,0.079893679474974,5.707141606381416e-05,0.1069757291183407,0.0711673033680794,0.0764984266403245,1.0,341.9749431028234,386.8285640561499,82.24173969381366,79.6691085867499,22980.5951414928,244.0,9369.0,14.876706414602438,7.55,42.0301,0.024681,414.5153,344.8713,344.2434,88.5,89.8388,19569.0635,1.001344,25165.8164,25213.0,26030.0
152,126.03561259147628,200.4566355155539,454.02400213098935,186.03047771987,0.9894227801214116,341.9779587580471,384.85234444373606,379.7753488005112,395.2209725600442,10.368628116308116,0.0269418343580442,82.49433500736359,83.2353170954304,35.150390625,83.4208065706593,82.22479978017101,80.09942731983597,82.49433500736359,128.0,0.6352941176470588,22993.32767444964,22671.5,321.82767444963974,9462.0,9719.0,435.0,0.0447576911204856,1,0,1.9411764705882353,0.9424460431654677,3.664859479788649,3.5543228364566604,0.6352941176470588,0.0,4.0,0.0,4.0,40.0,56.0,240.0,0.9411764705882352,60,10.59636992260754,0.0352941176470588,130,386.342224178906,22980.5951414928,0.0044252266715,0.0120198755764682,420.4172446456188,341.9944612110107,0.0845942944891838,4.825356792359514e-05,0.1069596147486247,0.0756502844975438,0.084696525098493,1.0,341.9738873810295,386.8285640561499,82.49362923197494,80.09942731983597,22980.5951414928,240.0,9369.0,14.788761165810058,7.6,42.1429,0.026711,414.5154,344.8742,344.2565,87.5,90.8794,19566.2692,1.001201,25156.9023,25223.0,26037.0
153,126.0802009592911,200.25778240618584,453.93931246977496,186.01453915183757,0.9894080996884737,341.9738873810295,412.0917891367762,311.1737435591432,423.2741523040741,11.182363167297863,0.027135612652516,82.49362923197494,83.23434417428362,35.150390625,83.41860201323048,82.2238895899985,80.12236761688905,82.49362923197494,132.0,0.6352941176470588,22982.649919606734,22664.0,318.64991960673797,9375.0,9630.0,431.0,0.0447559709241952,1,0,1.9411764705882353,0.9396135265700484,3.8562042992600474,3.577899558706058,0.6352941176470588,0.0,4.0,0.0,4.0,40.0,56.0,240.0,0.9411764705882352,62,10.572077766833926,0.0,139,385.8300998582488,22980.5951414928,0.203790779108711,0.0861764275630599,420.4172446456188,341.9944612110107,0.0198028401900125,6.015837188799722e-05,0.1069813704433734,0.0803709413321349,0.0846741570558998,1.0,341.9738873810295,386.8285640561499,82.49433500736359,80.12236761688905,22980.5951414928,240.0,9369.0,12.300024065216007,7.65,42.2556,0.028837,414.5155,344.8727,344.2406,88.0,90.9209,19524.1997,0.999048,25147.5703,25220.0,26049.0
154,126.07200383372384,200.26036539651057,453.5449089447298,186.01556378591513,0.9897971727105102,341.9870567669618,385.8300998582488,325.98482188704423,404.72761423384753,18.89751437559869,0.0489788494535327,83.23749067967263,83.23749067967263,35.150390625,83.95396532992247,82.22683168896566,80.1466768394603,83.23749067967263,132.0,0.611764705882353,22980.722357434726,22672.5,308.2223574347263,9513.0,9762.0,430.0,0.0440483507477975,1,0,1.9411764705882353,0.9394673123486684,3.7223394166985457,3.5875662996568014,0.611764705882353,0.0,4.0,0.0,4.0,40.0,56.0,240.0,0.9411764705882352,66,11.378877513495947,0.0235294117647058,130,385.8300998582488,22980.5951414928,0.0085944578993214,0.3944048560084469,420.4172446456188,341.9944612110107,0.0822686158283645,2.1650771836023708e-05,0.1069109988862488,0.0803709413321349,0.1082492558947048,1.0,341.968257335695,386.8285640561499,83.23749067967263,80.1466768394603,22980.5951414928,240.0,9369.0,11.182363167297863,7.7,42.3684,0.031059,412.5182,344.8577,344.2014,88.0,90.92,19537.9963,0.999754,25137.8086,25095.0,25914.0
155,126.06445044798708,200.4723682659207,453.7747952147613,185.9973402855926,0.989330024813896,341.9596373611223,383.8717048264437,361.1901205976799,396.17172889165965,12.300024065216007,0.0320420179725856,83.24258535951164,83.9976097779236,34.756591796875,83.9976097779236,82.91974682306947,80.17301751324077,83.24258535951164,112.0,0.6235294117647059,22980.5951414928,22659.0,321.5951414927986,9414.0,9672.0,429.0,0.0443548387096774,1,0,1.9411764705882353,0.9381818181818182,3.7266480697029714,3.6524899352411664,0.6235294117647059,0.0,4.0,0.0,4.0,44.0,56.0,236.0,0.9529411764705882,60,11.540029835536869,0.0117647058823529,130,385.8300998582488,22980.5951414928,0.2121373853761468,0.230607443750142,420.4172446456188,341.9944612110107,0.0869268334841506,0.0001018257715784,0.1070575164455545,0.0803709413321349,0.10841072088409,1.0,341.968257335695,390.11079930388433,83.24073181790328,80.1720080766,22980.5951414928,236.0,9369.0,10.368628116308116,7.75,42.4812,0.03338,412.5182,344.865,344.228,87.0,90.92,19529.5276,0.999321,25127.6133,25099.0,25917.0
156,126.06675036427757,200.26955049058384,453.3452336202186,186.0178093277995,0.9891299855342012,341.9524952314159,380.7836808062892,361.6584345094216,389.99618640767784,9.212505601388614,0.0241935410201446,83.24073181790328,84.04703646756397,34.756591796875,84.04703646756397,83.13243018584973,80.1720080766,83.24073181790328,108.0,0.6235294117647059,22971.89158662986,22649.5,322.3915866298594,9415.0,9678.0,428.0,0.0442240132258731,1,0,1.9411764705882353,0.9368932038834952,3.595308808797275,3.61633748326455,0.6235294117647059,0.0,4.0,0.0,4.0,44.0,56.0,236.0,0.9529411764705882,58,11.680378859105032,0.0,129,390.11079930388433,22974.666082169933,0.2028308152316451,0.4300490032483253,420.4172446456188,341.9944612110107,0.0942719746730127,0.000122709529991,0.1070956809272705,0.0409123327877509,0.1083519768441158,1.0,341.96536443911316,390.11079930388433,83.24112133703143,80.17301751324077,22974.666082169933,236.0,9369.0,9.212505601388614,7.8,42.594,0.035801,412.518,344.8737,344.2527,87.0,90.9201,19527.1308,0.999198,25116.9746,25110.0,25919.0
157,126.0660985852516,200.2653358063363,453.9678638513661,186.0135433812693,0.9888725593113584,341.9602709609269,391.52693645190664,320.96090613756303,398.14655698531345,6.619620533406817,0.0169071905841143,83.24274989737093,84.04630543092473,35.96893310546875,84.04630543092473,83.16953024864347,80.19751300773822,83.24274989737093,108.0,0.6235294117647059,22944.862246037832,22643.5,301.36224603783194,9261.0,9526.0,422.0,0.04429981104346,1,0,1.8823529411764703,0.942998760842627,3.840841454738075,3.685628037105377,0.6235294117647059,0.0,4.0,0.0,4.0,44.0,56.0,236.0,0.9529411764705882,56,10.441596547967707,0.0,132,390.11079930388433,22971.89158662986,0.0042647836058595,0.6226448450268808,420.4172446456188,341.9944612110107,0.0687181807160755,9.997311056653135e-05,0.1070541307596105,0.0409123327877509,0.1084159355598976,1.0,341.9602709609269,391.1520263191143,83.24258535951164,80.19635338962719,22971.89158662986,236.0,9287.0,9.074733714995771,7.85,42.7068,0.038325,412.5182,344.8716,344.2442,89.5,90.92,19606.4618,1.003257,25105.8828,25118.0,25923.0
158,126.0655113825684,200.47060829200137,453.9226322938839,186.01690476248737,0.9889842931937172,341.9539968214615,390.11079930388433,319.59367971410575,396.8034899713651,6.692690667480747,0.0171558713048272,83.24112133703143,84.0951635763029,35.19366455078125,84.0951635763029,83.16872515259296,80.19635338962719,83.24112133703143,108.0,0.6235294117647059,22954.366829221843,22669.5,284.86682922184264,9287.0,9550.0,421.0,0.0440837696335078,1,0,1.8823529411764703,0.945273631840796,3.916543255684177,3.641046329087735,0.6235294117647059,0.0,4.0,0.0,4.0,44.0,56.0,236.0,0.9529411764705882,55,10.78587635118552,0.0,132,391.1520263191143,22963.008900678353,0.2052733255396153,0.0453562859585734,420.4172446456188,341.9944612110107,0.0720865895196106,0.0001183188447143,0.1070876570732949,0.0313145159539418,0.1083643218204204,1.0,341.9596373611223,391.52693645190664,83.24274989737093,80.19751300773822,22963.008900678353,236.0,9261.0,8.672445335445673,7.9,42.8195,0.040962,412.5181,344.8711,344.243,89.5,90.9201,19529.9911,0.999344,25094.293,25119.0,25927.0
159,126.06420362613731,200.47032476547665,453.61773176746624,186.01843539592997,0.988912579957356,341.968257335695,391.1520263191143,625.3362609053491,400.2267600341101,9.074733714995771,0.0232000171401191,83.24482538247501,84.14454756530002,34.756591796875,84.14454756530002,83.17053736911086,80.64884252971308,83.24482538247501,112.0,0.6235294117647059,22963.008900678353,8919.5,14043.508900678353,9120.0,9380.0,421.0,0.0448827292110874,1,0,1.8823529411764703,0.946450809464508,3.6811307110640694,3.7760757875273456,0.6235294117647059,0.0,8.0,0.0,8.0,44.0,52.0,236.0,0.9529411764705882,50,10.677181207682018,0.0,132,391.52693645190664,22954.366829221843,0.0013381383236573,0.3049043683657336,420.4172446456188,341.9944612110107,0.0696099379823796,7.662075936221147e-05,0.1070114549939293,0.0278586713292374,0.1084817136246417,1.0,341.9539968214615,391.1520263191143,83.24482538247501,80.64884252971308,22954.366829221843,236.0,9199.0,8.672445335445673,7.95,42.9323,0.043734,412.5179,344.8653,344.2211,89.5,91.1244,19535.5993,0.999631,25082.1113,25124.0,25934.0
160,126.06405782458236,200.4676386079312,453.4689460615343,186.00897475137376,0.9889387144992526,341.96536443911316,420.4172446456188,335.559089354479,414.0734241414883,6.343820504130463,0.0150893441811071,83.4550309687953,84.19359341222369,34.756591796875,84.43992117884503,83.2440732501637,80.67321063171664,83.4550309687953,112.0,0.6235294117647059,22974.666082169933,22670.0,304.66608216993336,9107.0,9366.0,416.0,0.0444159726670937,1,0,2.0,0.9555273189326556,3.616919333338601,3.764004529579685,0.6235294117647059,0.0,8.0,0.0,8.0,44.0,52.0,236.0,0.9529411764705882,51,10.806660333309008,0.0,142,392.2355698312015,22948.967397598848,0.0026901116059295,0.1490861834144163,420.4172446456188,341.9944612110107,0.0,8.507965829174235e-05,0.1070269133940484,0.0213266343408456,0.1151437304414933,1.0,341.9524952314159,391.1520263191143,83.4550309687953,80.67321063171664,22948.967397598848,236.0,9166.0,8.672445335445673,8.0,43.0451,0.046662,412.5181,344.8695,344.2218,89.5,91.1652,19565.8464,1.001179,25069.25,25123.0,25939.0
161,126.05263640319136,200.27918040538972,449.6503156515173,186.06873133572813,0.985899496410586,337.96576599046745,405.0439310093382,333.79036261605194,402.840706085812,2.2032249235262498,0.0054394715112407,84.13421267533565,84.24174028637124,34.756591796875,84.73050215471486,83.24293544138874,82.24413059640622,84.13421267533565,116.0,0.6428571428571429,22916.77573193135,22604.5,312.2757319313496,9004.0,9333.0,483.0,0.0517518482802957,1,0,2.0,0.9190325972660356,3.24606845055579,3.878512886431383,0.6428571428571429,0.0,4.0,0.0,4.0,44.0,52.0,236.0,0.9642857142857144,53,11.081333176631258,0.019327731092437,137,392.2355698312015,22948.967397598848,0.1888039802857897,3.819097937691631,420.4172446456188,341.9944612110107,0.0365668007962878,0.0117800013669154,0.1283990542175381,0.0213266343408456,0.1366689431148406,1.0,337.9854137657296,391.1520263191143,84.13421267533565,82.2371464580603,22948.967397598848,236.0,9166.0,8.672445335445673,8.05,43.1579,0.049758,410.5207,341.8848,341.2818,90.0,91.1603,19677.7201,1.006903,25055.6523,25013.0,25817.0
162,126.0699925776054,200.2762841680408,450.13664692597064,186.01923209965884,0.9865532093707322,337.9854137657296,392.2355698312015,335.5515106187899,400.90801516664715,8.672445335445673,0.0221102980007087,84.2070074261222,84.23497287107514,33.98748779296875,84.79428177013409,83.96061570989913,82.2371464580603,84.2070074261222,116.0,0.6190476190476191,22919.399652983608,22624.0,295.39965298360767,9199.0,9519.0,479.0,0.050320411807963,1,0,2.0,0.9135021097046412,3.6124936407610257,3.702422110115368,0.6190476190476191,0.0,4.0,0.0,4.0,44.0,52.0,236.0,0.9642857142857144,61,10.927771566917324,0.0238095238095238,132,392.2355698312015,22948.075347169022,0.0175961638169123,0.4888438225884095,420.4172446456188,341.9944612110107,0.0670326328744492,0.0117225508012174,0.1282940649229469,0.0213266343408456,0.1389760171674761,1.0,337.9696458692104,391.52693645190664,84.2070074261222,82.24381695061288,22948.075347169022,236.0,9132.0,6.692690667480747,8.1,43.2707,0.053021,410.5208,341.88,341.268,90.0,91.1595,19668.4263,1.006428,25041.3203,25001.0,25808.0
163,126.10034742891015,200.28736096043585,449.1369994972306,186.02895357912473,0.9867918556809788,337.9645575303107,393.3561220392452,349.7428074544177,396.28009523723085,2.9239731979856742,0.0074333994926204,84.21217408184125,85.24024685989926,35.19366455078125,85.33778955421883,84.14389419581755,82.24381695061288,84.21217408184125,88.0,0.6428571428571429,22913.561259658814,22612.5,301.061259658818,9166.0,9479.0,472.0,0.0497942820972676,1,0,1.9444444444444444,0.9063829787234042,3.755202919192995,3.697830804220432,0.6428571428571429,0.0,4.0,0.0,4.0,44.0,52.0,236.0,0.9642857142857144,62,12.002163050433976,0.0238095238095238,133,392.2355698312015,22948.967397598848,0.032312727020437,0.9996946978701018,420.4172446456188,341.9944612110107,0.0643672992747578,0.0117835349333729,0.1284055117109543,0.0213266343408456,0.1391397632785559,1.0,337.9696458692104,391.1520263191143,84.21217408184125,82.24413059640622,22948.967397598848,236.0,9132.0,8.672445335445673,8.15,43.3835,0.056451,410.521,341.8806,341.2722,90.0,91.1582,19674.4677,1.006737,25026.2598,24999.0,25808.5
164,126.09821175477784,200.28495461735517,449.3923589123447,186.03817591132417,0.9868262204807794,337.9696458692104,371.0408971588236,347.9382214437739,382.080639581874,11.03974242305037,0.029753438253263,84.58317171059886,85.24150262342475,35.19366455078125,85.43836258318534,84.19349942532175,82.24513799893614,84.58317171059886,92.0,0.6428571428571429,22948.967397598848,22635.0,313.96739759884804,9132.0,9443.0,472.0,0.0499841152176215,1,0,1.9444444444444444,0.915236051502146,3.7981990163914383,3.76906255220729,0.6428571428571429,0.0,4.0,0.0,4.0,44.0,52.0,236.0,0.9642857142857144,56,11.264402540296771,0.0,125,392.2355698312015,22948.075347169022,0.0032173888514427,0.2555258935971589,420.4172446456188,341.9944612110107,0.1174460565441739,0.0117686565084952,0.1283783218075381,0.0213266343408456,0.1508977402432088,1.0,337.9696458692104,391.1520263191143,84.58290898523308,82.24513799893614,22948.075347169022,236.0,9121.0,8.672445335445673,8.2,43.4962,0.060046,410.5206,341.878,341.2454,89.5,91.1606,19539.383,0.999825,25010.4727,25010.0,25813.0
165,126.09452385675192,200.28531181007097,450.2361015044549,186.0431858615088,0.987221396731055,337.9678250274209,375.725237109795,321.8966802040625,385.8728564748449,10.147619365049934,0.0270080855976267,84.58290898523308,85.24105329508482,35.19366455078125,85.4372755593117,84.23244613090067,83.09629449496907,84.58290898523308,92.0,0.6428571428571429,22936.27592254215,22636.0,300.27592254215415,9121.0,9422.0,470.0,0.0498832519634897,1,0,1.9444444444444444,0.9138858988159312,3.715813425056136,3.8386807368844473,0.6428571428571429,0.0,4.0,0.0,4.0,44.0,52.0,236.0,0.9642857142857144,58,10.872536289728073,0.0,127,385.29334641537855,22941.822110968875,0.0037051556628262,0.8437574659471484,420.4172446456188,341.9944612110107,0.1063039352096413,0.0117739806935217,0.1283880516060773,0.0853186243582496,0.1508894137242246,1.0,337.9680392300727,387.1538720733702,84.58317171059886,83.09629449496907,22941.822110968875,236.0,9132.0,8.672445335445673,8.25,43.609,0.063806,410.5206,341.8825,341.2658,89.5,91.1604,19566.6864,1.001222,24993.9668,25019.0,25816.0
166,126.092510738748,200.29945168319315,449.4754127515952,186.05246577950172,0.9877589257832832,337.9619043810892,378.9945890487986,365.5096078255079,394.6138283885604,15.619239339761805,0.0412123016820979,85.23959194118966,85.23959194118966,35.19366455078125,85.89861699852429,84.92332620570706,83.14486509382283,85.23959194118966,92.0,0.6190476190476191,22962.795574240383,22651.5,311.2955742403865,9313.0,9607.0,465.0,0.0484022067242635,1,0,1.9444444444444444,0.915032679738562,3.52743586219262,3.755558500105723,0.6190476190476191,0.0,4.0,0.0,4.0,44.0,52.0,236.0,0.9642857142857144,58,12.221379785808224,0.0238095238095238,128,385.29334641537855,22941.822110968875,0.014282459732463,0.7607453552964665,420.4172446456188,341.9944612110107,0.09852748935581,0.0117912928052755,0.128419689003879,0.0853186243582496,0.1717015765810993,1.0,337.9678250274209,385.29334641537855,85.23959194118966,83.14486509382283,22941.822110968875,236.0,9139.0,10.147619365049934,8.3,43.7218,0.067728,408.5241,341.8865,341.2956,89.5,91.1504,19362.8421,0.990791,24976.7461,24962.0,25741.0
167,126.1011429308861,200.3263628320233,450.12241874057463,186.02833143596564,0.9865743207245604,337.9680392300727,412.8264175920869,334.3549499784844,415.9059270187631,3.079509426676225,0.0074595745219945,85.24110615621024,85.99452987986317,35.150390625,85.99452987986317,85.13314273671818,83.14536732985684,85.24110615621024,64.0,0.6309523809523809,22948.075347169022,22643.5,304.5753471690223,9070.0,9385.0,461.0,0.049120937666489,1,0,1.9444444444444444,0.9102844638949672,3.6069275084799473,3.868798613345384,0.6309523809523809,0.0,4.0,0.0,4.0,48.0,56.0,228.0,0.9642857142857144,49,11.039101345963385,0.0119047619047618,139,378.9945890487986,22946.61643349366,0.028261717436628,0.6474559570451138,420.4172446456188,341.9944612110107,0.0180554607362274,0.0117733543598347,0.1283869069988628,0.1433792764550323,0.1717495663900668,1.0,337.9678250274209,380.82916300064034,85.24088667553917,83.14536732985684,22946.61643349366,232.0,9144.0,11.03974242305037,8.35,43.8346,0.071811,408.5248,338.8841,338.2684,89.5,91.3325,19510.6656,0.998355,24958.8203,24933.0,25722.5
168,126.0983033811258,200.3179889343033,450.1134628982528,186.01297847936976,0.987170530327088,337.97334935353894,385.29334641537855,332.94990834857,397.2930388613573,11.999692445978724,0.0311443022767438,85.24241638417898,86.04302204857314,35.150390625,86.04302204857314,85.13342486601331,83.19533066289476,85.24241638417898,64.0,0.6309523809523809,22965.624981763664,22645.5,320.1249817636635,9144.0,9447.0,457.0,0.0483751455488514,1,0,1.8888888888888888,0.9094922737306844,3.4630460625196138,3.906248634578162,0.6309523809523809,0.0,4.0,0.0,4.0,48.0,56.0,228.0,0.9642857142857144,49,11.64107401856809,0.0,130,378.9945890487986,22948.075347169022,0.0088422398670602,0.0177741494291323,420.4172446456188,341.9944612110107,0.08354533187583,0.0117578274315697,0.1283585319737277,0.1433792764550323,0.1717910912653781,1.0,337.9671498725502,378.9945890487986,85.24110615621024,83.19164785052057,22948.075347169022,228.0,9144.0,11.03974242305037,8.4,43.9474,0.076054,408.5245,338.8866,338.2695,90.0,91.8308,19708.5225,1.00848,24940.1914,24938.0,25729.5
169,126.090760368058,200.54104857336344,450.3510238710483,186.0233320791899,0.9874840357598978,337.9793748951846,387.1538720733702,330.6587413043334,393.92873044899216,6.774858375621932,0.0174991362977715,85.24390263340922,86.0924080416865,35.150390625,86.0924080416865,85.23388664643987,83.19633227292763,85.24390263340922,64.0,0.6309523809523809,22939.909126068727,22649.0,290.90912606872735,9102.0,9396.0,453.0,0.0482120051085568,1,0,1.8888888888888888,0.92638731596829,3.81894487978028,3.952562547593395,0.6309523809523809,0.0,4.0,0.0,4.0,44.0,56.0,232.0,0.9523809523809524,54,10.435004044036054,0.0,131,380.82916300064034,22948.967397598848,0.2231871403638362,0.2377864857908956,420.4172446456188,341.9944612110107,0.0791199052747876,0.011740208603404,0.1283263340603015,0.1264685504555107,0.171838194758388,1.0,337.9678250274209,378.9022675343408,85.24241638417898,83.19429214579839,22948.967397598848,228.0,9144.0,11.979469863900931,8.45,44.0602,0.080455,408.5245,338.8729,338.2469,89.0,91.8308,19559.2474,1.000841,24920.875,24941.0,25744.0
170,126.09897835883169,200.39523809079984,449.6783709251531,186.0246094232985,0.9883422124725793,337.9671498725502,378.69472155881937,322.8266293449609,390.6741914227203,11.979469863900931,0.0316335802479366,85.24088667553917,86.14169233206842,35.150390625,86.14169233206842,85.23108734687187,83.19429214579839,85.24088667553917,68.0,0.6309523809523809,22941.822110968875,22643.0,298.82211096887477,9294.0,9573.0,449.0,0.0469027473101431,1,0,2.0,0.9386574074074074,3.5931493989902887,3.777442797502734,0.6309523809523809,0.0,4.0,0.0,4.0,48.0,56.0,228.0,0.9642857142857144,55,11.563098389887832,0.0,128,380.82916300064034,22962.795574240383,0.1460418850802306,0.6726541587097148,420.4172446456188,341.9944612110107,0.0992407509876729,0.0117759548625427,0.1283916593444939,0.1264685504555107,0.1717426104192613,1.0,337.9678250274209,378.9945890487986,85.24390263340922,83.19533066289476,22962.795574240383,228.0,9188.0,11.999692445978724,8.5,44.1729,0.085012,408.5247,338.8761,338.2373,89.5,92.1296,19422.9968,0.993869,24900.8711,24949.0,25757.0
171,126.10317987073763,200.36017350737816,449.4409135679945,186.02233619224128,0.9878620689655172,337.95156364772583,370.51010818902665,291.64227082695965,382.9371729478973,12.427064758870642,0.033540420312988,86.13104164264536,86.23590192641618,34.756591796875,86.42655698781768,85.22750573649769,83.19164785052057,86.13104164264536,88.0,0.6428571428571429,22946.61643349366,22640.0,306.6164334936584,9139.0,9425.0,446.0,0.0473209549071618,1,0,2.0,0.94049008168028,3.5911373769102166,3.664078028147122,0.6428571428571429,4.0,4.0,4.0,4.0,44.0,56.0,228.0,0.9642857142857144,50,11.617333790743189,0.0119047619047619,125,378.9022675343408,22965.624981763664,0.0353154033366667,0.2374682379775763,420.4172446456188,341.9944612110107,0.1187085855592346,0.0118215293574311,0.1284749454533695,0.144230277219155,0.1999541697040354,1.0,337.9671498725502,378.9945890487986,86.13104164264536,83.19633227292763,22965.624981763664,228.0,9222.0,12.036138524685953,8.55,44.2857,0.089722,406.5274,338.9073,338.3299,89.5,92.2588,19233.7027,0.984183,24880.1895,24859.0,25658.0
172,126.09243417671938,200.35395322754175,449.081965975678,186.008443353235,0.9882947368421052,337.9518433083974,380.82916300064034,306.5128385024527,394.554881457457,13.72571845681665,0.0360416685231471,86.20735753918485,86.23596988110415,34.756591796875,86.9010215419531,86.13105796073337,84.19055801142363,86.20735753918485,88.0,0.6190476190476191,22976.498032348973,22659.5,316.99803234897263,9222.0,9500.0,442.0,0.0465263157894736,1,0,2.0,0.9377203290246768,3.777180986255056,3.628309083781348,0.6190476190476191,4.0,4.0,4.0,4.0,44.0,56.0,228.0,0.9642857142857144,57,11.988731726753246,0.0238095238095238,129,378.9022675343408,22965.624981763664,0.0124161918951497,0.3592163484663028,420.4172446456188,341.9944612110107,0.0941637912078233,0.0118207116229259,0.1284734510665375,0.144230277219155,0.202372838946082,1.0,337.9671498725502,380.82916300064034,86.20735753918485,84.19055801142363,22965.624981763664,228.0,9188.0,12.036138524685953,8.6,44.3985,0.094584,406.5274,338.9108,338.3407,88.5,92.3447,19421.3324,0.993784,24858.8438,24864.0,25650.0
173,126.15240506117792,200.4632975323183,450.1311268730652,186.01233385135936,0.9885810953689996,337.94936453244287,378.9022675343408,301.4214681076733,389.16987761616895,10.267610081828138,0.0270983072987219,86.23536748507176,87.23423968619235,34.756591796875,87.3291991686782,86.1404080025859,84.23762308283057,86.23536748507176,64.0,0.6428571428571429,22982.773213733635,22651.5,331.2732137336352,9188.0,9458.0,435.0,0.0459928103193064,1,0,1.9411764705882353,0.9389952153110048,3.942981314167467,3.6433493400886743,0.6428571428571429,4.0,4.0,4.0,4.0,44.0,60.0,224.0,0.9523809523809524,59,11.24311616475624,0.0238095238095238,128,378.69472155881937,22965.624981763664,0.1247104004075411,1.0491681107343298,420.4172446456188,341.9944612110107,0.0987470843311199,0.0118279596232173,0.1284866965834187,0.1461433934066072,0.2032605543194183,1.0,337.9590625995304,378.9022675343408,86.23536748507176,84.23762308283057,22965.624981763664,228.0,9222.0,12.036138524685953,8.65,44.5113,0.099596,406.5276,338.8729,338.2274,89.5,92.8708,19527.2039,0.999202,24836.8398,24870.0,25654.5
174,126.13969637990698,200.25683556530873,449.2224584542779,186.0134509828312,0.9896569485937984,337.97232038450545,374.4239493646367,572.4000385889092,386.46008788932266,12.036138524685953,0.0321457496111297,86.58110908833282,87.23971567440611,34.756591796875,87.43751781347726,86.23104899353264,84.24338595264639,86.58110908833282,64.0,0.6428571428571429,22998.82834004621,9301.0,13697.828340046206,9456.0,9707.0,432.0,0.0445039662099515,1,0,1.9411764705882353,0.937424789410349,3.868391417394584,3.593645132332503,0.6428571428571429,4.0,4.0,4.0,4.0,44.0,60.0,224.0,0.9523809523809524,64,12.243776429601898,0.0,126,378.9022675343408,22946.61643349366,0.2068527360252232,0.9086691054966524,420.4172446456188,341.9944612110107,0.1093991644413898,0.0117608361616814,0.1283640303434688,0.144230277219155,0.2142180955319572,1.0,337.9518433083974,378.69472155881937,86.23536748507176,84.23762308283057,22946.61643349366,224.0,9222.0,12.081819599791118,8.7,44.6241,0.104754,405.5294,335.895,335.3002,91.5,92.8696,19413.3977,0.993378,24814.1875,24806.0,25592.0
175,126.13369955485744,200.21575193434,449.19734034576254,185.99558826472867,0.9889062662913148,337.9730485039327,382.22676884798017,321.3560930757865,396.3365618847366,14.109793036756455,0.0369147170913302,86.58120696099355,87.23988892830513,33.599853515625,87.43794872068537,86.23121255602359,84.24356878031756,86.58120696099355,64.0,0.6428571428571429,22988.954840885865,22689.0,299.95484088586454,9325.0,9591.0,429.0,0.0447294338442289,1,0,1.9411764705882353,0.9381818181818182,3.6513003852940193,3.60810938138488,0.6428571428571429,4.0,4.0,4.0,4.0,44.0,60.0,224.0,0.9523809523809524,57,12.083657404424097,0.0,129,378.9022675343408,22949.82774545825,0.0415189913684296,0.0308220063169225,420.4172446456188,341.9944612110107,0.0908394607595851,0.0117587071230277,0.1283601395851501,0.144230277219155,0.2142211973967702,1.0,337.95156364772583,378.69472155881937,86.58110908833282,84.24338595264639,22949.82774545825,224.0,9294.0,12.427064758870642,8.75,44.7368,0.110057,404.5308,335.9,335.3052,91.5,92.9123,19330.5643,0.98914,24790.8945,24779.0,25560.0
176,126.16668005961652,200.47167284974253,449.4317142961996,185.99377244312467,0.9895424836601308,337.9590625995304,369.9054909981272,321.65988607195715,381.98731059791834,12.081819599791118,0.0326619093087544,87.23655623386736,87.99389596922248,36.3565673828125,87.99389596922248,87.09166031130195,85.09399443204029,87.23655623386736,48.0,0.6309523809523809,23007.19384554196,22713.5,293.6938455419622,9536.0,9792.0,426.0,0.0435049019607843,1,0,1.9411764705882353,0.9377289377289376,3.7159888580885374,3.604812725015675,0.6309523809523809,4.0,4.0,4.0,4.0,44.0,60.0,224.0,0.9523809523809524,53,11.18070567223046,0.0119047619047619,125,375.3752057158467,22949.82774545825,0.2580372621050021,0.234380984406922,420.4172446456188,341.9944612110107,0.1201467215981335,0.0117996022426527,0.1284348742672108,0.1767420088591096,0.2349910920186215,1.0,337.94936453244287,375.3752057158467,86.58120696099355,84.24356878031756,22949.82774545825,224.0,9289.0,13.198030062164603,8.8,44.8496,0.115503,404.5307,335.9,335.3235,91.5,93.1306,19282.76,0.986693,24766.9766,24756.0,25542.5
177,126.13786606883116,200.47154397474392,445.4187375500137,186.0459016333512,0.9866371588154704,333.9846929468344,401.887844774324,291.1431418327408,415.7319371175403,13.844092343216287,0.0344476513117491,87.24146280873734,88.0397811302283,35.19366455078125,88.0397811302283,87.13373406788128,85.24397503698867,87.24146280873734,48.0,0.6385542168674698,22887.599352105834,22622.0,265.59935210583353,9172.0,9489.0,491.0,0.0517441247760564,1,0,1.894736842105263,0.9051987767584098,3.6528923831953777,3.8474685943624927,0.6385542168674698,4.0,4.0,4.0,4.0,44.0,56.0,224.0,0.963855421686747,53,12.04528320071727,0.0076018359150888,136,375.3752057158467,22949.82774545825,0.0288142789905358,4.013315315035962,420.4172446456188,341.9944612110107,0.044073834047682,0.0234207543473466,0.1496722032122663,0.1767420088591096,0.2351465954230226,1.0,333.98770313119417,378.9022675343408,87.23655623386736,85.09399443204029,22949.82774545825,224.0,9325.0,13.198030062164603,8.85,44.9624,0.121088,404.5304,335.9079,335.3373,91.5,93.1324,19568.0052,1.001289,24742.4375,24762.0,25543.5
178,126.1236276151678,200.48511094056195,445.4072558959388,186.0443214894995,0.9871807915352528,333.98770313119417,375.3752057158467,343.52952247893256,387.09170880707165,11.71650309122498,0.0312127783423559,87.2421648752362,88.0897733295939,35.150390625,88.0897733295939,87.22705267820696,85.24470402593612,87.2421648752362,60.0,0.6385542168674698,22920.875458795716,22642.0,278.87545879571553,9514.0,9829.0,484.0,0.0492420388645843,1,0,1.894736842105263,0.9020618556701032,3.4183810537321015,3.7367815040136994,0.6385542168674698,4.0,4.0,4.0,4.0,44.0,52.0,228.0,0.9759036144578314,57,12.015804736652113,0.0,127,375.3752057158467,22940.981230855956,0.0196671330963976,0.0115898763965451,420.4172446456188,341.9944612110107,0.1071365161715458,0.0234119524961439,0.1496561180765039,0.1767420088591096,0.2351688459202802,1.0,333.985164590714,375.8735198106967,87.24146280873734,85.24397503698867,22940.981230855956,224.0,9325.0,12.081819599791118,8.9,45.0752,0.126811,402.5332,332.9042,332.3724,92.0,93.1704,19087.006,0.976677,24717.2891,24691.0,25460.0
179,305.6551635459879,157.16563038895293,459.4978336021856,185.50156840269173,0.9457290132547864,169.85371187381912,158.70366114965833,161.57371462217287,182.43164808822985,23.72798693857152,0.1495112763416082,64.43361747605691,69.6303437067425,30.36895751953125,70.55506617257203,66.19561624739507,56.1087583538651,64.43361747605691,8.0,0.5714285714285714,7229.789331976409,4858.5,2371.289331976409,4695.0,5432.0,803.0,0.1478276877761414,2,0,4.894736842105263,0.95,25.781179045770635,13.793946749498556,0.5714285714285714,4.0,8.0,4.0,8.0,92.0,40.0,24.0,0.7142857142857143,29,184.68391859861697,0.0671256454388984,54,375.3752057158467,22940.981230855956,184.68391859861697,14.101026948737402,420.4172446456188,341.9944612110107,0.6225091544866719,0.5033436761742778,1.0,0.1767420088591096,0.0,1.0,333.9846929468344,375.3752057158467,87.2421648752362,85.24470402593612,22940.981230855956,224.0,9325.0,12.081819599791118,8.95,45.188,0.132669,402.534,332.8993,332.3328,92.0,93.1655,19061.2181,0.975357,24691.541,24682.0,25449.0
180,126.13521501182116,200.4900528204196,445.3192881420101,186.02600086453717,0.9875761015375092,333.985164590714,380.98162816624733,579.390597757386,394.17965822841194,13.198030062164603,0.0346421692974797,88.21022573573426,88.24031464315613,36.39984130859375,88.83787099938613,87.95510329147945,86.19268288707646,88.21022573573426,64.0,0.6265060240963856,22949.82774545825,9250.5,13699.32774545825,9390.0,9691.0,475.0,0.0490145495820864,1,0,1.9444444444444444,0.9226638023630503,3.335850351455205,3.728828670483975,0.6265060240963856,4.0,4.0,4.0,4.0,48.0,56.0,220.0,0.9759036144578314,57,184.67381379267076,0.0550774526678141,129,375.8735198106967,22940.981230855956,184.67381379267076,14.188240933015626,420.4172446456188,341.9944612110107,0.0938011391816546,0.0234193752493404,0.1496696829494091,0.1721486518503892,0.2658494659992699,1.0,333.98441241459375,375.8735198106967,88.21022573573426,86.19268288707646,22940.981230855956,224.0,9305.0,12.081819599791118,9.0,45.3008,0.138659,402.5353,332.8953,332.2949,92.0,93.1572,19213.3318,0.983141,24665.2051,24675.0,25447.5
181,126.21703035262962,200.45100469260757,445.38340970194287,186.0218013373308,0.9876878130217028,333.98441241459375,359.45796620328326,342.9488798264436,373.2674826432151,13.809516439931826,0.0384176113435254,88.24014247738637,89.23888760869963,34.756591796875,89.28896916895971,88.0898977966061,86.24265221475987,88.24014247738637,48.0,0.6506024096385542,22928.520142515925,22619.5,309.0201425159248,9289.0,9584.0,466.0,0.0486227045075125,1,0,1.9444444444444444,0.9192139737991266,3.347160369940752,3.742487779474541,0.6506024096385542,4.0,4.0,4.0,4.0,48.0,56.0,220.0,0.9759036144578314,54,12.151991202444112,0.0240963855421686,121,375.3752057158467,22940.981230855956,0.0906559776144151,0.0642589330518759,420.4172446456188,341.9944612110107,0.1449970932893577,0.0234215746303408,0.1496737022563903,0.1767420088591096,0.2667976131892695,1.0,333.9837765299445,375.3752057158467,88.24014247738637,86.23957419315471,22940.981230855956,224.0,9305.0,11.71650309122498,9.05,45.4135,0.144779,400.5382,332.8994,332.2367,92.0,93.1509,19116.0577,0.978163,24638.293,24593.0,25375.0
182,126.21981639470356,200.43995961342975,446.04364161997177,186.01736912532888,0.9886657833044542,333.9714868009323,386.3733996819923,318.32740724317017,397.2771042278168,10.903704545824496,0.0282206398131933,88.57794844319032,89.23597691270558,34.756591796875,89.3828467267183,88.13926279684682,86.23957419315471,88.57794844319032,48.0,0.6506024096385542,22940.981230855956,22641.0,299.9812308559558,9533.0,9811.0,462.0,0.047090001019264,1,0,1.9444444444444444,0.9154774972557628,3.5803020505621808,3.772590603919666,0.6506024096385542,4.0,4.0,4.0,4.0,48.0,56.0,220.0,0.9759036144578314,55,11.633965915843376,0.0,131,375.8735198106967,22928.520142515925,0.0113910405355276,0.6602467948330748,420.4172446456188,341.9944612110107,0.0809763286287721,0.0234593694344311,0.1497427711989226,0.1721486518503892,0.2775036513322794,1.0,333.9714868009323,375.8735198106967,88.57794844319032,86.24250099138959,22928.520142515925,220.0,9289.0,10.903704545824496,9.1,45.5263,0.151026,400.5386,329.9139,329.339,94.0,93.8172,19341.5891,0.989704,24610.8125,24603.0,25373.5
183,126.20297751982687,200.4508994098015,445.5324560549532,186.0051190515123,0.9888018385041262,333.9837765299445,375.8735198106967,572.3549895948206,380.34587316186554,4.472353351168863,0.0118985592638217,89.02863839514794,89.23874483746607,34.756591796875,89.38882086769331,88.23249308726255,86.24250099138959,89.02863839514794,48.0,0.6506024096385542,22927.49867442327,9154.0,13773.49867442327,9305.0,9573.0,454.0,0.0474250496187193,1,0,1.8888888888888888,0.9181614349775784,3.589564229848428,3.796478511295134,0.6506024096385542,8.0,4.0,8.0,4.0,44.0,56.0,220.0,0.9759036144578314,56,11.254292104599283,0.0,127,375.8735198106967,22928.520142515925,0.0200805092507168,0.5113323246107482,420.4172446456188,341.9944612110107,0.1059512315496696,0.0234234339722934,0.1496771001515653,0.1721486518503892,0.2917873061660422,1.0,331.9365371416662,375.3752057158467,89.02863839514794,86.24265221475987,22928.520142515925,220.0,9305.0,10.903704545824496,9.15,45.6391,0.157395,400.5384,329.9175,329.3215,94.0,94.1739,19179.3674,0.981403,24582.7812,24607.0,25374.0
184,128.2337390038866,200.3651798937596,446.7057193396182,186.00691298896984,0.98610348468849,331.9365371416662,374.0973574168224,587.7002735031687,379.58263698218457,5.485279565362134,0.0146627059951412,89.18876119018977,89.23881359224129,37.95037841796875,89.9372457729421,88.24006699923137,87.09116320006696,89.18876119018977,60.0,0.6506024096385542,22951.47632511709,9028.0,13923.476325117092,9141.0,9470.0,487.0,0.0514255543822597,2,1,6.0,0.9291428571428572,87.82222064964215,4.667707589097427,0.6506024096385542,4.0,8.0,4.0,8.0,44.0,52.0,224.0,0.963855421686747,50,10.614626620544534,0.0,126,375.8735198106967,22928.520142515925,2.0325698119796307,1.1732646561431062,420.4172446456188,341.9944612110107,0.1101759925852724,0.0294096110028482,0.1606166704778051,0.1721486518503892,0.2968620559479276,1.0,331.93497470230477,374.0973574168224,89.18876119018977,87.09116320006696,22928.520142515925,220.0,9289.0,10.903704545824496,9.2,45.7519,0.163886,398.5409,329.9057,329.2897,92.5,94.3084,18825.6626,0.963304,24554.207,24551.0,25309.5
185,128.23378941637833,200.3548875472821,447.56912694366866,186.00739056443643,0.9867118070249684,331.93497470230477,378.0981185572841,301.60297760913124,373.9744024625319,4.12371609475224,0.0109064708136797,89.23843237651649,89.2384323765165,35.150390625,90.03757567578566,89.00378468023331,87.14111881540073,89.23843237651649,68.0,0.6385542168674698,22977.981889061542,22593.5,384.4818890615461,9138.0,9452.0,479.0,0.0506771053745239,2,1,6.0,0.9455621301775148,87.83080889217243,4.664345533410432,0.6385542168674698,4.0,8.0,4.0,8.0,44.0,52.0,224.0,0.963855421686747,54,9.78110567754302,0.0120481927710843,128,375.8735198106967,22928.520142515925,0.0102924699384104,0.8634077361307163,420.4172446456188,341.9944612110107,0.1006598245607327,0.0294141796129826,0.1606250194844589,0.1721486518503892,0.2984362780436114,1.0,331.93497470230477,375.8735198106967,89.23543856598494,87.14031044915501,22928.520142515925,220.0,9305.0,10.903704545824496,9.25,45.8647,0.170494,398.5415,329.9225,329.3369,92.5,94.3991,19143.0712,0.979546,24525.1016,24560.0,25312.5
186,128.305714357412,200.3552265798288,447.1085494391996,185.9894396591262,0.9883987425210424,331.92272967174523,366.70179433738355,302.4334585710558,373.23893728455903,6.537142947175482,0.0178268638117461,89.23543856598494,89.23543856598494,35.150390625,90.0392366101958,89.22812558555881,87.14031044915501,89.23543856598494,68.0,0.6144578313253012,22980.883042863727,22606.5,374.3830428637266,9575.0,9861.0,473.0,0.047966737653382,2,1,6.0,0.94377990430622,88.568694976208,4.580607150707504,0.6144578313253012,4.0,8.0,4.0,8.0,44.0,52.0,224.0,0.963855421686747,66,9.953742995552098,0.0240963855421686,124,374.0973574168224,22927.49867442327,0.0719257400779782,0.4609271879857253,420.4172446456188,341.9944612110107,0.1277670005033058,0.0294499843757738,0.1606904516824324,0.1885209521020681,0.2983413956170461,1.0,331.92272967174523,375.8735198106967,89.23843237651649,87.14111881540073,22927.49867442327,220.0,9289.0,10.903704545824496,9.3,45.9774,0.177216,397.5436,326.9139,326.3386,93.0,94.9026,18853.5816,0.964733,24495.4766,24551.0,25297.5
187,128.3038762290649,200.4296667879956,443.72315786353175,186.0210393688118,0.9849504950495048,327.93366207466465,381.7229247721492,295.09855363569324,387.1631182239897,5.440193451840514,0.014251681255685,89.66233822657605,90.13707110288252,34.756591796875,90.39609320130518,89.23199101375324,88.11484608797984,89.66233822657605,48.0,0.6585365853658537,22872.964644005773,22502.0,370.9646440057731,9234.0,9595.0,538.0,0.0560708702449192,2,1,5.666666666666667,0.882865440464666,88.81225140705035,4.289903200405753,0.6585365853658537,4.0,4.0,4.0,4.0,48.0,56.0,216.0,0.975609756097561,62,10.467489055188103,0.0440787540405525,129,374.0973574168224,22891.20728758859,0.0744628988673788,3.385539050469643,420.4172446456188,341.9944612110107,0.0920378989355825,0.0411141136220638,0.1820063201462012,0.1885209521020681,0.3118710680094484,1.0,327.9348379682843,375.8735198106967,89.66233822657605,88.11484608797984,22891.20728758859,216.0,9261.0,10.903704545824496,9.35,46.0902,0.18405,396.5453,326.9094,326.319,93.0,94.9017,18834.6041,0.963761,24465.3438,24478.0,25252.0
188,128.31874611719525,200.50727974840424,443.41303349508235,186.0157750184187,0.9855342012812564,327.9348379682843,372.6657079610405,316.8255676484889,387.07348175280305,14.407773791762564,0.0386613887030056,90.18655683447813,91.03705685564796,34.756591796875,91.28418647393045,90.13218831845596,88.58953829895614,90.18655683447813,44.0,0.6463414634146342,22891.20728758859,22503.5,387.7072875885897,9328.0,9678.0,532.0,0.0549700351312254,2,1,5.666666666666667,0.8824681684622919,88.80602608940373,4.270793414841334,0.6463414634146342,4.0,4.0,4.0,4.0,52.0,56.0,212.0,0.9878048780487804,63,9.814302651217206,0.0121951219512195,126,378.0981185572841,22887.20344711327,0.0790245860248576,0.3101690463137887,420.4172446456188,341.9944612110107,0.1135812987995518,0.0411106752809414,0.182000036674409,0.1516427573757328,0.3284850564513585,1.0,327.93366207466465,374.0973574168224,90.18655683447813,88.58953829895614,22887.20344711327,212.0,9234.0,12.780172690112124,9.4,46.203,0.190993,396.5448,326.9199,326.3577,92.5,94.9025,18749.8747,0.959426,24434.7129,24491.0,25254.5
189,128.30320993157102,200.5695066773092,443.3407934604058,186.00124497531337,0.9857544517338332,327.90583685547176,363.94207581404066,339.0612159640156,376.7222485041528,12.780172690112124,0.0351159526183564,90.2412676629973,91.18835217392444,34.756591796875,91.34310459700345,90.18968352197096,88.61430433250123,90.2412676629973,44.0,0.6463414634146342,22887.20344711327,22522.5,364.70344711326834,9261.0,9603.0,525.0,0.0546704154951577,2,1,5.666666666666667,0.9117043121149896,88.6822113069767,4.256598059739402,0.6463414634146342,8.0,4.0,8.0,4.0,48.0,56.0,212.0,0.9878048780487804,63,10.659144833623651,0.0,123,372.6657079610405,22872.964644005773,0.0641370699727973,0.0736868018217262,420.4172446456188,341.9944612110107,0.1343312377188109,0.0411954752297764,0.1821550061982313,0.2017176028284061,0.3302189992358442,1.0,327.90583685547176,372.6657079610405,90.2412676629973,88.61430433250123,22872.964644005773,212.0,9234.0,13.815294527283754,9.45,46.3158,0.198041,395.5464,323.9108,323.3412,94.0,95.1269,19115.0945,0.978114,24403.5996,24443.0,25201.0
190,132.2691786447733,200.3517497465267,442.8502395684439,185.87163602468576,0.9829892141756548,323.91555856121,381.33333422952063,338.0041276001207,395.1486287568044,13.815294527283754,0.0362289191297618,90.24237625874166,91.18896023169694,34.756591796875,91.39720017779038,90.23977325941549,88.64029034647697,90.24237625874166,44.0,0.6419753086419753,22797.097921089047,22478.5,318.5979210890473,9321.0,9735.0,590.0,0.0606060606060606,2,1,2.857142857142857,0.9057971014492754,88.45349062888415,4.463283482948053,0.6419753086419753,4.0,4.0,4.0,4.0,48.0,56.0,212.0,0.9753086419753086,68,10.879552193417688,0.0043661547726588,129,372.6657079610405,22835.95581781045,3.9719423353068817,0.5073870327489126,420.4172446456188,341.9944612110107,0.0929645748690519,0.0528631445836369,0.2034773441091166,0.2017176028284061,0.3302541338087225,1.0,323.95167899450536,366.70179433738355,90.24237625874166,88.63939782572206,22835.95581781045,212.0,9234.0,14.294361195315844,9.5,46.4286,0.205192,394.548,323.9166,323.3499,94.0,95.1231,18985.0143,0.971458,24372.0117,24398.0,25166.0
191,132.34617797488826,200.34312838749395,443.1964507459181,185.99442803560748,0.9818784058125868,323.9477662739075,382.1082489617675,299.9063331762715,401.4443653637239,19.33611640195636,0.050603765960287,90.73720732206176,91.23657782556398,36.3565673828125,91.43723279022554,90.23783681855951,88.63939782572206,90.73720732206176,44.0,0.6419753086419753,22786.625178662212,22447.0,339.6251786622124,8935.0,9359.0,581.0,0.0620792819745699,2,1,2.857142857142857,0.9064143007360672,89.32684563935,4.508604724986861,0.6419753086419753,4.0,4.0,4.0,4.0,48.0,56.0,212.0,0.9753086419753086,58,10.648897327740473,0.0,129,366.0956946067145,22821.57620586477,0.0774804792817309,0.367341880751835,420.4172446456188,341.9944612110107,0.091121370904143,0.0527689684598966,0.2033052398891024,0.2622786369239073,0.345936746830796,1.0,323.9477662739075,366.0956946067145,90.73720732206176,88.64029034647697,22821.57620586477,212.0,9234.0,14.407773791762564,9.55,46.5414,0.212444,393.5495,329.9127,329.3308,84.0,95.1198,19025.2556,0.973517,24339.9609,24379.0,25166.0
192,132.3604884315684,200.3329755519561,443.2457210592708,185.91636885470427,0.9828125,323.9099036407053,361.9104405683695,336.7532979173353,380.84838368609394,18.937943117724444,0.0523277059594715,91.21390085950136,91.2396255380853,34.756591796875,91.98105435705808,90.2409499332731,88.69148716888691,91.21390085950136,52.0,0.6419753086419753,22806.843351288655,22471.0,335.84335128865496,9065.0,9472.0,574.0,0.0605996621621621,2,1,2.857142857142857,0.9273318872017352,89.23044113865956,4.272071181819305,0.6419753086419753,4.0,8.0,4.0,8.0,48.0,56.0,208.0,0.962962962962963,63,10.679256729237771,0.0,122,363.94207581404066,22816.653264267075,0.0175462030038529,0.0923081767838108,420.4172446456188,341.9944612110107,0.1391636637706578,0.0528796797067049,0.2035075615819264,0.2821302527575274,0.361044529732761,1.0,323.94494680640406,363.94207581404066,91.21390085950136,88.69148716888691,22816.653264267075,208.0,9221.0,16.862341911867645,9.6,46.6541,0.219791,392.5514,329.8899,329.2664,82.5,96.1126,18995.4643,0.971993,24307.4609,24328.0,25102.5
193,132.36860677477625,200.34383897894395,443.9883231428827,185.93289039486464,0.982920580700256,323.94494680640406,366.0956946067145,285.92424530397506,380.3900558020304,14.294361195315844,0.0390454228386155,91.23594162440982,91.23594162440982,33.599853515625,92.03508314186205,91.23095131078816,88.71410490050782,91.23594162440982,60.0,0.6419753086419753,22821.57620586477,22476.0,345.5762058647706,8968.0,9368.0,562.0,0.0599914602903501,2,1,2.7142857142857144,0.9267480577136517,89.98667542230874,4.295933353619733,0.6419753086419753,4.0,8.0,4.0,8.0,48.0,56.0,208.0,0.962962962962963,60,8.695252183229902,0.0,124,361.9104405683695,22806.843351288655,0.013561767670926,0.7427858479225105,420.4172446456188,341.9944612110107,0.1292086628955798,0.0527772126504413,0.2033203059156811,0.3008574493014583,0.3617430646720402,1.0,323.919712997695,363.94207581404066,91.23594162440982,88.71410490050782,22806.843351288655,208.0,9221.0,16.862341911867645,9.65,46.7669,0.227233,392.5519,323.8927,323.2123,93.0,96.1088,18873.2274,0.965738,24274.5234,24323.0,25088.5
194,132.39880683822705,200.4012976658407,443.29650531859846,185.76379366215713,0.9846548363934762,323.95167899450536,358.8199418782678,317.5906790648058,375.68228379013544,16.862341911867645,0.0469938817324381,91.23745863780364,92.08459478469616,35.19366455078125,92.1232698304124,91.23240575592128,89.58778827628849,91.23745863780364,44.0,0.6296296296296297,22816.653264267075,22494.0,322.65326426707543,9375.0,9749.0,551.0,0.0565186172940814,2,1,2.7142857142857144,0.9245495495495496,88.50682967865109,4.04698263155954,0.6296296296296297,4.0,8.0,4.0,8.0,48.0,56.0,208.0,0.962962962962963,62,10.13221314913968,0.0123456790123456,121,361.2469255940755,22797.097921089047,0.0649118212064066,0.7121836890927097,420.4172446456188,341.9944612110107,0.146514691183215,0.0527575275711056,0.2032843319862983,0.3069735940966029,0.3617911431694672,1.0,323.91555856121,361.9104405683695,91.23745863780364,89.5865606051013,22797.097921089047,208.0,9162.0,16.862341911867645,9.7,46.8797,0.234766,391.5531,320.9041,320.2905,93.5,96.4067,18636.1886,0.953609,24241.1562,24292.0,25049.0
195,132.39245284801692,200.41565788194515,443.2680035581816,185.9616700140031,0.98418458311484,323.919712997695,361.2469255940755,345.0220725544654,381.14665069702136,19.89972510294581,0.0550862130389634,92.21440350748736,93.23928209943408,35.150390625,93.23928209943408,91.23679033975456,89.5865606051013,92.21440350748736,44.0,0.6419753086419753,22835.95581781045,22497.5,338.45581781044893,9158.0,9535.0,541.0,0.0567383324593602,2,1,2.5714285714285716,0.9215017064846416,89.8086017129876,3.898078001708575,0.6419753086419753,4.0,8.0,4.0,8.0,52.0,56.0,204.0,0.9753086419753086,58,10.494016609747163,0.0123456790123456,122,361.2469255940755,22786.625178662212,0.0157031524910421,0.1999184858054105,420.4172446456188,341.9944612110107,0.1407418934525854,0.0528509969117995,0.2034551445801539,0.3069735940966029,0.3927533229331066,1.0,323.9099036407053,361.2469255940755,92.21440350748736,89.58778827628849,22786.625178662212,204.0,9158.0,18.937943117724444,9.75,46.9925,0.242386,390.5539,320.9086,320.2891,95.5,96.8499,18705.4342,0.957152,24207.377,24256.0,25012.5
196,132.39694758077255,200.50798389334935,439.8805177124805,185.84685868871784,0.9824157594608603,319.94996642456687,353.93147569450826,342.41648277452924,376.5983548407376,22.66687914622935,0.0640431289750392,92.65684434535852,93.2448576648788,35.150390625,93.3001943264376,92.1910532502666,90.24945440571858,92.65684434535852,44.0,0.65,22747.640725895097,22428.0,319.6407258950967,9221.0,9645.0,608.0,0.063037843442198,2,1,2.4285714285714284,0.8846153846153846,88.84219921311652,4.030277774384225,0.65,8.0,4.0,8.0,4.0,48.0,56.0,204.0,0.9875,61,12.863241200923996,0.0080246913580247,120,359.7911198016744,22782.98687033161,0.0924353558134136,3.3894309249841355,420.4172446456188,341.9944612110107,0.1581423450104983,0.0644586310210514,0.224667769768362,0.3203929129739353,0.4067755397255209,1.0,319.94996642456687,359.7911198016744,92.2987257352284,90.22361348610922,22782.98687033161,204.0,9116.0,19.33611640195636,9.8,47.1053,0.250092,389.5556,320.9289,320.3506,93.5,96.8952,18489.9758,0.946127,24173.1953,24232.0,24991.0
197,132.4486317724849,200.41185832542047,438.89373504779775,186.0038258749557,0.9829066973148052,319.94133149688975,359.7911198016744,566.301785902424,387.69372169187005,27.902601890195623,0.0775522250398403,92.2987257352284,93.29724937809829,36.3565673828125,93.40588702589837,92.19008808742832,90.30167844948866,92.2987257352284,44.0,0.65,22731.221443116297,9048.0,13683.221443116294,9162.0,9571.0,597.0,0.0623759272803259,2,1,2.4285714285714284,0.8940397350993378,87.7130443574247,4.001498093200508,0.65,8.0,4.0,8.0,4.0,48.0,56.0,204.0,0.9875,63,13.861602311181436,0.0,122,358.8199418782678,22747.640725895097,0.1091392710375557,0.9991890336036902,420.4172446456188,341.9944612110107,0.1442046576729928,0.0644838797565032,0.2247139111229718,0.3293450316623244,0.3954257357318286,1.0,319.94133149688975,358.8199418782678,92.65684434535852,90.24945440571858,22747.640725895097,204.0,9158.0,19.75648603625291,9.85,47.218,0.257879,388.557,317.9355,317.3197,95.5,96.8948,18542.0994,0.948794,24138.6191,24168.0,24926.0
198,132.4453422104221,200.4607642439619,438.9054169653399,185.85744208642856,0.9838194938510012,319.9005833508728,365.6585811056361,317.1874940849955,379.03384896327947,13.375267857643394,0.0365785695968102,92.6585345587218,93.30251942355252,34.756591796875,93.4148493308837,92.30409792038878,90.3072549140613,92.6585345587218,48.0,0.65,22782.98687033161,22439.0,343.9868703316097,9441.0,9839.0,585.0,0.0594572619168614,2,1,2.4285714285714284,0.8872549019607843,87.24383965841837,3.98946773668142,0.65,8.0,4.0,8.0,4.0,48.0,56.0,204.0,0.9875,67,11.107221720014364,0.0,124,354.53420680410363,22734.454679500355,0.0490164267052039,0.1468491768482947,420.4172446456188,341.9944612110107,0.1302483764340835,0.0646030283119291,0.2249316517602263,0.3688500575965325,0.4068291074258252,1.0,319.9005833508728,358.8199418782678,92.6585345587218,90.30167844948866,22734.454679500355,204.0,9158.0,19.75648603625291,9.9,47.3308,0.265745,388.5572,317.9253,317.3114,96.0,96.8478,18718.5025,0.957821,24103.666,24143.0,24901.5
199,136.44798852421965,200.35340778728977,438.9887716208304,185.9174694379752,0.9804052642573636,315.9099800272609,348.1739900664363,313.45133028216225,364.8799951193927,16.706005052956357,0.0479817721299877,93.27539795650765,93.3602865070934,35.150390625,93.96253730547356,92.40049053429058,90.22361348610922,93.27539795650765,52.0,0.6455696202531646,22714.693286833575,22357.5,357.19328683357526,9105.0,9574.0,653.0,0.0682055567161061,2,1,1.9090909090909092,0.8959731543624161,85.76064707329519,4.150604847942263,0.6455696202531646,4.0,4.0,4.0,4.0,48.0,56.0,204.0,0.9746835443037974,58,11.090462703877568,0.0044303797468354,118,353.93147569450826,22733.917805519573,4.00408577856998,0.1027194311006576,420.4172446456188,341.9944612110107,0.171837039272921,0.0762716480593984,0.2462557264887279,0.3744059092074869,0.4263792744869796,1.0,315.94858787728356,358.8199418782678,93.27539795650765,90.3072549140613,22733.917805519573,204.0,9158.0,19.75648603625291,9.95,47.4436,0.273688,386.5602,317.9214,317.274,91.5,96.8463,18205.3992,0.931565,24068.3438,24102.0,24854.5
200,136.42990935928415,200.33903306328793,439.0353202402379,185.64151885496415,0.9812232096184004,315.9481785939662,354.53420680410363,289.72742511142934,394.96510636263696,40.430899558533326,0.1140394883839043,93.29756185889964,94.02395341623011,36.3565673828125,94.02395341623011,93.24313660091408,90.63799146679742,93.29756185889964,44.0,0.6329113924050633,22719.883614388724,22371.5,348.3836143887238,9116.0,9565.0,635.0,0.0663878724516466,2,1,1.818181818181818,0.9042553191489362,86.86002651576192,3.997821066865217,0.6329113924050633,4.0,8.0,4.0,8.0,48.0,52.0,204.0,0.9746835443037974,63,11.049628413733158,0.0126582278481012,120,354.53420680410363,22731.221443116297,0.0230973785285965,0.2798490633053314,420.4172446456188,341.9944612110107,0.1567086951845892,0.0761599545349768,0.2460516097111654,0.3688500575965325,0.4270817120056355,1.0,315.9481785939662,359.7911198016744,93.29756185889964,90.63799146679742,22731.221443116297,204.0,9116.0,19.89972510294581,10.0,47.5564,0.281704,386.5611,317.9269,317.2935,88.5,97.1346,18439.5282,0.943546,24032.668,24080.0,24815.5
201,136.4461130229022,200.37821717405816,439.7179318379734,185.838846443977,0.9811344537815124,315.93940320749215,352.63241727387197,296.1402312143426,392.6819589361001,40.04954166222814,0.113573057099636,93.71376718288444,94.23977678288212,34.756591796875,94.54351561237732,93.29465477867252,91.11044348184254,93.71376718288444,44.0,0.6708860759493671,22718.511546224152,22365.0,353.51154622415197,9071.0,9520.0,625.0,0.0656512605042016,2,1,1.818181818181818,0.8989169675090253,86.57495836864553,3.9183845202679226,0.6708860759493671,4.0,8.0,4.0,8.0,48.0,52.0,204.0,0.9746835443037974,62,10.27805715880328,0.0379746835443037,119,354.53420680410363,22719.883614388724,0.0424022788479471,0.7105608846176552,420.4172446456188,341.9944612110107,0.1612322715945786,0.0761856139753168,0.2460985016174184,0.3688500575965325,0.4402724502547385,1.0,315.94689145137204,359.7911198016744,93.71376718288444,91.11044348184254,22719.883614388724,204.0,9116.0,19.75648603625291,10.05,47.6692,0.28979,385.5628,314.9276,314.3313,96.5,97.1304,18693.2002,0.956526,23996.6465,24054.0,24788.5
202,136.46634294421762,200.32422779467527,439.9991599389008,185.95701211119135,0.9824008243173622,315.9314761446304,353.1918565760748,299.6030953637256,372.94834261232774,19.75648603625291,0.0559369806194767,94.29065363355866,95.28926961624968,34.756591796875,95.28926961624968,93.3393387546234,91.16332091654738,94.29065363355866,40.0,0.6455696202531646,22733.917805519573,22379.5,354.41780551957345,9278.0,9705.0,609.0,0.0627511591962905,2,1,1.9444444444444444,0.9232456140350878,83.76107097916464,3.8410573694386656,0.6455696202531646,4.0,8.0,4.0,8.0,52.0,56.0,196.0,0.9746835443037974,73,10.059875831696909,0.0253164556962025,119,354.53420680410363,22718.511546224152,0.057655032760158,0.3050448649943578,420.4172446456188,341.9944612110107,0.159901595202666,0.0762087928970856,0.2461408604456792,0.3688500575965325,0.4585556334140557,1.0,315.9413151537898,359.7911198016744,94.29065363355866,91.16332091654738,22718.511546224152,196.0,9105.0,16.706005052956357,10.1,47.782,0.297943,384.5647,314.9337,314.318,96.5,97.1721,18498.4788,0.946562,23960.293,23991.0,24730.5
203,136.4439984405425,200.3555104400442,439.709103924296,185.6153188094339,0.9816657824933688,315.94689145137204,380.2335010310682,295.66109201256285,393.93470961503147,13.70120858396325,0.036033670223192,94.29566053046592,95.29418629124044,33.55657958984375,95.29418629124044,94.14096288042374,91.16438355512294,94.29566053046592,40.0,0.6455696202531646,22734.454679500355,22398.0,336.45467950035527,8993.0,9425.0,598.0,0.0634482758620689,2,1,1.7894736842105263,0.9020674646354734,83.7849426408702,3.926309792835777,0.6455696202531646,4.0,8.0,4.0,8.0,52.0,56.0,196.0,0.9746835443037974,62,10.14490280011795,0.0,128,361.1463993243087,22714.693286833575,0.0384432145607924,0.4482039759688863,420.4172446456188,341.9944612110107,0.0955806264522345,0.0761637181707667,0.2460584876498223,0.3079002246105024,0.4587143163110249,1.0,315.93940320749215,354.53420680410363,94.29566053046592,91.16438355512294,22714.693286833575,196.0,9089.0,16.706005052956357,10.15,47.8947,0.30616,383.5667,314.9219,314.3089,95.0,98.1169,18470.6765,0.945139,23923.625,23973.0,24711.0
204,136.46472399253204,200.5104502161414,439.6039632687877,185.33631908549071,0.9823325270796088,315.94858787728356,381.8450195533225,290.01383426158503,384.19192454687993,2.346904993557416,0.0061462239216915,95.04960594920392,95.29472835106291,33.599853515625,95.40367164077804,94.29621303325024,91.19172379009716,95.04960594920392,40.0,0.6455696202531646,22707.44853865852,22355.5,351.948538658522,9089.0,9509.0,588.0,0.0618361552213692,2,1,1.7894736842105263,0.8986784140969163,83.26981461620808,4.018136167989596,0.6455696202531646,4.0,8.0,4.0,8.0,52.0,56.0,196.0,0.9746835443037974,62,10.0569687077916,0.0,129,361.1463993243087,22707.44853865852,0.1563198091168246,0.2981533219688611,420.4172446456188,341.9944612110107,0.0917474855837796,0.0761587577807489,0.2460494226764398,0.3079002246105024,0.4826090050609594,1.0,315.9314761446304,354.4151053234524,95.04960594920392,91.19085145071064,22707.44853865852,196.0,9089.0,19.75648603625291,10.2,48.0075,0.314438,382.5685,314.9091,314.2736,93.5,98.1113,18601.8626,0.951852,23886.6465,23907.0,24659.0
205,136.4442836447979,200.372603273563,439.4519769779981,185.8324377816554,0.9828384233329812,315.9413151537898,365.5375338121479,273.8287611289581,393.45787530447114,27.92034149232325,0.0763815994520324,95.13143026407602,95.29240592807406,36.39984130859375,95.39972303740608,94.2938465860662,91.19085145071064,95.13143026407602,44.0,0.6455696202531646,22699.16313585941,22355.0,344.1631358594059,9057.0,9463.0,577.0,0.0609743210398393,2,1,1.736842105263158,0.9,83.35402865172874,3.921885693249509,0.6455696202531646,4.0,8.0,4.0,8.0,52.0,56.0,196.0,0.9746835443037974,61,10.041699325473862,0.0,124,361.1463993243087,22699.16313585941,0.1393541796779328,0.5188772429699511,420.4172446456188,341.9944612110107,0.1305362982427861,0.0761800233985253,0.2460882849954138,0.3079002246105024,0.4852022518497235,1.0,315.9314761446304,354.4151053234524,95.13143026407602,91.19172379009716,22699.16313585941,196.0,9089.0,25.034897825943062,10.25,48.1203,0.322775,381.5707,311.8985,311.2465,96.5,98.8823,18565.0509,0.949968,23849.3711,23867.0,24620.0
206,140.42261598426782,200.327382814461,435.0084743095129,185.77711674633815,0.978114374034003,307.90916062344263,361.1463993243087,311.5474732790949,375.0884030259702,13.94200370166152,0.0386048531225743,95.2958103365292,96.02001349871712,33.599853515625,96.02001349871712,94.422404115202,92.24546967220392,95.2958103365292,44.0,0.6363636363636364,22552.969693141473,22220.0,332.9696931414728,9174.0,9705.0,729.0,0.0751159196290571,2,1,1.761904761904762,0.8657074340527577,79.20219711180954,4.058700211052574,0.6363636363636364,4.0,4.0,4.0,4.0,48.0,56.0,196.0,0.974025974025974,65,14.730021238875004,0.0092059838895282,122,361.1463993243087,22624.162013854064,3.978589334574924,4.443847025020536,420.4172446456188,341.9944612110107,0.1409810041718701,0.0996662357246113,0.2890086781155622,0.3079002246105024,0.4904119269407076,1.0,307.966731354475,353.1918565760748,95.2958103365292,92.24546967220392,22624.162013854064,196.0,9071.0,23.21366210628338,10.3,48.2331,0.331167,380.5718,311.9222,311.3156,93.5,98.8825,18785.4855,0.961248,23811.8164,23850.0,24589.5
207,140.44380550659278,200.28738487205305,436.1250993698748,185.89699120420565,0.9775681341719078,307.92182012760765,354.4151053234524,304.09697474653143,363.9663638187452,9.551258495292814,0.0269493550128908,95.35661494844577,96.0727016035662,33.599853515625,96.0727016035662,94.49103190866028,93.1904148298246,95.35661494844577,44.0,0.6363636363636364,22577.689555767163,22213.0,364.68955576716326,9005.0,9540.0,710.0,0.0744234800838574,2,1,1.8,0.8758357211079274,78.10404855127639,4.074662599705574,0.6363636363636364,4.0,4.0,4.0,4.0,48.0,56.0,196.0,0.974025974025974,59,13.840860469581704,0.0,120,354.4151053234524,22601.07847615624,0.0452640172016576,1.1230411439824408,420.4172446456188,341.9944612110107,0.1569919887035114,0.0996292190310655,0.2889410311481868,0.3699479105903616,0.4923389991666231,1.0,307.95564086129934,353.1918565760748,95.35661494844577,93.1904148298246,22601.07847615624,196.0,9089.0,22.164055263438858,10.35,48.3459,0.339612,379.5736,314.9173,314.3389,89.5,98.8813,18456.583,0.944418,23773.9883,23800.0,24549.0
208,140.45611132068956,200.40336534118617,434.94934225059006,185.7117173251534,0.9776153685529338,307.9287701866491,348.9974346478957,325.0959122179165,378.42221776611336,29.424783118217647,0.0843123192235048,96.30089846361577,96.30089846361577,36.39984130859375,97.01229574654792,95.49247307738048,93.2484522114708,96.30089846361577,40.0,0.6233766233766234,22601.07847615624,22216.0,385.07847615623905,9042.0,9578.0,706.0,0.073710586761328,2,1,1.8,0.8825794032723773,71.85646126566344,4.089432767300374,0.6233766233766234,4.0,4.0,4.0,4.0,48.0,56.0,196.0,0.974025974025974,53,12.14951455186702,0.0129870129870129,118,348.9974346478957,22599.94078355954,0.1166314806599389,1.1902651863378404,420.4172446456188,341.9944612110107,0.1698784027232869,0.0996088968918799,0.288903893009828,0.4198868864806542,0.5222660471012733,1.0,307.94038108306256,348.9974346478957,96.30089846361577,93.2484522114708,22599.94078355954,196.0,9089.0,23.21366210628338,10.4,48.4586,0.348106,378.575,311.9148,311.3526,89.5,98.881,18439.8029,0.94356,23735.9043,23773.0,24515.5
209,140.4316645492554,200.3892019970817,435.01462025313305,185.85678420330115,0.9786943005181348,307.9249127361214,346.6141070736212,328.20938753305,371.64900489956426,25.034897825943062,0.0722270020608988,96.35646941318848,97.29797903333773,35.150390625,97.29797903333773,95.49931437054865,93.3044530906889,96.35646941318848,40.0,0.6493506493506493,22624.162013854064,22269.0,355.16201385406384,9136.0,9650.0,690.0,0.0715025906735751,2,1,1.75,0.8852621167161226,65.87323570568117,4.013865427979805,0.6493506493506493,4.0,4.0,4.0,4.0,48.0,56.0,196.0,0.974025974025974,59,12.511538428295122,0.0259740259740259,117,346.6141070736212,22592.860085102908,0.0282532290150286,0.1590773923332493,420.4172446456188,341.9944612110107,0.1755473604185962,0.0996201761696612,0.2889245055730529,0.4418559106975304,0.5240272495843402,1.0,307.9287701866491,346.6141070736212,96.33023647155052,93.3044530906889,22592.860085102908,196.0,9136.0,23.408504171779896,10.45,48.5714,0.356646,377.6264,308.9173,308.332,98.0,98.83,18644.1102,0.954014,23697.5742,23723.0,24473.0
210,140.50586053894088,200.3441970814747,435.5706485631095,185.7259134817424,0.9803564196030782,307.966731354475,334.0974229972423,323.6310071641589,360.5680866320095,26.47066363476722,0.079230373575751,96.33023647155052,97.29521308998488,34.76275634765625,97.29521308998488,96.29676987546122,94.13255046596736,96.33023647155052,40.0,0.6493506493506493,22592.860085102908,22247.5,345.36008510290776,9391.0,9876.0,673.0,0.0681449979748886,2,1,1.8421052631578947,0.8938775510204081,55.58634421583844,3.956873268507439,0.6493506493506493,4.0,8.0,4.0,8.0,48.0,52.0,196.0,0.974025974025974,66,12.20518069176316,0.0,113,340.4396872136385,22590.13838595377,0.0867783804538913,0.5712220472430842,420.4172446456188,341.9944612110107,0.2053194124354671,0.0994978975274707,0.288701044790184,0.4987704451884142,0.5231958525629443,1.0,307.9249127361214,346.6141070736212,96.35646941318848,94.13028386254746,22590.13838595377,196.0,9136.0,25.034897825943062,10.5,48.6842,0.36523,376.5788,305.9233,305.352,99.5,99.1328,18618.734,0.952715,23659.0117,23706.0,24435.0
211,140.50806773006923,200.55940547237628,435.2380421577324,185.28507981836924,0.979486099410278,307.95564086129934,337.39786777220985,309.99551932060467,360.6115298784932,23.21366210628338,0.0688020415172149,96.85979351431584,97.36952287118004,37.562744140625,97.43090262829908,96.31923559250404,94.19104014444842,96.85979351431584,44.0,0.6493506493506493,22584.029309884983,22234.5,349.5293098849834,9009.0,9496.0,657.0,0.0691870261162594,2,1,1.7894736842105263,0.897489539748954,47.83584148005003,4.310534509399498,0.6493506493506493,4.0,8.0,4.0,8.0,48.0,52.0,196.0,0.974025974025974,54,11.977364272979692,0.0,114,337.39786777220985,22584.029309884983,0.2152197091511935,0.5522330483236967,420.4172446456188,341.9944612110107,0.197469009491721,0.0995303263952844,0.2887603076349407,0.5268093122302022,0.5399790312887908,1.0,307.92182012760765,346.6141070736212,96.85979351431584,94.13255046596736,22584.029309884983,196.0,9136.0,23.408504171779896,10.55,48.797,0.373855,376.5793,305.9462,305.4054,99.5,99.1289,18459.8735,0.944587,23620.2266,23686.0,24404.5
212,140.48178854907616,200.4839078011152,435.4447640941342,185.27039329432597,0.9803772029269298,307.94038108306256,337.1252188278354,300.8855154674658,359.28927409127425,22.164055263438858,0.065744281429025,97.25586291388832,97.3621103085204,34.3751220703125,97.88815609184876,96.31368150158418,94.1902620390537,97.25586291388832,44.0,0.6493506493506493,22590.13838595377,22259.5,330.6383859537709,9227.0,9703.0,650.0,0.0669895908481912,2,1,1.7894736842105263,0.9140708915145004,43.13098632697831,4.214645332090155,0.6493506493506493,4.0,8.0,4.0,8.0,48.0,52.0,196.0,0.974025974025974,59,11.073176967087443,0.0,114,337.39786777220985,22584.029309884983,0.0799405636677153,0.2072429805281087,420.4172446456188,341.9944612110107,0.1981175293796345,0.099574946352528,0.2888418493530905,0.5268093122302022,0.552531604447202,1.0,307.92182012760765,346.6141070736212,97.25586291388832,94.1902620390537,22584.029309884983,196.0,9112.0,23.408504171779896,10.6,48.9098,0.382517,374.6324,305.8952,305.2952,94.5,99.3239,18053.1849,0.923776,23581.2383,23640.0,24368.0
213,140.7803642049236,200.35129146444817,435.193971949459,185.318514083924,0.9815,307.9193974915083,340.4396872136385,302.78445718811827,363.8481913854184,23.408504171779896,0.0687596218976966,97.28218071518056,97.30639597683682,34.756591796875,98.00187109008928,96.25677266186146,94.13028386254746,97.28218071518056,44.0,0.6233766233766234,22599.94078355954,22238.5,361.4407835595411,9156.0,9600.0,621.0,0.0646875,2,1,1.7777777777777777,0.9402985074626866,49.902145216807895,4.109480735648973,0.6233766233766234,4.0,8.0,4.0,8.0,48.0,52.0,196.0,0.974025974025974,59,12.28075925341684,0.0259740259740259,115,337.39786777220985,22584.029309884983,0.3267024870056985,0.2553670108339979,420.4172446456188,341.9944612110107,0.1902337700238618,0.0996363028770751,0.2889539766777305,0.5268093122302022,0.5533656909139831,1.0,307.9193974915083,340.4396872136385,97.28218071518056,94.19104014444842,22584.029309884983,196.0,9136.0,23.408504171779896,10.65,49.0226,0.391213,374.5832,305.9061,305.2901,98.5,100.1146,18446.6354,0.943909,23542.0508,23599.0,24326.0
214,140.8596252738069,200.54367284877935,432.3031435509135,185.69215588581685,0.9795942720763724,303.95367996880503,333.47325730958573,303.99064933945556,363.2686258437253,29.795368534139584,0.0893485995684461,98.29867978320276,98.94990059544811,36.39984130859375,98.94990059544811,97.38431811118252,95.30370405234446,98.29867978320276,40.0,0.6447368421052632,22583.063672912485,22223.5,359.56367291248534,9543.0,10056.0,687.0,0.0683174224343675,2,1,1.8,0.9067554709800192,48.61880954539201,4.072554364889451,0.6447368421052632,4.0,4.0,4.0,4.0,52.0,52.0,192.0,1.0,63,14.322644673931208,0.0213602187286398,113,340.4396872136385,22583.063672912485,0.2080694933855492,2.9148751304231406,420.4172446456188,341.9944612110107,0.2068040463214597,0.111232155946334,0.3101450723463702,0.4987704451884142,0.5855814564605737,1.0,303.95367996880503,337.39786777220985,98.29867978320276,95.30370405234446,22583.063672912485,192.0,9137.0,23.21366210628338,10.7,49.1353,0.399941,372.689,302.8655,302.1819,99.5,100.1029,18006.0203,0.921363,23502.6836,23561.0,24286.5
215,144.7956507013827,200.04807145336392,432.1358275743886,185.52291139448585,0.9760224789260068,299.9464598506935,375.6258616782082,588.4752275207584,408.29958866883305,32.67372699062486,0.086984764160397,98.3019407130707,99.00367982837685,32.0,99.00367982837685,98.13886511992624,95.5691393659386,98.3019407130707,40.0,0.64,22484.360213991884,8763.0,13721.360213991884,9033.0,9609.0,745.0,0.0775314809033198,2,1,1.75,0.8981571290009699,41.64642270754108,4.205089685098494,0.64,4.0,4.0,4.0,4.0,48.0,52.0,192.0,0.9866666666666668,59,14.20123910218124,0.0047368421052631,127,340.4396872136385,22495.632870005727,3.967104348219367,0.2379880960181965,420.4172446456188,341.9944612110107,0.1065403085574343,0.1229493635991185,0.3315579401066325,0.4987704451884142,0.5856848046636312,1.0,299.9636515498702,337.1252188278354,98.3019407130707,95.5691393659386,22495.632870005727,192.0,9156.0,22.164055263438858,10.75,49.2481,0.408698,372.5875,299.8753,299.2036,100.5,100.8158,18210.5749,0.93183,23463.1445,23515.0,24225.0
216,144.8149099169226,200.18611643862403,431.4697479581166,185.72985875420903,0.977113295395758,299.9636515498702,364.1690769671323,568.5088342720655,369.32721761016785,5.158140643035551,0.0141641368509196,98.73953242277256,99.18120513737918,36.39984130859375,99.29620521233278,98.15410961447394,95.6294958353184,98.73953242277256,40.0,0.64,22487.231409658576,8878.0,13609.231409658576,9112.0,9665.0,732.0,0.0757371960682876,2,1,1.75,0.9052319842053308,40.94015735833618,4.018584752766224,0.64,4.0,4.0,4.0,4.0,48.0,56.0,188.0,0.9733333333333334,60,12.69096377313925,0.0,123,340.4396872136385,22487.231409658576,0.1393819763767324,0.6974878242015118,420.4172446456188,341.9944612110107,0.1337912951831925,0.1228990946587508,0.3314660750305462,0.4987704451884142,0.5995533387020496,1.0,299.9464598506935,337.39786777220985,98.73953242277256,95.62842619506182,22487.231409658576,188.0,9137.0,22.164055263438858,10.8,49.3609,0.417481,370.6924,299.905,299.2444,99.0,100.8161,17967.8262,0.919409,23423.4531,23455.0,24197.0
217,144.84519442436692,200.1156235384833,431.5928705728484,185.5991062431659,0.9777360066833752,299.9462647553081,347.94394521675747,333.37945241191886,369.95333450101526,22.009389284257793,0.0632555605200908,98.74178338449306,99.24090289143332,32.3936767578125,99.35954303922304,98.19817382213166,95.62842619506182,98.74178338449306,44.0,0.6533333333333333,22495.632870005727,22129.5,366.13287000572745,9043.0,9576.0,713.0,0.0744569757727652,2,1,1.75,0.898,39.281728979731184,4.073589175194551,0.6533333333333333,4.0,8.0,4.0,8.0,48.0,52.0,188.0,0.9733333333333334,59,12.469766194396732,0.0133333333333333,118,337.0102713902533,22484.360213991884,0.0767228802991571,0.1795978769431062,420.4172446456188,341.9944612110107,0.1723842215129664,0.1229499340627006,0.3315589826128,0.5303820960948663,0.5996246781231307,1.0,299.9462647553081,337.1252188278354,98.74178338449306,95.6294958353184,22484.360213991884,188.0,9156.0,22.164055263438858,10.85,49.4737,0.426286,370.5905,299.8741,299.2473,99.5,100.8145,17713.6054,0.9064,23383.6152,23403.0,24152.0
218,144.83831636783114,200.31704640594012,431.5066381924371,185.68580994326248,0.9798201798201798,299.9448700975786,337.0102713902533,328.7618554020496,353.4140757944332,16.40380440417988,0.0486744939153041,98.7716756084032,99.24106006221822,33.599853515625,99.41944510580812,98.21309863279323,95.6877913201282,98.7716756084032,44.0,0.64,22472.78372603991,22113.5,359.2837260399101,9505.0,10010.0,695.0,0.0694305694305694,2,1,1.7894736842105263,0.9158878504672896,38.7969525432141,4.009700280085787,0.64,4.0,8.0,4.0,8.0,48.0,52.0,188.0,0.9733333333333334,68,13.358424572831586,0.0133333333333333,114,342.5416845240576,22472.78372603991,0.201540266935008,0.122284729389423,420.4172446456188,341.9944612110107,0.198390942135762,0.1229540120753227,0.3315664350662846,0.4793946655789064,0.6005720482756965,1.0,299.9448700975786,337.0102713902533,98.7716756084032,95.6877913201282,22472.78372603991,188.0,9137.0,23.408504171779896,10.9,49.5865,0.435111,368.6964,299.9355,299.3143,101.5,100.8656,17824.6179,0.912081,23343.6465,23362.0,24124.0
219,144.78771264318033,200.25428281358876,432.22967349154544,185.1426920955024,0.9795223260643822,299.9128329522439,334.4894699848802,328.4982156128999,356.166950026655,21.6774800417748,0.0648076605901964,99.30656067888856,99.30656067888856,34.76275634765625,99.92923712778178,98.65187098887084,95.75085584987838,99.30656067888856,52.0,0.64,22453.8770072468,22029.5,424.3770072467996,9137.0,9630.0,676.0,0.0701973001038421,2,1,1.7894736842105263,0.9172852598091198,36.302968203662374,4.124036584848269,0.64,4.0,8.0,4.0,8.0,48.0,52.0,188.0,0.9733333333333334,58,12.413067936063191,0.0,113,337.0102713902533,22453.8770072468,0.0806226114274581,0.9042991984471894,420.4172446456188,341.9944612110107,0.2043868936279468,0.1230476894560067,0.3317376278473768,0.5303820960948663,0.6175240874533179,1.0,299.9128329522439,335.8814160092882,99.30656067888856,95.75085584987838,22453.8770072468,188.0,9112.0,28.720739079496184,10.95,49.6992,0.443953,368.5936,299.9229,299.25,101.5,101.0881,17844.6531,0.913106,23303.5625,23294.0,24071.0
220,144.78459433907406,200.3470013786356,428.7157420107616,185.59806808716175,0.9792828685258964,297.95697327771904,331.32837926601894,328.3114727695036,352.3368061019061,21.008426835887175,0.0634066628473735,100.22660751644447,100.29689294905558,35.150390625,100.88517782614063,99.2166100436928,96.30376001312295,100.22660751644447,40.0,0.6351351351351351,22374.56540418358,22063.5,311.06540418358054,9282.0,9789.0,701.0,0.071610991929717,2,1,1.75,0.9124015748031497,32.733583829914664,4.026544076069341,0.6351351351351351,4.0,4.0,4.0,4.0,48.0,52.0,188.0,0.9864864864864864,68,14.41027965178477,0.0048648648648649,112,335.8814160092882,22384.06351381115,0.0927709875168223,3.5433150784856338,420.4172446456188,341.9944612110107,0.2119058304915519,0.1287666700137593,0.3421889041271453,0.5407876532115048,0.6466830056884856,1.0,297.9667892306246,337.0102713902533,100.22660751644447,96.30376001312295,22384.06351381115,188.0,9043.0,28.720739079496184,11.0,49.812,0.452809,366.7018,296.909,296.2452,101.5,101.0768,17956.3615,0.918822,23263.3711,23274.0,24032.5
221,144.78836791380309,200.5593541171422,427.8110455511288,185.5994042476839,0.9784514629766558,297.9667892306246,342.5416845240576,310.4372153900513,372.7525387732845,30.21085424922694,0.0881961396645877,100.28118604929864,100.43437688100182,35.150390625,100.9855311060233,99.30875703709346,97.18517637569605,100.28118604929864,40.0,0.6351351351351351,22384.06351381115,22052.5,331.5635138111538,8957.0,9467.0,682.0,0.0720397169113763,2,1,1.75,0.902,35.11498935600791,4.467157132796265,0.6351351351351351,4.0,4.0,4.0,4.0,52.0,52.0,184.0,1.0,55,15.64463727407568,0.0,116,335.68582311861667,22374.73496128649,0.2123862646629485,0.9046974463305348,420.4172446456188,341.9944612110107,0.1852339815109264,0.1287379679322379,0.3421364518796239,0.5425905883171082,0.6484127556446053,1.0,297.95697327771904,335.8814160092882,100.28118604929864,97.18517637569605,22374.73496128649,184.0,9112.0,22.009389284257793,11.05,49.9248,0.461676,366.5977,299.896,299.179,88.5,102.0714,18006.5182,0.921389,23223.0957,23246.0,23987.5
222,144.8180504805828,200.713518844868,428.06996293004534,185.71267623417535,0.9784555748240334,295.9409499387223,335.8814160092882,320.5464419579332,364.6021550887844,28.720739079496184,0.0855085685321213,100.39791676666124,101.23856137173752,36.3565673828125,101.23856137173752,99.54168410147236,97.24590897111362,100.39791676666124,40.0,0.6486486486486487,22374.73496128649,22012.5,362.2349612864891,9275.0,9803.0,710.0,0.0724268081199632,2,1,1.6363636363636365,0.8779385171790235,31.823668567320073,4.172638257278912,0.6486486486486487,8.0,4.0,8.0,4.0,48.0,52.0,184.0,1.0,64,15.682891155738444,0.0135135135135135,114,335.68582311861667,22374.56540418358,0.1569962357682842,0.2826106014089328,420.4172446456188,341.9944612110107,0.2010760255745173,0.1346615705681657,0.3529616692578721,0.5425905883171082,0.6521122862599701,1.0,295.9409499387223,335.8814160092882,100.39791676666124,97.24590897111362,22374.56540418358,184.0,9043.0,22.009389284257793,11.1,50.0376,0.47055,365.5998,299.8463,299.0393,88.5,102.0626,17761.3217,0.908842,23182.7383,23213.0,23946.5
223,148.78912090351682,200.31442623479953,428.4446302956011,185.58207561894116,0.9755136268343816,291.97283537668795,325.91190264218153,302.3140052440268,357.05286991075127,31.14096726856974,0.0955502607180302,100.4366398488241,101.3056339076121,32.78131103515625,101.3056339076121,100.26581284872618,97.3139535212211,100.4366398488241,44.0,0.6438356164383562,22301.282344224503,21971.0,330.28234422450623,8956.0,9540.0,774.0,0.0811320754716981,2,1,1.7142857142857142,0.8842203548085901,30.083194506446645,4.205203081732494,0.6438356164383562,0.0,4.0,0.0,4.0,52.0,52.0,184.0,0.9863013698630136,57,13.434297341350671,0.0048130322102925,110,335.68582311861667,22350.42614509179,3.9910744437197176,0.3967772114323636,420.4172446456188,341.9944612110107,0.2247894043525697,0.1462644326378706,0.3741655736778908,0.5425905883171082,0.6533395315919582,1.0,291.9768177874821,335.68582311861667,100.4318902844646,97.3139535212211,22350.42614509179,184.0,9015.0,28.444506901095167,11.15,50.1504,0.47943,364.6016,296.8322,296.1106,89.0,102.0582,17722.8516,0.906873,23142.3164,23177.0,23906.0
224,148.82206967944697,200.71455763593804,428.1873942418943,185.19835549357435,0.9766057441253264,291.92242274975376,335.68582311861667,266.37350072708637,374.5776536477472,38.89183052913051,0.1158578285130255,100.4318902844646,101.36674850009364,33.599853515625,101.36674850009364,100.32769925364116,97.37473132042985,100.4318902844646,40.0,0.6438356164383562,22273.248680819073,21959.5,313.74868081907334,9015.0,9575.0,761.0,0.0794778067885117,2,1,1.75,0.9131707317073172,27.104544511273733,4.243172525863362,0.6438356164383562,4.0,4.0,4.0,4.0,48.0,52.0,184.0,0.9863013698630136,67,13.697717961367356,0.0,114,335.8814160092882,22344.91241890163,0.4014856909185703,0.4619648492452144,420.4172446456188,341.9944612110107,0.2015412607501971,0.1464118403670943,0.3744349571612463,0.5407876532115048,0.6531890043001316,1.0,291.97283537668795,335.68582311861667,100.4366398488241,97.37473132042985,22344.91241890163,184.0,9014.0,28.444506901095167,11.2,50.2632,0.488311,363.6038,293.9058,293.2041,101.5,102.0481,17735.498,0.907521,23101.8457,23156.0,23866.5
225,148.787737533393,200.36737560200285,427.99616830092714,185.13459464396715,0.9760878749471904,291.9645482068978,347.2001288767684,287.0450736009466,383.4548278446152,36.25469896784682,0.1044201771616124,100.43954365012144,101.37211675114727,33.98748779296875,101.37211675114727,100.33181014690838,97.38065221804256,100.43954365012144,48.0,0.6438356164383562,22308.168174611772,21957.0,351.168174611772,8902.0,9468.0,738.0,0.0779467680608365,2,1,1.75,0.9072781655034896,26.89304050760441,4.316315062077133,0.6438356164383562,4.0,4.0,4.0,4.0,48.0,52.0,184.0,0.9863013698630136,64,12.405325958210888,0.0,117,335.68582311861667,22338.108060565937,0.348875423238786,0.2015758081750215,420.4172446456188,341.9944612110107,0.1741534551718188,0.1462886645209274,0.3742098567633198,0.5425905883171082,0.6534315613682087,1.0,291.9692123350004,335.68582311861667,100.43954365012144,97.38065221804256,22338.108060565937,184.0,9014.0,28.444506901095167,11.25,50.3759,0.497192,362.6054,293.9123,293.2419,101.5,102.3361,17842.4776,0.912995,23061.3398,23089.0,23814.0
226,148.7962832838128,200.4641198424584,428.2116056407756,185.3032152984131,0.9777346542743336,291.9692123350004,332.8926889825921,298.948079496955,350.5277720078583,17.63508302526617,0.0529752788478582,102.23923432572246,102.23923432572246,33.98748779296875,102.78333203693656,100.69967206055392,98.24764861555016,102.23923432572246,40.0,0.6301369863013698,22338.108060565937,22001.5,336.6080605659372,9246.0,9791.0,724.0,0.0739454601164334,2,1,1.7,0.9087221095334684,26.674403541649987,4.13506148139295,0.6301369863013698,4.0,4.0,4.0,4.0,48.0,56.0,180.0,0.9726027397260274,65,12.415284531031231,0.0136986301369863,113,335.68582311861667,22308.168174611772,0.0971209447625059,0.2735802853035283,420.4172446456188,341.9944612110107,0.208184979987687,0.1462750264985861,0.3741849336606865,0.5425905883171082,0.7104689111164543,1.0,291.9645482068978,335.8814160092882,102.23923432572246,98.24764861555016,22308.168174611772,180.0,8957.0,28.444506901095167,11.3,50.4887,0.506069,361.607,290.9347,290.2787,99.0,102.8507,17856.1276,0.913693,23020.8125,23047.0,23776.0
227,148.8056193535629,200.5442726752305,427.86766446630475,185.3783159403463,0.9772222222222222,291.92734371754466,356.5214098416594,510.4816096683367,353.44545275204393,3.0759570896154855,0.0086276924883181,102.2811858900881,102.3087042487466,35.19366455078125,102.89355962451172,101.63616569375252,98.2493853295287,102.2811858900881,40.0,0.6301369863013698,22350.42614509179,8817.5,13532.926145091791,8827.0,9360.0,701.0,0.0748931623931623,2,1,1.7894736842105263,0.928345626975764,27.08738645168046,4.48735010804334,0.6301369863013698,4.0,8.0,4.0,8.0,48.0,52.0,180.0,0.9726027397260274,59,13.411738067233555,0.0,121,335.68582311861667,22301.282344224503,0.0806947259724468,0.3520449373519892,420.4172446456188,341.9944612110107,0.1519819551118054,0.1463974513393495,0.3744086616173397,0.5425905883171082,0.7117984762920974,1.0,291.92734371754466,335.8814160092882,102.2811858900881,98.2493853295287,22301.282344224503,180.0,8956.0,28.444506901095167,11.35,50.6015,0.514939,360.6088,290.9108,290.2636,98.5,102.8493,17373.1319,0.888978,22980.2715,23006.0,23734.0
228,148.8251385318213,200.54940568914037,427.4465978725101,185.17740564605396,0.9786997164163428,291.9768177874821,334.82467715065536,326.3034830551453,363.2691840517505,28.444506901095167,0.0849534363570713,102.30297228199412,102.3670290464646,35.19366455078125,102.98063471617353,101.63188734768389,99.1810199834582,102.30297228199412,44.0,0.6301369863013698,22344.91241890163,21975.5,369.4124189016293,9014.0,9521.0,690.0,0.0724713790568217,2,1,1.736842105263158,0.9269602577873256,25.52951390385608,4.062642757784639,0.6301369863013698,4.0,8.0,4.0,8.0,48.0,52.0,180.0,0.9726027397260274,61,13.301838499931293,0.0,113,337.4290815128212,22274.174622721024,0.0201828182294333,0.4665426269511504,420.4172446456188,341.9944612110107,0.2035895734179784,0.1462527879732755,0.3741442933805303,0.5265215903782874,0.7124889494226989,1.0,291.92242274975376,335.68582311861667,102.30297228199412,99.1810199834582,22274.174622721024,180.0,8902.0,26.888913403207823,11.4,50.7143,0.523799,359.6107,296.8395,296.0713,88.5,103.0855,17613.9615,0.901302,22939.7363,22956.0,23692.0
229,148.814130898738,200.6208802366175,424.2379508265767,185.34433638575427,0.9769915254237288,289.96701672973904,343.69705350498725,313.47519968806773,364.5622010334269,20.865147528439593,0.0607079616064757,102.39658879308767,103.237308125816,35.150390625,103.237308125816,101.78478160083908,99.74481791374404,102.39658879308767,40.0,0.6527777777777778,22264.492513794372,21943.0,321.4925137943719,8897.0,9440.0,709.0,0.0751059322033898,2,1,1.75,0.9183266932270916,23.9574443929645,4.461197262728384,0.6527777777777778,4.0,4.0,4.0,4.0,52.0,52.0,176.0,1.0,61,14.822060507109596,0.0226407914764079,116,337.4290815128212,22273.248680819073,0.0723172104215589,3.212986420331397,420.4172446456188,341.9944612110107,0.1824858331044462,0.152129494428188,0.3848838093056421,0.5265215903782874,0.7154559246689699,1.0,289.96701672973904,335.68582311861667,102.39658879308767,99.74177855268866,22273.248680819073,176.0,8902.0,24.268118952699467,11.45,50.8271,0.532646,358.6126,290.8327,290.089,90.5,104.078,17542.9272,0.897667,22899.2246,22919.0,23652.0
230,148.81117428559568,200.7278606063512,423.3339901736893,185.47027766071744,0.9767567567567568,287.9426292817885,329.58238140008933,292.44358841415533,352.0429895999023,22.460608199812953,0.0681486920034945,102.4446832010898,103.30583661274385,35.150390625,103.30583661274385,102.26721454897678,99.74574228083776,102.4446832010898,48.0,0.6527777777777778,22274.174622721024,21885.5,388.6746227210242,9061.0,9620.0,737.0,0.0766112266112266,2,1,1.6363636363636365,0.8854824165915239,24.381098882108382,4.589374295026273,0.6527777777777778,4.0,4.0,4.0,4.0,52.0,52.0,176.0,1.0,66,16.170629834817294,0.0,112,337.4290815128212,22264.492513794372,0.1070212178478198,0.9126916602599005,420.4172446456188,341.9944612110107,0.2160588425008509,0.1580488518376096,0.3957012686517305,0.5265215903782874,0.7169801741454725,1.0,287.9426292817885,337.4290815128212,102.4446832010898,99.74481791374404,22264.492513794372,176.0,8897.0,24.22749924421464,11.5,50.9398,0.541477,357.6142,287.8936,287.1916,103.0,104.0773,17804.2929,0.911041,22858.7383,22901.0,23615.5
231,148.84294563523756,200.88201220877536,423.9241154624864,185.23221399652977,0.9761920137767732,287.927176518358,337.4290815128212,332.6472993051758,364.317994916029,26.888913403207823,0.0796875991916723,102.44885996358953,103.37675617198404,35.19366455078125,103.37675617198404,102.29557797469514,99.74591447036732,102.44885996358953,48.0,0.6527777777777778,22263.07089068232,21876.5,386.57089068232017,8738.0,9291.0,718.0,0.077279087288774,2,1,1.6363636363636365,0.8805834092980857,22.836014383908136,4.663983095708451,0.6527777777777778,4.0,4.0,4.0,4.0,52.0,52.0,176.0,1.0,62,14.937074097491976,0.0,114,334.82467715065536,22263.07089068232,0.1573916617486712,0.6363349469299197,420.4172446456188,341.9944612110107,0.1973947648192942,0.1580940360881843,0.3957838416000876,0.5505284550327929,0.7171125477065199,1.0,287.927176518358,334.82467715065536,102.44885996358953,99.74563608180328,22263.07089068232,176.0,8897.0,24.22749924421464,11.55,51.0526,0.55029,356.616,290.9069,290.1439,93.0,103.5136,17773.0307,0.909441,22818.3047,22852.0,23578.5
232,152.7807937325972,200.25154406430931,423.8923622716268,185.49012551137807,0.97414030261348,283.95840065545895,339.424934780169,332.6476523800084,369.3516027258469,29.926667945677877,0.0881687374118819,103.40015311199744,104.17229981863224,32.3936767578125,104.17229981863224,102.31956560761571,99.74177855268866,103.40015311199744,40.0,0.6197183098591549,22194.797956724957,21840.5,354.29795672495675,8840.0,9451.0,786.0,0.0831658025605756,2,1,1.5909090909090908,0.88,21.321972613928104,4.109329562768057,0.6197183098591549,4.0,4.0,4.0,4.0,48.0,52.0,176.0,0.9859154929577464,65,14.40125625638976,0.0330594679186229,115,337.4290815128212,22201.36763419528,3.987999212520667,0.2598588359496607,420.4172446456188,341.9944612110107,0.1926474494016543,0.1696988318174646,0.4169912797286493,0.5265215903782874,0.7472617509859841,1.0,283.9792842047618,334.82467715065536,103.40015311199744,99.74574228083776,22201.36763419528,176.0,8868.0,24.268118952699467,11.6,51.1654,0.559081,355.6185,290.9333,290.2105,93.0,103.5603,17722.7445,0.906868,22777.9316,22803.0,23525.5
233,152.8224572490771,200.74337668565457,423.92635196622234,185.26840136203967,0.9748098055790364,283.9570274826677,334.23637755923045,331.85670348318075,358.5044965119299,24.268118952699467,0.0726076530924551,104.04440937647512,104.30305898074856,32.78131103515625,104.82638491090466,102.33137551087437,99.74563608180328,104.04440937647512,44.0,0.6197183098591549,22177.47173425416,21792.5,384.97173425415895,8868.0,9464.0,767.0,0.081043956043956,2,1,1.6666666666666667,0.8932692307692308,21.19913221054756,4.360902489718815,0.6197183098591549,4.0,4.0,4.0,4.0,48.0,52.0,176.0,0.9859154929577464,67,14.609420525188172,0.0,113,334.23637755923045,22198.26643616189,0.493594140995225,0.2243142834028551,420.4172446456188,341.9944612110107,0.2049888965877995,0.1697028470076124,0.4169986173758273,0.5559512798724402,0.7676800764141805,1.0,283.9675753905247,334.23637755923045,104.04440937647512,99.74591447036732,22198.26643616189,176.0,8897.0,24.268118952699467,11.65,51.2782,0.567847,354.6206,287.9368,287.2156,93.5,103.5562,17676.3547,0.904494,22737.6328,22759.0,23477.0
234,152.8459654968839,200.71800441001596,423.6363064731811,185.2421344685531,0.9765569301740408,283.9675753905247,334.17142597267053,289.1217228737077,351.839272461887,17.66784648921646,0.052870608065279,104.28201061252857,104.36875679524891,32.78131103515625,104.89943317963449,102.79885667139908,99.8120584975052,104.28201061252857,44.0,0.647887323943662,22168.324572701706,21784.5,383.8245727017056,8979.0,9538.0,749.0,0.0785279932899979,2,1,1.7,0.922920892494929,20.135360665402903,4.251717697191794,0.647887323943662,4.0,4.0,4.0,4.0,48.0,56.0,172.0,0.971830985915493,64,12.471533829904589,0.0281690140845071,113,334.23637755923045,22194.797956724957,0.0345888722861643,0.2912324462126003,420.4172446456188,341.9944612110107,0.2051433897428427,0.1696720046722726,0.4169422538745889,0.5559512798724402,0.7752103398006202,1.0,283.96708975333524,334.17142597267053,104.28201061252857,99.8120584975052,22194.797956724957,176.0,8892.0,24.268118952699467,11.7,51.391,0.576586,353.6225,284.871,284.1177,103.0,104.0437,16969.9124,0.868346,22697.4238,22718.0,23435.0
235,152.8475603348951,200.74122072575423,424.1372638515712,185.10012502213644,0.975078556723372,283.96708975333524,341.73382778523205,310.9252766569792,365.9613270294467,24.22749924421464,0.0708958179564265,104.3287901372634,104.43563237196092,33.599853515625,104.96596556059296,103.32768335199545,100.31100771685436,104.3287901372634,44.0,0.647887323943662,22178.058133051716,21829.5,348.55813305171614,8654.0,9229.0,728.0,0.0788817856755878,2,1,1.7,0.9176954732510288,20.53594842801425,4.280028469761577,0.647887323943662,4.0,4.0,4.0,4.0,48.0,56.0,172.0,0.971830985915493,63,14.19563243747997,0.0,116,334.17142597267053,22179.835284033074,0.0232710297310211,0.5206966274473799,420.4172446456188,341.9944612110107,0.1871555409833655,0.1696734246870522,0.4169448489116996,0.556549990261,0.7766929168620738,1.0,283.95840065545895,333.23454301114435,104.3287901372634,100.31100771685436,22179.835284033074,172.0,8892.0,26.888913403207823,11.75,51.5038,0.585295,352.6245,284.8652,284.1863,103.0,104.8309,17374.2939,0.889038,22657.3184,22693.0,23394.0
236,152.8254751466999,200.76389442995804,423.78427444412125,185.0359484737519,0.9775641702756944,283.93463437959633,333.23454301114435,286.711200728251,364.94792263060685,31.7133796194625,0.0951683439924831,104.353720768525,104.44456722384037,33.98748779296875,105.02283116408486,103.44701195137114,100.70853715973368,104.353720768525,52.0,0.647887323943662,22201.36763419528,21826.0,375.3676341952778,8936.0,9467.0,712.0,0.0752086194148093,2,1,1.736842105263158,0.9358288770053476,20.55141485586626,4.356677476864742,0.647887323943662,4.0,8.0,4.0,8.0,48.0,52.0,172.0,0.971830985915493,68,14.102211693107622,0.0,113,333.23454301114435,22178.058133051716,0.0316520520652024,0.3587759065690368,420.4172446456188,341.9944612110107,0.2073718496204005,0.1697683249776125,0.4171182765262297,0.5651859850324752,0.7774830399393279,1.0,283.958204799357,333.23454301114435,104.353720768525,100.70853715973368,22178.058133051716,172.0,8868.0,29.398165174423298,11.8,51.6165,0.593969,351.6263,287.8562,287.1418,94.5,104.8293,17505.8518,0.89577,22617.332,22664.0,23345.0
237,152.84794418470003,200.78141191407377,423.8671057097173,185.08857517440316,0.9773955773955774,283.9792842047618,322.6267759249482,328.52290207382845,359.7343699864776,37.10759406152937,0.1150170935290306,104.97547317387092,105.2312805819875,33.98748779296875,105.3036247651266,103.83726479024602,100.74307181198692,104.97547317387092,48.0,0.6338028169014085,22179.835284033074,21803.5,376.3352840330735,8832.0,9361.0,696.0,0.07435103087277,2,1,1.736842105263158,0.9386637458926615,19.64032535283421,4.383570356449474,0.6338028169014085,4.0,8.0,4.0,8.0,48.0,48.0,176.0,0.9859154929577464,58,13.449156808028125,0.0140845070422535,109,322.6267759249482,22177.47173425416,0.0284906988049921,0.0981355602301265,420.4172446456188,341.9944612110107,0.2326033719266221,0.1696377678188579,0.4168796869869463,0.6629662039663172,0.7971881536465402,1.0,283.9570274826677,322.6267759249482,104.97547317387092,100.70853715973368,22177.47173425416,172.0,8892.0,29.398165174423298,11.85,51.7293,0.602607,350.6282,284.8692,284.1882,94.5,105.0258,17448.8555,0.892853,22577.4785,22627.0,23312.0
238,152.85156873946642,200.88579981012475,423.503929169762,185.02322835548145,0.9803756543159192,283.958204799357,321.0497643701934,289.2130333498069,339.3186194491659,18.268855078972535,0.056903499414836,105.2330066464066,105.30065993849384,33.599853515625,105.63892639893004,103.85907375948828,100.74331663490106,105.2330066464066,48.0,0.647887323943662,22198.26643616189,21830.0,368.26643616189176,9265.0,9743.0,677.0,0.0694857846659139,2,1,1.6842105263157894,0.9366666666666666,19.171441327518497,4.065208468396316,0.647887323943662,4.0,8.0,4.0,8.0,48.0,52.0,172.0,0.971830985915493,70,13.025674601338077,0.0140845070422535,109,321.0497643701934,22168.324572701706,0.1044508029610615,0.3690086800023732,420.4172446456188,341.9944612110107,0.2363544348880955,0.1696994045054001,0.4169923262997602,0.6775027726741453,0.8053501266700395,1.0,283.93463437959633,321.0497643701934,105.2330066464066,100.74307181198692,22168.324572701706,172.0,8892.0,29.398165174423298,11.9,51.8421,0.611206,349.63,281.9182,281.2917,100.0,105.0792,17296.5456,0.885059,22537.7734,22583.0,23283.5
239,152.83165193270423,200.86103806254988,419.9177906929649,185.00805022346591,0.9761023580416622,279.9873397451563,310.07302898137755,310.4619064212803,339.84880293349534,29.775773952117788,0.0960282616322172,105.37733543276732,106.23087581370352,35.150390625,106.23087581370352,103.90024390256453,101.37283103262703,105.37733543276732,40.0,0.6571428571428571,22091.199318642608,21743.5,347.699318642608,8892.0,9457.0,745.0,0.0787776250396531,2,1,1.6363636363636365,0.8925318761384335,18.956576449202327,4.426695087087293,0.6571428571428571,4.0,4.0,4.0,4.0,52.0,52.0,168.0,1.0,64,15.934195422040627,0.0092555331991951,105,319.8448637755279,22091.199318642608,0.0317777175795204,3.5861705969538074,420.4172446456188,341.9944612110107,0.2624635812863799,0.1813103090801109,0.4382109281717025,0.6886092989564971,0.8099243191009954,1.0,279.9873397451563,319.8448637755279,105.37733543276732,100.74331663490106,22091.199318642608,168.0,8892.0,29.398165174423298,11.95,51.9549,0.619762,348.6315,281.9062,281.2249,92.5,105.1384,17230.4449,0.881677,22498.2305,22518.0,23239.0
240,156.8583882516542,200.97592163332564,420.0836873796932,185.02119276200003,0.9745840266222962,275.93842934227894,310.782007382836,317.6998942537259,340.1801725572593,29.398165174423298,0.0945941672170527,106.0436711548036,106.30041449701736,33.55657958984375,106.80203396542336,104.35148379514688,100.81423154402398,106.0436711548036,40.0,0.6231884057971014,21980.72078209221,21632.5,348.22078209220854,9005.0,9616.0,819.0,0.0851705490848585,2,1,1.5909090909090908,0.8944444444444445,18.12758966926269,4.53191491139845,0.6231884057971014,4.0,4.0,4.0,4.0,48.0,52.0,168.0,0.9855072463768116,62,14.022819349572853,0.0339544513457557,105,317.7958792338349,22032.84518117305,4.028374810911323,0.1664164564775931,420.4172446456188,341.9944612110107,0.2607772127786939,0.1931494201246,0.4598465709551144,0.7074964177488692,0.8310424057493243,1.0,275.98941527832903,317.7958792338349,106.04033605204488,100.81022089859133,22032.84518117305,168.0,8892.0,29.398165174423298,12.0,52.0677,0.628273,347.6339,281.8849,281.0703,96.0,105.4725,17122.6501,0.876161,22458.8691,22489.0,23202.5
241,156.8644334910778,200.7786089549975,419.2200674672689,185.1772428687555,0.9732767762460232,275.92806645140104,299.3782548293966,267.2118667793726,345.14092661175414,45.76267178235753,0.1528590371683334,106.04033605204488,106.29875332215144,32.0,106.81943245240446,105.30107771375532,100.81153747597284,106.04033605204488,44.0,0.6231884057971014,22031.5636782116,21643.0,388.563678211598,8800.0,9430.0,805.0,0.0853658536585365,2,1,1.5909090909090908,0.889934148635936,18.125444190416214,4.608751982315656,0.6231884057971014,4.0,4.0,4.0,4.0,48.0,52.0,168.0,0.9855072463768116,59,14.679899474649066,0.0,101,312.9352298402185,22032.526855025313,0.1974052632244088,0.8776052580484616,420.4172446456188,341.9944612110107,0.2879020576766523,0.1931797214658592,0.4599019458048711,0.7523008858340456,0.830936706795013,1.0,275.93842934227894,312.9352298402185,106.0436711548036,100.81153747597284,22032.526855025313,168.0,8926.0,29.398165174423298,12.05,52.1805,0.636735,346.6359,284.8588,284.0625,91.5,106.0577,17120.8783,0.876071,22419.6973,22470.0,23162.5
242,156.81884383387293,200.76443199315813,420.22749092675485,184.97856089184637,0.9761845900288422,275.9278813602498,319.8448637755279,313.6232038245536,344.6345124734917,24.7896486979638,0.0775052267694426,106.27829034960764,106.4349169627186,32.0,106.95590587147498,105.40659402453755,100.38074683027963,106.27829034960764,48.0,0.6231884057971014,22032.457605830183,21676.0,356.45760583018273,9130.0,9708.0,788.0,0.0811701689328388,2,1,1.619047619047619,0.9084712755598832,16.44756668170591,4.362790881857906,0.6231884057971014,4.0,4.0,4.0,4.0,48.0,52.0,168.0,0.9855072463768116,77,14.335961240431242,0.0,108,310.782007382836,22032.457605830183,0.0477430946949661,1.0268283959217763,420.4172446456188,341.9944612110107,0.2392203986657732,0.1931802626768209,0.459902934852697,0.7721488483303284,0.8384781597114438,1.0,275.92806645140104,312.8088709749303,106.27773715282646,100.81423154402398,22032.457605830183,168.0,8926.0,29.398165174423298,12.1,52.2932,0.645146,345.6377,275.8378,275.0582,106.0,105.997,17044.2321,0.872149,22380.7324,22413.0,23119.0
243,156.84629400080792,200.7719238541643,419.3519801280193,185.02689187760808,0.974048927686173,275.9232381046306,317.7958792338349,308.1802387618383,353.8367445214969,36.04086528766197,0.1134088502800976,106.27773715282646,106.43192342660562,32.756591796875,106.96041131011368,105.40400609107375,100.81022089859133,106.27773715282646,48.0,0.6231884057971014,22032.84518117305,21626.0,406.84518117304833,8677.0,9279.0,768.0,0.0827675396055609,2,1,1.619047619047619,0.9067460317460316,16.250939773519846,4.3243050923600235,0.6231884057971014,4.0,4.0,4.0,4.0,48.0,52.0,168.0,0.9855072463768116,59,15.477252399635445,0.0,108,312.8088709749303,22031.5636782116,0.0284541674644375,0.8768437961731008,420.4172446456188,341.9944612110107,0.2440940915691654,0.1931938396675204,0.4599277464217198,0.7534656359093173,0.838460627321731,1.0,275.9278813602498,310.782007382836,106.27829034960764,101.37283103262703,22031.5636782116,168.0,8967.0,27.27054598792472,12.15,52.406,0.653503,344.6396,281.8622,281.1025,93.5,105.9925,17035.5938,0.871707,22341.9922,22381.0,23077.5
244,156.43513681798663,201.0304826359495,419.17448089712735,184.98666916930105,0.9739604489577766,275.86381354519796,312.9352298402185,294.79404748011433,340.2057758281432,27.27054598792472,0.0871443780933478,106.41765541237724,107.08896050935532,33.98748779296875,107.08896050935532,105.51031630978548,101.74107334836236,106.41765541237724,48.0,0.6376811594202898,22029.98328351817,21624.5,405.4832835181696,8746.0,9355.0,776.0,0.0829502939604489,2,1,1.619047619047619,0.9000979431929481,8.73575908859846,4.628657908696301,0.6376811594202898,4.0,4.0,4.0,4.0,48.0,52.0,168.0,0.9855072463768116,62,14.941872211575294,0.0144927536231883,106,312.8088709749303,22029.98328351817,0.4856983350020901,0.18199956931484,420.4172446456188,341.9944612110107,0.2556555806743842,0.193367598503328,0.460245285811955,0.7534656359093173,0.8428950375314176,1.0,275.9232381046306,310.16824334436933,106.41765541237724,101.74051901806354,22029.98328351817,168.0,8967.0,29.398165174423298,12.2,52.5188,0.661803,343.6416,281.8956,281.1304,92.5,106.1539,17174.4103,0.87881,22303.4883,22337.0,23035.0
245,156.3538365699403,200.76358428091396,418.7735727345987,185.01308311981316,0.9753574432296048,275.98941527832903,310.16824334436933,297.10585301250615,336.85400335320975,26.68576000884042,0.0860364030859604,106.9919031618737,107.37048922749617,33.98748779296875,107.58694737323589,105.52000746564768,101.74051901806354,106.9919031618737,48.0,0.6231884057971014,22017.35913887637,21614.0,403.3591388763707,8926.0,9512.0,759.0,0.079793944491169,2,1,1.619047619047619,0.8987090367428004,8.451169715507058,4.534910852892293,0.6231884057971014,4.0,8.0,4.0,8.0,48.0,48.0,168.0,0.9855072463768116,60,12.976382384709328,0.0144927536231883,105,312.8088709749303,22017.35913887637,0.27900620468565,0.4017773656687936,420.4172446456188,341.9944612110107,0.2622371054122229,0.1930003360257829,0.4595741239534288,0.7534656359093173,0.8610945926962152,1.0,275.86711357725085,310.16824334436933,106.9919031618737,101.74107334836236,22017.35913887637,168.0,8968.0,29.398165174423298,12.25,52.6316,0.670042,342.6434,278.8901,278.1259,94.5,105.6851,17416.8456,0.891215,22265.2383,22315.0,22996.0
246,156.40829854350227,200.84305222357565,419.579222308413,184.99789305085227,0.9767046037116784,275.86711357725085,312.8088709749303,285.34958560834076,338.0773682208769,25.268497245946605,0.0807793499180262,107.41792373150284,107.50976499280006,33.599853515625,108.1540307427811,105.94682025106202,102.27499320676368,107.41792373150284,48.0,0.6376811594202898,22032.526855025313,21665.0,367.5268550253131,9185.0,9753.0,747.0,0.0765918179021839,2,1,1.5714285714285714,0.8960244648318043,7.209417725592534,4.2795965573027575,0.6376811594202898,4.0,8.0,4.0,8.0,48.0,48.0,168.0,0.9855072463768116,63,12.88798290665648,0.0144927536231883,106,310.16824334436933,22017.35913887637,0.0963392987059044,0.8057927611875364,420.4172446456188,341.9944612110107,0.2559561365314463,0.1933579491305247,0.460227651854281,0.7778063992142545,0.8745964041793299,1.0,275.86381354519796,310.16824334436933,107.41792373150284,102.27499320676368,22017.35913887637,168.0,8967.0,27.27054598792472,12.3,52.7444,0.678218,341.7055,278.8988,278.1547,96.5,107.0276,17058.9723,0.872903,22227.2578,22263.0,22959.0
247,156.43297637713505,201.11322809442575,416.26943367059874,184.9867847602009,0.975070584544599,273.9862800413969,309.72158242442555,292.62261658762895,340.80127015839645,31.0796877339709,0.1003471811382553,107.52136040983348,108.22164452757906,33.599853515625,108.69921138010102,106.9294425914222,103.34680080330553,107.52136040983348,40.0,0.6323529411764706,21929.739169214823,21575.0,354.73916921482305,8967.0,9563.0,770.0,0.0805186656906828,2,1,1.6666666666666667,0.9032567049808428,7.230479962451727,4.546686701369032,0.6323529411764706,8.0,4.0,8.0,4.0,44.0,48.0,168.0,1.0,64,14.45581389240799,0.0053282182438192,105,309.72158242442555,21934.80014090571,0.2713005651716013,3.3098072785474524,420.4172446456188,341.9944612110107,0.2632995283399986,0.1988575514609071,0.470278020587528,0.7819236278625087,0.8778746086389775,1.0,273.9862800413969,312.8088709749303,107.52136040983348,102.38648895572942,21934.80014090571,168.0,8967.0,27.27054598792472,12.35,52.8571,0.686328,340.7079,278.9158,278.2445,96.5,107.0201,17058.2136,0.872864,22189.5625,22220.0,22922.0
248,156.43013773250286,201.09751343183075,415.69323761754,184.99561082949052,0.9756485355648536,273.97513140217586,306.2144823726537,298.19410345350263,333.4193877744057,27.204905401752,0.0888426477773329,107.52450857654124,108.29578043345488,33.599853515625,108.76586650859998,107.43415284201068,103.34762268997602,107.52450857654124,40.0,0.6323529411764706,21934.80014090571,21583.5,351.3001409057106,8978.0,9560.0,759.0,0.0793933054393305,2,1,1.6666666666666667,0.9021526418786692,7.120662299842996,4.790965243124569,0.6323529411764706,8.0,4.0,8.0,4.0,44.0,48.0,168.0,1.0,67,15.578495198662749,0.0,104,309.72158242442555,21929.739169214823,0.015968986311708,0.5762636471786202,420.4172446456188,341.9944612110107,0.271641479333774,0.198890150349151,0.4703375941398439,0.7819236278625087,0.8779743830546654,1.0,273.97513140217586,312.8088709749303,107.52450857654124,102.38732614511818,21929.739169214823,168.0,8926.0,27.27054598792472,12.4,52.9699,0.694369,339.7106,269.9022,269.1262,105.0,108.0059,16803.3462,0.859823,22152.1641,22182.0,22880.5
249,160.36531219199804,200.7349500935888,415.7935803524179,184.9913597969834,0.9714611162887026,267.96397285053223,300.2349997493068,285.1610468716564,341.1776094227332,40.94260967342643,0.1363685436661718,108.08161711711732,108.29588802625938,32.0,108.77441033913294,107.49501318678082,102.38648895572942,108.08161711711732,40.0,0.6417910447761194,21844.216858415555,21509.0,335.2168584155552,8968.0,9657.0,878.0,0.0909185047116081,2,1,1.565217391304348,0.8731277533039647,7.512230237109787,4.773986762279749,0.6417910447761194,4.0,4.0,4.0,4.0,44.0,48.0,168.0,0.9850746268656716,65,16.034259914273456,0.0094381035996488,102,309.72158242442555,21888.64988826547,3.951841368387702,0.1004327422714249,420.4172446456188,341.9944612110107,0.2858642132950967,0.2164669220031654,0.5024586504727747,0.7819236278625087,0.8956307476218485,1.0,267.96397285053223,312.8088709749303,108.08161711711732,102.38861436821853,21888.64988826547,168.0,8967.0,27.204905401752,12.45,53.0827,0.702338,338.7734,269.8988,269.1337,104.0,107.0069,16900.3913,0.864788,22115.0801,22153.0,22858.5
250,160.45405127086983,200.7993738650005,415.5587520718065,184.9388667905116,0.9716642606723036,267.9255505400138,295.6400451651311,305.16067501628135,326.2477883775853,30.60774321245424,0.103530437479666,108.14169925600348,108.37140209320896,31.5751953125,108.83869323585564,107.49916169699704,102.38861436821853,108.14169925600348,48.0,0.6268656716417911,21879.88709008705,21525.0,354.8870900870461,9011.0,9698.0,879.0,0.0906372447927407,2,1,1.565217391304348,0.8616740088105727,6.2869274239732515,4.8995654180106,0.6268656716417911,4.0,4.0,4.0,4.0,48.0,48.0,164.0,1.0,63,15.808322068564893,0.0149253731343282,100,309.72158242442555,21888.64988826547,0.1096587727540483,0.2406238498223981,420.4172446456188,341.9944612110107,0.2967937235440135,0.2165792697598584,0.5026639628414307,0.7819236278625087,0.8975349226091018,1.0,267.9494707066095,311.5420324976546,108.14169925600348,102.39000173947858,21888.64988826547,164.0,8967.0,26.68576000884042,12.5,53.1955,0.710232,338.6517,275.894,275.1128,95.5,107.3673,16946.0135,0.867123,22078.3281,22110.0,22826.5
251,160.45904876945892,200.80440240893776,415.79227097922006,185.00275766288544,0.9708097727515204,267.9010915590203,320.3791534905792,290.2780372846447,334.97176180199364,14.592608311414438,0.0455479332922438,108.20358920860863,108.37225780599384,35.96893310546875,108.90820141126665,107.52891481906786,102.39000173947858,108.20358920860863,48.0,0.6268656716417911,21848.418139326383,21459.5,388.91813932638615,8689.0,9373.0,862.0,0.0919662861410434,2,1,1.5909090909090908,0.869683257918552,6.533470669088603,4.778429620804599,0.6268656716417911,4.0,4.0,4.0,4.0,48.0,52.0,160.0,0.9850746268656716,60,14.0929154304275,0.0,109,316.1501347344258,21879.88709008705,0.0070895166462005,0.2421014739573252,420.4172446456188,341.9944612110107,0.2379495428151726,0.2166507884064086,0.5027946611585001,0.7226665526277537,0.8994963923886036,1.0,267.9255505400138,311.5420324976546,108.20358920860863,103.31010819947772,21879.88709008705,160.0,8967.0,27.204905401752,12.55,53.3083,0.718048,336.7794,269.8341,268.9841,107.5,107.4834,16674.4647,0.853228,22041.9238,22073.0,22788.0
252,160.44461542928616,200.8038215958985,414.83960329423576,184.9616159098896,0.971222104144527,267.9494707066095,348.44738402779717,259.4037749768802,377.2147207598374,28.767336732040235,0.0825586244887559,108.35561822763752,109.29305858259328,30.36279296875,109.29305858259328,107.5227669887467,102.38732614511818,108.35561822763752,44.0,0.6268656716417911,21871.551895218556,21495.0,376.5518952185557,8733.0,9410.0,849.0,0.0902231668437832,2,1,1.5909090909090908,0.8673376029277219,5.860860760885473,4.688788731987991,0.6268656716417911,4.0,4.0,4.0,4.0,48.0,52.0,160.0,0.9850746268656716,63,15.068231371645831,0.0,118,316.1501347344258,21871.551895218556,0.0144450217143868,0.9535556417183678,420.4172446456188,341.9944612110107,0.1711867472955039,0.2165093266195191,0.502536143717694,0.7226665526277537,0.9043146272373992,1.0,267.90866518157566,309.72158242442555,108.35561822763752,103.34680080330553,21871.551895218556,160.0,8786.0,28.767336732040235,12.6,53.4211,0.725783,336.6556,266.8476,265.9911,107.0,107.4792,16530.0477,0.845838,22005.8789,22033.0,22748.0
253,160.58488362895542,200.88130456332607,415.81587391081246,184.9594607115074,0.9717036235803136,267.90866518157566,336.2021018643119,303.05052713810926,346.2109175801475,10.008815715835624,0.029770235404046,108.4172718085976,109.36876602174686,34.3751220703125,109.36876602174686,107.52659368994809,103.31010819947772,108.4172718085976,44.0,0.6268656716417911,21855.904262982767,21477.5,378.4042629827673,8591.0,9245.0,834.0,0.0902109248242293,2,1,1.619047619047619,0.896817743490839,6.020288435979779,4.5262014758564755,0.6268656716417911,4.0,4.0,4.0,4.0,48.0,52.0,160.0,0.9850746268656716,61,14.066717154505438,0.0,114,316.1501347344258,21871.551895218556,0.1602459923986761,0.9762729954634174,420.4172446456188,341.9944612110107,0.2003132456003181,0.2166286429525654,0.5027541909638356,0.7226665526277537,0.9062686057227723,1.0,267.90866518157566,306.2144823726537,108.4172718085976,103.34762268997602,21871.551895218556,160.0,8786.0,27.204905401752,12.65,53.5338,0.733434,335.6576,266.859,265.9781,106.0,108.0963,16805.6521,0.859941,21970.2129,21987.0,22711.5
254,160.66012633216351,200.88018658196,415.5350746643125,184.8735515355697,0.97467673528499,267.902016207722,316.1501347344258,301.86921281505545,339.23868750026065,23.088552765834834,0.0730303429578791,108.4502493159938,109.60233200646348,30.756591796875,109.60233200646348,108.07803917288228,103.38775883108514,108.4502493159938,44.0,0.6268656716417911,21888.64988826547,21501.0,387.6498882654705,9055.0,9667.0,812.0,0.0839971035481535,2,1,1.619047619047619,0.8876953125,6.696117359014432,4.467731421305938,0.6268656716417911,4.0,8.0,4.0,8.0,48.0,48.0,160.0,0.9850746268656716,70,14.120296821319693,0.0,107,316.1501347344258,21869.988360818195,0.0752510084211209,0.2936470727680902,420.4172446456188,341.9944612110107,0.2480086419839475,0.2166480847114469,0.502789720231925,0.7226665526277537,0.9073137573417056,1.0,267.9029379180247,302.2821637216006,108.4502493159938,103.38586237336044,21869.988360818195,160.0,8785.0,28.767336732040235,12.7,53.6466,0.740998,334.6595,272.8555,272.0095,96.0,108.0838,16828.8795,0.861129,21934.9414,21957.0,22679.0
255,160.71467683767787,200.94902575794617,415.4373806680207,184.8577437953521,0.974629570408272,267.9029379180247,311.5420324976546,289.8123441622763,320.9035337220783,9.361501224423703,0.0300489187586403,109.15502405584633,109.60518876799136,32.0,110.05353234888152,108.50246658572632,103.38853601775573,109.15502405584633,44.0,0.6268656716417911,21890.317225246297,21468.0,422.3172252462973,8786.0,9381.0,783.0,0.0834665813879117,2,1,1.65,0.9033570701932858,6.904476274671225,4.497238256282073,0.6268656716417911,4.0,8.0,4.0,8.0,48.0,48.0,160.0,0.9850746268656716,62,13.94527202572376,0.0,105,311.5420324976546,21869.988360818195,0.0878327376456115,0.0989646480427745,420.4172446456188,341.9944612110107,0.2589694250999101,0.2166453896084342,0.5027847950068954,0.7651430928760174,0.9296500865096452,1.0,267.902016207722,311.5420324976546,109.15502405584633,103.38775883108514,21869.988360818195,160.0,8733.0,23.088552765834834,12.75,53.7594,0.748473,333.7249,263.9022,263.1343,107.5,108.0672,16970.3861,0.86837,21900.0781,21936.0,22632.0
256,159.50965311004174,201.1287553863956,414.6657643262091,184.9565378905148,0.975869076906621,267.9016263072678,296.86829055353485,289.88702196028004,338.6389482801351,41.770657726600234,0.1407043428205669,109.36952611174388,109.4467669804296,31.9627685546875,110.05757509840996,108.4999610836664,104.30722293601356,109.36952611174388,48.0,0.6268656716417911,21869.988360818195,21471.5,398.48836081819536,8785.0,9349.0,760.0,0.0812921168039362,2,0,1.619047619047619,0.8961165048543689,7.147058086062708,4.6076782491869785,0.6268656716417911,8.0,4.0,8.0,4.0,44.0,52.0,160.0,0.9850746268656716,66,15.022048757825289,0.0,101,302.2821637216006,21855.904262982767,1.218353365616341,0.7779151960141932,420.4172446456188,341.9944612110107,0.2938722320874986,0.2166492247897183,0.5027918036929326,0.8504986619476123,0.9364482707475346,1.0,267.9016263072678,311.5420324976546,109.36952611174388,103.38853601775573,21855.904262982767,160.0,8694.0,23.088552765834834,12.8,53.8722,0.755854,332.7902,263.9051,263.1526,107.5,107.6402,16775.6278,0.858404,21865.6406,21913.0,22593.0
257,163.55777291271735,201.15631003898895,414.26296922628234,184.92171439601051,0.9724935732647816,263.9140584986452,291.4573316580523,311.02296877720147,334.100117096461,42.64278543840874,0.146308844577081,109.52478024278976,110.13404355720758,30.756591796875,110.66576176556195,109.36969003066298,104.30720070092562,109.52478024278976,48.0,0.6363636363636364,21753.789959256806,21387.5,366.28995925680647,8694.0,9336.0,836.0,0.0895458440445587,2,0,1.619047619047619,0.895771878072763,8.006535148412052,4.671211956220245,0.6363636363636364,4.0,8.0,4.0,8.0,44.0,48.0,160.0,0.9696969696969696,64,15.1187702236816,0.0094979647218452,99,302.2821637216006,21855.904262982767,4.048213580790173,0.4042976234094311,420.4172446456188,341.9944612110107,0.3067426815383616,0.228308968618617,0.5240996579296382,0.8504986619476123,0.9413687186291504,1.0,267.9016263072678,302.2821637216006,109.52478024278976,103.47093209819889,21855.904262982767,160.0,8733.0,24.98769921706986,12.85,53.985,0.76314,332.6634,263.9086,263.1822,107.5,108.46,16564.3707,0.847594,21831.6445,21876.0,22555.5
258,160.51249847394374,201.17559542404064,415.4033241480103,184.5276548286426,0.977812402617638,267.9112810944135,302.2821637216006,287.193377411687,311.1573099999537,8.8751462783531,0.0293604695992815,110.0753550533101,110.28993793975124,35.19366455078125,110.75652691290772,109.41786881585558,103.38586237336044,110.0753550533101,48.0,0.6119402985074627,21873.95306791788,21514.5,359.4530679178788,9093.0,9627.0,731.0,0.0759322738132336,2,0,1.6,0.9084210526315788,7.267572745065181,4.632440748351936,0.6119402985074627,8.0,8.0,8.0,8.0,44.0,48.0,160.0,0.9850746268656716,70,12.725027565485323,0.0244233378561736,102,301.4258416015386,21791.797554849345,3.0453355042629644,1.2065207375521605,420.4172446456188,341.9944612110107,0.280994850778772,0.2166209939607409,0.5027402126461944,0.8583920634238302,0.9588180105858,1.0,263.91805509681035,301.4258416015386,109.61264733870136,104.30606115523176,21791.797554849345,160.0,8785.0,24.98769921706986,12.9,54.0977,0.770327,330.7961,269.8724,269.0947,95.5,108.9353,17027.2488,0.87128,21798.1055,21830.0,22514.5
259,164.51542143465545,200.96811188534417,412.3368866382072,184.79299895124308,0.971554032344436,261.96178133718746,294.93214931815197,302.11497913121343,331.7848957517838,36.85274643363181,0.1249533037304714,110.0284376646664,110.2875488166038,31.9627685546875,110.72532578699982,109.5502920161642,104.34664354174538,110.0284376646664,48.0,0.6153846153846154,21679.562984522177,21333.5,346.06298452217743,8673.0,9337.0,850.0,0.0910356645603513,2,0,1.5454545454545454,0.8766603415559773,8.460295403149455,4.937919808407273,0.6153846153846154,4.0,4.0,4.0,4.0,44.0,48.0,160.0,0.9846153846153848,61,16.235624983424223,0.0034443168771527,100,300.9997642709071,21790.881249345457,4.008296601827645,3.0778964415532424,420.4172446456188,341.9944612110107,0.2984775170990943,0.2340174738223115,0.5345317907941975,0.8623195567721813,0.9573310642223912,1.0,263.9164144288284,301.4258416015386,110.0284376646664,104.30686864163768,21790.881249345457,160.0,8786.0,24.98769921706986,12.95,54.2105,0.777412,330.6674,266.8711,266.0621,95.5,108.9397,16592.2084,0.849019,21765.043,21810.0,22494.0
260,164.77487819387483,201.04064141435305,411.5706340715747,184.86789245604533,0.9707306620955646,259.96812392445537,314.16353565328063,304.41838680455754,331.58846669652456,17.42493104324393,0.0554645242548917,110.08425327271942,110.36736908369004,30.0,110.8066085770949,109.56968336224767,104.3466066362402,110.08425327271942,48.0,0.6153846153846154,21676.005623720568,21277.0,399.0056237205681,8651.0,9334.0,878.0,0.0940647096635954,2,0,1.5217391304347827,0.8753339269813001,8.470029515513588,4.956487880861894,0.6153846153846154,0.0,4.0,0.0,4.0,48.0,48.0,160.0,0.9846153846153848,60,17.758586574580097,0.0,106,301.33114729068404,21776.727118885487,0.269403679415984,0.7699039114931422,420.4172446456188,341.9944612110107,0.2527339454924174,0.239846975872352,0.5451850419957355,0.8592649361379376,0.9591000206331188,1.0,263.91602812298413,301.4258416015386,110.0753550533101,104.30720070092562,21776.727118885487,160.0,8785.0,28.65813635062102,13.0,54.3233,0.784393,329.7337,260.7742,259.8723,108.5,108.9385,16703.8027,0.854729,21732.4688,21772.0,22453.5
261,161.49988029308798,201.37861219698988,412.181015416076,184.62991644875405,0.9746408899449184,263.91602812298413,301.4258416015386,275.8245417393789,330.0839779521596,28.65813635062102,0.0950752470271106,110.13623247392172,110.36720876402978,35.19366455078125,110.8110581901212,109.50464047909618,104.38596276005264,110.13623247392172,52.0,0.6212121212121212,21791.797554849345,21411.0,380.79755484934503,8672.0,9259.0,766.0,0.0827303164488605,2,0,1.55,0.8838526912181303,7.629395790080027,4.8247894637585675,0.6212121212121212,8.0,4.0,8.0,4.0,44.0,48.0,160.0,1.0,60,15.579678916244667,0.0058275058275057,102,301.4258416015386,21753.789959256806,3.2923905448889843,0.6551320216273502,420.4172446456188,341.9944612110107,0.2830316894930923,0.2283032093898507,0.5240891331008881,0.8583920634238302,0.9607473903277022,1.0,263.9140584986452,301.4258416015386,110.08425327271942,104.30722293601356,21753.789959256806,160.0,8785.0,28.65813635062102,13.05,54.4361,0.791266,328.7362,260.81,259.9767,107.5,108.9276,16704.3063,0.854755,21700.3984,21767.0,22429.0
262,165.5236134573247,201.0195524183522,411.96511767630216,184.592954224916,0.9726599186058644,259.9598345039904,300.9997642709071,492.739318476286,325.987463487977,24.98769921706986,0.0830156770308309,109.61264733870136,111.20301745972831,31.9627685546875,111.20301745972831,109.59249138462162,103.47093209819889,109.61264733870136,44.0,0.6153846153846154,21710.323652467883,10555.5,11154.823652467883,8928.0,9583.0,847.0,0.0883856829802775,2,0,1.5454545454545454,0.8812260536398467,8.659075677458924,4.759754908303217,0.6153846153846154,4.0,4.0,4.0,4.0,44.0,52.0,156.0,0.9692307692307692,64,15.128617717364897,0.0058275058275057,102,301.4258416015386,21710.323652467883,4.039721834682899,0.219038900724334,420.4172446456188,341.9944612110107,0.2840451525135985,0.2398712143364358,0.5452293371078065,0.8583920634238302,0.9441534784486106,1.0,261.99543153805996,301.4258416015386,110.13623247392172,104.3466066362402,21710.323652467883,156.0,8792.0,28.65813635062102,13.1,54.5489,0.798029,328.6713,260.8088,259.8902,107.5,109.0057,16260.2744,0.832034,21668.8516,21738.0,22403.5
263,162.5095690035253,201.43368349379475,413.01981997207247,184.50085661945312,0.9764005527798448,263.91805509681035,301.33114729068404,510.5026896303411,335.81044026411575,34.47929297343171,0.1144232625251006,110.36756699265575,111.20138010219917,33.98748779296875,111.20138010219917,110.14185291779653,104.30606115523176,110.36756699265575,44.0,0.6212121212121212,21790.881249345457,8969.5,12821.381249345455,8852.0,9407.0,739.0,0.078558520250877,2,0,1.6,0.9176346356916578,7.9954081875149585,4.73237142790046,0.6212121212121212,4.0,8.0,4.0,8.0,48.0,48.0,156.0,0.9848484848484848,64,13.2291105960106,0.0058275058275057,102,303.1548299022569,21706.092806921828,3.042362325089842,1.058715684985899,420.4172446456188,341.9944612110107,0.2832569283767503,0.2282972824698093,0.5240783018210444,0.8424546042767224,0.96807904350164,1.0,261.96178133718746,301.4258416015386,110.36756699265575,104.34664354174538,21706.092806921828,156.0,8852.0,24.98769921706986,13.15,54.6617,0.804677,326.8061,260.7954,259.8604,107.0,109.5876,16581.4794,0.84847,21637.8398,21695.0,22373.0
264,162.4946486266576,201.3263070659415,413.4983041782143,184.40186813934153,0.9766448064311404,263.9164144288284,305.78474002129485,294.75242551354467,329.1341072485824,23.34936722728753,0.0763588373496384,110.55774348290775,111.28479561336496,34.76275634765625,111.28479561336496,110.11585704523928,104.30686864163768,110.55774348290775,44.0,0.6212121212121212,21776.727118885487,21430.5,346.22711888548656,8902.0,9454.0,727.0,0.0768986672308017,2,0,1.6,0.9176470588235294,7.677607403743003,4.533041924956545,0.6212121212121212,8.0,8.0,8.0,8.0,44.0,48.0,156.0,0.9848484848484848,65,12.678531634318851,0.0,104,301.4258416015386,21694.735169362804,0.1084080942752723,0.4886162653064178,420.4172446456188,341.9944612110107,0.2726636599337184,0.2283020798223048,0.5240870688479362,0.8583920634238302,0.9741062809238568,1.0,259.96812392445537,301.4258416015386,110.55774348290775,104.34664354174538,21694.735169362804,156.0,8792.0,24.98769921706986,13.2,54.7744,0.81121,326.6753,260.8045,259.898,103.5,109.5752,16864.451,0.862949,21607.3887,21648.0,22333.5
265,162.74667860854703,201.19293123061627,409.71273883659336,184.76470651631897,0.9758813413585554,261.99543153805996,317.5569766592503,261.1081345293253,350.05168903968774,32.49471238043742,0.1023271877767792,110.5732813790824,111.28663001158084,33.98748779296875,111.28687650464872,110.28951245303122,105.3809720492862,110.5732813790824,48.0,0.6307692307692307,21665.68129614759,21343.5,322.18129614759164,8743.0,9304.0,747.0,0.0802880481513327,2,0,1.55,0.8802336903602727,7.449976535649729,4.743528456701834,0.6307692307692307,4.0,4.0,4.0,4.0,48.0,48.0,156.0,1.0,64,18.991386587579147,0.0095571095571095,108,301.33114729068404,21694.735169362804,0.2851459717756768,3.802914230361941,420.4172446456188,341.9944612110107,0.2446623426997438,0.2339190798285803,0.534351978535287,0.8592649361379376,0.9745987213362453,1.0,259.9598345039904,301.4258416015386,110.5732813790824,104.3466066362402,21694.735169362804,156.0,8852.0,24.98769921706986,13.25,54.8872,0.817623,325.7434,257.9035,257.1362,109.5,109.5688,16582.2406,0.848509,21577.5059,21595.0,22295.5
266,163.55364269625983,201.39992353732464,410.8610365629298,184.7817373547119,0.97490359562272,259.924547759517,303.1548299022569,291.5556136518501,321.29929049243333,18.144460590176436,0.059852124394741,111.0565512238797,111.2865903072671,33.98748779296875,111.36334142003524,110.21296745733407,104.42236499591608,111.0565512238797,48.0,0.6307692307692307,21688.556033900622,21336.0,352.5560339006224,8993.0,9595.0,788.0,0.0821261073475768,2,0,1.55,0.892623716153128,7.301878801412637,4.709587820842962,0.6307692307692307,4.0,4.0,4.0,4.0,48.0,52.0,152.0,0.9846153846153848,68,14.607093163386216,0.0,103,303.1548299022569,21694.735169362804,0.8330887431088021,1.1484240147984828,420.4172446456188,341.9944612110107,0.2789191362552352,0.2399743936228736,0.5454178943546831,0.8424546042767224,0.989914926245335,1.0,259.94496150447003,301.4258416015386,110.5789479557238,104.38596276005264,21694.735169362804,156.0,8852.0,24.98769921706986,13.3,55.0,0.823913,324.8124,257.884,257.0871,107.5,110.0203,16675.5156,0.853282,21548.2109,21568.0,22256.0
267,163.59598726404812,201.37136312580347,410.3936609874483,184.5148423075861,0.9748854066730626,259.9277265786951,292.4470080434527,275.6086856529265,322.2687477012713,29.821739657818625,0.1019731398769777,110.5789479557238,111.36396193963272,33.98748779296875,111.36396193963272,110.36704641293304,104.42479427917776,110.5789479557238,48.0,0.6153846153846154,21677.8589015245,21330.5,347.35890152450156,8792.0,9381.0,768.0,0.0818676047329709,2,0,1.55,0.8903717826501429,7.938961106256351,4.706984412420793,0.6153846153846154,4.0,4.0,4.0,4.0,48.0,52.0,152.0,0.9846153846153848,67,15.44427728854732,0.0153846153846153,99,303.1548299022569,21688.556033900622,0.0510760171453857,0.5382126854107107,420.4172446456188,341.9944612110107,0.3043886477825992,0.2399650986794209,0.5454009081066886,0.8424546042767224,0.9747783113725512,1.0,259.9420914387354,301.33114729068404,110.60109728612494,104.3068697805548,21688.556033900622,156.0,8852.0,24.98769921706986,13.35,55.1128,0.830079,324.6789,257.8974,257.1392,108.5,109.5426,16254.3987,0.831733,21519.5176,21547.0,22233.0
268,163.8138392471349,201.40130124061903,410.5869826261345,184.48641666252144,0.9759331711959396,259.94496150447003,284.2724629435244,294.64740192437716,308.4412070843545,24.168744140830142,0.0850196459079178,110.60109728612494,111.36384379799009,33.1689453125,112.18673205906352,110.60109728612494,104.42424069999352,110.60109728612494,52.0,0.5846153846153846,21706.092806921828,21347.0,359.092806921828,8888.0,9457.0,747.0,0.0789891085968065,2,0,1.55,0.8821811100292113,8.085575295898709,4.61699821508689,0.5846153846153846,4.0,4.0,4.0,4.0,48.0,52.0,152.0,0.9846153846153848,68,15.218947972986864,0.0307692307692307,96,303.1548299022569,21681.81867671063,0.2198994707895847,0.1954002898709629,420.4172446456188,341.9944612110107,0.3238325340742256,0.2399147033434441,0.5453088120461782,0.8424546042767224,0.9754802870631,1.0,259.94016546494913,301.33114729068404,110.61104997091786,104.3873547607381,21681.81867671063,156.0,8792.0,29.821739657818625,13.4,55.2256,0.836115,323.7484,254.9532,254.2486,108.0,109.5926,16245.6992,0.831288,21491.4453,21524.0,22202.5
269,164.53837870041488,201.50903780235,411.2106662592332,184.475568656742,0.9758415412923476,259.9420914387354,304.6348931772825,296.56781979543973,328.0307364120076,23.395843234725135,0.0767996173738046,110.61415172723764,111.44636202345085,30.756591796875,112.20655325992192,110.61415172723764,104.305647250387,110.61415172723764,52.0,0.6153846153846154,21694.735169362804,21330.0,364.7351693628043,8681.0,9239.0,743.0,0.0804199588700075,2,0,1.6,0.926673751328374,8.048383664512253,4.582331844746555,0.6153846153846154,4.0,8.0,4.0,8.0,44.0,48.0,156.0,0.9692307692307692,67,14.880769139090315,0.0307692307692307,103,300.8367665493019,21677.8589015245,0.7325056901437085,0.6237779680500205,420.4172446456188,341.9944612110107,0.275398673443884,0.2399230954844292,0.5453241484480296,0.8638220363020171,0.975894019674824,1.0,259.9277265786951,300.8367665493019,110.61415172723764,104.42236499591608,21677.8589015245,152.0,8792.0,29.06476786431739,13.45,55.3383,0.842021,322.8183,260.9595,260.2412,98.5,109.5964,16657.708,0.85237,21464.0078,21503.0,22181.0
270,164.64167092546973,201.53880551457223,411.18905785996174,184.2825455983276,0.9773481246698364,259.94016546494913,300.8367665493019,272.3463113489991,334.80383509425195,33.96706854495005,0.1129086345879982,110.61464175868574,111.44650228134157,33.181396484375,112.54178327805356,110.61464175868574,103.8484331010867,110.61464175868574,52.0,0.5846153846153846,21681.81867671063,21345.0,336.8186767106308,8929.0,9465.0,733.0,0.0774432118330692,2,0,1.6,0.9268817204301076,7.924457264210408,4.6360799892550695,0.5846153846153846,4.0,8.0,4.0,8.0,48.0,48.0,152.0,0.9846153846153848,73,15.24491582879192,0.0307692307692307,102,296.44688439360743,21665.68129614759,0.1074960485214486,0.194228792918862,420.4172446456188,341.9944612110107,0.2844328571657771,0.2399287270779336,0.5453344400269247,0.9042870686495076,0.9759095501742996,1.0,259.924547759517,296.5808348507945,110.61464175868574,104.42236499591608,21665.68129614759,152.0,8743.0,29.821739657818625,13.5,55.4511,0.847792,322.6828,260.9534,260.1861,98.0,109.5899,16481.9015,0.843374,21437.2266,21482.0,22139.0
271,164.7421528540373,201.27263359354689,408.6755921524181,184.6284811883348,0.974713396659024,257.9604420144053,326.25395768742567,293.6547394560025,338.6869001670605,12.432942479634846,0.0381081736686439,110.61104997091786,111.44542384999563,32.78131103515625,112.56876662675414,110.61104997091788,104.3873547607381,110.61104997091786,52.0,0.59375,21576.375477488065,21282.5,293.87547748806537,8580.0,9159.0,759.0,0.0828693088765149,2,0,1.55,0.8891050583657587,8.157256447320446,4.730300392683552,0.59375,4.0,4.0,4.0,4.0,48.0,48.0,152.0,1.0,63,14.663480072903466,0.0091346153846153,111,296.44688439360743,21595.28765312097,0.2845067828909929,2.5371600847071836,420.4172446456188,341.9944612110107,0.2239757958491115,0.2457174858886277,0.5559132341033435,0.9042870686495076,0.975795716137198,1.0,257.9604420144053,296.44688439360743,111.0565512238797,104.3873547607381,21595.28765312097,152.0,8789.0,29.821739657818625,13.55,55.5639,0.853426,321.753,254.8798,254.0082,109.0,110.0277,16209.2107,0.829421,21411.1094,21451.0,22112.0
272,165.4671838707858,201.32236190422984,408.84931735325176,184.7195870536324,0.9732495122479948,255.95164644422755,296.44688439360743,272.23709353629124,336.1577797040774,39.71089531046999,0.1339561904713555,111.13303797824526,111.44349354452194,33.1689453125,112.68839500897394,111.14890742954618,104.3068697805548,111.13303797824526,60.0,0.5625,21594.27841921814,21236.0,358.2784192181389,8609.0,9226.0,788.0,0.0854107955777151,2,0,1.5454545454545454,0.8992537313432836,8.461626473718626,4.646690549187376,0.5625,4.0,4.0,4.0,4.0,44.0,48.0,156.0,0.984375,64,13.99590499506854,0.03125,100,296.5808348507945,21594.27841921814,0.7267343944872342,0.1961650430028643,420.4172446456188,341.9944612110107,0.2948745843109013,0.2515912522738042,0.5666473771336216,0.9030523408388752,0.9923390104610292,1.0,255.98548989321057,296.44688439360743,111.13303797824526,104.3068697805548,21594.27841921814,152.0,8742.0,29.821739657818625,13.6,55.6767,0.85892,320.8243,257.8623,257.0649,98.5,110.8364,16266.7261,0.832364,21385.6797,21440.0,22094.0
273,165.64547270397583,201.5300746185563,408.4157337692701,184.7131935706744,0.973700770315721,255.874005761633,288.80712033788916,256.0109671900086,327.7059574501141,38.89883711222495,0.1346879435199359,111.34773570539257,111.44632147764258,30.36279296875,112.62877439293888,111.36416666743422,105.30229437746593,111.34773570539257,56.0,0.5625,21591.816422891858,21237.0,354.816422891854,8611.0,9217.0,786.0,0.0852772051643701,2,0,1.5454545454545454,0.8992395437262357,8.188380444464732,5.01034591503174,0.5625,4.0,4.0,4.0,4.0,44.0,48.0,156.0,0.984375,70,14.029507683283605,0.0,98,296.44688439360743,21594.27841921814,0.2737361498471645,0.433630719533008,420.4172446456188,341.9944612110107,0.3130464460816001,0.251818275490261,0.5670622556828929,0.9042870686495076,0.9991433960809992,1.0,255.9588173413123,296.44688439360743,111.3324742180707,104.305647250387,21594.27841921814,152.0,8742.0,29.06476786431739,13.65,55.7895,0.864271,320.6858,254.8569,254.0345,108.0,110.8266,16406.9618,0.83954,21360.9492,21428.0,22083.5
274,165.6530777360732,201.21957925190353,408.8167186820185,184.58382854918167,0.9754999476494608,255.87665228602503,285.3502135505835,307.0800327858901,314.41498141490086,29.06476786431739,0.1018564784047905,111.34780975045253,111.52806813552792,32.78759765625,112.63346152573877,111.36419687636844,105.30243550569948,111.34780975045253,60.0,0.5625,21592.56339228418,21239.5,353.06339228418074,8966.0,9551.0,768.0,0.0804104282274107,2,0,1.55,0.896817743490839,7.761880861238877,4.791781844872834,0.5625,4.0,4.0,4.0,4.0,44.0,52.0,152.0,0.96875,70,14.25410175530683,0.0,97,296.44688439360743,21592.56339228418,0.3105884885601341,0.4213362185210997,420.4172446456188,341.9944612110107,0.3212690079087669,0.2518105369895185,0.5670481137902191,0.9042870686495076,0.999145742780929,1.0,255.95164644422755,296.44688439360743,111.34773570539257,104.305647250387,21592.56339228418,152.0,8681.0,33.96706854495005,13.7,55.9023,0.869476,319.7577,254.8203,253.9224,108.0,110.5493,16498.7026,0.844234,21336.9297,21397.0,22052.0
275,166.46830208174737,201.38866396958392,409.1727114349082,184.78810644855236,0.9755961331901182,255.9588173413123,296.5808348507945,273.2103268545098,342.3356481536659,45.75481330287141,0.1542743425275271,111.3324742180707,111.4431316609859,31.5751953125,112.69484307726516,111.3640906303322,103.46816075255714,111.3324742180707,64.0,0.5625,21595.28765312097,21222.0,373.2876531209695,8742.0,9310.0,751.0,0.0806659505907626,2,0,1.5238095238095235,0.9096509240246408,8.693828511945041,4.67071727839181,0.5625,4.0,8.0,4.0,8.0,44.0,48.0,152.0,0.96875,65,13.9369818468188,0.0,101,290.7835260847034,21591.816422891858,0.8325745465319995,0.4104391553948869,420.4172446456188,341.9944612110107,0.2945559711738499,0.2515702843988877,0.5666090589313584,0.9564907426975588,0.9986597158564716,1.0,255.94133856858005,296.44688439360743,111.34780975045253,104.3068697805548,21591.816422891858,152.0,8678.0,33.96706854495005,13.75,56.015,0.874547,318.8295,251.8238,250.9267,108.0,110.5506,16409.1675,0.839653,21313.5703,21371.0,22036.5
276,166.45300350259578,201.34642756987392,409.45275528421024,184.5081655255251,0.976,255.98548989321057,290.7835260847034,296.7806096792465,324.78519600605404,34.00166992135064,0.116931211266233,111.34820981243132,112.36075010736204,32.78131103515625,112.81246256205958,111.42610256801927,103.4659871686318,111.34820981243132,52.0,0.59375,21589.83920583635,21232.0,357.8392058363497,8789.0,9350.0,746.0,0.0797860962566845,2,0,1.6,0.9327641408751334,8.147597131740559,4.567759880943053,0.59375,4.0,8.0,4.0,8.0,44.0,48.0,152.0,0.96875,65,13.71721806977602,0.03125,99,288.80712033788916,21589.83920583635,0.0449217095013324,0.3959690365637932,420.4172446456188,341.9944612110107,0.3083453883300795,0.2514922932179668,0.5664665322395891,0.9747088450611636,0.9991584218903536,1.0,255.90168482476264,292.76249752790704,111.34820981243132,104.3873547607381,21589.83920583635,152.0,8632.0,34.00166992135064,13.8,56.1278,0.87949,318.6905,251.8195,250.9487,108.0,110.5461,16348.9857,0.836573,21290.8281,21341.0,22006.0
277,166.63694773658156,201.549154949324,408.9804302471397,184.26359103336688,0.9755901229196128,255.90168482476264,312.3049744703011,469.7470911687302,340.770687254058,28.465712783756885,0.0911471641847442,111.34824853749112,112.60044772538193,33.968994140625,112.79916720945415,111.44401941965644,103.38972900091898,111.34824853749112,56.0,0.59375,21581.94495747412,9944.5,11637.44495747412,8632.0,9193.0,743.0,0.0808223648428151,2,0,1.6,0.9311827956989248,7.658116114040706,4.742490709045928,0.59375,4.0,8.0,4.0,8.0,44.0,48.0,152.0,0.96875,65,14.829576877615075,0.0,106,290.7835260847034,21589.83920583635,0.2737405187313497,0.5318906117409474,420.4172446456188,341.9944612110107,0.2571546994140273,0.2517373412463799,0.5669143506262568,0.9564907426975588,0.9991596491983624,1.0,255.87665228602503,292.76249752790704,111.34824853749112,105.21214375350792,21589.83920583635,152.0,8678.0,34.00166992135064,13.85,56.2406,0.88431,318.6904,257.816,256.8879,96.5,110.9846,16449.4744,0.841715,21268.6836,21316.0,21985.0
278,166.8093372633728,201.52401201725263,408.9817856010897,184.39046781667085,0.977418331747542,255.94133856858005,285.46379451220434,291.97146734412013,313.91376673977703,28.449972227572687,0.0996622786304214,111.34828125545954,112.5985053126376,34.0,112.8036053051354,111.44329253406684,103.46840735359793,111.34828125545954,60.0,0.59375,21610.03014513338,21192.0,418.03014513337985,8925.0,9459.0,723.0,0.0764351411354265,2,0,1.631578947368421,0.9441340782122905,8.290567346752864,4.53229548425418,0.59375,4.0,8.0,4.0,8.0,44.0,48.0,152.0,0.96875,71,15.10097902320725,0.0,97,292.76249752790704,21581.94495747412,0.1742134207816798,0.1268840223428171,420.4172446456188,341.9944612110107,0.3209988454378706,0.2516213927492112,0.5667024580055536,0.9382489902714446,0.9991606861244484,1.0,255.874005761633,292.76249752790704,111.34828125545954,105.29571045501156,21581.94495747412,152.0,8678.0,29.06476786431739,13.9,56.3534,0.889009,317.7624,251.8766,250.9827,108.0,110.9719,15826.693,0.809847,21247.1191,21279.0,21963.0
279,167.45991185889355,201.3975303975465,405.91162558069374,184.45275822999645,0.9722283447211816,251.9673861407112,285.6687615918494,249.50943922321648,336.07920065616224,50.41043906431287,0.1764646536198348,111.4397609178842,112.61799186197462,31.968994140625,112.83660189554234,111.59581014864982,105.21214375350792,111.4397609178842,56.0,0.6031746031746031,21522.805562180893,21127.5,395.3055621808926,8444.0,9074.0,798.0,0.0879435750495922,2,0,1.4782608695652173,0.8884826325411335,9.265419314019622,5.00984172756352,0.6031746031746031,4.0,4.0,4.0,4.0,44.0,48.0,152.0,0.9841269841269842,62,15.870289477052534,0.0094246031746031,97,292.76249752790704,21533.14275463147,0.6627555389888997,3.070791859835193,420.4172446456188,341.9944612110107,0.3205113129157025,0.2632413248785124,0.5879375574798571,0.9382489902714446,1.0,1.0,251.98160572373476,292.76249752790704,111.35672914458064,105.21214375350792,21533.14275463147,152.0,8742.0,29.06476786431739,13.95,56.4662,0.89359,316.7648,248.868,247.9832,109.0,110.8898,15768.5717,0.806873,21226.1211,21249.0,21947.5
280,167.47671524552428,201.4275233350063,406.5521435959384,184.5235366722524,0.9739308413228482,251.91372070070395,304.0269256952967,293.4957691776578,332.49414953584574,28.467223840549025,0.0936338904044294,111.35672914458064,112.6229695525224,29.968994140625,112.73187737808394,111.53819757149628,105.29571045501156,111.35672914458064,60.0,0.6031746031746031,21533.14275463147,21175.0,358.14275463146987,8678.0,9283.0,794.0,0.0855326941721426,2,0,1.5454545454545454,0.9066918001885014,8.602931438362942,5.186679580983983,0.6031746031746031,4.0,4.0,4.0,4.0,44.0,48.0,152.0,0.9841269841269842,72,14.901053823421286,0.0,103,295.0796832465213,21526.240205445934,0.0343792102836834,0.6444167252183373,420.4172446456188,341.9944612110107,0.2768447784496344,0.2633982439111109,0.5882243226028854,0.9168896480993,0.9994284239157076,1.0,251.9673861407112,292.76249752790704,111.36950131935934,104.56403675458458,21526.240205445934,152.0,8742.0,30.49766407254907,14.0,56.5789,0.898056,316.6937,248.8583,247.9667,108.5,110.5133,15897.5368,0.813473,21205.6797,21243.0,21929.5
281,167.54586132719132,201.47678910329589,406.7547860043426,184.57268411881017,0.9738601823708206,251.98160572373476,292.76249752790704,306.22992737202577,327.6417119600308,34.879214432123774,0.1191382596017066,111.36950131935934,112.6165480371052,29.968994140625,112.97928698220898,111.62023424526214,105.299217043976,111.36950131935934,60.0,0.6031746031746031,21524.789919375155,21158.0,366.78991937515457,8610.0,9212.0,793.0,0.0860833695180199,2,0,1.5454545454545454,0.9032258064516128,7.824481370913827,4.988740477178099,0.6031746031746031,4.0,4.0,4.0,4.0,44.0,48.0,152.0,0.9841269841269842,69,14.451852007148972,0.0,99,292.76249752790704,21526.240205445934,0.0849016874689108,0.2085171867904411,420.4172446456188,341.9944612110107,0.3036382278403338,0.263199746476999,0.587861574119344,0.9382489902714446,0.9998332106992224,1.0,251.9622987668781,291.4675447214033,111.37221551890724,104.56403675458458,21526.240205445934,152.0,8746.0,30.49766407254907,14.05,56.6917,0.902408,316.6934,248.8585,247.9565,109.0,110.5078,15914.8148,0.814357,21185.7832,21225.0,21900.5
282,167.85246520467007,201.76614253559137,406.8131226245099,184.51892224577492,0.9755828740991944,251.9622987668781,295.0796832465213,271.01938021766216,320.06109735262686,24.981414106105547,0.0846598919697059,111.37221551890724,112.35808058953072,33.1689453125,113.42572988711316,111.61074269976928,105.29750096810366,111.37221551890724,60.0,0.5555555555555556,21520.50507879397,21163.5,357.005078793969,8860.0,9436.0,776.0,0.0822382365409071,2,0,1.5238095238095235,0.9009708737864076,8.846764252842219,5.063992674366011,0.5555555555555556,4.0,4.0,4.0,4.0,40.0,48.0,156.0,0.9682539682539684,62,14.71532228008216,0.0476190476190475,100,292.76249752790704,21524.789919375155,0.421581956997884,0.0793315841567046,420.4172446456188,341.9944612110107,0.2981265944615282,0.2632562004815123,0.5879647422263709,0.9382489902714446,0.9999192314532328,1.0,251.9538186497519,291.4675447214033,111.37221551890724,104.56403675458458,21524.789919375155,152.0,8678.0,30.49766407254907,14.1,56.8045,0.906648,314.912,251.9118,251.0273,108.0,110.5038,15985.3136,0.817964,21166.4277,21215.0,21876.5
283,168.52572640961273,201.5918686167341,407.5115685299849,184.29915998896135,0.974094063222822,251.88365320932752,311.39069667599614,251.84284686458503,336.79900079998464,25.4083041239885,0.0815962210663794,111.47992676771317,112.36062288176946,33.1689453125,113.52947048622484,112.17803100117756,105.30187368071786,111.47992676771317,64.0,0.5555555555555556,21502.067805856765,21144.5,357.5678058567646,8491.0,9079.0,766.0,0.0843705253882586,2,0,1.5238095238095235,0.915811088295688,8.751940196604435,5.100640623619307,0.5555555555555556,4.0,4.0,4.0,4.0,40.0,48.0,156.0,0.9682539682539684,63,13.882733235429574,0.0,106,292.76249752790704,21522.805562180893,0.6954509679874669,0.7322036140272113,420.4172446456188,341.9944612110107,0.2593293908805384,0.2634861619764209,0.5883849903969545,0.9382489902714446,1.0,1.0,251.9367683223897,291.4675447214033,111.37221551890724,104.88473392570964,21522.805562180893,152.0,8678.0,32.09692762437487,14.15,56.9173,0.910776,314.7695,251.9185,251.0763,98.5,110.5049,16110.2688,0.824358,21147.6016,21179.0,21853.5
284,168.47628566011593,201.4746355361264,407.0699151965385,184.31178953169723,0.9759077317385731,251.9367683223897,291.4675447214033,269.6344702447389,321.9652087939524,30.49766407254907,0.1046348542912384,111.48440841446588,112.44546055542476,33.5751953125,113.50382661379416,112.11180527335134,104.56403675458458,111.48440841446588,64.0,0.5873015873015873,21510.267431294964,21147.5,362.7674312949639,8800.0,9364.0,749.0,0.0799871849636907,2,0,1.5238095238095235,0.9137214137214136,9.311757278875753,4.97093897847653,0.5873015873015873,4.0,4.0,4.0,4.0,40.0,48.0,156.0,0.9682539682539684,65,15.048736935270036,0.0317460317460317,99,291.4675447214033,21520.50507879397,0.1272320042268482,0.4418338740907668,420.4172446456188,341.9944612110107,0.3067183888541743,0.2633308521129976,0.5881011659853801,0.9501855993523224,1.0,1.0,251.91372070070395,292.76249752790704,111.37221551890724,104.88473392570964,21520.50507879397,152.0,8639.0,32.09692762437487,14.2,57.0301,0.914795,314.698,251.9105,251.0386,98.5,110.9276,15938.6116,0.815574,21129.3027,21168.0,21840.0
285,168.58603245274975,201.65173895961016,406.8792611718368,184.40757818402585,0.9754050863826592,251.9538186497519,288.46791487743815,289.6659465607286,321.5138747689219,33.04595989148373,0.1145567953563363,111.48391903842356,112.44532979415122,34.3751220703125,113.6070613674919,112.1132090141911,104.47565979781008,111.48391903842356,64.0,0.5555555555555556,21526.240205445934,21161.0,365.2402054459344,8746.0,9319.0,749.0,0.0803734306256036,2,0,1.5238095238095235,0.912041884816754,8.377416738140473,4.879342786568966,0.5555555555555556,4.0,8.0,4.0,8.0,40.0,44.0,156.0,0.9682539682539684,61,15.176123028538418,0.0317460317460317,98,291.4675447214033,21510.267431294964,0.2083506205968233,0.213364530908638,420.4172446456188,341.9944612110107,0.3138532765928865,0.2632809965472034,0.5880100563397118,0.9501855993523224,1.0,1.0,251.90444290515987,295.0796832465213,111.36950131935934,104.56403675458458,21510.267431294964,152.0,8678.0,30.49766407254907,14.25,57.1429,0.918706,314.6975,251.9186,251.0935,98.5,110.9161,16116.2412,0.824664,21111.5234,21152.0,21818.0
286,168.8934369618652,201.7639894829067,407.0901286541507,184.54596839377297,0.9768128161888702,251.90444290515987,276.2231167287097,290.24842513540597,308.3200443530846,32.09692762437487,0.1161992812350264,111.41420612610936,112.44547354373172,30.756591796875,113.58945411541076,112.11161062795216,104.47638958022152,111.41420612610936,64.0,0.5555555555555556,21533.32722575645,21171.0,362.3272257564495,8938.0,9488.0,744.0,0.0784148397976391,2,0,1.4761904761904765,0.9091880341880342,9.015769362255933,4.966911785904605,0.5555555555555556,4.0,8.0,4.0,8.0,40.0,44.0,156.0,0.9682539682539684,70,14.44194795617452,0.0,94,291.4675447214033,21502.067805856765,0.3272578680564688,0.2522239981667801,420.4172446456188,341.9944612110107,0.3429786236253326,0.2634253724076111,0.5882738991679944,0.9501855993523224,1.0,1.0,251.88365320932752,294.72910067386874,111.36950131935934,104.52038194644452,21502.067805856765,152.0,8746.0,32.09692762437487,14.3,57.2556,0.922508,312.9178,248.9049,248.0809,108.0,110.9164,16338.9003,0.836057,21094.2559,21122.0,21794.5
287,169.49752815477223,201.63943435816228,405.13551097166777,184.4636430136272,0.9745521658886114,249.94082905522023,271.6190338780609,291.1464763164266,304.2458104202714,32.62677654221051,0.1201196251837703,111.2179050005974,112.7091451562444,30.756591796875,113.58822007412236,111.71301480872614,104.52038194644452,111.2179050005974,68.0,0.5967741935483871,21423.177548974814,21121.0,302.1775489748179,8625.0,9211.0,773.0,0.0839213983280859,2,0,1.5238095238095235,0.9204081632653062,9.826580612241338,5.100281655483493,0.5967741935483871,4.0,4.0,4.0,4.0,40.0,48.0,152.0,0.967741935483871,63,16.52231418974629,0.0412186379928315,92,291.4675447214033,21430.78417093435,0.6167983045112302,1.9563506211543704,420.4172446456188,341.9944612110107,0.3539298462720861,0.2691670263600945,0.5987666104395657,0.9501855993523224,0.995028689360641,1.0,249.9678656803688,294.72910067386874,111.2179050005974,104.47638958022152,21430.78417093435,152.0,8776.0,32.09692762437487,14.35,57.3684,0.926205,312.8461,248.9088,248.1408,108.5,110.8411,16190.7135,0.828474,21077.4961,21143.0,21784.0
288,169.5459859430993,201.8968664489424,404.5785662480164,184.16694867524103,0.9742782152230972,249.9678656803688,295.2182477744184,291.6256790282865,327.87474117314036,32.65649339872198,0.1106181397827257,111.21145574471404,112.72133786889158,31.5751953125,113.40546999485554,111.72559036471412,104.88473392570964,111.21145574471404,68.0,0.5967741935483871,21417.44680726665,21098.5,318.94680726664956,8556.0,9144.0,766.0,0.0837707786526684,2,0,1.5238095238095235,0.9149377593360996,9.74544659311817,5.284710043281175,0.5967741935483871,4.0,4.0,4.0,4.0,44.0,48.0,148.0,0.9838709677419356,63,18.082858898820156,0.0,100,294.72910067386874,21428.03792586526,0.2619531229303834,0.6310427526194317,420.4172446456188,341.9944612110107,0.2977970063448136,0.2690879706202652,0.598622138296303,0.9201212462697544,0.9948242939784664,1.0,249.94082905522023,292.22844406887236,111.21145574471404,104.47565979781008,21428.03792586526,152.0,8776.0,32.62677654221051,14.4,57.4812,0.929795,312.7021,248.8975,248.0878,108.5,110.4834,16007.1599,0.819082,21061.2422,21110.0,21762.5
289,169.620721459658,201.75601525257113,404.57551798845503,184.2693871889657,0.9739017528673448,247.90066825431143,305.5868061752076,268.9099133917355,323.4693596478129,17.88255347260531,0.0585187354664532,110.71444683465523,112.71533437868342,31.1875,113.45441669275384,111.71938811959572,104.38796327187092,110.71444683465523,68.0,0.5967741935483871,21430.78417093435,21079.0,351.78417093434837,8639.0,9242.0,801.0,0.0866695520450119,2,0,1.4761904761904765,0.8690909090909091,8.90999228288005,5.308876189822533,0.5967741935483871,4.0,4.0,4.0,4.0,40.0,48.0,152.0,0.967741935483871,67,14.866334469432838,0.0,103,294.72910067386874,21423.177548974814,0.1594504843345199,0.102483857170135,420.4172446456188,341.9944612110107,0.2731344632811266,0.2751325054315523,0.6096683558271184,0.9201212462697544,0.979072658758402,1.0,247.9648363204668,292.22844406887236,110.71536495905131,104.38827206844128,21423.177548974814,152.0,8776.0,32.62677654221051,14.45,57.594,0.933282,312.7016,245.8855,245.0938,108.5,110.4753,15980.9866,0.817743,21045.4844,21092.0,21750.5
290,169.60096966707556,201.68909422245025,404.31913199573165,184.2804812217068,0.9744156396090098,247.92153594975605,303.5256824917099,286.92619448662225,325.91037371264855,22.384691220938635,0.0737489198185066,110.71175547916182,112.7127141963726,33.181396484375,113.474354337169,111.71668771636568,104.38827206844128,110.71175547916182,68.0,0.5967741935483871,21428.03792586526,21087.0,341.03792586526106,8810.0,9412.0,799.0,0.0848916277093072,2,0,1.4761904761904765,0.86996336996337,7.86903027508336,5.203907756718405,0.5967741935483871,4.0,4.0,4.0,4.0,40.0,48.0,152.0,0.967741935483871,71,15.291235337157897,0.0,103,294.72910067386874,21419.750098246357,0.0697750498578077,0.2566259044352582,420.4172446456188,341.9944612110107,0.2780370302184916,0.2750714877900072,0.6095568478016429,0.9201212462697544,0.9789873619978776,1.0,247.95679955455165,293.10706732953054,110.71536495905131,104.38796327187092,21419.750098246357,152.0,8776.0,32.65649339872198,14.5,57.7068,0.936664,311.7764,248.8917,248.0882,108.5,110.466,15927.7796,0.81502,21030.2227,21062.0,21727.5
291,169.86452598964078,201.58220455669073,404.8160569774126,184.47702891271976,0.9741234146861344,247.9204431935073,294.72910067386874,266.86043987078546,329.2898802024271,34.560779528558385,0.1172628676623333,110.62875683370312,112.62103588485988,33.1689453125,113.50263642143432,112.35768362983978,104.30078334020598,110.62875683370312,64.0,0.5967741935483871,21416.010916883843,21074.5,341.5109168838426,8776.0,9383.0,798.0,0.0850474261963124,2,0,1.434782608695652,0.8819641170915958,8.680294764696805,5.1879677240400985,0.5967741935483871,4.0,4.0,4.0,4.0,40.0,48.0,152.0,0.967741935483871,70,14.62880626306398,0.0,100,295.2182477744184,21418.880855499912,0.2844069897352845,0.5343832260289556,420.4172446456188,341.9944612110107,0.2989604864512539,0.2750746830354649,0.6095626870229381,0.9156123887322584,0.9763568973108956,1.0,247.92153594975605,293.10706732953054,110.71536495905131,104.3010769511674,21418.880855499912,152.0,8793.0,32.65649339872198,14.55,57.8195,0.939943,310.9249,248.9018,248.1041,99.0,110.4603,16250.5556,0.831536,21015.4492,21062.0,21714.0
292,170.49640117515344,201.70115157437192,405.5435228398625,184.06702917048528,0.9745288041742092,247.95679955455165,289.2745291694611,289.44699903879615,332.60506619450047,43.33053702503935,0.1497903640166525,110.70694134784934,112.62048907701184,33.1689453125,113.59580551561608,112.35790175759296,104.3010769511674,110.70694134784934,68.0,0.5967741935483871,21419.750098246357,21079.5,340.2500982463571,8793.0,9391.0,783.0,0.0833777020551592,2,0,1.4545454545454546,0.9039039039039038,9.35405442219878,5.011548718060712,0.5967741935483871,4.0,4.0,4.0,4.0,40.0,48.0,152.0,0.967741935483871,71,14.81359018881192,0.0,98,294.72910067386874,21418.880855499912,0.6429732833344651,0.8350487229271705,420.4172446456188,341.9944612110107,0.311934672391237,0.2749683761645419,0.6093684142032924,0.9201212462697544,0.9788347883944652,1.0,247.9204431935073,293.10706732953054,110.71536495905131,104.30078334020598,21418.880855499912,152.0,8793.0,33.31981619329207,14.6,57.9323,0.94312,310.7789,248.9041,248.0781,98.5,110.8744,16073.685,0.822486,21001.1641,21043.0,21694.5
293,170.5515833547006,201.89623045385,405.183059172993,184.03101173790392,0.9750584236243892,247.8933403370519,292.22844406887236,269.47964416075,325.54826026216443,33.31981619329207,0.1140197570413072,110.71536495905131,112.53570386484309,33.1689453125,113.53770041398472,112.35518043825864,103.57244114013184,110.71536495905131,68.0,0.5967741935483871,21410.72826725987,21067.0,343.728267259874,8827.0,9414.0,782.0,0.0830677714042914,2,0,1.5238095238095235,0.9219712525667352,9.489088457129178,5.03860546320545,0.5967741935483871,4.0,4.0,4.0,4.0,40.0,48.0,152.0,0.967741935483871,68,14.856833793322318,0.0,99,293.10706732953054,21418.880855499912,0.2027334263460451,0.3622586238900209,420.4172446456188,341.9944612110107,0.3049085217348786,0.2751539324372225,0.6097075130779336,0.9350728165897488,0.9791017567489636,1.0,247.90732146907283,294.72910067386874,110.71536495905131,103.8905517343303,21418.880855499912,152.0,8793.0,33.31981619329207,14.65,58.0451,0.946196,310.7054,248.912,248.1298,96.5,110.8646,16053.399,0.821448,20987.3574,21039.0,21686.0
294,170.50484097221968,201.69012745822764,404.9174293808262,184.24666815794015,0.9753859348198972,247.9648363204668,298.83112543101606,257.11812633542985,317.32073518578915,18.489609754773085,0.0618731055143763,110.70579597381514,112.53254504361476,31.181396484375,113.60322627069816,112.35819074830238,103.8905517343303,110.70579597381514,68.0,0.5967741935483871,21407.88185481596,21070.0,337.8818548159579,8754.0,9328.0,768.0,0.0823327615780446,2,0,1.5238095238095235,0.91866527632951,9.57749013040069,5.019760434757495,0.5967741935483871,4.0,4.0,4.0,4.0,40.0,48.0,152.0,0.967741935483871,69,14.813353615070309,0.0,101,292.22844406887236,21418.880855499912,0.2113369232399158,0.3421503733586502,420.4172446456188,341.9944612110107,0.2892034538618676,0.2749448764684161,0.6093254691689072,0.9431717854009436,0.9787984882122912,1.0,247.90066825431143,293.10706732953054,110.71536495905131,103.8905517343303,21418.880855499912,152.0,8802.0,33.31981619329207,14.7,58.1579,0.949172,310.7047,248.924,248.0929,98.0,110.852,15969.8395,0.817172,20974.0273,21018.0,21677.0
295,170.60800381354625,201.7482497721055,405.93122943077464,184.24187178191036,0.9758657318886764,247.88820494631852,293.10706732953054,273.90457462461893,329.22704891910695,36.11998158957641,0.123231356782564,110.71600014847506,112.53588601929442,32.36279296875,113.53303501800376,112.3549272926605,103.52756136258888,110.71600014847506,68.0,0.5967741935483871,21404.26472977743,21069.5,334.76472977743106,8846.0,9414.0,770.0,0.0817930741448905,2,0,1.4761904761904765,0.9210526315789472,8.871641364054945,5.015863891542471,0.5967741935483871,4.0,4.0,4.0,4.0,40.0,48.0,152.0,0.967741935483871,74,16.47885070055712,0.0,99,292.22844406887236,21416.010916883843,0.1184093543648112,1.0138113959205908,420.4172446456188,341.9944612110107,0.3028186377640182,0.2751689484427895,0.6097349544061937,0.9431717854009436,0.9791218877202515,1.0,247.8933403370519,292.22844406887236,110.71547686200114,103.8905517343303,21416.010916883843,152.0,8803.0,33.31981619329207,14.75,58.2707,0.952048,310.7049,248.9258,248.0922,98.0,110.8638,15914.8372,0.814358,20961.1719,21004.0,21667.0
296,170.61944752333198,201.73803615893405,405.3261307077819,184.21562944226017,0.9761136630701848,247.8924395730493,288.3654836959626,289.54874261199063,329.45450900090594,41.089025304943334,0.1424894019156101,110.71547686200114,112.53573623470614,32.36279296875,113.44658177613992,112.43640631562992,103.57250468653208,110.71547686200114,68.0,0.5483870967741935,21418.880855499912,21074.0,344.8808554999123,8802.0,9361.0,756.0,0.0807606024997329,2,0,1.4761904761904765,0.9170212765957448,9.00752260338282,4.894177768182631,0.5483870967741935,4.0,4.0,4.0,4.0,40.0,48.0,152.0,0.967741935483871,67,16.399717319839578,0.0483870967741936,98,292.22844406887236,21410.72826725987,0.0153387218397415,0.6056675036336133,420.4172446456188,341.9944612110107,0.3140969183149616,0.2751565662927517,0.6097123263749084,0.9431717854009436,0.979105303273804,1.0,247.8924395730493,289.37014456070114,110.71600014847506,103.8905517343303,21410.72826725987,152.0,8803.0,33.31981619329207,14.8,58.3835,0.954825,308.9314,245.9151,245.0984,109.0,110.807,16069.6103,0.822277,20948.7812,20979.0,21643.0
297,170.89703846826,201.795460638612,405.8402771354041,183.91567409093187,0.9764378875347444,247.889089877449,289.37014456070114,304.24922014799097,325.10253829789684,35.73239373719571,0.1234833461877755,110.71683012131274,112.71765117322698,34.0,113.52687123425922,112.44535160591776,102.9845657074824,110.71683012131274,76.0,0.4838709677419355,21433.128795113767,21071.0,362.1287951137674,8803.0,9354.0,755.0,0.0807141329912337,2,0,1.4761904761904765,0.9118279569892472,9.513992592943223,5.01034493890586,0.4838709677419355,4.0,8.0,4.0,8.0,40.0,44.0,152.0,0.967741935483871,71,15.108979560492736,0.064516129032258,98,289.37014456070114,21407.88185481596,0.2834683466849758,0.5952476474772269,420.4172446456188,341.9944612110107,0.3117072426355414,0.2751663608829577,0.6097302257133055,0.9695190033796612,0.9791481919355626,1.0,247.889089877449,289.37014456070114,110.71683012131274,103.8905517343303,21407.88185481596,152.0,8803.0,32.9655370818536,14.85,58.4962,0.957504,308.9313,245.9041,245.0473,108.5,110.8827,15934.0442,0.815341,20936.8594,20967.0,21637.5
298,171.51936978019862,201.94400380618816,406.59953092859166,183.96851123529615,0.9761045695149616,247.90732146907283,300.62236477332937,286.90498637079395,316.8520419759588,16.229677202629432,0.0539869254733149,111.10839713740306,112.72288742387892,33.1689453125,113.4846980381584,112.4354572046768,102.5805258145896,111.10839713740306,76.0,0.4838709677419355,21441.12334236377,21074.0,367.12334236377137,8704.0,9257.0,748.0,0.08080371610673,2,0,1.5789473684210529,0.9559164733178654,9.399657163303772,5.197772014460257,0.4838709677419355,4.0,8.0,4.0,8.0,40.0,44.0,152.0,0.967741935483871,69,14.856107063244636,0.0,102,288.3654836959626,21404.26472977743,0.6398135153720927,0.7610900645089669,420.4172446456188,341.9944612110107,0.2849428309565841,0.275113051272155,0.6096328038974347,0.9787797609462776,0.991558071671791,1.0,247.88820494631852,289.37014456070114,110.80302444471464,103.8905517343303,21404.26472977743,152.0,8803.0,32.9655370818536,14.9,58.609,0.960085,308.7835,245.913,245.0966,108.5,110.8782,15907.6688,0.813991,20925.3945,20958.0,21627.5
299,171.51879877486238,202.002200986519,402.15991978294414,184.1404101489471,0.9747927736450585,245.9825456442589,278.4842801814658,267.13511480568263,295.1862469365099,16.70196675504411,0.0599745405527406,111.42933301691517,112.82190579755414,31.57513427734375,113.44506928443424,112.43903486237063,105.02461887736374,111.42933301691517,76.0,0.4918032786885246,21348.683510734605,21037.0,311.6835107346051,8817.0,9410.0,791.0,0.0840595111583421,2,0,1.4545454545454546,0.8940594059405941,8.928132782966603,5.207320398393169,0.4918032786885246,4.0,4.0,4.0,4.0,40.0,48.0,148.0,0.9672131147540984,74,18.01145421181476,0.007932310946589,94,288.3654836959626,21355.15426880889,0.0581999814910099,4.442937807472893,420.4172446456188,341.9944612110107,0.3376002442140359,0.280741141908472,0.6199179813995666,0.9787797609462776,1.0,1.0,245.9825456442589,288.3654836959626,110.81121331036891,104.52671798313412,21355.15426880889,152.0,8802.0,32.9655370818536,14.95,58.7218,0.962571,308.7094,245.9103,245.0821,108.5,110.8777,15842.8994,0.810677,20914.3828,20950.0,21621.0
300,171.47760533623466,201.79242086116895,403.1455245673075,184.0209200014323,0.9753728974928594,245.94266311081824,272.2178563168471,296.1415485529931,302.04155440667375,29.82369808982668,0.1095581990591884,111.42959573408643,112.72649972662408,33.1689453125,113.35888668587958,112.4392774345434,105.02440151365204,111.42959573408643,76.0,0.4918032786885246,21355.15426880889,21041.5,313.65426880888845,8871.0,9453.0,788.0,0.0833597799640325,2,0,1.5238095238095235,0.9083585095669688,9.642662527091272,5.217950426383497,0.4918032786885246,4.0,4.0,4.0,4.0,40.0,44.0,152.0,0.9836065573770492,76,17.083952496094412,0.0,92,282.89874811141226,21350.507996154964,0.2137863428234983,0.9928215782873988,420.4172446456188,341.9944612110107,0.3525054935691162,0.2808577593919816,0.6201310965740112,1.0,1.0,1.0,245.98233873771125,288.3654836959626,110.81121331036891,104.52671798313412,21350.507996154964,152.0,8802.0,32.9655370818536,15.0,58.8346,0.964961,308.7094,245.914,245.1045,108.5,110.8774,15754.7276,0.806165,20903.8242,20931.0,21610.0
301,171.51558815258932,201.90487839293803,403.0391976434008,184.00274802157105,0.9756014477325952,245.94225662014497,266.84355761675755,277.61002402703093,299.80909469861115,32.9655370818536,0.1235388156876506,111.42759859326392,112.73193306370231,32.36279296875,113.30378981653826,112.44223826672432,104.57618970308856,111.42759859326392,76.0,0.4918032786885246,21350.507996154964,21041.0,309.5079961549636,8821.0,9394.0,775.0,0.0824994677453693,2,0,1.5238095238095235,0.9071428571428573,10.546793197139936,5.414830842260075,0.4918032786885246,4.0,4.0,4.0,4.0,40.0,44.0,152.0,0.9836065573770492,71,17.216924375014166,0.0,91,281.9954193334456,21349.48136491497,0.1186987396302887,0.107868603400333,420.4172446456188,341.9944612110107,0.3652887434679629,0.2808589479804513,0.620133268686043,1.0,1.0,1.0,245.94266311081824,288.3654836959626,110.81121331036891,104.52671798313412,21349.48136491497,152.0,8801.0,32.9655370818536,15.05,58.9474,0.967256,308.7087,245.9196,245.1258,108.5,110.8114,15759.5631,0.806412,20893.709,20925.0,21600.0
302,171.6740441964641,201.9320676778597,403.49114432720813,183.94478082254184,0.9752166934189406,245.94030239741204,293.50504470897994,288.48436044789486,322.05785845394206,28.552813744962123,0.0972821907482823,111.42945930273925,112.72695960759724,31.968994140625,113.4488545452563,112.41296555131105,104.5739304144234,111.42945930273925,76.0,0.4918032786885246,21344.06573192922,21030.5,313.5657319292186,8766.0,9345.0,771.0,0.0825040128410914,2,0,1.4761904761904765,0.90738813735692,10.56596914860613,5.176031815028262,0.4918032786885246,4.0,4.0,4.0,4.0,36.0,44.0,156.0,0.9672131147540984,67,15.864378647019109,0.0,99,281.9954193334456,21348.969004390576,0.160771810511047,0.4556489889901148,420.4172446456188,341.9944612110107,0.301872012989421,0.2808646621745525,0.620143711215208,1.0,1.0,1.0,245.94225662014497,289.37014456070114,110.81121331036891,104.52671798313412,21348.969004390576,152.0,8766.0,31.900127701994336,15.1,59.0602,0.969458,308.7089,245.9195,245.1323,109.5,110.8292,15885.4274,0.812853,20884.0352,20926.0,21591.0
303,171.82618651239176,201.854278723144,403.4426260937687,184.03168771793833,0.9748218527315916,245.98233873771125,282.89874811141226,286.48304227065296,323.40177135344817,40.50302324203591,0.143171447425723,110.80302444471464,112.72774884020964,31.57513427734375,113.44153959451216,112.41282197101012,104.57430572328803,110.80302444471464,80.0,0.5901639344262295,21322.72744561785,21023.0,299.7274456178493,8679.0,9262.0,771.0,0.0832433599654502,2,0,1.4761904761904765,0.9068062827225132,11.06545091130656,5.204826906097357,0.5901639344262295,4.0,4.0,4.0,4.0,36.0,48.0,152.0,0.9508196721311476,64,15.63348757903945,0.0983606557377049,96,282.89874811141226,21348.969004390576,0.1708754100846078,0.0995330469921608,420.4172446456188,341.9944612110107,0.327100037606984,0.2807417469081755,0.6199190870195258,1.0,0.9818799368053004,1.0,245.94030239741204,290.50314984753584,110.81121331036891,104.52671798313412,21348.969004390576,152.0,8740.0,31.900127701994336,15.15,59.1729,0.971567,306.9378,245.8946,245.1007,100.0,110.8195,16297.6444,0.833946,20874.7949,20905.0,21571.5
304,171.9719043411388,201.81629157521084,402.405813244249,184.1602958660168,0.9732298739088264,243.99173396921907,281.9954193334456,285.99783644547574,320.83749773286553,38.842078399419904,0.137740104045772,110.81121331036891,112.7268456155433,31.57513427734375,113.44990042645834,111.82561876945206,104.52671798313412,110.81121331036891,80.0,0.4918032786885246,21349.48136491497,20986.0,363.4813649149655,8658.0,9279.0,816.0,0.0879405108309085,2,0,1.375,0.8640510948905109,10.415926756374118,5.2683728567872725,0.4918032786885246,4.0,4.0,4.0,4.0,36.0,48.0,152.0,0.9508196721311476,63,17.068029657452765,0.0983606557377049,96,290.50314984753584,21348.798092709665,0.1505878780740719,1.0447587954553774,420.4172446456188,341.9944612110107,0.3292486858593365,0.2865623229533062,0.6305560261978901,0.9590751932828064,0.9821394654013508,1.0,243.99173396921907,286.92168741530827,110.80302444471464,104.52671798313412,21348.798092709665,152.0,8755.0,31.900127701994336,15.2,59.2857,0.973584,306.9377,248.8932,248.0858,98.0,110.8218,16246.6325,0.831336,20865.9863,20901.0,21566.5
305,172.47299126321442,201.91086029040653,402.7680331318206,184.00462477771976,0.974304068522484,243.90258553883152,294.2576118925091,286.8271751337992,326.1577395945034,31.900127701994336,0.1084088445387346,110.717919120421,112.62756039670624,31.57513427734375,113.5186633492672,112.3225535139968,103.93507248132512,110.717919120421,76.0,0.4754098360655737,21345.940217666393,20987.5,358.44021766639344,8740.0,9340.0,810.0,0.0867237687366167,2,0,1.4545454545454546,0.9077526987242396,9.378873854199629,4.896788159380382,0.4754098360655737,4.0,4.0,4.0,4.0,36.0,48.0,152.0,0.9508196721311476,71,16.239262408633856,0.0163934426229508,100,293.50504470897994,21348.798092709665,0.5099326870960297,0.394254657149363,420.4172446456188,341.9944612110107,0.3000819646669183,0.2868229951000768,0.6310323972218563,0.9314043428217,0.9791827054349408,1.0,243.9228215294374,286.92168741530827,110.72174438159068,103.93507248132512,21348.798092709665,152.0,8752.0,31.900127701994336,15.25,59.3985,0.975511,306.7882,242.9047,242.1227,111.0,110.8147,16145.3801,0.826155,20857.6016,20894.0,21555.0
306,172.46505906170265,202.1037787941384,402.62716548931354,183.9947250734714,0.9746700723712218,243.90172098359977,290.50314984753584,286.7098362666394,323.9168314145961,33.41368156706028,0.1150200319156495,110.71974713369654,112.62867971645215,30.78759765625,113.50456172314529,112.4404852786576,103.93506754752092,110.71974713369654,76.0,0.4754098360655737,21348.969004390576,20993.0,355.9690043905757,8801.0,9396.0,809.0,0.0861004682843763,2,0,1.4545454545454546,0.9086444007858546,9.566219490030496,5.021127579415235,0.4754098360655737,4.0,4.0,4.0,4.0,36.0,48.0,152.0,0.9508196721311476,75,16.245012217309245,0.0,98,290.50314984753584,21345.940217666393,0.1930815084438636,0.1412150730258414,420.4172446456188,341.9944612110107,0.3090122882746903,0.2868255230802925,0.6310370170346703,0.9590751932828064,0.9792406404089644,1.0,243.9163723614057,290.0790371592557,110.71982507354518,103.93506754752092,21345.940217666393,152.0,8740.0,31.900127701994336,15.3,59.5113,0.977348,306.7883,242.9082,242.1388,108.5,110.8143,16006.3158,0.819039,20849.6328,20893.0,21548.5
307,172.5366849732327,202.10071440458313,403.2622746052609,183.99885985710716,0.9737194726604712,243.9163723614057,296.339157492766,245.32428319073975,325.1060286898035,28.766871197037517,0.0970741478798317,110.63724109508637,112.62878410387174,31.181396484375,113.50321202759235,112.44046160350705,103.93506473072333,110.63724109508637,76.0,0.4754098360655737,21348.798092709665,21000.5,348.29809270966507,8646.0,9254.0,808.0,0.0873135941214609,2,0,1.4545454545454546,0.9072063178677195,9.673691837432822,5.157793009675447,0.4754098360655737,4.0,4.0,4.0,4.0,36.0,48.0,152.0,0.9508196721311476,74,16.315989464786544,0.0,101,290.50314984753584,21344.06573192922,0.0716914338387557,0.6351225752523567,420.4172446456188,341.9944612110107,0.2951308223749043,0.2867826821004879,0.6309587263478056,0.9590751932828064,0.9766257878432704,1.0,243.9163723614057,290.50314984753584,110.71974713369654,103.93506473072333,21344.06573192922,152.0,8728.0,31.32115444849262,15.35,59.6241,0.979097,306.713,242.904,242.1281,108.5,110.8157,16149.8687,0.826384,20842.0781,20903.0,21545.0
308,172.5326774514037,202.10699054957632,403.4740161075672,183.9648993444661,0.9735812344611392,243.9228215294374,294.5192312186985,246.48417563616545,327.9452032212586,33.425972002560115,0.1134933425713694,110.72174438159068,112.6298795896732,31.968994140625,113.48865665120142,112.44017876802327,103.9350085177928,110.72174438159068,76.0,0.4754098360655737,21353.65252063768,21005.5,348.1525206376791,8640.0,9251.0,803.0,0.0868014268727705,2,0,1.4545454545454546,0.9008919722497524,9.712379554242066,5.189670807714755,0.4754098360655737,4.0,4.0,4.0,4.0,36.0,48.0,152.0,0.9508196721311476,72,16.313931630625895,0.0,100,290.50314984753584,21338.841117103748,0.0074464909309927,0.2144476164888795,420.4172446456188,341.9944612110107,0.2994596797118614,0.2867638245786181,0.6309242647564391,0.9590751932828064,0.9793039389125436,1.0,243.91604132146125,290.50314984753584,110.717919120421,103.93502575604433,21338.841117103748,152.0,8721.0,31.900127701994336,15.4,59.7368,0.980758,306.7128,242.8988,242.1279,108.5,110.7809,16071.6035,0.822379,20834.9297,20898.0,21540.5
309,172.5519568436262,202.1490669500037,403.81539670363696,184.0182469466638,0.974305258657546,243.9058734960722,286.92168741530827,271.4057683349825,315.3597190204874,28.438031605179106,0.0991142630637611,110.7158422625494,112.62626619709846,31.57513427734375,113.53419881494972,112.44089475450524,103.93502575604433,110.7158422625494,76.0,0.4754098360655737,21335.08664536303,21001.0,334.0866453630297,8755.0,9356.0,799.0,0.0853997434801197,2,0,1.4545454545454546,0.8987090367428004,9.272272978986145,4.9103806768642455,0.4754098360655737,4.0,4.0,4.0,4.0,36.0,48.0,152.0,0.9508196721311476,77,16.353701643883173,0.0,97,290.50314984753584,21345.940217666393,0.0462830253699209,0.345523773470362,420.4172446456188,341.9944612110107,0.3175311168380773,0.2868133810343138,0.6310148277868066,0.9590751932828064,0.9791168838632638,1.0,243.9153666332811,292.67095642166555,110.717919120421,103.93502575604433,21345.940217666393,152.0,8721.0,31.32115444849262,15.45,59.8496,0.982333,306.713,242.909,242.136,110.0,110.8585,16097.8382,0.823722,20828.1797,20886.0,21530.0
310,172.5518146963245,202.14671042708352,403.0022858307091,184.01886882427556,0.9744171122994651,243.90790662437064,285.3773599174515,303.33710952442044,310.2701858352945,24.892825917843027,0.0872277531933281,110.71558699344288,112.62610556511515,33.1689453125,113.53607462151344,112.44091350773522,103.57256716831247,110.71558699344288,76.0,0.4754098360655737,21336.512839428637,21000.0,336.51283942863665,8752.0,9350.0,797.0,0.0852406417112299,2,0,1.4761904761904765,0.9166666666666666,9.372135663503691,5.050902897706563,0.4754098360655737,4.0,4.0,4.0,4.0,36.0,48.0,152.0,0.9508196721311476,75,16.347355017871912,0.0,97,292.67095642166555,21345.940217666393,0.002360806245471,0.8131111107377839,420.4172446456188,341.9944612110107,0.3212044378483953,0.2868074361184481,0.6310039636200997,0.9390927973928686,0.9791087936544824,1.0,243.9153666332811,292.7294797072087,110.717919120421,103.93502575604433,21345.940217666393,152.0,8721.0,31.2287563360436,15.5,59.9624,0.983823,306.7128,242.9067,242.1486,109.5,110.8558,16082.7695,0.822951,20821.8223,20879.0,21529.0
311,172.64289058989218,202.23506804415936,403.3482291905723,183.96387799326425,0.9742710120068612,243.91604132146125,290.0790371592557,286.7232023585874,321.1736699216981,31.094632762442416,0.1071936568286774,110.71982507354518,112.72055743509584,31.57513427734375,113.50395107249514,112.44047462101604,103.52900942488394,110.71982507354518,76.0,0.4754098360655737,21326.419288990597,20993.5,332.9192889905971,8728.0,9328.0,791.0,0.0847984562607204,2,0,1.4761904761904765,0.9175257731958762,9.763169862312116,5.179105778234586,0.4754098360655737,4.0,4.0,4.0,4.0,36.0,48.0,152.0,0.9508196721311476,71,16.455324538148627,0.0,98,292.67095642166555,21338.841117103748,0.126893210553095,0.3502867392990017,420.4172446456188,341.9944612110107,0.3100210782177328,0.2867836500692186,0.6309604952834631,0.9390927973928686,0.9792431105458976,1.0,243.9153666332811,292.67095642166555,110.71963295059292,103.9350085177928,21338.841117103748,152.0,8711.0,31.2287563360436,15.55,60.0752,0.98523,305.866,242.92,242.202,109.0,110.8507,15791.1161,0.808027,20815.8496,20871.0,21522.0
312,172.63669953510652,202.08702983642655,403.33144008637373,183.96837919029775,0.9742240360863494,243.9235073721205,292.67095642166555,255.3383547319131,323.99211087015817,31.32115444849262,0.1070183212965166,110.71359165663335,112.62483884913183,31.57513427734375,113.46083366083188,112.35584865349638,103.52659462096312,110.71359165663335,76.0,0.4754098360655737,21331.308049974083,20991.0,340.3080499740827,8711.0,9311.0,785.0,0.0843088819675652,2,0,1.4761904761904765,0.9202072538860104,9.845908415185969,5.126120707482846,0.4754098360655737,4.0,4.0,4.0,4.0,36.0,48.0,152.0,0.9508196721311476,72,16.37918123803432,0.0,99,292.67095642166555,21336.512839428637,0.1481676081608315,0.0173820250409657,420.4172446456188,341.9944612110107,0.3038559665449358,0.2867618191581774,0.6309205999069313,0.9390927973928686,0.9790455557186456,1.0,243.91604132146125,292.67095642166555,110.71963295059292,103.93500055148954,21336.512839428637,152.0,8696.0,31.2287563360436,15.6,60.188,0.986555,304.9445,242.9363,242.2168,109.0,110.8461,15771.1191,0.807004,20810.2539,20850.0,21511.5
313,172.8600329837957,202.06657565264624,403.37634743746014,183.93313278202257,0.9746134020618556,243.9073256518647,292.7294797072087,258.76553134020213,326.4127513130869,33.68327160587819,0.1150662093874814,110.71519609613516,112.7160631026162,31.57513427734375,113.4487291389742,112.35524648657427,103.93500055148954,110.71519609613516,76.0,0.4754098360655737,21338.841117103748,20989.0,349.8411171037478,8721.0,9312.0,784.0,0.0841924398625429,2,0,1.4761904761904765,0.9176225234619396,10.135619961435758,5.081302794338298,0.4754098360655737,4.0,4.0,4.0,4.0,36.0,48.0,152.0,0.9508196721311476,73,16.600416551616647,0.0,99,292.67095642166555,21336.512839428637,0.2242681496278936,0.0570874721624891,420.4172446456188,341.9944612110107,0.303716763678525,0.2868091348959776,0.6310070680883032,0.9390927973928686,0.9790964049997216,1.0,243.91604132146125,290.0790371592557,110.71982507354518,103.57256716831247,21336.512839428637,152.0,8696.0,31.32115444849262,15.65,60.3008,0.987799,304.9444,242.9355,242.2263,109.5,110.8485,15824.2791,0.809724,20805.0273,20840.0,21508.0
314,172.83652732189043,202.2944303753399,403.0571946355735,183.91781707890064,0.974074074074074,243.9153666332811,294.42265590711554,258.80122924116097,325.65141224315914,31.2287563360436,0.1060677760678025,110.71963295059292,112.72037118580396,33.1689453125,113.50545491189769,112.44050070706672,103.93506918710226,110.71963295059292,76.0,0.4754098360655737,21348.620606012188,20993.0,355.62060601218764,8686.0,9288.0,782.0,0.0841946597760551,2,0,1.4761904761904765,0.920335429769392,10.17333880547825,5.2103002458908305,0.4754098360655737,4.0,4.0,4.0,4.0,36.0,48.0,152.0,0.9508196721311476,71,16.6043158525713,0.0,100,292.67095642166555,21335.08664536303,0.2290639447739808,0.3195200802988696,420.4172446456188,341.9944612110107,0.2996893927239058,0.2867856228736252,0.6309641005280853,0.9390927973928686,0.979237021619522,1.0,243.91604132146125,290.0790371592557,110.71982507354518,103.52900942488394,21335.08664536303,152.0,8696.0,31.2287563360436,15.7,60.4135,0.988964,304.9443,242.9286,242.2121,109.0,110.8499,15752.558,0.806054,20800.1641,20834.0,21495.0
315,172.92766806238433,202.2363784951381,403.059898218323,183.90349603261387,0.974589455488332,243.91667187481215,294.3649595387144,248.3894146358953,325.5059968919184,31.141037353204013,0.1057905716835444,110.72000444595328,112.72073129979992,33.1689453125,113.5025426957039,112.4404497015042,103.93506318250613,110.72000444595328,76.0,0.4754098360655737,21359.89495422642,20991.0,368.89495422641994,8668.0,9256.0,779.0,0.0841616248919619,2,0,1.4761904761904765,0.9177215189873418,10.528870303717392,5.2638991698088935,0.4754098360655737,4.0,4.0,4.0,4.0,36.0,48.0,152.0,0.9508196721311476,73,16.689595027352038,0.0,100,292.67095642166555,21335.426265009806,0.1080585738048682,0.0145740085916988,420.4172446456188,341.9944612110107,0.2998266286939711,0.2867818063161101,0.6309571258764626,0.9390927973928686,0.979248795371026,1.0,243.91604132146125,290.0790371592557,110.72000444595328,103.52659462096312,21335.426265009806,152.0,8689.0,31.2287563360436,15.75,60.5263,0.990051,304.8688,242.9311,242.2091,108.5,110.8485,15778.2214,0.807367,20795.6465,20837.0,21496.0
316,173.4755016714173,202.2080364192647,403.8401550204892,183.97220867066812,0.9747871996552095,243.90424861688737,268.815056718955,248.08789435847171,306.0050053852665,37.189948666311466,0.1383477142993273,111.20489660432942,112.71727100586752,31.57513427734375,113.52978707981734,112.44084726591797,103.02979078719916,111.20489660432942,76.0,0.4754098360655737,21323.001366459062,20990.0,333.00136645906605,8696.0,9281.0,781.0,0.0841504148259885,2,0,1.5,0.9331872946330778,10.254044005377043,5.274347218064928,0.4754098360655737,4.0,4.0,4.0,4.0,36.0,48.0,152.0,0.9508196721311476,76,16.26446423263033,0.0,91,292.57943340489237,21332.036375571948,0.5485662552973083,0.7832765181945708,420.4172446456188,341.9944612110107,0.3605993566092975,0.2868181322199882,0.6310235104451296,0.939936437769288,0.9946164160418643,1.0,243.91667187481215,292.57943340489237,111.19978130129212,103.0326372325459,21332.036375571948,152.0,8686.0,31.32115444849262,15.8,60.6391,0.991063,304.8688,242.9321,242.2191,109.0,110.8474,15683.8369,0.802538,20791.4727,20829.0,21494.5
317,173.44093646999082,201.99950974591323,404.53152706419826,184.02451027145577,0.9746873652436396,243.92981043154705,278.55773483898747,246.86465763300552,312.073120572429,33.51538573344152,0.1203175555430695,111.20691070397152,112.71369936181117,31.57513427734375,113.55633869983498,112.44106102250362,103.02825633162936,111.20691070397152,76.0,0.4754098360655737,21330.30306533071,20990.5,339.80306533071416,8689.0,9276.0,781.0,0.0841957740405347,2,0,1.5,0.9330406147091108,9.973400619623895,5.14160761387318,0.4754098360655737,4.0,4.0,4.0,4.0,36.0,48.0,152.0,0.9508196721311476,76,16.206621693009986,0.0,95,289.33085910205,21332.036375571948,0.2113720100880887,0.6933475032531672,420.4172446456188,341.9944612110107,0.3374255257445697,0.2867433888613703,0.6308869190573629,0.9698811286711208,0.9946802486255808,1.0,243.9235073721205,292.57943340489237,111.19978130129212,103.03034059464036,21332.036375571948,152.0,8672.0,31.32115444849262,15.85,60.7519,0.992002,304.8688,242.9301,242.1931,109.5,110.8489,15583.1949,0.797388,20787.6289,20827.0,21489.5
318,173.44129228002066,202.00004821312697,403.98510728005,183.92002643061605,0.9747158783418118,243.93727530095313,289.33085910205,247.85629330814513,334.04599023142697,44.71513112937697,0.154546705692411,111.20740999546368,112.71273436156412,33.1689453125,113.5632681507018,112.44108816536357,103.02782772271252,111.20740999546368,76.0,0.4754098360655737,21340.38923926737,20990.0,350.3892392673697,8655.0,9239.0,779.0,0.084316484468016,2,0,1.5,0.9330406147091108,9.937530989801958,5.019968681889239,0.4754098360655737,4.0,4.0,4.0,4.0,36.0,48.0,152.0,0.9508196721311476,76,16.36771365654583,0.0,98,289.33085910205,21335.426265009806,0.0006454050802521,0.5563195605991775,420.4172446456188,341.9944612110107,0.3118006866109051,0.2867215614043417,0.630847029992942,0.9698811286711208,0.9946960726023628,1.0,243.9218081475856,292.57943340489237,111.20166852594336,103.02979078719916,21335.426265009806,152.0,8668.0,31.2287563360436,15.9,60.8647,0.992869,304.7933,242.9302,242.2122,109.5,110.8493,15547.2371,0.795548,20784.1055,20826.0,21486.0
319,173.3940730615043,202.04540169526288,404.3139086020136,183.909093168076,0.9743167028199566,243.9608079250625,292.57943340489237,246.76116639278405,305.08610107243754,12.506667667545171,0.0427462297058917,111.19978130129212,112.7246077315209,33.1689453125,113.46992127828318,112.43974119203816,103.0326372325459,111.19978130129212,76.0,0.4754098360655737,21332.036375571948,20989.0,343.03637557194816,8628.0,9220.0,777.0,0.0842733188720173,2,0,1.5,0.931868131868132,10.421672527740975,5.334333282982551,0.4754098360655737,4.0,8.0,4.0,8.0,36.0,44.0,152.0,0.9508196721311476,71,16.337119947726205,0.0,99,289.33085910205,21335.426265009806,0.0654720775533305,0.3289830475188599,420.4172446456188,341.9944612110107,0.3040736622221203,0.2866527514475194,0.6307212817302427,0.9698811286711208,0.9944542974442842,1.0,243.9218081475856,292.57943340489237,111.20407248808982,103.02825633162936,21335.426265009806,152.0,8663.0,31.141037353204013,15.95,60.9774,0.993667,304.7177,242.9322,242.2056,109.5,110.8188,15719.8548,0.804381,20780.8887,20829.0,21490.0
320,173.47697799858943,202.26033043610212,404.0956474374605,183.97432665431177,0.9746004319654428,243.90900238186333,284.6250458102165,242.73206560203113,307.55794859215683,22.932902781940356,0.0805723288217989,111.20407248808982,112.71860359027616,32.78131103515625,113.51948510089088,112.44071796547784,103.03034059464036,111.20407248808982,76.0,0.4754098360655737,21335.426265009806,20988.5,346.92626500980623,8672.0,9260.0,777.0,0.0839092872570194,2,0,1.5,0.9306930693069309,10.055220344755693,5.109435766544631,0.4754098360655737,4.0,8.0,4.0,8.0,36.0,44.0,152.0,0.9508196721311476,72,16.43115225413602,0.0,97,290.7059665674794,21335.426265009806,0.2303640428361895,0.2278011055252957,420.4172446456188,341.9944612110107,0.3229938842063086,0.2868042320972812,0.6309981083614424,0.957205670402225,0.9945902974389133,1.0,243.9218081475856,292.57943340489237,111.20487411660932,103.02791293237723,21335.426265009806,152.0,8663.0,24.410793107303732,16.0,61.0902,0.994399,304.718,242.935,242.2289,109.0,110.818,15720.051,0.804391,20777.9648,20822.0,21486.5
321,173.45004590770537,202.02116380185336,403.8058340148422,183.9535352678765,0.973383194016718,243.93580842851188,292.81782145070315,245.0079458025333,332.3075266637685,39.48970521306535,0.1348610033959752,111.2073126828654,112.71292520335912,31.57513427734375,113.56190553833343,112.35641185082088,103.02791293237723,111.2073126828654,76.0,0.4754098360655737,21329.165551731236,20985.5,343.6655517312356,8487.0,9092.0,775.0,0.0852397712274527,2,0,1.5,0.928335170893054,9.941213223441284,5.1748864142967665,0.4754098360655737,4.0,8.0,4.0,8.0,36.0,44.0,152.0,0.9508196721311476,66,16.377672647802342,0.0,99,292.57943340489237,21335.426265009806,0.2406782425921959,0.2905582586670541,420.4172446456188,341.9944612110107,0.3035066349442271,0.2867258505745115,0.6308548683309119,0.939936437769288,0.9946929884875318,1.0,243.9218081475856,292.57943340489237,111.20489660432942,103.02782772271252,21335.426265009806,152.0,8663.0,22.932902781940356,16.05,61.203,0.995067,304.7177,242.932,242.2215,108.5,110.819,15743.863,0.805609,20775.3184,20820.0,21483.0
322,173.40819904578132,202.12100799869089,403.7539231894368,183.9332822422226,0.9741712558039088,243.95394638232273,290.7059665674794,242.93400739349892,312.4306149331174,21.724648365638014,0.0747306586863439,111.19861346616,112.72601950276606,32.78759765625,113.45740245782008,112.43940319876758,102.98614134207423,111.19861346616,76.0,0.4754098360655737,21331.40931318487,20988.5,342.9093131848713,8663.0,9261.0,775.0,0.0836842673577367,2,0,1.5,0.9281767955801103,10.48018446787094,5.327657257046354,0.4754098360655737,4.0,8.0,4.0,8.0,36.0,44.0,152.0,0.9508196721311476,69,16.353792296868235,0.0,99,292.81782145070315,21336.817797956846,0.1082590573348076,0.0557217986286165,420.4172446456188,341.9944612110107,0.3085298705753057,0.2866728147629178,0.6307579468754027,0.937739025710635,0.9944172854056148,1.0,243.92191470516792,292.57943340489237,111.20487411660932,102.98614134207423,21336.817797956846,152.0,8663.0,22.932902781940356,16.1,61.3158,0.995674,304.7176,242.9352,242.2232,109.0,110.8192,15829.5025,0.809991,20772.9375,20819.0,21480.5
323,173.46317210024054,202.31295304051005,404.4440692798356,184.00832292658671,0.9743299193724124,243.9218081475856,296.462762298668,246.66070673663768,316.261213034728,19.798450736059976,0.0667822514455095,111.20166852594336,112.72214018172087,33.1689453125,113.49096395892188,112.44022695092843,102.98551672355708,111.20166852594336,76.0,0.4754098360655737,21336.817797956846,20987.0,349.81779795684633,8589.0,9178.0,775.0,0.0844410546960122,2,0,1.5,0.926991150442478,10.156426978866488,5.138734147852205,0.4754098360655737,4.0,8.0,4.0,8.0,36.0,44.0,152.0,0.9508196721311476,68,16.423469793139454,0.0,101,296.462762298668,21340.38923926737,0.199662053970049,0.6942137497936689,420.4172446456188,341.9944612110107,0.2948368172942939,0.286766787731437,0.6309296798349583,0.9041407093808304,0.9945141089963168,1.0,243.9218081475856,292.81782145070315,111.20441766000044,102.98552213907448,21340.38923926737,152.0,8655.0,22.02614431903686,16.15,61.4286,0.996223,304.7175,242.9351,242.2368,109.0,110.8195,15874.4201,0.81229,20770.8027,20819.0,21479.0
324,173.48834330646596,202.30165446037464,403.959999888248,184.0132539351648,0.9745735086384876,243.91112415954825,306.23335531498225,247.0838291830094,330.644148422286,24.410793107303732,0.0797130445904416,111.20561694204476,112.71604821172198,32.78759765625,113.53904494899771,112.4409414439611,102.98417559730795,111.20561694204476,76.0,0.4754098360655737,21341.733801791648,20988.0,353.73380179164815,8618.0,9203.0,774.0,0.0841030098880799,2,0,1.5,0.926991150442478,10.21913797337542,4.871876056404055,0.4754098360655737,4.0,8.0,4.0,8.0,36.0,44.0,152.0,0.9508196721311476,69,16.431773871944763,0.0,104,296.462762298668,21341.733801791648,0.0275907146684996,0.4840945059775245,420.4172446456188,341.9944612110107,0.2715965883532805,0.2867980279684851,0.6309867704903884,0.9041407093808304,0.99463924560628,1.0,243.9218081475856,292.81782145070315,111.20407248808982,102.98551672355708,21341.733801791648,152.0,8663.0,22.02614431903686,16.2,61.5414,0.996718,304.7175,242.936,242.2052,109.0,110.8197,16130.9593,0.825417,20768.8984,20817.0,21478.0
325,173.56834114624797,202.32138062384257,404.3179065746025,184.0041384485904,0.9750969409737182,243.90438109587132,310.59069929275427,245.19993938693764,325.84875943131897,15.2580601385647,0.0491259402593471,111.20487411660932,112.71730828100053,32.756591796875,113.52950198553516,112.44084403409838,102.98448433513198,111.20487411660932,76.0,0.4754098360655737,21348.351192685743,20991.5,356.8511926857427,8706.0,9284.0,774.0,0.0833692373976734,2,0,1.5,0.9289678135405104,10.765696609696263,4.8273381379332685,0.4754098360655737,4.0,8.0,4.0,8.0,36.0,44.0,152.0,0.9508196721311476,69,16.520642082592065,0.0,105,305.58159931017343,21343.30683874999,0.0823940282723791,0.3580227482056895,420.4172446456188,341.9944612110107,0.261232256173127,0.2868177448482645,0.6310228025341887,0.8200851421571388,0.994615703341636,1.0,243.9218081475856,292.81782145070315,111.20407248808982,102.98465974234573,21343.30683874999,152.0,8669.0,22.932902781940356,16.25,61.6541,0.997162,304.7171,242.9341,242.1921,109.0,110.8208,16051.3792,0.821345,20767.2051,20819.0,21476.0
326,173.5678157150678,202.32147579233123,404.3848728294299,184.00403209557524,0.9753548387096774,243.9035729272395,310.65280189102884,245.18886618082527,326.0882302865197,15.435428395490874,0.0496870728399395,111.20501087820192,112.7170807677485,32.756591796875,113.53123939835346,112.44086342238352,102.98442971056006,111.20501087820192,76.0,0.4754098360655737,21348.33456114616,20991.5,356.8345611461591,8727.0,9300.0,773.0,0.0831182795698924,2,0,1.5,0.92880978865406,10.761039285118263,4.791883137886375,0.4754098360655737,4.0,8.0,4.0,8.0,36.0,44.0,152.0,0.9508196721311476,70,16.519688052881047,0.0,105,305.58159931017343,21348.33456114616,0.0005339803051874,0.0669663392800945,420.4172446456188,341.9944612110107,0.2610845395914085,0.2868201079527105,0.6310271210411663,0.8200851421571388,0.994620037708033,1.0,243.92191470516792,296.462762298668,111.20166852594336,102.98448433513198,21348.33456114616,152.0,8669.0,24.410793107303732,16.3,61.7669,0.997559,304.717,242.9323,242.1754,109.0,110.8213,16039.2489,0.820724,20765.7051,20815.0,21474.5
327,173.56250501323797,202.3437039982219,403.87904108071046,183.95041636555555,0.9750784207679828,243.92191470516792,291.44590671309487,245.261016908856,328.76613053083315,37.32022381773828,0.1280519745109237,111.20164734413405,112.72216926949164,33.181396484375,113.49072170347732,112.4402219510588,102.98552213907448,111.20164734413405,76.0,0.4754098360655737,21343.30683874999,20992.0,351.3068387499916,8669.0,9245.0,774.0,0.0837209302325581,2,0,1.5,0.92880978865406,10.867915345076709,4.954980490379199,0.4754098360655737,4.0,8.0,4.0,8.0,36.0,44.0,152.0,0.9508196721311476,69,16.51968598863737,0.0,99,305.58159931017343,21348.351192685743,0.0228538113023932,0.5086653168028359,420.4172446456188,341.9944612110107,0.3067698567912869,0.2867664761545128,0.6309291104368838,0.8200851421571388,0.9945134376841394,1.0,243.92191470516792,296.462762298668,111.20164734413405,102.98442971056006,21348.351192685743,152.0,8674.0,24.410793107303732,16.35,61.8797,0.997913,304.717,242.9301,242.1882,109.0,110.8212,16154.5389,0.826623,20764.3828,20816.0,21476.5
328,173.5730278877425,202.35617572903595,404.5699862149715,183.99982510783937,0.9747423239665834,243.9070362169182,305.58159931017343,245.36860119362495,327.6077436292103,22.02614431903686,0.0720794196010465,111.20441766000044,112.718053678189,32.36279296875,113.52376407200614,112.44077479273705,102.98465974234573,111.20441766000044,76.0,0.4754098360655737,21364.702456535855,20992.0,372.7024565358552,8635.0,9217.0,775.0,0.0840837582727568,2,0,1.5,0.92880978865406,10.589982917580048,5.034547827899935,0.4754098360655737,4.0,8.0,4.0,8.0,36.0,44.0,152.0,0.9508196721311476,69,16.523430259254436,0.0,104,298.42484284477973,21364.534921528673,0.0163179336110801,0.6927094646192836,420.4172446456188,341.9944612110107,0.2731468482750832,0.2868099812106971,0.6310086147046738,0.8860546537759431,0.9946012369249352,1.0,243.92191470516792,296.462762298668,111.20164734413405,102.98417559730795,21364.534921528673,152.0,8706.0,27.96389680006348,16.4,61.9925,0.998227,304.7172,242.932,242.1805,108.5,110.8206,16028.742,0.820186,20763.2227,20820.0,21478.0
329,173.5482334025431,202.14450555469372,404.08404408109914,184.00460317882107,0.975132446751,243.92386024205177,290.465865026488,245.29819383853135,322.88208565216877,32.41622062568075,0.1116007921368821,111.12582222251486,112.71445758570567,32.36279296875,113.55082387290096,112.4410309031962,102.98376502546247,111.12582222251486,80.0,0.4754098360655737,21368.45422177949,20991.0,377.4542217794915,8674.0,9249.0,770.0,0.0832522434857822,2,0,1.45,0.9322799097065464,10.517320629110673,4.999409937930767,0.4754098360655737,4.0,8.0,4.0,8.0,36.0,44.0,152.0,0.9508196721311476,70,16.479574927240662,0.0,99,293.63160355843854,21364.534921528673,0.2131174070843913,0.4859656237171317,420.4172446456188,341.9944612110107,0.3091009735546656,0.2867607873580424,0.6309187143211756,0.930237749333408,0.9921103225043306,1.0,243.92386024205177,293.63160355843854,111.1337822510649,102.98376502546247,21364.534921528673,152.0,8727.0,32.41622062568075,16.45,62.1053,0.998503,304.7175,242.9304,242.1907,108.5,110.8195,16111.0283,0.824397,20762.207,20826.0,21479.5
330,173.52606148977603,202.33332698312088,404.35850142998487,183.92203248301556,0.9754355775435576,243.99271318148965,286.91724507722887,245.33737875200688,334.7227818791987,47.80553680196982,0.1666178580137353,111.1317333947378,112.70672414054684,34.756591796875,113.60437862252827,112.4410007247635,102.98147953332698,111.1317333947378,80.0,0.4754098360655737,21364.534921528673,20994.5,370.0349215286733,8727.0,9298.0,769.0,0.0827059582705958,2,0,1.45,0.9333333333333332,9.922813816628103,4.695747739519265,0.4754098360655737,4.0,8.0,4.0,8.0,36.0,44.0,152.0,0.9508196721311476,70,17.26849711782672,0.0,97,291.52828224161277,21364.534921528673,0.1901187143576993,0.2866090650401548,420.4172446456188,341.9944612110107,0.3175416833363262,0.2865594597131616,0.630550793706976,0.9496257333621174,0.9922976644748556,1.0,243.94944820574852,293.63160355843854,111.1327228359388,102.98297020827437,21364.534921528673,152.0,8727.0,32.41622062568075,16.5,62.218,0.998745,304.7177,242.9283,242.1665,108.0,110.819,16058.3501,0.821701,20761.3242,20826.0,21479.0
331,169.64136038014962,202.4713837323109,404.3811985749001,183.88041909284047,0.9790967741935483,247.9159868374877,298.42484284477973,244.9475727364338,333.3887261981503,34.96388335337059,0.1171614367626773,111.12939509253368,112.70998401408062,34.756591796875,113.58249909658954,112.4366926262244,102.98249712141322,111.12939509253368,80.0,0.4838709677419355,21458.3877637025,21083.5,374.8877637024998,8814.0,9300.0,682.0,0.0733333333333333,2,0,1.45,0.9333333333333332,7.515804347078709,4.700447518420468,0.4838709677419355,8.0,8.0,8.0,8.0,36.0,44.0,152.0,0.967741935483871,70,13.980810635719273,0.0084611316763617,101,291.52828224161277,21364.702456535855,3.8871535057326385,0.047400787220968,420.4172446456188,341.9944612110107,0.2901698333132595,0.2750877135272566,0.6095864998805621,0.9496257333621174,0.9922235569838064,1.0,243.9541588617913,293.63160355843854,111.1317333947378,102.98286933039502,21364.702456535855,152.0,8741.0,32.41622062568075,16.55,62.3308,0.998957,303.8717,242.93,242.1955,108.0,110.8203,16127.5221,0.825241,20760.5625,20833.0,21481.5
332,169.64768091886768,202.49577135421225,403.9346182294683,183.86682751154729,0.9789678255236448,247.90967980424824,293.63160355843854,246.57315452611493,321.595500358502,27.96389680006348,0.0952346289063469,111.1281643847488,112.71158925072612,33.1689453125,113.57136583263735,112.43667053023027,102.98297020827437,111.1281643847488,80.0,0.4838709677419355,21458.485444908627,21082.5,375.98544490862696,8775.0,9262.0,682.0,0.0736342042755344,2,0,1.45,0.9333333333333332,7.545999808203426,4.7333574993801095,0.4838709677419355,8.0,8.0,8.0,8.0,36.0,44.0,152.0,0.967741935483871,69,14.194881345355329,0.0,100,291.52828224161277,21364.702456535855,0.0251933584837329,0.4467871260545077,420.4172446456188,341.9944612110107,0.3015709814521318,0.2751061554435879,0.6096202019644845,0.9496257333621174,0.992184552330776,1.0,243.9541588617913,293.63160355843854,111.12939509253368,102.98249712141322,21364.702456535855,152.0,8741.0,33.443638396775725,16.6,62.4436,0.999141,303.8717,242.9326,242.1985,108.5,110.8205,16040.6669,0.820796,20759.9043,20825.0,21479.0
333,169.6474871433598,202.4958481740468,404.1236050641588,183.8633715425765,0.9789813718100572,247.91106309558467,291.52828224161277,245.44715624428545,329.02946119751977,37.501178955906994,0.1286365036954691,111.12843579752531,112.71124134937416,33.181396484375,113.57379995664756,112.43667802113656,102.98286933039502,111.12843579752531,80.0,0.4838709677419355,21454.480340401504,21080.0,374.4803404015038,8799.0,9287.0,682.0,0.0734359857865833,2,0,1.45,0.9333333333333332,7.539405317830254,4.72132581401796,0.4838709677419355,8.0,8.0,8.0,8.0,36.0,44.0,152.0,0.967741935483871,69,14.159112891915084,0.0,99,293.63160355843854,21368.45422177949,0.0002084471981877,0.1890184313971769,420.4172446456188,341.9944612110107,0.3065739192326662,0.2751021106665716,0.6096128102481356,0.930237749333408,0.9921931541786764,1.0,243.99271318148965,293.9629164385093,111.12843579752531,102.98147953332698,21368.45422177949,152.0,8741.0,32.41622062568075,16.65,62.5564,0.999301,303.8717,242.9308,242.1912,108.0,110.7671,15880.1465,0.812583,20759.3379,20830.0,21477.0
334,173.52472274168778,202.2878010768503,403.6827394408329,183.9834003423421,0.9750804203302594,243.9541588617913,278.03367252867304,246.6030915873503,320.51236733667236,42.47869480799932,0.1527825547951159,111.1337822510649,112.70361136206012,34.3751220703125,113.6244372582682,112.44510934477644,102.980442902264,111.1337822510649,80.0,0.4754098360655737,21359.638278946793,20993.5,366.13827894679343,8745.0,9326.0,770.0,0.0825648723997426,2,0,1.45,0.9323562570462232,9.867884481157624,4.654538855489633,0.4754098360655737,4.0,8.0,4.0,8.0,36.0,44.0,152.0,0.9508196721311476,72,17.260187808792875,0.0084611316763617,94,297.2047426321276,21444.666791588672,3.882813345963678,0.4569129135882791,420.4172446456188,341.9944612110107,0.3386720547987148,0.2866721934678599,0.6307568114761412,0.8973012870159961,0.9923625985974228,1.0,247.88793740989416,293.9629164385093,111.1281643847488,102.98099717113732,21444.666791588672,152.0,8741.0,32.41622062568075,16.7,62.6692,0.99944,303.8717,242.9308,242.1889,108.5,110.7649,15949.0686,0.816109,20758.8555,20828.0,21475.0
335,173.5409980497138,202.33109348900615,403.8761630955434,183.7616193124456,0.975109966741766,243.94944820574852,297.2047426321276,246.6254859772696,326.94778870352104,29.74304607139345,0.1000759469986272,111.1327228359388,112.7052531821788,33.181396484375,113.61395370954958,112.44525175150662,102.98099717113732,111.1327228359388,80.0,0.4754098360655737,21357.93402891887,20995.5,362.43402891886944,8741.0,9321.0,770.0,0.08260916210707,2,0,1.45,0.9323562570462232,9.896628698942964,4.632359804412923,0.4754098360655737,4.0,8.0,4.0,8.0,36.0,44.0,152.0,0.9508196721311476,70,17.2817293032391,0.0,101,293.9629164385093,21444.666791588672,0.046250606499998,0.2942779900426519,420.4172446456188,341.9944612110107,0.2930719507411033,0.2866859675390133,0.6307819832041559,0.927183775232574,0.9923290226991338,1.0,247.88793740989416,293.9629164385093,111.12843579752531,102.980442902264,21444.666791588672,152.0,8741.0,30.553608955368816,16.75,62.782,0.999559,303.8717,242.9308,242.1833,108.5,110.7655,16057.0055,0.821633,20758.4453,20829.0,21476.0
336,169.654001358841,202.49577247777512,403.8341730641158,183.90404639790745,0.978592154755508,247.89157577832776,309.3437409946963,248.5103943034922,339.8973499500651,30.553608955368816,0.0987691196114831,111.12453828892826,112.71593530504028,33.181396484375,113.53989070083348,112.4454569754624,102.53126325567156,111.12453828892826,80.0,0.4838709677419355,21463.064177053016,21085.5,377.56417705301646,8807.0,9305.0,682.0,0.0732939279957012,2,0,1.45,0.9333333333333332,7.630907676745734,4.763938637415024,0.4838709677419355,8.0,8.0,8.0,8.0,36.0,44.0,152.0,0.967741935483871,65,14.380012762936936,0.0084611316763617,105,293.96400986630937,21444.666791588672,3.8904835745956072,0.1484878359073568,420.4172446456188,341.9944612110107,0.2641982579581134,0.2751590920492172,0.6097169421238812,0.927173696239624,0.9920696309732664,1.0,247.88793740989416,293.9629164385093,111.12843579752531,102.53390649744608,21444.666791588672,152.0,8741.0,29.74304607139345,16.8,62.8947,0.999659,303.8717,242.9306,242.1958,108.5,110.7668,15919.0529,0.814574,20758.1016,20828.0,21477.0
337,173.56221332502437,202.32357952468328,403.8300921816815,183.8976963625867,0.9739158929546696,243.9221233516289,308.4042218863284,248.4967281241184,341.8478602831041,33.443638396775725,0.1084409227351705,111.1183885372944,112.72222620833436,34.3751220703125,113.49024710813764,112.44483529761152,102.53390649744608,111.1183885372944,76.0,0.4754098360655737,21335.53029389688,20994.0,341.53029389688163,8558.0,9155.0,769.0,0.0839978154014199,2,0,1.45,0.935374149659864,10.679312437190292,5.123691595999745,0.4754098360655737,4.0,8.0,4.0,8.0,36.0,44.0,152.0,0.9508196721311476,66,17.31627871799417,0.0084611316763617,105,293.96400986630937,21359.638278946793,3.912003474655091,0.0075482812624635,420.4172446456188,341.9944612110107,0.2664329881465952,0.2867658660672609,0.6309279955195731,0.927173696239624,0.9918747277381936,1.0,244.0002375098762,293.63160355843854,111.12843579752531,102.5316277721054,21359.638278946793,152.0,8726.0,28.896930686699022,16.85,63.0075,0.999744,303.8717,242.925,242.1839,108.0,110.8418,15884.148,0.812787,20757.8203,20829.0,21478.0
338,169.64861151414874,202.46611279874767,404.60818025053504,183.9048040519392,0.9784862285838212,247.9080250839636,293.9629164385093,248.4766813389558,322.8598471252083,28.896930686699022,0.0983012790755994,111.12783863248455,112.71200238312464,34.3751220703125,113.47963943944896,112.436659644059,102.52947506533457,111.12783863248455,80.0,0.4838709677419355,21444.666791588672,21081.5,363.1667915886719,8726.0,9222.0,680.0,0.0737367165473866,2,0,1.45,0.945914844649022,7.202863006645476,4.97161885622279,0.4838709677419355,8.0,8.0,8.0,8.0,36.0,44.0,152.0,0.967741935483871,70,13.986977799424382,0.0084611316763617,100,293.96400986630937,21357.93402891887,3.91619647978808,0.7781205318844174,420.4172446456188,341.9944612110107,0.3007829241488448,0.2751109938853534,0.6096290440808623,0.927173696239624,0.992174228308943,1.0,244.0002375098762,292.63928557134915,111.1327228359388,102.53126325567156,21357.93402891887,152.0,8714.0,28.896930686699022,16.9,63.1203,0.999813,303.8717,242.9265,242.1749,108.0,110.8429,15867.7492,0.811948,20757.5898,20828.0,21476.0
339,169.65416984871308,202.49072706416163,404.5400523011237,183.9212656298743,0.97843607057286,247.88793740989416,293.96400986630937,248.4766813389558,321.15612633728034,27.192116470970973,0.0925015156900926,111.12379359547562,112.71676402842527,33.1689453125,113.44319673260776,112.43636653967144,102.5316277721054,111.12379359547562,76.0,0.4838709677419355,21451.159469298094,21080.5,370.65946929809434,8687.0,9182.0,680.0,0.0740579394467436,2,0,1.45,0.945914844649022,7.2966650640932365,5.120998818472216,0.4838709677419355,8.0,8.0,8.0,8.0,36.0,44.0,152.0,0.967741935483871,70,14.4827034533042,0.0,100,293.9629164385093,21355.550999577685,0.0252340473368416,0.0700885228772133,420.4172446456188,341.9944612110107,0.3007803233330742,0.2751697307257054,0.6097363840062424,0.927183775232574,0.992046029505809,1.0,244.0001302589905,292.63928557134915,111.13354901436944,102.52947506533457,21355.550999577685,152.0,8689.0,27.192116470970973,16.95,63.2331,0.999868,303.8717,239.9259,239.1529,108.5,110.8439,15816.7051,0.809336,20757.4082,20824.0,21474.5
340,173.51833484291626,202.23715530545977,404.2548986932784,183.95127368106452,0.9751991388589882,243.95611713713464,292.27085139812965,248.4766813389558,315.30454090252243,23.033689504392783,0.0788093968119195,111.13415012368534,112.70302409485218,35.5751953125,113.54214634187042,112.44075269263784,102.52508807253034,111.13415012368534,80.0,0.4754098360655737,21351.18124388268,20995.0,356.1812438826819,8714.0,9290.0,768.0,0.0826695371367061,2,0,1.45,0.9448909299655568,9.552319866532136,4.756475118101761,0.4754098360655737,4.0,8.0,4.0,8.0,32.0,44.0,156.0,0.9344262295081968,74,17.248816194668283,0.0084611316763617,99,292.63928557134915,21355.550999577685,3.8724759184837305,0.2867282044086784,420.4172446456188,341.9944612110107,0.3048076521111954,0.2866664674238287,0.6307463472915621,0.9393847327881872,0.9923742575339276,1.0,244.0001302589905,292.63928557134915,111.13354901436944,102.52557216535482,21355.550999577685,156.0,8687.0,23.05107282651943,17.0,63.3459,0.999912,303.8717,239.9251,239.1489,108.5,110.8429,15824.1498,0.809717,20757.2676,20822.0,21474.0
341,173.51669496584097,202.23874862345613,404.0159259886455,183.97253300878592,0.9752350081037278,244.0001302589905,292.63928557134915,247.35182956500896,315.3027842193891,22.663498648039933,0.0774451680463602,111.13354901436944,112.70397902049965,35.5751953125,113.53582926064983,112.4408295432181,102.52557216535482,111.13354901436944,80.0,0.4754098360655737,21352.28994493427,20994.5,357.78994493426944,8682.0,9255.0,767.0,0.0828741220961642,2,0,1.45,0.945914844649022,9.568876479522697,4.783156404105841,0.4754098360655737,4.0,8.0,4.0,8.0,32.0,44.0,156.0,0.9344262295081968,75,17.248131640956533,0.0,99,292.63643491666255,21355.550999577685,0.0022864511933589,0.2399164699947091,420.4172446456188,341.9944612110107,0.3039312984936599,0.2865377720008092,0.6305111600220241,0.9394110095377706,0.992355206658823,1.0,244.0001302589905,292.63643491666255,111.1335591705606,102.52556411842758,21355.550999577685,156.0,8683.0,23.05107282651943,17.05,63.4586,0.999945,303.8717,239.9253,239.152,108.5,110.8435,15824.1675,0.809718,20757.1621,20821.0,21474.0
342,173.51672862777076,202.23874816002876,404.01857708845694,183.97245947954417,0.97523768366465,244.0002375098762,292.63643491666255,247.35182956500896,315.3050888188854,22.668653902222843,0.0774635390452267,111.1335591705606,112.70396308542692,35.5751953125,113.53593526666891,112.44082833195056,102.52556411842758,111.1335591705606,80.0,0.4754098360655737,21352.288671585437,20994.5,357.78867158543653,8683.0,9256.0,767.0,0.0828651685393258,2,0,1.45,0.945914844649022,9.568598850253036,4.782565182919898,0.4754098360655737,4.0,8.0,4.0,8.0,32.0,44.0,156.0,0.9344262295081968,75,17.24815725190777,0.0,99,292.63643491666255,21355.550999577685,3.36651196669649e-05,0.0026521192958768,420.4172446456188,341.9944612110107,0.303938079030669,0.2865374583966493,0.6305105869192336,0.9394110095377706,0.9923555285375962,1.0,243.9719384603884,292.63643491666255,111.1335591705606,102.52556411842758,21355.550999577685,156.0,8683.0,23.033689504392783,17.1,63.5714,0.999969,303.8717,239.9256,239.1653,108.5,110.8427,15830.1871,0.810026,20757.0879,20823.0,21475.0
343,173.51672862777076,202.23874816002876,404.01857708845694,183.97245947954417,0.97523768366465,244.0002375098762,292.63643491666255,247.35182956500896,315.3050888188854,22.668653902222843,0.0774635390452267,111.1335591705606,112.70396308542692,35.5751953125,113.53593526666891,112.44082833195056,102.52556411842758,111.1335591705606,80.0,0.4754098360655737,21352.288671585437,20994.5,357.78867158543653,8683.0,9256.0,767.0,0.0828651685393258,2,0,1.45,0.945914844649022,9.568598850253036,4.782565182919898,0.4754098360655737,4.0,8.0,4.0,8.0,32.0,44.0,156.0,0.9344262295081968,75,17.24815725190777,0.0,99,292.62911528507254,21361.992185489617,0.0,0.0,420.4172446456188,341.9944612110107,0.303938079030669,0.2865374583966493,0.6305105869192336,0.9394784803988452,0.9923555285375962,1.0,243.9719384603884,292.62911528507254,111.13382500979252,102.52535188693676,21361.992185489617,156.0,8683.0,23.033689504392783,17.15,63.6842,0.999985,303.8717,239.9256,239.1653,108.5,110.8427,15830.1871,0.810026,20757.0391,20823.0,21475.0
344,173.5176128263451,202.2387360813199,403.9712134421493,183.9549543912501,0.9752132138616,243.95438591718272,292.62911528507254,248.4766813389558,315.1244286027288,22.49531331765627,0.0768731207615546,111.13382500979252,112.70354356966072,35.5751953125,113.53871878255626,112.44079557003504,102.52535188693676,111.13382500979252,80.0,0.4754098360655737,21355.550999577685,20994.5,361.0509995776847,8689.0,9263.0,768.0,0.0829105041563208,2,0,1.45,0.9448909299655568,9.561306334906748,4.791077032042001,0.4754098360655737,4.0,8.0,4.0,8.0,32.0,44.0,156.0,0.9344262295081968,75,17.248772404850907,0.0,99,292.62911528507254,21361.992185489617,0.000884281071873,0.0504949810153723,420.4172446456188,341.9944612110107,0.3039554894287515,0.2866715295524543,0.630755598189392,0.9394784803988452,0.9923639537439126,1.0,243.9719334869436,292.27085139812965,111.13415012368534,102.52508807253034,21361.992185489617,156.0,8682.0,23.033689504392783,17.2,63.797,0.999994,303.8717,239.9263,239.168,108.5,110.8422,15827.2313,0.809875,20757.0098,20822.0,21475.0
345,173.5187943513919,202.2088657315261,404.3049390888028,183.91048828194965,0.9748886716628652,243.9719334869436,291.9895826110189,248.41719263052616,315.0406554375383,23.05107282651943,0.0789448466633396,111.1370433562962,112.69805906799697,33.5751953125,113.57389585289542,112.44022131007132,102.4802447245936,111.1370433562962,80.0,0.4754098360655737,21361.992293213596,20994.5,367.492293213596,8629.0,9207.0,768.0,0.0834147930922124,2,0,1.45,0.9448909299655568,9.468727217641757,4.659579022470984,0.4754098360655737,4.0,8.0,4.0,8.0,32.0,44.0,156.0,0.9344262295081968,74,17.244444414880064,0.0,99,292.17498358698396,21361.992185489617,0.0298937083387545,0.3366749799296675,420.4172446456188,341.9944612110107,0.3054766750656364,0.2866202200379705,0.6306618314933461,0.9436645731460818,0.9924659523582464,1.0,243.9719334869436,292.17498358698396,111.13687252977176,102.48036447871876,21361.992185489617,156.0,8674.0,23.033689504392783,17.25,63.9098,0.999999,303.8717,239.9259,239.1666,108.5,110.8422,15825.7205,0.809798,20756.9961,20821.0,21475.0
346,173.5187943513919,202.2088657315261,404.3049390888028,183.91048828194965,0.9748886716628652,243.9719334869436,291.9895826110189,248.41719263052616,315.0406554375383,23.05107282651943,0.0789448466633396,111.1370433562962,112.69805906799697,33.5751953125,113.57389585289542,112.44022131007132,102.4802447245936,111.1370433562962,80.0,0.4754098360655737,21361.992293213596,20994.5,367.492293213596,8629.0,9207.0,768.0,0.0834147930922124,2,0,1.45,0.9448909299655568,9.468727217641757,4.659579022470984,0.4754098360655737,4.0,8.0,4.0,8.0,32.0,44.0,156.0,0.9344262295081968,74,17.244444414880064,0.0,99,291.9895826110189,21361.992293213596,0.0,0.0,420.4172446456188,341.9944612110107,0.3054766750656364,0.2866202200379705,0.6306618314933461,0.9453735612746016,0.9924659523582464,1.0,243.9719334869436,291.9895826110189,111.13687252977176,102.48036447871876,21361.992293213596,156.0,8674.0,23.05107282651943,17.3,64.0226,1.0,303.8717,239.927,239.182,108.5,110.8426,15869.3082,0.812028,20756.9922,20821.0,21476.0
347,173.51879958552917,202.2088654961547,404.0686285084568,183.91445416047256,0.974885943949598,243.9719384603884,292.17498358698396,248.41719263052616,315.0836680300305,22.908684443046525,0.0784074124409981,111.13704424343511,112.69805744232067,35.5751953125,113.57390596455112,112.44022110191796,102.48024409889638,111.13704424343511,80.0,0.4754098360655737,21361.992185489617,20994.5,367.4921854896166,8628.0,9206.0,768.0,0.0834238540082554,2,0,1.45,0.9448909299655568,9.468700493098869,4.661083336431916,0.4754098360655737,4.0,8.0,4.0,8.0,32.0,44.0,156.0,0.9344262295081968,74,17.244449253330806,0.0,99,291.9895826110189,21361.992293213596,5.239426740020108e-06,0.2363438566493783,420.4172446456188,341.9944612110107,0.3050356822702021,0.2866202054954988,0.6306618049173875,0.9453735612746016,0.9924659804742192,1.0,243.97097733465023,291.9895826110189,111.13687252977176,102.48036447871876,21361.992293213596,156.0,8674.0,23.05107282651943,17.35,64.1353,1.0,303.8717,239.927,239.182,108.5,110.8426,15869.3082,0.812028,20756.9922,20821.0,21476.0
348,173.51850416735866,202.21319680113788,403.6399455722001,183.92525716427775,0.975051345800454,243.97097733465023,288.7819920827638,248.3447600909779,313.0538175294141,24.271825446650325,0.0840489577331197,111.13687252977176,112.6983708305584,35.5751953125,113.57195341425675,112.44026083319726,102.48036447871876,111.13687252977176,80.0,0.4754098360655737,21362.01289584276,20994.5,367.51289584275946,8674.0,9251.0,768.0,0.0830180521024754,2,0,1.45,0.9448909299655568,9.473859764154984,4.612960938098308,0.4754098360655737,4.0,8.0,4.0,8.0,32.0,44.0,156.0,0.9344262295081968,75,17.24470357113886,0.0,98,288.7819920827638,21361.992293213596,0.0043413678435408,0.4288190349423766,420.4172446456188,341.9944612110107,0.3131062158827807,0.2866230158501892,0.6306669407616201,0.9749404721573866,0.9924605383766374,1.0,243.97097733465023,288.8884954747043,111.13687252977176,102.48036447871876,21361.992293213596,156.0,8674.0,24.271825446650325,17.4,64.2481,1.0,303.8717,239.927,239.182,108.5,110.8426,15869.3082,0.812028,20756.9922,20821.0,21476.0
349,173.51850416735866,202.21319680113788,403.6399455722001,183.92525716427775,0.975051345800454,243.97097733465023,288.7819920827638,248.3447600909779,313.0538175294141,24.271825446650325,0.0840489577331197,111.13687252977176,112.6983708305584,35.5751953125,113.57195341425675,112.44026083319726,102.48036447871876,111.13687252977176,80.0,0.4754098360655737,21362.01289584276,20994.5,367.51289584275946,8674.0,9251.0,768.0,0.0830180521024754,2,0,1.45,0.9448909299655568,9.473859764154984,4.612960938098308,0.4754098360655737,4.0,8.0,4.0,8.0,32.0,44.0,156.0,0.9344262295081968,75,17.24470357113886,0.0,98,288.7819920827638,21362.01289584276,0.0,0.0,420.4172446456188,341.9944612110107,0.3131062158827807,0.2866230158501892,0.6306669407616201,0.9749404721573866,0.9924605383766374,1.0,243.97097733465023,288.7819920827638,111.13687252977176,102.48036447871876,21362.01289584276,156.0,8674.0,24.271825446650325,17.45,64.3609,1.0,303.8717,239.927,239.182,108.5,110.8426,15869.3082,0.812028,20756.9922,20821.0,21476.0
350,173.51850416735866,202.21319680113788,403.6399455722001,183.92525716427775,0.975051345800454,243.97097733465023,288.7819920827638,248.3447600909779,313.0538175294141,24.271825446650325,0.0840489577331197,111.13687252977176,112.6983708305584,35.5751953125,113.57195341425675,112.44026083319726,102.48036447871876,111.13687252977176,80.0,0.4754098360655737,21362.01289584276,20994.5,367.51289584275946,8674.0,9251.0,768.0,0.0830180521024754,2,0,1.45,0.9448909299655568,9.473859764154984,4.612960938098308,0.4754098360655737,4.0,8.0,4.0,8.0,32.0,44.0,156.0,0.9344262295081968,75,17.24470357113886,0.0,98,288.7819920827638,21362.01289584276,0.0,0.0,420.4172446456188,341.9944612110107,0.3131062158827807,0.2866230158501892,0.6306669407616201,0.9749404721573866,0.9924605383766374,1.0,243.97097733465023,288.7819920827638,111.13687252977176,102.48036447871876,21362.01289584276,156.0,8674.0,24.271825446650325,17.5,64.4737,1.0,303.8717,239.927,239.182,108.5,110.8426,15869.3082,0.812028,20756.9922,20821.0,21476.0
351,173.51850416735866,202.21319680113788,403.6399455722001,183.92525716427775,0.975051345800454,243.97097733465023,288.7819920827638,248.3447600909779,313.0538175294141,24.271825446650325,0.0840489577331197,111.13687252977176,112.6983708305584,35.5751953125,113.57195341425675,112.44026083319726,102.48036447871876,111.13687252977176,80.0,0.4754098360655737,21362.01289584276,20994.5,367.51289584275946,8674.0,9251.0,768.0,0.0830180521024754,2,0,1.45,0.9448909299655568,9.473859764154984,4.612960938098308,0.4754098360655737,4.0,8.0,4.0,8.0,32.0,44.0,156.0,0.9344262295081968,75,17.24470357113886,0.0,98,288.7819920827638,21362.01289584276,0.0,0.0,420.4172446456188,341.9944612110107,0.3131062158827807,0.2866230158501892,0.6306669407616201,0.9749404721573866,0.9924605383766374,1.0,243.97097733465023,288.7819920827638,111.13687252977176,102.48036447871876,21362.01289584276,156.0,8674.0,24.271825446650325,17.55,64.5865,1.0,303.8717,239.927,239.182,108.5,110.8426,15869.3082,0.812028,20756.9922,20821.0,21476.0
352,173.51971802729594,202.2338791680171,403.6124015287314,183.9260799072134,0.975018908698001,243.96996921762687,288.77504801063503,248.3447600909779,313.0800233867322,24.30497537609716,0.0841657738212965,111.13669183403158,112.69869787127146,35.5751953125,113.56990871822497,112.44030144288018,102.4804895887118,111.13669183403158,80.0,0.4754098360655737,21362.03438757794,20994.5,367.5343875779399,8677.0,9255.0,768.0,0.0829821717990275,2,0,1.45,0.9448909299655568,9.47925990781516,4.619055226497403,0.4754098360655737,4.0,8.0,4.0,8.0,32.0,44.0,156.0,0.9344262295081968,75,17.248266765445564,0.0,98,288.7819920827638,21362.01289584276,0.020717957323871,0.0275563284299825,420.4172446456188,341.9944612110107,0.3131227329791112,0.2866259636085236,0.6306723277071514,0.9749404721573866,0.9924548116113268,1.0,243.97097733465023,288.7819920827638,111.13687252977176,102.48036447871876,21362.01289584276,156.0,8674.0,24.287200629635095,17.6,64.6992,1.0,303.8717,239.927,239.182,108.5,110.8426,15869.3082,0.812028,20756.9922,20821.0,21476.0
353,173.5175551554219,202.18279044634744,403.6140331294606,183.9265536798607,0.9749540391478316,243.9731231254384,288.8884954747043,248.3447600909779,313.1835593579353,24.295063883230966,0.0840984125840978,111.1372551380793,112.69766901354016,35.5751953125,113.57631691808132,112.440170758069,102.4800942315143,111.1372551380793,80.0,0.4754098360655737,21361.96636027074,20993.5,368.46636027074055,8668.0,9247.0,768.0,0.0830539634476046,2,0,1.45,0.9448909299655568,9.4623266120205,4.619562920898451,0.4754098360655737,4.0,8.0,4.0,8.0,32.0,44.0,156.0,0.9344262295081968,75,17.240470424997138,0.0,98,288.7796279511733,21362.03438757794,0.0511344844169105,0.0016989942497838,420.4172446456188,341.9944612110107,0.3128528880440755,0.2866167415065037,0.6306554745748288,0.9749622642369662,0.992472664329252,1.0,243.96996921762687,288.7796279511733,111.13669183403158,102.4804895887118,21362.03438757794,156.0,8675.0,24.287200629635095,17.65,64.812,1.0,303.8717,239.927,239.182,108.5,110.8426,15869.3082,0.812028,20756.9922,20821.0,21476.0
354,173.51946911514287,202.23388744531368,403.6263632754044,183.92203556888776,0.9750135091321732,243.9697320121375,288.7796279511733,248.3447600909779,313.0668285808084,24.287200629635095,0.0841028877346623,111.1366492302366,112.69877457523208,35.5751953125,113.56942810168717,112.4403108405627,102.48051885542392,111.1366492302366,80.0,0.4754098360655737,21362.039410250007,20993.5,368.5394102500068,8675.0,9253.0,768.0,0.0830001080730573,2,0,1.45,0.9448909299655568,9.480528853322864,4.62253513308941,0.4754098360655737,4.0,8.0,4.0,8.0,32.0,44.0,156.0,0.9344262295081968,75,17.24805601683269,0.0,98,288.7796279511733,21362.039410250007,0.0511328323601088,0.0131318629965111,420.4172446456188,341.9944612110107,0.3131118391811126,0.2866266572030588,0.6306735952316761,0.9749622642369662,0.9924534613750956,1.0,243.9697320121375,288.7796279511733,111.1366492302366,102.48051885542392,21362.039410250007,156.0,8675.0,24.295063883230966,17.7,64.9248,1.0,303.8717,239.927,239.182,108.5,110.8426,15869.3082,0.812028,20756.9922,20821.0,21476.0
355,173.51946911514287,202.23388744531368,403.6263632754044,183.92203556888776,0.9750135091321732,243.9697320121375,288.7796279511733,248.3447600909779,313.0668285808084,24.287200629635095,0.0841028877346623,111.1366492302366,112.69877457523208,35.5751953125,113.56942810168717,112.4403108405627,102.48051885542392,111.1366492302366,80.0,0.4754098360655737,21362.039410250007,20993.5,368.5394102500068,8675.0,9253.0,768.0,0.0830001080730573,2,0,1.45,0.9448909299655568,9.480528853322864,4.62253513308941,0.4754098360655737,4.0,8.0,4.0,8.0,32.0,44.0,156.0,0.9344262295081968,75,17.24805601683269,0.0,98,288.77504801063503,21362.039410250007,0.0,0.0,420.4172446456188,341.9944612110107,0.3131118391811126,0.2866266572030588,0.6306735952316761,0.9750044811884604,0.9924534613750956,1.0,243.9697320121375,288.77504801063503,111.1366492302366,102.48051885542392,21362.039410250007,156.0,8677.0,24.30497537609716,17.75,65.0376,1.0,303.8717,239.927,239.182,108.5,110.8426,15869.3082,0.812028,20756.9922,20821.0,21476.0
356,173.51853594149574,202.2339226181319,404.7328297260319,183.89836916975705,0.9749783923941228,243.96872376214608,281.76240012095576,243.31466428037868,312.98806771284956,31.225667591893796,0.1108226916667701,111.13646777378044,112.6990995618782,34.3751220703125,113.56738730379796,112.44035011899288,102.48064253063798,111.13646777378044,80.0,0.4754098360655737,21362.06061443703,20993.5,368.56061443702856,8677.0,9256.0,768.0,0.0829732065687121,2,0,1.45,0.9448909299655568,9.485915422879224,4.623541740421272,0.4754098360655737,4.0,8.0,4.0,8.0,32.0,44.0,156.0,0.9344262295081968,77,17.24739579078724,0.0,96,281.76240012095576,21362.06061443703,0.0009338362719642,1.1067195240041992,420.4172446456188,341.9944612110107,0.3298029428872238,0.2866296053501951,0.6306789828877318,1.0,0.992447710500518,1.0,243.96872376214608,281.76240012095576,111.13646777378044,102.48064253063798,21362.06061443703,156.0,8677.0,31.225667591893796,17.8,65.1504,1.0,303.8717,239.927,239.182,108.5,110.8426,15869.3082,0.812028,20756.9922,20821.0,21476.0
357,173.51853594149574,202.2339226181319,404.7328297260319,183.89836916975705,0.9749783923941228,243.96872376214608,281.76240012095576,243.31466428037868,312.98806771284956,31.225667591893796,0.1108226916667701,111.13646777378044,112.6990995618782,34.3751220703125,113.56738730379796,112.44035011899288,102.48064253063798,111.13646777378044,80.0,0.4754098360655737,21362.06061443703,20993.5,368.56061443702856,8677.0,9256.0,768.0,0.0829732065687121,2,0,1.45,0.9448909299655568,9.485915422879224,4.623541740421272,0.4754098360655737,4.0,8.0,4.0,8.0,32.0,44.0,156.0,0.9344262295081968,77,17.24739579078724,0.0,96,281.76240012095576,21362.06061443703,0.0,0.0,420.4172446456188,341.9944612110107,0.3298029428872238,0.2866296053501951,0.6306789828877318,1.0,0.992447710500518,1.0,243.96872376214608,281.76240012095576,111.13646777378044,102.48064253063798,21362.06061443703,156.0,8677.0,31.225667591893796,17.85,65.2632,1.0,303.8717,239.927,239.182,108.5,110.8426,15869.3082,0.812028,20756.9922,20821.0,21476.0
358,173.51853594149574,202.2339226181319,404.7328297260319,183.89836916975705,0.9749783923941228,243.96872376214608,281.76240012095576,243.31466428037868,312.98806771284956,31.225667591893796,0.1108226916667701,111.13646777378044,112.6990995618782,34.3751220703125,113.56738730379796,112.44035011899288,102.48064253063798,111.13646777378044,80.0,0.4754098360655737,21362.06061443703,20993.5,368.56061443702856,8677.0,9256.0,768.0,0.0829732065687121,2,0,1.45,0.9448909299655568,9.485915422879224,4.623541740421272,0.4754098360655737,4.0,8.0,4.0,8.0,32.0,44.0,156.0,0.9344262295081968,77,17.24739579078724,0.0,96,281.76240012095576,21362.06061443703,0.0,0.0,420.4172446456188,341.9944612110107,0.3298029428872238,0.2866296053501951,0.6306789828877318,1.0,0.992447710500518,1.0,243.96872376214608,281.76240012095576,111.13646777378044,102.48064253063798,21362.06061443703,156.0,8677.0,31.225667591893796,17.9,65.3759,1.0,303.8717,239.927,239.182,108.5,110.8426,15869.3082,0.812028,20756.9922,20821.0,21476.0
359,173.51853594149574,202.2339226181319,404.7328297260319,183.89836916975705,0.9749783923941228,243.96872376214608,281.76240012095576,243.31466428037868,312.98806771284956,31.225667591893796,0.1108226916667701,111.13646777378044,112.6990995618782,34.3751220703125,113.56738730379796,112.44035011899288,102.48064253063798,111.13646777378044,80.0,0.4754098360655737,21362.06061443703,20993.5,368.56061443702856,8677.0,9256.0,768.0,0.0829732065687121,2,0,1.45,0.9448909299655568,9.485915422879224,4.623541740421272,0.4754098360655737,4.0,8.0,4.0,8.0,32.0,44.0,156.0,0.9344262295081968,77,17.24739579078724,0.0,96,281.76240012095576,21362.06061443703,0.0,0.0,420.4172446456188,341.9944612110107,0.3298029428872238,0.2866296053501951,0.6306789828877318,1.0,0.992447710500518,1.0,243.96872376214608,281.76240012095576,111.13646777378044,102.48064253063798,21362.06061443703,156.0,8677.0,31.225667591893796,17.95,65.4887,1.0,303.8717,239.927,239.182,108.5,110.8426,15869.3082,0.812028,20756.9922,20821.0,21476.0
360,173.51853594149574,202.2339226181319,404.7328297260319,183.89836916975705,0.9749783923941228,243.96872376214608,281.76240012095576,243.31466428037868,312.98806771284956,31.225667591893796,0.1108226916667701,111.13646777378044,112.6990995618782,34.3751220703125,113.56738730379796,112.44035011899288,102.48064253063798,111.13646777378044,80.0,0.4754098360655737,21362.06061443703,20993.5,368.56061443702856,8677.0,9256.0,768.0,0.0829732065687121,2,0,1.45,0.9448909299655568,9.485915422879224,4.623541740421272,0.4754098360655737,4.0,8.0,4.0,8.0,32.0,44.0,156.0,0.9344262295081968,77,17.24739579078724,0.0,96,281.76240012095576,21362.06061443703,0.0,0.0,420.4172446456188,341.9944612110107,0.3298029428872238,0.2866296053501951,0.6306789828877318,1.0,0.992447710500518,1.0,243.96872376214608,281.76240012095576,111.13646777378044,102.48064253063798,21362.06061443703,156.0,8677.0,31.225667591893796,18.0,65.6015,1.0,303.8717,239.927,239.182,108.5,110.8426,15869.3082,0.812028,20756.9922,20821.0,21476.0
361,173.51853594149574,202.2339226181319,404.7328297260319,183.89836916975705,0.9749783923941228,243.96872376214608,281.76240012095576,243.31466428037868,312.98806771284956,31.225667591893796,0.1108226916667701,111.13646777378044,112.6990995618782,34.3751220703125,113.56738730379796,112.44035011899288,102.48064253063798,111.13646777378044,80.0,0.4754098360655737,21362.06061443703,20993.5,368.56061443702856,8677.0,9256.0,768.0,0.0829732065687121,2,0,1.45,0.9448909299655568,9.485915422879224,4.623541740421272,0.4754098360655737,4.0,8.0,4.0,8.0,32.0,44.0,156.0,0.9344262295081968,77,17.24739579078724,0.0,96,281.76240012095576,21362.06061443703,0.0,0.0,420.4172446456188,341.9944612110107,0.3298029428872238,0.2866296053501951,0.6306789828877318,1.0,0.992447710500518,1.0,243.96872376214608,281.76240012095576,111.13646777378044,102.48064253063798,21362.06061443703,156.0,8677.0,31.225667591893796,18.05,65.7143,1.0,303.8717,239.927,239.182,108.5,110.8426,15869.3082,0.812028,20756.9922,20821.0,21476.0
362,173.51853594149574,202.2339226181319,404.7328297260319,183.89836916975705,0.9749783923941228,243.96872376214608,281.76240012095576,243.31466428037868,312.98806771284956,31.225667591893796,0.1108226916667701,111.13646777378044,112.6990995618782,34.3751220703125,113.56738730379796,112.44035011899288,102.48064253063798,111.13646777378044,80.0,0.4754098360655737,21362.06061443703,20993.5,368.56061443702856,8677.0,9256.0,768.0,0.0829732065687121,2,0,1.45,0.9448909299655568,9.485915422879224,4.623541740421272,0.4754098360655737,4.0,8.0,4.0,8.0,32.0,44.0,156.0,0.9344262295081968,77,17.24739579078724,0.0,96,281.76240012095576,21362.06061443703,0.0,0.0,420.4172446456188,341.9944612110107,0.3298029428872238,0.2866296053501951,0.6306789828877318,1.0,0.992447710500518,1.0,243.96872376214608,281.76240012095576,111.13646777378044,102.48064253063798,21362.06061443703,156.0,8677.0,31.225667591893796,18.1,65.8271,1.0,303.8717,239.927,239.182,108.5,110.8426,15869.3082,0.812028,20756.9922,20821.0,21476.0
363,173.51853594149574,202.2339226181319,404.7328297260319,183.89836916975705,0.9749783923941228,243.96872376214608,281.76240012095576,243.31466428037868,312.98806771284956,31.225667591893796,0.1108226916667701,111.13646777378044,112.6990995618782,34.3751220703125,113.56738730379796,112.44035011899288,102.48064253063798,111.13646777378044,80.0,0.4754098360655737,21362.06061443703,20993.5,368.56061443702856,8677.0,9256.0,768.0,0.0829732065687121,2,0,1.45,0.9448909299655568,9.485915422879224,4.623541740421272,0.4754098360655737,4.0,8.0,4.0,8.0,32.0,44.0,156.0,0.9344262295081968,77,17.24739579078724,0.0,96,281.76240012095576,21362.06061443703,0.0,0.0,420.4172446456188,341.9944612110107,0.3298029428872238,0.2866296053501951,0.6306789828877318,1.0,0.992447710500518,1.0,243.96872376214608,281.76240012095576,111.13646777378044,102.48064253063798,21362.06061443703,156.0,8677.0,31.225667591893796,18.15,65.9398,1.0,303.8717,239.927,239.182,108.5,110.8426,15869.3082,0.812028,20756.9922,20821.0,21476.0
364,173.51853594149574,202.2339226181319,404.7328297260319,183.89836916975705,0.9749783923941228,243.96872376214608,281.76240012095576,243.31466428037868,312.98806771284956,31.225667591893796,0.1108226916667701,111.13646777378044,112.6990995618782,34.3751220703125,113.56738730379796,112.44035011899288,102.48064253063798,111.13646777378044,80.0,0.4754098360655737,21362.06061443703,20993.5,368.56061443702856,8677.0,9256.0,768.0,0.0829732065687121,2,0,1.45,0.9448909299655568,9.485915422879224,4.623541740421272,0.4754098360655737,4.0,8.0,4.0,8.0,32.0,44.0,156.0,0.9344262295081968,77,17.24739579078724,0.0,96,281.76240012095576,21362.06061443703,0.0,0.0,420.4172446456188,341.9944612110107,0.3298029428872238,0.2866296053501951,0.6306789828877318,1.0,0.992447710500518,1.0,243.96872376214608,281.76240012095576,111.13646777378044,102.48064253063798,21362.06061443703,156.0,8677.0,31.225667591893796,18.2,66.0526,1.0,303.8717,239.927,239.182,108.5,110.8426,15869.3082,0.812028,20756.9922,20821.0,21476.0
365,173.51853594149574,202.2339226181319,404.7328297260319,183.89836916975705,0.9749783923941228,243.96872376214608,281.76240012095576,243.31466428037868,312.98806771284956,31.225667591893796,0.1108226916667701,111.13646777378044,112.6990995618782,34.3751220703125,113.56738730379796,112.44035011899288,102.48064253063798,111.13646777378044,80.0,0.4754098360655737,21362.06061443703,20993.5,368.56061443702856,8677.0,9256.0,768.0,0.0829732065687121,2,0,1.45,0.9448909299655568,9.485915422879224,4.623541740421272,0.4754098360655737,4.0,8.0,4.0,8.0,32.0,44.0,156.0,0.9344262295081968,77,17.24739579078724,0.0,96,281.76240012095576,21362.06061443703,0.0,0.0,420.4172446456188,341.9944612110107,0.3298029428872238,0.2866296053501951,0.6306789828877318,1.0,0.992447710500518,1.0,243.96872376214608,281.76240012095576,111.13646777378044,102.48064253063798,21362.06061443703,156.0,8677.0,31.225667591893796,18.25,66.1654,1.0,303.8717,239.927,239.182,108.5,110.8426,15869.3082,0.812028,20756.9922,20821.0,21476.0
366,173.51853594149574,202.2339226181319,404.7328297260319,183.89836916975705,0.9749783923941228,243.96872376214608,281.76240012095576,243.31466428037868,312.98806771284956,31.225667591893796,0.1108226916667701,111.13646777378044,112.6990995618782,34.3751220703125,113.56738730379796,112.44035011899288,102.48064253063798,111.13646777378044,80.0,0.4754098360655737,21362.06061443703,20993.5,368.56061443702856,8677.0,9256.0,768.0,0.0829732065687121,2,0,1.45,0.9448909299655568,9.485915422879224,4.623541740421272,0.4754098360655737,4.0,8.0,4.0,8.0,32.0,44.0,156.0,0.9344262295081968,77,17.24739579078724,0.0,96,281.76240012095576,21362.06061443703,0.0,0.0,420.4172446456188,341.9944612110107,0.3298029428872238,0.2866296053501951,0.6306789828877318,1.0,0.992447710500518,1.0,243.96872376214608,281.76240012095576,111.13646777378044,102.48064253063798,21362.06061443703,156.0,8677.0,31.225667591893796,18.3,66.2782,1.0,303.8717,239.927,239.182,108.5,110.8426,15869.3082,0.812028,20756.9922,20821.0,21476.0
367,173.51853594149574,202.2339226181319,404.7328297260319,183.89836916975705,0.9749783923941228,243.96872376214608,281.76240012095576,243.31466428037868,312.98806771284956,31.225667591893796,0.1108226916667701,111.13646777378044,112.6990995618782,34.3751220703125,113.56738730379796,112.44035011899288,102.48064253063798,111.13646777378044,80.0,0.4754098360655737,21362.06061443703,20993.5,368.56061443702856,8677.0,9256.0,768.0,0.0829732065687121,2,0,1.45,0.9448909299655568,9.485915422879224,4.623541740421272,0.4754098360655737,4.0,8.0,4.0,8.0,32.0,44.0,156.0,0.9344262295081968,77,17.24739579078724,0.0,96,281.76240012095576,21362.06061443703,0.0,0.0,420.4172446456188,341.9944612110107,0.3298029428872238,0.2866296053501951,0.6306789828877318,1.0,0.992447710500518,1.0,243.96872376214608,281.76240012095576,111.13646777378044,102.48064253063798,21362.06061443703,156.0,8677.0,31.225667591893796,18.35,66.391,1.0,303.8717,239.927,239.182,108.5,110.8426,15869.3082,0.812028,20756.9922,20821.0,21476.0
368,173.51853594149574,202.2339226181319,404.7328297260319,183.89836916975705,0.9749783923941228,243.96872376214608,281.76240012095576,243.31466428037868,312.98806771284956,31.225667591893796,0.1108226916667701,111.13646777378044,112.6990995618782,34.3751220703125,113.56738730379796,112.44035011899288,102.48064253063798,111.13646777378044,80.0,0.4754098360655737,21362.06061443703,20993.5,368.56061443702856,8677.0,9256.0,768.0,0.0829732065687121,2,0,1.45,0.9448909299655568,9.485915422879224,4.623541740421272,0.4754098360655737,4.0,8.0,4.0,8.0,32.0,44.0,156.0,0.9344262295081968,77,17.24739579078724,0.0,96,281.76240012095576,21362.06061443703,0.0,0.0,420.4172446456188,341.9944612110107,0.3298029428872238,0.2866296053501951,0.6306789828877318,1.0,0.992447710500518,1.0,243.96872376214608,281.76240012095576,111.13646777378044,102.48064253063798,21362.06061443703,156.0,8677.0,31.225667591893796,18.4,66.5038,1.0,303.8717,239.927,239.182,108.5,110.8426,15869.3082,0.812028,20756.9922,20821.0,21476.0
369,173.51853594149574,202.2339226181319,404.7328297260319,183.89836916975705,0.9749783923941228,243.96872376214608,281.76240012095576,243.31466428037868,312.98806771284956,31.225667591893796,0.1108226916667701,111.13646777378044,112.6990995618782,34.3751220703125,113.56738730379796,112.44035011899288,102.48064253063798,111.13646777378044,80.0,0.4754098360655737,21362.06061443703,20993.5,368.56061443702856,8677.0,9256.0,768.0,0.0829732065687121,2,0,1.45,0.9448909299655568,9.485915422879224,4.623541740421272,0.4754098360655737,4.0,8.0,4.0,8.0,32.0,44.0,156.0,0.9344262295081968,77,17.24739579078724,0.0,96,281.76240012095576,21362.06061443703,0.0,0.0,420.4172446456188,341.9944612110107,0.3298029428872238,0.2866296053501951,0.6306789828877318,1.0,0.992447710500518,1.0,243.96872376214608,281.76240012095576,111.13646777378044,102.48064253063798,21362.06061443703,156.0,8677.0,31.225667591893796,18.45,66.6165,1.0,303.8717,239.927,239.182,108.5,110.8426,15869.3082,0.812028,20756.9922,20821.0,21476.0
370,173.51853594149574,202.2339226181319,404.7328297260319,183.89836916975705,0.9749783923941228,243.96872376214608,281.76240012095576,243.31466428037868,312.98806771284956,31.225667591893796,0.1108226916667701,111.13646777378044,112.6990995618782,34.3751220703125,113.56738730379796,112.44035011899288,102.48064253063798,111.13646777378044,80.0,0.4754098360655737,21362.06061443703,20993.5,368.56061443702856,8677.0,9256.0,768.0,0.0829732065687121,2,0,1.45,0.9448909299655568,9.485915422879224,4.623541740421272,0.4754098360655737,4.0,8.0,4.0,8.0,32.0,44.0,156.0,0.9344262295081968,77,17.24739579078724,0.0,96,281.76240012095576,21362.06061443703,0.0,0.0,420.4172446456188,341.9944612110107,0.3298029428872238,0.2866296053501951,0.6306789828877318,1.0,0.992447710500518,1.0,243.96872376214608,281.76240012095576,111.13646777378044,102.48064253063798,21362.06061443703,156.0,8677.0,31.225667591893796,18.5,66.7293,1.0,303.8717,239.927,239.182,108.5,110.8426,15869.3082,0.812028,20756.9922,20821.0,21476.0
371,173.51853594149574,202.2339226181319,404.7328297260319,183.89836916975705,0.9749783923941228,243.96872376214608,281.76240012095576,243.31466428037868,312.98806771284956,31.225667591893796,0.1108226916667701,111.13646777378044,112.6990995618782,34.3751220703125,113.56738730379796,112.44035011899288,102.48064253063798,111.13646777378044,80.0,0.4754098360655737,21362.06061443703,20993.5,368.56061443702856,8677.0,9256.0,768.0,0.0829732065687121,2,0,1.45,0.9448909299655568,9.485915422879224,4.623541740421272,0.4754098360655737,4.0,8.0,4.0,8.0,32.0,44.0,156.0,0.9344262295081968,77,17.24739579078724,0.0,96,281.76240012095576,21362.06061443703,0.0,0.0,420.4172446456188,341.9944612110107,0.3298029428872238,0.2866296053501951,0.6306789828877318,1.0,0.992447710500518,1.0,243.96872376214608,281.76240012095576,111.13646777378044,102.48064253063798,21362.06061443703,156.0,8677.0,31.225667591893796,18.55,66.8421,1.0,303.8717,239.927,239.182,108.5,110.8426,15869.3082,0.812028,20756.9922,20821.0,21476.0
372,173.51853594149574,202.2339226181319,404.7328297260319,183.89836916975705,0.9749783923941228,243.96872376214608,281.76240012095576,243.31466428037868,312.98806771284956,31.225667591893796,0.1108226916667701,111.13646777378044,112.6990995618782,34.3751220703125,113.56738730379796,112.44035011899288,102.48064253063798,111.13646777378044,80.0,0.4754098360655737,21362.06061443703,20993.5,368.56061443702856,8677.0,9256.0,768.0,0.0829732065687121,2,0,1.45,0.9448909299655568,9.485915422879224,4.623541740421272,0.4754098360655737,4.0,8.0,4.0,8.0,32.0,44.0,156.0,0.9344262295081968,77,17.24739579078724,0.0,96,281.76240012095576,21362.06061443703,0.0,0.0,420.4172446456188,341.9944612110107,0.3298029428872238,0.2866296053501951,0.6306789828877318,1.0,0.992447710500518,1.0,243.96872376214608,281.76240012095576,111.13646777378044,102.48064253063798,21362.06061443703,156.0,8677.0,31.225667591893796,18.6,66.9549,1.0,303.8717,239.927,239.182,108.5,110.8426,15869.3082,0.812028,20756.9922,20821.0,21476.0
373,173.51853594149574,202.2339226181319,404.7328297260319,183.89836916975705,0.9749783923941228,243.96872376214608,281.76240012095576,243.31466428037868,312.98806771284956,31.225667591893796,0.1108226916667701,111.13646777378044,112.6990995618782,34.3751220703125,113.56738730379796,112.44035011899288,102.48064253063798,111.13646777378044,80.0,0.4754098360655737,21362.06061443703,20993.5,368.56061443702856,8677.0,9256.0,768.0,0.0829732065687121,2,0,1.45,0.9448909299655568,9.485915422879224,4.623541740421272,0.4754098360655737,4.0,8.0,4.0,8.0,32.0,44.0,156.0,0.9344262295081968,77,17.24739579078724,0.0,96,281.76240012095576,21362.06061443703,0.0,0.0,420.4172446456188,341.9944612110107,0.3298029428872238,0.2866296053501951,0.6306789828877318,1.0,0.992447710500518,1.0,243.96872376214608,281.76240012095576,111.13646777378044,102.48064253063798,21362.06061443703,156.0,8677.0,31.225667591893796,18.65,67.0677,1.0,303.8717,239.927,239.182,108.5,110.8426,15869.3082,0.812028,20756.9922,20821.0,21476.0
374,173.51853594149574,202.2339226181319,404.7328297260319,183.89836916975705,0.9749783923941228,243.96872376214608,281.76240012095576,243.31466428037868,312.98806771284956,31.225667591893796,0.1108226916667701,111.13646777378044,112.6990995618782,34.3751220703125,113.56738730379796,112.44035011899288,102.48064253063798,111.13646777378044,80.0,0.4754098360655737,21362.06061443703,20993.5,368.56061443702856,8677.0,9256.0,768.0,0.0829732065687121,2,0,1.45,0.9448909299655568,9.485915422879224,4.623541740421272,0.4754098360655737,4.0,8.0,4.0,8.0,32.0,44.0,156.0,0.9344262295081968,77,17.24739579078724,0.0,96,281.76240012095576,21362.06061443703,0.0,0.0,420.4172446456188,341.9944612110107,0.3298029428872238,0.2866296053501951,0.6306789828877318,1.0,0.992447710500518,1.0,243.96872376214608,281.76240012095576,111.13646777378044,102.48064253063798,21362.06061443703,156.0,8677.0,31.225667591893796,18.7,67.1805,1.0,303.8717,239.927,239.182,108.5,110.8426,15869.3082,0.812028,20756.9922,20821.0,21476.0
375,173.51853594149574,202.2339226181319,404.7328297260319,183.89836916975705,0.9749783923941228,243.96872376214608,281.76240012095576,243.31466428037868,312.98806771284956,31.225667591893796,0.1108226916667701,111.13646777378044,112.6990995618782,34.3751220703125,113.56738730379796,112.44035011899288,102.48064253063798,111.13646777378044,80.0,0.4754098360655737,21362.06061443703,20993.5,368.56061443702856,8677.0,9256.0,768.0,0.0829732065687121,2,0,1.45,0.9448909299655568,9.485915422879224,4.623541740421272,0.4754098360655737,4.0,8.0,4.0,8.0,32.0,44.0,156.0,0.9344262295081968,77,17.24739579078724,0.0,96,281.76240012095576,21362.06061443703,0.0,0.0,420.4172446456188,341.9944612110107,0.3298029428872238,0.2866296053501951,0.6306789828877318,1.0,0.992447710500518,1.0,243.96872376214608,281.76240012095576,111.13646777378044,102.48064253063798,21362.06061443703,156.0,8677.0,31.225667591893796,18.75,67.2932,1.0,303.8717,239.927,239.182,108.5,110.8426,15869.3082,0.812028,20756.9922,20821.0,21476.0
376,173.51853594149574,202.2339226181319,404.7328297260319,183.89836916975705,0.9749783923941228,243.96872376214608,281.76240012095576,243.31466428037868,312.98806771284956,31.225667591893796,0.1108226916667701,111.13646777378044,112.6990995618782,34.3751220703125,113.56738730379796,112.44035011899288,102.48064253063798,111.13646777378044,80.0,0.4754098360655737,21362.06061443703,20993.5,368.56061443702856,8677.0,9256.0,768.0,0.0829732065687121,2,0,1.45,0.9448909299655568,9.485915422879224,4.623541740421272,0.4754098360655737,4.0,8.0,4.0,8.0,32.0,44.0,156.0,0.9344262295081968,77,17.24739579078724,0.0,96,281.76240012095576,21362.06061443703,0.0,0.0,420.4172446456188,341.9944612110107,0.3298029428872238,0.2866296053501951,0.6306789828877318,1.0,0.992447710500518,1.0,243.96872376214608,281.76240012095576,111.13646777378044,102.48064253063798,21362.06061443703,156.0,8677.0,31.225667591893796,18.8,67.406,1.0,303.8717,239.927,239.182,108.5,110.8426,15869.3082,0.812028,20756.9922,20821.0,21476.0
377,173.51853594149574,202.2339226181319,404.7328297260319,183.89836916975705,0.9749783923941228,243.96872376214608,281.76240012095576,243.31466428037868,312.98806771284956,31.225667591893796,0.1108226916667701,111.13646777378044,112.6990995618782,34.3751220703125,113.56738730379796,112.44035011899288,102.48064253063798,111.13646777378044,80.0,0.4754098360655737,21362.06061443703,20993.5,368.56061443702856,8677.0,9256.0,768.0,0.0829732065687121,2,0,1.45,0.9448909299655568,9.485915422879224,4.623541740421272,0.4754098360655737,4.0,8.0,4.0,8.0,32.0,44.0,156.0,0.9344262295081968,77,17.24739579078724,0.0,96,281.76240012095576,21362.06061443703,0.0,0.0,420.4172446456188,341.9944612110107,0.3298029428872238,0.2866296053501951,0.6306789828877318,1.0,0.992447710500518,1.0,243.96872376214608,281.76240012095576,111.13646777378044,102.48064253063798,21362.06061443703,156.0,8677.0,31.225667591893796,18.85,67.5188,1.0,303.8717,239.927,239.182,108.5,110.8426,15869.3082,0.812028,20756.9922,20821.0,21476.0
378,173.51853594149574,202.2339226181319,404.7328297260319,183.89836916975705,0.9749783923941228,243.96872376214608,281.76240012095576,243.31466428037868,312.98806771284956,31.225667591893796,0.1108226916667701,111.13646777378044,112.6990995618782,34.3751220703125,113.56738730379796,112.44035011899288,102.48064253063798,111.13646777378044,80.0,0.4754098360655737,21362.06061443703,20993.5,368.56061443702856,8677.0,9256.0,768.0,0.0829732065687121,2,0,1.45,0.9448909299655568,9.485915422879224,4.623541740421272,0.4754098360655737,4.0,8.0,4.0,8.0,32.0,44.0,156.0,0.9344262295081968,77,17.24739579078724,0.0,96,281.76240012095576,21362.06061443703,0.0,0.0,420.4172446456188,341.9944612110107,0.3298029428872238,0.2866296053501951,0.6306789828877318,1.0,0.992447710500518,1.0,243.96872376214608,281.76240012095576,111.13646777378044,102.48064253063798,21362.06061443703,156.0,8677.0,31.225667591893796,18.9,67.6316,1.0,303.8717,239.927,239.182,108.5,110.8426,15869.3082,0.812028,20756.9922,20821.0,21476.0
379,173.51853594149574,202.2339226181319,404.7328297260319,183.89836916975705,0.9749783923941228,243.96872376214608,281.76240012095576,243.31466428037868,312.98806771284956,31.225667591893796,0.1108226916667701,111.13646777378044,112.6990995618782,34.3751220703125,113.56738730379796,112.44035011899288,102.48064253063798,111.13646777378044,80.0,0.4754098360655737,21362.06061443703,20993.5,368.56061443702856,8677.0,9256.0,768.0,0.0829732065687121,2,0,1.45,0.9448909299655568,9.485915422879224,4.623541740421272,0.4754098360655737,4.0,8.0,4.0,8.0,32.0,44.0,156.0,0.9344262295081968,77,17.24739579078724,0.0,96,281.76240012095576,21362.06061443703,0.0,0.0,420.4172446456188,341.9944612110107,0.3298029428872238,0.2866296053501951,0.6306789828877318,1.0,0.992447710500518,1.0,243.96872376214608,281.76240012095576,111.13646777378044,102.48064253063798,21362.06061443703,156.0,8677.0,31.225667591893796,18.95,67.7444,1.0,303.8717,239.927,239.182,108.5,110.8426,15869.3082,0.812028,20756.9922,20821.0,21476.0
380,173.51853594149574,202.2339226181319,404.7328297260319,183.89836916975705,0.9749783923941228,243.96872376214608,281.76240012095576,243.31466428037868,312.98806771284956,31.225667591893796,0.1108226916667701,111.13646777378044,112.6990995618782,34.3751220703125,113.56738730379796,112.44035011899288,102.48064253063798,111.13646777378044,80.0,0.4754098360655737,21362.06061443703,20993.5,368.56061443702856,8677.0,9256.0,768.0,0.0829732065687121,2,0,1.45,0.9448909299655568,9.485915422879224,4.623541740421272,0.4754098360655737,4.0,8.0,4.0,8.0,32.0,44.0,156.0,0.9344262295081968,77,17.24739579078724,0.0,96,281.76240012095576,21362.06061443703,0.0,0.0,420.4172446456188,341.9944612110107,0.3298029428872238,0.2866296053501951,0.6306789828877318,1.0,0.992447710500518,1.0,243.96872376214608,281.76240012095576,111.13646777378044,102.48064253063798,21362.06061443703,156.0,8677.0,31.225667591893796,19.0,67.8571,1.0,303.8717,239.927,239.182,108.5,110.8426,15869.3082,0.812028,20756.9922,20821.0,21476.0
381,173.51853594149574,202.2339226181319,404.7328297260319,183.89836916975705,0.9749783923941228,243.96872376214608,281.76240012095576,243.31466428037868,312.98806771284956,31.225667591893796,0.1108226916667701,111.13646777378044,112.6990995618782,34.3751220703125,113.56738730379796,112.44035011899288,102.48064253063798,111.13646777378044,80.0,0.4754098360655737,21362.06061443703,20993.5,368.56061443702856,8677.0,9256.0,768.0,0.0829732065687121,2,0,1.45,0.9448909299655568,9.485915422879224,4.623541740421272,0.4754098360655737,4.0,8.0,4.0,8.0,32.0,44.0,156.0,0.9344262295081968,77,17.24739579078724,0.0,96,281.76240012095576,21362.06061443703,0.0,0.0,420.4172446456188,341.9944612110107,0.3298029428872238,0.2866296053501951,0.6306789828877318,1.0,0.992447710500518,1.0,243.96872376214608,281.76240012095576,111.13646777378044,102.48064253063798,21362.06061443703,156.0,8677.0,31.225667591893796,19.05,67.9699,1.0,303.8717,239.927,239.182,108.5,110.8426,15869.3082,0.812028,20756.9922,20821.0,21476.0
382,173.51853594149574,202.2339226181319,404.7328297260319,183.89836916975705,0.9749783923941228,243.96872376214608,281.76240012095576,243.31466428037868,312.98806771284956,31.225667591893796,0.1108226916667701,111.13646777378044,112.6990995618782,34.3751220703125,113.56738730379796,112.44035011899288,102.48064253063798,111.13646777378044,80.0,0.4754098360655737,21362.06061443703,20993.5,368.56061443702856,8677.0,9256.0,768.0,0.0829732065687121,2,0,1.45,0.9448909299655568,9.485915422879224,4.623541740421272,0.4754098360655737,4.0,8.0,4.0,8.0,32.0,44.0,156.0,0.9344262295081968,77,17.24739579078724,0.0,96,281.76240012095576,21362.06061443703,0.0,0.0,420.4172446456188,341.9944612110107,0.3298029428872238,0.2866296053501951,0.6306789828877318,1.0,0.992447710500518,1.0,243.96872376214608,281.76240012095576,111.13646777378044,102.48064253063798,21362.06061443703,156.0,8677.0,31.225667591893796,19.1,68.0827,1.0,303.8717,239.927,239.182,108.5,110.8426,15869.3082,0.812028,20756.9922,20821.0,21476.0
383,173.51853594149574,202.2339226181319,404.7328297260319,183.89836916975705,0.9749783923941228,243.96872376214608,281.76240012095576,243.31466428037868,312.98806771284956,31.225667591893796,0.1108226916667701,111.13646777378044,112.6990995618782,34.3751220703125,113.56738730379796,112.44035011899288,102.48064253063798,111.13646777378044,80.0,0.4754098360655737,21362.06061443703,20993.5,368.56061443702856,8677.0,9256.0,768.0,0.0829732065687121,2,0,1.45,0.9448909299655568,9.485915422879224,4.623541740421272,0.4754098360655737,4.0,8.0,4.0,8.0,32.0,44.0,156.0,0.9344262295081968,77,17.24739579078724,0.0,96,281.76240012095576,21362.06061443703,0.0,0.0,420.4172446456188,341.9944612110107,0.3298029428872238,0.2866296053501951,0.6306789828877318,1.0,0.992447710500518,1.0,243.96872376214608,281.76240012095576,111.13646777378044,102.48064253063798,21362.06061443703,156.0,8677.0,31.225667591893796,19.15,68.1955,1.0,303.8717,239.927,239.182,108.5,110.8426,15869.3082,0.812028,20756.9922,20821.0,21476.0
384,173.51853594149574,202.2339226181319,404.7328297260319,183.89836916975705,0.9749783923941228,243.96872376214608,281.76240012095576,243.31466428037868,312.98806771284956,31.225667591893796,0.1108226916667701,111.13646777378044,112.6990995618782,34.3751220703125,113.56738730379796,112.44035011899288,102.48064253063798,111.13646777378044,80.0,0.4754098360655737,21362.06061443703,20993.5,368.56061443702856,8677.0,9256.0,768.0,0.0829732065687121,2,0,1.45,0.9448909299655568,9.485915422879224,4.623541740421272,0.4754098360655737,4.0,8.0,4.0,8.0,32.0,44.0,156.0,0.9344262295081968,77,17.24739579078724,0.0,96,281.76240012095576,21362.06061443703,0.0,0.0,420.4172446456188,341.9944612110107,0.3298029428872238,0.2866296053501951,0.6306789828877318,1.0,0.992447710500518,1.0,243.96872376214608,281.76240012095576,111.13646777378044,102.48064253063798,21362.06061443703,156.0,8677.0,31.225667591893796,19.2,68.3083,1.0,303.8717,239.927,239.182,108.5,110.8426,15869.3082,0.812028,20756.9922,20821.0,21476.0
385,173.51853594149574,202.2339226181319,404.7328297260319,183.89836916975705,0.9749783923941228,243.96872376214608,281.76240012095576,243.31466428037868,312.98806771284956,31.225667591893796,0.1108226916667701,111.13646777378044,112.6990995618782,34.3751220703125,113.56738730379796,112.44035011899288,102.48064253063798,111.13646777378044,80.0,0.4754098360655737,21362.06061443703,20993.5,368.56061443702856,8677.0,9256.0,768.0,0.0829732065687121,2,0,1.45,0.9448909299655568,9.485915422879224,4.623541740421272,0.4754098360655737,4.0,8.0,4.0,8.0,32.0,44.0,156.0,0.9344262295081968,77,17.24739579078724,0.0,96,281.76240012095576,21362.06061443703,0.0,0.0,420.4172446456188,341.9944612110107,0.3298029428872238,0.2866296053501951,0.6306789828877318,1.0,0.992447710500518,1.0,243.96872376214608,281.76240012095576,111.13646777378044,102.48064253063798,21362.06061443703,156.0,8677.0,31.225667591893796,19.25,68.4211,1.0,303.8717,239.927,239.182,108.5,110.8426,15869.3082,0.812028,20756.9922,20821.0,21476.0
386,173.51853594149574,202.2339226181319,404.7328297260319,183.89836916975705,0.9749783923941228,243.96872376214608,281.76240012095576,243.31466428037868,312.98806771284956,31.225667591893796,0.1108226916667701,111.13646777378044,112.6990995618782,34.3751220703125,113.56738730379796,112.44035011899288,102.48064253063798,111.13646777378044,80.0,0.4754098360655737,21362.06061443703,20993.5,368.56061443702856,8677.0,9256.0,768.0,0.0829732065687121,2,0,1.45,0.9448909299655568,9.485915422879224,4.623541740421272,0.4754098360655737,4.0,8.0,4.0,8.0,32.0,44.0,156.0,0.9344262295081968,77,17.24739579078724,0.0,96,281.76240012095576,21362.06061443703,0.0,0.0,420.4172446456188,341.9944612110107,0.3298029428872238,0.2866296053501951,0.6306789828877318,1.0,0.992447710500518,1.0,243.96872376214608,281.76240012095576,111.13646777378044,102.48064253063798,21362.06061443703,156.0,8677.0,31.225667591893796,19.3,68.5338,1.0,303.8717,239.927,239.182,108.5,110.8426,15869.3082,0.812028,20756.9922,20821.0,21476.0
387,173.51853594149574,202.2339226181319,404.7328297260319,183.89836916975705,0.9749783923941228,243.96872376214608,281.76240012095576,243.31466428037868,312.98806771284956,31.225667591893796,0.1108226916667701,111.13646777378044,112.6990995618782,34.3751220703125,113.56738730379796,112.44035011899288,102.48064253063798,111.13646777378044,80.0,0.4754098360655737,21362.06061443703,20993.5,368.56061443702856,8677.0,9256.0,768.0,0.0829732065687121,2,0,1.45,0.9448909299655568,9.485915422879224,4.623541740421272,0.4754098360655737,4.0,8.0,4.0,8.0,32.0,44.0,156.0,0.9344262295081968,77,17.24739579078724,0.0,96,281.76240012095576,21362.06061443703,0.0,0.0,420.4172446456188,341.9944612110107,0.3298029428872238,0.2866296053501951,0.6306789828877318,1.0,0.992447710500518,1.0,243.96872376214608,281.76240012095576,111.13646777378044,102.48064253063798,21362.06061443703,156.0,8677.0,31.225667591893796,19.35,68.6466,1.0,303.8717,239.927,239.182,108.5,110.8426,15869.3082,0.812028,20756.9922,20821.0,21476.0
388,173.51853594149574,202.2339226181319,404.7328297260319,183.89836916975705,0.9749783923941228,243.96872376214608,281.76240012095576,243.31466428037868,312.98806771284956,31.225667591893796,0.1108226916667701,111.13646777378044,112.6990995618782,34.3751220703125,113.56738730379796,112.44035011899288,102.48064253063798,111.13646777378044,80.0,0.4754098360655737,21362.06061443703,20993.5,368.56061443702856,8677.0,9256.0,768.0,0.0829732065687121,2,0,1.45,0.9448909299655568,9.485915422879224,4.623541740421272,0.4754098360655737,4.0,8.0,4.0,8.0,32.0,44.0,156.0,0.9344262295081968,77,17.24739579078724,0.0,96,281.76240012095576,21362.06061443703,0.0,0.0,420.4172446456188,341.9944612110107,0.3298029428872238,0.2866296053501951,0.6306789828877318,1.0,0.992447710500518,1.0,243.96872376214608,281.76240012095576,111.13646777378044,102.48064253063798,21362.06061443703,156.0,8677.0,31.225667591893796,19.4,68.7594,1.0,303.8717,239.927,239.182,108.5,110.8426,15869.3082,0.812028,20756.9922,20821.0,21476.0
389,173.51853594149574,202.2339226181319,404.7328297260319,183.89836916975705,0.9749783923941228,243.96872376214608,281.76240012095576,243.31466428037868,312.98806771284956,31.225667591893796,0.1108226916667701,111.13646777378044,112.6990995618782,34.3751220703125,113.56738730379796,112.44035011899288,102.48064253063798,111.13646777378044,80.0,0.4754098360655737,21362.06061443703,20993.5,368.56061443702856,8677.0,9256.0,768.0,0.0829732065687121,2,0,1.45,0.9448909299655568,9.485915422879224,4.623541740421272,0.4754098360655737,4.0,8.0,4.0,8.0,32.0,44.0,156.0,0.9344262295081968,77,17.24739579078724,0.0,96,281.76240012095576,21362.06061443703,0.0,0.0,420.4172446456188,341.9944612110107,0.3298029428872238,0.2866296053501951,0.6306789828877318,1.0,0.992447710500518,1.0,243.96872376214608,281.76240012095576,111.13646777378044,102.48064253063798,21362.06061443703,156.0,8677.0,31.225667591893796,19.45,68.8722,1.0,303.8717,239.927,239.182,108.5,110.8426,15869.3082,0.812028,20756.9922,20821.0,21476.0
390,173.51853594149574,202.2339226181319,404.7328297260319,183.89836916975705,0.9749783923941228,243.96872376214608,281.76240012095576,243.31466428037868,312.98806771284956,31.225667591893796,0.1108226916667701,111.13646777378044,112.6990995618782,34.3751220703125,113.56738730379796,112.44035011899288,102.48064253063798,111.13646777378044,80.0,0.4754098360655737,21362.06061443703,20993.5,368.56061443702856,8677.0,9256.0,768.0,0.0829732065687121,2,0,1.45,0.9448909299655568,9.485915422879224,4.623541740421272,0.4754098360655737,4.0,8.0,4.0,8.0,32.0,44.0,156.0,0.9344262295081968,77,17.24739579078724,0.0,96,281.76240012095576,21362.06061443703,0.0,0.0,420.4172446456188,341.9944612110107,0.3298029428872238,0.2866296053501951,0.6306789828877318,1.0,0.992447710500518,1.0,243.96872376214608,281.76240012095576,111.13646777378044,102.48064253063798,21362.06061443703,156.0,8677.0,31.225667591893796,19.5,68.985,1.0,303.8717,239.927,239.182,108.5,110.8426,15869.3082,0.812028,20756.9922,20821.0,21476.0
391,173.51853594149574,202.2339226181319,404.7328297260319,183.89836916975705,0.9749783923941228,243.96872376214608,281.76240012095576,243.31466428037868,312.98806771284956,31.225667591893796,0.1108226916667701,111.13646777378044,112.6990995618782,34.3751220703125,113.56738730379796,112.44035011899288,102.48064253063798,111.13646777378044,80.0,0.4754098360655737,21362.06061443703,20993.5,368.56061443702856,8677.0,9256.0,768.0,0.0829732065687121,2,0,1.45,0.9448909299655568,9.485915422879224,4.623541740421272,0.4754098360655737,4.0,8.0,4.0,8.0,32.0,44.0,156.0,0.9344262295081968,77,17.24739579078724,0.0,96,281.76240012095576,21362.06061443703,0.0,0.0,420.4172446456188,341.9944612110107,0.3298029428872238,0.2866296053501951,0.6306789828877318,1.0,0.992447710500518,1.0,243.96872376214608,281.76240012095576,111.13646777378044,102.48064253063798,21362.06061443703,156.0,8677.0,31.225667591893796,19.55,69.0977,1.0,303.8717,239.927,239.182,108.5,110.8426,15869.3082,0.812028,20756.9922,20821.0,21476.0
392,173.51853594149574,202.2339226181319,404.7328297260319,183.89836916975705,0.9749783923941228,243.96872376214608,281.76240012095576,243.31466428037868,312.98806771284956,31.225667591893796,0.1108226916667701,111.13646777378044,112.6990995618782,34.3751220703125,113.56738730379796,112.44035011899288,102.48064253063798,111.13646777378044,80.0,0.4754098360655737,21362.06061443703,20993.5,368.56061443702856,8677.0,9256.0,768.0,0.0829732065687121,2,0,1.45,0.9448909299655568,9.485915422879224,4.623541740421272,0.4754098360655737,4.0,8.0,4.0,8.0,32.0,44.0,156.0,0.9344262295081968,77,17.24739579078724,0.0,96,281.76240012095576,21362.06061443703,0.0,0.0,420.4172446456188,341.9944612110107,0.3298029428872238,0.2866296053501951,0.6306789828877318,1.0,0.992447710500518,1.0,243.96872376214608,281.76240012095576,111.13646777378044,102.48064253063798,21362.06061443703,156.0,8677.0,31.225667591893796,19.6,69.2105,1.0,303.8717,239.927,239.182,108.5,110.8426,15869.3082,0.812028,20756.9922,20821.0,21476.0
393,173.51853594149574,202.2339226181319,404.7328297260319,183.89836916975705,0.9749783923941228,243.96872376214608,281.76240012095576,243.31466428037868,312.98806771284956,31.225667591893796,0.1108226916667701,111.13646777378044,112.6990995618782,34.3751220703125,113.56738730379796,112.44035011899288,102.48064253063798,111.13646777378044,80.0,0.4754098360655737,21362.06061443703,20993.5,368.56061443702856,8677.0,9256.0,768.0,0.0829732065687121,2,0,1.45,0.9448909299655568,9.485915422879224,4.623541740421272,0.4754098360655737,4.0,8.0,4.0,8.0,32.0,44.0,156.0,0.9344262295081968,77,17.24739579078724,0.0,96,281.76240012095576,21362.06061443703,0.0,0.0,420.4172446456188,341.9944612110107,0.3298029428872238,0.2866296053501951,0.6306789828877318,1.0,0.992447710500518,1.0,243.96872376214608,281.76240012095576,111.13646777378044,102.48064253063798,21362.06061443703,156.0,8677.0,31.225667591893796,19.65,69.3233,1.0,303.8717,239.927,239.182,108.5,110.8426,15869.3082,0.812028,20756.9922,20821.0,21476.0
394,173.51853594149574,202.2339226181319,404.7328297260319,183.89836916975705,0.9749783923941228,243.96872376214608,281.76240012095576,243.31466428037868,312.98806771284956,31.225667591893796,0.1108226916667701,111.13646777378044,112.6990995618782,34.3751220703125,113.56738730379796,112.44035011899288,102.48064253063798,111.13646777378044,80.0,0.4754098360655737,21362.06061443703,20993.5,368.56061443702856,8677.0,9256.0,768.0,0.0829732065687121,2,0,1.45,0.9448909299655568,9.485915422879224,4.623541740421272,0.4754098360655737,4.0,8.0,4.0,8.0,32.0,44.0,156.0,0.9344262295081968,77,17.24739579078724,0.0,96,281.76240012095576,21362.06061443703,0.0,0.0,420.4172446456188,341.9944612110107,0.3298029428872238,0.2866296053501951,0.6306789828877318,1.0,0.992447710500518,1.0,243.96872376214608,281.76240012095576,111.13646777378044,102.48064253063798,21362.06061443703,156.0,8677.0,31.225667591893796,19.7,69.4361,1.0,303.8717,239.927,239.182,108.5,110.8426,15869.3082,0.812028,20756.9922,20821.0,21476.0
395,173.51853594149574,202.2339226181319,404.7328297260319,183.89836916975705,0.9749783923941228,243.96872376214608,281.76240012095576,243.31466428037868,312.98806771284956,31.225667591893796,0.1108226916667701,111.13646777378044,112.6990995618782,34.3751220703125,113.56738730379796,112.44035011899288,102.48064253063798,111.13646777378044,80.0,0.4754098360655737,21362.06061443703,20993.5,368.56061443702856,8677.0,9256.0,768.0,0.0829732065687121,2,0,1.45,0.9448909299655568,9.485915422879224,4.623541740421272,0.4754098360655737,4.0,8.0,4.0,8.0,32.0,44.0,156.0,0.9344262295081968,77,17.24739579078724,0.0,96,281.76240012095576,21362.06061443703,0.0,0.0,420.4172446456188,341.9944612110107,0.3298029428872238,0.2866296053501951,0.6306789828877318,1.0,0.992447710500518,1.0,243.96872376214608,281.76240012095576,111.13646777378044,102.48064253063798,21362.06061443703,156.0,8677.0,31.225667591893796,19.75,69.5489,1.0,303.8717,239.927,239.182,108.5,110.8426,15869.3082,0.812028,20756.9922,20821.0,21476.0
396,173.51853594149574,202.2339226181319,404.7328297260319,183.89836916975705,0.9749783923941228,243.96872376214608,281.76240012095576,243.31466428037868,312.98806771284956,31.225667591893796,0.1108226916667701,111.13646777378044,112.6990995618782,34.3751220703125,113.56738730379796,112.44035011899288,102.48064253063798,111.13646777378044,80.0,0.4754098360655737,21362.06061443703,20993.5,368.56061443702856,8677.0,9256.0,768.0,0.0829732065687121,2,0,1.45,0.9448909299655568,9.485915422879224,4.623541740421272,0.4754098360655737,4.0,8.0,4.0,8.0,32.0,44.0,156.0,0.9344262295081968,77,17.24739579078724,0.0,96,281.76240012095576,21362.06061443703,0.0,0.0,420.4172446456188,341.9944612110107,0.3298029428872238,0.2866296053501951,0.6306789828877318,1.0,0.992447710500518,1.0,243.96872376214608,281.76240012095576,111.13646777378044,102.48064253063798,21362.06061443703,156.0,8677.0,31.225667591893796,19.8,69.6617,1.0,303.8717,239.927,239.182,108.5,110.8426,15869.3082,0.812028,20756.9922,20821.0,21476.0
397,173.51853594149574,202.2339226181319,404.7328297260319,183.89836916975705,0.9749783923941228,243.96872376214608,281.76240012095576,243.31466428037868,312.98806771284956,31.225667591893796,0.1108226916667701,111.13646777378044,112.6990995618782,34.3751220703125,113.56738730379796,112.44035011899288,102.48064253063798,111.13646777378044,80.0,0.4754098360655737,21362.06061443703,20993.5,368.56061443702856,8677.0,9256.0,768.0,0.0829732065687121,2,0,1.45,0.9448909299655568,9.485915422879224,4.623541740421272,0.4754098360655737,4.0,8.0,4.0,8.0,32.0,44.0,156.0,0.9344262295081968,77,17.24739579078724,0.0,96,281.76240012095576,21362.06061443703,0.0,0.0,420.4172446456188,341.9944612110107,0.3298029428872238,0.2866296053501951,0.6306789828877318,1.0,0.992447710500518,1.0,243.96872376214608,281.76240012095576,111.13646777378044,102.48064253063798,21362.06061443703,156.0,8677.0,31.225667591893796,19.85,69.7744,1.0,303.8717,239.927,239.182,108.5,110.8426,15869.3082,0.812028,20756.9922,20821.0,21476.0
398,173.51853594149574,202.2339226181319,404.7328297260319,183.89836916975705,0.9749783923941228,243.96872376214608,281.76240012095576,243.31466428037868,312.98806771284956,31.225667591893796,0.1108226916667701,111.13646777378044,112.6990995618782,34.3751220703125,113.56738730379796,112.44035011899288,102.48064253063798,111.13646777378044,80.0,0.4754098360655737,21362.06061443703,20993.5,368.56061443702856,8677.0,9256.0,768.0,0.0829732065687121,2,0,1.45,0.9448909299655568,9.485915422879224,4.623541740421272,0.4754098360655737,4.0,8.0,4.0,8.0,32.0,44.0,156.0,0.9344262295081968,77,17.24739579078724,0.0,96,281.76240012095576,21362.06061443703,0.0,0.0,420.4172446456188,341.9944612110107,0.3298029428872238,0.2866296053501951,0.6306789828877318,1.0,0.992447710500518,1.0,243.96872376214608,281.76240012095576,111.13646777378044,102.48064253063798,21362.06061443703,156.0,8677.0,31.225667591893796,19.9,69.8872,1.0,303.8717,239.927,239.182,108.5,110.8426,15869.3082,0.812028,20756.9922,20821.0,21476.0
399,173.51853594149574,202.2339226181319,404.7328297260319,183.89836916975705,0.9749783923941228,243.96872376214608,281.76240012095576,243.31466428037868,312.98806771284956,31.225667591893796,0.1108226916667701,111.13646777378044,112.6990995618782,34.3751220703125,113.56738730379796,112.44035011899288,102.48064253063798,111.13646777378044,80.0,0.4754098360655737,21362.06061443703,20993.5,368.56061443702856,8677.0,9256.0,768.0,0.0829732065687121,2,0,1.45,0.9448909299655568,9.485915422879224,4.623541740421272,0.4754098360655737,4.0,8.0,4.0,8.0,32.0,44.0,156.0,0.9344262295081968,77,17.24739579078724,0.0,96,281.76240012095576,21362.06061443703,0.0,0.0,420.4172446456188,341.9944612110107,0.3298029428872238,0.2866296053501951,0.6306789828877318,1.0,0.992447710500518,1.0,243.96872376214608,281.76240012095576,111.13646777378044,102.48064253063798,21362.06061443703,156.0,8677.0,31.225667591893796,19.95,70.0,1.0,303.8717,239.927,239.182,108.5,110.8426,15869.3082,0.812028,20756.9922,20821.0,21476.0
