frame,time_sec,anchor_x,anchor_y,tip_x,tip_y,quality,length_env_px,length_axis_px,length_axis_skeleton_px,length_axis_body_bins_px,length_axis_alt_px,length_axis_disagreement_px,centerline_disagreement,diameter_max_px,diameter_max_orth_px,diameter_max_thickness_px,diameter_max_feret_px,diameter_p95_px,diameter_mid_median_px,diameter_mid_p90_px,diameter_peak_span_px,diameter_peak_pos_norm,area_proj_px2,area_proj_contour_width_integral_px2,area_proj_contour_px2,area_proj_definition_gap_px2,body_mask_area_px2,component_area_px2,excluded_attachment_area_px2,body_mask_attachment_leak_fraction,attachment_count,attachment_border_touch_count,attachment_max_elongation,attachment_max_solidity,attachment_max_orientation_mismatch_deg,attachment_max_distance_to_main_axis_px,x_peak_norm,taper_left_px,taper_right_px,landing_zone_left_px,landing_zone_right_px,transition_zone_left_px,transition_zone_right_px,compaction_zone_length_px,zone_symmetry,branch_component_count_after_pruning,branch_count_after_pruning,endpoint_jump_px,axis_peak_position_stability,centerline_points,length_axis_formal_px,area_proj_formal_px2,anchor_jump_px,tip_jump_px,endpoint_jump_fraction,length_axis_ref_px,length_env_ref_px,foreshortening_axis,foreshortening_env,temperature_c,length_env_true_px,length_axis_true_px,length_axis_alt_true_px,length_axis_definition_gap_true_px,diameter_true_px,diameter_max_orth_true_px,diameter_max_thickness_true_px,diameter_max_feret_true_px,diameter_p95_true_px,diameter_peak_span_true_px,diameter_peak_pos_norm_true,area_proj_true_px2,area_proj_contour_true_px2,area_proj_definition_gap_true_px2,body_mask_area_true_px2,body_mask_attachment_leak_fraction_true,x_peak_norm_true,taper_left_true_px,taper_right_true_px,landing_zone_left_true_px,landing_zone_right_true_px,transition_zone_left_true_px,transition_zone_right_true_px,compaction_zone_length_true_px,zone_symmetry_true,length_axis_ref_true_px,length_env_ref_true_px,foreshortening_axis_true,foreshortening_env_true,length_env_recovery,length_axis_recovery,diameter_max_recovery,area_proj_recovery
0,0.0,416.7186997420212,263.62365269432996,850.5772451396439,257.67346938775506,0.9881086429059387,459.9791974425998,435.8742370671609,435.8742370671609,447.6555194297024,476.1689310166286,40.29469394946773,0.09244568851005294,124.0,124.0,123.968994140625,122.5683317375011,121.35035966001905,112.59050805838368,120.79547408032442,92.0,0.5478260869565217,40220.271035907186,41017.54145300121,40702.5,-482.22896409281384,41189.0,42451.0,1262.0,0.029728392735153472,2,0,1.793103448275862,0.9173272933182333,10.937694597593916,11.007666662779547,0.5478260869565217,8.0,4.0,8.0,4.0,112.0,92.0,244.0,0.9478260869565217,0,0,26.32032396217731,,147,435.8742370671609,40220.271035907186,,,0.060385133425818395,448.18177346454405,459.9827341081959,0.027461037297976665,7.688692061469382e-06,20.0,479.2813927401872,448.87708759593966,448.2007420886928,0.6763455072468787,119.9997738203686,119.9997738203686,119.9997738203686,123.6415731962418,119.72450629024524,104.4538670274944,0.572717085346165,39311.947251159945,42413.0,-3101.052748840055,42906.0,0.0,0.572717085346165,4.366238061555492,4.366147535760945,4.366238061555492,4.366147535760945,111.23660993283688,87.26168507180097,241.64640699398535,0.9465889080789712,448.87708759593966,479.3577751254786,0.0,0.0001593431654912,0.003644526806886309,0.013175815752333215,0.001694164406237862,0.012665532148369267
1,0.05,416.7186997420212,263.62365269432996,850.5772451396439,257.67346938775506,0.9880995006124564,459.9791957151864,435.87599002180986,435.87599002180986,447.6554904187564,476.1695710857352,40.29358106392533,0.09244276350690747,124.0,124.0,123.968994140625,122.56833717286773,121.35036029171683,112.59050861769867,120.79547466365659,92.0,0.5478260869565217,40226.35326362589,41017.54166260633,40702.5,-476.14673637411033,41189.0,42452.0,1263.0,0.029751248468858946,2,0,1.8275862068965518,0.9160997732426304,11.014516286824177,10.998322176354868,0.5478260869565217,8.0,4.0,8.0,4.0,112.0,92.0,244.0,0.9478260869565217,0,0,26.319823273378127,0.0,147,435.87599002180986,40226.35326362589,0.0,0.0,0.0603837418804857,448.18177346454405,459.9827341081959,0.027457126039748925,7.692447448914841e-06,20.09394572025052,479.2813927401872,448.8770813158432,448.2007358373641,0.6763454784791634,119.9997804137609,119.9997804137609,119.9997804137609,123.6415731962418,119.72451286851296,104.45386557007626,0.5727170853489753,39311.94886155259,42413.0,-3101.0511384474084,42906.0,0.0,0.5727170853489753,4.366238000234709,4.366147474444119,4.366238000234709,4.366147474444119,111.23660837351233,87.26168384806635,241.6464036195857,0.9465889080793434,448.87708759593966,479.3577751254786,1.3990681724251884e-08,0.0001593431654912,0.003644544175026443,0.013163558123879706,0.001694164406237862,0.012986719473743974
2,0.1,416.7186997420212,263.62365269432996,850.5685429585991,257.67346938775506,0.9881169458383396,459.97926772174895,435.86667762577326,435.86667762577326,447.654346353577,476.1688385342551,40.302160908481824,0.09246442313051625,124.0,124.0,123.968994140625,122.56811051163835,121.3503339430259,112.59048528786451,120.79545033183894,92.0,0.5652173913043478,40224.460694455425,41017.43172696293,40699.5,-475.03930554457474,41186.0,42447.0,1261.0,0.02970763540415106,2,0,1.8275862068965518,0.9138321995464853,11.173308281484104,11.012402714672836,0.5652173913043478,8.0,4.0,8.0,4.0,112.0,92.0,244.0,0.9478260869565217,0,0,26.329419253454535,0.017391304347826098,147,435.86667762577326,40224.460694455425,0.0,0.008702181044782265,0.0604070478543452,448.18177346454405,459.9827341081959,0.027477904207421022,7.535905567568335e-06,20.187891440501044,479.2813927401872,448.877074733716,448.2007292853877,0.6763454483283908,119.99978732425204,119.99978732425204,119.99978732425204,123.6415731962418,119.72451976315212,104.4538640425664,0.5727170853519202,39311.9505493945,42413.0,-3101.0494506054965,42906.0,0.0,0.5727170853519202,4.3662379359648895,4.366147410178428,4.3662379359648895,4.366147410178428,111.23660673919446,87.2616825654784,241.64640008289985,0.9465889080797342,448.87708759593966,479.3577751254786,2.8654221773116717e-08,0.0001593431654912,0.0036438201907935106,0.013228675547593964,0.001694164406237862,0.012886777600788638
3,0.15,416.7186997420212,263.62365269432996,850.5685429585991,257.67346938775506,0.9881075223219544,459.9793529099102,435.8666264141713,435.8666264141713,447.6564222904321,476.16923946880684,40.302613054635515,0.09246547134429826,124.0,124.0,123.968994140625,122.56784211885194,121.3503027268869,112.59045764748011,120.79542150382683,92.0,0.5478260869565217,40221.45331813145,41017.4214202319,40698.5,-477.0466818685527,41185.0,42447.0,1262.0,0.029731194195113907,2,0,1.8275862068965518,0.9138321995464853,11.172572739529778,11.005377746439166,0.5478260869565217,8.0,4.0,8.0,4.0,112.0,92.0,244.0,0.9478260869565217,0,0,26.328325353180144,0.017391304347826098,147,435.8666264141713,40221.45331813145,0.0,0.0,0.060404545238483834,448.18177346454405,459.9827341081959,0.02747801847266995,7.3507069614509035e-06,20.281837160751564,479.2813927401872,448.87706783503126,448.2007224183038,0.676345416727429,119.99979456709228,119.99979456709228,119.99979456709228,123.6415731962418,119.724526989378,104.45386244159296,0.5727170853550073,39311.95231841039,42413.0,-3101.047681589611,42906.0,0.0,0.5727170853550073,4.36623786860406,4.366147342821705,4.36623786860406,4.366147342821705,111.23660502627656,87.26168122120646,241.64639637612248,0.9465889080801436,448.87708759593966,479.3577751254786,4.4022983036740015e-08,0.0001593431654912,0.0036429636732295094,0.013229033647439551,0.001694164406237862,0.012727965533472684
4,0.2,416.7186997420212,263.62365269432996,850.5685429585991,257.67346938775506,0.9881075223219544,459.9793529099102,435.8666264141713,435.8666264141713,447.6564222904321,476.16923946880684,40.302613054635515,0.09246547134429826,124.0,124.0,123.968994140625,122.56784211885194,121.3503027268869,112.59045764748011,120.79542150382683,92.0,0.5478260869565217,40221.45331813145,41017.4214202319,40698.5,-477.0466818685527,41185.0,42447.0,1262.0,0.029731194195113907,2,0,1.8275862068965518,0.9138321995464853,11.172572739529778,11.005377746439166,0.5478260869565217,8.0,4.0,8.0,4.0,112.0,92.0,244.0,0.9478260869565217,0,0,26.328325353180144,0.0,147,435.8666264141713,40221.45331813145,0.0,0.0,0.060404545238483834,448.18177346454405,459.9827341081959,0.02747801847266995,7.3507069614509035e-06,20.37578288100209,479.2813927401872,448.87706060456594,448.200715220959,0.6763453836069289,119.99980215826538,119.99980215826538,119.99980215826538,123.6415731962418,119.72453456313772,104.4538607636232,0.5727170853582422,39311.954172504265,42413.0,-3101.0458274957346,42906.0,0.0,0.5727170853582422,4.366237798003681,4.366147272225817,4.366237798003681,4.366147272225817,111.23660323097872,87.26167981228372,241.646392491074,0.9465889080805726,448.87708759593966,479.3577751254786,6.01308787206989e-08,0.0001593431654912,0.0036429636732295094,0.013229033647439551,0.001694164406237862,0.012727965533472684
5,0.25,416.7186997420212,263.62365269432996,850.5685429585991,257.67346938775506,0.9881078024877497,459.9792667232429,435.8666264141713,435.8666264141713,447.6552857889849,476.1692944960604,40.30266808188907,0.09246559759221498,124.0,124.0,123.968994140625,122.56811365598415,121.35033430863282,112.59048561158679,120.79545066946731,92.0,0.5478260869565217,40221.45331813145,41017.431847675594,40699.5,-478.0466818685527,41186.0,42448.0,1262.0,0.029730493780625707,2,0,1.8275862068965518,0.9138321995464853,11.17331689902688,11.001290133422486,0.5478260869565217,8.0,4.0,8.0,4.0,112.0,92.0,244.0,0.9478260869565217,0,0,26.328463978236112,0.0,147,435.8666264141713,40221.45331813145,0.0,0.0,0.06040486328315064,448.18177346454405,459.9827341081959,0.02747801847266995,7.538076314372866e-06,20.46972860125261,479.2813927401872,448.87705302636215,448.2007076774691,0.676345348892994,119.99981011452384,119.99981011452384,119.99981011452384,123.6415731962418,119.72454250114532,104.45385900495428,0.5727170853616331,39311.95611576763,42413.0,-3101.043884232364,42906.0,0.0,0.5727170853616331,4.366237724007867,4.366147198234671,4.366237724007867,4.366147198234671,111.23660134933888,87.26167833560106,241.6463884191797,0.946588908081022,448.87708759593966,479.3577751254786,7.701345972055408e-08,0.0001593431654912,0.003643830230192738,0.013229033647439551,0.001694164406237862,0.012727965533472684
6,0.3,416.7186997420212,263.62365269432996,850.5685429585991,257.67346938775506,0.9881078024877497,459.9792667232429,435.8666264141713,435.8666264141713,447.6552857889849,476.1692944960604,40.30266808188907,0.09246559759221498,124.0,124.0,123.968994140625,122.56811365598415,121.35033430863282,112.59048561158679,120.79545066946731,92.0,0.5478260869565217,40221.45331813145,41017.431847675594,40699.5,-478.0466818685527,41186.0,42448.0,1262.0,0.029730493780625707,2,0,1.8275862068965518,0.9138321995464853,11.17331689902688,11.001290133422486,0.5478260869565217,8.0,4.0,8.0,4.0,112.0,92.0,244.0,0.9478260869565217,0,0,26.328463978236112,0.0,147,435.8666264141713,40221.45331813145,0.0,0.0,0.06040486328315064,448.18177346454405,459.9827341081959,0.02747801847266995,7.538076314372866e-06,20.563674321503132,479.2813927401872,448.8770450836972,448.20069977118754,0.6763453125096817,119.99981845342572,119.99981845342572,119.99981845342572,123.6415731962418,119.7245508209186,104.45385716170486,0.5727170853651873,39311.95815248908,42413.0,-3101.041847510918,42906.0,0.0,0.5727170853651873,4.366237646453399,4.366147120685014,4.366237646453399,4.366147120685014,111.23659937720454,87.2616767879,241.64638415145427,0.9465889080814937,448.87708759593966,479.3577751254786,9.470798045807528e-08,0.0001593431654912,0.003643830230192738,0.013229033647439551,0.001694164406237862,0.012727965533472684
7,0.35,416.7186997420212,263.62365269432996,850.5685429585991,257.67346938775506,0.9881078024877497,459.9792667232429,435.8666264141713,435.8666264141713,447.6552857889849,476.1692944960604,40.30266808188907,0.09246559759221498,124.0,124.0,123.968994140625,122.56811365598415,121.35033430863282,112.59048561158679,120.79545066946731,92.0,0.5478260869565217,40221.45331813145,41017.431847675594,40699.5,-478.0466818685527,41186.0,42448.0,1262.0,0.029730493780625707,2,0,1.8275862068965518,0.9138321995464853,11.17331689902688,11.001290133422486,0.5478260869565217,8.0,4.0,8.0,4.0,112.0,92.0,244.0,0.9478260869565217,0,0,26.328463978236112,0.0,147,435.8666264141713,40221.45331813145,0.0,0.0,0.06040486328315064,448.18177346454405,459.9827341081959,0.02747801847266995,7.538076314372866e-06,20.657620041753653,479.2813927401872,448.87703675904265,448.2006914846657,0.6763452743769562,119.99982719337363,119.99982719337363,119.99982719337363,123.6415731962418,119.72455954081794,104.4538552298074,0.5727170853689119,39311.96028716327,42413.0,-3101.039712836733,42906.0,0.0,0.5727170853689119,4.366237565168966,4.3661470394055755,4.366237565168966,4.3661470394055755,111.23659731022364,87.26167516576481,241.6463796784797,0.9465889080819876,448.87708759593966,479.3577751254786,1.1325349058566304e-07,0.0001593431654912,0.003643830230192738,0.013229033647439551,0.001694164406237862,0.012727965533472684
8,0.4,416.7186997420212,263.62365269432996,850.5685429585991,257.67346938775506,0.9881169458383396,459.9792667232429,435.8666264141713,435.8666264141713,447.6552857889849,476.1692944960604,40.30266808188907,0.09246559759221498,124.0,124.0,123.968994140625,122.56811365598415,121.35033430863282,112.59048561158679,120.79545066946731,92.0,0.5478260869565217,40221.45331813145,41017.431847675594,40699.5,-478.0466818685527,41186.0,42447.0,1261.0,0.02970763540415106,2,0,1.8275862068965518,0.9138321995464853,11.17331689902688,11.012018997235481,0.5478260869565217,8.0,4.0,8.0,4.0,112.0,92.0,244.0,0.9478260869565217,0,0,26.328463978236112,0.0,147,435.8666264141713,40221.45331813145,0.0,0.0,0.06040486328315064,448.18177346454405,459.9827341081959,0.02747801847266995,7.538076314372866e-06,20.751565762004176,479.2813927401872,448.87702803402783,448.2006827996174,0.6763452344104053,119.99983635365516,119.99983635365516,119.99983635365516,123.6415731962418,119.72456868008668,104.45385320499884,0.5727170853728157,39311.96252450107,42413.0,-3101.0374754989316,42906.0,0.0,0.5727170853728157,4.3662374799754105,4.366146954217413,4.3662374799754105,4.366146954217413,111.23659514383462,87.26167346561539,241.646374990385,0.9465889080825056,448.87708759593966,479.3577751254786,1.326909158105849e-07,0.0001593431654912,0.003643830230192738,0.013229033647439551,0.001694164406237862,0.012727965533472684
9,0.45,416.7186997420212,263.62365269432996,850.5685429585991,257.67346938775506,0.9881169458383396,459.9792667232429,435.8666264141713,435.8666264141713,447.6552857889849,476.1692944960604,40.30266808188907,0.09246559759221498,124.0,124.0,123.968994140625,122.56811365598415,121.35033430863282,112.59048561158679,120.79545066946731,92.0,0.5478260869565217,40221.45331813145,41017.431847675594,40699.5,-478.0466818685527,41186.0,42447.0,1261.0,0.02970763540415106,2,0,1.8275862068965518,0.9138321995464853,11.17331689902688,11.012018997235481,0.5478260869565217,8.0,4.0,8.0,4.0,112.0,92.0,244.0,0.9478260869565217,0,0,26.328463978236112,0.0,147,435.8666264141713,40221.45331813145,0.0,0.0,0.06040486328315064,448.18177346454405,459.9827341081959,0.02747801847266995,7.538076314372866e-06,20.845511482254697,479.2813927401872,448.8770188893967,448.2006736968757,0.6763451925210688,119.99984595448548,119.99984595448548,119.99984595448548,123.6415731962418,119.72457825889366,104.4538510828098,0.5727170853769072,39311.96486943975,42413.0,-3101.0351305602526,42906.0,0.0,0.5727170853769072,4.366237390684489,4.366146864932091,4.366237390684489,4.366146864932091,111.23659287325654,87.26167168370034,241.64637007682325,0.9465889080830489,448.87708759593966,479.3577751254786,1.530631543733563e-07,0.0001593431654912,0.003643830230192738,0.013229033647439551,0.001694164406237862,0.012727965533472684
10,0.5,416.7186997420212,263.62365269432996,850.5772451396439,257.67346938775506,0.9881172257821333,459.9793519350043,435.8759425694788,435.8759425694788,447.6563923582924,476.16925054077296,40.293307971294155,0.09244214703331874,124.0,124.0,123.968994140625,122.56784519184465,121.3503030843994,112.59045796404496,120.7954218339967,92.0,0.5478260869565217,40223.346084116885,41017.522680307244,40700.5,-477.1539158831147,41187.0,42448.0,1261.0,0.029706935544666416,2,0,1.8275862068965518,0.9138321995464853,11.172581160884917,11.014127685484267,0.5478260869565217,8.0,4.0,8.0,4.0,112.0,92.0,244.0,0.9478260869565217,0,0,26.31964883508411,0.0,147,435.8759425694788,40223.346084116885,0.0,0.008702181044782265,0.060383348252556396,448.18177346454405,459.9827341081959,0.027457231917171532,7.3528264016298195e-06,20.93945720250522,479.2813927401872,448.8770093049699,448.2006641563527,0.6763451486172016,119.99985601705194,119.99985601705194,119.99985601705194,123.6415731962418,119.72458829837758,104.453848858558,0.5727170853811965,39311.967327154314,42413.0,-3101.0326728456857,42906.0,0.0,0.5727170853811965,4.36623729709936,4.366146771352817,4.36623729709936,4.366146771352817,111.23659049347891,87.26166981608628,241.64636492695251,0.9465889080836164,448.87708759593966,479.3577751254786,1.744151616467349e-07,0.0001593431654912,0.0036429734753430443,0.013163889936823958,0.001694164406237862,0.012827917799737494
11,0.55,416.7186997420212,263.62365269432996,850.5772451396439,257.67346938775506,0.9881172257821333,459.9793519350043,435.8759425694788,435.8759425694788,447.6563923582924,476.16925054077296,40.293307971294155,0.09244214703331874,124.0,124.0,123.968994140625,122.56784519184465,121.3503030843994,112.59045796404496,120.7954218339967,92.0,0.5478260869565217,40223.346084116885,41017.522680307244,40700.5,-477.1539158831147,41187.0,42448.0,1261.0,0.029706935544666416,2,0,1.8275862068965518,0.9138321995464853,11.172581160884917,11.014127685484267,0.5478260869565217,8.0,4.0,8.0,4.0,112.0,92.0,244.0,0.9478260869565217,0,0,26.31964883508411,0.0,147,435.8759425694788,40223.346084116885,0.0,0.0,0.060383348252556396,448.18177346454405,459.9827341081959,0.027457231917171532,7.3528264016298195e-06,21.03340292275574,479.2813927401872,448.876999259596,448.20065415699383,0.6763451026021698,119.99986656356091,119.99986656356091,119.99986656356091,123.6415731962418,119.72459882069391,104.45384652733446,0.5727170853856909,39311.96990306846,42413.0,-3101.030096931543,42906.0,0.0,0.5727170853856909,4.366237199013327,4.366146673272965,4.366237199013327,4.366146673272965,111.23658799924972,87.26166785865314,241.64635952940685,0.946588908084213,448.87708759593966,479.3577751254786,1.9679405804939878e-07,0.0001593431654912,0.0036429734753430443,0.013163889936823958,0.001694164406237862,0.012827917799737494
12,0.6,416.7186997420212,263.62365269432996,850.5772451396439,257.67346938775506,0.988163505713276,459.9791756674234,435.87351377377104,435.87351377377104,447.65488495920016,476.16874814255993,40.2952343687889,0.09244708176900858,124.0,124.0,123.968994140625,122.56840024609312,121.35036762155156,112.59051510762241,120.79548143224295,92.0,0.5478260869565217,40217.25148228104,41017.544094732126,40702.5,-485.2485177189592,41189.0,42445.0,1256.0,0.02959123571680999,2,0,1.793103448275862,0.9125993189557321,11.032280693185577,11.007131919410357,0.5478260869565217,8.0,4.0,8.0,4.0,112.0,92.0,244.0,0.9478260869565217,0,0,26.319861131145192,0.0,147,435.87351377377104,40217.25148228104,0.0,0.0,0.06038417178247229,448.18177346454405,459.9827341081959,0.02746265113734425,7.736031178207092e-06,21.127348643006265,479.2813927401872,448.8769887311066,448.20064367673257,0.6763450543740532,119.9998776172867,119.9998776172867,119.9998776172867,123.6415731962418,119.72460984906355,104.4538440839944,0.5727170853904021,39311.97260286675,42413.0,-3101.02739713325,42906.0,0.0,0.5727170853904021,4.366237096210007,4.3661465704761895,4.366237096210007,4.3661465704761895,111.23658538506491,87.26166580708002,241.64635387227548,0.946588908084837,448.87708759593966,479.3577751254786,2.202492302982862e-07,0.0001593431654912,0.0036447457436582717,0.013180873419763997,0.001694164406237862,0.01250607702799869
13,0.65,416.7186997420212,263.62365269432996,850.5772451396439,257.67346938775506,0.988163505713276,459.9791756674234,435.87351377377104,435.87351377377104,447.65488495920016,476.16874814255993,40.2952343687889,0.09244708176900858,124.0,124.0,123.968994140625,122.56840024609312,121.35036762155156,112.59051510762241,120.79548143224295,92.0,0.5478260869565217,40217.25148228104,41017.544094732126,40702.5,-485.2485177189592,41189.0,42445.0,1256.0,0.02959123571680999,2,0,1.793103448275862,0.9125993189557321,11.032280693185577,11.007131919410357,0.5478260869565217,8.0,4.0,8.0,4.0,112.0,92.0,244.0,0.9478260869565217,0,0,26.319861131145192,0.0,147,435.87351377377104,40217.25148228104,0.0,0.0,0.06038417178247229,448.18177346454405,459.9827341081959,0.02746265113734425,7.736031178207092e-06,21.221294363256785,479.2813927401872,448.87697769626686,448.20063269244065,0.6763450038262135,119.99988920262292,119.99988920262292,119.99988920262292,123.6415731962418,119.72462140782416,104.45384152314593,0.57271708539534,39311.9754325071,42413.0,-3101.024567492903,42906.0,0.0,0.57271708539534,4.366236988462674,4.366146462735401,4.366236988462674,4.366146462735401,111.23658264515517,87.2616636568402,241.6463479430734,0.9465889080854912,448.87708759593966,479.3577751254786,2.448324404324964e-07,0.0001593431654912,0.0036447457436582717,0.013180873419763997,0.001694164406237862,0.01250607702799869
14,0.7,416.7186997420212,263.62365269432996,850.5772451396439,257.67346938775506,0.9881543608349432,459.9791756674234,435.87351377377104,435.87351377377104,447.65488495920016,476.16874814255993,40.2952343687889,0.09244708176900858,124.0,124.0,123.968994140625,122.56840024609312,121.35036762155156,112.59051510762241,120.79548143224295,92.0,0.5478260869565217,40217.25148228104,41017.544094732126,40702.5,-485.2485177189592,41189.0,42446.0,1257.0,0.029614097912641944,2,0,1.793103448275862,0.9125993189557321,11.032280693185577,11.000654903752816,0.5478260869565217,8.0,4.0,8.0,4.0,112.0,92.0,244.0,0.9478260869565217,0,0,26.319861131145192,0.0,147,435.87351377377104,40217.25148228104,0.0,0.0,0.06038417178247229,448.18177346454405,459.9827341081959,0.02746265113734425,7.736031178207092e-06,21.315240083507305,479.2813927401872,448.8769661307253,448.20062117987777,0.676344950847465,119.99990134513637,119.99990134513637,119.99990134513637,123.6415731962418,119.72463352248393,104.4538388391378,0.5727170854005145,39311.97839823404,42413.0,-3101.0216017659623,42906.0,0.0,0.5727170854005145,4.366236875533247,4.366146349813221,4.366236875533247,4.366146349813221,111.23657977347388,87.26166140318833,241.64634172871655,0.9465889080861783,448.87708759593966,479.3577751254786,2.7059793827888257e-07,0.0001593431654912,0.0036447457436582717,0.013180873419763997,0.001694164406237862,0.01250607702799869
15,0.75,416.7186997420212,263.62365269432996,850.5772451396439,257.67346938775506,0.9881540817528567,459.97914074848086,435.87351377377104,435.87351377377104,447.65469518541124,476.17175982742623,40.29824605365519,0.09245399130760434,124.0,124.0,123.968994140625,122.56851007214108,121.35038038227518,112.59052640600864,120.79549321568305,92.0,0.5478260869565217,40217.25148228104,41017.54832887472,40701.5,-484.2485177189592,41188.0,42445.0,1257.0,0.029614795617858406,2,0,1.793103448275862,0.9125993189557321,11.032581716608236,10.999169750506558,0.5478260869565217,8.0,4.0,8.0,4.0,112.0,92.0,244.0,0.9478260869565217,0,0,26.318314552814815,0.0,147,435.87351377377104,40217.25148228104,0.0,0.0,0.06038062355510471,448.18177346454405,459.9827341081959,0.02746265113734425,7.81194477228464e-06,21.40918580375783,479.2813927401872,448.8769540089587,448.2006091136377,0.6763448953210514,119.9999140716234,119.9999140716234,119.9999140716234,123.6415731962418,119.72464621977764,104.45383602604684,0.5727170854059388,39311.981506592405,42413.0,-3101.018493407595,42906.0,0.0,0.5727170854059388,4.366236757172786,4.366146231460107,4.366236757172786,4.366146231460107,111.23657676368416,87.26165904115078,241.64633521549092,0.9465889080868972,448.87708759593966,479.3577751254786,2.976025833545393e-07,0.0001593431654912,0.00364509683337767,0.013180873419763997,0.001694164406237862,0.01250607702799869
16,0.8,416.7186997420212,263.62365269432996,850.5772451396439,257.67346938775506,0.9881449370965463,459.97914074848086,435.87351377377104,435.87351377377104,447.65469518541124,476.17175982742623,40.29824605365519,0.09245399130760434,124.0,124.0,123.968994140625,122.56851007214108,121.35038038227518,112.59052640600864,120.79549321568305,92.0,0.5478260869565217,40217.25148228104,41017.54832887472,40701.5,-484.2485177189592,41188.0,42446.0,1258.0,0.0296376572586345,2,0,1.8275862068965518,0.9125993189557321,11.032581716608236,11.000796362157894,0.5478260869565217,8.0,4.0,8.0,4.0,112.0,92.0,244.0,0.9478260869565217,0,0,26.318314552814815,0.0,147,435.87351377377104,40217.25148228104,0.0,0.0,0.06038062355510471,448.18177346454405,459.9827341081959,0.02746265113734425,7.81194477228464e-06,21.50313152400835,479.2813927401872,448.87694130421613,448.2005964670924,0.6763448371237359,119.99992741016906,119.99992741016906,119.99992741016906,123.6415731962418,119.724659527726,104.45383307766514,0.5727170854116236,39311.98476444166,42413.0,-3101.0152355583414,42906.0,0.0,0.5727170854116236,4.366236633119925,4.366146107414977,4.366236633119925,4.366146107414977,111.23657360914372,87.26165656551501,241.64632838902247,0.9465889080876508,448.87708759593966,479.3577751254786,3.2590597198733917e-07,0.0001593431654912,0.00364509683337767,0.013180873419763997,0.001694164406237862,0.01250607702799869
17,0.85,416.7186997420212,263.62365269432996,850.5772451396439,257.67346938775506,0.9881449370965463,459.97914074848086,435.87351377377104,435.87351377377104,447.65469518541124,476.17175982742623,40.29824605365519,0.09245399130760434,124.0,124.0,123.968994140625,122.56851007214108,121.35038038227518,112.59052640600864,120.79549321568305,92.0,0.5478260869565217,40217.25148228104,41017.54832887472,40701.5,-484.2485177189592,41188.0,42446.0,1258.0,0.0296376572586345,2,0,1.8275862068965518,0.9125993189557321,11.032581716608236,11.000796362157894,0.5478260869565217,8.0,4.0,8.0,4.0,112.0,92.0,244.0,0.9478260869565217,0,0,26.318314552814815,0.0,147,435.87351377377104,40217.25148228104,0.0,0.0,0.06038062355510471,448.18177346454405,459.9827341081959,0.02746265113734425,7.81194477228464e-06,21.597077244258873,479.2813927401872,448.8769279884612,448.2005832123334,0.6763447761277916,119.9999413902091,119.9999413902091,119.9999413902091,123.6415731962418,119.72467347569722,104.45382998748624,0.5727170854175816,39311.98817897132,42413.0,-3101.011821028682,42906.0,0.0,0.5727170854175816,4.366236503100978,4.366145977404244,4.366236503100978,4.366145977404244,111.23657030289093,87.26165397081792,241.64632123424715,0.9465889080884416,448.87708759593966,479.3577751254786,3.5557056232704554e-07,0.0001593431654912,0.00364509683337767,0.013180873419763997,0.001694164406237862,0.01250607702799869
18,0.9,416.7186997420212,263.62365269432996,850.5772451396439,257.67346938775506,0.9881535235492307,459.97928492119127,435.87351377377104,435.87351377377104,447.652771300154,476.1717738272066,40.29826005343557,0.09245402342651025,124.0,124.0,123.968994140625,122.56805634414872,121.35032764435316,112.59047971076205,120.79544451514913,92.0,0.5478260869565217,40217.25148228104,41017.53082974206,40699.5,-482.2485177189592,41186.0,42443.0,1257.0,0.029616191126923166,2,0,1.793103448275862,0.9125993189557321,11.03133814853929,11.006290573020937,0.5478260869565217,8.0,4.0,8.0,4.0,112.0,92.0,244.0,0.9478260869565217,0,0,26.31725452154233,0.0,147,435.87351377377104,40217.25148228104,0.0,0.0,0.06037819158518915,448.18177346454405,459.9827341081959,0.02746265113734425,7.498514072112883e-06,21.691022964509393,479.2813927401872,448.8769140323085,448.2005693201097,0.6763447121987838,119.99995604259487,119.99995604259487,119.99995604259487,123.6415731962418,119.72468809447192,104.45382674869072,0.5727170854238266,39311.99175771661,42413.0,-3101.0082422833875,42906.0,0.0,0.5727170854238266,4.3662363668289785,4.366145841140792,4.3662363668289785,4.366145841140792,111.23656683762994,87.26165125133332,241.64631373537543,0.9465889080892692,448.87708759593966,479.3577751254786,3.8666181889635e-07,0.0001593431654912,0.0036436472603743153,0.013180873419763997,0.001694164406237862,0.01250607702799869
19,0.95,416.7186997420212,263.62365269432996,850.5772451396439,257.67346938775506,0.9881535235492307,459.97928492119127,435.87351377377104,435.87351377377104,447.652771300154,476.1717738272066,40.29826005343557,0.09245402342651025,124.0,124.0,123.968994140625,122.56805634414872,121.35032764435316,112.59047971076205,120.79544451514913,92.0,0.5478260869565217,40217.25148228104,41017.53082974206,40699.5,-482.2485177189592,41186.0,42443.0,1257.0,0.029616191126923166,2,0,1.793103448275862,0.9125993189557321,11.03133814853929,11.006290573020937,0.5478260869565217,8.0,4.0,8.0,4.0,112.0,92.0,244.0,0.9478260869565217,0,0,26.31725452154233,0.0,147,435.87351377377104,40217.25148228104,0.0,0.0,0.06037819158518915,448.18177346454405,459.9827341081959,0.02746265113734425,7.498514072112883e-06,21.784968684759917,479.2813927401872,448.8768994049588,448.2005547597638,0.6763446451950017,119.99997139966152,119.99997139966152,119.99997139966152,123.6415731962418,119.72470341631094,104.45382335413063,0.5727170854303709,39311.99550857504,42413.0,-3101.0044914249593,42906.0,0.0,0.5727170854303709,4.366236224003224,4.366145698323976,4.366236224003224,4.366145698323976,111.23656320571304,87.26164840106003,241.64630587585856,0.9465889080901376,448.87708759593966,479.3577751254786,4.192483555875981e-07,0.0001593431654912,0.0036436472603743153,0.013180873419763997,0.001694164406237862,0.01250607702799869
20,1.0,416.7186997420212,263.62365269432996,850.5772451396439,257.67346938775506,0.9881538026576194,459.97935475619875,435.87351377377104,435.87351377377104,447.6552344214696,476.17174646875765,40.29823269498661,0.09245396065956504,124.0,124.0,123.968994140625,122.56783629908836,121.35030204980826,112.59045704795028,120.79542087853078,92.0,0.5478260869565217,40217.25148228104,41017.5223370096,40700.5,-483.2485177189592,41187.0,42444.0,1257.0,0.029615493355951372,2,0,1.793103448275862,0.9125993189557321,11.030735110676051,11.009379096855028,0.5478260869565217,8.0,4.0,8.0,4.0,112.0,92.0,244.0,0.9478260869565217,0,0,26.317104985514582,0.0,147,435.87351377377104,40217.25148228104,0.0,0.0,0.060377848513121175,448.18177346454405,459.9827341081959,0.02746265113734425,7.3466931399535085e-06,21.87891440501044,479.2813927401872,448.8768840741325,448.2005394991636,0.6763445749688799,119.99998749529914,119.99998749529914,119.99998749529914,123.6415731962418,119.7247194750268,104.4538197963156,0.5727170854372307,39311.99943982405,42413.0,-3101.0005601759476,42906.0,0.0,0.5727170854372307,4.366236074308496,4.366145548638599,4.366236074308496,4.366145548638599,111.23655939912558,87.26164541370747,241.6462976383523,0.9465889080910468,448.87708759593966,479.3577751254786,4.534020844326747e-07,0.0001593431654912,0.003642945109868533,0.013180873419763997,0.001694164406237862,0.01250607702799869
21,1.05,416.7186997420212,263.62365269432996,850.5772451396439,257.67346938775506,0.9881446577924372,459.97935475619875,435.87351377377104,435.87351377377104,447.6552344214696,476.17174646875765,40.29823269498661,0.09245396065956504,124.0,124.0,123.968994140625,122.56783629908836,121.35030204980826,112.59045704795028,120.79542087853078,92.0,0.5478260869565217,40217.25148228104,41017.5223370096,40700.5,-483.2485177189592,41187.0,42445.0,1258.0,0.029638355518906822,2,0,1.8275862068965518,0.9125993189557321,11.030735110676051,11.011007788375077,0.5478260869565217,8.0,4.0,8.0,4.0,112.0,92.0,244.0,0.9478260869565217,0,0,26.317104985514582,0.0,147,435.87351377377104,40217.25148228104,0.0,0.0,0.060377848513121175,448.18177346454405,459.9827341081959,0.02746265113734425,7.3466931399535085e-06,21.97286012526096,479.2813927401872,448.876868005997,448.2005235046324,0.6763445013645537,120.00000436502776,120.00000436502776,120.00000436502776,123.6415731962418,119.72473630605792,104.45381606739323,0.5727170854444209,39312.003560139,42413.0,-3100.9964398610027,42906.0,0.0,0.5727170854444209,4.366235917414535,4.366145391754458,4.366235917414535,4.366145391754458,111.2365554094672,87.26164228268374,241.64628900467704,0.946588908092,448.87708759593966,479.3577751254786,4.891983769184094e-07,0.0001593431654912,0.003642945109868533,0.013180873419763997,0.001694164406237862,0.01250607702799869
22,1.1,416.7186997420212,263.62365269432996,850.5772451396439,257.67346938775506,0.9881446577924372,459.97935475619875,435.87351377377104,435.87351377377104,447.6552344214696,476.17174646875765,40.29823269498661,0.09245396065956504,124.0,124.0,123.968994140625,122.56783629908836,121.35030204980826,112.59045704795028,120.79542087853078,92.0,0.5478260869565217,40217.25148228104,41017.5223370096,40700.5,-483.2485177189592,41187.0,42445.0,1258.0,0.029638355518906822,2,0,1.8275862068965518,0.9125993189557321,11.030735110676051,11.011007788375077,0.5478260869565217,8.0,4.0,8.0,4.0,112.0,92.0,244.0,0.9478260869565217,0,0,26.317104985514582,0.0,147,435.87351377377104,40217.25148228104,0.0,0.0,0.060377848513121175,448.18177346454405,459.9827341081959,0.02746265113734425,7.3466931399535085e-06,22.06680584551148,479.2813927401872,448.8768511650941,448.2005067408728,0.67634442422127,120.00002204607566,120.00002204607566,120.00002204607566,123.6415731962418,119.72475394654724,104.45381215913524,0.5727170854519557,39312.00787861275,42413.0,-3100.992121387244,42906.0,0.0,0.5727170854519557,4.36623575297498,4.366145227325319,4.36623575297498,4.366145227325319,111.23655122793323,87.26163900107912,241.64627995578144,0.9465889080929996,448.87708759593966,479.3577751254786,5.26716226079138e-07,0.0001593431654912,0.003642945109868533,0.013180873419763997,0.001694164406237862,0.01250607702799869
23,1.15,416.7186997420212,263.62365269432996,850.5772451396439,257.67346938775506,0.9881446577924372,459.97935475619875,435.87351377377104,435.87351377377104,447.6552344214696,476.17174646875765,40.29823269498661,0.09245396065956504,124.0,124.0,123.968994140625,122.56783629908836,121.35030204980826,112.59045704795028,120.79542087853078,92.0,0.5478260869565217,40217.25148228104,41017.5223370096,40700.5,-483.2485177189592,41187.0,42445.0,1258.0,0.029638355518906822,2,0,1.8275862068965518,0.9125993189557321,11.030735110676051,11.011007788375077,0.5478260869565217,8.0,4.0,8.0,4.0,112.0,92.0,244.0,0.9478260869565217,0,0,26.317104985514582,0.0,147,435.87351377377104,40217.25148228104,0.0,0.0,0.060377848513121175,448.18177346454405,459.9827341081959,0.02746265113734425,7.3466931399535085e-06,22.16075156576201,479.2813927401872,448.876833514258,448.20048917089053,0.6763443433674752,120.00004057746143,120.00004057746143,120.00004057746143,123.6415731962418,119.72477243542389,104.45380806291678,0.5727170854598544,39312.012404775145,42413.0,-3100.987595224855,42906.0,0.0,0.5727170854598544,4.366235580626942,4.366145054988067,4.366235580626942,4.366145054988067,111.23654684529616,87.26163556165164,241.64627047169515,0.9465889080940464,448.87708759593966,479.3577751254786,5.66038429350435e-07,0.0001593431654912,0.003642945109868533,0.013180873419763997,0.001694164406237862,0.01250607702799869
24,1.2,416.7186997420212,263.62365269432996,850.5772451396439,257.67346938775506,0.9880900782059738,459.9793097817421,435.87351377377104,435.87351377377104,447.6531073719959,476.1684009318527,40.29488715808168,0.09244628518308114,124.0,124.0,123.968994140625,122.56797803030884,121.35031853663732,112.59047164635692,120.7954361042644,92.0,0.5478260869565217,40217.25148228104,41025.52524852485,40701.5,-484.2485177189592,41188.0,42452.0,1264.0,0.029774804485065486,2,0,1.8275862068965518,0.9160997732426304,10.918663752561148,10.99710460564035,0.5478260869565217,8.0,4.0,8.0,4.0,112.0,92.0,244.0,0.9478260869565217,0,0,26.320289607398863,0.0,147,435.87351377377104,40217.25148228104,0.0,0.0,0.06038515481135597,448.18177346454405,459.9827341081959,0.02746265113734425,7.444467367889729e-06,22.25469728601253,479.2813927401872,448.87681501453767,448.2004707559124,0.6763442586252495,120.0000600000802,120.0000600000802,120.0000600000802,123.6415731962418,119.7247918134891,104.45380376969796,0.5727170854681318,39312.01714861452,42413.0,-3100.982851385481,42906.0,0.0,0.5727170854681318,4.366235399990288,4.366144874362703,4.366235399990288,4.366144874362703,111.23654225188402,87.26163195681124,241.64626053148945,0.9465889080951444,448.87708759593966,479.3577751254786,6.072517612087935e-07,0.0001593431654912,0.0036433973019515337,0.013180873419763997,0.001694164406237862,0.01250607702799869
25,1.25,416.7186997420212,263.62365269432996,850.5772451396439,257.67346938775506,0.9880900782059738,459.9793097817421,435.87351377377104,435.87351377377104,447.6531073719959,476.1684009318527,40.29488715808168,0.09244628518308114,124.0,124.0,123.968994140625,122.56797803030884,121.35031853663732,112.59047164635692,120.7954361042644,92.0,0.5478260869565217,40217.25148228104,41025.52524852485,40701.5,-484.2485177189592,41188.0,42452.0,1264.0,0.029774804485065486,2,0,1.8275862068965518,0.9160997732426304,10.918663752561148,10.99710460564035,0.5478260869565217,8.0,4.0,8.0,4.0,112.0,92.0,244.0,0.9478260869565217,0,0,26.320289607398863,0.0,147,435.87351377377104,40217.25148228104,0.0,0.0,0.06038515481135597,448.18177346454405,459.9827341081959,0.02746265113734425,7.444467367889729e-06,22.34864300626305,479.2813927401872,448.87679562510755,448.2004514552998,0.6763441698077486,120.00008035679386,120.00008035679386,120.00008035679386,123.6415731962418,119.72481212350648,104.45379927000512,0.5727170854768076,39312.022120599504,42413.0,-3100.977879400496,42906.0,0.0,0.5727170854768076,4.366235210666154,4.366144685050472,4.366235210666154,4.366144685050472,111.23653743756032,87.26162817860268,241.64625011322792,0.9465889080962948,448.87708759593966,479.3577751254786,6.504471717905247e-07,0.0001593431654912,0.0036433973019515337,0.013180873419763997,0.001694164406237862,0.01250607702799869
26,1.3,416.7186997420212,263.62365269432996,850.5772451396439,257.67346938775506,0.9880900782059738,459.9793097817421,435.87351377377104,435.87351377377104,447.6531073719959,476.1684009318527,40.29488715808168,0.09244628518308114,124.0,124.0,123.968994140625,122.56797803030884,121.35031853663732,112.59047164635692,120.7954361042644,92.0,0.5478260869565217,40217.25148228104,41025.52524852485,40701.5,-484.2485177189592,41188.0,42452.0,1264.0,0.029774804485065486,2,0,1.8275862068965518,0.9160997732426304,10.918663752561148,10.99710460564035,0.5478260869565217,8.0,4.0,8.0,4.0,112.0,92.0,244.0,0.9478260869565217,0,0,26.320289607398863,0.0,147,435.87351377377104,40217.25148228104,0.0,0.0,0.06038515481135597,448.18177346454405,459.9827341081959,0.02746265113734425,7.444467367889729e-06,22.44258872651357,479.2815482231007,448.8767753031788,448.2004312264605,0.6763440767182942,120.00010169252552,120.00010169252552,120.00010169252552,123.6410327689483,119.7248334102961,104.45379455390793,0.5727170854859013,39312.02733170216,42410.0,-3097.972668297836,42903.0,0.0,0.5727170854859013,4.366235012236842,4.36614448663363,4.366235012236842,4.36614448663363,111.23653239170076,87.26162421868798,241.6462391939196,0.9465889080974998,448.87708759593966,479.3577751254786,6.957199853996343e-07,0.0001590188087758,0.0036433973019515337,0.013180873419763997,0.001694164406237862,0.01250607702799869
27,1.35,416.7186997420212,263.62365269432996,850.5772451396439,257.67346938775506,0.9880806557994912,459.9792749238228,435.87351377377104,435.87351377377104,447.65310299824176,476.1710576139946,40.29754384022357,0.09245238025896424,124.0,124.0,123.968994140625,122.56808783089224,121.35033130576397,112.59048295272915,120.79544789639098,92.0,0.5478260869565217,40217.25148228104,41025.52948447269,40700.5,-483.2485177189592,41187.0,42452.0,1265.0,0.029798360501272023,2,0,1.8275862068965518,0.9160997732426304,10.918964670551293,10.984933980606986,0.5478260869565217,8.0,4.0,8.0,4.0,112.0,92.0,244.0,0.9478260869565217,0,0,26.31733736015738,0.0,147,435.87351377377104,40217.25148228104,0.0,0.0,0.060378381637147885,448.18177346454405,459.9827341081959,0.02746265113734425,7.520248297643306e-06,22.536534446764097,479.2815482231007,448.87675400390594,448.2004100247535,0.6763439791524206,120.00012405435876,120.00012405435876,120.00012405435876,123.6410327689483,119.72485572083352,104.45378961099874,0.572717085495431,39312.03279342228,42410.0,-3097.9672065777195,42903.0,0.0,0.572717085495431,4.366234804264444,4.366144278674142,4.366234804264444,4.366144278674142,111.23652710316998,87.26162006832936,241.646227749468,0.9465889080987644,448.87708759593966,479.3577751254786,7.431701081195285e-07,0.0001590188087758,0.0036437477781171763,0.013180873419763997,0.001694164406237862,0.01250607702799869
28,1.4,416.7186997420212,263.62365269432996,850.5772451396439,257.67346938775506,0.9880897976490541,459.9792749238228,435.87351377377104,435.87351377377104,447.65310299824176,476.1710576139946,40.29754384022357,0.09245238025896424,124.0,124.0,123.968994140625,122.56808783089224,121.35033130576397,112.59048295272915,120.79544789639098,92.0,0.5478260869565217,40217.25148228104,41025.52948447269,40700.5,-483.2485177189592,41187.0,42451.0,1264.0,0.02977550587736449,2,0,1.8275862068965518,0.9160997732426304,10.918964670551293,10.992594542689822,0.5478260869565217,8.0,4.0,8.0,4.0,112.0,92.0,244.0,0.9478260869565217,0,0,26.31733736015738,0.0,147,435.87351377377104,40217.25148228104,0.0,0.0,0.060378381637147885,448.18177346454405,459.9827341081959,0.02746265113734425,7.520248297643306e-06,22.630480167014618,479.2815482231007,448.8767316802851,448.2003878033911,0.6763438768940091,120.0001474916415,120.0001474916415,120.0001474916415,123.6410327689483,119.72487910435348,104.4537844303702,0.5727170855054199,39312.03851781259,42410.0,-3097.961482187413,42903.0,0.0,0.5727170855054199,4.366234586290062,4.366144060713452,4.366234586290062,4.366144060713452,111.23652156029762,87.26161571836667,241.64621575461737,0.9465889081000888,448.87708759593966,479.3577751254786,7.92902253965444e-07,0.0001590188087758,0.0036437477781171763,0.013180873419763997,0.001694164406237862,0.01250607702799869
29,1.45,416.7186997420212,263.62365269432996,850.5772451396439,257.67346938775506,0.9880897976490541,459.9792749238228,435.87351377377104,435.87351377377104,447.65310299824176,476.1710576139946,40.29754384022357,0.09245238025896424,124.0,124.0,123.968994140625,122.56808783089224,121.35033130576397,112.59048295272915,120.79544789639098,92.0,0.5478260869565217,40217.25148228104,41025.52948447269,40700.5,-483.2485177189592,41187.0,42451.0,1264.0,0.02977550587736449,2,0,1.8275862068965518,0.9160997732426304,10.918964670551293,10.992594542689822,0.5478260869565217,8.0,4.0,8.0,4.0,112.0,92.0,244.0,0.9478260869565217,0,0,26.31733736015738,0.0,147,435.87351377377104,40217.25148228104,0.0,0.0,0.060378381637147885,448.18177346454405,459.9827341081959,0.02746265113734425,7.520248297643306e-06,22.724425887265134,479.2815482231007,448.8767082830529,448.2003645133354,0.676343769717505,120.00017205609493,120.00017205609493,120.00017205609493,123.6410327689483,119.72490361245848,104.45377900058898,0.5727170855158888,39312.044517505514,42410.0,-3097.955482494486,42903.0,0.0,0.5727170855158888,4.366234357832589,4.366143832270382,4.366234357832589,4.366143832270382,111.23651575085152,87.26161115920115,241.64620318289727,0.9465889081014772,448.87708759593966,479.3577751254786,8.450261713699447e-07,0.0001590188087758,0.0036437477781171763,0.013180873419763997,0.001694164406237862,0.01250607702799869
30,1.5,416.7186997420212,263.62365269432996,850.5772451396439,257.67346938775506,0.9880989399293285,459.9792270347185,435.87351377377104,435.87351377377104,447.65417295380064,476.1710576139946,40.29754384022357,0.09245238025896424,124.0,124.0,123.968994140625,122.56823860837747,121.35034883543634,112.59049847407645,120.79546408442877,92.0,0.5478260869565217,40217.25148228104,41017.53786126333,40700.5,-483.2485177189592,41187.0,42450.0,1263.0,0.029752650176678445,2,0,1.8275862068965518,0.9160997732426304,11.014246143003122,10.998840245732891,0.5478260869565217,8.0,4.0,8.0,4.0,112.0,92.0,244.0,0.9478260869565217,0,0,26.31733736015738,0.0,147,435.87351377377104,40217.25148228104,0.0,0.0,0.060378381637147885,448.18177346454405,459.9827341081959,0.02746265113734425,7.624358953850496e-06,22.818371607515655,479.2815482231007,448.8766837605767,448.2003401031901,0.6763436573866102,120.00019780192748,120.00019780192748,120.00019780192748,123.6410327689483,119.72492929923268,104.4537733096732,0.5727170855268617,39312.050805741,42410.0,-3097.949194259003,42903.0,0.0,0.5727170855268617,4.3662341183879505,4.366143592840672,4.3662341183879505,4.366143592840672,111.23650966201156,87.2616063807713,241.64619000656523,0.9465889081029314,448.87708759593966,479.3577751254786,8.996568862107424e-07,0.0001590188087758,0.003644229275291807,0.013180873419763997,0.001694164406237862,0.01250607702799869
31,1.55,416.7186997420212,263.62365269432996,850.5772451396439,257.67346938775506,0.9880989399293285,459.9792270347185,435.87351377377104,435.87351377377104,447.65417295380064,476.1710576139946,40.29754384022357,0.09245238025896424,124.0,124.0,123.968994140625,122.56823860837747,121.35034883543634,112.59049847407645,120.79546408442877,92.0,0.5478260869565217,40217.25148228104,41017.53786126333,40700.5,-483.2485177189592,41187.0,42450.0,1263.0,0.029752650176678445,2,0,1.8275862068965518,0.9160997732426304,11.014246143003122,10.998840245732891,0.5478260869565217,8.0,4.0,8.0,4.0,112.0,92.0,244.0,0.9478260869565217,0,0,26.31733736015738,0.0,147,435.87351377377104,40217.25148228104,0.0,0.0,0.060378381637147885,448.18177346454405,459.9827341081959,0.02746265113734425,7.624358953850496e-06,22.91231732776618,479.2815482231007,448.8766580587411,448.20031451908744,0.6763435396537147,120.00022478595466,120.00022478595466,120.00022478595466,123.6410327689483,119.72495622136115,104.45376734506397,0.572717085538362,39312.0573963957,42410.0,-3097.9426036043005,42903.0,0.0,0.572717085538362,4.366233867427638,4.366143341896077,4.366233867427638,4.366143341896077,111.23650328034084,87.26160137253271,241.64617619654388,0.946588908104457,448.87708759593966,479.3577751254786,9.569149559407464e-07,0.0001590188087758,0.003644229275291807,0.013180873419763997,0.001694164406237862,0.01250607702799869
32,1.6,416.7186997420212,263.62365269432996,850.5772451396439,257.67346938775506,0.9880989399293285,459.9792270347185,435.87351377377104,435.87351377377104,447.65417295380064,476.1710576139946,40.29754384022357,0.09245238025896424,124.0,124.0,123.968994140625,122.56823860837747,121.35034883543634,112.59049847407645,120.79546408442877,92.0,0.5478260869565217,40217.25148228104,41017.53786126333,40700.5,-483.2485177189592,41187.0,42450.0,1263.0,0.029752650176678445,2,0,1.8275862068965518,0.9160997732426304,11.014246143003122,10.998840245732891,0.5478260869565217,8.0,4.0,8.0,4.0,112.0,92.0,244.0,0.9478260869565217,0,0,26.31733736015738,0.0,147,435.87351377377104,40217.25148228104,0.0,0.0,0.060378381637147885,448.18177346454405,459.9827341081959,0.02746265113734425,7.624358953850496e-06,23.006263048016702,479.2815482231007,448.87663112082737,448.2002877045689,0.6763434162584758,120.00025306772422,120.00025306772422,120.00025306772422,123.6410327689483,119.72498443825516,104.4537610935992,0.5727170855504159,39312.064304013526,42410.0,-3097.9356959864745,42903.0,0.0,0.5727170855504159,4.3662336043979195,4.366143078882715,4.3662336043979195,4.366143078882715,111.2364965917566,87.26159612343281,241.64616172235733,0.946588908106055,448.87708759593966,479.3577751254786,1.0169267375959024e-06,0.0001590188087758,0.003644229275291807,0.013180873419763997,0.001694164406237862,0.01250607702799869
33,1.65,416.7186997420212,263.62365269432996,850.5772451396439,257.67346938775506,0.9881083627797409,459.97914074848086,435.87351377377104,435.87351377377104,447.65469518541124,476.17175982742623,40.29824605365519,0.09245399130760434,124.0,124.0,123.968994140625,122.56851007214108,121.35038038227518,112.59052640600864,120.79549321568305,92.0,0.5478260869565217,40217.25148228104,41017.54832887472,40701.5,-484.2485177189592,41188.0,42450.0,1262.0,0.02972909305064782,2,0,1.8275862068965518,0.9160997732426304,11.014990184151934,11.00548341950378,0.5478260869565217,8.0,4.0,8.0,4.0,112.0,92.0,244.0,0.9478260869565217,0,0,26.318314552814815,0.0,147,435.87351377377104,40217.25148228104,0.0,0.0,0.06038062355510471,448.18177346454405,459.9827341081959,0.02746265113734425,7.81194477228464e-06,23.100208768267223,479.2815482231007,448.8766028873898,448.20025960046104,0.676343286928784,120.00028270964768,120.00028270964768,120.00028270964768,123.6410327689483,119.725014012183,104.45375454148302,0.5727170855630488,39312.07154383796,42410.0,-3097.928456162037,42903.0,0.0,0.5727170855630488,4.366233328718344,4.366142803220441,4.366233328718344,4.366142803220441,111.23648958149856,87.2615906218881,241.64614655206435,0.94658890810773,448.87708759593966,479.3577751254786,1.0798246630194797e-06,0.0001590188087758,0.00364509683337767,0.013180873419763997,0.001694164406237862,0.01250607702799869
34,1.7,416.7186997420212,263.62365269432996,850.5772451396439,257.67346938775506,0.9881083627797409,459.97914074848086,435.87351377377104,435.87351377377104,447.65469518541124,476.17175982742623,40.29824605365519,0.09245399130760434,124.0,124.0,123.968994140625,122.56851007214108,121.35038038227518,112.59052640600864,120.79549321568305,92.0,0.5478260869565217,40217.25148228104,41017.54832887472,40701.5,-484.2485177189592,41188.0,42450.0,1262.0,0.02972909305064782,2,0,1.8275862068965518,0.9160997732426304,11.014990184151934,11.00548341950378,0.5478260869565217,8.0,4.0,8.0,4.0,112.0,92.0,244.0,0.9478260869565217,0,0,26.318314552814815,0.0,147,435.87351377377104,40217.25148228104,0.0,0.0,0.06038062355510471,448.18177346454405,459.9827341081959,0.02746265113734425,7.81194477228464e-06,23.194154488517743,479.2815482231007,448.87657329612335,448.2002301447442,0.6763431513791716,120.00031377713805,120.00031377713805,120.00031377713805,123.6410327689483,119.72504500840763,104.45374767425616,0.572717085576289,39312.0791318454,42410.0,-3097.9208681546006,42903.0,0.0,0.572717085576289,4.36623303978039,4.366142514300918,4.36623303978039,4.366142514300918,111.23648223409684,87.26158485575803,241.6461306521872,0.946588908109486,448.87708759593966,479.3577751254786,1.1457475342924184e-06,0.0001590188087758,0.00364509683337767,0.013180873419763997,0.001694164406237862,0.01250607702799869
35,1.75,416.7186997420212,263.62365269432996,850.5772451396439,257.67346938775506,0.9881083627797409,459.97914074848086,435.87351377377104,435.87351377377104,447.65469518541124,476.17175982742623,40.29824605365519,0.09245399130760434,124.0,124.0,123.968994140625,122.56851007214108,121.35038038227518,112.59052640600864,120.79549321568305,92.0,0.5478260869565217,40217.25148228104,41017.54832887472,40701.5,-484.2485177189592,41188.0,42450.0,1262.0,0.02972909305064782,2,0,1.8275862068965518,0.9160997732426304,11.014990184151934,11.00548341950378,0.5478260869565217,8.0,4.0,8.0,4.0,112.0,92.0,244.0,0.9478260869565217,0,0,26.318314552814815,0.0,147,435.87351377377104,40217.25148228104,0.0,0.0,0.06038062355510471,448.18177346454405,459.9827341081959,0.02746265113734425,7.81194477228464e-06,23.288100208768267,479.2815482231007,448.8765422817275,448.2001992724168,0.676343009310699,120.00034633875396,120.00034633875396,120.00034633875396,123.6410327689483,119.72507749533048,104.4537404767643,0.5727170855901664,39312.08708478068,42410.0,-3097.91291521932,42903.0,0.0,0.5727170855901664,4.366232736946763,4.366142211486192,4.366232736946763,4.366142211486192,111.23647453333707,87.26157881231825,241.6461139876392,0.9465889081113265,448.87708759593966,479.3577751254786,1.2148408266021704e-06,0.0001590188087758,0.00364509683337767,0.013180873419763997,0.001694164406237862,0.01250607702799869
36,1.8,416.7186997420212,263.62365269432996,850.5598407775543,257.67346938775506,0.9881075223219544,459.97911083489214,435.8526829427386,435.8526829427386,447.65366566923217,476.17164671183593,40.31896376909731,0.09250594374428647,124.0,124.0,123.968994140625,122.56860412106388,121.35039130749954,112.59053607912493,120.7955033040044,92.0,0.5478260869565217,40217.87631109443,41025.34681437745,40698.5,-480.62368890557264,41185.0,42447.0,1262.0,0.029731194195113907,2,0,1.8275862068965518,0.9125993189557321,10.934770457273745,10.998185023399456,0.5478260869565217,8.0,4.0,8.0,4.0,112.0,92.0,244.0,0.9478260869565217,0,0,26.336549026082498,0.0,147,435.8526829427386,40217.87631109443,0.0,0.01740436208956453,0.06042534566557328,448.18177346454405,459.9827341081959,0.027509129669640142,7.876976753973253e-06,23.38204592901879,479.2815482231007,448.8765097757603,448.2001669153505,0.6763428604098749,120.0003804663513,120.0003804663513,120.0003804663513,123.6410327689483,119.7251115446425,104.45373293312475,0.5727170856047111,39312.095420193815,42410.0,-3097.904579806185,42903.0,0.0,0.5727170856047111,4.366232419548844,4.366141894108182,4.366232419548844,4.366141894108182,111.23646646222588,87.26157247823204,241.64609652164535,0.946588908113255,448.87708759593966,479.3577751254786,1.2872570137600905e-06,0.0001590188087758,0.0036453975971665878,0.01332653411174142,0.001694164406237862,0.012539072684305926
37,1.85,416.7186997420212,263.62365269432996,850.5598407775543,257.67346938775506,0.9881075223219544,459.97911083489214,435.8526829427386,435.8526829427386,447.65366566923217,476.17164671183593,40.31896376909731,0.09250594374428647,124.0,124.0,123.968994140625,122.56860412106388,121.35039130749954,112.59053607912493,120.7955033040044,92.0,0.5478260869565217,40217.87631109443,41025.34681437745,40698.5,-480.62368890557264,41185.0,42447.0,1262.0,0.029731194195113907,2,0,1.8275862068965518,0.9125993189557321,10.934770457273745,10.998185023399456,0.5478260869565217,8.0,4.0,8.0,4.0,112.0,92.0,244.0,0.9478260869565217,0,0,26.336549026082498,0.0,147,435.8526829427386,40217.87631109443,0.0,0.0,0.06042534566557328,448.18177346454405,459.9827341081959,0.027509129669640142,7.876976753973253e-06,23.47599164926931,479.2815482231007,448.87647570648943,448.20013300214134,0.6763427043480874,120.00041623524142,120.00041623524142,120.00041623524142,123.6410327689483,119.72514723148232,104.45372502669034,0.5727170856199556,39312.10415647886,42410.0,-3097.895843521139,42903.0,0.0,0.5727170856199556,4.366232086886484,4.366141561466577,4.366232086886484,4.366141561466577,111.23645800295202,87.2615658395215,241.64607821566284,0.946588908115276,448.87708759593966,479.3577751254786,1.3631558997140305e-06,0.0001590188087758,0.0036453975971665878,0.01332653411174142,0.001694164406237862,0.012539072684305926
38,1.9,416.7186997420212,263.62365269432996,850.5598407775543,257.67346938775506,0.9881078024877497,459.9790205291014,435.8540488306771,435.8540488306771,447.6529152004595,476.171459693043,40.31741086236593,0.09250209094198103,124.0,124.0,123.968994140625,122.56888785184812,121.35042425404129,112.59056524912828,120.79553372567587,92.0,0.5478260869565217,40217.937323585036,41025.35763493593,40699.5,-481.5626764149638,41186.0,42448.0,1262.0,0.029730493780625707,2,0,1.8275862068965518,0.9125993189557321,10.935548201548285,10.994062892361809,0.5478260869565217,8.0,4.0,8.0,4.0,112.0,92.0,244.0,0.9478260869565217,0,0,26.33658215012516,0.0,147,435.8540488306771,40217.937323585036,0.0,0.0,0.0604252323014591,448.18177346454405,459.9827341081959,0.027506082049189473,8.073301059341453e-06,23.569937369519835,479.2815482231007,448.87643999873137,448.2000974579512,0.6763425407801833,120.00045372435744,120.00045372435744,120.00045372435744,123.6410327689483,119.72518463460209,104.4537167400133,0.5727170856359334,39312.1133129143,42410.0,-3097.886687085702,42903.0,0.0,0.5727170856359334,4.36623173822538,4.366141212827358,4.36623173822538,4.366141212827358,111.23644913684804,87.26155888153704,241.64605902929355,0.9465889081173946,448.87708759593966,479.3577751254786,1.4427049769283329e-06,0.0001590188087758,0.003646305569528127,0.01331698306781195,0.001694164406237862,0.012542294602257607
39,1.95,416.7186997420212,263.62365269432996,850.5598407775543,257.67346938775506,0.9881078024877497,459.9790205291014,435.8540488306771,435.8540488306771,447.6529152004595,476.171459693043,40.31741086236593,0.09250209094198103,124.0,124.0,123.968994140625,122.56888785184812,121.35042425404129,112.59056524912828,120.79553372567587,92.0,0.5478260869565217,40217.937323585036,41025.35763493593,40699.5,-481.5626764149638,41186.0,42448.0,1262.0,0.029730493780625707,2,0,1.8275862068965518,0.9125993189557321,10.935548201548285,10.994062892361809,0.5478260869565217,8.0,4.0,8.0,4.0,112.0,92.0,244.0,0.9478260869565217,0,0,26.33658215012516,0.0,147,435.8540488306771,40217.937323585036,0.0,0.0,0.0604252323014591,448.18177346454405,459.9827341081959,0.027506082049189473,8.073301059341453e-06,23.663883089770355,479.281574033069,448.8764025736892,448.2000602043429,0.6763423693463437,120.00049301642848,120.00049301642848,120.00049301642848,123.58826881866187,119.72522383654102,104.45370805480692,0.5727170856526795,39312.12290970593,42410.0,-3097.877090294067,42903.0,0.0,0.5727170856526795,4.366231372796285,4.36614084742115,4.366231372796285,4.36614084742115,111.23643984434852,87.26155158892368,241.6460389201996,0.946588908119615,448.87708759593966,479.3577751254786,1.5260797874283585e-06,0.0001589649659686,0.003646305569528127,0.01331698306781195,0.001694164406237862,0.012542294602257607
40,2.0,416.7186997420212,263.62365269432996,850.5598407775543,257.67346938775506,0.9880986595679522,459.9790205291014,435.8540488306771,435.8540488306771,447.6529152004595,476.171459693043,40.31741086236593,0.09250209094198103,124.0,124.0,123.968994140625,122.56888785184812,121.35042425404129,112.59056524912828,120.79553372567587,92.0,0.5478260869565217,40217.937323585036,41025.35763493593,40699.5,-481.5626764149638,41186.0,42449.0,1263.0,0.029753351080119672,2,0,1.8275862068965518,0.9138321995464853,10.861236230368855,10.994062892361809,0.5478260869565217,8.0,4.0,8.0,4.0,112.0,92.0,244.0,0.9478260869565217,0,0,26.33658215012516,0.0,147,435.8540488306771,40217.937323585036,0.0,0.0,0.0604252323014591,448.18177346454405,459.9827341081959,0.027506082049189473,8.073301059341453e-06,23.757828810020875,479.281574033069,448.8763633487755,448.2000211591072,0.6763421896682758,120.00053419816211,120.00053419816211,120.00053419816211,123.58826881866187,119.72526492380784,104.45369895190564,0.5727170856702304,39312.13296803112,42410.0,-3097.8670319688827,42903.0,0.0,0.5727170856702304,4.366230989792612,4.366140464441514,4.366230989792612,4.366140464441514,111.23643010494771,87.2615439455891,241.64601784400455,0.9465889081219426,448.87708759593966,479.3577751254786,1.613464318372948e-06,0.0001589649659686,0.003646305569528127,0.01331698306781195,0.001694164406237862,0.012542294602257607
41,2.05,416.7186997420212,263.62365269432996,850.5598407775543,257.67346938775506,0.9880986595679522,459.9790205291014,435.8540488306771,435.8540488306771,447.6529152004595,476.171459693043,40.31741086236593,0.09250209094198103,124.0,124.0,123.968994140625,122.56888785184812,121.35042425404129,112.59056524912828,120.79553372567587,92.0,0.5478260869565217,40217.937323585036,41025.35763493593,40699.5,-481.5626764149638,41186.0,42449.0,1263.0,0.029753351080119672,2,0,1.8275862068965518,0.9138321995464853,10.861236230368855,10.994062892361809,0.5478260869565217,8.0,4.0,8.0,4.0,112.0,92.0,244.0,0.9478260869565217,0,0,26.33658215012516,0.0,147,435.8540488306771,40217.937323585036,0.0,0.0,0.0604252323014591,448.18177346454405,459.9827341081959,0.027506082049189473,8.073301059341453e-06,23.8517745302714,479.281574033069,448.8763222374297,448.1999802360815,0.6763420013481891,120.00057736043566,120.00057736043566,120.00057736043566,123.58826881866187,119.72530798707142,104.4536894112212,0.5727170856886259,39312.14351008551,42410.0,-3097.8564899144912,42903.0,0.0,0.5727170856886259,4.366230588369319,4.366140063043417,4.366230588369319,4.366140063043417,111.23641989715284,87.26153593466574,241.64599575419837,0.9465889081243816,448.87708759593966,479.3577751254786,1.7050514073968517e-06,0.0001589649659686,0.003646305569528127,0.01331698306781195,0.001694164406237862,0.012542294602257607
42,2.1,416.7186997420212,263.62365269432996,850.5598407775543,257.67346938775506,0.9880986595679522,459.9790205291014,435.8540488306771,435.8540488306771,447.6529152004595,476.171459693043,40.31741086236593,0.09250209094198103,124.0,124.0,123.968994140625,122.56888785184812,121.35042425404129,112.59056524912828,120.79553372567587,92.0,0.5478260869565217,40217.937323585036,41025.35763493593,40699.5,-481.5626764149638,41186.0,42449.0,1263.0,0.029753351080119672,2,0,1.8275862068965518,0.9138321995464853,10.861236230368855,10.994062892361809,0.5478260869565217,8.0,4.0,8.0,4.0,112.0,92.0,244.0,0.9478260869565217,0,0,26.33658215012516,0.0,147,435.8540488306771,40217.937323585036,0.0,0.0,0.0604252323014591,448.18177346454405,459.9827341081959,0.027506082049189473,8.073301059341453e-06,23.94572025052192,479.281574033069,448.8762791489311,448.1999373449595,0.6763418039715816,120.00062259849676,120.00062259849676,120.00062259849676,123.58826881866187,119.72535312136093,104.45367941169984,0.5727170857079061,39312.15455913233,42410.0,-3097.84544086767,42903.0,0.0,0.5727170857079061,4.3662301676405235,4.366139642340954,4.3662301676405235,4.366139642340954,111.23640919843818,87.26152753847623,241.6459726020352,0.9465889081269386,448.87708759593966,479.3577751254786,1.8010431606096944e-06,0.0001589649659686,0.003646305569528127,0.01331698306781195,0.001694164406237862,0.012542294602257607
43,2.15,416.7186997420212,263.62365269432996,850.5598407775543,257.67346938775506,0.9881078024877497,459.9790205291014,435.8540488306771,435.8540488306771,447.6529152004595,476.171459693043,40.31741086236593,0.09250209094198103,124.0,124.0,123.968994140625,122.56888785184812,121.35042425404129,112.59056524912828,120.79553372567587,92.0,0.5478260869565217,40217.937323585036,41025.35763493593,40699.5,-481.5626764149638,41186.0,42448.0,1262.0,0.029730493780625707,2,0,1.8275862068965518,0.9138321995464853,10.861236230368855,10.991213457551979,0.5478260869565217,8.0,4.0,8.0,4.0,112.0,92.0,244.0,0.9478260869565217,0,0,26.33658215012516,0.0,147,435.8540488306771,40217.937323585036,0.0,0.0,0.0604252323014591,448.18177346454405,459.9827341081959,0.027506082049189473,8.073301059341453e-06,24.039665970772443,479.281574033069,448.87623398819534,448.1998923910923,0.6763415971029758,120.00067001217349,120.00067001217349,120.00067001217349,123.58826881866187,119.7254004262754,104.45366893127613,0.5727170857281133,39312.16613955344,42410.0,-3097.8338604465607,42903.0,0.0,0.5727170857281133,4.36622972667783,4.366139201405872,4.36622972667783,4.366139201405872,111.2363979851948,87.26151873849204,241.6459483364248,0.9465889081296176,448.87708759593966,479.3577751254786,1.9016514050118616e-06,0.0001589649659686,0.003646305569528127,0.01331698306781195,0.001694164406237862,0.012542294602257607
44,2.2,416.7186997420212,263.62365269432996,850.5598407775543,257.67346938775506,0.9881078024877497,459.9790205291014,435.8540488306771,435.8540488306771,447.6529152004595,476.171459693043,40.31741086236593,0.09250209094198103,124.0,124.0,123.968994140625,122.56888785184812,121.35042425404129,112.59056524912828,120.79553372567587,92.0,0.5478260869565217,40217.937323585036,41025.35763493593,40699.5,-481.5626764149638,41186.0,42448.0,1262.0,0.029730493780625707,2,0,1.8275862068965518,0.9138321995464853,10.861236230368855,10.991213457551979,0.5478260869565217,8.0,4.0,8.0,4.0,112.0,92.0,244.0,0.9478260869565217,0,0,26.33658215012516,0.0,147,435.8540488306771,40217.937323585036,0.0,0.0,0.0604252323014591,448.18177346454405,459.9827341081959,0.027506082049189473,8.073301059341453e-06,24.133611691022963,479.281574033069,448.8761866555644,448.1998452752793,0.6763413802851233,120.00071970609464,120.00071970609464,120.00071970609464,123.58826881866187,119.72545000620364,104.45365794682178,0.5727170857492923,39312.17827690311,42410.0,-3097.8217230968876,42903.0,0.0,0.5727170857492923,4.3662292645081,4.366138739265182,4.3662292645081,4.366138739265182,111.23638623267772,87.26150951529411,241.64592290381933,0.9465889081324262,448.87708759593966,479.3577751254786,2.0070981570086133e-06,0.0001589649659686,0.003646305569528127,0.01331698306781195,0.001694164406237862,0.012542294602257607
45,2.25,416.7186997420212,263.62365269432996,850.5598407775543,257.67346938775506,0.9881078024877497,459.9790205291014,435.8540488306771,435.8540488306771,447.6529152004595,476.171459693043,40.31741086236593,0.09250209094198103,124.0,124.0,123.968994140625,122.56888785184812,121.35042425404129,112.59056524912828,120.79553372567587,92.0,0.5478260869565217,40217.937323585036,41025.35763493593,40699.5,-481.5626764149638,41186.0,42448.0,1262.0,0.029730493780625707,2,0,1.8275862068965518,0.9138321995464853,10.861236230368855,10.991213457551979,0.5478260869565217,8.0,4.0,8.0,4.0,112.0,92.0,244.0,0.9478260869565217,0,0,26.33658215012516,0.0,147,435.8540488306771,40217.937323585036,0.0,0.0,0.0604252323014591,448.18177346454405,459.9827341081959,0.027506082049189473,8.073301059341453e-06,24.227557411273487,479.281574033069,448.8761370465893,448.1997958935492,0.6763411530400276,120.00077178992052,120.00077178992052,120.00077178992052,123.58826881866187,119.72550197055442,104.45364643409783,0.57271708577149,39312.19099796456,42410.0,-3097.8090020354357,42903.0,0.0,0.57271708577149,4.366228780111399,4.366138254898885,4.366228780111399,4.366138254898885,111.23637391495303,87.26149984852964,241.64589624809628,0.9465889081353692,448.87708759593966,479.3577751254786,2.117616106245279e-06,0.0001589649659686,0.003646305569528127,0.01331698306781195,0.001694164406237862,0.012542294602257607
46,2.3,416.7186997420212,263.62365269432996,850.5685429585991,257.67346938775506,0.9880989399293285,459.97910597015573,435.86338834100474,435.86338834100474,447.6536206460721,476.1716423233729,40.30825398236817,0.0924791002423731,124.0,124.0,123.968994140625,122.56861941289102,121.35039308367476,112.59053765172806,120.79550494410287,92.0,0.5478260869565217,40219.831433200496,41025.44868785343,40700.5,-480.66856679950433,41187.0,42450.0,1263.0,0.029752650176678445,2,0,1.8275862068965518,0.9150622876557192,10.998710652887505,10.993321940711537,0.5478260869565217,8.0,4.0,8.0,4.0,112.0,92.0,244.0,0.9478260869565217,0,0,26.32787298106613,0.0,147,435.86338834100474,40219.831433200496,0.0,0.008702181044782265,0.060403956114038405,448.18177346454405,459.9827341081959,0.027485243383093105,7.887552664898045e-06,24.321503131524008,479.281574033069,448.8760850517971,448.19974413693075,0.67634091486633,120.00082637858496,120.00082637858496,120.00082637858496,123.58826881866187,119.72555643399792,104.45363436769853,0.5727170857947552,39312.204330808905,42410.0,-3097.795669191095,42903.0,0.0,0.5727170857947552,4.366228272418944,4.366137747238213,4.366228272418944,4.366137747238213,111.23636100483856,87.261489716867,241.64586831043437,0.9465889081384548,448.87708759593966,479.3577751254786,2.233449134081411e-06,0.0001589649659686,0.0036454465092703413,0.013251676045977778,0.001694164406237862,0.012642317822283578
47,2.35,416.7186997420212,263.62365269432996,850.5772451396439,257.67346938775506,0.9880992202774964,459.9791918489243,435.8735613164255,435.8735613164255,447.65426536974934,476.17219546789056,40.29863415146508,0.09245487161404131,124.0,124.0,123.968994140625,122.56834933781191,121.35036170549927,112.59050986948226,120.79547596919132,92.0,0.5478260869565217,40220.258672161945,41025.53956899956,40701.5,-481.24132783805544,41188.0,42451.0,1263.0,0.02975194930625898,2,0,1.8275862068965518,0.9150622876557192,10.997970395066245,10.995548345636408,0.5478260869565217,8.0,4.0,8.0,4.0,112.0,92.0,244.0,0.9478260869565217,0,0,26.318755948202043,0.0,147,435.8735613164255,40220.258672161945,0.0,0.008702181044782265,0.060381629637535544,448.18177346454405,459.9827341081959,0.027462545058388632,7.700852681979953e-06,24.41544885177453,479.281574033069,448.87603055645127,448.19968989121304,0.6763406652382287,120.00088359254887,120.00088359254887,120.00088359254887,123.58826881866187,119.72561351671868,104.45362172099756,0.5727170858191389,39312.2183048572,42410.0,-3097.781695142796,42903.0,0.0,0.5727170858191389,4.3662277403103005,4.366137215162894,4.3662277403103005,4.366137215162894,111.236347473846,87.26147909794867,241.6458390291834,0.9465889081416888,448.87708759593966,479.3577751254786,2.3548528486072584e-06,0.0001589649659686,0.003644583048049882,0.013180540975228599,0.001694164406237862,0.012664879249719393
48,2.4,416.7186997420212,263.62365269432996,850.5772451396439,257.67346938775506,0.9880897976490541,459.9789614830365,435.8735613164255,435.8735613164255,447.6531136482646,476.1683178752852,40.29475655885972,0.09244597547316584,124.0,124.0,123.968994140625,122.5690732120177,121.3504457672232,112.59058429582235,120.79555358931691,92.0,0.5478260869565217,40217.25871427758,41025.36470034529,40700.5,-483.241285722419,41187.0,42451.0,1264.0,0.02977550587736449,2,0,1.8275862068965518,0.9107344632768362,11.291950468694315,10.974346621764365,0.5478260869565217,8.0,4.0,8.0,4.0,112.0,92.0,244.0,0.9478260869565217,0,0,26.322482280236304,0.0,147,435.8735613164255,40217.25871427758,0.0,0.0,0.06039017874985841,448.18177346454405,459.9827341081959,0.027462545058388632,8.201666887974746e-06,24.50939457202505,479.281574033069,448.8759734402964,448.1996330366917,0.6763404036047405,120.0009435580659,120.0009435580659,120.0009435580659,123.58826881866187,119.7256733446808,104.45360846608688,0.5727170858446963,39312.2329509452,42410.0,-3097.767049054797,42903.0,0.0,0.5727170858446963,4.366227182611347,4.3661366574989415,4.366227182611347,4.3661366574989415,111.23633329211648,87.2614679683411,241.64580833972855,0.9465889081450768,448.87708759593966,479.3577751254786,2.482095152522845e-06,0.0001589649659686,0.003646899243471808,0.013180540975228599,0.001694164406237862,0.012506458931757197
49,2.45,416.7186997420212,263.62365269432996,850.5772451396439,257.67346938775506,0.9880900782059738,459.97899647822493,435.8735613164255,435.8735613164255,447.65310538953173,476.1661490181162,40.29258770169071,0.09244099958712572,124.0,124.0,123.968994140625,122.56896336835788,121.3504330196188,112.59057300978063,120.79554181922859,92.0,0.5478260869565217,40217.25871427758,41025.36051375845,40701.5,-484.241285722419,41188.0,42452.0,1264.0,0.029774804485065486,2,0,1.8275862068965518,0.9107344632768362,11.29164934943205,10.975833465571876,0.5478260869565217,8.0,4.0,8.0,4.0,112.0,92.0,244.0,0.9478260869565217,0,0,26.324983483045077,0.0,147,435.8735613164255,40217.25871427758,0.0,0.0,0.06039591711765759,448.18177346454405,459.9827341081959,0.027462545058388632,8.125587535934287e-06,24.603340292275576,479.281574033069,448.87591357729656,448.1995734479072,0.6763401293893594,120.00100640746116,120.00100640746116,120.00100640746116,123.58826881866187,119.72573604990576,104.45359457371788,0.5727170858714821,39312.248301391606,42410.0,-3097.751698608394,42903.0,0.0,0.5727170858714821,4.366226598091352,4.366136073015468,4.366226598091352,4.366136073015468,111.23631842835525,87.26145630348594,241.64577617434855,0.9465889081486288,448.87708759593966,479.3577751254786,2.615456826671192e-06,0.0001589649659686,0.003646547387144702,0.013180540975228599,0.001694164406237862,0.012506458931757197
50,2.5,416.7186997420212,263.62365269432996,850.5772451396439,257.67346938775506,0.9880897976490541,459.9790154930786,435.8735613164255,435.8735613164255,447.6530877337727,476.1656882329115,40.29212691648604,0.09243994243375475,124.0,124.0,123.968994140625,122.5689036659739,121.35042608978142,112.59056687441648,120.79553542068597,92.0,0.5478260869565217,40217.25871427758,41021.35952188227,40700.5,-483.241285722419,41187.0,42451.0,1264.0,0.02977550587736449,2,0,1.8275862068965518,0.9107344632768362,11.29148568855031,10.975097038178744,0.5478260869565217,8.0,4.0,8.0,4.0,112.0,92.0,244.0,0.9478260869565217,0,0,26.324551602341664,0.0,147,435.8735613164255,40217.25871427758,0.0,0.0,0.0603949262782451,448.18177346454405,459.9827341081959,0.027462545058388632,8.084249345952088e-06,24.697286012526096,479.281574033069,448.8758508353524,448.19951099336623,0.6763398419861346,120.00107227942298,120.00107227942298,120.00107227942298,123.58826881866187,119.72580177076388,104.45358001323362,0.5727170858995556,39312.26439006909,42410.0,-3097.735609930911,42903.0,0.0,0.5727170858995556,4.366225985460503,4.366135460423209,4.366225985460503,4.366135460423209,111.23630284976288,87.26144407764178,241.645742462064,0.9465889081523514,448.87708759593966,479.3577751254786,2.7552321592017037e-06,0.0001589649659686,0.003646356203817188,0.013180540975228599,0.001694164406237862,0.012506458931757197
51,2.55,416.7186997420212,263.62365269432996,850.5772451396439,257.67346938775506,0.9880897976490541,459.9790154930786,435.8735613164255,435.8735613164255,447.6530877337727,476.1656882329115,40.29212691648604,0.09243994243375475,124.0,124.0,123.968994140625,122.5689036659739,121.35042608978142,112.59056687441648,120.79553542068597,92.0,0.5478260869565217,40217.25871427758,41021.35952188227,40700.5,-483.241285722419,41187.0,42451.0,1264.0,0.02977550587736449,2,0,1.8275862068965518,0.9107344632768362,11.29148568855031,10.975097038178744,0.5478260869565217,8.0,4.0,8.0,4.0,112.0,92.0,244.0,0.9478260869565217,0,0,26.324551602341664,0.0,147,435.8735613164255,40217.25871427758,0.0,0.0,0.0603949262782451,448.18177346454405,459.9827341081959,0.027462545058388632,8.084249345952088e-06,24.791231732776616,479.281574033069,448.8757850760126,448.199445535252,0.6763395407605799,120.00114131930908,120.00114131930908,120.00114131930908,123.58826881866187,119.72587065227934,104.45356475250443,0.5727170859289802,39312.28125247912,42410.0,-3097.7187475208775,42903.0,0.0,0.5727170859289802,4.366225343366928,4.366134818369858,4.366225343366928,4.366134818369858,111.23628652196234,87.26143126383062,241.64570712848288,0.9465889081562534,448.87708759593966,479.3577751254786,2.9017295892774797e-06,0.0001589649659686,0.003646356203817188,0.013180540975228599,0.001694164406237862,0.012506458931757197
52,2.6,416.7186997420212,263.62365269432996,850.5772451396439,257.67346938775506,0.9880806557994912,459.9790154930786,435.8735613164255,435.8735613164255,447.6530877337727,476.1656882329115,40.29212691648604,0.09243994243375475,124.0,124.0,123.968994140625,122.5689036659739,121.35042608978142,112.59056687441648,120.79553542068597,92.0,0.5478260869565217,40217.25871427758,41021.35952188227,40700.5,-483.241285722419,41187.0,42452.0,1265.0,0.029798360501272023,2,0,1.8275862068965518,0.9107344632768362,11.29148568855031,10.969959885641346,0.5478260869565217,8.0,4.0,8.0,4.0,112.0,92.0,244.0,0.9478260869565217,0,0,26.324551602341664,0.0,147,435.8735613164255,40217.25871427758,0.0,0.0,0.0603949262782451,448.18177346454405,459.9827341081959,0.027462545058388632,8.084249345952088e-06,24.88517745302714,479.281574033069,448.8757161541697,448.1993769291207,0.6763392250489915,120.00121367946696,120.00121367946696,120.00121367946696,123.58826881866187,119.72594284645024,104.45354875785527,0.5727170859598193,39312.29892583049,42410.0,-3097.701074169512,42903.0,0.0,0.5727170859598193,4.366224670393734,4.366134145438878,4.366224670393734,4.366134145438878,111.23626940892396,87.26141783377648,241.64567009563663,0.9465889081603426,448.87708759593966,479.3577751254786,3.05527238486647e-06,0.0001589649659686,0.003646356203817188,0.013180540975228599,0.001694164406237862,0.012506458931757197
53,2.65,416.7186997420212,263.62365269432996,850.5772451396439,257.67346938775506,0.9880809365651426,459.9790354430892,435.8735613164255,435.8735613164255,447.6530169842072,476.16588612410857,40.29232480768309,0.09244039644430875,124.0,124.0,123.968994140625,122.56884101365961,121.35041881659677,112.59056043502301,120.79552870504294,92.0,0.5478260869565217,40220.258672161945,41013.46103288447,40701.5,-481.24132783805544,41188.0,42453.0,1265.0,0.02979765858714343,2,0,1.8275862068965518,0.9119638826185101,11.307083516538906,10.977435119780637,0.5478260869565217,8.0,4.0,8.0,4.0,112.0,92.0,244.0,0.9478260869565217,0,0,26.325487804536895,0.0,147,435.8735613164255,40220.258672161945,0.0,0.0,0.0603970741538639,448.18177346454405,459.9827341081959,0.027462545058388632,8.04087812977805e-06,24.979123173277664,479.281574033069,448.87564391773674,448.1993050235827,0.6763388941540143,120.00128951957034,120.00128951957034,120.00128951957034,123.58826881866187,119.72601851258398,104.45353199399108,0.5727170859921419,39312.317449121016,42410.0,-3097.6825508789843,42903.0,0.0,0.5727170859921419,4.366223965055944,4.3661334401452905,4.366223965055944,4.3661334401452905,111.23625147288516,87.2614037578441,241.64563128180623,0.9465889081646286,448.87708759593966,479.3577751254786,3.216199362388039e-06,0.0001589649659686,0.003646155618028826,0.013180540975228599,0.001694164406237862,0.012664879249719393
54,2.7,416.7186997420212,263.62365269432996,850.5772451396439,257.67346938775506,0.9880900782059738,459.9790354430892,435.8735613164255,435.8735613164255,447.6530169842072,476.16588612410857,40.29232480768309,0.09244039644430875,124.0,124.0,123.968994140625,122.56884101365961,121.35041881659677,112.59056043502301,120.79552870504294,92.0,0.5478260869565217,40220.258672161945,41013.46103288447,40701.5,-481.24132783805544,41188.0,42452.0,1264.0,0.029774804485065486,2,0,1.8275862068965518,0.9119638826185101,11.307083516538906,10.982588064342375,0.5478260869565217,8.0,4.0,8.0,4.0,112.0,92.0,244.0,0.9478260869565217,0,0,26.325487804536895,0.0,147,435.8735613164255,40220.258672161945,0.0,0.0,0.0603970741538639,448.18177346454405,459.9827341081959,0.027462545058388632,8.04087812977805e-06,25.073068893528184,479.281574033069,448.87556820731425,448.1992296599684,0.6763385473458357,120.00136900697107,120.00136900697107,120.00136900697107,123.58826881866187,119.72609781764854,104.45351442392018,0.5727170860260188,39312.3368632239,42410.0,-3097.6631367761,42903.0,0.0,0.5727170860260188,4.3662232257970714,4.3661327009328375,4.3662232257970714,4.3661327009328375,111.23623267426775,87.26138900497301,241.64559060134357,0.9465889081691208,448.87708759593966,479.3577751254786,3.38486562889706e-06,0.0001589649659686,0.003646155618028826,0.013180540975228599,0.001694164406237862,0.012664879249719393
55,2.75,416.7186997420212,263.62365269432996,850.5772451396439,257.67346938775506,0.9880900782059738,459.9790354430892,435.8735613164255,435.8735613164255,447.6530169842072,476.16588612410857,40.29232480768309,0.09244039644430875,124.0,124.0,123.968994140625,122.56884101365961,121.35041881659677,112.59056043502301,120.79552870504294,92.0,0.5478260869565217,40220.258672161945,41013.46103288447,40701.5,-481.24132783805544,41188.0,42452.0,1264.0,0.029774804485065486,2,0,1.8275862068965518,0.9119638826185101,11.307083516538906,10.982588064342375,0.5478260869565217,8.0,4.0,8.0,4.0,112.0,92.0,244.0,0.9478260869565217,0,0,26.325487804536895,0.0,147,435.8735613164255,40220.258672161945,0.0,0.0,0.0603970741538639,448.18177346454405,459.9827341081959,0.027462545058388632,8.04087812977805e-06,25.167014613778704,479.281574033069,448.8754888558365,448.1991506719776,0.6763381838588884,120.00145231706854,120.00145231706854,120.00145231706854,123.58826881866187,119.72618093664092,104.45349600887184,0.5727170860615246,39312.357210977585,42410.0,-3097.642789022415,42903.0,0.0,0.5727170860615246,4.3662224509858305,4.366131926170112,4.3662224509858305,4.366131926170112,111.23621297158978,87.26137354260891,241.6455479644819,0.9465889081738288,448.87708759593966,479.3577751254786,3.56164337034226e-06,0.0001589649659686,0.003646155618028826,0.013180540975228599,0.001694164406237862,0.012664879249719393
56,2.8,416.7186997420212,263.62365269432996,850.5772451396439,257.67346938775506,0.9880903587496761,459.97901642458635,435.8735613164255,435.8735613164255,447.65304878866846,476.1666227445304,40.29306142810492,0.09244208643078007,124.0,124.0,123.968994140625,122.56890074091949,121.350425750239,112.59056657379992,120.79553510717363,92.0,0.5478260869565217,40220.258672161945,41017.462038329795,40702.5,-482.24132783805544,41189.0,42453.0,1264.0,0.02977410312580972,2,0,1.8275862068965518,0.9119638826185101,11.307247242734912,10.983324082490334,0.5478260869565217,8.0,4.0,8.0,4.0,112.0,92.0,244.0,0.9478260869565217,0,0,26.32592959945149,0.0,147,435.8735613164255,40220.258672161945,0.0,0.0,0.06039808773888902,448.18177346454405,459.9827341081959,0.027462545058388632,8.082224252969894e-06,25.260960334029228,479.281574033069,448.87540568820623,448.1990678853144,0.6763378028917941,120.00153963369648,120.00153963369648,120.00153963369648,123.58826881866187,119.7262680529732,104.45347670821155,0.5727170860987384,39312.378537280616,42410.0,-3097.621462719384,42903.0,0.0,0.5727170860987384,4.366221638912634,4.366131114147834,4.366221638912634,4.366131114147834,111.2361923213752,87.26135733663222,241.64550327713837,0.9465889081787632,448.87708759593966,479.3577751254786,3.7469226652486753e-06,0.0001589649659686,0.0036463468380466984,0.013180540975228599,0.001694164406237862,0.012664879249719393
57,2.85,416.7186997420212,263.62365269432996,850.5772451396439,257.67346938775506,0.9880900782059738,459.979096899354,435.8752365605907,435.8752365605907,447.6537879531693,476.16668009274446,40.29144353215378,0.09243801930590498,124.0,124.0,123.968994140625,122.56864792383548,121.35039639512293,112.59054058363509,120.79550800184109,92.0,0.5565217391304348,40223.307689661175,41017.4523464976,40701.5,-478.19231033882534,41188.0,42452.0,1264.0,0.029774804485065486,2,0,1.8275862068965518,0.9119638826185101,11.306554231563375,10.98728255443218,0.5565217391304348,8.0,4.0,8.0,4.0,112.0,92.0,244.0,0.9478260869565217,0,0,26.325006407430013,0.008695652173913104,147,435.8752365605907,40223.307689661175,0.0,0.0,0.06039573758572677,448.18177346454405,459.9827341081959,0.027458807190709922,7.907272539298127e-06,25.35490605427975,479.281574033069,448.87531852090336,448.1989811173005,0.6763374036028722,120.00163114952856,120.00163114952856,120.00163114952856,123.58826881866187,119.72635935887708,104.45345647934964,0.5727170861377413,39312.40088919013,42410.0,-3097.599110809868,42903.0,0.0,0.5727170861377413,4.366220787785366,4.366130263073956,4.366220787785366,4.366130263073956,111.23617067805674,87.26134035128302,241.6454564407043,0.9465889081839356,448.87708759593966,479.3577751254786,3.941112356131704e-06,0.0001589649659686,0.0036455377109221795,0.013168826741458745,0.001694164406237862,0.012825890283980233
58,2.9,416.7186997420212,263.62365269432996,850.5772451396439,257.67346938775506,0.9880900782059738,459.979096899354,435.8752365605907,435.8752365605907,447.6537879531693,476.16668009274446,40.29144353215378,0.09243801930590498,124.0,124.0,123.968994140625,122.56864792383548,121.35039639512293,112.59054058363509,120.79550800184109,92.0,0.5565217391304348,40223.307689661175,41017.4523464976,40701.5,-478.19231033882534,41188.0,42452.0,1264.0,0.029774804485065486,2,0,1.8275862068965518,0.9119638826185101,11.306554231563375,10.98728255443218,0.5565217391304348,8.0,4.0,8.0,4.0,112.0,92.0,244.0,0.9478260869565217,0,0,26.325006407430013,0.0,147,435.8752365605907,40223.307689661175,0.0,0.0,0.06039573758572677,448.18177346454405,459.9827341081959,0.027458807190709922,7.907272539298127e-06,25.448851774530272,479.281574033069,448.8752271615857,448.19889017647426,0.6763369851114476,120.00172706650332,120.00172706650332,120.00172706650332,123.58826881866187,119.72645505582788,104.45343527764948,0.5727170861786205,39312.42431602624,42410.0,-3097.5756839737587,42903.0,0.0,0.5727170861786205,4.3662198957261396,4.366129371070542,4.3662198957261396,4.366129371070542,111.2361479938766,87.261322549081,241.64540735183144,0.946588908189356,448.87708759593966,479.3577751254786,4.144640939229838e-06,0.0001589649659686,0.0036455377109221795,0.013168826741458745,0.001694164406237862,0.012825890283980233
59,2.95,416.7186997420212,263.62365269432996,850.5772451396439,257.67346938775506,0.9880900782059738,459.979096899354,435.8752365605907,435.8752365605907,447.6537879531693,476.16668009274446,40.29144353215378,0.09243801930590498,124.0,124.0,123.968994140625,122.56864792383548,121.35039639512293,112.59054058363509,120.79550800184109,92.0,0.5565217391304348,40223.307689661175,41017.4523464976,40701.5,-478.19231033882534,41188.0,42452.0,1264.0,0.029774804485065486,2,0,1.8275862068965518,0.9119638826185101,11.306554231563375,10.98728255443218,0.5565217391304348,8.0,4.0,8.0,4.0,112.0,92.0,244.0,0.9478260869565217,0,0,26.325006407430013,0.0,147,435.8752365605907,40223.307689661175,0.0,0.0,0.06039573758572677,448.18177346454405,459.9827341081959,0.027458807190709922,7.907272539298127e-06,25.542797494780793,479.281574033069,448.8751314086612,448.1987948621666,0.6763365464946105,120.00182759626972,120.00182759626972,120.00182759626972,123.58826881866187,119.726555354989,104.45341305632746,0.5727170862214652,39312.448869480446,42410.0,-3097.551130519554,42903.0,0.0,0.5727170862214652,4.366218960766361,4.36612843616939,4.366218960766361,4.36612843616939,111.23612421878012,87.2613038907445,241.64535590220083,0.9465889081950376,448.87708759593966,479.3577751254786,4.35795751774215e-06,0.0001589649659686,0.0036455377109221795,0.013168826741458745,0.001694164406237862,0.012825890283980233
60,3.0,416.7186997420212,263.62365269432996,850.5772451396439,257.67346938775506,0.9881263693547246,459.9792763200095,435.8722087092289,435.8722087092289,447.65308288317107,476.1687360947999,40.29652738557098,0.09245032507326675,124.0,124.0,123.968994140625,122.56808343381219,121.35033079446764,112.59048250000656,120.79544742421992,92.0,0.5652173913043478,40217.198401380825,41021.83415773181,40700.5,-483.3015986191749,41187.0,42447.0,1260.0,0.029684076613188212,2,0,1.8275862068965518,0.9138321995464853,10.859031373261567,11.006569533119924,0.5652173913043478,8.0,4.0,8.0,4.0,112.0,92.0,244.0,0.9478260869565217,0,0,26.320412359117157,0.008695652173912993,147,435.8722087092289,40217.198401380825,0.0,0.0,0.06038561723643993,448.18177346454405,459.9827341081959,0.027465563046349395,7.517212995300504e-06,25.636743215031316,479.281574033069,448.875031050844,448.1986949640601,0.6763360867839197,120.0019329606539,120.0019329606539,120.0019329606539,123.58826881866187,119.72666047767775,104.45338976635094,0.572717086266371,39312.474603729715,42410.0,-3097.5253962702845,42903.0,0.0,0.572717086266371,4.366217980842997,4.366127456307652,4.366217980842997,4.366127456307652,111.23609930030594,87.26128433510189,241.64530197828552,0.9465889082009916,448.87708759593966,479.3577751254786,4.581532790259857e-06,0.0001589649659686,0.003643733740269601,0.013189999152865334,0.001694164406237862,0.012503273957617694
61,3.05,416.7186997420212,263.62365269432996,850.5772451396439,257.67346938775506,0.9881175057127376,459.9792019824443,435.8722087092289,435.8722087092289,447.6543097408313,476.1694883034914,40.29727959426248,0.09245205082837676,124.0,124.0,123.968994140625,122.56831745221564,121.35035799975002,112.59050658835409,120.79547254717025,92.0,0.5478260869565217,40217.198401380825,41021.84331798772,40701.5,-484.3015986191749,41188.0,42449.0,1261.0,0.029706235718155904,2,0,1.8275862068965518,0.9138321995464853,10.859672751054859,10.992683791179745,0.5478260869565217,8.0,4.0,8.0,4.0,112.0,92.0,244.0,0.9478260869565217,0,0,26.32128287116632,0.017391304347826098,147,435.8722087092289,40217.198401380825,0.0,0.0,0.06038761440907854,448.18177346454405,459.9827341081959,0.027465563046349395,7.678822463774715e-06,25.730688935281837,479.281574033069,448.8749258666887,448.19859026172367,0.6763356049650611,120.00204339214848,120.00204339214848,120.00204339214848,123.58826881866187,119.72677065585349,104.45336535632909,0.572717086313436,39312.50157555595,42410.0,-3097.4984244440493,42903.0,0.0,0.572717086313436,4.366216953793902,4.36612642932289,4.366216953793902,4.36612642932289,111.23607318346998,87.26126383900368,241.64524546109828,0.9465889082072328,448.87708759593966,479.3577751254786,4.8158600888248415e-06,0.0001589649659686,0.0036444811613823617,0.013189999152865334,0.001694164406237862,0.012503273957617694
62,3.1,416.7186997420212,263.62365269432996,850.5772451396439,257.67346938775506,0.9881175057127376,459.9792019824443,435.8722087092289,435.8722087092289,447.6543097408313,476.1694883034914,40.29727959426248,0.09245205082837676,124.0,124.0,123.968994140625,122.56831745221564,121.35035799975002,112.59050658835409,120.79547254717025,92.0,0.5478260869565217,40217.198401380825,41021.84331798772,40701.5,-484.3015986191749,41188.0,42449.0,1261.0,0.029706235718155904,2,0,1.8275862068965518,0.9138321995464853,10.859672751054859,10.992683791179745,0.5478260869565217,8.0,4.0,8.0,4.0,112.0,92.0,244.0,0.9478260869565217,0,0,26.32128287116632,0.0,147,435.8722087092289,40217.198401380825,0.0,0.0,0.06038761440907854,448.18177346454405,459.9827341081959,0.027465563046349395,7.678822463774715e-06,25.824634655532357,479.281574033069,448.8748156241018,448.1984805241268,0.676335099975006,120.00215913442534,120.00215913442534,120.00215913442534,123.58826881866187,119.7268861326291,104.45333977240034,0.5727170863627646,39312.52984447131,42410.0,-3097.4701555286883,42903.0,0.0,0.5727170863627646,4.366215877352822,4.366125352949382,4.366215877352822,4.366125352949382,111.23604581064396,87.26124235722307,241.64518622593255,0.9465889082137736,448.87708759593966,479.3577751254786,5.0614564668372e-06,0.0001589649659686,0.0036444811613823617,0.013189999152865334,0.001694164406237862,0.012503273957617694
63,3.15,416.7186997420212,263.62365269432996,850.5772451396439,257.67346938775506,0.9881172257821333,459.9792763200095,435.8722087092289,435.8722087092289,447.65308288317107,476.1687360947999,40.29652738557098,0.09245032507326675,124.0,124.0,123.968994140625,122.56808343381219,121.35033079446764,112.59048250000656,120.79544742421992,92.0,0.5652173913043478,40217.198401380825,41021.83415773181,40700.5,-483.3015986191749,41187.0,42448.0,1261.0,0.029706935544666416,2,0,1.8275862068965518,0.9138321995464853,10.859031373261567,10.995833606417664,0.5652173913043478,8.0,4.0,8.0,4.0,112.0,92.0,244.0,0.9478260869565217,0,0,26.320412359117157,0.017391304347826098,147,435.8722087092289,40217.198401380825,0.0,0.0,0.06038561723643993,448.18177346454405,459.9827341081959,0.027465563046349395,7.517212995300504e-06,25.91858037578288,479.281574033069,448.87470007983075,448.19836550913055,0.6763345707001918,120.0022804428732,120.0022804428732,120.0022804428732,123.58826881866187,119.72700716280748,104.45331295811296,0.5727170864144652,39312.55947284942,42410.0,-3097.440527150582,42903.0,0.0,0.5727170864144652,4.366214749144589,4.366124224811699,4.366214749144589,4.366124224811699,111.2360171214296,87.26121984236102,241.64512414208383,0.9465889082206288,448.87708759593966,479.3577751254786,5.318863838033039e-06,0.0001589649659686,0.003643733740269601,0.013189999152865334,0.001694164406237862,0.012503273957617694
64,3.2,416.7186997420212,263.62365269432996,850.5772451396439,257.67346938775506,0.9881172257821333,459.9792763200095,435.8722087092289,435.8722087092289,447.65308288317107,476.1687360947999,40.29652738557098,0.09245032507326675,124.0,124.0,123.968994140625,122.56808343381219,121.35033079446764,112.59048250000656,120.79544742421992,92.0,0.5652173913043478,40217.198401380825,41021.83415773181,40700.5,-483.3015986191749,41187.0,42448.0,1261.0,0.029706935544666416,2,0,1.8275862068965518,0.9138321995464853,10.859031373261567,10.995833606417664,0.5652173913043478,8.0,4.0,8.0,4.0,112.0,92.0,244.0,0.9478260869565217,0,0,26.320412359117157,0.0,147,435.8722087092289,40217.198401380825,0.0,0.0,0.06038561723643993,448.18177346454405,459.9827341081959,0.027465563046349395,7.517212995300504e-06,26.012526096033405,479.281574033069,448.8745789789248,448.19824496295286,0.6763340159719178,120.00240758516073,120.00240758516073,120.00240758516073,123.58826881866187,119.72713401344323,104.4532848543007,0.5727170864686519,39312.5905260627,42410.0,-3097.409473937303,42903.0,0.0,0.5727170864686519,4.366213566679605,4.366123042420952,4.366213566679605,4.366123042420952,111.23598705252311,87.26119624473745,241.64505907256364,0.9465889082278148,448.87708759593966,479.3577751254786,5.588650176635568e-06,0.0001589649659686,0.003643733740269601,0.013189999152865334,0.001694164406237862,0.012503273957617694
65,3.25,416.7186997420212,263.62365269432996,850.5772451396439,257.67346938775506,0.9881172257821333,459.9792763200095,435.8722087092289,435.8722087092289,447.65308288317107,476.1687360947999,40.29652738557098,0.09245032507326675,124.0,124.0,123.968994140625,122.56808343381219,121.35033079446764,112.59048250000656,120.79544742421992,92.0,0.5652173913043478,40217.198401380825,41021.83415773181,40700.5,-483.3015986191749,41187.0,42448.0,1261.0,0.029706935544666416,2,0,1.8275862068965518,0.9138321995464853,10.859031373261567,10.995833606417664,0.5652173913043478,8.0,4.0,8.0,4.0,112.0,92.0,244.0,0.9478260869565217,0,0,26.320412359117157,0.0,147,435.8722087092289,40217.198401380825,0.0,0.0,0.06038561723643993,448.18177346454405,459.9827341081959,0.027465563046349395,7.517212995300504e-06,26.106471816283925,479.281574033069,448.874452054175,448.1981186196088,0.6763334345661747,120.0025408418269,120.0025408418269,120.0025408418269,123.58826881866187,119.7272669644319,104.4532553989526,0.5727170865254447,39312.62307262677,42410.0,-3097.3769273732323,42903.0,0.0,0.5727170865254447,4.366212327348997,4.366121803167914,4.366212327348997,4.366121803167914,111.23595553757808,87.26117151228465,241.64499087379536,0.9465889082353456,448.87708759593966,479.3577751254786,5.871410765911911e-06,0.0001589649659686,0.003643733740269601,0.013189999152865334,0.001694164406237862,0.012503273957617694
66,3.3,416.7186997420212,263.62365269432996,850.5772451396439,257.67346938775506,0.9881172257821333,459.9792763200095,435.8722087092289,435.8722087092289,447.65308288317107,476.1687360947999,40.29652738557098,0.09245032507326675,124.0,124.0,123.968994140625,122.56808343381219,121.35033079446764,112.59048250000656,120.79544742421992,92.0,0.5652173913043478,40217.198401380825,41021.83415773181,40700.5,-483.3015986191749,41187.0,42448.0,1261.0,0.029706935544666416,2,0,1.8275862068965518,0.9138321995464853,10.859031373261567,10.995833606417664,0.5652173913043478,8.0,4.0,8.0,4.0,112.0,92.0,244.0,0.9478260869565217,0,0,26.320412359117157,0.0,147,435.8722087092289,40217.198401380825,0.0,0.0,0.06038561723643993,448.18177346454405,459.9827341081959,0.027465563046349395,7.517212995300504e-06,26.200417536534445,479.281574033069,448.87431902552424,448.19798620032464,0.6763328251996086,120.00268050689986,120.00268050689986,120.00268050689986,123.58826881866187,119.72740630912708,104.45322452707568,0.5727170865849692,39312.65718435147,42410.0,-3097.3428156485315,42903.0,0.0,0.5727170865849692,4.3662110284180216,4.3661205043185305,4.3662110284180216,4.3661205043185305,111.23592250705715,87.26114559043049,241.6449193953001,0.9465889082432384,448.87708759593966,479.3577751254786,6.16776951178899e-06,0.0001589649659686,0.003643733740269601,0.013189999152865334,0.001694164406237862,0.012503273957617694
67,3.35,416.7186997420212,263.62365269432996,850.5772451396439,257.67346938775506,0.9881080826403448,459.9792763200095,435.8722087092289,435.8722087092289,447.65308288317107,476.1687360947999,40.29652738557098,0.09245032507326675,124.0,124.0,123.968994140625,122.56808343381219,121.35033079446764,112.59048250000656,120.79544742421992,92.0,0.5652173913043478,40217.198401380825,41021.83415773181,40700.5,-483.3015986191749,41187.0,42449.0,1262.0,0.02972979339913779,2,0,1.8275862068965518,0.9150622876557192,10.997241624676223,10.995833606417664,0.5652173913043478,8.0,4.0,8.0,4.0,112.0,92.0,244.0,0.9478260869565217,0,0,26.320412359117157,0.0,147,435.8722087092289,40217.198401380825,0.0,0.0,0.06038561723643993,448.18177346454405,459.9827341081959,0.027465563046349395,7.517212995300504e-06,26.29436325678497,479.281574033069,448.87417959945185,448.1978474129221,0.6763321865298053,120.00282688854514,120.00282688854514,120.00282688854514,123.58826881866187,119.72755235498744,104.45319217055332,0.5727170866473558,39312.69293649936,42410.0,-3097.3070635006443,42903.0,0.0,0.5727170866473558,4.366209667020755,4.366119143006472,4.366209667020755,4.366119143006472,111.23588788807986,87.2611184219802,241.64484447936456,0.9465889082515112,448.87708759593966,479.3577751254786,6.478380314312027e-06,0.0001589649659686,0.003643733740269601,0.013189999152865334,0.001694164406237862,0.012503273957617694
68,3.4,416.7186997420212,263.62365269432996,850.5772451396439,257.67346938775506,0.9881172257821333,459.9792763200095,435.8722087092289,435.8722087092289,447.65308288317107,476.1687360947999,40.29652738557098,0.09245032507326675,124.0,124.0,123.968994140625,122.56808343381219,121.35033079446764,112.59048250000656,120.79544742421992,92.0,0.5652173913043478,40217.198401380825,41021.83415773181,40700.5,-483.3015986191749,41187.0,42448.0,1261.0,0.029706935544666416,2,0,1.8275862068965518,0.9150622876557192,10.997241624676223,11.006569533119924,0.5652173913043478,8.0,4.0,8.0,4.0,112.0,92.0,244.0,0.9478260869565217,0,0,26.320412359117157,0.0,147,435.8722087092289,40217.198401380825,0.0,0.0,0.06038561723643993,448.18177346454405,459.9827341081959,0.027465563046349395,7.517212995300504e-06,26.38830897703549,479.281574033069,448.8740334683208,448.1977019511749,0.6763315171459112,120.0029803097454,120.0029803097454,120.0029803097454,123.58826881866187,119.72770542425476,104.45315825799202,0.5727170867127427,39312.730407951094,42410.0,-3097.269592048906,42903.0,0.0,0.5727170867127427,4.366208240153405,4.366117716228587,4.366208240153405,4.366117716228587,111.23585160426155,87.26108994698757,241.64476596068968,0.9465889082601816,448.87708759593966,479.3577751254786,6.80392852125955e-06,0.0001589649659686,0.003643733740269601,0.013189999152865334,0.001694164406237862,0.012503273957617694
69,3.45,416.7186997420212,263.62365269432996,850.5772451396439,257.67346938775506,0.9881172257821333,459.9792763200095,435.8722087092289,435.8722087092289,447.65308288317107,476.1687360947999,40.29652738557098,0.09245032507326675,124.0,124.0,123.968994140625,122.56808343381219,121.35033079446764,112.59048250000656,120.79544742421992,92.0,0.5652173913043478,40217.198401380825,41021.83415773181,40700.5,-483.3015986191749,41187.0,42448.0,1261.0,0.029706935544666416,2,0,1.8275862068965518,0.9150622876557192,10.997241624676223,11.006569533119924,0.5652173913043478,8.0,4.0,8.0,4.0,112.0,92.0,244.0,0.9478260869565217,0,0,26.320412359117157,0.0,147,435.8722087092289,40217.198401380825,0.0,0.0,0.06038561723643993,448.18177346454405,459.9827341081959,0.027465563046349395,7.517212995300504e-06,26.482254697286013,479.281574033069,448.87388030970385,448.19754949413294,0.6763308155709069,120.00314110901262,120.00314110901262,120.00314110901262,123.58826881866187,119.72786585466449,104.45312271456667,0.5727170867812744,39312.76968137997,42410.0,-3097.2303186200297,42903.0,0.0,0.5727170867812744,4.366206744667487,4.3661162208364885,4.366206744667487,4.3661162208364885,111.23581357554454,87.2610601026247,241.64468366603063,0.9465889082692688,448.87708759593966,479.3577751254786,7.145132430275147e-06,0.0001589649659686,0.003643733740269601,0.013189999152865334,0.001694164406237862,0.012503273957617694
70,3.5,416.7186997420212,263.62365269432996,850.5772451396439,257.67346938775506,0.9881172257821333,459.9792763200095,435.8722087092289,435.8722087092289,447.65308288317107,476.1687360947999,40.29652738557098,0.09245032507326675,124.0,124.0,123.968994140625,122.56808343381219,121.35033079446764,112.59048250000656,120.79544742421992,92.0,0.5652173913043478,40217.198401380825,41021.83415773181,40700.5,-483.3015986191749,41187.0,42448.0,1261.0,0.029706935544666416,2,0,1.8275862068965518,0.9150622876557192,10.997241624676223,11.006569533119924,0.5652173913043478,8.0,4.0,8.0,4.0,112.0,92.0,244.0,0.9478260869565217,0,0,26.320412359117157,0.0,147,435.8722087092289,40217.198401380825,0.0,0.0,0.06038561723643993,448.18177346454405,459.9827341081959,0.027465563046349395,7.517212995300504e-06,26.576200417536533,479.281574033069,448.873719785672,448.1973897054152,0.6763300802568324,120.00330964113458,120.00330964113458,120.00330964113458,123.58826881866187,119.72803400019052,104.4530854618535,0.5727170868531017,39312.810843433865,42410.0,-3097.1891565661354,42903.0,0.0,0.5727170868531017,4.366205177263666,4.3661146535309285,4.366205177263666,4.3661146535309285,111.23577371802234,87.2610288230432,241.64459741381185,0.946588908278793,448.87708759593966,479.3577751254786,7.50274487315572e-06,0.0001589649659686,0.003643733740269601,0.013189999152865334,0.001694164406237862,0.012503273957617694
71,3.55,416.7186997420212,263.62365269432996,850.5772451396439,257.67346938775506,0.9881175057127376,459.97918617778134,435.8735613164255,435.8735613164255,447.65518036098547,476.16943181514296,40.29587049871748,0.09244853112222699,124.0,124.0,123.968994140625,122.56836718073563,121.35036377909805,112.59051170547374,120.79547788401756,92.0,0.5478260869565217,40217.258672161945,41021.845263942014,40701.5,-484.24132783805544,41188.0,42449.0,1261.0,0.029706235718155904,2,0,1.8275862068965518,0.9150622876557192,10.998019299602909,11.002449106043505,0.5478260869565217,8.0,4.0,8.0,4.0,112.0,92.0,244.0,0.9478260869565217,0,0,26.3214025951368,0.017391304347826098,147,435.8735613164255,40217.258672161945,0.0,0.0,0.06038770168954705,448.18177346454405,459.9827341081959,0.027462545058388632,7.713181716439976e-06,26.670146137787057,479.281574033069,448.8735515420487,448.1972222324662,0.6763293095825134,120.00348627795714,120.00348627795714,120.00348627795714,123.58826881866187,119.7282102318258,104.45304641765998,0.572717086928383,39312.85398492639,42410.0,-3097.1460150736093,42903.0,0.0,0.572717086928383,4.366203534483311,4.36611301085361,4.366203534483311,4.36611301085361,111.23573194375422,87.26099603922853,241.64450701372903,0.9465889082887756,448.87708759593966,479.3577751254786,7.877554877855353e-06,0.0001589649659686,0.0036446400681038626,0.013180540975228599,0.001694164406237862,0.012506456707735135
72,3.6,416.7186997420212,263.62365269432996,850.5685429585991,257.67346938775506,0.9881172257821333,459.9789437099884,435.86171678129017,435.86171678129017,447.6528374457238,476.16807657833306,40.30635979704289,0.09247510906599789,124.0,124.0,123.968994140625,122.56912898188877,121.35045223830994,112.59059002491922,120.7955595640931,92.0,0.5478260869565217,40216.77453555047,41013.370680988985,40700.5,-483.7254644495333,41187.0,42448.0,1261.0,0.029706935544666416,2,0,1.8275862068965518,0.9125993189557321,11.034278266549492,10.98788572655007,0.5478260869565217,8.0,4.0,8.0,4.0,112.0,92.0,244.0,0.9478260869565217,0,0,26.330519493580322,0.0,147,435.86171678129017,40216.77453555047,0.0,0.008702181044782265,0.06041025967598948,448.18177346454405,459.9827341081959,0.027488973029887287,8.240305399476178e-06,26.764091858037578,479.281574033069,448.8733752076281,448.19704670578153,0.6763285018465695,120.00367140920416,120.00367140920416,120.00367140920416,123.58826881866187,119.7283949384002,104.45300549583952,0.5727170870072849,39312.899201036926,42410.0,-3097.1007989630743,42903.0,0.0,0.5727170870072849,4.366201812702059,4.36611128918031,4.366201812702059,4.36611128918031,111.2356881605712,87.26096167884776,241.64441226632675,0.946588908299238,448.87708759593966,479.3577751254786,8.270389409759105e-06,0.0001589649659686,0.003647077941164741,0.01326336451603096,0.001694164406237862,0.012480890656849146
73,3.65,416.7186997420212,263.62365269432996,850.5685429585991,257.67346938775506,0.9881169458383396,459.9788742465838,435.86171678129017,435.86171678129017,447.6528313968254,476.1685304136923,40.30681363240211,0.0924761503030273,124.0,124.0,123.968994140625,122.56934684355423,121.35047750991261,112.59061239846937,120.79558289685168,92.0,0.5478260869565217,40216.77453555047,41013.27755447243,40699.5,-482.7254644495333,41186.0,42447.0,1261.0,0.02970763540415106,2,0,1.8275862068965518,0.9125993189557321,11.034875537134429,10.986552009910314,0.5478260869565217,8.0,4.0,8.0,4.0,112.0,92.0,244.0,0.9478260869565217,0,0,26.329561264107255,0.0,147,435.86171678129017,40216.77453555047,0.0,0.0,0.06040806120469418,448.18177346454405,459.9827341081959,0.027488973029887287,8.3913184689699e-06,26.8580375782881,479.2814969639781,448.87319039335785,448.1968627380906,0.6763276552672437,120.00386544333684,120.00386544333684,120.00386544333684,123.5885723172898,119.7285885274379,104.45296260610598,0.572717087089981,39312.94659152055,42412.0,-3099.053408479449,42905.0,0.0,0.572717087089981,4.366200008121183,4.366109484712524,4.366200008121183,4.366109484712524,111.23564227187278,87.26092566609043,241.64431296256095,0.9465889083102036,448.87708759593966,479.3577751254786,8.682115192559792e-06,0.0001591257416875,0.003647776355419042,0.01326336451603096,0.001694164406237862,0.012480890656849146
74,3.7,416.7186997420212,263.62365269432996,850.5685429585991,257.67346938775506,0.9881172257821333,459.9788551883728,435.86171678129017,435.86171678129017,447.6528425948039,476.1689761473175,40.307259366027324,0.09247717295220262,124.0,124.0,123.968994140625,122.56940658708785,121.35048443803231,112.5906185320004,120.79558929327796,92.0,0.5478260869565217,40216.77453555047,41017.27853271227,40700.5,-483.7254644495333,41187.0,42448.0,1261.0,0.029706935544666416,2,0,1.8275862068965518,0.9125993189557321,11.035039331187663,10.987287747506429,0.5478260869565217,8.0,4.0,8.0,4.0,112.0,92.0,244.0,0.9478260869565217,0,0,26.329976850189674,0.0,147,435.86171678129017,40216.77453555047,0.0,0.0,0.06040901468619167,448.18177346454405,459.9827341081959,0.027488973029887287,8.432750917664045e-06,26.95198329853862,479.2814969639781,448.87299669148086,448.196669923504,0.6763267679768319,120.00406880845422,120.00406880845422,120.00406880845422,123.5885723172898,119.72879142605596,104.45291765383077,0.5727170871766534,39312.99626092792,42412.0,-3099.0037390720827,42905.0,0.0,0.5727170871766534,4.366198116758916,4.366107593468882,4.366198116758916,4.366107593468882,111.2355941764148,87.26088792150131,241.64420888333697,0.9465889083216964,448.87708759593966,479.3577751254786,9.113640619728969e-06,0.0001591257416875,0.0036479679746798162,0.01326336451603096,0.001694164406237862,0.012480890656849146
75,3.75,416.7186997420212,263.62365269432996,850.5685429585991,257.67346938775506,0.9881083627797409,459.9789246681393,435.86171678129017,435.86171678129017,447.651580941847,476.1685275582325,40.306810776942314,0.09247614375172976,124.0,124.0,123.968994140625,122.56918872074914,121.35045916908007,112.59059616095041,120.79556596322736,92.0,0.5478260869565217,40216.77453555047,41017.3716726223,40701.5,-484.7254644495333,41188.0,42450.0,1262.0,0.02972909305064782,2,0,1.8275862068965518,0.9125993189557321,11.034442037777486,10.980940209418613,0.5478260869565217,8.0,4.0,8.0,4.0,112.0,92.0,244.0,0.9478260869565217,0,0,26.330935466779874,0.0,147,435.86171678129017,40216.77453555047,0.0,0.0,0.06041121404565201,448.18177346454405,459.9827341081959,0.027488973029887287,8.28170227740177e-06,27.045929018789145,479.2814969639781,448.8727936746358,448.1964678366189,0.6763258380168509,120.00428195323695,120.00428195323695,120.00428195323695,123.5885723172898,119.7290040819058,104.45287053983674,0.5727170872674947,39313.04831883555,42412.0,-3098.95168116445,42905.0,0.0,0.5727170872674947,4.366196134442653,4.366105611277021,4.366196134442653,4.366105611277021,111.23554376808472,87.26084836180507,241.64409979902632,0.946588908333742,448.87708759593966,479.3577751254786,9.565917759135624e-06,0.0001591257416875,0.0036472693959158638,0.01326336451603096,0.001694164406237862,0.012480890656849146
76,3.8,416.7186997420212,263.62365269432996,850.5685429585991,257.67346938775506,0.9880995006124564,459.9790049203716,435.86424769150295,435.86424769150295,447.6527123771883,476.1666317268631,40.30238403536015,0.09246545053607028,124.0,124.0,123.968994140625,122.56893686348496,121.35042994322544,112.59057028608646,120.79553897870406,92.0,0.5478260869565217,40218.36602414505,41017.463422667264,40702.5,-484.13397585495113,41189.0,42452.0,1263.0,0.029751248468858946,2,0,1.8275862068965518,0.9107344632768362,11.393011082782184,10.982747223068566,0.5478260869565217,8.0,4.0,8.0,4.0,112.0,92.0,244.0,0.9478260869565217,0,0,26.334661425221416,0.0,147,435.86424769150295,40218.36602414505,0.0,0.0,0.06041941169687454,448.18177346454405,459.9827341081959,0.027483325967997074,8.107234354293169e-06,27.139874739039666,479.2811841430117,448.8725808949175,448.19625603157994,0.6763248633375838,120.00450534793664,120.00450534793664,120.00450534793664,123.58979787974164,119.72922696416026,104.45282116017852,0.5727170873627039,39313.10288008766,42418.0,-3104.8971199123407,42911.0,0.0,0.5727170873627039,4.366194056798882,4.366103533763464,4.366194056798882,4.366103533763464,111.23549093566936,87.26080689972378,241.6439854689621,0.9465889083463674,448.87708759593966,479.3577751254786,1.0039944445039415e-05,0.0001597783251702,0.003646462506255091,0.013245666991993003,0.001694164406237862,0.012564933213080033
77,3.85,416.7186997420212,263.62365269432996,850.5685429585991,257.67346938775506,0.9880995006124564,459.9790049203716,435.86424769150295,435.86424769150295,447.6527123771883,476.1666317268631,40.30238403536015,0.09246545053607028,124.0,124.0,123.968994140625,122.56893686348496,121.35042994322544,112.59057028608646,120.79553897870406,92.0,0.5478260869565217,40218.36602414505,41017.463422667264,40702.5,-484.13397585495113,41189.0,42452.0,1263.0,0.029751248468858946,2,0,1.8275862068965518,0.9107344632768362,11.393011082782184,10.982747223068566,0.5478260869565217,8.0,4.0,8.0,4.0,112.0,92.0,244.0,0.9478260869565217,0,0,26.334661425221416,0.0,147,435.86424769150295,40218.36602414505,0.0,0.0,0.06041941169687454,448.18177346454405,459.9827341081959,0.027483325967997074,8.107234354293169e-06,27.233820459290182,479.280822246236,448.872357882884,448.1960340410975,0.6763238417864841,120.00473948541216,120.00473948541216,120.00473948541216,123.59120327193958,119.72946056454776,104.45276940591322,0.5727170874624922,39313.160065048665,42425.0,-3111.8399349513347,42918.0,0.0,0.5727170874624922,4.366191879243715,4.3661013563448705,4.366191879243715,4.3661013563448705,111.23543556260827,87.26076344378174,241.6438656409054,0.9465889083595996,448.87708759593966,479.3577751254786,1.0536766492097447e-05,0.0001605332869014,0.003646462506255091,0.013245666991993003,0.001694164406237862,0.012564933213080033
78,3.9,416.7186997420212,263.62365269432996,850.5685429585991,257.67346938775506,0.9880995006124564,459.9790049203716,435.86424769150295,435.86424769150295,447.6527123771883,476.1666317268631,40.30238403536015,0.09246545053607028,124.0,124.0,123.968994140625,122.56893686348496,121.35042994322544,112.59057028608646,120.79553897870406,92.0,0.5478260869565217,40218.36602414505,41017.463422667264,40702.5,-484.13397585495113,41189.0,42452.0,1263.0,0.029751248468858946,2,0,1.8275862068965518,0.9107344632768362,11.393011082782184,10.982747223068566,0.5478260869565217,8.0,4.0,8.0,4.0,112.0,92.0,244.0,0.9478260869565217,0,0,26.334661425221416,0.0,147,435.86424769150295,40218.36602414505,0.0,0.0,0.06041941169687454,448.18177346454405,459.9827341081959,0.027483325967997074,8.107234354293169e-06,27.32776617954071,479.280822246236,448.87212414652873,448.1958013754173,0.6763227711114155,120.00498488221643,120.00498488221643,120.00498488221643,123.59120327193958,119.72970539843618,104.45271516286115,0.572717087567079,39313.219999869136,42425.0,-3111.780000130864,42918.0,0.0,0.572717087567079,4.366189596973115,4.3660990742172885,4.366189596973115,4.3660990742172885,111.23537752673792,87.26071789810737,241.64374005049305,0.9465889083734678,448.87708759593966,479.3577751254786,1.105747998297879e-05,0.0001605332869014,0.003646462506255091,0.013245666991993003,0.001694164406237862,0.012564933213080033
79,3.95,416.7186997420212,263.62365269432996,850.5685429585991,257.67346938775506,0.9880995006124564,459.9790049203716,435.86424769150295,435.86424769150295,447.6527123771883,476.1666317268631,40.30238403536015,0.09246545053607028,124.0,124.0,123.968994140625,122.56893686348496,121.35042994322544,112.59057028608646,120.79553897870406,92.0,0.5478260869565217,40218.36602414505,41017.463422667264,40702.5,-484.13397585495113,41189.0,42452.0,1263.0,0.029751248468858946,2,0,1.8275862068965518,0.9107344632768362,11.393011082782184,10.982747223068566,0.5478260869565217,8.0,4.0,8.0,4.0,112.0,92.0,244.0,0.9478260869565217,0,0,26.334661425221416,0.0,147,435.86424769150295,40218.36602414505,0.0,0.0,0.06041941169687454,448.18177346454405,459.9827341081959,0.027483325967997074,8.107234354293169e-06,27.421711899791234,479.280822246236,448.8718791701908,448.1955575212414,0.6763216489493402,120.00524207973476,120.00524207973476,120.00524207973476,123.59120327193958,119.72996200596904,104.45265831135303,0.5727170876766949,39313.28281676318,42425.0,-3111.7171832368185,42918.0,0.0,0.5727170876766949,4.3661872049520625,4.366096682346324,4.3661872049520625,4.366096682346324,111.23531670002154,87.26067016221896,241.6436084206519,0.9465889083880028,448.87708759593966,479.3577751254786,1.1603233697643487e-05,0.0001605332869014,0.003646462506255091,0.013245666991993003,0.001694164406237862,0.012564933213080033
80,4.0,416.7186997420212,263.62365269432996,850.5685429585991,257.67346938775506,0.9880995006124564,459.9790049203716,435.86424769150295,435.86424769150295,447.6527123771883,476.1666317268631,40.30238403536015,0.09246545053607028,124.0,124.0,123.968994140625,122.56893686348496,121.35042994322544,112.59057028608646,120.79553897870406,92.0,0.5478260869565217,40218.36602414505,41017.463422667264,40702.5,-484.13397585495113,41189.0,42452.0,1263.0,0.029751248468858946,2,0,1.8275862068965518,0.9107344632768362,11.393011082782184,10.982747223068566,0.5478260869565217,8.0,4.0,8.0,4.0,112.0,92.0,244.0,0.9478260869565217,0,0,26.334661425221416,0.0,147,435.86424769150295,40218.36602414505,0.0,0.0,0.06041941169687454,448.18177346454405,459.9827341081959,0.027483325967997074,8.107234354293169e-06,27.51565762004175,479.280822246236,448.87162241342094,448.1953019405953,0.6763204728256369,120.00551164537823,120.00551164537823,120.00551164537823,123.59120327193958,119.73023095325576,104.45259872596723,0.5727170877915825,39313.34865430009,42425.0,-3111.651345699909,42918.0,0.0,0.5727170877915825,4.366184697903343,4.366094175454748,4.366184697903343,4.366094175454748,111.23525294826776,87.26062013080553,241.64347046098953,0.9465889084032372,448.87708759593966,479.3577751254786,1.2175231638544837e-05,0.0001605332869014,0.003646462506255091,0.013245666991993003,0.001694164406237862,0.012564933213080033
81,4.05,416.7186997420212,263.62365269432996,850.5685429585991,257.67346938775506,0.9880995006124564,459.9790049203716,435.86424769150295,435.86424769150295,447.6527123771883,476.1666317268631,40.30238403536015,0.09246545053607028,124.0,124.0,123.968994140625,122.56893686348496,121.35042994322544,112.59057028608646,120.79553897870406,92.0,0.5478260869565217,40218.36602414505,41017.463422667264,40702.5,-484.13397585495113,41189.0,42452.0,1263.0,0.029751248468858946,2,0,1.8275862068965518,0.9107344632768362,11.393011082782184,10.982747223068566,0.5478260869565217,8.0,4.0,8.0,4.0,112.0,92.0,244.0,0.9478260869565217,0,0,26.334661425221416,0.0,147,435.86424769150295,40218.36602414505,0.0,0.0,0.06041941169687454,448.18177346454405,459.9827341081959,0.027483325967997074,8.107234354293169e-06,27.60960334029227,479.280822246236,448.8713533097891,448.1950340696443,0.6763192401447782,120.0057941738342,120.0057941738342,120.0057941738342,123.59120327193958,119.73051283361958,104.4525362752527,0.572717087911995,39313.41765770944,42425.0,-3111.5823422905596,42918.0,0.0,0.572717087911995,4.36618207029634,4.366091548012264,4.36618207029634,4.366091548012264,111.23518613083388,87.26056769349282,241.64332586715375,0.9465889084192036,448.87708759593966,479.3577751254786,1.2774735688281249e-05,0.0001605332869014,0.003646462506255091,0.013245666991993003,0.001694164406237862,0.012564933213080033
82,4.1,416.7186997420212,263.62365269432996,850.5685429585991,257.67346938775506,0.9880995006124564,459.9790049203716,435.86424769150295,435.86424769150295,447.6527123771883,476.1666317268631,40.30238403536015,0.09246545053607028,124.0,124.0,123.968994140625,122.56893686348496,121.35042994322544,112.59057028608646,120.79553897870406,92.0,0.5478260869565217,40218.36602414505,41017.463422667264,40702.5,-484.13397585495113,41189.0,42452.0,1263.0,0.029751248468858946,2,0,1.8275862068965518,0.9107344632768362,11.393011082782184,10.982747223068566,0.5478260869565217,8.0,4.0,8.0,4.0,112.0,92.0,244.0,0.9478260869565217,0,0,26.334661425221416,0.0,147,435.86424769150295,40218.36602414505,0.0,0.0,0.06041941169687454,448.18177346454405,459.9827341081959,0.027483325967997074,8.107234354293169e-06,27.7035490605428,479.280822246236,448.871071265638,448.19475331744945,0.6763179481885686,120.00609028837684,120.00609028837684,120.00609028837684,123.59120327193958,119.73080826890497,104.45247082143976,0.5727170880381977,39313.48997920121,42425.0,-3111.5100207987925,42918.0,0.0,0.5727170880381977,4.366179316334225,4.3660887942229465,4.366179316334225,4.3660887942229465,111.2351161003172,87.2605127346011,241.6431743201626,0.9465889084359383,448.87708759593966,479.3577751254786,1.3403068385264838e-05,0.0001605332869014,0.003646462506255091,0.013245666991993003,0.001694164406237862,0.012564933213080033
83,4.15,416.7186997420212,263.62365269432996,850.5685429585991,257.67346938775506,0.9880995006124564,459.9790049203716,435.86424769150295,435.86424769150295,447.6527123771883,476.1666317268631,40.30238403536015,0.09246545053607028,124.0,124.0,123.968994140625,122.56893686348496,121.35042994322544,112.59057028608646,120.79553897870406,92.0,0.5478260869565217,40218.36602414505,41017.463422667264,40702.5,-484.13397585495113,41189.0,42452.0,1263.0,0.029751248468858946,2,0,1.8275862068965518,0.9107344632768362,11.393011082782184,10.982747223068566,0.5478260869565217,8.0,4.0,8.0,4.0,112.0,92.0,244.0,0.9478260869565217,0,0,26.334661425221416,0.0,147,435.86424769150295,40218.36602414505,0.0,0.0,0.06041941169687454,448.18177346454405,459.9827341081959,0.027483325967997074,8.107234354293169e-06,27.79749478079332,479.280822246236,448.87077565877144,448.1944590646656,0.676316594105856,120.00640064224076,120.00640064224076,120.00640064224076,123.59120327193958,119.731117910848,104.45240222013568,0.5727170881704688,39313.56577830074,42425.0,-3111.434221699259,42918.0,0.0,0.5727170881704688,4.366176429941731,4.3660859080115415,4.366176429941731,4.3660859080115415,111.23504270222868,87.26045513288989,241.6430154856996,0.946588908453478,448.87708759593966,479.3577751254786,1.4061615846827635e-05,0.0001605332869014,0.003646462506255091,0.013245666991993003,0.001694164406237862,0.012564933213080033
84,4.2,416.7186997420212,263.62365269432996,850.5685429585991,257.67346938775506,0.9881343951745912,459.9788751827625,435.86256899047754,435.86256899047754,447.65249158121014,476.16936467723417,40.30679568675663,0.0924759283186743,124.0,124.0,123.968994140625,122.56934390849881,121.35047716952826,112.59061209712274,120.79558258258804,92.0,0.5478260869565217,40210.80698088683,41013.48030067363,40696.5,-485.6930191131687,41183.0,42442.0,1259.0,0.029664012063521983,2,0,1.8275862068965518,0.9125993189557321,11.034867490399172,11.009877758275953,0.5478260869565217,8.0,4.0,8.0,4.0,112.0,92.0,244.0,0.9478260869565217,0,0,26.330809398909555,0.0,147,435.86256899047754,40210.80698088683,0.0,0.0,0.060410806690502514,448.18177346454405,459.9827341081959,0.027487071548752073,8.389283221443833e-06,27.89144050104384,479.280822246236,448.8704658370873,448.1941506621771,0.6763151749101439,120.0067259200602,120.0067259200602,120.0067259200602,123.59120327193958,119.73144244251256,104.4523303200072,0.5727170883091012,39313.645222200474,42425.0,-3111.3547777995263,42918.0,0.0,0.5727170883091012,4.366173404751642,4.3660828830110745,4.366173404751642,4.3660828830110745,111.23496577465384,87.26039476129108,241.64284901337965,0.9465889084718604,448.87708759593966,479.3577751254786,1.4751830813675149e-05,0.0001605332869014,0.0036477669426849854,0.013257405398041435,0.001694164406237862,0.01216575893043477
85,4.25,416.7186997420212,263.62365269432996,850.5685429585991,257.67346938775506,0.9881349542927151,459.978941200217,435.86256899047754,435.86256899047754,447.6515882003191,476.16962894102824,40.307059950550695,0.092476534619405,124.0,124.0,123.968994140625,122.61983141582269,121.36312679180207,112.59059083378804,120.79556040764646,92.0,0.5478260869565217,40213.80697787163,41013.675148513794,40698.5,-484.6930221283692,41185.0,42444.0,1259.0,0.029662614268212234,2,0,1.8275862068965518,0.9125993189557321,11.034299853926276,11.015032589089381,0.5478260869565217,8.0,4.0,8.0,4.0,112.0,92.0,244.0,0.9478260869565217,0,0,26.330295889930483,0.0,147,435.86256899047754,40213.80697787163,0.0,0.0,0.060409628546253376,448.18177346454405,459.9827341081959,0.027487071548752073,8.245761629055437e-06,27.98538622129436,479.280822246236,448.8701411171389,448.1938274296675,0.6763136874714064,120.0070668393778,120.0070668393778,120.0070668393778,123.59120327193958,119.73178257979517,104.45225496244773,0.5727170884543995,39313.72848612806,42425.0,-3111.271513871943,42918.0,0.0,0.5727170884543995,4.366170234090539,4.3660797125486965,4.366170234090539,4.3660797125486965,111.23488514789511,87.26033148662907,241.64267453597552,0.946588908491128,448.87708759593966,479.3577751254786,1.5475235855655356e-05,0.0001605332869014,0.0036471031754612,0.013257405398041435,0.001694164406237862,0.012324181313193785
86,4.3,416.7186997420212,263.62365269432996,850.5685429585991,257.67346938775506,0.9881258098715986,459.978941200217,435.86256899047754,435.86256899047754,447.6515882003191,476.16962894102824,40.307059950550695,0.092476534619405,124.0,124.0,123.968994140625,122.61983141582269,121.36312679180207,112.59059083378804,120.79556040764646,92.0,0.5478260869565217,40213.80697787163,41013.675148513794,40698.5,-484.6930221283692,41185.0,42445.0,1260.0,0.02968547532100365,2,0,1.8275862068965518,0.9138321995464853,11.176121534081163,11.015032589089381,0.5478260869565217,8.0,4.0,8.0,4.0,112.0,92.0,244.0,0.9478260869565217,0,0,26.330295889930483,0.0,147,435.86256899047754,40213.80697787163,0.0,0.0,0.060409628546253376,448.18177346454405,459.9827341081959,0.027487071548752073,8.245761629055437e-06,28.079331941544886,479.280822246236,448.86980078262815,448.1934886541206,0.6763121285076181,120.00742415222516,120.00742415222516,120.00742415222516,123.59120327193958,119.73213907300246,104.45217598122632,0.5727170886066852,39313.81575373198,42425.0,-3111.1842462680215,42918.0,0.0,0.5727170886066852,4.36616691096426,4.366076389630848,4.36616691096426,4.366076389630848,111.23480064409875,87.26026516932592,241.6424916686084,0.9465889085113206,448.87708759593966,479.3577751254786,1.6233426728295974e-05,0.0001605332869014,0.0036471031754612,0.013257405398041435,0.001694164406237862,0.012324181313193785
87,4.35,416.7186997420212,263.62365269432996,850.5772451396439,257.67346938775506,0.9881260896197521,459.97902727648926,435.8727455969215,435.8727455969215,447.6530804881459,476.169734760904,40.296989163982516,0.09245127063128566,124.0,124.0,123.968994140625,122.619535375021,121.36308897239593,112.59056307129265,120.79553145441204,92.0,0.5478260869565217,40217.23467832031,41013.76602836483,40699.5,-482.2653216796898,41186.0,42446.0,1260.0,0.02968477595061961,2,0,1.8275862068965518,0.9138321995464853,11.175380842550771,11.017260175233963,0.5478260869565217,8.0,4.0,8.0,4.0,112.0,92.0,244.0,0.9478260869565217,0,0,26.321122300987405,0.0,147,435.8727455969215,40217.23467832031,0.0,0.008702181044782265,0.06038717163868781,448.18177346454405,459.9827341081959,0.02746436512237216,8.058632274265953e-06,28.173277661795407,479.280822246236,448.8694440828298,448.1931335882489,0.6763104945808891,120.00779864677986,120.00779864677986,120.00779864677986,123.59120327193958,119.73251270850396,104.45209320212246,0.5727170887662936,39313.90721748626,42425.0,-3111.0927825137405,42918.0,0.0,0.5727170887662936,4.3661634280424195,4.366072906927343,4.3661634280424195,4.366072906927343,111.23471207686242,87.26019566309691,241.6423000079007,0.9465889085324852,448.87708759593966,479.3577751254786,1.7028075883329663e-05,0.0001605332869014,0.0036462377284554666,0.013186244937169612,0.001694164406237862,0.01250518965260724
88,4.4,416.7186997420212,263.62365269432996,850.5772451396439,257.67346938775506,0.9881260896197521,459.97902727648926,435.8727455969215,435.8727455969215,447.6530804881459,476.169734760904,40.296989163982516,0.09245127063128566,124.0,124.0,123.968994140625,122.619535375021,121.36308897239593,112.59056307129265,120.79553145441204,92.0,0.5478260869565217,40217.23467832031,41013.76602836483,40699.5,-482.2653216796898,41186.0,42446.0,1260.0,0.02968477595061961,2,0,1.8275862068965518,0.9138321995464853,11.175380842550771,11.017260175233963,0.5478260869565217,8.0,4.0,8.0,4.0,112.0,92.0,244.0,0.9478260869565217,0,0,26.321122300987405,0.0,147,435.8727455969215,40217.23467832031,0.0,0.0,0.06038717163868781,448.18177346454405,459.9827341081959,0.02746436512237216,8.058632274265953e-06,28.267223382045927,479.280822246236,448.8690702309348,448.1927614488484,0.6763087820864371,120.00819114910148,120.00819114910148,120.00819114910148,123.59120327193958,119.73290431046432,104.45200644254146,0.5727170889335771,39314.00307911399,42425.0,-3110.996920886013,42918.0,0.0,0.5727170889335771,4.3661597776426575,4.366069256756305,4.3661597776426575,4.366069256756305,111.23461925082418,87.26012281462448,241.6420991310872,0.946588908554667,448.87708759593966,479.3577751254786,1.7860936159075358e-05,0.0001605332869014,0.0036462377284554666,0.013186244937169612,0.001694164406237862,0.01250518965260724
89,4.45,416.7186997420212,263.62365269432996,850.5772451396439,257.67346938775506,0.9881260896197521,459.97902727648926,435.8727455969215,435.8727455969215,447.6530804881459,476.169734760904,40.296989163982516,0.09245127063128566,124.0,124.0,123.968994140625,122.619535375021,121.36308897239593,112.59056307129265,120.79553145441204,92.0,0.5478260869565217,40217.23467832031,41013.76602836483,40699.5,-482.2653216796898,41186.0,42446.0,1260.0,0.02968477595061961,2,0,1.8275862068965518,0.9138321995464853,11.175380842550771,11.017260175233963,0.5478260869565217,8.0,4.0,8.0,4.0,112.0,92.0,244.0,0.9478260869565217,0,0,26.321122300987405,0.0,147,435.8727455969215,40217.23467832031,0.0,0.0,0.06038717163868781,448.18177346454405,459.9827341081959,0.02746436512237216,8.058632274265953e-06,28.36116910229645,479.280822246236,448.8686784023219,448.1923714150738,0.6763069872480969,120.0086025249512,120.0086025249512,120.0086025249512,123.59120327193958,119.73331474265882,104.45191551111446,0.5727170891089043,39314.10355003167,42425.0,-3110.896449968328,42918.0,0.0,0.5727170891089043,4.366155951712763,4.3660654310663745,4.366155951712763,4.3660654310663745,111.23452196123388,87.26004646322372,241.6418885950852,0.9465889085779158,448.87708759593966,479.3577751254786,1.873384463169092e-05,0.0001605332869014,0.0036462377284554666,0.013186244937169612,0.001694164406237862,0.01250518965260724
90,4.5,416.7186997420212,263.62365269432996,850.5772451396439,257.67346938775506,0.9881260896197521,459.97902727648926,435.8727455969215,435.8727455969215,447.6530804881459,476.169734760904,40.296989163982516,0.09245127063128566,124.0,124.0,123.968994140625,122.619535375021,121.36308897239593,112.59056307129265,120.79553145441204,92.0,0.5478260869565217,40217.23467832031,41013.76602836483,40699.5,-482.2653216796898,41186.0,42446.0,1260.0,0.02968477595061961,2,0,1.8275862068965518,0.9138321995464853,11.175380842550771,11.017260175233963,0.5478260869565217,8.0,4.0,8.0,4.0,112.0,92.0,244.0,0.9478260869565217,0,0,26.321122300987405,0.0,147,435.8727455969215,40217.23467832031,0.0,0.0,0.06038717163868781,448.18177346454405,459.9827341081959,0.02746436512237216,8.058632274265953e-06,28.455114822546975,479.280822246236,448.8682677327358,448.1919626266297,0.6763051061060992,120.0090336816985,120.0090336816985,120.0090336816985,123.59120327193958,119.73374491037548,104.45182020727412,0.5727170892926622,39314.20885181422,42425.0,-3110.791148185781,42918.0,0.0,0.5727170892926622,4.366151941814188,4.366061421419147,4.366151941814188,4.366061421419147,111.2344199935,87.25996644048661,241.6416679355158,0.946588908602282,448.87708759593966,479.3577751254786,1.9648726672816252e-05,0.0001605332869014,0.0036462377284554666,0.013186244937169612,0.001694164406237862,0.01250518965260724
91,4.55,416.7186997420212,263.62365269432996,850.5772451396439,257.67346938775506,0.9881260896197521,459.97902727648926,435.8727455969215,435.8727455969215,447.6530804881459,476.169734760904,40.296989163982516,0.09245127063128566,124.0,124.0,123.968994140625,122.619535375021,121.36308897239593,112.59056307129265,120.79553145441204,92.0,0.5478260869565217,40217.23467832031,41013.76602836483,40699.5,-482.2653216796898,41186.0,42446.0,1260.0,0.02968477595061961,2,0,1.8275862068965518,0.9138321995464853,11.175380842550771,11.017260175233963,0.5478260869565217,8.0,4.0,8.0,4.0,112.0,92.0,244.0,0.9478260869565217,0,0,26.321122300987405,0.0,147,435.8727455969215,40217.23467832031,0.0,0.0,0.06038717163868781,448.18177346454405,459.9827341081959,0.02746436512237216,8.058632274265953e-06,28.549060542797495,479.280822246236,448.8678373163882,448.19153418187625,0.6763031345119543,120.00948557031944,120.00948557031944,120.00948557031944,123.59120327193958,119.73419576240892,104.4517203208147,0.5727170894852571,39314.31921668301,42425.0,-3110.680783316988,42918.0,0.0,0.5727170894852571,4.366147739102388,4.366057218970923,4.366147739102388,4.366057218970923,111.23431312271865,87.25988256991172,241.64143666568452,0.94658890862782,448.87708759593966,479.3577751254786,2.0607600180744257e-05,0.0001605332869014,0.0036462377284554666,0.013186244937169612,0.001694164406237862,0.01250518965260724
92,4.6,416.7186997420212,263.62365269432996,850.5772451396439,257.67346938775506,0.9881263693547246,459.97897142759916,435.8727455969215,435.8727455969215,447.65305366835247,476.16965485565436,40.29690925873285,0.09245108730885848,124.0,124.0,123.968994140625,122.61972748770138,121.36311351692868,112.59058108940732,120.79555024539155,92.0,0.5478260869565217,40217.23467832031,41013.77284894568,40700.5,-483.2653216796898,41187.0,42447.0,1260.0,0.029684076613188212,2,0,1.8275862068965518,0.9138321995464853,11.17586150097856,11.014023903697955,0.5478260869565217,8.0,4.0,8.0,4.0,112.0,92.0,244.0,0.9478260869565217,0,0,26.321643415966538,0.0,147,435.8727455969215,40217.23467832031,0.0,0.0,0.06038836720547742,448.18177346454405,459.9827341081959,0.02746436512237216,8.180047462169604e-06,28.643006263048015,479.280822246236,448.86738620396176,448.1910851358442,0.6763010681175388,120.0099591874907,120.0099591874907,120.0099591874907,123.59120327193958,119.73466829314955,104.4516156314285,0.572717089687112,39314.43488801655,42425.0,-3110.565111983451,42918.0,0.0,0.572717089687112,4.3661433343079565,4.3660528144527575,4.3661433343079565,4.3660528144527575,111.23420111317805,87.2597946665166,241.6411942755064,0.9465889086545868,448.87708759593966,479.3577751254786,2.161258002686406e-05,0.0001605332869014,0.0036467992566609564,0.013186244937169612,0.001694164406237862,0.01250518965260724
93,4.65,416.7186997420212,263.62365269432996,850.5772451396439,257.67346938775506,0.9881263693547246,459.97897142759916,435.8727455969215,435.8727455969215,447.65305366835247,476.16965485565436,40.29690925873285,0.09245108730885848,124.0,124.0,123.968994140625,122.61972748770138,121.36311351692868,112.59058108940732,120.79555024539155,92.0,0.5478260869565217,40217.23467832031,41013.77284894568,40700.5,-483.2653216796898,41187.0,42447.0,1260.0,0.029684076613188212,2,0,1.8275862068965518,0.9138321995464853,11.17586150097856,11.014023903697955,0.5478260869565217,8.0,4.0,8.0,4.0,112.0,92.0,244.0,0.9478260869565217,0,0,26.321643415966538,0.0,147,435.8727455969215,40217.23467832031,0.0,0.0,0.06038836720547742,448.18177346454405,459.9827341081959,0.02746436512237216,8.180047462169604e-06,28.73695198329854,479.280822246236,448.8669134005193,448.1906144981541,0.676298902365204,120.0104555777839,120.0104555777839,120.0104555777839,123.59120327193958,119.73516354477286,104.451505908221,0.5727170898986725,39314.55612088625,42425.0,-3110.443879113751,42918.0,0.0,0.5727170898986725,4.366138717716183,4.366048198150395,4.366138717716183,4.366048198150395,111.23408371783896,87.25970253642822,241.64094023038552,0.9465889086826402,448.87708759593966,479.3577751254786,2.266588271382375e-05,0.0001605332869014,0.0036467992566609564,0.013186244937169612,0.001694164406237862,0.01250518965260724
94,4.7,416.7186997420212,263.62365269432996,850.5772451396439,257.67346938775506,0.9881263693547246,459.97897142759916,435.8727455969215,435.8727455969215,447.65305366835247,476.16965485565436,40.29690925873285,0.09245108730885848,124.0,124.0,123.968994140625,122.61972748770138,121.36311351692868,112.59058108940732,120.79555024539155,92.0,0.5478260869565217,40217.23467832031,41013.77284894568,40700.5,-483.2653216796898,41187.0,42447.0,1260.0,0.029684076613188212,2,0,1.8275862068965518,0.9138321995464853,11.17586150097856,11.014023903697955,0.5478260869565217,8.0,4.0,8.0,4.0,112.0,92.0,244.0,0.9478260869565217,0,0,26.321643415966538,0.0,147,435.8727455969215,40217.23467832031,0.0,0.0,0.06038836720547742,448.18177346454405,459.9827341081959,0.02746436512237216,8.180047462169604e-06,28.830897703549063,479.280822246236,448.8664178633144,448.1901212308355,0.6762966324789659,120.01097583596544,120.01097583596544,120.01097583596544,123.59120327193958,119.73568260953394,104.4513909092028,0.5727170901204066,39314.68318261746,42425.0,-3110.3168173825397,42918.0,0.0,0.5727170901204066,4.366133879145231,4.366043359882781,4.366133879145231,4.366043359882781,111.23396067779134,87.25960597645775,241.64067397003737,0.9465889087120424,448.87708759593966,479.3577751254786,2.376983125240706e-05,0.0001605332869014,0.0036467992566609564,0.013186244937169612,0.001694164406237862,0.01250518965260724
95,4.75,416.7186997420212,263.62365269432996,850.5772451396439,257.67346938775506,0.9881078024877497,459.9789033953099,435.8727455969215,435.8727455969215,447.6520799531516,476.16997334142104,40.29722774449954,0.09245181799406398,124.0,124.0,123.968994140625,122.61996134769929,121.36314338510616,112.59060301337179,120.79557310943686,92.0,0.5478260869565217,40214.2347205048,41013.67973639211,40699.5,-485.26527949520096,41186.0,42448.0,1262.0,0.029730493780625707,2,0,1.8275862068965518,0.916289592760181,11.478260724308894,11.012760023424113,0.5478260869565217,8.0,4.0,8.0,4.0,112.0,92.0,244.0,0.9478260869565217,0,0,26.321177130192073,0.0,147,435.8727455969215,40214.2347205048,0.0,0.0,0.06038729743045897,448.18177346454405,459.9827341081959,0.02746436512237216,8.327949294617554e-06,28.924843423799583,479.280822246236,448.8658984994965,448.18960424604336,0.6762942534531362,120.01152110940612,120.01152110940612,120.01152110940612,123.59120327193958,119.73622663217166,104.45127038075697,0.5727170903528023,39314.81635337752,42425.0,-3110.1836466224777,42918.0,0.0,0.5727170903528023,4.366128807924305,4.366038288979894,4.366128807924305,4.366038288979894,111.23383172168424,87.25950477365319,241.6403949072549,0.9465889087428584,448.87708759593966,479.3577751254786,2.4926860274998575e-05,0.0001605332869014,0.0036474832818805362,0.013186244937169612,0.001694164406237862,0.012346769338280968
96,4.8,416.7186997420212,263.62365269432996,850.5685429585991,257.67346938775506,0.9880995006124564,459.9790909553375,435.86338834100474,435.86338834100474,447.6538252033887,476.17104753926947,40.30765919826473,0.09247773563107664,124.0,124.0,123.968994140625,122.61931618180148,121.36306095893826,112.59054250462435,120.7955100052717,92.0,0.5478260869565217,40219.831473157596,41017.55436199017,40702.5,-482.6685268424044,41189.0,42452.0,1263.0,0.029751248468858946,2,0,1.8275862068965518,0.916289592760181,11.47664654164275,11.00881906453736,0.5478260869565217,8.0,4.0,8.0,4.0,112.0,92.0,244.0,0.9478260869565217,0,0,26.32891962107831,0.0,147,435.86338834100474,40219.831473157596,0.0,0.008702181044782265,0.06040635741692407,448.18177346454405,459.9827341081959,0.027485243383093105,7.92019479933792e-06,29.018789144050103,479.280822246236,448.8653541637032,448.1890624036619,0.6762917600412948,120.01209260060664,120.01209260060664,120.01209260060664,123.59120327193958,119.73679681242828,104.45114405707926,0.5727170905963723,39314.95592679189,42425.0,-3110.0440732081115,42918.0,0.0,0.5727170905963723,4.366123492869626,4.366032974258417,4.366123492869626,4.366032974258417,111.2336965651289,87.25939870483063,241.64010242661567,0.946588908775156,448.87708759593966,479.3577751254786,2.6139521398294008e-05,0.0001605332869014,0.00364559747456133,0.013251676045977778,0.001694164406237862,0.012642319932318692
97,4.85,416.7186997420212,263.62365269432996,850.5685429585991,257.67346938775506,0.9880995006124564,459.9790909553375,435.86338834100474,435.86338834100474,447.6538252033887,476.17104753926947,40.30765919826473,0.09247773563107664,124.0,124.0,123.968994140625,122.61931618180148,121.36306095893826,112.59054250462435,120.7955100052717,92.0,0.5478260869565217,40219.831473157596,41017.55436199017,40702.5,-482.6685268424044,41189.0,42452.0,1263.0,0.029751248468858946,2,0,1.8275862068965518,0.916289592760181,11.47664654164275,11.00881906453736,0.5478260869565217,8.0,4.0,8.0,4.0,112.0,92.0,244.0,0.9478260869565217,0,0,26.32891962107831,0.0,147,435.86338834100474,40219.831473157596,0.0,0.0,0.06040635741692407,448.18177346454405,459.9827341081959,0.027485243383093105,7.92019479933792e-06,29.112734864300627,479.280822246236,448.8647836555422,448.18849450879736,0.676289146744864,120.01269156984392,120.01269156984392,120.01269156984392,123.59120327193958,119.7373944076898,104.45101165959554,0.572717090851654,39315.1022105898,42425.0,-3109.897789410199,42918.0,0.0,0.572717090851654,4.366117922260351,4.36602740399843,4.366117922260351,4.36602740399843,111.23355491007234,87.25928753608252,241.63979588312856,0.9465889088090064,448.87708759593966,479.3577751254786,2.741048883414532e-05,0.0001605332869014,0.00364559747456133,0.013251676045977778,0.001694164406237862,0.012642319932318692
98,4.9,416.7186997420212,263.62365269432996,850.5685429585991,257.67346938775506,0.9880903587496761,459.9790909553375,435.86338834100474,435.86338834100474,447.6538252033887,476.17104753926947,40.30765919826473,0.09247773563107664,124.0,124.0,123.968994140625,122.61931618180148,121.36306095893826,112.59054250462435,120.7955100052717,92.0,0.5478260869565217,40219.831473157596,41017.55436199017,40702.5,-482.6685268424044,41189.0,42453.0,1264.0,0.02977410312580972,2,0,1.8275862068965518,0.918552036199095,11.610791221322872,11.00881906453736,0.5478260869565217,8.0,4.0,8.0,4.0,112.0,92.0,244.0,0.9478260869565217,0,0,26.32891962107831,0.0,147,435.86338834100474,40219.831473157596,0.0,0.0,0.06040635741692407,448.18177346454405,459.9827341081959,0.027485243383093105,7.92019479933792e-06,29.206680584551147,479.280822246236,448.8641857169499,448.18789930914767,0.6762864078022517,120.01331933794414,120.01331933794414,120.01331933794414,123.59120327193958,119.7380207357525,104.45087289634762,0.5727170911192092,39315.25552728106,42425.0,-3109.744472718943,42918.0,0.0,0.5727170911192092,4.366112083812283,4.366021565916469,4.366112083812283,4.366021565916469,111.23340644414188,87.25917102226379,241.6394746008155,0.9465889088444852,448.87708759593966,479.3577751254786,2.874256527285457e-05,0.0001605332869014,0.00364559747456133,0.013251676045977778,0.001694164406237862,0.012642319932318692
99,4.95,416.7186997420212,263.62365269432996,850.5685429585991,257.67346938775506,0.9880903587496761,459.9790909553375,435.86338834100474,435.86338834100474,447.6538252033887,476.17104753926947,40.30765919826473,0.09247773563107664,124.0,124.0,123.968994140625,122.61931618180148,121.36306095893826,112.59054250462435,120.7955100052717,92.0,0.5478260869565217,40219.831473157596,41017.55436199017,40702.5,-482.6685268424044,41189.0,42453.0,1264.0,0.02977410312580972,2,0,1.8275862068965518,0.918552036199095,11.610791221322872,11.00881906453736,0.5478260869565217,8.0,4.0,8.0,4.0,112.0,92.0,244.0,0.9478260869565217,0,0,26.32891962107831,0.0,147,435.86338834100474,40219.831473157596,0.0,0.0,0.06040635741692407,448.18177346454405,459.9827341081959,0.027485243383093105,7.92019479933792e-06,29.300626304801668,479.280822246236,448.8635590294209,448.1872754922474,0.6762835371735036,120.01397728918876,120.01397728918876,120.01397728918876,123.59120327193958,119.7386771777225,104.45072746135116,0.5727170913996297,39315.4162148646,42425.0,-3109.583785135401,42918.0,0.0,0.5727170913996297,4.366105964651254,4.366015447138864,4.366105964651254,4.366015447138864,111.23325083995763,87.2590489064512,241.639137871222,0.9465889088816688,448.87708759593966,479.3577751254786,3.013868805645803e-05,0.0001605332869014,0.00364559747456133,0.013251676045977778,0.001694164406237862,0.012642319932318692
100,5.0,416.7186997420212,263.62365269432996,850.5685429585991,257.67346938775506,0.9880903587496761,459.9790909553375,435.86338834100474,435.86338834100474,447.6538252033887,476.17104753926947,40.30765919826473,0.09247773563107664,124.0,124.0,123.968994140625,122.61931618180148,121.36306095893826,112.59054250462435,120.7955100052717,92.0,0.5478260869565217,40219.831473157596,41017.55436199017,40702.5,-482.6685268424044,41189.0,42453.0,1264.0,0.02977410312580972,2,0,1.8275862068965518,0.918552036199095,11.610791221322872,11.00881906453736,0.5478260869565217,8.0,4.0,8.0,4.0,112.0,92.0,244.0,0.9478260869565217,0,0,26.32891962107831,0.0,147,435.86338834100474,40219.831473157596,0.0,0.0,0.06040635741692407,448.18177346454405,459.9827341081959,0.027485243383093105,7.92019479933792e-06,29.39457202505219,479.280822246236,448.8629022111102,448.18662168258095,0.6762805285292757,120.01466687435952,120.01466687435952,120.01466687435952,123.59120327193958,119.73936518105354,104.4505750339216,0.572717091693533,39315.58462757152,42425.0,-3109.4153724284843,42918.0,0.0,0.572717091693533,4.366099551284286,4.3660090341741125,4.366099551284286,4.3660090341741125,111.23308775441294,87.25892091938033,241.63878495185855,0.9465889089206416,448.87708759593966,479.3577751254786,3.160193563322977e-05,0.0001605332869014,0.00364559747456133,0.013251676045977778,0.001694164406237862,0.012642319932318692
101,5.05,416.7186997420212,263.62365269432996,850.5685429585991,257.67346938775506,0.9880900782059738,459.97900658035127,435.86338834100474,435.86338834100474,447.6531137397239,476.17061040821545,40.307222067210716,0.09247673272267529,124.0,124.0,123.968994140625,122.61960658094999,121.36309807061333,112.59056975047699,120.79553842011947,92.0,0.5478260869565217,40219.831473157596,41017.463222934595,40701.5,-481.6685268424044,41188.0,42452.0,1264.0,0.029774804485065486,2,0,1.8275862068965518,0.918552036199095,11.61151775977083,11.006787537609087,0.5478260869565217,8.0,4.0,8.0,4.0,112.0,92.0,244.0,0.9478260869565217,0,0,26.329389213022043,0.0,147,435.86338834100474,40219.831473157596,0.0,0.0,0.060407434800242556,448.18177346454405,459.9827341081959,0.027485243383093105,8.10362556735722e-06,29.488517745302715,479.280822246236,448.86221381379414,448.18593643855735,0.6762773752367934,120.01538961392949,120.01538961392949,120.01538961392949,123.59120327193958,119.74008626273093,104.45041527797044,0.572717092001567,39315.76113664362,42425.0,-3109.2388633563824,42918.0,0.0,0.572717092001567,4.366092829570761,4.366002312882074,4.366092829570761,4.366002312882074,111.23291682791891,87.25878677885066,241.63841506457172,0.9465889089614872,448.87708759593966,479.3577751254786,3.3135534328931904e-05,0.0001605332869014,0.003646445816122168,0.013251676045977778,0.001694164406237862,0.012642319932318692
102,5.1,416.7186997420212,263.62365269432996,850.5685429585991,257.67346938775506,0.9880897976490541,459.9789236440331,435.8627617219295,435.8627617219295,447.6520486834379,476.1698235189893,40.307061797059816,0.09247649796422573,124.0,124.0,123.968994140625,122.61989176158113,121.36313449884472,112.59059649089727,120.79556630732101,92.0,0.5478260869565217,40219.80665169261,41017.37179504906,40700.5,-480.6933483073881,41187.0,42451.0,1264.0,0.02977550587736449,2,0,1.8275862068965518,0.918552036199095,11.61223129022242,11.00456797481286,0.5478260869565217,8.0,4.0,8.0,4.0,112.0,92.0,244.0,0.9478260869565217,0,0,26.328906675129502,0.0,147,435.8627617219295,40219.80665169261,0.0,0.0,0.06040641455836676,448.18177346454405,459.9827341081959,0.027486641519100408,8.283928678798347e-06,29.582463465553236,479.280822246236,448.8614923196832,448.1852182493394,0.6762740703437657,120.01614710140646,120.01614710140646,120.01614710140646,123.59120327193958,119.74084201260708,104.45024784126537,0.5727170923244108,39315.94613114856,42425.0,-3109.0538688514425,42918.0,0.0,0.5727170923244108,4.36608578469054,4.365995268443612,4.36608578469054,4.365995268443612,111.2327376836144,87.2586461891076,241.63802739382703,0.9465889090042968,448.87708759593966,479.3577751254786,3.474286544680183e-05,0.0001605332869014,0.0036472796927099825,0.013256057713130997,0.001694164406237862,0.012641009172459196
103,5.15,416.7186997420212,263.62365269432996,850.5685429585991,257.67346938775506,0.9880903587496761,459.9788829751826,435.8627617219295,435.8627617219295,447.6520681837497,476.16999011225033,40.30722839032086,0.09247688017916969,124.0,124.0,123.968994140625,122.62003150693411,121.3631523435673,112.59060958862077,120.79557996655821,92.0,0.5478260869565217,40222.806626529,41017.376654973144,40702.5,-479.69337347099645,41189.0,42453.0,1264.0,0.02977410312580972,2,0,1.8275862068965518,0.918552036199095,11.6125809546385,11.00594795055363,0.5478260869565217,8.0,4.0,8.0,4.0,112.0,92.0,244.0,0.9478260869565217,0,0,26.32843358149223,0.0,147,435.8627617219295,40222.806626529,0.0,0.0,0.06040532913956337,448.18177346454405,459.9827341081959,0.027486641519100408,8.372342541917988e-06,29.676409185803756,479.280822246236,448.86073613808617,448.1844655315223,0.6762706065638895,120.01694100683682,120.01694100683682,120.01694100683682,123.59120327193958,119.74163409689744,104.45007235465562,0.5727170926627775,39316.140018834645,42425.0,-3108.859981165355,42918.0,0.0,0.5727170926627775,4.3660784011114515,4.3659878853273995,4.3660784011114515,4.3659878853273995,111.2325499265368,87.25849884019038,241.63762108492017,0.9465889090491642,448.87708759593966,479.3577751254786,3.642747269871904e-05,0.0001605332869014,0.003647688594419459,0.013256057713130997,0.001694164406237862,0.012799430385615852
104,5.2,416.7186997420212,263.62365269432996,850.5685429585991,257.67346938775506,0.9880900782059738,459.9790949465905,435.8627617219295,435.8627617219295,447.65393460925685,476.17109806441283,40.30833634248336,0.09247942215398332,124.0,124.0,123.968994140625,122.61930243803616,121.3630592021271,112.59054121475285,120.79550866004425,92.0,0.591304347826087,40222.806626529,41017.35128508867,40701.5,-478.69337347099645,41188.0,42452.0,1264.0,0.029774804485065486,2,0,1.8275862068965518,0.918552036199095,11.610756837548195,11.015146648416762,0.591304347826087,8.0,4.0,8.0,4.0,112.0,92.0,244.0,0.9478260869565217,0,0,26.328938788139688,0.0434782608695653,147,435.8627617219295,40222.806626529,0.0,0.0,0.060406488235250876,448.18177346454405,459.9827341081959,0.027486641519100408,7.911517836522997e-06,29.77035490605428,479.2807482462848,448.8599436019147,448.1836766256528,0.6762669762619566,120.0177730804766,120.0177730804766,120.0177730804766,123.59148903045556,119.74246426184315,104.44988843126065,0.5727170930174118,39316.34322702623,42422.0,-3105.6567729737726,42915.0,0.0,0.5727170930174118,4.366070662555735,4.3659801472568915,4.366070662555735,4.3659801472568915,111.23235314275422,87.25834440725174,241.63719524209617,0.9465889090961892,448.87708759593966,479.3577751254786,3.8193069993308626e-05,0.0001606876600126,0.003645557344826392,0.013256057713130997,0.001694164406237862,0.012799430385615852
105,5.25,416.7186997420212,263.62365269432996,850.5685429585991,257.67346938775506,0.9880912003014886,459.9794049816621,435.85709478355955,435.85709478355955,447.65629288804377,476.17078143556495,40.3136866520054,0.09249289993093862,124.0,124.0,123.968994140625,122.61823295699458,121.36292237790664,112.59044073086572,120.7954038600807,92.0,0.5478260869565217,40225.5785198014,41017.718442465055,40705.5,-479.9214801986018,41192.0,42456.0,1264.0,0.0297719992462785,2,0,1.8275862068965518,0.918552036199095,11.608081577932866,11.028971990527358,0.5478260869565217,8.0,4.0,8.0,4.0,112.0,92.0,244.0,0.9478260869565217,0,0,26.32875822205444,0.0434782608695653,147,435.85709478355955,40225.5785198014,0.0,0.0,0.06040685935175365,448.18177346454405,459.9827341081959,0.027499285804757356,7.23750325160033e-06,29.864300626304804,479.2807482462848,448.8591129640172,448.1828497925818,0.6762631714353802,120.01864515663851,120.01864515663851,120.01864515663851,123.59148903045556,119.7433343375492,104.44969566561976,0.5727170933890963,39316.55620356169,42422.0,-3105.4437964383105,42915.0,0.0,0.5727170933890963,4.366062551963729,4.365972037173151,4.366062551963729,4.365972037173151,111.23214689845535,87.25818254984358,241.63674892658136,0.9465889091454756,448.87708759593966,479.3577751254786,4.004354960229772e-05,0.0001606876600126,0.0036424401219578833,0.013295684080560727,0.001694164406237862,0.012945807178389794
106,5.3,416.7186997420212,263.62365269432996,850.5685429585991,257.67346938775506,0.9881003415380991,459.9794049816621,435.85709478355955,435.85709478355955,447.65629288804377,476.17078143556495,40.3136866520054,0.09249289993093862,124.0,124.0,123.968994140625,122.61823295699458,121.36292237790664,112.59044073086572,120.7954038600807,92.0,0.5478260869565217,40225.5785198014,41017.718442465055,40705.5,-479.9214801986018,41192.0,42455.0,1263.0,0.02974914615475209,2,0,1.8275862068965518,0.918552036199095,11.608081577932866,11.017390204035005,0.5478260869565217,8.0,4.0,8.0,4.0,112.0,92.0,244.0,0.9478260869565217,0,0,26.32875822205444,0.0,147,435.85709478355955,40225.5785198014,0.0,0.0,0.06040685935175365,448.18177346454405,459.9827341081959,0.027499285804757356,7.23750325160033e-06,29.958246346555324,479.2807482462848,448.8582423933407,448.181983209643,0.6762591836976526,120.01955915772268,120.01955915772268,120.01955915772268,123.59148903045556,119.74424624200591,104.44949363280192,0.5727170937786501,39316.77941777647,42422.0,-3105.2205822235264,42915.0,0.0,0.5727170937786501,4.366054051456281,4.365963537198809,4.366054051456281,4.365963537198809,111.23193073899722,87.2580129111675,241.63628115452087,0.9465889091971303,448.87708759593966,479.3577751254786,4.1982990711120216e-05,0.0001606876600126,0.0036424401219578833,0.013295684080560727,0.001694164406237862,0.012945807178389794
107,5.35,416.7186997420212,263.62365269432996,850.5685429585991,257.67346938775506,0.9881003415380991,459.9794049816621,435.85709478355955,435.85709478355955,447.65629288804377,476.17078143556495,40.3136866520054,0.09249289993093862,124.0,124.0,123.968994140625,122.61823295699458,121.36292237790664,112.59044073086572,120.7954038600807,92.0,0.5478260869565217,40225.5785198014,41017.718442465055,40705.5,-479.9214801986018,41192.0,42455.0,1263.0,0.02974914615475209,2,0,1.8275862068965518,0.918552036199095,11.608081577932866,11.017390204035005,0.5478260869565217,8.0,4.0,8.0,4.0,112.0,92.0,244.0,0.9478260869565217,0,0,26.32875822205444,0.0,147,435.85709478355955,40225.5785198014,0.0,0.0,0.06040685935175365,448.18177346454405,459.9827341081959,0.027499285804757356,7.23750325160033e-06,30.052192066805844,479.2807000216999,448.85732997090736,448.18107496664805,0.6762550042593034,120.02051709844022,120.02051709844022,120.02051709844022,123.59167496333254,119.74520198530284,104.44928188747042,0.5727170941869318,39317.013361532794,42423.0,-3105.986638467206,42916.0,0.0,0.5727170941869318,4.366045142296173,4.365954628597251,4.366045142296173,4.365954628597251,111.23170418790444,87.25783511729423,241.63579089481527,0.9465889092512692,448.87708759593966,479.3577751254786,4.401566838285742e-05,0.0001607882625008,0.0036424401219578833,0.013295684080560727,0.001694164406237862,0.012945807178389794
108,5.4,416.7186997420212,263.62365269432996,850.5859473206885,257.67346938775506,0.9881180655343809,459.9797974356418,435.87757782410125,435.87757782410125,447.6584711548832,476.1742636585402,40.29668583443896,0.09244954979239772,124.0,124.0,123.968994140625,122.61687379287527,121.36274816073797,112.59031271177369,120.7952703316013,92.0,0.5478260869565217,40218.91515822558,41014.17563299969,40703.5,-484.58484177442006,41190.0,42451.0,1261.0,0.02970483616404796,2,0,1.793103448275862,0.916289592760181,11.470537973705012,11.030470350168812,0.5478260869565217,8.0,4.0,8.0,4.0,112.0,92.0,244.0,0.9478260869565217,0,0,26.30908066461377,0.0,147,435.87757782410125,40218.91515822558,0.0,0.017404362089450842,0.06035887598519881,448.18177346454405,459.9827341081959,0.027453583275662163,6.384310402118842e-06,30.146137787056368,479.2807000216999,448.85637368559986,448.1801230616904,0.676250623909425,120.02152109023852,120.02152109023852,120.02152109023852,123.59167496333254,119.74620367404394,104.44905996290656,0.5727170946148417,39317.25855029865,42423.0,-3105.7414497013524,42916.0,0.0,0.5727170946148417,4.366035804846028,4.365945291732714,4.366035804846028,4.365945291732714,111.2314667458242,87.25764877633878,241.63527706685812,0.9465889093080112,448.87708759593966,479.3577751254786,4.6146062947283184e-05,0.0001607882625008,0.003638494224760239,0.013152455332055016,0.001694164406237862,0.012593931618722673
109,5.45,416.7186997420212,263.62365269432996,850.5859473206885,257.67346938775506,0.988108923018939,459.97963289605764,435.8750725076573,435.8750725076573,447.6576685417378,476.1735653812292,40.29849287357189,0.09245422694564379,124.0,124.0,123.968994140625,122.6174443689616,121.36282134225186,112.59036649739596,120.79532643336366,92.0,0.5478260869565217,40223.32943107172,41014.095514165,40703.5,-480.1705689282826,41190.0,42452.0,1262.0,0.02972769245265241,2,0,1.793103448275862,0.918552036199095,11.606109387969088,11.024959225805546,0.5478260869565217,8.0,4.0,8.0,4.0,112.0,92.0,244.0,0.9478260869565217,0,0,26.30961046814128,0.0,147,435.8750725076573,40223.32943107172,0.0,0.0,0.06036043840905603,448.18177346454405,459.9827341081959,0.02745917323177427,6.742018576644249e-06,30.24008350730689,479.2807000216999,448.8553714297441,448.1791253967507,0.6762460329933901,120.02257334593818,120.02257334593818,120.02257334593818,123.59167496333254,119.74725351597382,104.44882736998376,0.5727170950633238,39317.51552427812,42423.0,-3105.4844757218816,42916.0,0.0,0.5727170950633238,4.366026018526263,4.36593550602629,4.366026018526263,4.36593550602629,111.2312178894293,87.2574534776017,241.63473853816055,0.9465889093674796,448.87708759593966,479.3577751254786,4.837886984132567e-05,0.0001607882625008,0.003640148574869156,0.013169973890305501,0.001694164406237862,0.012827038393821735
110,5.5,416.7186997420212,263.62365269432996,850.5859473206885,257.67346938775506,0.988108923018939,459.97963289605764,435.8750725076573,435.8750725076573,447.6576685417378,476.1709171327404,40.29584462508308,0.09244815124034232,124.0,124.0,123.968994140625,122.6174443689616,121.36282134225186,112.59036649739596,120.79532643336366,92.0,0.5478260869565217,40223.32943107172,41014.095514165,40703.5,-480.1705689282826,41190.0,42452.0,1262.0,0.02972769245265241,2,0,1.793103448275862,0.9144144144144144,11.835028204840592,11.024959225805546,0.5478260869565217,8.0,4.0,8.0,4.0,112.0,92.0,244.0,0.9478260869565217,0,0,26.312849142109442,0.0,147,435.8750725076573,40223.32943107172,0.0,0.0,0.0603678686893644,448.18177346454405,459.9827341081959,0.02745917323177427,6.742018576644249e-06,30.33402922755741,479.28065697280016,448.8543209944841,448.1780797730886,0.6762412213955145,120.02367618459122,120.02367618459122,120.02367618459122,123.59184074756465,119.74835382482485,104.4485835960933,0.5727170955333657,39317.78484959595,42424.0,-3106.215150404052,42917.0,0.0,0.5727170955333657,4.3660157617687005,4.365925249911754,4.3660157617687005,4.365925249911754,111.23095707026884,87.25724879066723,241.6341741218676,0.9465889094298078,448.87708759593966,479.3577751254786,5.071900991315825e-05,0.0001608780678654,0.003640148574869156,0.013169973890305501,0.001694164406237862,0.012827038393821735
111,5.55,416.7186997420212,263.62365269432996,850.5859473206885,257.67346938775506,0.988108923018939,459.97963289605764,435.8750725076573,435.8750725076573,447.6576685417378,476.1709171327404,40.29584462508308,0.09244815124034232,124.0,124.0,123.968994140625,122.6174443689616,121.36282134225186,112.59036649739596,120.79532643336366,92.0,0.5478260869565217,40223.32943107172,41014.095514165,40703.5,-480.1705689282826,41190.0,42452.0,1262.0,0.02972769245265241,2,0,1.793103448275862,0.9144144144144144,11.835028204840592,11.024959225805546,0.5478260869565217,8.0,4.0,8.0,4.0,112.0,92.0,244.0,0.9478260869565217,0,0,26.312849142109442,0.0,147,435.8750725076573,40223.32943107172,0.0,0.0,0.0603678686893644,448.18177346454405,459.9827341081959,0.02745917323177427,6.742018576644249e-06,30.427974947807932,479.28063432397687,448.85322006493,448.17698388641713,0.6762361785128519,120.02483203657135,120.02483203657135,120.02483203657135,123.59192789665212,119.74950702539564,104.44832810402022,0.5727170960260028,39318.06711953781,42428.0,-3109.932880462191,42921.0,0.0,0.5727170960260028,4.36600501197001,4.365914500787142,4.36600501197001,4.365914500787142,111.23068371356476,87.25703426445841,241.63358257414967,0.9465889094951324,448.87708759593966,479.3577751254786,5.3171640231219897e-05,0.0001609253161306,0.003640148574869156,0.013169973890305501,0.001694164406237862,0.012827038393821735
112,5.6,416.7186997420212,263.62365269432996,850.5859473206885,257.67346938775506,0.9881092031187431,459.97955875016964,435.8750725076573,435.8750725076573,447.6575147940971,476.1710213075221,40.29594879986479,0.09244839024180922,124.0,124.0,123.968994140625,122.61770113808797,121.36285425382754,112.5903906814159,120.79535165812732,92.0,0.5478260869565217,40223.32943107172,41014.10484642678,40704.5,-481.1705689282826,41191.0,42453.0,1262.0,0.0297269922031423,2,0,1.793103448275862,0.9144144144144144,11.835670322163972,11.021806709979646,0.5478260869565217,8.0,4.0,8.0,4.0,112.0,92.0,244.0,0.9478260869565217,0,0,26.312793567563368,0.0,147,435.8750725076573,40223.32943107172,0.0,0.0,0.060367741188276175,448.18177346454405,459.9827341081959,0.02745917323177427,6.903211340003601e-06,30.521920668058456,479.28063432397687,448.85206621508166,448.1758353218474,0.676230893234333,120.02604344890716,120.02604344890716,120.02604344890716,123.59192789665212,119.7507156588722,104.4480603307636,0.5727170965423225,39318.36295585049,42428.0,-3109.637044149509,42921.0,0.0,0.5727170965423225,4.365993745442317,4.365903234965629,4.365993745442317,4.365903234965629,111.23039721695034,87.25680942624695,241.63296259147643,0.946588909563597,448.87708759593966,479.3577751254786,5.5742165393168897e-05,0.0001609253161306,0.003640894068778795,0.013169973890305501,0.001694164406237862,0.012827038393821735
113,5.65,416.7186997420212,263.62365269432996,850.5859473206885,257.67346938775506,0.9880909197974326,459.97955875016964,435.8750725076573,435.8750725076573,447.6575147940971,476.1710213075221,40.29594879986479,0.09244839024180922,124.0,124.0,123.968994140625,122.61770113808797,121.36285425382754,112.5903906814159,120.79535165812732,92.0,0.5478260869565217,40223.32943107172,41014.10484642678,40704.5,-481.1705689282826,41191.0,42455.0,1264.0,0.029772700506418562,2,0,1.8275862068965518,0.9144144144144144,11.835670322163972,11.035030036540038,0.5478260869565217,8.0,4.0,8.0,4.0,112.0,92.0,244.0,0.9478260869565217,0,0,26.312793567563368,0.0,147,435.8750725076573,40223.32943107172,0.0,0.0,0.060367741188276175,448.18177346454405,459.9827341081959,0.02745917323177427,6.903211340003601e-06,30.615866388308977,479.28063432397687,448.8508569025048,448.174631548589,0.676225353915811,120.02731309086984,120.02731309086984,120.02731309086984,123.59192789665212,119.75198238840264,104.44777968630204,0.5727170970834611,39318.673010103405,42428.0,-3109.3269898965955,42921.0,0.0,0.5727170970834611,4.365981937360395,4.365891427624206,4.365981937360395,4.365891427624206,111.2300969491486,87.25657378061595,241.63231280775565,0.9465889096353532,448.87708759593966,479.3577751254786,5.843624938695058e-05,0.0001609253161306,0.003640894068778795,0.013169973890305501,0.001694164406237862,0.012827038393821735
114,5.7,416.7186997420212,263.62365269432996,850.5859473206885,257.67346938775506,0.9880917612699609,459.97933545904453,435.8746157158417,435.8746157158417,447.6542078385217,476.16865884788746,40.29404313204577,0.09244411507164835,124.0,124.0,123.968994140625,122.61847310306653,121.36295312108783,112.5904633131512,120.7954274129807,92.0,0.5478260869565217,40220.32308570391,41014.13287579851,40707.5,-487.1769142960911,41194.0,42458.0,1264.0,0.029770596825097743,2,0,1.8275862068965518,0.9144144144144144,11.83760105138754,11.029522983512539,0.5478260869565217,8.0,4.0,8.0,4.0,112.0,92.0,244.0,0.9478260869565217,0,0,26.313167105405967,0.0,147,435.8746157158417,40220.32308570391,0.0,0.0,0.06036866143762826,448.18177346454405,459.9827341081959,0.027460192442823605,7.388645049899445e-06,30.709812108559497,479.28063432397687,448.8495894627539,448.1733699144008,0.6762195483531173,120.02864375982726,120.02864375982726,120.02864375982726,123.59192789665212,119.75331000493802,104.44748555229975,0.5727170976506123,39318.997965115,42428.0,-3109.002034885001,42921.0,0.0,0.5727170976506123,4.365969561707836,4.365879052747516,4.365969561707836,4.365879052747516,111.22978224858826,87.25632680837441,241.63163179133593,0.946588909710558,448.87708759593966,479.3577751254786,6.125982801430396e-05,0.0001609253161306,0.0036431391315645,0.013173168031328952,0.001694164406237862,0.012668280768738126
115,5.75,416.7186997420212,263.62365269432996,850.5859473206885,257.67346938775506,0.9880917612699609,459.97933545904453,435.8746157158417,435.8746157158417,447.6542078385217,476.16865884788746,40.29404313204577,0.09244411507164835,124.0,124.0,123.968994140625,122.61847310306653,121.36295312108783,112.5904633131512,120.7954274129807,92.0,0.5478260869565217,40220.32308570391,41014.13287579851,40707.5,-487.1769142960911,41194.0,42458.0,1264.0,0.029770596825097743,2,0,1.8275862068965518,0.9144144144144144,11.83760105138754,11.029522983512539,0.5478260869565217,8.0,4.0,8.0,4.0,112.0,92.0,244.0,0.9478260869565217,0,0,26.313167105405967,0.0,147,435.8746157158417,40220.32308570391,0.0,0.0,0.06036866143762826,448.18177346454405,459.9827341081959,0.027460192442823605,7.388645049899445e-06,30.80375782881002,479.28063432397687,448.84826110353424,448.17204763977594,0.6762134637583017,120.03003838737736,120.03003838737736,120.03003838737736,123.59192789665212,119.7547014333514,104.44717728074868,0.572717098245025,39319.33853644724,42428.0,-3108.6614635527585,42921.0,0.0,0.572717098245025,4.36595659121997,4.365866083072888,4.36595659121997,4.365866083072888,111.22945242195294,87.25606796541848,241.63091804186996,0.9465889097893784,448.87708759593966,479.3577751254786,6.421912189769063e-05,0.0001609253161306,0.0036431391315645,0.013173168031328952,0.001694164406237862,0.012668280768738126
116,5.8,416.7186997420212,263.62365269432996,850.5859473206885,257.67346938775506,0.9880917612699609,459.97933545904453,435.8746157158417,435.8746157158417,447.6542078385217,476.171278220481,40.2966625046393,0.0924501245351479,124.0,124.0,123.968994140625,122.61847310306653,121.36295312108783,112.5904633131512,120.7954274129807,92.0,0.5478260869565217,40220.32308570391,41014.13287579851,40707.5,-487.1769142960911,41194.0,42458.0,1264.0,0.029770596825097743,2,0,1.8275862068965518,0.916289592760181,11.474537554835909,11.018795698448601,0.5478260869565217,8.0,4.0,8.0,4.0,112.0,92.0,244.0,0.9478260869565217,0,0,26.309900617818744,0.0,147,435.8746157158417,40220.32308570391,0.0,0.0,0.06036116733847807,448.18177346454405,459.9827341081959,0.027460192442823605,7.388645049899445e-06,30.897703549060545,479.28063432397687,448.84686889857704,448.17066181184816,0.6762070867288799,120.03150004577364,120.03150004577364,120.03150004577364,123.59192789665212,119.75615973884888,104.44685419255204,0.5727170988680093,39319.6954739708,42428.0,-3108.3045260291983,42921.0,0.0,0.5727170988680093,4.36594299732382,4.365852490028942,4.36594299732382,4.365852490028942,111.22910674266149,87.25579668153784,241.63016998702497,0.9465889098719866,448.87708759593966,479.3577751254786,6.732065012371446e-05,0.0001609253161306,0.0036431391315645,0.013173168031328952,0.001694164406237862,0.012668280768738126
117,5.85,416.7186997420212,263.62365269432996,850.5859473206885,257.67346938775506,0.9880826208813208,459.97933545904453,435.8746157158417,435.8746157158417,447.6542078385217,476.171278220481,40.2966625046393,0.0924501245351479,124.0,124.0,123.968994140625,122.61847310306653,121.36295312108783,112.5904633131512,120.7954274129807,92.0,0.5478260869565217,40220.32308570391,41014.13287579851,40707.5,-487.1769142960911,41194.0,42459.0,1265.0,0.02979344779669799,2,0,1.8275862068965518,0.918552036199095,11.608682234516037,11.018795698448601,0.5478260869565217,8.0,4.0,8.0,4.0,112.0,92.0,244.0,0.9478260869565217,0,0,26.309900617818744,0.0,147,435.8746157158417,40220.32308570391,0.0,0.0,0.06036116733847807,448.18177346454405,459.9827341081959,0.027460192442823605,7.388645049899445e-06,30.991649269311065,479.28063432397687,448.84540978123135,448.1692093780108,0.6762004032205482,120.03303195465668,120.03303195465668,120.03303195465668,123.59192789665212,119.75768813368556,104.44651557603312,0.5727170995209375,39320.0695635048,42428.0,-3107.930436495197,42921.0,0.0,0.5727170995209375,4.3659287500755966,4.365838243674091,4.3659287500755966,4.365838243674091,111.22874444927623,87.25551235916805,241.62938597903735,0.946588909958566,448.87708759593966,479.3577751254786,7.057124452036767e-05,0.0001609253161306,0.0036431391315645,0.013173168031328952,0.001694164406237862,0.012668280768738126
118,5.9,416.7186997420212,263.62365269432996,850.5859473206885,257.67346938775506,0.9880826208813208,459.97933545904453,435.8746157158417,435.8746157158417,447.6542078385217,476.171278220481,40.2966625046393,0.0924501245351479,124.0,124.0,123.968994140625,122.61847310306653,121.36295312108783,112.5904633131512,120.7954274129807,92.0,0.5478260869565217,40220.32308570391,41014.13287579851,40707.5,-487.1769142960911,41194.0,42459.0,1265.0,0.02979344779669799,2,0,1.8275862068965518,0.918552036199095,11.608682234516037,11.018795698448601,0.5478260869565217,8.0,4.0,8.0,4.0,112.0,92.0,244.0,0.9478260869565217,0,0,26.309900617818744,0.0,147,435.8746157158417,40220.32308570391,0.0,0.0,0.06036116733847807,448.18177346454405,459.9827341081959,0.027460192442823605,7.388645049899445e-06,31.085594989561585,479.28063432397687,448.84388053774495,448.1676871392309,0.6761933985140445,120.03463748810654,120.03463748810654,120.03463748810654,123.59192789665212,119.75928998420154,104.44616068537836,0.5727171002052482,39320.46162853431,42428.0,-3107.5383714656928,42921.0,0.0,0.5727171002052482,4.365913818095471,4.365823312630141,4.365913818095471,4.365823312630141,111.22836474383462,87.25521437208027,241.62856429110445,0.9465889100493068,448.87708759593966,479.3577751254786,7.397806462461354e-05,0.0001609253161306,0.0036431391315645,0.013173168031328952,0.001694164406237862,0.012668280768738126
119,5.95,416.7186997420212,263.62365269432996,850.5859473206885,257.67346938775506,0.9880826208813208,459.97933545904453,435.8746157158417,435.8746157158417,447.6542078385217,476.171278220481,40.2966625046393,0.0924501245351479,124.0,124.0,123.968994140625,122.61847310306653,121.36295312108783,112.5904633131512,120.7954274129807,92.0,0.5478260869565217,40220.32308570391,41014.13287579851,40707.5,-487.1769142960911,41194.0,42459.0,1265.0,0.02979344779669799,2,0,1.8275862068965518,0.918552036199095,11.608682234516037,11.018795698448601,0.5478260869565217,8.0,4.0,8.0,4.0,112.0,92.0,244.0,0.9478260869565217,0,0,26.309900617818744,0.0,147,435.8746157158417,40220.32308570391,0.0,0.0,0.06036116733847807,448.18177346454405,459.9827341081959,0.027460192442823605,7.388645049899445e-06,31.17954070981211,479.28063432397687,448.8422778002282,448.166091743043,0.6761860571851912,120.03632018203012,120.03632018203012,120.03632018203012,123.59192789665212,119.76096881819284,104.44578873900248,0.5727171009224492,39320.87253200929,42428.0,-3107.1274679907074,42921.0,0.0,0.5727171009224492,4.365898168498518,4.365807664014142,4.365898168498518,4.365807664014142,111.22796679010293,87.25490206401071,241.6277031136019,0.946588910144408,448.87708759593966,479.3577751254786,7.754861335851349e-05,0.0001609253161306,0.0036431391315645,0.013173168031328952,0.001694164406237862,0.012668280768738126
120,6.0,416.7186997420212,263.62365269432996,850.5859473206885,257.67346938775506,0.9880934438583271,459.9791556373765,435.872080877852,435.872080877852,447.6497689943493,476.16935766707826,40.29727678922626,0.09245207150700505,124.0,124.0,123.968994140625,122.6190933752824,121.36303247376955,112.59052158943435,120.79548819233858,92.0,0.5478260869565217,40232.20791998029,41018.052825088365,40713.5,-481.29208001970983,41200.0,42464.0,1264.0,0.029766390354182368,2,0,1.793103448275862,0.920814479638009,11.45056324150539,11.012444904843324,0.5478260869565217,8.0,4.0,8.0,4.0,112.0,92.0,244.0,0.9478260869565217,0,0,26.31174593082337,0.0,147,435.872080877852,40232.20791998029,0.0,0.0,0.06036575198354337,448.18177346454405,459.9827341081959,0.027465848268517057,7.779576392974441e-06,31.273486430062633,479.28063432397687,448.84059803928295,448.16441967621313,0.6761783630698233,120.0380837419006,120.0380837419006,120.0380837419006,123.59192789665212,119.76272833263262,104.4453989178397,0.5727171016741189,39321.30317822908,42428.0,-3106.696821770922,42921.0,0.0,0.5727171016741189,4.365881766822355,4.365791263366532,4.365881766822355,4.365791263366532,111.22754971174498,87.2545747472243,241.6268005501248,0.946588910244081,448.87708759593966,479.3577751254786,8.129075344909253e-05,0.0001609253161306,0.0036449471341655176,0.013190893020555436,0.001694164406237862,0.013295889321113447
121,6.05,416.7186997420212,263.62365269432996,850.5859473206885,257.67346938775506,0.9880840241145441,459.9790713431372,435.872080877852,435.872080877852,447.6487792144019,476.16996147041453,40.297880592562535,0.09245345678347208,124.0,124.0,123.968994140625,122.6193837069224,121.36306958985443,112.59054884142206,120.79551661400086,92.0,0.5478260869565217,40232.20791998029,41017.96198055869,40712.5,-480.29208001970983,41199.0,42464.0,1265.0,0.029789939713639788,2,0,1.8275862068965518,0.920814479638009,11.451289573215835,11.012037620791933,0.5478260869565217,8.0,4.0,8.0,4.0,112.0,92.0,244.0,0.9478260869565217,0,0,26.313632871236695,0.0,147,435.872080877852,40232.20791998029,0.0,0.0,0.060370081098657886,448.18177346454405,459.9827341081959,0.027465848268517057,7.962831617636112e-06,31.367432150313153,479.28063432397687,448.83883755628193,448.1626672570517,0.6761702992302503,120.03993205086417,120.03993205086417,120.03993205086417,123.59192789665212,119.76457240175952,104.44499036355164,0.5727171024619142,39321.754514815926,42428.0,-3106.245485184074,42921.0,0.0,0.5727171024619142,4.365864576952887,4.365774074574574,4.365864576952887,4.365774074574574,111.22711259040574,87.25423170100959,241.62585461333913,0.9465889103485426,448.87708759593966,479.3577751254786,8.52127246293577e-05,0.0001609253161306,0.003645794663862805,0.013190893020555436,0.001694164406237862,0.013295889321113447
122,6.1,416.7186997420212,263.62365269432996,850.5859473206885,257.67346938775506,0.9880840241145441,459.9790713431372,435.872080877852,435.872080877852,447.6487792144019,476.16996147041453,40.297880592562535,0.09245345678347208,124.0,124.0,123.968994140625,122.6193837069224,121.36306958985443,112.59054884142206,120.79551661400086,92.0,0.5478260869565217,40232.20791998029,41017.96198055869,40712.5,-480.29208001970983,41199.0,42464.0,1265.0,0.029789939713639788,2,0,1.8275862068965518,0.920814479638009,11.451289573215835,11.012037620791933,0.5478260869565217,8.0,4.0,8.0,4.0,112.0,92.0,244.0,0.9478260869565217,0,0,26.313632871236695,0.0,147,435.872080877852,40232.20791998029,0.0,0.0,0.060370081098657886,448.18177346454405,459.9827341081959,0.027465848268517057,7.962831617636112e-06,31.461377870563673,479.280687942442,448.8369924752769,448.1608306273621,0.6761618479147842,120.04186917823246,120.04186917823246,120.04186917823246,123.59172149976725,119.76650508555052,104.44456217664802,0.572717103287569,39322.22753478173,42427.0,-3104.7724652182733,42920.0,0.0,0.572717103287569,4.365846561044073,4.365756059795331,4.365846561044073,4.365756059795331,111.22665446370252,87.25387217010388,241.62486322063108,0.9465889104580258,448.87708759593966,479.3577751254786,8.93231616644341e-05,0.0001608134613367,0.003645794663862805,0.013190893020555436,0.001694164406237862,0.013295889321113447
123,6.15,416.7186997420212,263.62365269432996,850.5859473206885,257.67346938775506,0.9880926026235839,459.97901293808127,435.87209812789524,435.87209812789524,447.65071424989577,476.1716312128643,40.299533084969084,0.0924572443569082,124.0,124.0,123.968994140625,122.61958470866807,121.36309527602816,112.59056769893999,120.7955362805793,92.0,0.5478260869565217,40227.70803586591,41017.867842060696,40710.5,-482.79196413409227,41197.0,42461.0,1264.0,0.029768493441040014,2,0,1.8275862068965518,0.918552036199095,11.611463036633143,11.010589035476405,0.5478260869565217,8.0,4.0,8.0,4.0,112.0,92.0,244.0,0.9478260869565217,0,0,26.310946144731833,0.0,147,435.87209812789524,40227.70803586591,0.0,0.0,0.060363914684466856,448.18177346454405,459.9827341081959,0.027465809779572914,8.089803896438319e-06,31.555323590814197,479.2805793510734,448.8350587345292,448.15890574400623,0.6761529905229509,120.04389938837777,120.04389938837777,120.04389938837777,123.5921392147532,119.76853063859596,104.44411341452286,0.5727171041529016,39322.723278693215,42429.0,-3106.2767213067855,42922.0,0.0,0.5727171041529016,4.365827679435974,4.365737179371081,4.365827679435974,4.365737179371081,111.22617432312116,87.25349536304026,241.6238241895607,0.9465889105727704,448.87708759593966,479.3577751254786,9.363111321980532e-05,0.0001610399964514,0.003646381892833591,0.013190772398712195,0.001694164406237862,0.01305826162776843
124,6.2,416.7186997420212,263.62365269432996,850.5859473206885,257.67346938775506,0.9880840241145441,459.97903625088213,435.87209812789524,435.87209812789524,447.65047119774135,476.17078905702124,40.298690929125996,0.09245531224001725,124.0,124.0,123.968994140625,122.61950449312143,121.36308502619563,112.59056017423705,120.79552843306864,92.0,0.5478260869565217,40227.70803586591,41021.661032232914,40712.5,-484.79196413409227,41199.0,42464.0,1265.0,0.029789939713639788,2,0,1.8275862068965518,0.920814479638009,11.45159176233519,11.008803794883411,0.5478260869565217,8.0,4.0,8.0,4.0,112.0,92.0,244.0,0.9478260869565217,0,0,26.310491491247674,0.0,147,435.87209812789524,40227.70803586591,0.0,0.0,0.06036287159525304,448.18177346454405,459.9827341081959,0.027465809779572914,8.039121992209353e-06,31.649269311064717,479.2805793510734,448.8330320776327,448.15688837007144,0.6761437075612662,120.04602715005068,120.04602715005068,120.04602715005068,123.5921392147532,119.77065351939552,104.44364308939362,0.5727171050598179,39323.24283693883,42429.0,-3105.7571630611637,42922.0,0.0,0.5727171050598179,4.365807890567801,4.3657173917434875,4.365807890567801,4.3657173917434875,111.2256711118128,87.25310045041988,241.62273523308875,0.9465889106930284,448.87708759593966,479.3577751254786,9.814606163771612e-05,0.0001610399964514,0.00364614749613904,0.013190772398712195,0.001694164406237862,0.01305826162776843
125,6.25,416.7186997420212,263.62365269432996,850.5859473206885,257.67346938775506,0.9880857075582764,459.97921990091635,435.86463728735146,435.86463728735146,447.65203579190114,476.17013357434035,40.3054962869889,0.09247250829485575,124.0,124.0,123.968994140625,122.61887185018504,121.36300414251139,112.59050078505004,120.7954664946509,92.0,0.5478260869565217,40233.40486354055,41029.4336629335,40718.5,-485.09513645945117,41205.0,42470.0,1265.0,0.029785731104308925,2,0,1.8275862068965518,0.920814479638009,11.450009078420903,11.007746237230059,0.5478260869565217,8.0,4.0,8.0,4.0,112.0,92.0,244.0,0.9478260869565217,0,0,26.30867520349527,0.0,147,435.86463728735146,40233.40486354055,0.0,0.0,0.060359737755349974,448.18177346454405,459.9827341081959,0.027482456687112466,7.639867801501055e-06,31.74321503131524,479.2805793510734,448.8309080442203,448.15477406561666,0.676133978603616,120.04825714613948,120.04825714613948,120.04825714613948,123.5921392147532,119.77287840009538,104.44315016614468,0.5727171060103131,39323.787352103085,42429.0,-3105.212647896915,42922.0,0.0,0.5727171060103131,4.3657871508874635,4.365696653363557,4.3657871508874635,4.365696653363557,111.22514372228537,87.25268656309976,241.6215939545841,0.9465889108190658,448.87708759593966,479.3577751254786,0.0001028779436408,0.0001610399964514,0.0036443010015360417,0.013242942722337309,0.001694164406237862,0.013359096934922734
126,6.3,416.7186997420212,263.62365269432996,850.5859473206885,257.67346938775506,0.9880945653197701,459.9791436205862,435.86463728735146,435.86463728735146,447.6508496964068,476.1695894541727,40.30495216682124,0.09247125992524484,124.0,124.0,123.968994140625,122.61913478105458,121.36303776813438,112.59052547698144,120.79549224677508,92.0,0.5478260869565217,40233.40486354055,41025.74795149014,40717.5,-484.09513645945117,41204.0,42468.0,1264.0,0.02976358670057455,2,0,1.8275862068965518,0.918552036199095,11.610337406807705,11.006110587128406,0.5478260869565217,8.0,4.0,8.0,4.0,112.0,92.0,244.0,0.9478260869565217,0,0,26.307681542763323,0.0,147,435.86463728735146,40233.40486354055,0.0,0.0,0.0603574580091927,448.18177346454405,459.9827341081959,0.027482456687112466,7.805700830587625e-06,31.83716075156576,479.2805793510734,448.8286819602266,448.1525581779805,0.6761237822461794,120.05059428389195,120.05059428389195,120.05059428389195,123.5921392147532,119.77521017668664,104.44263356006763,0.5727171070064808,39324.3580214528,42429.0,-3104.6419785472026,42922.0,0.0,0.5727171070064808,4.365765414755863,4.365674918594664,4.365765414755863,4.365674918594664,111.22459099398688,87.25225279029632,241.6203978425929,0.9465889109511588,448.87708759593966,479.3577751254786,0.0001078371720246,0.0001610399964514,0.003645067956023594,0.013242942722337309,0.001694164406237862,0.013359096934922734
127,6.35,416.7186997420212,263.62365269432996,850.5762521920286,257.57803104830344,0.9880945653197701,459.97920576013644,435.86455335635594,435.86455335635594,447.6566181287629,476.1722736668245,40.30772031046854,0.09247762865798721,124.0,124.0,123.968994140625,122.61892060907778,121.36301037922568,112.59050536502102,120.79547127130478,92.0,0.5478260869565217,40231.89875853917,41025.74034154079,40717.5,-485.6012414608267,41204.0,42468.0,1264.0,0.02976358670057455,2,0,1.8275862068965518,0.918552036199095,11.609801632507669,11.007208381205503,0.5478260869565217,8.0,4.0,8.0,4.0,112.0,92.0,244.0,0.9478260869565217,0,0,26.311993098453282,0.0,147,435.86455335635594,40231.89875853917,0.0,0.09592951660993042,0.060367361593960625,448.18177346454405,459.9827341081959,0.027482643957100872,7.6706097813517e-06,31.931106471816285,479.2805793510734,448.82634892768993,448.15023583163145,0.6761130960584865,120.05304370562148,120.05304370562148,120.05304370562148,123.5921392147532,119.77765397968662,104.44209213449388,0.5727171080505127,39324.9560995403,42429.0,-3104.043900459699,42922.0,0.0,0.5727171080505127,4.365742634348109,4.365652139615008,4.365742634348109,4.365652139615008,111.2240117107724,87.25179817759783,241.6191442653566,0.9465889110895986,448.87708759593966,479.3577751254786,0.000113034658377,0.0001610399964514,0.00364444317887839,0.013243529614279647,0.001694164406237862,0.013279563273985029
128,6.4,416.7186997420212,263.62365269432996,850.5762521920286,257.57803104830344,0.9880945653197701,459.97920576013644,435.86455335635594,435.86455335635594,447.6566181287629,476.1722736668245,40.30772031046854,0.09247762865798721,124.0,124.0,123.968994140625,122.61892060907778,121.36301037922568,112.59050536502102,120.79547127130478,92.0,0.5478260869565217,40231.89875853917,41025.74034154079,40717.5,-485.6012414608267,41204.0,42468.0,1264.0,0.02976358670057455,2,0,1.8275862068965518,0.918552036199095,11.609801632507669,11.007208381205503,0.5478260869565217,8.0,4.0,8.0,4.0,112.0,92.0,244.0,0.9478260869565217,0,0,26.311993098453282,0.0,147,435.86455335635594,40231.89875853917,0.0,0.0,0.060367361593960625,448.18177346454405,459.9827341081959,0.027482643957100872,7.6706097813517e-06,32.02505219206681,479.2805793510734,448.8239038140735,448.1478019175374,0.6761018965361245,120.05561079991944,120.05561079991944,120.05561079991944,123.5921392147532,119.78021518532591,104.44152469831728,0.5727171091447071,39325.582900929774,42429.0,-3103.417099070226,42922.0,0.0,0.5727171091447071,4.365718759548578,4.365628266312342,4.365718759548578,4.365628266312342,111.22340459825332,87.25132172488321,241.61783046507605,0.9465889112346902,448.87708759593966,479.3577751254786,0.0001184818368675,0.0001610399964514,0.00364444317887839,0.013243529614279647,0.001694164406237862,0.013279563273985029
129,6.45,416.7186997420212,263.62365269432996,850.5762521920286,257.57803104830344,0.9880945653197701,459.97920576013644,435.86455335635594,435.86455335635594,447.6566181287629,476.1722736668245,40.30772031046854,0.09247762865798721,124.0,124.0,123.968994140625,122.61892060907778,121.36301037922568,112.59050536502102,120.79547127130478,92.0,0.5478260869565217,40231.89875853917,41025.74034154079,40717.5,-485.6012414608267,41204.0,42468.0,1264.0,0.02976358670057455,2,0,1.8275862068965518,0.918552036199095,11.609801632507669,11.007208381205503,0.5478260869565217,8.0,4.0,8.0,4.0,112.0,92.0,244.0,0.9478260869565217,0,0,26.311993098453282,0.0,147,435.86455335635594,40231.89875853917,0.0,0.0,0.060367361593960625,448.18177346454405,459.9827341081959,0.027482643957100872,7.6706097813517e-06,32.118997912317326,479.2805793510734,448.8213412410824,448.1452510820305,0.6760901590519097,120.05830121339804,120.05830121339804,120.05830121339804,123.5921392147532,119.78289942726396,104.44093000339888,0.5727171102914703,39326.23980305161,42429.0,-3102.7601969483876,42922.0,0.0,0.5727171102914703,4.365693737842058,4.365603246174544,4.365693737842058,4.365603246174544,111.22276832102015,87.25082238414387,241.61645355190177,0.946588911386753,448.87708759593966,479.3577751254786,0.0001241906891613,0.0001610399964514,0.00364444317887839,0.013243529614279647,0.001694164406237862,0.013279563273985029
130,6.5,416.7186997420212,263.62365269432996,850.5762521920286,257.57803104830344,0.9880948456521227,459.9793078419991,435.8644740140489,435.8644740140489,447.6523184700227,476.1719247755188,40.30745076146991,0.09247702706821366,124.0,124.0,123.968994140625,122.61856844611438,121.3629653235575,112.59047227571381,120.79543676066271,92.0,0.5478260869565217,40230.40674320019,41029.423036113665,40718.5,-488.09325679980975,41205.0,42469.0,1264.0,0.02976288586969319,2,0,1.8275862068965518,0.918552036199095,11.60892071717693,11.010857388926846,0.5478260869565217,8.0,4.0,8.0,4.0,112.0,92.0,244.0,0.9478260869565217,0,0,26.31226866200342,0.0,147,435.8644740140489,40230.40674320019,0.0,0.0,0.06036800480590514,448.18177346454405,459.9827341081959,0.027482820988635304,7.448684358646318e-06,32.21294363256785,479.2806882614878,448.81865557294606,448.1425777151492,0.6760778577968836,120.06112086298776,120.06112086298776,120.06112086298776,123.59172027079867,119.78571260885832,104.44030674184688,0.572717111493327,39326.9282491905,42431.0,-3104.0717508094967,42924.0,0.0,0.572717111493327,4.3656675141995365,4.365577024175877,4.3656675141995365,4.365577024175877,111.22210147973314,87.25029905719884,241.61501049763865,0.9465889115461203,448.87708759593966,479.3577751254786,0.0001301737705227,0.0001608127957675,0.0036434168049422023,0.013244084419574333,0.001694164406237862,0.013200773653091295
131,6.55,416.7186997420212,263.62365269432996,850.5762521920286,257.57803104830344,0.9880962471158826,459.97956178586094,435.8644740140489,435.8644740140489,447.65582735828065,476.17495439428706,40.310480380238175,0.09248397789570452,124.0,124.0,123.968994140625,122.61769062963938,121.36285290715966,112.59038969191775,120.79535062605503,92.0,0.5478260869565217,40245.40177176401,41033.39097831616,40723.5,-478.098228235991,41210.0,42474.0,1264.0,0.029759382210293357,2,0,1.8275862068965518,0.918552036199095,11.606725225454829,11.015126112472025,0.5478260869565217,8.0,4.0,8.0,4.0,112.0,92.0,244.0,0.9478260869565217,0,0,26.31420498093165,0.0,147,435.8644740140489,40245.40177176401,0.0,0.0,0.06037244728526208,448.18177346454405,459.9827341081959,0.027482820988635304,6.896611763340665e-06,32.306889352818374,479.2806882614878,448.8158409041582,448.13977593842816,0.6760649657300632,120.06407594881532,120.06407594881532,120.06407594881532,123.59172027079867,119.78866091601331,104.43965354317294,0.5727171127529195,39327.649751614765,42431.0,-3103.3502483852353,42924.0,0.0,0.5727171127529195,4.365640030957827,4.365549542657277,4.365640030957827,4.365549542657277,111.22140260807863,87.24975059330774,241.6134981291567,0.946588911713144,448.87708759593966,479.3577751254786,0.0001364442371283,0.0001608127957675,0.0036408635466631156,0.013244084419574333,0.001694164406237862,0.013992623833826871
132,6.6,416.7186997420212,263.62365269432996,850.5762521920286,257.57803104830344,0.9880954062772245,459.97953122429055,435.86289157515586,435.86289157515586,447.65464791255374,476.172763101037,40.309871525881135,0.0924829167727634,124.0,124.0,123.968994140625,122.61779640611257,121.36286646150312,112.59039965108839,120.79536101369655,92.0,0.5478260869565217,40218.326265437645,41029.598033808456,40720.5,-502.1737345623551,41207.0,42471.0,1264.0,0.029761484306938854,2,0,1.793103448275862,0.9166666666666666,11.967509262978044,11.012860079142259,0.5478260869565217,8.0,4.0,8.0,4.0,112.0,92.0,244.0,0.9478260869565217,0,0,26.318916343466622,0.0,147,435.86289157515586,40218.326265437645,0.0,0.0,0.06038347574934227,448.18177346454405,459.9827341081959,0.027486351785706353,6.963052453623497e-06,32.40083507306889,479.2806882614878,448.81289104662727,448.1368395921114,0.6760514545158571,120.06717296768892,120.06717296768892,120.06717296768892,123.59172027079867,119.79175083063404,104.43896897130745,0.5727171140730187,39328.405894851305,42431.0,-3102.5941051486952,42924.0,0.0,0.5727171140730187,4.365611227694728,4.365520741199987,4.365611227694728,4.365520741199987,111.22067016957789,87.24917578666549,241.6119131214892,0.946588911888191,448.87708759593966,479.3577751254786,0.0001430158746934,0.0001608127957675,0.003641170825531935,0.013255149707551142,0.001694164406237862,0.012562833654582386
133,6.65,416.7186997420212,263.62365269432996,850.5762521920286,257.57803104830344,0.9881045443842712,459.97953122429055,435.86289157515586,435.86289157515586,447.65464791255374,476.172763101037,40.309871525881135,0.0924829167727634,124.0,124.0,123.968994140625,122.61779640611257,121.36286646150312,112.59039965108839,120.79536101369655,92.0,0.5478260869565217,40218.326265437645,41029.598033808456,40720.5,-502.1737345623551,41207.0,42470.0,1263.0,0.029738639039321873,2,0,1.793103448275862,0.9166666666666666,11.967509262978044,11.023622810758072,0.5478260869565217,8.0,4.0,8.0,4.0,112.0,92.0,244.0,0.9478260869565217,0,0,26.318916343466622,0.0,147,435.86289157515586,40218.326265437645,0.0,0.0,0.06038347574934227,448.18177346454405,459.9827341081959,0.027486351785706353,6.963052453623497e-06,32.494780793319414,479.2806882614878,448.8097995162292,448.1337622217662,0.6760372944630149,120.07041872721878,120.07041872721878,120.07041872721878,123.59172027079867,119.7949891447148,104.438251521482,0.5727171154565276,39329.198339114715,42431.0,-3101.801660885285,42924.0,0.0,0.5727171154565276,4.3655810410975135,4.365490556495274,4.3655810410975135,4.365490556495274,111.2199025542486,87.24857337378285,241.61025199060495,0.9465889120716464,448.87708759593966,479.3577751254786,0.0001499031284284,0.0001608127957675,0.003641170825531935,0.013255149707551142,0.001694164406237862,0.012562833654582386
134,6.7,416.7186997420212,263.62365269432996,850.5762521920286,257.57803104830344,0.9881139627972686,459.97944136267483,435.86292445084496,435.86292445084496,447.65475829286504,476.173557472982,40.31063302213704,0.0924846568974075,124.0,124.0,123.968994140625,122.61810721412786,121.36290627583985,112.59042890212683,120.79539152278045,92.0,0.5739130434782609,40227.33025151295,41029.60904517007,40721.5,-494.16974848705286,41208.0,42470.0,1262.0,0.02971509300682835,2,0,1.793103448275862,0.918552036199095,11.607767081628865,11.019504754803869,0.5739130434782609,8.0,4.0,8.0,4.0,112.0,92.0,244.0,0.9478260869565217,0,0,26.313779750230974,0.026086956521739202,147,435.86292445084496,40227.33025151295,0.0,0.0,0.06037168631258185,448.18177346454405,459.9827341081959,0.0274862784322345,7.158411124863484e-06,32.58872651356994,479.2804103240768,448.8065595187246,448.1305370642633,0.6760224544613038,120.0738203606024,120.0738203606024,120.0738203606024,123.59278711846537,119.79838297509022,104.43749961695886,0.5727171169064881,39330.028823896464,42437.0,-3106.971176103536,42930.0,0.0,0.5727171169064881,4.365549404825451,4.3654589222064715,4.365549404825451,4.3654589222064715,111.21909807510866,87.24794203074163,241.6085110858424,0.9465889122639128,448.87708759593966,479.3577751254786,0.0001571211344129,0.0001613926078106,0.0036420743319709715,0.013254919822549616,0.001694164406237862,0.013038311775262466
135,6.75,416.7186997420212,263.62365269432996,850.5762521920286,257.57803104830344,0.9881139627972686,459.97944136267483,435.86292445084496,435.86292445084496,447.65475829286504,476.173557472982,40.31063302213704,0.0924846568974075,124.0,124.0,123.968994140625,122.61810721412786,121.36290627583985,112.59042890212683,120.79539152278045,92.0,0.5739130434782609,40227.33025151295,41029.60904517007,40721.5,-494.16974848705286,41208.0,42470.0,1262.0,0.02971509300682835,2,0,1.793103448275862,0.918552036199095,11.607767081628865,11.019504754803869,0.5739130434782609,8.0,4.0,8.0,4.0,112.0,92.0,244.0,0.9478260869565217,0,0,26.313779750230974,0.0,147,435.86292445084496,40227.33025151295,0.0,0.0,0.06037168631258185,448.18177346454405,459.9827341081959,0.0274862784322345,7.158411124863484e-06,32.682672233820455,479.2804124462532,448.80316393501494,448.1271570331008,0.6760069019140929,120.0773853421049,120.0773853421049,120.0773853421049,123.59277900102222,119.80193977888018,104.43671160561084,0.5727171184260872,39330.89917172183,42441.0,-3110.1008282781695,42934.0,0.0,0.5727171184260872,4.365516249365633,4.3654257688252756,4.365516249365633,4.3654257688252756,111.21825496451392,87.24728037032173,241.60668658198836,0.9465889124654132,448.87708759593966,479.3577751254786,0.0001646857524419,0.0001613881806864,0.0036420743319709715,0.013254919822549616,0.001694164406237862,0.013038311775262466
136,6.8,416.7186997420212,263.62365269432996,850.5762521920286,257.57803104830344,0.9881139627972686,459.97944136267483,435.86292445084496,435.86292445084496,447.65475829286504,476.173557472982,40.31063302213704,0.0924846568974075,124.0,124.0,123.968994140625,122.61810721412786,121.36290627583985,112.59042890212683,120.79539152278045,92.0,0.5739130434782609,40227.33025151295,41029.60904517007,40721.5,-494.16974848705286,41208.0,42470.0,1262.0,0.02971509300682835,2,0,1.793103448275862,0.918552036199095,11.607767081628865,11.019504754803869,0.5739130434782609,8.0,4.0,8.0,4.0,112.0,92.0,244.0,0.9478260869565217,0,0,26.313779750230974,0.0,147,435.86292445084496,40227.33025151295,0.0,0.0,0.06037168631258185,448.18177346454405,459.9827341081959,0.0274862784322345,7.158411124863484e-06,32.77661795407098,479.2804161750608,448.79960530570423,448.1236147030369,0.6759906026673548,120.08112150326612,120.08112150326612,120.08112150326612,123.59276473707304,119.8056673696598,104.43588575633714,0.5727171200186654,39331.81129208178,42443.0,-3111.1887079182197,42936.0,0.0,0.5727171200186654,4.365481501882478,4.365391023520488,4.365481501882478,4.365391023520488,111.21737137032662,87.24658693899437,241.6047744709803,0.9465889126765916,448.87708759593966,479.3577751254786,0.0001726136004187,0.0001613804019295,0.0036420743319709715,0.013254919822549616,0.001694164406237862,0.013038311775262466
137,6.85,416.7186997420212,263.62365269432996,850.5762521920286,257.57803104830344,0.9881139627972686,459.979432659613,435.858307533129,435.858307533129,447.65483403723067,476.1737758077035,40.31546827457453,0.09249673019369994,124.0,124.0,123.968994140625,122.61813729901812,121.3629101286655,112.59043173251524,120.795394474867,92.0,0.5478260869565217,40228.64724564288,41029.61011066448,40721.5,-492.8527543571181,41208.0,42470.0,1262.0,0.02971509300682835,2,0,1.793103448275862,0.918552036199095,11.607842326303116,11.021102937987113,0.5478260869565217,8.0,4.0,8.0,4.0,112.0,92.0,244.0,0.9478260869565217,0,0,26.314177840115484,0.026086956521739202,147,435.858307533129,40228.64724564288,0.0,0.0,0.06037323915895621,448.18177346454405,459.9827341081959,0.027496579872385185,7.177331534657938e-06,32.8705636743215,479.2804161750608,448.7958758149377,448.1199022940034,0.6759735209342921,120.08503704986848,120.08503704986848,120.08503704986848,123.59276473707304,119.8095739343882,104.43502025531367,0.5727171216877217,39332.76718554821,42443.0,-3110.232814451796,42936.0,0.0,0.5727171216877217,4.365445086060028,4.365354609980898,4.365445086060028,4.365354609980898,111.21644535190156,87.2458602137703,241.6027705532249,0.94658891289791,448.87708759593966,479.3577751254786,0.0001809220903586,0.0001613804019295,0.003642161836211202,0.013287203864807159,0.001694164406237862,0.013107858961210002
138,6.9,416.7186997420212,263.62365269432996,850.5676354949177,257.5778723936807,0.988114522508947,459.97930194173864,435.8497807946022,435.8497807946022,447.6524004033841,476.1736744706285,40.32389367602627,0.0925178707271835,124.0,124.0,123.968994140625,122.61858881189639,121.36296792983262,112.59047418993788,120.79543875713303,92.0,0.5478260869565217,40229.77986506031,41033.624814281495,40723.5,-493.7201349396928,41210.0,42472.0,1262.0,0.029713693727632322,2,0,1.793103448275862,0.918552036199095,11.608971659030136,11.018897819330434,0.5478260869565217,8.0,4.0,8.0,4.0,112.0,92.0,244.0,0.9478260869565217,0,0,26.32193734713202,0.0,147,435.8497807946022,40229.77986506031,0.0,0.008618157598405826,0.060392223437956596,448.18177346454405,459.9827341081959,0.027515605051523617,7.461511493334072e-06,32.964509394572026,479.2804162596775,448.7919672734849,448.1160116542638,0.6759556192211562,120.08914057969928,120.08914057969928,120.08914057969928,123.59276441337023,119.81366805113024,104.4341132020676,0.5727171234369232,39333.76894808048,42445.0,-3111.231051919516,42938.0,0.0,0.5727171234369232,4.365406921936234,4.3653164482497,4.365406921936234,4.3653164482497,111.21547487588596,87.24509859890571,241.60067042850727,0.9465889131298564,448.87708759593966,479.3577751254786,0.0001896294660764,0.0001613802254085,0.0036434761286399694,0.013346827536670613,0.001694164406237862,0.013167669776946417
139,6.95,416.7186997420212,263.62365269432996,850.5848688891394,257.5781897029262,0.9881150821679144,459.9793814073614,435.85484246148087,435.85484246148087,447.6539288625958,476.17378090952997,40.318938448049096,0.09250542731233352,124.0,124.0,123.968994140625,122.61831440877828,121.36293280655723,112.59044839147964,120.79541184999871,92.0,0.5478260869565217,40230.01017952664,41033.817352004815,40725.5,-495.48982047336176,41212.0,42474.0,1262.0,0.029712294580213777,2,0,1.793103448275862,0.918552036199095,11.608285302451746,11.019212135117522,0.5478260869565217,8.0,4.0,8.0,4.0,112.0,92.0,244.0,0.9478260869565217,0,0,26.306098747579473,0.0,147,435.85484246148087,40230.01017952664,0.0,0.017236315196697986,0.06035518292974869,448.18177346454405,459.9827341081959,0.02750431127034303,7.288753655076974e-06,33.05845511482255,479.2804162596775,448.7878711010291,448.1119342427851,0.6759368582440288,120.09344110114436,120.09344110114436,120.09344110114436,123.59276441337023,119.81795870760745,104.43316260536564,0.572717125270111,39334.81877553169,42445.0,-3110.1812244683097,42938.0,0.0,0.572717125270111,4.365366925730761,4.365276454551633,4.365366925730761,4.365276454551633,111.21445781182186,87.24430042245007,241.5984694864748,0.94658891337294,448.87708759593966,479.3577751254786,0.0001987548426415,0.0001613802254085,0.0036426771478817862,0.013311433562279693,0.001694164406237862,0.013179832111350388
140,7.0,416.7186997420212,263.62365269432996,850.5848688891394,257.5781897029262,0.9881148023450192,459.97945738250985,435.8518848193743,435.8518848193743,447.65488575173777,476.17459309101065,40.32270827163637,0.09251470436647741,124.0,124.0,123.968994140625,122.61805182876903,121.36289918242964,112.59042369101292,120.79538608758928,92.0,0.5565217391304348,40234.394064124426,41033.80796300892,40724.5,-490.1059358755738,41211.0,42473.0,1262.0,0.02971299413745203,2,0,1.793103448275862,0.918552036199095,11.607628559877842,11.020887018498586,0.5565217391304348,8.0,4.0,8.0,4.0,112.0,92.0,244.0,0.9478260869565217,0,0,26.305125509078255,0.008695652173913104,147,435.8518848193743,40234.394064124426,0.0,0.0,0.06035335953630125,448.18177346454405,459.9827341081959,0.02751091047245635,7.123584089385737e-06,33.15240083507307,479.2804162596775,448.7835783076282,448.1076611107847,0.6759171968434998,120.09794805265057,120.09794805265057,120.09794805265057,123.59276441337023,119.82245532061572,104.4321663789132,0.5727171271913124,39335.918968363665,42445.0,-3109.081031636335,42938.0,0.0,0.5727171271913124,4.3653250096633585,4.365234541112045,4.3653250096633585,4.365234541112045,111.2133919275438,87.24346393263363,241.59616289667537,0.9465889136276936,448.87708759593966,479.3577751254786,0.0002083182476795,0.0001613802254085,0.003641913261819126,0.013332115031741842,0.001694164406237862,0.013411334158599457
141,7.05,416.7186997420212,263.62365269432996,850.5762521920286,257.57803104830344,0.988114522508947,459.9794086593014,435.84994571105835,435.84994571105835,447.6537315594457,476.1737083894453,40.32376267838697,0.09251753516362518,124.0,124.0,123.968994140625,122.61822024839748,121.36292075064537,112.59043953549545,120.79540261332163,92.0,0.5478260869565217,40235.80765239829,41033.71287786709,40723.5,-487.69234760171094,41210.0,42472.0,1262.0,0.029713693727632322,2,0,1.793103448275862,0.918552036199095,11.608049791958054,11.018308083625486,0.5478260869565217,8.0,4.0,8.0,4.0,112.0,92.0,244.0,0.9478260869565217,0,0,26.314649651097167,0.008695652173913104,147,435.84994571105835,40235.80765239829,0.0,0.008618157598292158,0.06037547993304594,448.18177346454405,459.9827341081959,0.027515237083734934,7.229508083628211e-06,33.24634655532359,479.2804201720533,448.77907947431504,448.1031828824168,0.6758965918982085,120.10267132309616,120.10267132309616,120.10267132309616,123.59274944573626,119.82716775634934,104.43112233685162,0.5727171292047443,39337.071936580265,42449.0,-3111.928063419735,42942.0,0.0,0.5727171292047443,4.3652810817647065,4.365190615967151,4.3652810817647065,4.365190615967151,111.21227488436062,87.24258729408797,241.5937455981346,0.946588913894677,448.87708759593966,479.3577751254786,0.0002183406645893,0.0001613720637055,0.0036424031454276727,0.013345674349595129,0.001694164406237862,0.013485982241154288
142,7.1,416.7186997420212,263.62365269432996,850.5762521920286,257.57803104830344,0.9881159215575488,459.9794092137305,435.85022784296956,435.85022784296956,447.6537232264581,476.1736689572575,40.32344111428796,0.09251673748996159,124.0,124.0,123.968994140625,122.6182183324444,121.36292050531601,112.59043935527825,120.79540242535684,92.0,0.5478260869565217,40240.29121374994,41041.609146116505,40728.5,-488.208786250063,41215.0,42477.0,1262.0,0.02971019610612802,2,0,1.793103448275862,0.918552036199095,11.608044999900184,11.020347001584454,0.5478260869565217,8.0,4.0,8.0,4.0,112.0,92.0,244.0,0.9478260869565217,0,0,26.314610049514215,0.0,147,435.85022784296956,40240.29121374994,0.0,0.0,0.060375349990627936,448.18177346454405,459.9827341081959,0.0275146075804219,7.228302757678051e-06,33.340292275574114,479.2804201720533,448.77436473278954,448.0984897345592,0.6758749982303698,120.10762127311058,120.10762127311058,120.10762127311058,123.59274944573626,119.83210635167138,104.43002818904472,0.5727171313148264,39338.28020488814,42449.0,-3110.719795111858,42942.0,0.0,0.5727171313148264,4.365235045678197,4.365144582766561,4.365235045678197,4.365144582766561,111.2111042320142,87.24166858388793,241.59121228844265,0.9465889141744764,448.87708759593966,479.3577751254786,0.0002288440777858,0.0001613720637055,0.0036423975709644913,0.01334370152722663,0.001694164406237862,0.013722747969977769
143,7.15,416.7186997420212,263.62365269432996,850.5762521920286,257.57803104830344,0.9881167608286252,459.9796603573185,435.85192562839853,435.85192562839853,447.6551926319056,476.1759194788666,40.32399385046807,0.09251764528131914,124.0,124.0,123.968994140625,122.61734921518904,121.36280914247604,112.59035753203376,120.79531708207568,92.0,0.5478260869565217,40243.362919133084,41041.88122356005,40731.5,-488.1370808669162,41218.0,42480.0,1262.0,0.02970809792843691,2,0,1.793103448275862,0.918552036199095,11.60587144123686,11.027056422627632,0.5478260869565217,8.0,4.0,8.0,4.0,112.0,92.0,244.0,0.9478260869565217,0,0,26.314289721284933,0.0,147,435.85192562839853,40243.362919133084,0.0,0.0,0.06037437986156826,448.18177346454405,459.9827341081959,0.02751081941782918,6.682317942652283e-06,33.43423799582463,479.2803382388572,448.7694237441676,448.0935713756584,0.6758523685092541,120.1128087573854,120.1128087573854,120.1128087573854,123.59306259090214,119.83728193637393,104.42888153614877,0.5727171335261888,39339.54641809517,42455.0,-3115.4535819048324,42948.0,0.0,0.5727171335261888,4.365186800452278,4.365096340565003,4.365186800452278,4.365096340565003,111.20987740340249,87.2407057874114,241.58855741233648,0.9465889144677052,448.87708759593966,479.3577751254786,0.0002398515200422,0.0001615429865534,0.0036398724678148925,0.013331829672473035,0.001694164406237862,0.013884957094986048
144,7.2,416.7186997420212,263.62365269432996,850.5762521920286,257.57803104830344,0.9881076245851086,459.97938859200474,435.84638408989355,435.84638408989355,447.65311527153244,476.17345509040484,40.327071000511296,0.09252588176157454,124.0,124.0,123.968994140625,122.61828958734368,121.36292962869507,112.5904460571366,120.79540941531464,92.0,0.5478260869565217,40244.63222825056,41041.81390795955,40731.5,-486.8677717494429,41218.0,42481.0,1263.0,0.02973093853722841,2,0,1.8275862068965518,0.916289592760181,11.798705064884334,11.011430369650387,0.5478260869565217,8.0,4.0,8.0,4.0,112.0,92.0,244.0,0.9478260869565217,0,0,26.314650529720208,0.0,147,435.84638408989355,40244.63222825056,0.0,0.0,0.06037597532137102,448.18177346454405,459.9827341081959,0.027523183906599358,7.273134278951154e-06,33.528183716075155,479.2803382388572,448.764245676745,448.08841702359473,0.6758286531502904,120.118245148022,120.118245148022,120.118245148022,123.59306259090214,119.84270585647182,104.42767986445006,0.5727171358436823,39340.87334675722,42455.0,-3114.1266532427835,42948.0,0.0,0.5727171358436823,4.365136240323302,4.3650457836056376,4.365136240323302,4.3650457836056376,111.20859170905828,87.23969679400608,241.58577514975173,0.946588914775008,448.87708759593966,479.3577751254786,0.0002513871220271,0.0001615429865534,0.003642604910459251,0.013370579174689234,0.001694164406237862,0.013951986153970686
145,7.25,416.7186997420212,263.62365269432996,850.5762521920286,257.57803104830344,0.9881079045242691,459.979464619233,435.84638408989355,435.84638408989355,447.6540607890997,476.1743636653015,40.32797957540794,0.09252796638342713,124.0,124.0,123.968994140625,122.61802680597049,121.36289597746365,112.59042133646679,120.79538363179152,92.0,0.5478260869565217,40244.63222825056,41045.50001424388,40732.5,-487.8677717494429,41219.0,42482.0,1263.0,0.029730238689327244,2,0,1.8275862068965518,0.916289592760181,11.798047822503438,11.013065193324154,0.5478260869565217,8.0,4.0,8.0,4.0,112.0,92.0,244.0,0.9478260869565217,0,0,26.313691482574697,0.0,147,435.84638408989355,40244.63222825056,0.0,0.0,0.06037377489667893,448.18177346454405,459.9827341081959,0.027523183906599358,7.107851492049733e-06,33.62212943632568,479.2803382388572,448.7588191827268,448.0830153825205,0.6758038002063813,120.12394235896112,120.12394235896112,120.12394235896112,123.59306259090214,119.84838999857644,104.42642054046564,0.5727171382723905,39342.26389308336,42455.0,-3112.7361069166363,42948.0,0.0,0.5727171382723905,4.365083254488546,4.3649928010924555,4.365083254488546,4.3649928010924555,111.2072443313719,87.23863939245513,241.5828594033188,0.9465889150970574,448.87708759593966,479.3577751254786,0.000263476164146,0.0001615429865534,0.0036418405007641328,0.013370579174689234,0.001694164406237862,0.013951986153970686
146,7.3,416.7186997420212,263.62365269432996,850.601850009075,257.5785023671805,0.9881084643630543,459.97956449793924,435.87481318085105,435.87481318085105,447.6552186528916,476.17590226919964,40.30108908834859,0.09246023828320417,123.5,123.5,123.968994140625,122.61768124111467,121.3628517039923,112.59038880785604,120.7953497039551,92.0,0.5478260869565217,40235.30883360703,41049.28453239471,40734.5,-499.19116639297135,41221.0,42484.0,1263.0,0.029728839092364186,2,0,1.8275862068965518,0.916289592760181,11.797183591808473,11.017842548375082,0.5478260869565217,8.0,4.0,8.0,4.0,112.0,92.0,244.0,0.9478260869565217,0,0,26.288645281600154,0.0,147,435.87481318085105,40235.30883360703,0.0,0.02560215574949392,0.06031237522020479,448.18177346454405,459.9827341081959,0.027459751851480863,6.890715719687357e-06,33.7160751565762,479.2803047152859,448.7531323738829,448.0773546186234,0.675777755259503,120.12991287154296,120.12991287154296,120.12991287154296,123.59319053063544,119.85434681539704,104.42510080529384,0.5727171408176362,39343.72109711173,42454.0,-3110.278902888276,42947.0,0.0,0.5727171408176362,4.36502772686827,4.364937276953071,4.36502772686827,4.364937276953071,111.2058323185455,87.23753126623336,241.5798037852827,0.9465889154345604,448.87708759593966,479.3577751254786,0.0002761451307764,0.0001616129208968,0.003640836278288443,0.013171787246766849,0.0,0.013459640860853958
147,7.35,416.7186997420212,263.62365269432996,850.601850009075,257.5785023671805,0.9881090241491315,459.9797200850195,435.87505407016846,435.87505407016846,447.65403024205256,476.1758375604469,40.300783490278434,0.0924594860704983,123.5,123.5,123.968994140625,122.61714215531592,121.36278258879307,112.59033801688823,120.79529672667502,92.0,0.5478260869565217,40236.81612879576,41049.4675466707,40736.5,-499.6838712042372,41223.0,42486.0,1263.0,0.029727439627171302,2,0,1.8275862068965518,0.916289592760181,11.795835519655771,11.021286799715424,0.5478260869565217,8.0,4.0,8.0,4.0,112.0,92.0,244.0,0.9478260869565217,0,0,26.288600368051295,0.0,147,435.87505407016846,40236.81612879576,0.0,0.0,0.06031223884590394,448.18177346454405,459.9827341081959,0.02745921437019161,6.552470240617225e-06,33.81002087682673,479.2802694204452,448.7471727960792,448.07142233477634,0.6757504613028118,120.1361697612478,120.1361697612478,120.1361697612478,123.59332511400125,119.86058935242,104.42371776870256,0.572717143485,39345.24814316671,42452.0,-3106.751856833289,42945.0,0.0,0.572717143485,4.364969535857185,4.364879089589635,4.364969535857185,4.364879089589635,111.2043525782706,87.23636998854494,241.5766016038168,0.9465889157882564,448.87708759593966,479.3577751254786,0.0002894217670059,0.0001616865503289,0.003639271940414956,0.01317010281542518,0.0,0.013539237372627258
148,7.4,416.7186997420212,263.62365269432996,850.6102144318996,257.5786563768121,0.9881001694596121,459.9796544553086,435.8814132780878,435.8814132780878,447.6557557287027,476.17583755774984,40.29442427966205,0.09244354783706878,123.5,123.5,124.0,122.64260951000826,122.05578318934312,112.59035945926342,120.79531909227035,92.0,0.5478260869565217,40241.586227586224,41053.171420984305,40737.5,-495.9137724137763,41224.0,42488.0,1264.0,0.029749576350969687,2,0,1.8275862068965518,0.918552036199095,11.605922586857528,11.015449483746947,0.5478260869565217,8.0,4.0,8.0,4.0,112.0,92.0,244.0,0.9478260869565217,0,0,26.28028584396968,0.0,147,435.8814132780878,40241.586227586224,0.0,0.008365840552910645,0.06029228373452834,448.18177346454405,459.9827341081959,0.02744502546672467,6.69514888052003e-06,33.90396659707724,479.2802694204452,448.7409274026329,448.06520554401334,0.6757218586195677,120.14272672566896,120.14272672566896,120.14272672566896,123.59332511400125,119.86713127581784,104.42226840294684,0.5727171462803252,39346.8483666102,42452.0,-3105.1516333898035,42945.0,0.0,0.5727171462803252,4.364908554064016,4.364818111619456,4.364908554064016,4.364818111619456,111.20280187111156,87.2351530171299,241.573245848708,0.9465889161589196,448.87708759593966,479.3577751254786,0.0003033351379906,0.0001616865503289,0.0036399318091019936,0.013125635716416178,0.0,0.013791134431260874
149,7.45,416.7186997420212,263.62365269432996,850.6102144318996,257.5786563768121,0.9881278538812786,459.9796439180451,435.8814132780878,435.8814132780878,447.6557595142237,476.17519692358616,40.293783645498365,0.09244207809290403,124.0,124.0,124.0,122.66788905078904,122.0747153322891,112.59036289955831,120.79532268065932,92.0,0.5478260869565217,40244.586225026476,41053.273655292316,40738.5,-493.9137749735237,41225.0,42486.0,1261.0,0.02968036529680365,2,0,1.8275862068965518,0.9171396140749148,11.839487824955564,11.019841538863496,0.5478260869565217,8.0,4.0,8.0,4.0,112.0,92.0,244.0,0.9478260869565217,0,0,26.282635764586363,0.0,147,435.8814132780878,40244.586225026476,0.0,0.0,0.0602976749270525,448.18177346454405,459.9827341081959,0.02744502546672467,6.71805683494231e-06,33.99791231732777,479.2798123366326,448.7343825264438,448.0586906417892,0.6756918846546114,120.14959811377254,120.14959811377254,120.14959811377254,123.5950573870963,119.87398690164144,104.42074953630087,0.572717149209735,39348.52526089897,42445.0,-3096.474739101031,42938.0,0.0,0.572717149209735,4.364844648040069,4.364754209601358,4.364844648040069,4.364754209601358,111.20117680358572,87.23387768883686,241.5697291763798,0.9465889165473628,448.87708759593966,479.3577751254786,0.0003179156910416,0.00016264008407,0.0036400377551764253,0.013125635716416178,0.001694164406237862,0.013949556838071238
150,7.5,416.7186997420212,263.62365269432996,850.6102144318996,257.5786563768121,0.988127574438037,459.97973355121076,435.8814975798583,435.8814975798583,447.6546248894226,476.17529014285543,40.29379256299711,0.09244208067266,124.0,124.0,124.0,122.66755120818249,122.07469607622394,112.59033361404177,120.79529213421922,92.0,0.5478260869565217,40243.09394812235,41053.26280240915,40737.5,-494.4060518776532,41224.0,42485.0,1261.0,0.029681063904907615,2,0,1.8275862068965518,0.9171396140749148,11.838710825855044,11.023958857846383,0.5478260869565217,8.0,4.0,8.0,4.0,112.0,92.0,244.0,0.9478260869565217,0,0,26.28271204035497,0.0,147,435.8814975798583,40243.09394812235,0.0,0.0,0.06029783825715081,448.18177346454405,459.9827341081959,0.02744483736944925,6.5231948129795825e-06,34.09185803757829,479.2797407336366,448.7275238508479,448.05186337696455,0.6756604738833403,120.15679895649929,120.15679895649929,120.15679895649929,123.5953269841798,119.88117122635212,104.4191578462937,0.572717152279643,39350.2824849616,42451.0,-3100.717515038399,42944.0,0.0,0.572717152279643,4.364777677993722,4.36468724375294,4.364777677993722,4.36468724375294,111.19947382092752,87.23254121394012,241.5660438942336,0.9465889169544356,448.87708759593966,479.3577751254786,0.0003331953205559,0.0001627894568344,0.003639136545670298,0.01312504623180988,0.001694164406237862,0.01387075340457237
151,7.55,416.7186997420212,263.62365269432996,850.6102144318996,257.5786563768121,0.9881289715227113,459.97936089939,435.8814975798583,435.8814975798583,447.65482750604207,476.1730467208841,40.29154914102577,0.09243693381053393,124.0,124.0,124.0,122.6689535629231,122.07477586800479,112.59045505297715,120.79541879781706,96.0,0.5565217391304348,40246.09386956958,41057.30652833933,40742.5,-496.4061304304196,41229.0,42490.0,1261.0,0.029677571193221935,2,0,1.8275862068965518,0.9171396140749148,11.841936419693367,11.006053133055763,0.5565217391304348,8.0,4.0,8.0,4.0,112.0,92.0,244.0,0.9478260869565217,0,0,26.2827909898635,0.008695652173913104,147,435.8814975798583,40246.09386956958,0.0,0.0,0.06029801938323432,448.18177346454405,459.9827341081959,0.02744483736944925,7.3333378751705425e-06,34.18580375782881,479.2797407336366,448.7203363791339,448.04470882146313,0.6756275576707935,120.164344998768,120.164344998768,120.164344998768,123.5953269841798,119.88869995875136,104.41748985263558,0.5727171554967675,39352.12387090776,42451.0,-3098.876129092241,42944.0,0.0,0.5727171554967675,4.36470749749337,4.36461706765175,4.36470749749337,4.36461706765175,111.19768919951856,87.23114067020208,241.56218194426816,0.9465889173810296,448.87708759593966,479.3577751254786,0.0003492074359269,0.0001627894568344,0.0036428833436429114,0.01312504623180988,0.001694164406237862,0.01402917179838032
152,7.6,416.7186997420212,263.62365269432996,850.6102144318996,257.5786563768121,0.9881292509001907,459.97927097122715,435.8814132780878,435.8814132780878,447.6540882071847,476.1724458935233,40.29103261543548,0.09243576667429548,124.0,124.0,124.0,122.66929110112457,122.07479501892014,112.59048423432118,120.79544923303804,96.0,0.5478260869565217,40247.586146472386,41057.31734175855,40743.5,-495.91385352761426,41230.0,42491.0,1261.0,0.02967687274952343,2,0,1.8275862068965518,0.9171396140749148,11.84271293393605,11.001938402700187,0.5478260869565217,8.0,4.0,8.0,4.0,112.0,92.0,244.0,0.9478260869565217,0,0,26.28237565454578,0.008695652173913104,147,435.8814132780878,40247.586146472386,0.0,0.0,0.06029707818208321,448.18177346454405,459.9827341081959,0.02744502546672467,7.528841219461846e-06,34.27974947807933,479.2797407336366,448.71280440267094,448.0372113385431,0.6755930641278383,120.17225273293984,120.17225273293984,120.17225273293984,123.5953269841798,119.8965895533686,104.41574190982016,0.5727171588681473,39354.05343208419,42451.0,-3096.9465679158093,42944.0,0.0,0.5727171588681473,4.364633953156158,4.364543527924752,4.364633953156158,4.364543527924752,111.19581903897452,87.22967299666169,241.5581348859538,0.9465889178280787,448.87708759593966,479.3577751254786,0.0003659870325495,0.0001627894568344,0.0036437875191744715,0.013125635716416178,0.001694164406237862,0.014107975231809258
153,7.65,416.7186997420212,263.62365269432996,850.6102144318996,257.5786563768121,0.9881292509001907,459.97927097122715,435.8814132780878,435.8814132780878,447.6540882071847,476.1724458935233,40.29103261543548,0.09243576667429548,124.0,124.0,124.0,122.66929110112457,122.07479501892014,112.59048423432118,120.79544923303804,96.0,0.5478260869565217,40247.586146472386,41057.31734175855,40743.5,-495.91385352761426,41230.0,42491.0,1261.0,0.02967687274952343,2,0,1.8275862068965518,0.9171396140749148,11.84271293393605,11.001938402700187,0.5478260869565217,8.0,4.0,8.0,4.0,112.0,92.0,244.0,0.9478260869565217,0,0,26.28237565454578,0.0,147,435.8814132780878,40247.586146472386,0.0,0.0,0.06029707818208321,448.18177346454405,459.9827341081959,0.02744502546672467,7.528841219461846e-06,34.373695198329855,479.2797401427319,448.7049114675815,448.029354549624,0.6755569179575787,120.1805394338072,120.1805394338072,120.1805394338072,123.5953292070659,119.90485724536946,104.41391019939138,0.572717162401156,39356.07537149147,42453.0,-3096.924628508532,42946.0,0.0,0.572717162401156,4.364556884322532,4.364466463921872,4.364556884322532,4.364466463921872,111.19385925387031,87.22813498714078,241.55389387832605,0.9465889182965592,448.87708759593966,479.3577751254786,0.0003835707660647,0.000162790689535,0.0036437875191744715,0.013125635716416178,0.001694164406237862,0.014107975231809258
154,7.7,416.7186997420212,263.62365269432996,850.6102144318996,257.5786563768121,0.9881300889537347,459.97951964104413,435.880847320736,435.880847320736,447.65531333311634,476.1703321460019,40.2894848252659,0.09243233574706604,124.0,124.0,124.0,122.66835690805212,122.0747419638655,112.59040342428628,120.79536494920906,96.0,0.5478260869565217,40249.078525827674,41064.7796402167,40746.5,-497.42147417232627,41233.0,42494.0,1261.0,0.029674777615663388,2,0,1.8275862068965518,0.9171396140749148,11.840563928485317,11.006083766050072,0.5478260869565217,8.0,4.0,8.0,4.0,112.0,92.0,244.0,0.9478260869565217,0,0,26.283776205092828,0.0,147,435.880847320736,40249.078525827674,0.0,0.0,0.06030036962315146,448.18177346454405,459.9827341081959,0.027446288252017004,6.988234369287305e-06,34.46764091858037,479.2797401427319,448.696640339903,448.0211212996063,0.675519040296706,120.18922319517138,120.18922319517138,120.18922319517138,123.5953292070659,119.91352108704989,104.41199072185783,0.572717166103515,39358.194090576304,42453.0,-3094.805909423696,42946.0,0.0,0.572717166103515,4.364476122715907,4.364385707377551,4.364476122715907,4.364385707377551,111.19180556508948,87.22652328345555,241.54944966126453,0.946588918787496,448.87708759593966,479.3577751254786,0.0004019970299733,0.000162790689535,0.0036412872883580323,0.01312959320324731,0.001694164406237862,0.014186784075499108
155,7.75,416.7186997420212,263.62365269432996,850.5929810376779,257.5783390675666,0.9881306475903614,459.97939341729443,435.8586456700875,435.8586456700875,447.6532052160307,476.17095391543086,40.31230824534333,0.09248940831119074,124.0,124.0,124.0,122.66883142587588,122.074768933102,112.59044448919211,120.79540777997025,96.0,0.5478260869565217,40251.14366317798,41064.79447218862,40748.5,-497.35633682202024,41235.0,42496.0,1261.0,0.029673381024096387,2,0,1.8275862068965518,0.9171396140749148,11.841655453433225,11.001655643546286,0.5478260869565217,8.0,4.0,8.0,4.0,112.0,92.0,244.0,0.9478260869565217,0,0,26.30114030514748,0.0,147,435.8586456700875,40251.14366317798,0.0,0.017236315196697986,0.06034328002077876,448.18177346454405,459.9827341081959,0.027495825408507812,7.262644125094475e-06,34.561586638830896,479.27968423785626,448.6879729691713,448.0124936206212,0.6754793485500841,120.19832296807688,120.19832296807688,120.19832296807688,123.59553936691088,119.9225999859826,104.40997928824088,0.5727171699833133,39360.414198414794,42455.0,-3094.5858015852064,42948.0,0.0,0.5727171699833133,4.364391492087314,4.364301082053771,4.364391492087314,4.364301082053771,111.18965349078272,87.22483436832078,241.54479253592672,0.946588919301962,448.87708759593966,479.3577751254786,0.000421306036762,0.0001629073140659,0.0036425563949693722,0.013284839424171718,0.001694164406237862,0.01429583884502648
156,7.8,416.7186997420212,263.62365269432996,850.5757476434561,257.57802175832114,0.9881403393180694,459.9793267367436,435.8390095675968,435.8390095675968,447.6573928209225,476.1731542692413,40.334144701644504,0.0925436774043257,123.5,123.5,124.0,122.64379252410197,122.05581616876773,112.59046614429062,120.79543036577988,96.0,0.5565217391304348,40239.8167545109,41064.70113637503,40750.5,-510.6832454890973,41237.0,42497.0,1260.0,0.029649151704826224,2,0,1.8275862068965518,0.9169510807736063,12.18615240616621,10.979986666474803,0.5565217391304348,8.0,4.0,8.0,4.0,112.0,92.0,244.0,0.9478260869565217,0,0,26.31736669289354,0.008695652173913104,147,435.8390095675968,40239.8167545109,0.0,0.017236315196697986,0.060383228933553794,448.18177346454405,459.9827341081959,0.027539638217625284,7.4076072854589725e-06,34.65553235908142,479.2793586409614,448.6788904503589,448.0034526941425,0.675437756216354,120.20785860077198,120.20785860077198,120.20785860077198,123.59675770371962,119.93211374488598,104.40787151124267,0.5727171740490257,39362.74052130211,42457.0,-3094.259478697888,42950.0,0.0,0.5727171740490257,4.364302807843735,4.364212403368924,4.364302807843735,4.364212403368924,111.18739833691744,87.22306455793233,241.53991234429645,0.9465889198410788,448.87708759593966,479.3577751254786,0.0004415399026987,0.0001635865497262,0.0036432268292428236,0.013422145913388958,0.0,0.013697692957072523
157,7.85,416.7186997420212,263.62365269432996,850.584364340567,257.5781804129439,0.9881497517471822,459.979406511545,435.8500268880773,435.8500268880773,447.65915460868473,476.1727212486863,40.32269436060898,0.09251506681898981,123.5,123.5,124.0,122.64350495085787,122.05580817867944,112.59044023360636,120.79540334144437,96.0,0.5478260869565217,40247.77273465262,41064.79293514744,40751.5,-503.7272653473774,41238.0,42497.0,1259.0,0.029625620632044616,2,0,1.8275862068965518,0.9157175398633257,12.292966360055212,10.981789618724173,0.5478260869565217,8.0,4.0,8.0,4.0,112.0,92.0,244.0,0.9478260869565217,0,0,26.30923480141457,0.008695652173913104,147,435.8500268880773,40247.77273465262,0.0,0.008618157598405826,0.06036304503468704,448.18177346454405,459.9827341081959,0.02751505595852244,7.2341772944239935e-06,34.74947807933194,479.2795930840929,448.6693729841016,447.9939788113943,0.6753941727072856,120.2178508804674,120.2178508804674,120.2178508804674,123.59588142171202,119.94208310328692,104.40566279601524,0.572717178309526,39365.17811276494,42463.0,-3097.8218872350626,42956.0,0.0,0.572717178309526,4.364209876659466,4.364119478009684,4.364209876659466,4.364119478009684,111.18503518740116,87.22120999421855,241.5347984478127,0.9465889204060256,448.87708759593966,479.3577751254786,0.000462742736437,0.0001630974721652,0.003642424739872784,0.013345106714980104,0.0,0.014117828489748371
158,7.9,416.7186997420212,263.62365269432996,850.584364340567,257.5781804129439,0.9881497517471822,459.979406511545,435.8500268880773,435.8500268880773,447.65915460868473,476.1727212486863,40.32269436060898,0.09251506681898981,123.5,123.5,124.0,122.64350495085787,122.05580817867944,112.59044023360636,120.79540334144437,96.0,0.5478260869565217,40247.77273465262,41064.79293514744,40751.5,-503.7272653473774,41238.0,42497.0,1259.0,0.029625620632044616,2,0,1.8275862068965518,0.9157175398633257,12.292966360055212,10.981789618724173,0.5478260869565217,8.0,4.0,8.0,4.0,112.0,92.0,244.0,0.9478260869565217,0,0,26.30923480141457,0.0,147,435.8500268880773,40247.77273465262,0.0,0.0,0.06036304503468704,448.18177346454405,459.9827341081959,0.02751505595852244,7.2341772944239935e-06,34.84342379958247,479.2795369087978,448.65939983514335,447.9840513319842,0.6753485031591708,120.2283215769678,120.2283215769678,120.2283215769678,123.59609184231633,119.95252978105236,104.40334833051588,0.5727171827741069,39367.73226401327,42471.0,-3103.2677359867303,42964.0,0.0,0.5727171827741069,4.3641124960710656,4.36402210352486,4.3641124960710656,4.36402210352486,111.1825588937654,87.2192666367423,241.52943970503972,0.9465889209980344,448.87708759593966,479.3577751254786,0.0004849607315939,0.0001632146608246,0.003642424739872784,0.013345106714980104,0.0,0.014117828489748371
159,7.95,416.7186997420212,263.62365269432996,850.584364340567,257.5781804129439,0.9881586068949288,459.97932505654967,435.8500268880773,435.8500268880773,447.6574503748293,476.17306472819865,40.323037840121344,0.09251585488711228,123.5,123.5,124.0,122.64379857811747,122.0558163367912,112.59046668960656,120.79543093452847,96.0,0.5478260869565217,40247.77273465262,41064.70133231957,40750.5,-502.7272653473774,41237.0,42495.0,1258.0,0.029603482762677963,2,0,1.8275862068965518,0.9157175398633257,12.293670076516015,10.970609299996589,0.5478260869565217,8.0,4.0,8.0,4.0,112.0,92.0,244.0,0.9478260869565217,0,0,26.309215261255694,0.0,147,435.8500268880773,40247.77273465262,0.0,0.0,0.0603630002023877,448.18177346454405,459.9827341081959,0.02751505595852244,7.4112600180198385e-06,34.937369519832984,479.27952631825303,448.64894928891783,447.97364864068584,0.6753006482319961,120.23929348825298,120.23929348825298,120.23929348825298,123.59613148009944,119.96347652386576,104.40092307543271,0.5727171874525054,39370.40851484829,42473.0,-3102.591485151708,42966.0,0.0,0.5727171874525054,4.364010454052469,4.3639200679019154,4.364010454052469,4.3639200679019154,111.17996406438434,87.21723025423944,241.52382444833967,0.9465889216183944,448.87708759593966,479.3577751254786,0.000508242263475,0.0001632367540196,0.0036432437226183965,0.013345106714980104,0.0,0.014117828489748371
160,8.0,416.7186997420212,263.62365269432996,850.584364340567,257.5781804129439,0.9881586068949288,459.97932505654967,435.8500268880773,435.8500268880773,447.6574503748293,476.17306472819865,40.323037840121344,0.09251585488711228,123.5,123.5,124.0,122.64379857811747,122.0558163367912,112.59046668960656,120.79543093452847,96.0,0.5478260869565217,40247.77273465262,41064.70133231957,40750.5,-502.7272653473774,41237.0,42495.0,1258.0,0.029603482762677963,2,0,1.8275862068965518,0.9157175398633257,12.293670076516015,10.970609299996589,0.5478260869565217,8.0,4.0,8.0,4.0,112.0,92.0,244.0,0.9478260869565217,0,0,26.309215261255694,0.0,147,435.8500268880773,40247.77273465262,0.0,0.0,0.0603630002023877,448.18177346454405,459.9827341081959,0.02751505595852244,7.4112600180198385e-06,35.03131524008351,479.35756656755495,448.6379986062043,447.962748102299,0.6752505039053744,120.2507904880882,120.2507904880882,120.2507904880882,123.59522945613732,119.97494715072835,104.39838175365992,0.572717192354915,39373.21266504432,42487.0,-3113.787334955676,42980.0,0.0,0.572717192354915,4.363903528572919,4.363813149124212,4.363903528572919,4.363813149124212,111.17724505321584,87.21509641578518,241.51794045950615,0.946588922268458,448.87708759593966,479.3577751254786,0.0005326379900917,4.350777946804385e-07,0.0036432437226183965,0.013345106714980104,0.0,0.014117828489748371
161,8.05,416.7186997420212,263.62365269432996,850.5757476434561,257.57802175832114,0.9881422924901186,459.97941192690377,435.8328890743638,435.8328890743638,447.65779322677423,476.1705840768973,40.33769500253351,0.09255312302888391,123.5,123.5,124.0,122.98597785893655,122.11267967909124,112.59043847333479,120.79540150549798,96.0,0.5478260869565217,40245.54574597534,41076.88957121367,40757.5,-511.9542540246621,41244.0,42504.0,1260.0,0.029644268774703556,2,0,1.8275862068965518,0.9138321995464853,11.696498741796821,10.957108214691688,0.5478260869565217,8.0,4.0,8.0,4.0,112.0,92.0,244.0,0.9478260869565217,0,0,26.317970565449503,0.0,147,435.8328890743638,40245.54574597534,0.0,0.008618157598405826,0.06038546246783825,448.18177346454405,459.9827341081959,0.027553294491921565,7.222404333484533e-06,35.12526096033403,479.3573371669985,448.6265239757704,447.9513260145076,0.6751979612628247,120.26283757574524,120.26283757574524,120.26283757574524,123.59575037738298,119.98696660356612,104.39571883930653,0.5727171974920117,39376.150786222475,42484.0,-3107.8492137775247,42977.0,0.0,0.5727171974920117,4.363791487134542,4.363701114708022,4.363791487134542,4.363701114708022,111.17439594804377,87.2128604815664,241.5117749443177,0.9465889229496426,448.87708759593966,479.3577751254786,0.0005582009576634,9.136359163663954e-07,0.0036423702915804822,0.01346494378727976,0.0,0.014000226754006506
162,8.1,416.7186997420212,263.62365269432996,860.6335038862999,264.2667488234278,0.9881511458284316,459.9794453148055,447.503401624403,447.503401624403,447.65687742085163,476.1704706114199,28.667068987016876,0.06406000241106015,123.5,123.5,124.0,122.98598848351372,122.11266499590762,112.5904276166753,120.7953901820565,96.0,0.5478260869565217,40758.551187882695,41076.88563135793,40756.5,2.0511878826946486,41243.0,42502.0,1259.0,0.029622135428920993,2,0,1.8275862068965518,0.9136363636363637,11.444708167023322,10.954372312150332,0.5478260869565217,8.0,4.0,8.0,4.0,112.0,92.0,244.0,0.9478260869565217,0,0,17.6906274198809,0.0,151,447.503401624403,40758.551187882695,0.0,12.078805006785776,0.03953182781553231,448.18177346454405,459.9827341081959,0.0015136087192860748,7.14981921401403e-06,35.21920668058455,479.3572361099421,448.6145004649228,447.9393575586572,0.6751429062655916,120.27546092791876,120.27546092791876,120.27546092791876,123.5959795053046,119.99956099902693,104.39292854622434,0.5727172028749768,39379.229234234335,42490.0,-3110.7707657656647,42983.0,0.0,0.5727172028749768,4.363674086289016,4.363583721220664,4.363674086289016,4.363583721220664,111.17141055819955,87.21051759324308,241.5053145059705,0.9465889236634286,448.87708759593966,479.3577751254786,0.0005849867107791,1.1244535177423742e-06,0.0036420345955887725,0.0,0.0,0.04109076880691348
163,8.15,416.7186997420212,263.62365269432996,860.6271732385954,264.26078957575993,0.9881602785816804,459.97929096505555,447.49289956877004,447.49289956877004,447.65547559221164,476.17006380224944,28.677164233479402,0.0640840653809577,123.5,123.5,124.0,123.03652876085138,122.11273280631349,112.59047775055734,120.79544247073042,96.0,0.591304347826087,40759.66136840319,41076.60028844348,40756.5,3.1613684031908633,41243.0,42501.0,1258.0,0.029599303545798924,2,0,1.8275862068965518,0.9146757679180887,12.060885301299578,10.954892908395204,0.591304347826087,8.0,4.0,8.0,4.0,112.0,92.0,244.0,0.9478260869565217,0,0,17.69342703529467,0.0434782608695653,151,447.49289956877004,40759.66136840319,0.0,0.008694235626245769,0.039539011797382874,448.18177346454405,459.9827341081959,0.0015370413001154493,7.485374743598783e-06,35.31315240083507,479.3564154664949,448.6019019678872,447.92681674836933,0.6750852195178823,120.28868795292418,120.28868795292418,120.28868795292418,123.59783226874406,120.0127576825543,104.390004816023,0.5727172085155172,39382.45466207407,42498.0,-3115.545337925927,42991.0,0.0,0.5727172085155172,4.363551071134417,4.36346071377568,4.363551071134417,4.36346071377568,111.16828240174588,87.20806266389417,241.49854511733707,0.946588924411369,448.87708759593966,479.3577751254786,0.0006130534073954,2.8364179204265483e-06,0.0036435864928234755,0.0,0.0,0.041149394680286284
164,8.2,416.7186997420212,263.62365269432996,860.620842590891,264.25483032809205,0.9881616712934644,459.97907898822103,447.4854000044691,447.4854000044691,447.6576150416912,476.1688415744139,28.683441569944762,0.06409916741341348,123.5,123.5,124.0,123.03652511853261,122.11282564866261,112.5905463715282,121.49528949950592,96.0,0.591304347826087,40763.893904176024,41084.41962901465,40761.5,2.39390417602408,41248.0,42506.0,1258.0,0.02959582176633887,2,0,1.8275862068965518,0.9146757679180887,12.062713186660341,10.941579895271339,0.591304347826087,8.0,4.0,8.0,4.0,112.0,92.0,244.0,0.9478260869565217,0,0,17.699899092979805,0.0,151,447.4854000044691,40763.893904176024,0.0,0.008694235626245769,0.03955413761611671,448.18177346454405,459.9827341081959,0.001553774609555858,7.946211246334656e-06,35.407098121085596,479.35642191142665,448.58870115192815,447.913676375906,0.6750247760221555,120.3025473472665,120.3025473472665,120.3025473472665,123.5978177723832,120.02658528482628,104.38694130556968,0.5727172144258927,39385.83403333856,42500.0,-3114.1659666614432,42993.0,0.0,0.5727172144258927,4.363422174788113,4.363331825507657,4.363422174788113,4.363331825507657,111.16500469209804,87.2054903675155,241.49145209201885,0.94658892519509,448.87708759593966,479.3577751254786,0.0006424619388706,2.8229729904794e-06,0.0036457177969779976,0.0,0.0,0.041372904372343464
165,8.25,416.7186997420212,263.62365269432996,860.620842590891,264.25483032809205,0.9881625067632737,459.9790222092587,447.4854000044691,447.4854000044691,447.6575274422261,476.1688719813951,28.683471976926,0.06409923536419185,123.5,123.5,124.0,123.08719435800546,122.11285046108405,112.59056470685366,121.49530847021501,96.0,0.591304347826087,40763.893904176024,41084.73013182327,40764.5,-0.6060958239759202,41251.0,42509.0,1258.0,0.02959373309181585,2,0,1.8275862068965518,0.9146757679180887,12.063202109782898,10.935627787272013,0.591304347826087,8.0,4.0,8.0,4.0,112.0,92.0,244.0,0.9478260869565217,0,0,17.699965058151356,0.0,151,447.4854000044691,40763.893904176024,0.0,0.0,0.03955428502913075,448.18177346454405,459.9827341081959,0.001553774609555858,8.069648406383578e-06,35.50104384133611,479.35647527595097,448.57486940112534,447.89990795620287,0.6749614449224737,120.3170691546711,120.3170691546711,120.3170691546711,123.59769770857274,120.04107378065096,104.38373137393847,0.5727172206189386,39389.37463625424,42498.0,-3108.625363745763,42991.0,0.0,0.5727172206189386,4.363287117838688,4.363196777022438,4.363287117838688,4.363196777022438,111.161570324065,87.20279512806633,241.48402005413288,0.9465889260162936,448.87708759593966,479.3577751254786,0.0006732760552179,2.7116479487387934e-06,0.003646288676520618,0.0,0.0,0.041372904372343464
166,8.3,416.7186997420212,263.62365269432996,860.620842590891,264.25483032809205,0.9881644557343118,459.97861626811425,447.4860094483489,447.4860094483489,447.6569784848303,476.1677357959845,28.681726347635617,0.06409524709609096,123.5,123.5,124.0,123.08730868480987,122.11302717508761,113.09053397907385,121.4954435201475,100.0,0.591304347826087,40769.91650603743,41092.46967128456,40771.5,-1.583493962571083,41258.0,42516.0,1258.0,0.029588860664220527,2,0,1.8275862068965518,0.9146757679180887,12.066689300544187,10.919437692114036,0.591304347826087,8.0,4.0,8.0,4.0,112.0,92.0,244.0,0.9478260869565217,0,0,17.699588864640667,0.0,151,447.4860094483489,40769.91650603743,0.0,0.0,0.03955339047685611,448.18177346454405,459.9827341081959,0.0015524147954896206,8.952162279918241e-06,35.59498956158664,479.3566774367399,448.56037675771745,447.8854816684774,0.6748950892400671,120.33228482766984,120.33228482766984,120.33228482766984,123.64887502321736,120.0562545504112,104.3803680688004,0.5727172271080946,39393.084098290914,42502.0,-3108.915901709086,42995.0,0.0,0.5727172271080946,4.363145607772715,4.363055275824763,4.363145607772715,4.363055275824763,111.15797185928449,87.1999711080382,241.4762329067973,0.9465889268767608,448.87708759593966,479.3577751254786,0.000705562495779,2.289915373543394e-06,0.0036503701793394647,0.0,0.0,0.04169094300442443
167,8.35,416.7186997420212,263.62365269432996,860.620842590891,264.25483032809205,0.988158111317516,459.9785486067434,447.47669647378086,447.47669647378086,447.650020094451,476.16512330301623,28.688426829235368,0.06411155498220748,124.0,124.0,124.0,123.08732764981202,122.1130565136099,113.0905555145915,121.49546593137272,100.0,0.591304347826087,40785.18966483191,41096.88253248253,40781.5,3.6896648319088854,41268.0,42527.0,1259.0,0.02960472170621017,2,0,1.8275862068965518,0.9146757679180887,12.067269118581365,10.920364689389341,0.591304347826087,8.0,4.0,8.0,4.0,112.0,92.0,244.0,0.9478260869565217,0,0,17.69981202863294,0.0,151,447.47669647378086,40785.18966483191,0.0,0.0,0.03955471238639135,448.18177346454405,459.9827341081959,0.0015731942540028188,9.099257737621436e-06,35.68893528183716,479.3571544381366,448.5451918609156,447.8703662953244,0.6748255655912203,120.3482272918388,120.3482272918388,120.3482272918388,123.64792249132654,120.0721604441551,104.37684411221991,0.5727172339074325,39396.97040138122,42508.0,-3111.0295986187775,43001.0,0.0,0.5727172339074325,4.362997338377447,4.362907015721191,4.362997338377447,4.362907015721191,111.15420151103166,87.19701219653444,241.46807379925087,0.9465889277783583,448.87708759593966,479.3577751254786,0.0007393911255341,1.2948310723626122e-06,0.003651050475189327,0.0,0.001694164406237862,0.04249748055120801
168,8.4,416.7186997420212,263.62365269432996,860.620842590891,264.25483032809205,0.9882139917695473,459.978404340824,447.47642406448506,447.47642406448506,447.65120289279497,476.16574736493885,28.689323300453793,0.06411359740445102,124.0,124.0,124.0,123.08736800050339,122.11311895872808,113.09060134352058,121.49551362256302,100.0,0.591304347826087,40797.1775563601,41105.099999595295,40785.5,11.677556360096787,41272.0,42525.0,1253.0,0.029465020576131686,2,0,1.8275862068965518,0.9162844036697247,11.93433534964872,10.944805182041659,0.591304347826087,8.0,4.0,8.0,4.0,112.0,92.0,244.0,0.9478260869565217,0,0,17.699197949151518,0.0,151,447.47642406448506,40797.1775563601,0.0,0.0,0.039553364149081775,448.18177346454405,459.9827341081959,0.0015738020638511596,9.412891073701246e-06,35.782881002087684,479.35722592284094,448.5292818831054,447.8545291592041,0.6747527239013493,120.36493101278435,120.36493101278435,120.36493101278435,123.64777937573422,120.08882584842836,104.3731518858522,0.5727172410316824,39401.041897767165,42509.0,-3107.958102232835,43002.0,0.0,0.5727172410316824,4.3628419891180386,4.362751676196979,4.3628419891180386,4.362751676196979,111.1502511283789,87.19391199683724,241.45952509257424,0.9465889287230388,448.87708759593966,479.3577751254786,0.0007748350772301,1.145705079141912e-06,0.003652500985355089,0.0,0.001694164406237862,0.043130531300850365
169,8.45,416.7186997420212,263.62365269432996,860.6271732385954,264.26078957575993,0.9881982320857627,459.97784107510086,447.4851215398364,447.4851215398364,447.64877075220653,476.1646964779194,28.679574938082965,0.06409056649614177,124.0,124.0,124.0,123.13854732333289,122.11336134736176,113.09077913059511,121.49569861719192,100.0,0.591304347826087,40803.49037271435,41120.955878428766,40794.5,8.99037271434645,41281.0,42536.0,1255.0,0.02950441978559338,2,0,1.8275862068965518,0.9162844036697247,11.93913955203048,10.892805952292973,0.591304347826087,8.0,4.0,8.0,4.0,112.0,92.0,244.0,0.9478260869565217,0,0,17.69667169854409,0.0,151,447.4851215398364,40803.49037271435,0.0,0.008694235626245769,0.039546949935783914,448.18177346454405,459.9827341081959,0.0015543959302993793,1.0637427738546812e-05,35.87682672233821,479.3577751254786,448.5126124633314,447.8379360562316,0.6746764070998097,120.38243206597812,120.38243206597812,120.38243206597812,123.646676630713,120.10628675594904,104.36928341550389,0.5727172484962655,39405.30732649246,42517.0,-3111.692673507539,43010.0,0.0,0.5727172484962655,4.3626792244878985,4.362588921766644,4.3626792244878985,4.362588921766644,111.1461121796796,87.19066381344794,241.4505683239493,0.9465889297128486,448.87708759593966,479.3577751254786,0.0008119708995625,0.0,0.003658164295586843,0.0,0.001694164406237862,0.0434638954388237
170,8.5,416.7186997420212,263.62365269432996,860.6459936711964,264.278475904911,0.988200173941659,459.978170658267,447.5078805884702,447.5078805884702,447.64810107769233,476.1641296808343,28.656249092364135,0.0640351831451132,123.5,123.5,124.0,123.18928294405976,122.11321979197294,113.10340655155102,121.49559060416217,100.0,0.591304347826087,40807.34268385546,41128.81378976018,40801.5,5.842683855458745,41288.0,42543.0,1255.0,0.029499565145852433,2,0,1.8275862068965518,0.9162844036697247,11.936331822977174,10.911977872897888,0.591304347826087,8.0,4.0,8.0,4.0,112.0,92.0,244.0,0.9478260869565217,0,0,17.686681830993685,0.0,151,447.5078805884702,40807.34268385546,0.0,0.02582663203217623,0.03952261535089796,448.18177346454405,459.9827341081959,0.0015036150864961018,9.920915700845079e-06,35.970772442588725,479.35749059807,448.4951476379757,447.8205511871674,0.6745964508083375,120.40076820954104,120.40076820954104,120.40076820954104,123.64724864644792,120.12458083822476,104.36523035504676,0.5727172563173247,39409.775830561724,42526.0,-3116.2241694382756,43019.0,0.0,0.5727172563173247,4.362508693332117,4.36241840129702,4.362508693332117,4.36241840129702,111.14177573535768,87.187260638579,241.4411841694099,0.9465889307499268,448.87708759593966,479.3577751254786,0.0008508787116079,5.935595986938935e-07,0.003654850527962843,0.0,0.0,0.043667326413320134
171,8.55,416.7186997420212,263.62365269432996,860.6523610059323,264.28439022219675,0.9882209165687426,459.97809631425787,447.51905054237983,447.51905054237983,447.646814589527,476.1642103005669,28.64515975818705,0.0640088052642004,123.5,123.5,124.0,123.18934785375907,122.11325178970634,113.10343555394081,121.7955176749487,100.0,0.591304347826087,40822.17892991344,41148.40818808765,40810.5,11.678929913439788,41297.0,42550.0,1253.0,0.02944770857814336,2,0,1.8275862068965518,0.9162844036697247,11.936965984529088,10.889262448699226,0.591304347826087,8.0,4.0,8.0,4.0,112.0,92.0,244.0,0.9478260869565217,0,0,17.683370047010612,0.0,151,447.51905054237983,40822.17892991344,0.0,0.008690345251857457,0.039514228557597474,448.18177346454405,459.9827341081959,0.001478692265955428,1.0082539178446481e-05,36.06471816283925,479.3568035416268,448.4768497685263,447.80233708551606,0.6745126830102208,120.41997896008031,120.41997896008031,120.41997896008031,123.64862361461796,120.14374752121556,104.36098396965345,0.5727172645117575,39414.45697478566,42522.0,-3107.5430252143415,43015.0,0.0,0.5727172645117575,4.36233002814182,4.362239747302112,4.36233002814182,4.362239747302112,111.1372324499722,87.1836951380796,241.43135240503057,0.9465889318365138,448.87708759593966,479.3577751254786,0.0008916423637413,2.026844879154943e-06,0.003655598013865689,0.0,0.0,0.044450791684656564
172,8.6,416.7186997420212,263.62365269432996,860.6523610059323,264.28439022219675,0.9882245142494654,459.9784160198803,447.52439765373464,447.52439765373464,447.6487386414736,476.1655219223692,28.64112426863454,0.06399902311202078,124.0,124.0,124.0,123.45139442820911,122.11311390902742,113.10331057831537,122.0978583805454,100.0,0.591304347826087,40834.3510852615,41164.163912014876,40823.5,10.851085261499975,41310.0,42563.0,1253.0,0.029438714376336255,2,0,1.8275862068965518,0.9162844036697247,11.934235443950932,10.91246211948828,0.591304347826087,8.0,4.0,8.0,4.0,112.0,92.0,244.0,0.9478260869565217,0,0,17.682757961614662,0.0,151,447.52439765373464,40834.3510852615,0.0,0.0,0.03951238871963453,448.18177346454405,459.9827341081959,0.0014667615903425357,9.387500867874543e-06,36.15866388308977,479.3570276702424,448.4576794663413,447.7832545426309,0.6744249237103759,120.4401056716824,120.4401056716824,120.4401056716824,123.64817605067232,120.16382806414568,104.356535118338,0.5727172730972492,39419.360764332785,42518.0,-3098.639235667215,43011.0,0.0,0.5727172730972492,4.362142844320104,4.362052575209361,4.362142844320104,4.362052575209361,111.1324725435378,87.17995963677578,241.42105186649823,0.9465889329749552,448.87708759593966,479.3577751254786,0.000934349605244,1.5592846825951412e-06,0.003652383559216338,0.0,0.001694164406237862,0.04509357294854555
173,8.65,416.7186997420212,263.62365269432996,860.6585419218113,264.29013138378815,0.9882388858880722,459.9785444182804,447.5367699022188,447.5367699022188,447.6488130432786,476.1648147505649,28.62804484834612,0.06396802849205216,124.0,124.0,124.0,123.50265184395126,122.1130583286797,113.57769209397873,122.09781430668087,100.0,0.591304347826087,40857.32444207875,41179.94125927767,40842.5,14.824442078752327,41329.0,42581.0,1252.0,0.029402785279819637,2,0,1.8275862068965518,0.9162844036697247,11.933136300670315,10.928237732383982,0.591304347826087,8.0,4.0,8.0,4.0,112.0,92.0,244.0,0.9478260869565217,0,0,17.677850837180603,0.0,151,447.5367699022188,40857.32444207875,0.0,0.00843591474125281,0.039500331651057395,448.18177346454405,459.9827341081959,0.001439156165007005,9.108363433707467e-06,36.25260960334029,479.3570706585372,448.4375955143073,447.7632625297267,0.6743329845805874,120.4611916181672,120.4611916181672,120.4611916181672,123.64809009982456,120.18486564156925,104.35187423577209,0.5727172820923084,39424.49766400702,42517.0,-3092.5023359929764,43010.0,0.0,0.5727172820923084,4.361946739416425,4.361856482593396,4.361946739416425,4.361856482593396,111.1274857820728,87.17604610320558,241.4102604070191,0.946588934167706,448.87708759593966,479.3577751254786,0.0009790922588323,1.4696057475394042e-06,0.0036510925877558838,0.0,0.001694164406237862,0.04630673881017905
174,8.7,416.7186997420212,263.62365269432996,860.6523610059323,264.28439022219675,0.9882410951184577,459.9789237041342,447.52749122099283,447.52749122099283,447.6474395042487,476.1662508367236,28.63875961573075,0.06399329689801936,124.0,124.0,124.0,123.57990272308149,122.11289345210324,113.57760015847947,122.09768350901585,100.0,0.5391304347826087,40852.46684676224,41184.50660233873,40850.5,1.9668467622395838,41337.0,42589.0,1252.0,0.029397262203855457,2,0,1.8275862068965518,0.912,12.151096109773443,10.947619110201742,0.5391304347826087,8.0,4.0,8.0,4.0,112.0,92.0,244.0,0.9478260869565217,0,0,17.682312757369786,0.05217391304347829,151,447.52749122099283,40852.46684676224,0.0,0.00843591474125281,0.039511120778585,448.18177346454405,459.9827341081959,0.0014598591069276967,8.283798019315114e-06,36.34655532359081,479.35678340906134,448.4165547852896,447.74231811670063,0.6742366685889465,120.48328207870966,120.48328207870966,120.48328207870966,123.6486637716606,120.20690542879524,104.34699131336156,0.5727172915163085,39429.87861827017,42526.0,-3096.1213817298267,43019.0,0.0,0.5727172915163085,4.361741292331217,4.361651048380736,4.361741292331217,4.361651048380736,111.1222614573518,87.17194613372823,241.3989548534976,0.9465889354173332,448.87708759593966,479.3577751254786,0.0010259664023319,2.068843917291119e-06,0.0036472790884281192,0.0,0.001694164406237862,0.04605022127752146
175,8.75,416.7186997420212,263.62365269432996,860.6398345340042,264.2727080710957,0.9882433035190271,459.97891180107683,447.5074040907696,447.5074040907696,447.6477067641789,476.1683333745391,28.660929283769462,0.06404570968384705,123.5,123.5,124.0,123.57987031927381,122.11289864222513,114.03941481532316,122.09768762761334,100.0,0.5391304347826087,40864.93187753651,41192.60679588626,40858.5,6.431877536510001,41345.0,42597.0,1252.0,0.029391741202432098,2,0,1.8275862068965518,0.912,12.151198465711241,10.93949253600062,0.5391304347826087,8.0,4.0,8.0,4.0,112.0,92.0,244.0,0.9478260869565217,0,0,17.68894146486207,0.0,151,447.5074040907696,40864.93187753651,0.0,0.017128489522275935,0.03952770681147021,448.18177346454405,459.9827341081959,0.0015046782660557145,8.309675202267108e-06,36.44050104384134,479.35559491996366,448.39451215727786,447.7203763876604,0.6741357696174646,120.50642442693386,120.50642442693386,120.50642442693386,124.11317276748464,120.22999469077742,104.34187587955203,0.5727173013895178,39435.5150720283,42539.0,-3103.484927971702,43032.0,0.0,0.5727173013895178,4.36152606248686,4.3614358320213,4.36152606248686,4.3614358320213,111.11678836583692,87.16765093599139,241.3871109609414,0.9465889367265256,448.87708759593966,479.3577751254786,0.0010750725577157,4.548180144503533e-06,0.0036473987667680276,0.0,0.0,0.04670846856457876
176,8.8,416.7186997420212,263.62365269432996,860.627543928109,264.26113851803615,0.9882355702650047,459.9794987891455,447.49454828387064,447.49454828387064,447.64317282605276,476.17066730142204,28.6761190175514,0.06408149356796308,123.5,123.5,124.0,123.63199931594494,122.11264146203446,114.03940474381218,122.09748344707815,100.0,0.5391304347826087,40873.49485677935,41196.3862754098,40864.0,9.494856779347174,41350.0,42603.0,1253.0,0.02941107433748797,2,0,1.8275862068965518,0.912,12.14613574989921,10.959237788958786,0.5391304347826087,8.0,4.0,8.0,4.0,112.0,92.0,244.0,0.9478260869565217,0,0,17.69370413946467,0.0,151,447.49454828387064,40873.49485677935,0.0,0.016879382431448108,0.039539485357574844,448.18177346454405,459.9827341081959,0.0015333626250817467,7.033566285286064e-06,36.534446764091854,479.3555640123475,448.37142042511874,447.6973903530589,0.6740300720599066,120.53066822358603,120.53066822358603,120.53066822358603,124.2415168414845,120.25418287457455,104.33651697934386,0.5727173117331479,39441.41899219956,42549.0,-3107.5810078004433,43042.0,0.0,0.5727173117331479,4.361300588965712,4.361210372626658,4.361300588965712,4.361210372626658,111.11105478676257,87.16315131173081,241.374703365033,0.9465889380980956,448.87708759593966,479.3577751254786,0.0011265158877435,4.6126572799121135e-06,0.00364149694210756,0.0,0.0,0.047160658210781664
177,8.85,416.7186997420212,263.62365269432996,860.6338745758135,264.267097765704,0.988246614564998,459.979551273393,447.4925485391558,447.4925485391558,447.6413752430808,476.16795481512696,28.67540627597117,0.06408018718877519,123.5,123.5,124.0,123.68263803081686,123.04284693115478,114.0394037967562,122.09746508306452,100.0,0.5391304347826087,40868.04665288945,41207.972323232905,40871.0,-2.9533471105532954,41357.0,42609.0,1252.0,0.029383463587504988,2,0,1.8275862068965518,0.9139908256880734,12.172723801908415,10.950192275914302,0.5391304347826087,8.0,4.0,8.0,4.0,112.0,92.0,244.0,0.9478260869565217,0,0,17.69073179979649,0.0,151,447.4925485391558,40868.04665288945,0.0,0.008694235626245769,0.039533019840326,448.18177346454405,459.9827341081959,0.0015378245305702753,6.9194658123272745e-06,36.628392484342385,479.3554654695634,448.3472302087462,447.67331085833575,0.6739193504104719,120.55606531289148,120.55606531289148,120.55606531289148,124.24141684071483,120.27952170548647,104.33090315299488,0.5727173225693903,39447.60289008118,42557.0,-3109.39710991882,43050.0,0.0,0.5727173225693903,4.361064389614718,4.360974188073499,4.361064389614718,4.360974188073499,111.10504845934986,87.15843763889,241.36170553281812,0.9465889395349856,448.87708759593966,479.3577751254786,0.001180406400405,4.818229796366147e-06,0.0036409692434326295,0.0,0.0,0.04687295210761948
178,8.9,416.7186997420212,263.62365269432996,860.6402052235179,264.2730570133719,0.9882408146027873,459.98014165081554,447.49368930352813,447.49368930352813,447.6435010326979,476.16525180008534,28.671562496557215,0.06407143426129912,123.5,123.5,124.0,123.68390160007951,123.04283368499331,114.03939261059182,122.0972572792661,100.0,0.5391304347826087,40872.589280496315,41220.00231976788,40883.0,-10.410719503684959,41369.0,42622.0,1253.0,0.029397963493031767,2,0,1.8275862068965518,0.9110604332953249,11.819427168383081,10.967299805387984,0.5391304347826087,8.0,4.0,8.0,4.0,112.0,92.0,244.0,0.9478260869565217,0,0,17.68649669679164,0.0,151,447.49368930352813,40872.589280496315,0.0,0.008694235626245769,0.03952345501077035,448.18177346454405,459.9827341081959,0.0015352792142725447,5.635988458152497e-06,36.7223382045929,479.3553408046113,448.321889857797,447.6480864889695,0.673803368827464,120.5826699226995,120.5826699226995,120.5826699226995,124.34385886302005,120.3060652869692,104.32502241388136,0.5727173339214625,39454.07984453075,42569.0,-3114.920155469248,43062.0,0.0,0.5727173339214625,4.360816960113475,4.360726774073271,4.360816960113475,4.360726774073271,111.09875655912398,87.15349985303425,241.348089711452,0.9465889410402756,448.87708759593966,479.3577751254786,0.0012368591614158,5.078296407501348e-06,0.0036350333407842604,0.0,0.0,0.04711283697854213
179,8.95,416.7186997420212,263.62365269432996,860.6402052235179,264.2730570133719,0.9882239789814447,459.98024676833916,447.49431718554393,447.49431718554393,447.64796485142216,476.1690971347436,28.67477994919966,0.06407853429188974,123.5,123.5,124.0,123.73442731964866,123.04283121405491,114.03939051538293,122.09722004006193,100.0,0.5391304347826087,40883.103651730766,41220.49327638744,40888.0,-4.896348269234295,41374.0,42629.0,1255.0,0.02944005254638861,2,0,1.8275862068965518,0.9125,11.398403692217219,10.976494522863804,0.5391304347826087,8.0,4.0,8.0,4.0,112.0,92.0,244.0,0.9478260869565217,0,0,17.682068745751426,0.0,151,447.49431718554393,40883.103651730766,0.0,0.0,0.039513504566852264,448.18177346454405,459.9827341081959,0.0015338782603450118,5.4074635248424485e-06,36.816283924843425,479.35518049531333,448.2953453525283,447.6216634718373,0.6736818806909923,120.61053876851872,120.61053876851872,120.61053876851872,124.39485603429378,120.33387020443162,104.31886222550554,0.5727173458136531,39460.86352597798,42578.0,-3117.1364740220233,43071.0,0.0,0.5727173458136531,4.360557773007486,4.3604676032041425,4.360557773007486,4.3604676032041425,111.09216567331411,87.14832742804424,241.33382687495828,0.946588942617184,448.87708759593966,479.3577751254786,0.0012959945149506,5.412721561848244e-06,0.003633976445037589,0.0,0.0,0.047668074784651404
180,9.0,427.4058359715339,268.6694981736673,851.9338685246637,257.0614837495832,0.9882717207731282,459.97897890784895,425.3930706759144,425.3930706759144,447.63929314566695,476.1763732869039,50.78330261098955,0.11937971281548872,123.5,123.5,124.0,123.73210277048159,123.04285876319918,113.11575972174683,122.09006191020708,100.0,0.5826086956521739,40000.427665328745,41225.247702768,40896.0,-895.5723346712548,41382.0,42632.0,1250.0,0.029320698067179584,2,0,1.793103448275862,0.9236641221374046,12.696870383283713,10.980676987606524,0.5826086956521739,8.0,8.0,8.0,8.0,112.0,88.0,244.0,0.9478260869565217,0,0,25.94903336068196,0.04347826086956519,143,425.3930706759144,40000.427665328745,11.8184363343681,11.305179682464479,0.06100013175920119,448.18177346454405,459.9827341081959,0.05084700926694985,8.163785439108118e-06,36.91022964509395,479.3548395010746,448.2675402009322,447.5939855727957,0.6735546281365714,120.63973116154278,120.63973116154278,120.63973116154278,124.3942464952033,120.36299563301344,104.31240947761611,0.5727173582713673,39467.96822127918,42593.0,-3125.0317787208187,43086.0,0.0,0.5727173582713673,4.360286276703086,4.360196123907031,4.360286276703086,4.360196123907031,111.08526177530678,87.14290935606846,241.31888666894687,0.94658894426908,448.87708759593966,479.3577751254786,0.0013579383128509,6.124077998381772e-06,0.0036467240470867846,0.08646592822571086,0.0,0.0010561502798946674
181,9.05,427.4058359715339,268.6694981736673,851.9506756543874,257.06025002224,0.988275021104962,459.9796344264084,425.40349130697956,425.40349130697956,447.63998996601754,476.17041425063934,50.76692294365978,0.11933828466636952,124.5,124.5,124.0,123.80902993341437,123.04915584733828,113.11544954157048,122.08986309082375,92.0,0.5391304347826087,40013.15723045988,41233.267931887545,40908.0,-894.8427695401188,41394.0,42644.0,1250.0,0.029312447237594973,2,0,1.793103448275862,0.9236641221374046,12.69121060853238,11.007832452526722,0.5391304347826087,8.0,8.0,8.0,8.0,112.0,88.0,244.0,0.9478260869565217,0,0,25.931751338112203,0.04347826086956519,143,425.40349130697956,40013.15723045988,0.0,0.016852349768111133,0.06095801249407081,448.18177346454405,459.9827341081959,0.050823758363673144,6.738691602281577e-06,37.004175365344466,479.3556513295966,448.2384153319557,447.5649939903825,0.673421341573146,120.67030912076292,120.67030912076292,120.67030912076292,124.3957000210618,120.39350344944044,104.30565046142512,0.5727173713211767,39475.40885942613,42606.0,-3130.5911405738734,43099.0,0.0,0.5727173713211767,4.360001894425139,4.359911759442809,4.360001894425139,4.359911759442809,111.07803019813586,87.13723412671891,241.30323735323293,0.9465889459994874,448.87708759593966,479.3577751254786,0.0014228221525063,4.430502627106314e-06,0.003640133188079813,0.08639306140971899,0.00669183923825329,0.0017283669687042486
182,9.1,427.4058359715339,268.6694981736673,851.9593486816569,257.05983979749146,0.9882752960487747,459.97982112146474,425.4114881523977,425.4114881523977,447.6337110746451,476.17420071592454,50.76271256352686,0.11932614416219488,123.5,123.5,124.0,123.78407320763743,123.04914466424417,113.11536060694903,122.08980599648089,104.0,0.5391304347826087,40007.48598630153,41229.85180495712,40909.0,-901.5140136984701,41395.0,42645.0,1250.0,0.02931175987806308,2,0,1.793103448275862,0.9236641221374046,12.689591547007664,11.022184546979766,0.5391304347826087,8.0,8.0,8.0,8.0,112.0,88.0,244.0,0.9478260869565217,0,0,25.92465038216558,0.0,143,425.4114881523977,40007.48598630153,0.0,0.00868272344155006,0.06094017464069621,448.18177346454405,459.9827341081959,0.050805915501933585,6.332817549803416e-06,37.09812108559499,479.3553442908835,448.2079089847434,447.5346272455598,0.6732817391836079,120.70233748926044,120.70233748926044,120.70233748926044,124.44643445993464,120.42545834805038,104.2985708439048,0.5727173849908692,39483.20103811959,42613.0,-3129.798961880413,43106.0,0.0,0.5727173849908692,4.359704023135677,4.3596139068110915,4.359704023135677,4.3596139068110915,111.07045560698212,87.13128970548905,241.28684574232548,0.9465889478120912,448.87708759593966,479.3577751254786,0.0014907836235976,5.071023609581893e-06,0.0036382560775448766,0.08633714304355168,0.0,0.001428882663444452
183,9.15,427.4058359715339,268.6694981736673,851.9938403454694,257.1778273991649,0.9882598401200271,459.97979138795165,425.4319264407307,425.4319264407307,447.63663701822423,476.1758584509173,50.7439320101866,0.11927626691001532,124.0,124.0,124.0,123.83446585144321,123.0491464533477,113.1153747886681,122.0898151035225,100.0,0.5391304347826087,40019.56723200774,41234.25774372112,40919.0,-899.4327679922571,41405.0,42657.0,1252.0,0.029350399699932014,2,0,1.793103448275862,0.9214830970556162,12.505222428516952,11.010922256153458,0.5391304347826087,8.0,8.0,8.0,8.0,112.0,84.0,248.0,0.9391304347826087,0,0,25.890998010691444,0.0,143,425.4319264407307,40019.56723200774,0.0,0.12292578664058422,0.06085814533784987,448.18177346454405,459.9827341081959,0.050760312825646636,6.397458047979754e-06,37.19206680584551,479.3550726873141,448.17595659381834,447.5028210674064,0.6731355264118974,120.73588405476642,120.73588405476642,120.73588405476642,124.44587794802668,120.45892796107609,104.29115564114016,0.5727173993095046,39491.36105121438,42631.0,-3139.6389487856213,43124.0,0.0,0.5727173993095046,4.359392032412764,4.359301935629389,4.359392032412764,4.359301935629389,111.06252197066544,87.1250635113808,241.26967714372995,0.9465889497107436,448.87708759593966,479.3577751254786,0.0015619665638902,5.637622470633374e-06,0.003638555030777745,0.08619422722724122,0.001694164406237862,0.0020668632151493362
184,9.2,427.4058359715339,268.6694981736673,851.9851964719751,257.17864784866197,0.9882816161994938,459.97972780697205,425.423875955215,425.423875955215,447.6338890288253,476.17434712432186,50.750471169106845,0.11929389495395745,124.5,124.5,124.0,123.83438762260054,123.07437901599124,113.11540509168431,122.08983455977653,92.0,0.5304347826086957,40028.24933471206,41249.35248502716,40932.0,-903.7506652879383,41418.0,42668.0,1250.0,0.029295959501265584,2,0,1.793103448275862,0.9214830970556162,12.50577400184136,11.000855652481636,0.5304347826086957,8.0,8.0,8.0,8.0,112.0,88.0,244.0,0.9478260869565217,0,0,25.90071054109453,0.008695652173912993,143,425.423875955215,40028.24933471206,0.0,0.008682723441555528,0.06088212722649618,448.18177346454405,459.9827341081959,0.050778275371185844,6.535682757102812e-06,37.28601252609603,479.3552865713878,448.14249067011315,447.4695082746912,0.6729823954219682,120.77101967457074,120.77101967457074,120.77101967457074,124.88201566347412,120.4939829832678,104.28338919071464,0.5727174143074655,39499.905917039345,42638.0,-3138.094082960655,43131.0,0.0,0.5727174143074655,4.359065263289082,4.3589751869717475,4.359065263289082,4.3589751869717475,111.05421253210817,87.11854239372576,241.2516952940184,0.9465889516994732,448.87708759593966,479.3577751254786,0.0016365213242689,5.19143366384256e-06,0.003639194300659641,0.08625052067463877,0.00669183923825329,0.002525343475211532
185,9.25,427.41068772819347,268.50687395404367,851.9554854815935,257.1814679231496,0.988330677664261,459.98024107512447,425.3943715893431,425.3943715893431,447.63571211030825,476.15505591728197,50.76068432793886,0.11932617758502216,124.5,124.5,124.0,123.91047293257591,123.09313309464285,113.11515958173155,122.0896767969398,96.0,0.5304347826086957,40048.95130379473,41261.99034565565,40945.0,-896.0486962052673,41431.0,42676.0,1245.0,0.029173305839347644,2,0,1.7586206896551724,0.9214830970556162,12.501310722313804,11.024575210674746,0.5304347826086957,8.0,8.0,8.0,8.0,112.0,88.0,244.0,0.9478260869565217,0,0,25.84512098778354,0.0,143,425.3943715893431,40048.95130379473,0.16269657756351416,0.029844526626639972,0.06075567218066834,448.18177346454405,459.9827341081959,0.050844106620064666,5.419840543141596e-06,37.379958246346554,479.35513875597303,448.1074406777997,447.4346186532491,0.6728220245505554,120.8078184048544,120.8078184048544,120.8078184048544,124.88213443579386,120.53069730092902,104.27525512312717,0.5727174300165148,39508.85340759606,42647.0,-3138.1465924039367,43140.0,0.0,0.5727174300165148,4.358723027049614,4.358632972165765,4.358723027049614,4.358632972165765,111.0455097777521,87.11171260818537,241.2328622926468,0.9465889537824932,448.87708759593966,479.3577751254786,0.0017146050431354,5.499795022401166e-06,0.0036340336870100275,0.08645683151949028,0.00669183923825329,0.003618562997263615
186,9.3,427.41068772819347,268.50687395404367,851.9468579861963,257.1825188299603,0.988313574809053,459.9802077067154,425.4024026245674,425.4024026245674,447.6352544988499,476.1552410833439,50.75283845877652,0.11930548145861718,124.5,124.5,124.0,123.96075884242154,123.09314403340804,113.1151756043242,122.08968710206943,96.0,0.5391304347826087,40050.6150639674,41258.29770909599,40949.0,-898.3849360325985,41435.0,42682.0,1247.0,0.029216062977367507,2,0,1.7586206896551724,0.9214830970556162,12.50160162692392,11.00581740960653,0.5391304347826087,8.0,8.0,8.0,8.0,112.0,88.0,244.0,0.9478260869565217,0,0,25.853141676951548,0.008695652173912993,143,425.4024026245674,40050.6150639674,0.0,0.008691264692468816,0.06077337955180252,448.18177346454405,459.9827341081959,0.05082618747274592,5.492383285621294e-06,37.47390396659708,479.3561124307565,448.0707329068339,447.3980788291026,0.6726540777312948,120.84635763451126,120.84635763451126,120.84635763451126,124.8813486036662,120.56914812543128,104.26673633220952,0.5727174464698566,39518.22207863152,42670.0,-3151.7779213684844,43163.0,0.0,0.5727174464698566,4.358364603986708,4.358274571548918,4.358364603986708,4.358274571548918,111.03639540591556,87.1045597919155,241.2131385334672,0.946588955964205,448.87708759593966,479.3577751254786,0.0017963819303506,3.4685881994400702e-06,0.003634369187014059,0.08640067407928806,0.00669183923825329,0.003706422035865737
187,9.35,427.41068772819347,268.50687395404367,851.9468579861963,257.1825188299603,0.9883237671313108,459.9801536122538,425.401586339814,425.401586339814,447.6352241805269,476.15714210183495,50.75555576202095,0.11931209800773292,124.5,124.5,124.0,123.96073317533975,123.09316175155749,113.11520156071944,122.08970379354754,96.0,0.5739130434782609,40047.579001739214,41262.60535780806,40953.0,-905.4209982607863,41439.0,42685.0,1246.0,0.029190582171723087,2,0,1.7586206896551724,0.9243421052631579,12.183238527148006,10.997207111192647,0.5739130434782609,8.0,8.0,8.0,8.0,112.0,88.0,244.0,0.9478260869565217,0,0,25.84895888180217,0.034782608695652195,143,425.401586339814,40047.579001739214,0.0,0.0,0.06076366358717296,448.18177346454405,459.9827341081959,0.050828008797935254,5.609984355503528e-06,37.567849686847595,479.3544950207537,448.032290341178,447.35981213727257,0.6724782039054276,120.88671822351536,120.88671822351536,120.88671822351536,124.88264951994536,120.6094161312638,104.25781494454252,0.5727174637021951,39528.03130058055,42686.0,-3157.968699419449,43179.0,0.0,0.5727174637021951,4.357989242113952,4.357899233181627,4.357989242113952,4.357899233181627,111.0268502940748,87.0970689378924,241.19248263391523,0.94658895824921,448.87708759593966,479.3577751254786,0.0018820235608062,6.842706836374113e-06,0.0036349130754586294,0.08640638199376567,0.00669183923825329,0.00354609513726177
188,9.4,427.41068772819347,268.50687395404367,851.972773228582,257.17982702415554,0.9883342313008034,459.98032519143123,425.4300998871928,425.4300998871928,447.6391073757971,476.1587757676012,50.72867588040839,0.11924091852894195,124.5,124.5,124.0,123.96081460932791,123.09310548843796,113.11511915314536,122.08965078914176,96.0,0.5304347826086957,40057.74332550264,41277.773519924594,40958.0,-900.2566744973592,41444.0,42689.0,1245.0,0.029164421747991286,2,0,1.7586206896551724,0.9243421052631579,12.181742466168608,11.001914791960482,0.5304347826086957,8.0,8.0,8.0,8.0,112.0,88.0,244.0,0.9478260869565217,0,0,25.824876234557266,0.04347826086956519,143,425.4300998871928,40057.74332550264,0.0,0.02605466573191925,0.06070298326659303,448.18177346454405,459.9827341081959,0.05076438830047858,5.236972142830254e-06,37.661795407098126,479.3548739693181,447.992032522652,447.31973848623886,0.6722940364131773,120.92898464587772,120.92898464587772,120.92898464587772,124.88234673021977,120.65158559866263,104.24847228785728,0.5727174817497979,39538.30129036687,42697.0,-3158.6987096331286,43190.0,0.0,0.5727174817497979,4.357596155836887,4.357506171518708,4.357596155836887,4.357506171518708,111.01685446506052,87.08922436838361,241.1708513618523,0.9465889606423185,448.87708759593966,479.3577751254786,0.0019717091777344,6.052172951132029e-06,0.0036331879463210558,0.08620699949983332,0.00669183923825329,0.004082847806646143
189,9.45,427.41648918222324,268.58850660710493,851.9900609755705,257.1781861251614,0.9883091334894614,459.980438839519,425.43317038291474,425.43317038291474,447.6349481649161,476.1795462864652,50.74637590355047,0.11928166263546344,124.5,124.5,124.0,123.98598933793343,123.11190868421316,113.1150644435789,122.08961558148796,96.0,0.5304347826086957,40078.12039225686,41273.961458484024,40966.0,-887.8796077431398,41452.0,42700.0,1248.0,0.029227166276346604,2,0,1.7586206896551724,0.9256830601092896,12.008984525385653,10.99220548641571,0.5304347826086957,8.0,8.0,8.0,8.0,112.0,88.0,244.0,0.9478260869565217,0,0,25.89721317975633,0.0,143,425.43317038291474,40078.12039225686,0.08183854174336279,0.01736544688300325,0.060872576429447954,448.18177346454405,459.9827341081959,0.05075753729514165,4.989901808749586e-06,37.75574112734864,478.354878986858,447.9498754103825,447.27777421801744,0.6721011923650053,120.9732451372242,120.9732451372242,120.9732451372242,125.2182301953358,120.69574456084996,104.23868885841388,0.5727175006505606,39549.05314404698,42677.0,-3127.9468559530214,43169.0,0.0,0.5727175006505606,4.357184524580951,4.357094566036324,4.357184524580951,4.357094566036324,111.006387052163,87.08100970756254,241.14819956003964,0.9465889631485528,448.87708759593966,479.3577751254786,0.0020656260058251,0.0020921662079186,0.003632045280698143,0.08618552889547404,0.00669183923825329,0.005158910044441592
190,9.5,427.41648918222324,268.58850660710493,851.9900609755705,257.1781861251614,0.9882939620256128,459.98094258748233,425.42711933601686,425.42711933601686,447.6371330843222,476.1811871023411,50.754067766324226,0.1193014395639337,124.5,124.5,124.0,124.0612831533449,123.11168428842561,113.11482072626819,122.08945856112645,96.0,0.5652173913043478,40101.87594483144,41289.69176643364,40977.0,-875.1240551685623,41463.0,42713.0,1250.0,0.02926509493596797,2,0,1.7586206896551724,0.9219934994582882,12.271460047089604,11.012673696268076,0.5652173913043478,8.0,8.0,8.0,8.0,112.0,88.0,244.0,0.9478260869565217,0,0,25.89584161633212,0.034782608695652084,143,425.42711933601686,40101.87594483144,0.0,0.0,0.060870218280275404,448.18177346454405,459.9827341081959,0.05077103861816756,3.894756434918989e-06,37.849686847599166,478.3545577027071,447.90573123583795,447.2338319638432,0.6718992719947892,121.01959184701036,121.01959184701036,121.01959184701036,125.2195576072924,120.74198495589962,104.22844428735664,0.5727175204440746,39560.30887027613,42676.0,-3115.6911297238694,43168.0,0.0,0.5727175204440746,4.356753491375535,4.356663559817775,4.356753491375535,4.356663559817775,110.9954262631401,87.07240785326485,241.12448006823968,0.9465889657731648,448.87708759593966,479.3577751254786,0.0021639695741745,0.002092836446658,0.0036269803870296667,0.08622784116217917,0.00669183923825329,0.006413381719476671
191,9.55,425.41268430590105,268.68952186156014,852.4157608309023,257.1377800233793,0.9883082539608247,459.9814709128692,427.86152948855005,427.86152948855005,447.651871258182,476.18117998515646,48.319650496606414,0.11293291676483733,124.5,124.5,124.0,124.06121016760959,123.11144683563896,113.11456296011904,122.10426968974976,96.0,0.5652173913043478,40216.08458521719,41303.61998101691,40996.0,-779.9154147828085,41482.0,42731.0,1249.0,0.029229365097938265,2,0,1.8214285714285714,0.9219934994582882,12.266805151382169,11.037072854050415,0.5652173913043478,8.0,8.0,8.0,8.0,112.0,88.0,244.0,0.9478260869565217,0,0,25.47102267386235,0.0,144,427.86152948855005,40216.08458521719,2.006349437163239,0.4276131661802982,0.05953099523649503,448.18177346454405,459.9827341081959,0.04533929128557379,2.7461798738359633e-06,37.94363256784969,478.3538249272392,447.8595083534502,447.18782049545734,0.6716878579928789,121.06812099537171,121.06812099537171,121.06812099537171,125.22257186563034,120.7904027832278,104.2177173060438,0.5727175411716972,39572.09142456888,42700.0,-3127.9085754311236,43192.0,0.0,0.5727175411716972,4.356302161396641,4.356212258094331,4.356302161396641,4.356212258094331,110.98394934312992,87.0634009478822,241.09964364294711,0.9465889685216377,448.87708759593966,479.3577751254786,0.0022669440490699,0.0020943651075162,0.003621668381618587,0.06920509891905458,0.00669183923825329,0.012444456094969032
192,9.6,425.39347834294676,268.56561134597246,852.3849647068242,257.14070309537107,0.988394403107305,459.9816783777718,427.84494638601063,427.84494638601063,447.6473709370596,476.1606943656222,48.31574797961156,0.11292817266566492,124.5,124.5,124.0,124.13597268647658,123.1113529933429,113.11446112714285,122.1041846547688,96.0,0.5565217391304348,40216.72618384058,41323.387674616446,41012.0,-795.273816159417,41498.0,42738.0,1240.0,0.029013992231737562,2,0,1.8214285714285714,0.9133261105092091,12.508627959155481,11.012407122050245,0.5565217391304348,8.0,8.0,8.0,8.0,112.0,88.0,244.0,0.9478260869565217,0,0,25.475647289001966,0.008695652173912993,144,427.84494638601063,40216.72618384058,0.12539013073685876,0.03093453746380675,0.059544111725973986,448.18177346454405,459.9827341081959,0.04537629212657457,2.2951522868908114e-06,38.03757828810021,478.3537139035879,447.8111110868435,447.139644572018,0.6714665148254539,121.11893303458928,121.11893303458928,121.11893303458928,125.22302696519674,120.84109826468784,104.2064857103578,0.5727175628766219,39584.42474432016,42719.0,-3134.57525567984,43211.0,0.0,0.5727175628766219,4.355829600464908,4.355739726745185,4.355829600464908,4.355739726745185,110.97193253647356,87.05397034840092,241.0736388747589,0.946588971399698,448.87708759593966,479.3577751254786,0.0023747625765557,0.0020945967166755,0.0036195824423233777,0.06932105714401762,0.00669183923825329,0.01247833732325279
193,9.65,425.39347834294676,268.56561134597246,852.3936085803184,257.13988264587397,0.9883957607093559,459.98129816207546,427.85962663308266,427.85962663308266,447.64912043896254,476.1610747540573,48.30144812097467,0.11289087615269737,125.0,125.0,124.0,124.16119071140679,123.11152471727635,113.11464748936926,122.10434025378468,96.0,0.5565217391304348,40238.31433614563,41327.734552079484,41017.0,-778.6856638543686,41503.0,42743.0,1240.0,0.029010598226610205,2,0,1.8214285714285714,0.9133261105092091,12.511988209230982,11.009258329897913,0.5565217391304348,8.0,8.0,8.0,8.0,112.0,88.0,244.0,0.9478260869565217,0,0,25.466401690499094,0.0,144,427.85962663308266,40238.31433614563,0.0,0.00868272344144772,0.05952045976129966,448.18177346454405,459.9827341081959,0.04534353700813565,3.12173917405012e-06,38.13152400835073,478.3518977912241,447.7604395707063,447.08920478267714,0.67123478802921,121.1721328151265,121.1721328151265,121.1721328151265,125.23041308396944,120.8941760102268,104.19472632400374,0.5727175856039525,39597.33378454425,42719.0,-3121.666215455749,43211.0,0.0,0.5727175856039525,4.355334833502127,4.355244990752851,4.355334833502127,4.355244990752851,110.95935104745612,87.04409659559411,241.04641210340117,0.9465889744133262,448.87708759593966,479.3577751254786,0.0024876476347094,0.0020983853531764,0.00362340529067873,0.06921840473693971,0.011689514070268718,0.013618353978222485
194,9.7,425.39347834294676,268.56561134597246,852.3590330863415,257.1431644438622,0.9883992889886799,459.98176226117823,427.8171485719473,427.8171485719473,447.6503579183573,476.16445527029805,48.347306698350735,0.1130092771169504,125.0,125.0,124.0,124.16083954126111,123.11131495381956,113.61426460949289,122.10415018226357,92.0,0.5565217391304348,40241.09029566005,41339.57135429649,41030.0,-788.9097043399524,41516.0,42756.0,1240.0,0.029001777528300122,2,0,1.8214285714285714,0.9133261105092091,12.507884730498722,11.01062122521777,0.5565217391304348,8.0,8.0,8.0,8.0,112.0,88.0,244.0,0.9478260869565217,0,0,25.50104470331304,0.0,144,427.8171485719473,40241.09029566005,0.0,0.03473089376600113,0.05960734577479063,448.18177346454405,459.9827341081959,0.045438315652985395,2.112790210673232e-06,38.225469728601254,478.35135957561056,447.7073895883794,447.0363973848871,0.6709922034922897,121.22782975617136,121.22782975617136,121.22782975617136,125.23258127212604,120.94974518803586,104.18241496081424,0.5727176094007804,39610.844554282055,42733.0,-3122.1554457179445,43225.0,0.0,0.5727176094007804,4.354816842945617,4.354727032617916,4.354816842945617,4.354727032617916,110.94617899998364,87.03375938237775,241.01790733045448,0.9465889775687673,448.87708759593966,479.3577751254786,0.0026058313954602,0.0020995081379552,0.003618739043312212,0.06951543483474068,0.011689514070268718,0.013764945499128885
195,9.75,425.39347834294676,268.56561134597246,852.3763208333299,257.1415235448681,0.9884121676915523,459.9818100707614,427.8383267261689,427.8383267261689,447.6512991626347,476.16675830400214,48.32843157783327,0.1129595657024087,125.0,125.0,124.0,124.18571336950615,123.11129324809008,113.61424115263594,122.10413051111597,96.0,0.5565217391304348,40259.95397442739,41355.56023126528,41044.0,-784.0460255726066,41530.0,42769.0,1239.0,0.028969580771119267,2,0,1.8214285714285714,0.9172113289760349,11.925968884525542,11.003946005744458,0.5565217391304348,8.0,8.0,8.0,8.0,112.0,88.0,244.0,0.9478260869565217,0,0,25.486432281239427,0.0,144,427.8383267261689,40259.95397442739,0.0,0.01736544688299788,0.059570241114820954,448.18177346454405,459.9827341081959,0.04539106216014954,2.0088524329553437e-06,38.31941544885177,478.3518101251896,447.651852405244,446.9811141385249,0.6707382667191268,121.2861380205874,121.2861380205874,121.2861380205874,125.4068229517496,121.00791969910036,104.16952638607768,0.5727176343162609,39624.984153616344,42752.0,-3127.015846383656,43244.0,0.0,0.5727176343162609,4.354274567122005,4.354184790733143,4.354274567122005,4.354184790733143,110.93238939621877,87.02293752134739,240.98806612982276,0.9465889808725382,448.87708759593966,479.3577751254786,0.0027295560957625,0.0020985682354389,0.0036182583456761393,0.06936734546692253,0.011689514070268718,0.014761089479628018
196,9.8,425.39347834294676,268.56561134597246,852.3422514792318,257.1447573016385,0.9883799196036271,459.9814910538719,427.8075521011377,427.8075521011377,447.64800320547243,476.16320219437824,48.35565009324057,0.11303131479504328,125.0,125.0,124.0,124.21096389449136,123.11143774016726,113.61439732179302,122.10426144838283,96.0,0.5565217391304348,40279.7053742393,41378.99469589703,41059.0,-779.2946257606964,41545.0,42788.0,1243.0,0.029050200990932036,2,0,1.8214285714285714,0.9155844155844156,12.6896166850448,10.968528272717219,0.5565217391304348,8.0,8.0,8.0,8.0,112.0,88.0,244.0,0.9478260869565217,0,0,25.52254730229125,0.0,144,427.8075521011377,40279.7053742393,0.0,0.03422247903814306,0.05965894518911504,448.18177346454405,459.9827341081959,0.04545972765895667,2.702393441911255e-06,38.413361169102295,478.3507373830745,447.5937145980325,446.92324213595714,0.6704724620753382,121.34717669414812,121.34717669414812,121.34717669414812,125.36016059533608,121.06881835602292,104.15603427692116,0.5727176604016959,39639.78081122482,42774.0,-3134.2191887751833,43266.0,0.0,0.5727176604016959,4.353706898580427,4.353617157716656,4.353706898580427,4.353617157716656,110.91795407420356,87.01160891152347,240.95682755600836,0.9465889843314412,448.87708759593966,479.3577751254786,0.0028590744178558,0.0021008061090498,0.0036214658755157263,0.06958253866638803,0.011689514070268718,0.01580411180161142
197,9.85,425.39347834294676,268.56561134597246,852.3511484226653,257.1439128315326,0.9883906246348702,459.98155913240106,427.8271148197274,427.8271148197274,447.64957701830343,476.1599938214463,48.33287900171888,0.1129729213682139,125.0,125.0,124.0,124.28573814301771,123.11140697294326,113.61436406416375,122.10423356958184,96.0,0.5565217391304348,40280.66707252895,41379.18582353041,41065.0,-784.3329274710486,41551.0,42793.0,1242.0,0.029023438412824527,2,0,1.8214285714285714,0.9155844155844156,12.689014782886346,10.95881793371383,0.5565217391304348,8.0,8.0,8.0,8.0,112.0,88.0,244.0,0.9478260869565217,0,0,25.51721828922363,0.0,144,427.8271148197274,40280.66707252895,0.0,0.008936930805366011,0.05964376124214513,448.18177346454405,459.9827341081959,0.04541607858675434,2.554391084097496e-06,38.50730688935282,477.3491493441269,447.53285788021543,446.8626636281946,0.670194252020849,121.4110699688946,121.4110699688946,121.4110699688946,125.4408629857784,121.13256506596038,104.14191118178172,0.5727176877106137,39655.263922390215,42767.0,-3111.736077609785,43258.0,0.0,0.5727176877106137,4.353112682388172,4.353022978707486,4.353112682388172,4.353022978707486,110.9028436645086,86.99975050432988,240.9241280502813,0.9465889879525736,448.87708759593966,479.3577751254786,0.002994649878263,0.0041902434581893,0.0036207813853807204,0.06944574531799473,0.011689514070268718,0.015854896697500724
198,9.9,425.39347834294676,268.56561134597246,852.3857239166424,257.14063103354437,0.9884403326791888,459.9821235308038,427.86354406514675,427.86354406514675,447.6516076811422,476.1669065148257,48.30336244967896,0.11289431670374857,125.0,125.0,124.0,124.30973380199065,123.11115048426049,113.61408689766213,122.10400111488761,96.0,0.5565217391304348,40301.64001156614,41391.608057066886,41081.0,-779.3599884338619,41567.0,42804.0,1237.0,0.028899168302027847,2,0,1.8214285714285714,0.9182115594329335,13.075822283306438,10.970558598396867,0.5565217391304348,8.0,8.0,8.0,8.0,112.0,88.0,244.0,0.9478260869565217,0,0,25.49069601530727,0.0,144,427.86354406514675,40301.64001156614,0.0,0.0347308937661143,0.05957669534805247,448.18177346454405,459.9827341081959,0.045334796286633616,1.3273919798884037e-06,38.601252609603335,477.32412319138314,447.46915892365337,446.7992558473266,0.6699030763267615,121.47794733041754,121.47794733041754,121.47794733041754,125.4416803971587,121.19928901747645,104.12712847900974,0.572717716298855,39671.464087372864,42798.5,-3127.035912627136,43290.0,0.0,0.572717716298855,4.352490714389937,4.3524010496252,4.352490714389937,4.3524010496252,110.88702754595522,86.98733826884768,240.88990134483532,0.9465889917433392,448.87708759593966,479.3577751254786,0.003136557225112,0.0042424511286233,0.0036151066867125266,0.06919101188524103,0.011689514070268718,0.016962425469218056
199,9.95,425.39347834294676,268.56561134597246,852.3511484226653,257.1439128315326,0.9884561501821238,459.9820707449411,427.8245353345257,427.8245353345257,447.64913417110944,476.1680981471754,48.34356281264968,0.11299857492943632,125.0,125.0,124.0,124.3098232491409,123.11117458040545,113.61411293010596,122.10402295654751,96.0,0.5565217391304348,40340.533010979096,41418.810425830045,41106.0,-765.4669890209043,41592.0,42828.0,1236.0,0.02885962454469039,2,0,1.8214285714285714,0.916030534351145,13.18060941237081,10.96284818236,0.5565217391304348,8.0,8.0,8.0,8.0,112.0,88.0,244.0,0.9478260869565217,0,0,25.52758509063343,0.0,144,427.8245353345257,40340.533010979096,0.0,0.0347308937661143,0.059668352285295725,448.18177346454405,459.9827341081959,0.04542183403098343,1.4421481626669674e-06,38.695198329853866,477.32536979420496,447.40248917674006,446.7328908254615,0.6695983512785801,121.547943748824,121.547943748824,121.547943748824,125.4374730173682,121.26912487107016,104.11165633465808,0.5727177462246594,39688.413150039174,42833.5,-3145.086849960826,43325.0,0.0,0.5727177462246594,4.351839739431924,4.3517501153939975,4.351839739431924,4.3517501153939975,110.87047380046728,86.9743471563832,240.85407836506369,0.9465889957114608,448.87708759593966,479.3577751254786,0.0032850828432725,0.0042398505599322,0.0036156374179535634,0.06946378250522166,0.011689514070268718,0.019016268080015716
200,10.0,425.39347834294676,268.56561134597246,852.3684361696539,257.14227193253845,0.9884628847455253,459.9827341081959,427.8520960834996,427.8520960834996,447.64466380629517,476.16334417701853,48.31124809351894,0.11291576817258486,125.0,125.0,124.78759765625,124.4077603795336,123.1108701244318,113.61378410426552,122.1037469344056,100.0,0.5565217391304348,40370.174357171294,41434.92030708745,41131.0,-760.8256428287059,41617.0,42853.0,1236.0,0.028842788136186497,2,0,1.8214285714285714,0.916030534351145,13.174687199889993,10.973182343038694,0.5565217391304348,8.0,8.0,8.0,8.0,112.0,88.0,244.0,0.9478260869565217,0,0,25.513322054729148,0.0,144,427.8520960834996,40370.174357171294,0.0,0.017365446883116427,0.059631172286579076,448.18177346454405,459.9827341081959,0.045360339453100806,0.0,38.78914405010438,477.3249880499974,447.3327146793155,446.6634352104456,0.6692794688698314,121.62119987310192,121.62119987310192,121.62119987310192,125.43876705713323,121.3422129530947,104.09546365952076,0.5727177775487545,39706.144236624066,42844.5,-3138.3557633759337,43336.0,0.0,0.5727177775487545,4.351158449555761,4.35106886813702,4.351158449555761,4.35106886813702,110.85314916712088,86.96075106440804,240.81658713009375,0.9465889998649896,448.87708759593966,479.3577751254786,0.0034405251666896,0.0042406469258772,0.0036089676850831237,0.0692710625047231,0.011689514070268718,0.020581553883883538
201,10.05,417.7186997420213,262.62365269433,852.1606795403604,257.1619915434427,0.988440277097474,459.9589720725656,436.64043524625146,436.64043524625146,447.6580285782898,476.1665007449038,39.526065498652315,0.09052314515113759,125.0,125.0,124.78759765625,124.40572336379617,123.1104662815726,114.55146979408497,122.1107696469566,100.0,0.5478260869565217,40693.7005266207,41469.172091464,41147.5,-453.79947337930207,41634.0,42873.0,1239.0,0.028899307256315163,2,0,1.8214285714285714,0.9094827586206896,12.845133819530398,11.01562748162503,0.5478260869565217,8.0,8.0,8.0,8.0,112.0,88.0,244.0,0.9478260869565217,0,0,25.71141411569717,0.008695652173913104,147,436.64043524625146,40693.7005266207,9.706137192058037,0.2086903928541302,0.058884638343667695,448.18177346454405,459.9827341081959,0.02575146715377441,5.165853817623578e-05,38.88308977035491,477.32498951194555,447.2596958746668,446.5907500786807,0.6689457959861329,121.69786222854492,121.69786222854492,121.69786222854492,125.43876211095588,121.41869945272929,104.07851806549591,0.5727178103344446,39724.69179448948,42848.5,-3123.8082055105187,43340.0,0.0,0.5727178103344446,4.350445482162918,4.350355945339913,4.350445482162918,4.350355945339913,110.8350189954716,86.94652279993323,240.77735265175912,0.946589004212319,448.87708759593966,479.3577751254786,0.0036031950972038,0.0042406438760713,0.003847881174725905,0.007818134304842498,0.011689514070268718,0.03766616660475163
202,10.1,417.7186997420213,262.62365269433,852.1947488944586,257.1587577866723,0.9884478217290972,459.9593549792063,436.6530492905234,436.6530492905234,447.660282277091,476.16815170505674,39.51510241453332,0.09049542303377407,125.0,125.0,124.78759765625,124.40494155876368,123.11031080096471,114.56372299289173,122.11061287915193,104.0,0.5478260869565217,40698.74396753518,41497.32070750525,41175.5,-476.75603246482206,41662.0,42901.0,1239.0,0.02888044567725694,2,0,1.8214285714285714,0.9090909090909091,12.61857050922725,11.006006155693743,0.5478260869565217,8.0,8.0,8.0,8.0,112.0,88.0,244.0,0.9478260869565217,0,0,25.67848227441023,0.0,147,436.6530492905234,40698.74396753518,0.0,0.03422247903814306,0.05880751850040389,448.18177346454405,459.9827341081959,0.025723322224598832,5.0826101190448725e-05,38.97703549060543,477.3247228434941,447.1832874189895,446.51469074541296,0.6685966735765874,121.77808341684435,121.77808341684435,121.77808341684435,125.61349039955157,121.49873662161215,104.0607858213557,0.5727178446477024,39744.0916307234,42880.5,-3136.4083692766,43372.0,0.0,0.5727178446477024,4.349699418154913,4.349609927992731,4.349699418154913,4.349609927992731,110.81604719825285,86.93163404238726,240.7362968322018,0.9465890087621966,448.87708759593966,479.3577751254786,0.0037734164290309,0.0042412001796618,0.003844031270485275,0.007729929930546049,0.011689514070268718,0.03793249818142474
203,10.15,417.7186997420213,262.62365269433,852.1947488944586,257.1587577866723,0.9884846508594587,459.9598569823827,436.6532330145485,436.6532330145485,447.6633813444749,476.1714283660862,39.51819535153771,0.09050246823712636,126.0,126.0,125.5751953125,124.52645667980406,123.34777611816591,114.56364115741096,122.11040605654382,92.0,0.5478260869565217,40766.957731033006,41541.05869642206,41211.5,-444.542268966994,41698.0,42934.0,1236.0,0.02878837285135324,2,0,1.8214285714285714,0.905742145178765,12.870691094900328,11.042508374534771,0.5478260869565217,8.0,8.0,8.0,8.0,116.0,88.0,240.0,0.9391304347826087,0,0,25.674813743468277,0.0,147,436.6532330145485,40766.957731033006,0.0,0.0,0.05879909228248595,448.18177346454405,459.9827341081959,0.025722912292656108,4.9734748973961906e-05,39.07098121085595,477.32371997221617,447.1033379887526,446.4351065729244,0.6682314158282452,121.86202231839373,121.86202231839373,121.86202231839373,125.615880269524,121.58248297568102,104.04223180803274,0.572717880557264,39764.38095040689,42890.5,-3126.119049593108,43382.0,0.0,0.572717880557264,4.348918780053019,4.348829338708242,4.348918780053019,4.348829338708242,110.79619620355264,86.9160553060874,240.69333836035133,0.9465890135237356,448.87708759593966,479.3577751254786,0.0039515262779099,0.0042432922940073,0.00383898391963749,0.007728645230546127,0.02168486373429957,0.04153469745197104
204,10.2,417.7186997420213,262.62365269433,852.7726161645028,256.9029758659055,0.9885171474470908,459.96087381583254,437.20324334032085,437.20324334032085,447.65835031035584,476.1666233643895,38.96338002406867,0.08911960425174478,126.0,126.0,125.968994140625,124.54802270781522,123.35351921317928,114.56347261148099,122.10998254987999,96.0,0.5478260869565217,40812.71013287414,41549.14443131863,41231.5,-418.789867125859,41718.0,42951.0,1233.0,0.02870713138227282,2,0,1.8214285714285714,0.9094874591057798,12.174702480021056,11.05432516817945,0.5478260869565217,8.0,8.0,8.0,8.0,116.0,88.0,240.0,0.9391304347826087,0,0,25.03103967993236,0.0,147,437.20324334032085,40812.71013287414,0.0,0.6319453874975892,0.05725263950168844,448.18177346454405,459.9827341081959,0.02449570860358008,4.752415850084457e-05,39.16492693110647,477.3239124842845,447.01969008644744,446.3518407771185,0.6678493093289148,121.94984429628492,121.94984429628492,121.94984429628492,125.56598425775252,121.6701034987013,104.02281947352856,0.572717918134722,39785.59839435345,42925.5,-3139.901605646548,43417.0,0.0,0.572717918134722,4.348102030102346,4.348012639826948,4.348102030102346,4.348012639826948,110.77542690659078,86.89975590239703,240.64839260753033,0.9465890185064288,448.87708759593966,479.3577751254786,0.0041378755138514,0.0042428906898646,0.0038287602489188205,0.003882668825568894,0.02168486373429957,0.04395076805249032
205,10.25,417.7186997420213,262.62365269433,852.7726161645028,256.9029758659055,0.9885597263270578,459.9609599208427,437.20296408733066,437.20296408733066,447.65612429658285,476.1671889175708,38.96422483024014,0.08912159347221876,126.0,126.0,126.0,124.98727331611127,124.10935306929059,114.56345816547727,122.80973873562351,96.0,0.5391304347826087,40830.706920250115,41584.53997054413,41256.0,-425.2930797498848,41742.0,42971.0,1229.0,0.02860068418235554,2,0,1.8214285714285714,0.9252232142857143,12.445695570506683,11.040306512192306,0.5391304347826087,8.0,8.0,8.0,8.0,116.0,88.0,240.0,0.9391304347826087,0,0,25.026225063234136,0.008695652173912993,147,437.20296408733066,40830.706920250115,0.0,0.0,0.05724166375558969,448.18177346454405,459.9827341081959,0.024496331683336425,4.733696666991971e-05,39.258872651356995,477.3233764319974,446.9321798453044,446.26473023306806,0.6674496122363394,122.0417214014022,122.0417214014022,122.0417214014022,125.56740259377096,121.76176984688966,104.00251078758116,0.5727179574546238,39807.78407610685,42953.5,-3145.715923893149,43445.0,0.0,0.5727179574546238,4.347247568365624,4.347158231510548,4.347247568365624,4.347158231510548,110.75369862124111,86.88270390168145,240.60137152250567,0.94658902372016,448.87708759593966,479.3577751254786,0.0043328291961873,0.0042440089616752,0.0038278945129704427,0.003884621516929384,0.02168486373429957,0.04490113365370766
206,10.3,417.7186997420213,262.62365269433,852.7726161645028,256.9029758659055,0.988565580443328,459.9615243519664,437.197193383547,437.197193383547,447.6529853885807,476.16340589983025,38.966212516283235,0.08912731624536921,126.0,126.0,126.0,125.1331021655972,124.10911881486913,114.56336278859308,122.80950199856701,96.0,0.5826086956521739,40843.97387588388,41611.59888447841,41278.0,-434.0261241161206,41764.0,42993.0,1229.0,0.02858604889168004,2,0,1.8214285714285714,0.9286510590858417,12.75591148631246,11.029667645393692,0.5826086956521739,8.0,8.0,8.0,8.0,116.0,88.0,240.0,0.9391304347826087,0,0,25.029328821409678,0.04347826086956519,147,437.197193383547,40843.97387588388,0.0,0.0,0.057249518524360235,448.18177346454405,459.9827341081959,0.024509207494280316,4.6109896430501784e-05,39.35281837160751,477.3229951055295,446.8406368336047,446.1736052801573,0.6670315534474298,122.13783257794157,122.13783257794157,122.13783257794157,125.56840691148903,121.85766055396196,103.98126619623856,0.5727179985945641,39830.979617957186,42968.5,-3137.520382042814,43460.0,0.0,0.5727179985945641,4.346353730813121,4.346264449832404,4.346353730813121,4.346264449832404,110.73096903145264,86.86486609518624,240.5521835263203,0.946589029175217,448.87708759593966,479.3577751254786,0.0045367670095205,0.0042448044561631,0.003822219485312093,0.003924973469523772,0.02168486373429957,0.04560172859900542
207,10.35,418.7186997420212,262.62365269433,863.3862315238871,264.03618914567454,0.9885820548582054,459.9611664627446,448.10608946411344,448.10608946411344,447.66930457057657,476.15262872861337,28.046539264499927,0.06258906076915974,126.0,126.0,126.0,125.15762747403593,124.10926757396275,114.53909546773772,123.10956354194835,96.0,0.5826086956521739,41293.98779925566,41648.84015934371,41306.0,-12.012200744342408,41792.0,43020.0,1228.0,0.028544862854486285,2,0,1.7857142857142858,0.9241306638566913,13.149535448374891,11.033822833519366,0.5826086956521739,8.0,8.0,8.0,8.0,116.0,88.0,240.0,0.9391304347826087,0,0,17.0766051352882,0.0,151,448.10608946411344,41293.98779925566,0.9999999999999432,12.787945991895342,0.038108397847728376,448.18177346454405,459.9827341081959,0.00016886898332690858,4.6887945681639565e-05,39.44676409185803,477.3216517659404,446.7448838593149,446.0782895275398,0.6665943317750589,122.2383638685978,122.2383638685978,122.2383638685978,125.57191488086076,121.95796123584954,103.95904457650474,0.5727180416352836,39855.228185712185,42982.5,-3127.271814287815,43474.0,0.0,0.5727180416352836,4.345418787416392,4.345329564871577,4.345418787416392,4.345329564871577,110.70719414275278,86.84620795697941,240.50073340729472,0.9465890348823058,448.87708759593966,479.3577751254786,0.004750083698957,0.0042476068297948,0.0038258178539120427,0.0,0.02168486373429957,0.06936584515529412
208,10.4,418.7186997420212,262.62365269433,853.196215171534,257.3005019426792,0.9886375249686441,459.9614212386513,436.57707768851594,436.57707768851594,447.6651555325297,476.1535374627724,39.57645977425648,0.09065171259974635,126.0,126.0,126.0,125.23032904693608,124.10916175499895,114.5390878216803,123.10945686082408,100.0,0.5739130434782609,40876.661233746956,41688.60700042649,41345.0,-468.338766253044,41831.0,43054.0,1223.0,0.02840618757838993,2,0,1.7857142857142858,0.9218585005279831,12.944699252249116,11.064236548545328,0.5739130434782609,8.0,8.0,8.0,8.0,112.0,88.0,244.0,0.9478260869565217,0,0,25.610567772432947,0.008695652173912993,147,436.57707768851594,40876.661233746956,0.0,12.214987325323653,0.05866219066752122,448.18177346454405,459.9827341081959,0.02589283291536215,4.633406422505093e-05,39.54070981210856,477.3208458792145,446.6447367758558,445.97859966071894,0.6661371151368485,122.3435086185686,122.3435086185686,122.3435086185686,125.5739973941151,122.06286479423548,103.93580319125036,0.5727180866607718,39880.57452193339,43003.5,-3122.925478066609,43495.0,0.0,0.5727180866607718,4.344440940252056,4.344351778815394,4.344440940252056,4.344351778815394,110.68232823403292,86.82669360611521,240.44692221664025,0.94658904085256,448.87708759593966,479.3577751254786,0.0049731895028095,0.0042492880098395,0.003823256229903771,0.008261165391187281,0.02168486373429957,0.04732786670681133
209,10.45,418.7186997420212,262.62365269433,863.3799393774033,264.0305629421452,0.988641745994892,459.9612052921743,448.1657202265757,448.1657202265757,447.6698450123475,476.1499054037705,27.98418517719483,0.06244160120735491,126.0,126.0,126.0,125.30353592140368,124.10925147207774,114.53909431284922,123.7582628980034,100.0,0.5652173913043478,41370.87519992491,41708.526428826095,41361.0,9.875199924907065,41847.0,43070.0,1223.0,0.02839563501276991,2,0,1.7857142857142858,0.9218585005279831,12.94642185419603,11.043972515008653,0.5652173913043478,8.0,8.0,8.0,8.0,112.0,88.0,244.0,0.9478260869565217,0,0,17.077649027418353,0.008695652173913104,151,448.1657202265757,41370.87519992491,0.0,12.2066358902746,0.03810565658342753,448.18177346454405,459.9827341081959,3.581858727608189e-05,4.6803530709293995e-05,39.63465553235907,477.3207634815367,446.5400042899088,445.8743452501475,0.6656590397613513,122.4534676774264,122.4534676774264,122.4534676774264,125.57420941017106,122.1725716179633,103.91149764459126,0.5727181337583553,39907.0649773185,43034.5,-3127.4350226815004,43526.0,0.0,0.5727181337583553,4.343418321626693,4.343329224086347,4.343418321626693,4.343329224086347,110.6563238098397,86.80628576919617,240.39064716515992,0.9465890470975596,448.87708759593966,479.3577751254786,0.005206510580764,0.0042494599016542,0.003825427446511576,0.0,0.02168486373429957,0.07342607764215567
210,10.5,418.7186997420212,262.62365269433,863.3925236703709,264.0418153492039,0.9886844120582023,459.9615258279453,448.18075565629306,448.18075565629306,447.66476555215996,476.15445722731994,27.97370157102688,0.06241611496697045,126.0,126.0,126.0,125.35160246402822,124.10911819974407,114.53908463602775,123.75822303189672,100.0,0.5826086956521739,41390.876460268344,41728.875552976235,41386.5,4.37646026834409,41872.0,43091.0,1219.0,0.028288969854493976,2,0,1.7857142857142858,0.9197465681098205,12.871577191011186,11.050364939394091,0.5826086956521739,8.0,8.0,8.0,8.0,112.0,88.0,244.0,0.9478260869565217,0,0,17.044556673651616,0.017391304347826098,151,448.18075565629306,41390.876460268344,0.0,0.016881383062701222,0.038030541156753674,448.18177346454405,459.9827341081959,2.2709719833535758e-06,4.610668766025228e-05,39.72860125260961,478.27051360383575,446.43048777226375,445.76532856285394,0.6651592094098078,122.56844959780136,122.56844959780136,122.56844959780136,126.91523794091712,122.2872897812642,103.88608183797407,0.5727181830188016,39934.74753988124,43117.5,-3182.7524601187615,43609.0,0.0,0.5727181830188016,4.342348992230825,4.342259961494165,4.342348992230825,4.342259961494165,110.62913155342544,86.78494574352953,240.33180152158377,0.9465890536293388,448.87708759593966,479.3577751254786,0.0054504894352688,0.0022681629005771,0.0038222046451997734,0.0,0.02168486373429957,0.0744822944776544
211,10.55,418.7186997420212,262.62365269433,863.3988158168547,264.04744155273323,0.9886766206065103,459.9619864067105,448.18177346454405,448.18177346454405,447.66263209651515,476.15019438141655,27.968420916872503,0.062404190827909926,126.0,126.0,126.0,125.3749813626459,124.10892559362611,114.5390702806701,123.75816511308055,100.0,0.5652173913043478,41444.97344152817,41765.106215656655,41425.5,19.47344152817095,41911.0,43132.0,1221.0,0.02830844848372438,2,0,1.7857142857142858,0.9197465681098205,12.867888561904484,11.034473880558682,0.5652173913043478,8.0,8.0,8.0,8.0,112.0,88.0,244.0,0.9478260869565217,0,0,17.0471914430952,0.017391304347826098,151,448.18177346454405,41444.97344152817,0.0,0.008440691531350611,0.0380363335869655,448.18177346454405,459.9827341081959,0.0,4.510539189184204e-05,39.82254697286013,478.2703917561379,446.31598107283,445.6513443782011,0.6646366946288822,122.68867082970372,122.68867082970372,122.68867082970372,126.915349603023,122.40723523763364,103.85950792722592,0.5727182345364132,39963.67186154949,43169.5,-3205.82813845051,43661.0,0.0,0.5727182345364132,4.341230939333634,4.3411419784329155,4.341230939333634,4.3411419784329155,110.60070028083038,86.76263336109247,240.27027451314055,0.946589060460399,448.87708759593966,479.3577751254786,0.0057055853236489,0.0022684170900453,0.0038175737927865264,0.0,0.02168486373429957,0.07733902157260658
212,10.6,418.7186997420212,262.62365269433,850.8017767918224,257.65967831596464,0.9887578488843578,459.96315027328296,434.16363584553517,434.16363584553517,447.64995705311776,476.1212859568625,41.957650111327325,0.09664017583972609,126.0,126.0,126.0,125.42078988357024,124.10843296544847,115.03888697664159,123.75801535750072,100.0,0.5652173913043478,40933.86203339229,41798.82386448523,41460.5,-526.6379666077119,41946.0,43159.0,1213.0,0.0281053777891054,2,0,1.7857142857142858,0.9164904862579282,11.705213138047371,11.019750646877917,0.5652173913043478,8.0,8.0,8.0,8.0,112.0,88.0,244.0,0.9478260869565217,0,0,28.004961348894188,0.0,146,434.16363584553517,40933.86203339229,0.0,14.124054353024862,0.06450324033783812,448.18177346454405,459.9827341081959,0.03127779496842453,4.2575152197632526e-05,39.91649269311065,477.2713673909015,446.19627034104,445.5321798090041,0.664090532035857,122.81435590919249,122.81435590919249,122.81435590919249,126.91471892428396,122.53263200806732,103.83172628085356,0.5727182884091221,39993.889281767595,43181.5,-3187.610718232405,43672.0,0.0,0.5727182884091221,4.340062075031007,4.33997318712693,4.340062075031007,4.33997318712693,110.57097689630676,86.73930695355557,240.2059512290197,0.9465890676037252,448.87708759593966,479.3577751254786,0.0059722746582085,0.0043525062966403,0.0038058717892782293,0.025137285616484113,0.02168486373429957,0.050348498734593246
213,10.65,418.7186997420212,262.62365269433,850.7760116334993,257.6608969799058,0.9887782973010508,459.96340800945745,434.1232887611183,434.1232887611183,447.64835761341885,476.1197157616302,41.99642700051186,0.0967384797999651,126.5,126.5,126.0,125.54027168786145,124.34624402458468,115.06289155888261,123.79159998444632,92.0,0.5565217391304348,40960.6521311572,41842.68664072672,41504.5,-543.8478688428004,41990.0,43202.0,1212.0,0.028054256747372806,2,0,1.7857142857142858,0.9289558665231432,12.338483815854708,11.034227802841915,0.5565217391304348,8.0,8.0,8.0,8.0,112.0,88.0,244.0,0.9478260869565217,0,0,28.030348735970364,0.008695652173912993,146,434.1232887611183,40960.6521311572,0.0,0.025793962960669367,0.06456771489030713,448.18177346454405,459.9827341081959,0.03136781889801221,4.20148351348848e-05,40.01043841336117,477.2712365105647,446.07113385300454,445.40761412936394,0.6635197236406043,122.94573763996516,122.94573763996516,122.94573763996516,126.91483970813624,122.66371236223416,103.8026854399068,0.5727183447385821,40025.452847655295,43213.5,-3188.047152344705,43704.0,0.0,0.5727183447385821,4.338840234559015,4.338751422945506,4.338840234559015,4.338751422945506,110.5399063494202,86.71492331861748,240.13871252746233,0.9465890750727946,448.87708759593966,479.3577751254786,0.0062510513912906,0.0043527793293177,0.0038032804014942675,0.025419414746439866,0.026682538566315,0.0517632171972346
214,10.7,418.7186997420212,262.62365269433,847.774612000105,257.56673996021306,0.9877801160935223,455.96776837666357,431.09089228711787,431.09089228711787,444.0871551121223,471.57536186539414,40.484469578276276,0.09391167919018005,126.5,126.5,126.0,125.94152596625229,125.10661654093798,116.08556672320506,123.8881133882621,92.0,0.5350877192982456,40895.02302533777,41783.298818662406,41436.5,-541.4769746622333,41920.0,43241.0,1321.0,0.03054970976619412,2,0,1.7666666666666666,0.9311087190527448,12.435077976525314,10.926088069006667,0.5350877192982456,8.0,4.0,8.0,4.0,112.0,88.0,244.0,0.9385964912280702,0,0,26.51310227693767,0.021434019832189177,145,431.09089228711787,40895.02302533777,0.0,3.002876171888658,0.06150234846362573,448.18177346454405,459.9827341081959,0.03813381576254182,0.008728513993718656,40.10438413361169,477.2716392093298,445.9403418469069,445.2774186106902,0.6629232362166704,123.08305726630569,123.08305726630569,123.08305726630569,127.25309975101511,122.80071699102778,103.77233207975472,0.5727184036302602,40058.41733023853,43269.5,-3211.0826697614757,43760.0,0.0,0.5727184036302602,4.337563174688,4.337474442797543,4.337563174688,4.337474442797543,110.50743159419848,86.68943768794838,240.06843494727443,0.94658908288159,448.87708759593966,479.3577751254786,0.0065424273819837,0.0043519392495567,0.043977120003303255,0.046623608091655465,0.026682538566315,0.0482975072732118
215,10.75,418.7186997420212,262.62365269433,847.7316457025731,257.5708181870894,0.9878513313609467,455.96907030952366,431.0362386036419,431.0362386036419,444.09329263791466,471.5778040968411,40.54156549319919,0.0940560488012217,126.5,126.5,126.0,126.03569631652351,125.10601987941905,116.0851234762975,123.88766682402233,92.0,0.5526315789473685,40903.1917488689,41792.550504946244,41466.5,-563.3082511311004,41950.0,43264.0,1314.0,0.030371671597633137,2,0,1.7666666666666666,0.927801724137931,12.545120110146907,10.996344988705522,0.5526315789473685,8.0,4.0,8.0,4.0,112.0,88.0,244.0,0.9385964912280702,0,0,26.55843036685701,0.01754385964912286,145,431.0362386036419,40903.1917488689,0.0,0.04315940984362762,0.06161530745742874,448.18177346454405,459.9827341081959,0.03825576111309348,0.008725683598654776,40.19832985386221,477.2459330274563,445.803656368266,445.14135636754054,0.6623000007254518,123.22656463568056,123.22656463568056,123.22656463568056,127.2501066559098,122.94389516878952,103.7406109741472,0.5727184651935237,40092.83923623004,43326.0,-3233.1607637699635,43816.0,0.0,0.5727184651935237,4.336228572213578,4.3361399236212606,4.336228572213578,4.3361399236212606,110.47349355073216,86.66280369705908,239.9949906246399,0.94658909104461,448.87708759593966,479.3577751254786,0.0068469327408402,0.0044055655454205,0.04396402982333202,0.04700577687512063,0.026682538566315,0.048728877255401364
216,10.8,418.7186997420212,262.62365269433,847.6975763484749,257.5740519438598,0.9879017362393794,455.9696026935661,431.02374782726633,431.02374782726633,444.0903197938884,471.5732859816551,40.549538154388756,0.09407727151646193,127.0,127.0,126.393798828125,126.2218515809827,125.10577220797757,116.08493923118536,123.88748112349232,92.0,0.5526315789473685,40952.11910617098,41852.09593400115,41518.5,-566.3808938290167,42002.0,43312.0,1310.0,0.030245659401551533,2,0,1.7333333333333334,0.92,12.918898230105322,10.954706899664705,0.5526315789473685,8.0,4.0,8.0,4.0,112.0,88.0,244.0,0.9385964912280702,0,0,26.596012091230442,0.0,145,431.02374782726633,40952.11910617098,0.0,0.03422247903825624,0.06170428479938152,448.18177346454405,459.9827341081959,0.03828363100231047,0.008724526198598204,40.292275574112736,477.2457792427357,445.6608311268498,444.9991822150448,0.6616489118050595,123.37651834911746,123.37651834911746,123.37651834911746,127.249808434768,123.093504903342,103.70746496198028,0.5727185295417228,40128.77681479889,43362.0,-3233.22318520111,43852.0,0.0,0.5727185295417228,4.334834022561147,4.334745460989723,4.334834022561147,4.334745460989723,110.43803106966826,86.63497335744006,239.91824721619068,0.9465890995768832,448.87708759593966,479.3577751254786,0.0071651161486435,0.0044058863594943,0.04395867701049256,0.047093119292106675,0.03168021339833043,0.05131260936085741
217,10.85,418.7186997420212,262.62365269433,847.7146110255239,257.57243506547456,0.9879638176112239,455.9709959453771,431.02425804757473,431.02425804757473,444.0923040700267,471.58117619462854,40.55691814705381,0.09409428214264752,127.0,127.0,127.968994140625,126.2893103219443,125.10511357985924,116.08444855686321,124.09615631641992,92.0,0.5614035087719298,40982.12131828799,41879.36300808928,41548.5,-566.3786817120126,42032.0,43336.0,1304.0,0.030090455971940187,2,0,1.793103448275862,0.9222343921139102,11.731766101035227,10.62762186913831,0.5614035087719298,8.0,4.0,8.0,4.0,112.0,88.0,244.0,0.9385964912280702,0,0,26.574508687581446,0.00877192982456132,145,431.02425804757473,40982.12131828799,0.0,0.017111239519074214,0.061654322677700095,448.18177346454405,459.9827341081959,0.038282492579602145,0.00872149727662419,40.38622129436325,477.245497489254,445.5116113671646,444.8506425398333,0.6609688273313168,123.53318589733868,123.53318589733868,123.53318589733868,127.24926432639086,123.24981307181042,103.67283491720804,0.572718596792268,40166.29005872746,43387.0,-3220.7099412725365,43877.0,0.0,0.572718596792268,4.333377038523018,4.333288567848285,4.333377038523018,4.333288567848285,110.4009809000793,86.60589703134849,239.8380678293655,0.946589108493976,448.87708759593966,479.3577751254786,0.0074975451449295,0.004406474132336,0.04394466867142188,0.04708955154951078,0.03168021339833043,0.05289695159709964
218,10.9,418.7186997420212,262.62365269433,847.1710728161272,258.00928355234026,0.9880090393395748,455.9708995094617,430.449037293016,430.449037293016,444.071207753239,471.579957306282,41.13092001326601,0.09555351841864453,127.0,127.0,128.0,126.7585380133807,126.0587482256881,116.08448292369617,124.09619682726718,100.0,0.543859649122807,41001.90511882317,41919.08717898149,41583.0,-581.0948811768321,42066.0,43366.0,1300.0,0.029977401651063044,2,0,1.793103448275862,0.9298440979955457,12.527135825005745,10.609510968411469,0.543859649122807,8.0,4.0,8.0,4.0,112.0,88.0,244.0,0.9385964912280702,0,0,27.125117712886947,0.01754385964912275,145,430.449037293016,41001.90511882317,0.0,0.6973309010441553,0.06301586334928261,448.18177346454405,459.9827341081959,0.039565946723915446,0.008721706927787842,40.48016701461378,477.2442093376532,445.3557337546184,444.6954751865564,0.6602585680620336,123.69684378045028,123.69684378045028,123.69684378045028,127.24681276786144,123.4130955400372,103.63665972239188,0.5727186670667056,40205.44069931457,43422.0,-3216.5593006854324,43912.0,0.0,0.5727186670667056,4.3318550491490555,4.331766673404047,4.3318550491490555,4.331766673404047,110.36227766122308,86.5755234096502,239.75431096119203,0.9465891178120008,448.87708759593966,479.3577751254786,0.0078448063815879,0.004409161376953,0.04394563827863256,0.05111181321628874,0.03168021339833043,0.05394168492073057
219,10.95,429.40324662379,267.7059330613617,858.3095536411449,263.9958602700747,0.9880884385076001,455.96953256209815,430.99953528633404,430.99953528633404,444.0531043322654,471.58582237048427,40.58628708415023,0.09416782098659753,128.0,128.0,128.0,126.9422984805565,126.10553392794712,116.06168297219128,124.8918907861081,96.0,0.5877192982456141,41179.30916437527,41992.57603388984,41644.5,-465.1908356247295,42127.0,43420.0,1293.0,0.02977890373099954,2,0,1.7586206896551724,0.94136460554371,13.230100198475645,10.574623804472452,0.5877192982456141,8.0,4.0,8.0,4.0,112.0,92.0,240.0,0.9473684210526316,0,0,25.91249589972701,0.04385964912280704,145,430.99953528633404,41179.30916437527,11.831699615770773,12.64534918009808,0.06012186505610052,448.18177346454405,459.9827341081959,0.0383376549327018,0.008724678664033925,40.5741127348643,477.2445946262449,445.192926279626,444.53340936225055,0.6595169173754698,123.86777760881118,123.86777760881118,123.86777760881118,127.3752462163566,123.58363726321949,103.59887624640903,0.5727187404907829,40246.29219434156,43475.0,-3228.7078056584432,43965.0,0.0,0.5727187404907829,4.330265398812394,4.330177122193163,4.330265398812394,4.330177122193163,110.32185381876062,86.5437994931608,239.66683044669904,0.9465891275476288,448.87708759593966,479.3577751254786,0.0082075058364974,0.0044083576169814,0.04395938214173661,0.0472624267701061,0.04167556306236128,0.06330995153894896
220,11.0,429.4046824104098,267.68573001047065,858.2904114136737,263.97973298495936,0.9880945809182078,455.96998669875813,431.0192464397388,431.0192464397388,444.056207829615,471.58360284513157,40.56435640539274,0.09411263357833391,128.0,128.0,128.0,127.05862963207201,126.10532277394006,116.06159337756276,125.09166509221036,96.0,0.5701754385964912,41240.07272110054,42055.48655871852,41699.5,-459.4272788994567,42182.0,43476.0,1294.0,0.02976354770448063,2,0,1.7586206896551724,0.9424920127795527,12.625008746945733,10.54694981658203,0.5701754385964912,8.0,4.0,8.0,4.0,112.0,92.0,240.0,0.9473684210526316,0,0,25.908754490724167,0.01754385964912286,145,431.0192464397388,41240.07272110054,0.020254005740190234,0.025030265634830007,0.060110435217761195,448.18177346454405,459.9827341081959,0.038293674667167044,0.008723691373367815,40.66805845511482,477.24459729169,445.0229081820864,444.3641655609721,0.6587426211143566,124.04628218252144,124.04628218252144,124.04628218252144,127.3280933887069,123.76173236521532,103.55941932688596,0.572718817194504,40288.90970837723,43507.0,-3218.090291622764,43997.0,0.0,0.572718817194504,4.32860534647444,4.328517173344267,4.32860534647444,4.328517173344267,110.2796396660344,86.51067057795836,239.57547541827495,0.9465891377180952,448.87708759593966,479.3577751254786,0.008586268981772,0.0044083520565311,0.043954816060955526,0.04712459548338756,0.04167556306236128,0.06651872391108975
221,11.05,429.405835971534,267.66949817366736,858.3161935837695,264.0014544073305,0.9881701404048993,455.9714813940091,430.9537724805136,430.9537724805136,444.056980157021,471.593516228251,40.63974374773744,0.09430186331545583,128.0,128.0,128.0,127.15031843539296,126.1046162964087,116.0842746264708,125.10028381509962,96.0,0.5701754385964912,41304.957223834936,42103.77321551538,41747.5,-442.5427761650644,42230.0,43517.0,1287.0,0.029574648987751914,2,0,1.7586206896551724,0.9408602150537635,11.84101761553167,10.618048090904576,0.5701754385964912,8.0,4.0,8.0,4.0,112.0,88.0,244.0,0.9385964912280702,0,0,25.90791609269353,0.0,145,430.9537724805136,41304.957223834936,0.016272775709008425,0.03371261610547824,0.060117622230270666,448.18177346454405,459.9827341081959,0.03843976262321924,0.008720441913898647,40.76200417536535,476.2420746443275,444.845389898862,444.187455511312,0.6579343875499717,124.23266154677964,124.23266154677964,124.23266154677964,127.34517925884704,123.94768419377375,103.51822175797122,0.5727188973121857,40333.3600846571,43539.0,-3205.639915342901,44028.0,0.0,0.5727188973121857,4.326872065174243,4.326784000069438,4.326872065174243,4.326784000069438,110.23556331105924,86.47608024517717,239.4800902773819,0.9465891483412052,448.87708759593966,479.3577751254786,0.008981740900767,0.0064997391151849,0.04393978776691876,0.047582425619516595,0.04167556306236128,0.06994511319727872
222,11.1,429.405835971534,267.66949817366736,858.3230279264949,264.0072123262495,0.9882209716320203,455.9715134868393,430.9672602306762,430.9672602306762,444.0509653073905,471.3246838279906,40.35742359731444,0.09364382708726653,128.0,128.0,128.0,127.31114062472274,126.10460092980668,116.10724126492401,125.10026932490891,96.0,0.5614035087719298,41311.50511162156,42119.76540236851,41770.5,-458.9948883784382,42253.0,43535.0,1282.0,0.029447570919949467,2,0,1.7586206896551724,0.9466230936819172,11.557915575943197,10.598749259410601,0.5614035087719298,8.0,4.0,8.0,4.0,112.0,88.0,244.0,0.9385964912280702,0,0,24.91356062958755,0.00877192982456143,145,430.9672602306762,41311.50511162156,0.0,0.00893654691506305,0.05780847625467538,448.18177346454405,459.9827341081959,0.03840966824865699,0.008720372144257804,40.855949895615865,477.173377541,444.6600730370563,444.0029821495824,0.6570908874738848,124.42722902016472,124.42722902016472,124.42722902016472,127.61440737602068,124.14180534875229,103.47521428408544,0.5727189809824915,40379.711807731146,43612.0,-3232.288192268854,44102.0,0.0,0.5727189809824915,4.325062641770593,4.324974689404996,4.325062641770593,4.324974689404996,110.18955066992224,86.43997035583658,239.3805146801219,0.9465891594353424,448.87708759593966,479.3577751254786,0.0093945863476091,0.0045569253234847,0.04393946509212073,0.047488111810391774,0.04167556306236128,0.07029089087320706
223,11.15,429.405835971534,267.66949817366736,858.3163879838703,264.00161818899363,0.9883160092700948,455.97303284903865,430.91617520555707,430.91617520555707,444.0473549042208,471.3208613193166,40.40468611375951,0.09376460768613648,129.0,129.0,128.0,127.42198995786612,126.10386360131992,116.10644987959523,125.09957387222782,84.0,0.5614035087719298,41365.17994486661,42167.85342430307,41825.5,-460.32005513338663,42308.0,43581.0,1273.0,0.029209976824763086,2,0,1.7586206896551724,0.9303590859630033,11.64553366329394,10.584802771517765,0.5614035087719298,8.0,8.0,8.0,8.0,112.0,88.0,240.0,0.9473684210526316,0,0,24.911278461561338,0.0,145,430.91617520555707,41365.17994486661,0.0,0.00868235047064823,0.05781003335434804,448.18177346454405,459.9827341081959,0.03852365107469702,0.008717069058974958,40.94989561586639,476.1737687019048,444.4666503760923,443.8104396216506,0.6562107544417017,124.63030719270031,124.63030719270031,124.63030719270031,128.91813008721329,124.34441768018506,103.43032560036085,0.5727190683484664,40428.03495603815,43673.0,-3244.965043961849,44162.0,0.0,0.5727190683484664,4.323174076964456,4.323086242234751,4.323174076964456,4.323086242234751,110.14152546733422,86.4022810512771,239.27658353828173,0.9465891710194692,448.87708759593966,479.3577751254786,0.0098254897425672,0.0066422338153174,0.043924188786221376,0.04784532656082371,0.05167091272639214,0.07312532538096113
224,11.2,419.7186997420213,261.62365269432996,858.4244342018294,264.09264689321736,0.9884650651017788,455.9730388036893,442.13958943832654,442.13958943832654,444.08272718780745,471.3183837782418,29.17879433991527,0.06599452986551746,129.0,129.0,128.0,127.46745566971155,126.38331632590554,117.10618813221238,125.10411927963139,84.0,0.5526315789473685,41839.98157789571,42207.43476023743,41883.0,-43.01842210428731,42366.0,43624.0,1258.0,0.028837337245552905,2,0,1.7586206896551724,0.9089912280701754,12.653675173897465,10.601387966858384,0.5526315789473685,8.0,8.0,8.0,8.0,112.0,88.0,240.0,0.9473684210526316,0,0,17.917107198298016,0.00877192982456132,149,442.13958943832654,41839.98157789571,11.418969125501745,0.14128060803916728,0.04052364372314877,448.18177346454405,459.9827341081959,0.013481547853921194,0.00871705611359641,41.04384133611691,476.1737369716009,444.26480590176794,443.6095133165937,0.6552925851742657,124.8422278903592,124.8422278903592,124.8422278903592,128.9182143829402,124.5558522528691,103.38348236048986,0.5727191595575479,40478.40114352569,43742.0,-3263.5988564743093,44231.0,0.0,0.5727191595575479,4.321203285635363,4.321115573625548,4.321203285635363,4.321115573625548,110.09140924512536,86.36295075983531,239.16812703754636,0.9465891831131308,448.87708759593966,479.3577751254786,0.0102751550961841,0.0066423000086819,0.04392412891566198,0.0,0.05167091272639214,0.09819841926187668
225,11.25,419.7186997420213,261.62365269432996,858.4109599164794,264.0812948370425,0.9884699040685029,455.9744158055824,442.07016738202054,442.07016738202054,444.0915434967043,471.6068025086968,29.53663512667623,0.06681435958819582,129.0,129.0,128.0,127.53085977116498,127.04210921212832,117.10545825821492,125.10342884657696,88.0,0.5526315789473685,41894.498423573954,42266.25012022393,41935.0,-40.501576426046086,42418.0,43677.0,1259.0,0.028825239828742816,2,0,1.7586206896551724,0.9128996692392503,11.969224622968703,10.591329333256017,0.5526315789473685,8.0,8.0,8.0,8.0,112.0,88.0,240.0,0.9473684210526316,0,0,17.411193345948387,0.0,149,442.07016738202054,41894.498423573954,0.0,0.017618897385747904,0.039385587697670366,448.18177346454405,459.9827341081959,0.013636444952411675,0.008714062518856869,41.13778705636743,476.1735823214109,444.0542148756624,443.3998799355294,0.6543349401330261,125.0633321024666,125.0633321024666,125.0633321024666,129.24414573822878,124.77644927393416,103.33460919278043,0.5727192547615726,40530.88344940367,43806.0,-3275.116550596329,44295.0,0.0,0.5727192547615726,4.319147097521466,4.319059513508307,4.319147097521466,4.319059513508307,110.03912137951951,86.32191621040607,239.05497067470705,0.946589195736454,448.87708759593966,479.3577751254786,0.0107443058546543,0.0066426226282325,0.04391028396009318,0.0,0.05167091272639214,0.10107731835298017
226,11.3,421.74128380796736,262.5987517926007,850.794606074977,257.56484218502186,0.9886017472442026,455.97441910138787,431.0045627584992,431.0045627584992,444.0944078374506,471.6053275908967,40.60076483239749,0.09420031326941412,129.0,129.0,128.0,127.6885059324008,127.10291984451659,117.08293394885865,125.84917014163855,92.0,0.5350877192982456,41505.154465760366,42326.91016761337,41997.0,-491.8455342396337,42480.0,43726.0,1246.0,0.028495631889493667,2,0,1.75,0.9209694415173867,12.864923304448611,10.61391174367281,0.5350877192982456,8.0,8.0,8.0,8.0,108.0,88.0,244.0,0.956140350877193,0,0,24.50329473763996,0.01754385964912286,145,431.0045627584992,41505.154465760366,2.245365127382943,10.023622149951393,0.05685159011035728,448.18177346454405,459.9827341081959,0.038326437448049755,0.008714055353793437,41.23173277661795,476.173274496859,443.8345439434652,443.18120759916553,0.653336344299646,125.29396986826448,125.29396986826448,125.29396986826448,129.24273533016284,125.00655797966697,103.28362872523984,0.57271935411676,40585.5563350902,43887.0,-3301.443664909799,44376.0,0.0,0.57271935411676,4.3170022582811285,4.316914807738442,4.3170022582811285,4.316914807738442,109.98457910807466,86.27911245359365,238.9369353157773,0.9465892089101492,448.87708759593966,479.3577751254786,0.0112336846584906,0.0066432647885726,0.04391025082268028,0.0472272719040646,0.05167091272639214,0.08051703185196678
227,11.35,421.74128380796736,262.5987517926007,850.7778244678673,257.5664350427982,0.9886369345299262,455.9758595742162,430.97391053875117,430.97391053875117,444.08612016577786,471.60259031882595,40.628679780074776,0.09427178487274494,128.5,128.5,128.0,128.2133958161786,127.10218950946447,117.1046742518009,125.8489893836899,104.0,0.5877192982456141,41540.6375488156,42390.706217407955,42064.0,-523.3624511844027,42547.0,43791.0,1244.0,0.028407663675184398,2,0,1.75,0.9159663865546218,13.177958412999459,10.629052758384399,0.5877192982456141,8.0,8.0,8.0,8.0,108.0,88.0,244.0,0.956140350877193,0,0,24.524845454098678,0.052631578947368474,145,430.97391053875117,41540.6375488156,0.0,0.016857032155150557,0.05690563826344082,448.18177346454405,459.9827341081959,0.03839482983159337,0.008710923773580737,41.32567849686848,476.17265767845913,443.6054512859549,442.9531559978002,0.6522952881547326,125.53450011870495,125.53450011870495,125.53450011870495,129.2400477236264,125.24653647766782,103.23046162055095,0.5727194577836835,40642.49554738162,43953.0,-3310.5044526183774,44442.0,0.0,0.5727194577836835,4.314765430970354,4.3146781195735,4.314765430970354,4.3146781195735,109.9276975672178,86.23447289117433,238.81383727701893,0.9465892226555006,448.87708759593966,479.3577751254786,0.0117440530061762,0.00664455154855,0.0438957677036619,0.04744160917808874,0.04667323789437671,0.08239080525698285
228,11.4,420.70381533860683,261.6439744650748,860.9318648719786,264.5388611194684,0.9886857820121256,455.97614050851575,444.00342194184066,444.00342194184066,444.0872206044847,471.59665535252145,27.593233410680796,0.062146443128754066,129.5,129.5,130.0,128.85685130162403,128.08622561938083,117.10451938447407,126.84870551430306,100.0,0.5350877192982456,42185.42262311868,42478.29126160849,42150.0,35.42262311867671,42633.0,43874.0,1241.0,0.028285544969685918,2,0,1.7857142857142858,0.9171974522292994,12.739390929776228,10.603311935164166,0.5350877192982456,8.0,8.0,8.0,8.0,116.0,88.0,236.0,0.9385964912280702,0,0,17.362720637236325,0.052631578947368474,150,444.00342194184066,42185.42262311868,1.4099434634320602,12.317437311509076,0.03910492527580259,448.18177346454405,459.9827341081959,0.009322894794234537,0.008710313023918337,41.419624217118994,476.1718007722354,443.36658681656246,442.7153765876696,0.6512102288928645,125.78529046935807,125.78529046935807,125.78529046935807,129.23656774164823,125.49675154023328,103.1750266218578,0.5727195659272215,40701.77800686308,44016.0,-3314.221993136918,44505.0,0.0,0.5727195659272215,4.312433197975906,4.312346031607035,4.312433197975906,4.312346031607035,109.8683898413473,86.18792931463867,238.68548843099356,0.9465892369943631,448.87708759593966,479.3577751254786,0.0122761908140375,0.0066463391616194,0.043892943072182056,0.0,0.05666858755840756,0.11644030209185031
229,11.45,420.7186997420212,261.62365269432996,861.0027460678214,264.60011628161305,0.9886795886795887,455.9786447625254,443.9469170166109,443.9469170166109,444.0671882274911,471.59558399307434,27.64866697646346,0.06227921834048675,130.0,130.0,130.0,129.05658074851323,128.10048215360223,117.10310385343666,126.90076815722053,92.0,0.5614035087719298,42259.237593433005,42579.22492070199,42229.0,30.237593433004804,42712.0,43956.0,1244.0,0.028301028301028302,2,0,1.7857142857142858,0.9100418410041841,13.185846996827939,10.68021779720755,0.5614035087719298,8.0,8.0,8.0,8.0,112.0,88.0,240.0,0.9473684210526316,0,0,17.376113194874478,0.02631578947368418,149,443.9469170166109,42259.237593433005,0.025189677076285357,0.09368211576104586,0.03914006951922211,448.18177346454405,459.9827341081959,0.009448970704892368,0.008704868789115694,41.513569937369525,476.1494536939471,443.11759242959823,442.4675128377121,0.65007959188614,126.04671696014483,126.04671696014483,126.04671696014483,129.5627931168462,125.75757834468617,103.11724061030452,0.5727196787164843,40763.481680563535,44076.0,-3312.5183194364654,44565.0,0.0,0.5727196787164843,4.310002063442475,4.309915048194,4.310002063442475,4.309915048194,109.80656702451772,86.13941195361184,238.55169633983215,0.9465892519491548,448.87708759593966,479.3577751254786,0.0128308958632477,0.0066929579491886,0.04386776425022834,0.0,0.06166626239042299,0.12033828716974644
230,11.5,420.7186997420212,261.62365269432996,860.988495339136,264.5878051599288,0.9887752783458305,455.9792197637798,443.87326014684203,443.87326014684203,444.07332516114775,471.30504957393106,27.43178942708903,0.06180095060922132,130.0,130.0,130.0,129.20860814302063,128.10017107562538,117.1027695571533,126.90045454633751,96.0,0.5526315789473685,42317.255650999716,42647.88071807682,42292.5,24.755650999715726,42775.0,44010.0,1235.0,0.02806180413542377,2,0,1.7857142857142858,0.9104320337197049,13.305571649090702,10.715516987241232,0.5526315789473685,8.0,8.0,8.0,8.0,112.0,88.0,240.0,0.9473684210526316,0,0,17.375808992236056,0.00877192982456132,149,443.87326014684203,42317.255650999716,0.0,0.018832073310964183,0.039145879133353954,448.18177346454405,459.9827341081959,0.009613316678177886,0.008703618739468677,41.60751565762004,475.1494699378744,442.8581023033791,442.2092005309668,0.6489017724122732,126.31916373744735,126.31916373744735,126.31916373744735,129.72246107926463,126.02940015621508,103.0570186753128,0.5727197963247231,40827.68543785575,44110.5,-3282.8145621442527,44599.0,0.0,0.5727197963247231,4.307468456237515,4.307381598416271,4.307468456237515,4.307381598416271,109.74213829575964,86.08884953496846,238.4122644179972,0.9465892675428376,448.87708759593966,479.3577751254786,0.0134089831245265,0.0087790485645145,0.04386198294603486,0.0,0.06166626239042299,0.12340207655664888
231,11.55,420.7186997420212,261.62365269432996,861.0542363540588,264.6445984406251,0.9888185510403195,455.98017146878783,444.0169018869891,444.0169018869891,444.0863142759918,471.59373959135155,27.576837704362447,0.062107630559030576,130.0,130.0,130.0,129.37986078369465,128.0996483404746,118.05883010980399,127.09125197646765,96.0,0.543859649122807,42368.242612480724,42714.35102874916,42358.5,9.742612480724347,42841.0,44073.0,1232.0,0.027953622399201326,2,0,1.7857142857142858,0.9109225874867445,12.902500933374382,10.74984291099708,0.543859649122807,8.0,8.0,8.0,8.0,112.0,88.0,240.0,0.9473684210526316,0,0,17.369551397107625,0.00877192982456143,150,444.0169018869891,42368.242612480724,0.0,0.08687553036004145,0.039119122094880325,448.18177346454405,459.9827341081959,0.009292817834512968,0.008701549737879177,41.70146137787056,475.14920286241176,442.5877432626253,441.9400681249521,0.6476751376731613,126.6030226740102,126.6030226740102,126.6030226740102,130.92375814378872,126.31260794864754,102.99427419860784,0.5727199189292073,40894.46888861069,44198.0,-3303.5311113893113,44686.0,0.0,0.5727199189292073,4.304828733492997,4.30474203962433,4.304828733492997,4.30474203962433,109.67501100911667,86.03616935350539,238.2669921268859,0.9465892837989124,448.87708759593966,479.3577751254786,0.0140112839507989,0.008779605717181,0.04385241410403325,0.0,0.06166626239042299,0.12609457123860715
232,11.6,431.4119573262562,267.23377816031064,844.6004944910663,258.2776260257439,0.9879070821529745,451.98392440091675,413.9722854019157,413.9722854019157,440.4830521272792,471.2415744637189,57.26928906180319,0.13834087711017132,131.0,131.0,130.0,129.4560197682597,128.43318373710912,120.03657144943026,127.09823413542638,92.0,0.5486725663716814,41167.634969225386,42642.14952230319,42311.5,-1143.8650307746138,42791.0,44125.0,1334.0,0.03023229461756374,2,0,1.8275862068965518,0.9257731958762887,14.05156166941286,10.723570115400712,0.5486725663716814,8.0,4.0,8.0,4.0,112.0,92.0,236.0,0.9469026548672567,0,0,30.408013376401264,0.004812917248874338,139,413.9722854019157,41167.634969225386,12.075564811090352,17.642674372833888,0.07345422495343827,448.18177346454405,459.9827341081959,0.07632949416523893,0.017389369457066928,41.79540709812109,474.192614901242,442.3061352046028,441.65973717548616,0.6463980291166536,126.8986929219294,126.8986929219294,126.8986929219294,130.9033718009661,126.6075999584644,102.92891895303929,0.5727200467110866,40963.91220263332,44308.0,-3344.0877973666793,44796.0,0.0,0.5727200467110866,4.302079184771834,4.30199266160281,4.302079184771834,4.30199266160281,109.60509079951557,85.98129735503159,238.11567520368104,0.9465893007413858,448.87708759593966,479.3577751254786,0.0146386451278434,0.0107751673014682,0.08403236111331704,0.16632637562445782,0.07166161205445384,0.06269346631519397
233,11.65,431.413100539176,267.2176919337924,845.8744860791152,258.3430480343896,0.9879791058951225,451.9837563908497,415.21856474014135,415.21856474014135,440.4780460083638,471.2435953561654,56.025030616024026,0.13492901178704883,131.5,131.5,130.0,130.11876961232548,129.0978896008855,120.03658568694384,128.6642143585059,92.0,0.584070796460177,41353.80447138423,42742.4045059385,42414.5,-1060.6955286157681,42894.0,44223.0,1329.0,0.03005223526219388,2,0,1.8275862068965518,0.9254658385093167,13.29729659183554,10.701230878898325,0.584070796460177,8.0,4.0,8.0,4.0,112.0,92.0,236.0,0.9469026548672567,0,0,29.146308244939817,0.03539823008849563,140,415.21856474014135,41353.80447138423,0.016126798174941066,1.275670257407616,0.07019509896716834,448.18177346454405,459.9827341081959,0.07354874891406182,0.017389734710052673,41.889352818371606,474.1908705048016,442.0128915935817,441.3678228284882,0.6450687650934697,127.20658039394056,127.20658039394056,127.20658039394056,131.22637048770292,126.9147811672779,102.8608632172477,0.5727201798552075,41036.09590944,44389.0,-3352.9040905599977,44877.0,0.0,0.5727201798552075,4.29921603690002,4.299129691402527,4.29921603690002,4.299129691402527,109.53228170559755,85.92415823277855,237.95810592690304,0.9465893183947596,448.87708759593966,479.3577751254786,0.0152919277727466,0.010778806329624,0.08403405035711922,0.15761170118249046,0.07665928688646928,0.07252461490584333
234,11.7,431.413100539176,267.2176919337924,846.9954938843308,257.6854950453938,0.9881412572254336,451.9839673738026,416.39924722744547,416.39924722744547,440.4952794793843,471.2506973931843,54.85145016573881,0.13172802432031744,131.0,131.0,130.0,130.28712366759888,129.0977645192954,120.0365677843256,128.86410560142895,100.0,0.5752212389380531,41468.431315417925,42833.84798653785,42495.0,-1026.5686845820746,42975.0,44288.0,1313.0,0.029646856936416183,2,0,1.793103448275862,0.9408033826638478,13.52866334968434,10.62953415544747,0.5752212389380531,8.0,4.0,8.0,4.0,112.0,92.0,236.0,0.9469026548672567,0,0,28.01389953635478,0.008849557522123908,140,416.39924722744547,41468.431315417925,0.0,1.2996285748981138,0.06727653741663235,448.18177346454405,459.9827341081959,0.07091436581950361,0.01738927603424323,41.98329853862213,474.1905109493067,441.707620028203,441.0639343843497,0.6436856438533027,127.52709716816636,127.52709716816636,127.52709716816636,131.5236804412549,127.23456270794456,102.79001590725224,0.572720318549913,41111.10067748308,44496.0,-3384.899322516918,44984.0,0.0,0.572720318549913,4.296235459511635,4.2961492988852115,4.296235459511635,4.2961492988852115,109.45648631065886,85.86467553801606,237.79407342113123,0.9465893367839956,448.87708759593966,479.3577751254786,0.0159720060699339,0.0107795564071517,0.08403192904586787,0.14935571620336302,0.07166161205445384,0.07857777357632692
235,11.75,431.42013266745147,267.11874237996744,846.4472317337174,258.1347929034957,0.9882039951300897,451.9842388812756,415.77530209445246,415.77530209445246,440.4712589653745,471.265708786948,55.490406692495526,0.13346248902463587,131.0,131.0,130.0,130.4126113971908,129.4254593366273,120.07857501058683,128.89764686982033,100.0,0.5663716814159292,41530.5255020021,42910.74171732596,42566.0,-1035.4744979979005,43046.0,44354.0,1308.0,0.02949001217477567,2,0,1.793103448275862,0.9333333333333333,13.735387694883881,10.563927922250452,0.5663716814159292,8.0,4.0,8.0,4.0,112.0,92.0,236.0,0.9469026548672567,0,0,29.627615887717916,0.008849557522123908,140,415.77530209445246,41530.5255020021,0.09919911809207294,0.7088440950520348,0.07125872012712134,448.18177346454405,459.9827341081959,0.07230653562634293,0.017388685778451318,42.07724425887265,474.1895755998108,441.3899228863931,440.74767593947513,0.6422469469180214,127.86066081147096,127.86066081147096,127.86066081147096,131.52927768985336,127.56736118947168,102.7162847260298,0.5727204629867987,41189.00707199419,44566.0,-3376.992928005813,45054.0,0.0,0.5727204629867987,4.293133571351163,4.293047603025059,4.293133571351163,4.293047603025059,109.37760590284364,85.80277180578071,237.6233640033926,0.9465893559344878,448.87708759593966,479.3577751254786,0.0166797658344418,0.0107815076626534,0.08402919919566305,0.15371868567329394,0.07166161205445384,0.08185681320336348
236,11.8,421.30372011530716,260.29615300020777,856.2112980132086,264.879091080065,0.9883070414294395,451.96666195667945,438.7705717944256,438.7705717944256,440.4934840004872,471.2451543740335,32.4745825796079,0.07401267237863665,132.0,132.0,131.5751953125,131.05443955238897,130.0956018093077,120.07722212517324,128.89585340294485,88.0,0.5398230088495575,42618.12310551632,43014.36302332673,42657.5,-39.37689448367746,43138.0,44437.0,1299.0,0.029232396426401422,2,0,1.793103448275862,0.9318918918918919,14.92185515473836,10.649000934061796,0.5398230088495575,8.0,4.0,8.0,4.0,112.0,88.0,240.0,0.9380530973451328,0,0,21.09913819501216,0.026548672566371723,148,438.7705717944256,42618.12310551632,12.202029698783416,11.866867666101843,0.04808694919698854,448.18177346454405,459.9827341081959,0.02099862651122053,0.017426897918370488,42.17118997912317,473.18818591172703,441.05939805239177,440.41864710955736,0.6407509428344156,128.20769361660885,128.20769361660885,128.20769361660885,131.64169379502684,127.91359793591629,102.6395763321488,0.5727206133604397,41269.895290696615,44619.0,-3349.104709303385,45106.0,0.0,0.5727206133604397,4.289906447377177,4.289820679011996,4.289906447377177,4.289820679011996,109.29554065573176,85.73836869660863,237.4457615736622,0.9465893758720224,448.87708759593966,479.3577751254786,0.0174161028922578,0.0128705312271958,0.08420592498034668,0.0,0.0816569617184847,0.1392901388716002
237,11.85,423.7186997420213,261.62365269432996,846.7635589625869,258.1183276642813,0.9883460251140014,451.9664662316701,424.94415011985234,424.94415011985234,440.49499712975376,468.0074620228982,43.06331190304587,0.10133875684816507,132.0,132.0,132.0,131.32107868903125,130.0957060252131,120.05679395815787,129.0836118015775,92.0,0.5398230088495575,42085.21844914567,43083.469368362654,42740.5,-655.2815508543281,43220.0,44517.0,1297.0,0.029134937214996517,2,0,1.7586206896551724,0.9419689119170984,14.942937950877024,10.64142333550139,0.5398230088495575,8.0,8.0,8.0,8.0,108.0,84.0,244.0,0.9469026548672567,0,0,27.01090873325834,0.0,143,424.94415011985234,42085.21844914567,2.7557906370656617,11.617559775307473,0.06356343233726153,448.18177346454405,459.9827341081959,0.051848657666418996,0.017427323423492402,42.265135699373694,473.2487975272613,440.71563973040264,440.0764438390631,0.6391958913395683,128.56862174844522,128.56862174844522,128.56862174844522,132.2178754480135,128.2736981345638,102.55979652850311,0.5727207698680693,41353.84487674308,44750.0,-3396.155123256918,45238.0,0.0,0.5727207698680693,4.286550126712598,4.286464566201971,4.286550126712598,4.286464566201971,109.21018983043238,85.67138715514722,237.2610480519085,0.9465893966227404,448.87708759593966,479.3577751254786,0.0181819212676848,0.012744087850913,0.08420789288182286,0.08960502904877153,0.0816569617184847,0.11114876877243823
238,11.9,423.7186997420213,261.62365269432996,846.789743653009,258.11584229518127,0.9884295668929668,451.9685492694638,424.9765624830632,424.9765624830632,440.48902712104996,468.0124592734735,43.03589679041028,0.10126651817916525,133.0,133.0,132.0,132.01348568925704,131.0943744105733,121.05606639746014,129.0826785449684,88.0,0.5752212389380531,42195.68964990952,43219.24331774076,42860.0,-664.3103500904836,43340.0,44631.0,1291.0,0.02892608276758307,2,0,1.7586206896551724,0.9408713692946058,14.626553755820913,10.661136523976433,0.5752212389380531,8.0,8.0,8.0,8.0,112.0,88.0,236.0,0.9469026548672567,0,0,26.989878341846044,0.03539823008849563,143,424.9765624830632,42195.68964990952,0.0,0.02630237768848244,0.06350909844097975,448.18177346454405,459.9827341081959,0.051776337984696275,0.017422794910486927,42.35908141962422,473.2459384368232,440.3582393492065,439.7206593012607,0.6375800479457325,128.94387429467957,128.94387429467957,128.94387429467957,132.9330574643987,128.64808988882925,102.4768504721538,0.5727209327092326,41440.934408355984,44865.0,-3424.0655916440155,45353.0,0.0,0.5727209327092326,4.283060621482903,4.282975276953721,4.283060621482903,4.282975276953721,109.12145200026708,85.60174758649327,237.06900386400952,0.9465894182130844,448.87708759593966,479.3577751254786,0.0189781311680614,0.0127500522695299,0.08418694914467473,0.08937838387813124,0.09165231138251556,0.11698247825279208
239,11.95,423.7186997420213,261.62365269432996,846.7467773554772,258.1199205220576,0.988553543483121,451.9717385310071,424.91695615150786,424.91695615150786,440.49518510130866,468.01549094460614,43.09853479309828,0.10142813594318209,133.0,133.0,132.0,132.22985615369493,131.09257120842443,121.09449998134048,130.09276408571606,92.0,0.5663716814159292,42309.96103663136,43292.256468983,42970.0,-660.0389633686427,43450.0,44730.0,1280.0,0.028616141292197632,2,0,1.7586206896551724,0.9322916666666666,13.881693198558551,10.79122773926461,0.5663716814159292,8.0,8.0,8.0,8.0,112.0,88.0,236.0,0.9469026548672567,0,0,27.02800878880905,0.008849557522123908,143,424.91695615150786,42309.96103663136,0.0,0.04315940984362762,0.06360774357795215,448.18177346454405,459.9827341081959,0.05190933386959051,0.01741586147297547,42.453027139874735,473.2466075546299,439.9867865618798,439.3508848929104,0.6359016689693817,129.33388221672848,129.33388221672848,129.33388221672848,133.36789231264726,129.03720317154665,102.3906429062422,0.5727211020853784,41531.24116479848,44981.0,-3449.7588352015227,45469.0,0.0,0.5727211020853784,4.279433926582982,4.279348806395205,4.279433926582982,4.279348806395205,109.029225299066,85.52937005106463,236.86940847877096,0.9465894406697504,448.87708759593966,479.3577751254786,0.0198056467566073,0.0127486564064784,0.08415488296917754,0.08979518431624527,0.09165231138251556,0.12301686610630547
240,12.0,423.7186997420213,261.62365269432996,846.780593639636,258.1167107858961,0.988678235267877,451.97165626561514,424.93027730126676,424.93027730126676,440.48691062598846,468.0022438852799,43.071966584013126,0.10136243257967706,133.5,133.5,132.0,132.3872310919794,131.09261912122255,121.09455064243849,130.84548893198632,100.0,0.5575221238938053,42435.150173739,43443.53090285069,43085.0,-649.849826261001,43565.0,44834.0,1269.0,0.028304411830307356,2,0,1.7586206896551724,0.9191709844559586,15.723112563816862,10.731559155758884,0.5575221238938053,8.0,8.0,8.0,8.0,112.0,88.0,236.0,0.9469026548672567,0,0,27.04945786830451,0.008849557522123908,143,424.93027730126676,42435.150173739,0.0,0.033968271674219404,0.0636562262404451,448.18177346454405,459.9827341081959,0.051879611220104094,0.017416040317496884,42.546972860125265,471.2449780336528,439.6008703444592,438.9667113274478,0.6341590170113705,129.739077196724,129.739077196724,129.739077196724,133.61540662841003,129.44146867461225,102.30107841486256,0.5727212781994186,41624.840768475464,45052.0,-3427.159231524536,45538.0,0.0,0.5727212781994186,4.275666030410655,4.275581143156671,4.275666030410655,4.275581143156671,108.93340769403366,85.45417447875195,236.66204099810625,0.9465894640196276,448.87708759593966,479.3577751254786,0.0206653837048385,0.0169243047944765,0.08415571009999119,0.08970203546928875,0.09664998621453098,0.12962779321610826
241,12.05,432.3963499161864,266.6068378972516,858.3199023552833,264.00457903928464,0.9887785545709579,451.9725990149599,427.879978672616,427.879978672616,440.50682949929944,471.1922162370553,43.31223756443927,0.10122520268137805,134.5,134.5,133.968994140625,132.50121757835944,132.05386502319055,121.07447284706541,130.86091538917995,88.0,0.5398230088495575,42715.13538007422,43533.1551373913,43174.5,-459.36461992577824,43654.0,44914.0,1260.0,0.028053613572605423,2,0,1.6896551724137931,0.9359359359359359,17.769503922034676,10.761235063155004,0.5398230088495575,8.0,8.0,8.0,8.0,112.0,88.0,236.0,0.9469026548672567,0,0,25.866134743048857,0.017699115044247815,144,427.879978672616,42715.13538007422,10.006685131041408,12.954637710267082,0.060451846387605396,448.18177346454405,459.9827341081959,0.04529812677340872,0.017413990785471345,42.64091858037578,471.2447620915766,439.2000801970372,438.56772983012945,0.6323503669077581,130.15989037697142,130.15989037697142,130.15989037697142,133.61599106977428,129.86131655133383,102.20806170171,0.5727214612552366,41721.806803165935,45160.0,-3438.193196834065,45646.0,0.0,0.5727214612552366,4.27175292659912,4.271668281102166,4.27175292659912,4.271668281102166,108.83389728404708,85.37608090302933,236.44668080225952,0.9465894882897316,448.87708759593966,479.3577751254786,0.021558256516789,0.0169247552765329,0.08414623130199107,0.06907609201994025,0.10664533587856184,0.14441311591797923
242,12.1,432.3963499161864,266.6068378972516,858.3327934403312,264.01543975047025,0.9888392757969566,451.9732382262089,427.8909543769066,427.8909543769066,440.48179351778936,471.1865895140989,43.29563513719228,0.10118380558018394,134.0,134.0,134.0,133.22698250456534,132.09149610593997,123.03504064331872,130.86071026842365,96.0,0.584070796460177,42814.121403331425,43663.650215734844,43280.0,-465.8785966685755,43759.0,45015.0,1256.0,0.027901810507608576,2,0,1.6896551724137931,0.9269269269269269,16.383922578493603,10.674079978885427,0.584070796460177,8.0,8.0,8.0,8.0,108.0,88.0,240.0,0.9557522123893806,0,0,25.8621652416184,0.04424778761061954,144,427.8909543769066,42814.121403331425,0.0,0.016856308052800903,0.06044101885556052,448.18177346454405,459.9827341081959,0.04527363736991119,0.017412601143640072,42.734864300626306,471.2220762667017,438.78400745030535,438.1535334381507,0.6304740121546502,130.59675098869153,130.59675098869153,130.59675098869153,134.26635590337452,130.29717504831848,102.11149789319654,0.5727216514571436,41822.21040861427,45306.0,-3483.7895913857283,45792.0,0.0,0.5727216514571436,4.267690626780755,4.267606232092135,4.267690626780755,4.267606232092135,108.73059262413494,85.29500971561322,236.2231082516843,0.9465895135071336,448.87708759593966,479.3577751254786,0.022485175618319,0.0169720807316565,0.08413980440353457,0.06899934382494875,0.1016476610465464,0.14964032172641886
243,12.15,433.42180272022074,266.0952429542006,844.8631048242031,258.13597553652346,0.9879545303463404,447.9781533607104,412.2376991494654,412.2376991494654,435.6440010114352,467.7046379663949,55.466938816929485,0.1345508645409424,135.0,135.0,134.0,134.08851378330922,133.0886872833904,123.01591375474095,131.98887813347977,88.0,0.5625,42259.061171585905,43643.4526516824,43293.5,-1034.438828414095,43770.0,45129.0,1359.0,0.030113674134148772,2,0,1.7096774193548387,0.9221311475409836,14.552896901922994,10.663539927667095,0.5625,8.0,4.0,8.0,4.0,112.0,88.0,236.0,0.9375,0,0,28.643484978642256,0.02157079646017701,139,412.2376991494654,42259.061171585905,1.145985531783535,14.696959238513664,0.06948293433070264,448.18177346454405,459.9827341081959,0.08019976813698382,0.02609789424109521,42.82881002087683,472.1807990216578,438.3522466800126,437.72371840819454,0.6285282718180838,131.05008486745237,131.05008486745237,131.05008486745237,134.9376278390163,130.7494690243099,102.01129286661632,0.5727218490092845,41926.11985196611,45456.0,-3529.880148033888,45943.0,0.0,0.5727218490092845,4.263475174402778,4.263391039798819,4.263475174402778,4.263391039798819,108.62339307675008,85.21088194214582,235.99110544691513,0.946589539698883,448.87708759593966,479.3577751254786,0.02344704420601,0.0149720657017446,0.12430806614187491,0.17845556209010058,0.11164301071057726,0.12032897077058673
244,12.2,425.5867912591714,260.51526417228615,855.2112980132085,264.879091080065,0.988214736003893,447.9788456919937,433.1246982286365,433.1246982286365,435.6666333084674,467.65234419142416,34.52764596278769,0.07971756425804502,135.5,135.5,134.78759765625,134.31001959107826,133.0882275508024,123.52511359305626,132.08469924820548,92.0,0.5625,43342.51486730879,43751.11479872666,43400.0,-57.48513269121031,43877.0,45209.0,1332.0,0.029463159990267426,2,0,1.7333333333333334,0.9250253292806484,14.725169917551652,10.67745158716606,0.5625,8.0,8.0,8.0,8.0,112.0,84.0,236.0,0.9375,0,0,20.544663411581364,0.0,146,433.1246982286365,43342.51486730879,9.618917184454313,12.351303959927867,0.047433599366657024,448.18177346454405,459.9827341081959,0.033595911586303595,0.026096389116593954,42.92275574112735,471.1807466392628,437.9043972311457,437.2778857332167,0.6265114979289024,131.52031285338802,131.52031285338802,131.52031285338802,135.46379545601474,131.21861835407677,101.907353603777,0.5727220541149937,42033.60007681949,45569.0,-3535.3999231805064,46055.0,0.0,0.5727220541149937,4.259102659614953,4.259018794592464,4.259102659614953,4.259018794592464,108.51219919028382,85.12361953925745,235.75045704739696,0.9465895668919184,448.87708759593966,479.3577751254786,0.0244447548516246,0.0170582994801229,0.12430110515227566,0.03240211206355976,0.1166406855425927,0.17754346697013937
245,12.25,425.58166850838575,260.51097657298374,855.2112980132085,264.879091080065,0.9882739605161575,447.98078078809294,432.9393151656758,432.9393151656758,435.6492057561371,467.7108060760774,34.77149091040161,0.08031493027399318,136.0,136.0,136.0,134.46736584641684,134.05773790190338,123.53408759300234,132.08162911861183,88.0,0.5625,43442.33513572783,43873.5848851777,43529.5,-87.16486427217023,44006.0,45335.0,1329.0,0.029315098709606264,2,0,1.7333333333333334,0.9336734693877551,13.160063469960493,10.808746400475844,0.5625,8.0,8.0,8.0,8.0,112.0,84.0,236.0,0.9375,0,0,20.652509686100533,0.0,146,432.9393151656758,43442.33513572783,0.0066802756971368156,0.0,0.04770301278412957,448.18177346454405,459.9827341081959,0.034009545236613925,0.026092182228039662,43.01670146137787,471.17928613120785,437.4400648528713,436.81564276950866,0.6244220833626173,132.00784907510456,132.00784907510456,132.00784907510456,135.39751711842223,131.70503621625537,101.79958857033796,0.5727222669760924,42144.71223097641,45655.0,-3510.287769023591,46141.0,0.0,0.5727222669760924,4.2545692352386695,4.254485649509377,4.2545692352386695,4.254485649509377,108.39691310507676,85.03314571320868,235.50095114983785,0.9465895951129772,448.87708759593966,479.3577751254786,0.0254791858598126,0.0170613462817619,0.12428164888307969,0.033698412973961756,0.12163836037460812,0.1828147271916378
246,12.3,425.5287022378007,260.46664528412856,855.2112980132085,264.879091080065,0.9884404759286547,447.9819550479033,433.02747164680414,433.02747164680414,435.6265056051332,467.6830191767264,34.65554752992227,0.08003082898673189,136.0,136.0,136.0,135.2467887634811,134.0859073904674,124.03382791334963,132.08622759334054,96.0,0.5714285714285714,43590.97247322968,44068.39208468255,43679.0,-88.02752677031822,44155.0,45469.0,1314.0,0.02889881017836328,2,0,1.7586206896551724,0.9335410176531672,12.761663064726656,10.360914870489939,0.5714285714285714,8.0,4.0,8.0,4.0,108.0,88.0,240.0,0.9464285714285714,0,0,20.440627089651915,0.008928571428571397,146,433.02747164680414,43590.97247322968,0.0690701743971253,0.0,0.047203996115803414,448.18177346454405,459.9827341081959,0.03381284718607325,0.026089629393502123,43.110647181628394,471.1226718887157,436.9588634444044,436.3366049742054,0.6222584701990286,132.5130991170996,132.5130991170996,132.5130991170996,136.0873902490838,132.209127264973,101.68790812090052,0.5727224877921318,42259.51317432412,45825.0,-3565.486825675878,46310.0,0.0,0.5727224877921318,4.249871133818054,4.249787837302165,4.249871133818054,4.249787837302165,108.27743898696907,84.93938526014324,235.24238022617183,0.9465896243884956,448.87708759593966,479.3577751254786,0.0265511973786987,0.0171794506401972,0.12426984238159133,0.03308197409912908,0.12163836037460812,0.1906638954719096
247,12.35,435.4285714285714,266.0,848.0289761103445,257.77930662396034,0.988582962199162,447.98330462005424,413.3493955606431,413.3493955606431,435.6226490115235,467.6566212228101,54.30722566216701,0.13138334359605838,137.0,137.0,136.0,135.45481198092995,135.0565724848446,124.04242131247611,133.0850769628534,88.0,0.5535714285714286,42831.703886397045,44167.18948843943,43803.5,-971.7961136029553,44280.0,45581.0,1301.0,0.028542594502095172,2,0,1.7857142857142858,0.9396984924623115,14.981511052132747,10.329985472482912,0.5535714285714286,8.0,8.0,8.0,8.0,108.0,88.0,236.0,0.9553571428571429,0,0,27.42299358820339,0.017857142857142794,139,413.3493955606431,42831.703886397045,11.341314932847396,10.099142896281135,0.06634337411092239,448.18177346454405,459.9827341081959,0.07771930936557059,0.02608669543087505,43.20459290187891,471.121909461521,436.4604169109514,435.8403977524033,0.6200191585480752,133.03645807157207,133.03645807157207,133.03645807157207,137.06802424060902,132.73128568612628,101.57222492964698,0.5727227167595815,42378.05496864379,45975.0,-3596.945031356212,46460.0,0.0,0.5727227167595815,4.245004685746395,4.244921688564887,4.245004685746395,4.244921688564887,108.15368348817572,84.84226492778248,234.9745421206819,0.9465896547444967,448.87708759593966,479.3577751254786,0.0276616272652464,0.0171810411582491,0.12425627321617445,0.17068196591100482,0.13163371003863897,0.1505688089469691
248,12.4,426.04965516009446,259.0333794439358,847.6267186177145,257.7952384099774,0.9886827133479212,447.9845226558158,424.0918617273883,424.0918617273883,435.6374326047994,467.6556142336369,43.56375250624865,0.102722443974301,137.0,137.0,137.181396484375,136.25739503081047,135.0664812739859,124.0507712378884,133.93538210211568,92.0,0.5357142857142857,43393.30159091177,44281.70906711368,43930.5,-537.1984090882324,44407.0,45700.0,1293.0,0.028293216630196936,2,0,1.7857142857142858,0.9460285132382892,16.11019175656631,10.347654142999783,0.5357142857142857,8.0,8.0,8.0,8.0,108.0,88.0,236.0,0.9553571428571429,0,0,27.821367220923154,0.017857142857142905,143,424.0918617273883,43393.30159091177,11.683230389891198,0.4025728656811111,0.06560221907490195,448.18177346454405,459.9827341081959,0.05375031552696896,0.026084047427654022,43.298538622129435,470.1207974013277,435.9443611277728,435.326658411945,0.617702715827761,133.5783084766742,133.5783084766742,133.5783084766742,137.189967980059,133.2718931403631,101.4524544460832,0.5727229540709585,42500.38435154075,46117.0,-3616.61564845925,46601.0,0.0,0.5727229540709585,4.239966338446557,4.239883650911963,4.239966338446557,4.239883650911963,108.02555623499995,84.74171379818489,234.6972411052294,0.9465896862064808,448.87708759593966,479.3577751254786,0.028811286709756,0.0192694855564469,0.12424402657288053,0.09556470088411356,0.13163371003863897,0.18022538758755127
249,12.45,436.405835971534,265.6694981736673,848.4338771914711,257.6556623813997,0.9888069792802616,447.986318635832,412.78364812781683,412.78364812781683,435.6220280596772,464.49456454326247,51.71091641544564,0.12527365521861358,138.5,138.5,138.0,137.11612916439407,136.0653120199843,125.04141851341717,133.96561503311185,88.0,0.5714285714285714,43065.8624034514,44488.41377120647,44091.5,-1025.6375965486004,44567.0,45850.0,1283.0,0.02798255179934569,2,0,1.7857142857142858,0.9386317907444668,14.651136164162205,10.396969127383453,0.5714285714285714,8.0,8.0,8.0,8.0,108.0,84.0,240.0,0.9464285714285714,0,0,27.886706923967562,0.0357142857142857,139,412.78364812781683,43065.8624034514,12.29994117036017,0.8191376141664818,0.06755768318451547,448.18177346454405,459.9827341081959,0.07898162627875716,0.026080142976719123,43.39248434237996,470.12085070468726,435.4103460091563,434.79503822268737,0.615307786468918,134.13901814456415,134.13901814456415,134.13901814456415,137.19015567379543,133.8313165961171,101.32851537513652,0.5727231999139021,42626.5421971059,46240.0,-3613.457802894103,46724.0,0.0,0.5727231999139021,4.234752676576491,4.234670309183059,4.234752676576491,4.234670309183059,107.89297034158744,84.63766369093713,234.41028899087215,0.9465897187992984,448.87708759593966,479.3577751254786,0.0300009556266448,0.0192693743590024,0.12422596903523209,0.17463798487259566,0.14662673453468525,0.16293413811330745
250,12.5,426.9740735646694,258.9740735646695,842.5970647554809,258.5674573573408,0.9880576228402316,443.9720620045829,418.04358691106887,418.04358691106887,432.04503454877266,462.7908078720322,44.74722096096332,0.10703960630421648,138.0,138.0,138.0,137.32958146534085,136.06423992336283,126.05732033997637,135.9194540737416,92.0,0.5495495495495496,43433.25856550067,44466.247450291135,44107.5,-674.2414344993304,44582.0,45954.0,1372.0,0.02985594289942116,2,0,1.6774193548387097,0.9281553398058252,17.876158987162107,10.354484554180678,0.5495495495495496,8.0,8.0,8.0,8.0,108.0,84.0,236.0,0.9459459459459459,0,0,29.043099471590562,0.0218790218790218,141,418.04358691106887,43433.25856550067,11.566626681721731,5.907600992880354,0.06947385483458918,448.18177346454405,459.9827341081959,0.06724545338044507,0.03480711539022041,43.486430062630475,470.1188745551201,434.858037677726,434.2452045757095,0.6128331020165092,134.71893788404856,134.71893788404856,134.71893788404856,138.94620921773662,134.4099060574745,101.20033018055288,0.5727234544701939,42756.56296635333,46405.0,-3648.4370336466673,46889.0,0.0,0.5727234544701939,4.229360443212663,4.22927840662436,4.229360443212663,4.22927840662436,107.75584294858392,84.5300495858886,234.1135062934165,0.9465897525470224,448.87708759593966,479.3577751254786,0.0312313778217011,0.0192734968530344,0.16458699176128208,0.13785758366175527,0.14162905970266984,0.1823354160823427
251,12.55,437.39745974664777,265.35878917347725,843.473646107609,258.51487493066656,0.9880883182232247,443.97598430723974,406.75328120628143,406.75328120628143,432.06327073023294,464.0691521222262,57.3158709159448,0.14091065410945647,138.5,138.5,138.0,137.50547771398192,137.0620069157032,127.51568379924038,135.94789047330462,100.0,0.5315315315315315,43072.14379298565,44628.355994918806,44259.0,-1186.8562070143525,44733.0,46106.0,1373.0,0.029779204441938142,2,0,1.7333333333333334,0.9429133858267716,17.298229963002886,10.424202634392561,0.5315315315315315,8.0,8.0,8.0,8.0,108.0,80.0,240.0,0.9369369369369369,0,0,29.441729171576828,0.018018018018018056,137,406.75328120628143,43072.14379298565,12.223402672906207,0.87815703521281,0.07238227823083179,448.18177346454405,459.9827341081959,0.09243680736503679,0.03479858832525462,43.580375782881006,468.13338859747125,434.2871207280392,433.6768432364498,0.6102774915893292,135.3183991241584,135.3183991241584,135.3183991241584,139.17705358865828,135.0079921932011,101.06782561018868,0.5727237179147205,42890.47415092699,46548.0,-3657.525849073012,47031.0,0.0,0.5727237179147205,4.223786561953453,4.223704866990943,4.223786561953453,4.223704866990943,107.61409578519245,84.41881006424853,233.8067234496538,0.946589787472809,448.87708759593966,479.3577751254786,0.0325032559492851,0.023415467758021,0.16454755528244822,0.2168056457451661,0.14662673453468525,0.16326584267904376
252,12.6,426.9790711719346,258.9663178912606,842.5996395263373,258.6036871326609,0.9882818411778695,443.9771197224706,417.92344833320186,417.92344833320186,432.04657583466764,464.08788933382476,46.1644410006229,0.11046147610223807,139.5,139.5,138.0,138.9830629759835,138.06123662519826,128.01562403606204,136.95668755119402,96.0,0.5585585585585585,43740.02279370176,44801.460748924525,44424.0,-683.9772062982374,44898.0,46253.0,1355.0,0.02929539705532614,2,0,1.7333333333333334,0.9304435483870968,16.59689785026798,10.32013519173922,0.5585585585585585,8.0,8.0,8.0,8.0,108.0,84.0,236.0,0.9459459459459459,0,0,30.34112074161745,0.027027027027026973,141,417.92344833320186,43740.02279370176,12.223195555487056,0.8785073200203611,0.07259970901998083,448.18177346454405,459.9827341081959,0.06751351108600123,0.03479611993862475,43.67432150313152,468.1325816633749,433.697300576829,433.0896606841722,0.6076398926567776,135.93771144666871,135.93771144666871,135.93771144666871,139.1752728474208,135.62588387492212,100.93093324142887,0.5727239904143894,43028.29571402342,46717.5,-3689.204285976579,47200.0,0.0,0.5727239904143894,4.218028159867977,4.217946817494351,4.218028159867977,4.217946817494351,107.46765575273156,84.30388776655326,233.48978208018184,0.9465898235987557,448.87708759593966,479.3577751254786,0.0338172462765016,0.0234171511230111,0.16453613934068215,0.13869765904607684,0.15662208419871612,0.19853487235616138
253,12.65,437.4003896274379,265.66450139770836,844.0397831275079,258.6278809310883,0.9885672407475266,443.97772687301966,407.2760595351351,407.2760595351351,432.05415615171097,464.3806324950736,57.10457295993848,0.14021097391562282,139.5,139.5,140.0,139.26208867607104,138.06088329817402,128.03110941467986,137.0579059098246,100.0,0.5675675675675675,43454.26554186862,44957.70307317699,44593.5,-1139.234458131381,45067.0,46393.0,1326.0,0.028581898131183583,2,0,1.7241379310344827,0.9385964912280702,19.382051055333694,10.470389185341453,0.5675675675675675,8.0,8.0,8.0,8.0,108.0,84.0,236.0,0.9459459459459459,0,0,29.175736849229068,0.009009009009009028,137,407.2760595351351,43454.26554186862,12.388282392529751,1.4403468095826433,0.0716362677505038,448.18177346454405,459.9827341081959,0.09127036472991468,0.034794799996583414,43.76826722338205,468.19482150737224,433.08830589056146,432.4833865284877,0.6049193620737583,136.57716003735013,136.57716003735013,136.57716003735013,140.95058214132274,136.26386563422048,100.78959004456524,0.5727242721269901,43170.03953293439,46927.0,-3756.960467065612,47410.0,0.0,0.5727242721269901,4.212082591198616,4.2120016125034,4.212082591198616,4.2120016125034,107.31645552737476,84.18522986568502,233.1625362937997,0.9465898609457488,448.87708759593966,479.3577751254786,0.0351739532751348,0.0232873110594363,0.16453003479397282,0.2131500905244866,0.15662208419871612,0.18344474228088062
254,12.7,438.4218027202208,265.0952429542006,844.4615441455433,258.75510204081627,0.9886932783044217,443.9804215043432,406.6724300422761,406.6724300422761,432.0529455338412,464.4327100744863,57.760280032210176,0.14203146258576133,140.5,140.5,140.0,139.47686876570106,139.05912617489184,128.53045606963855,137.0593487751267,100.0,0.5315315315315315,43583.00128171452,45109.00283810653,44733.0,-1149.998718285482,45206.0,46521.0,1315.0,0.028266804238945852,2,0,1.7241379310344827,0.9266862170087976,17.18288917682293,10.498593158883052,0.5315315315315315,8.0,8.0,8.0,8.0,108.0,84.0,236.0,0.9459459459459459,0,0,28.894889093306226,0.036036036036036,137,406.6724300422761,43583.00128171452,1.1693330926699974,0.44053100582662225,0.0710519990015119,448.18177346454405,459.9827341081959,0.09261720551773345,0.03478894188252013,43.86221294363257,467.1903246435583,432.4598910791967,431.8577759918833,0.6021150873134502,137.23700306759878,137.23700306759878,137.23700306759878,141.16730460274465,136.92219505027288,100.64373896156197,0.5727245632000139,43315.70884805756,47095.0,-3779.291151942438,47577.0,0.0,0.5727245632000139,4.205947461708021,4.205866857889532,4.205947461708021,4.205866857889532,107.16043417931309,84.0627885527773,232.8248540275088,0.9465898995333089,448.87708759593966,479.3577751254786,0.0365739240660931,0.0253828165794021,0.16450294183851963,0.2173710018021505,0.16661743386274697,0.19024295666441773
255,12.75,429.25397443914,258.24888984081963,855.2112980132085,264.879091080065,0.9888343794854217,443.9809711333837,429.63725540197254,429.63725540197254,432.042365115902,462.7632542866597,33.125998884687135,0.07710224955630104,141.0,141.0,140.393798828125,140.35466296775382,139.50872616516608,128.54512559882795,138.81883775514916,100.0,0.5495495495495496,44823.38977572719,45274.667556254026,44902.5,-79.11022427280841,45376.0,46679.0,1303.0,0.027914051286445724,2,0,1.6896551724137931,0.9291115311909263,19.87437531514438,10.380862703170022,0.5495495495495496,8.0,8.0,8.0,8.0,108.0,84.0,236.0,0.9459459459459459,0,0,19.970029960731644,0.018018018018018056,145,429.63725540197254,44823.38977572719,11.442098860982039,12.37176018067854,0.04648114126426839,448.18177346454405,459.9827341081959,0.041377224957673486,0.03478774699193021,43.95615866388309,466.1729342266649,431.8118388432069,431.2126124453787,0.599226397828204,137.91746902003257,137.91746902003257,137.91746902003257,141.59275023043665,137.60110008158074,100.49332949720213,0.5727248637694328,43465.29772365575,47245.0,-3779.702276344251,47726.0,0.0,0.5727248637694328,4.199620653545594,4.199540435892345,4.199620653545594,4.199540435892345,106.99953780512182,83.93652153347784,232.4766184151693,0.946589939379426,448.87708759593966,479.3577751254786,0.03801764274521,0.027505219656367,0.16449741563722445,0.05678824118981212,0.1716151086947624,0.2557447894209221
256,12.8,440.4032466237899,264.70593306136175,849.8675187878035,266.48209257126433,0.9879046541900515,439.9858383027313,411.6979371912711,411.6979371912711,428.44027409150135,459.6249350494583,47.926997858187235,0.11641301432103313,142.0,142.0,142.0,141.23443183800168,140.05556502335958,130.0427463449402,139.05290652802304,96.0,0.5363636363636364,44302.80786476522,45337.43607563402,44973.0,-670.1921352347781,45444.0,46861.0,1417.0,0.030238364524871428,2,0,1.65625,0.9272727272727272,20.21956375322663,10.439934257453517,0.5363636363636364,8.0,4.0,8.0,4.0,108.0,88.0,232.0,0.9454545454545454,0,0,29.863605662477273,0.013185913185913223,139,411.6979371912711,44302.80786476522,12.884086207386131,5.579031295006094,0.07253766163176795,448.18177346454405,459.9827341081959,0.08140410528354347,0.043473144365373084,44.05010438413361,465.1693942653312,431.1439627590066,430.54770998254617,0.5962527764604602,138.61875397362448,138.61875397362448,138.61875397362448,142.20379652146352,138.30077635733153,100.33831831917712,0.5727251739584404,43618.79052604671,47427.0,-3808.2094739532913,47907.0,0.0,0.5727251739584404,4.193100350487612,4.193020530357217,4.193100350487612,4.193020530357217,106.83372016964456,83.80639253167885,232.1177291768384,0.9465899805003936,448.87708759593966,479.3577751254786,0.0395055246234703,0.0295987289586225,0.20466615963737478,0.18222987624066608,0.18161045835879325,0.22825415287238282
257,12.85,430.6429442087713,257.61398840886505,841.5996395263372,258.6036871326609,0.9883782805815117,439.98682765491355,413.3615674204272,413.3615674204272,428.51810508621844,459.58649285294064,46.22492543251343,0.11182685831432988,143.0,143.0,142.0,142.162771803165,141.05471003953983,130.05571530536338,139.83318907461694,100.0,0.5636363636363636,44413.04496969538,45519.928905174864,45145.5,-732.4550303046199,45616.0,46981.0,1365.0,0.029054298546220814,2,0,1.7,0.9321872015281757,18.904585084813856,10.535743465436324,0.5636363636363636,8.0,8.0,8.0,8.0,108.0,84.0,232.0,0.9454545454545454,0,0,28.822484665872082,0.027272727272727226,139,413.3615674204272,44413.04496969538,12.064791012972183,11.420468455242998,0.0697270548051627,448.18177346454405,459.9827341081959,0.07769215105502614,0.0434709935190285,44.144050104384135,466.1522472593812,430.4561098860349,429.8629160152245,0.593193870810353,139.34101886595528,139.34101886595528,139.34101886595528,142.97120418083568,139.02138444593112,100.17866986322622,0.5727254938761661,43776.16142526853,47663.0,-3886.838574731468,48144.0,0.0,0.5727254938761661,4.186385063385501,4.186305652183535,4.186385063385501,4.186305652183535,106.6629433532321,83.67237179744689,231.7481040197869,0.9465900229106424,448.87708759593966,479.3577751254786,0.0410379104190021,0.0275483752456935,0.20465621227486638,0.17059685353521672,0.19160580802282412,0.23407550033372318
258,12.9,439.4003896274379,264.66450139770836,850.3825930100162,265.05739577988936,0.9883874798541012,439.9886059169898,412.811678954792,412.811678954792,428.4667359224246,459.57898268913476,46.76730373434276,0.11328968175695524,143.5,143.5,143.968994140625,142.39265992654677,142.0531798041921,131.01494671930791,140.85328209857005,96.0,0.5363636363636364,44670.03845739163,45717.87654639683,45316.5,-646.4615426083692,45787.0,47156.0,1369.0,0.029031300364746798,2,0,1.7,0.9482926829268292,17.967688681673806,10.482618919213577,0.5363636363636364,8.0,8.0,8.0,8.0,108.0,84.0,232.0,0.9454545454545454,0,0,27.859404149513566,0.027272727272727226,139,412.811678954792,44670.03845739163,11.242890360880178,10.8991113032109,0.06748695729745698,448.18177346454405,459.9827341081959,0.07891908284518889,0.04346712758680016,44.23799582463465,466.1332242772472,429.74816337682785,429.15811387235794,0.5900495044699028,140.08438675216928,140.08438675216928,140.08438675216928,143.54038424625725,139.76304712024768,100.0143569390046,0.5727258236163669,43937.37392658196,47839.0,-3901.62607341804,48320.0,0.0,0.5727258236163669,4.179473655643825,4.179394664799361,4.179473655643825,4.179394664799361,106.48717839969996,83.53443661551034,231.36768004117437,0.9465900666225588,448.87708759593966,479.3577751254786,0.0426150604424052,0.0275880595548277,0.20463833288083028,0.174441977826715,0.19660348285483953,0.2476466875318032
259,12.95,431.6610163935918,257.63017468815843,842.574095032294,259.0375199516548,0.9886368920547018,439.97638339502305,413.14917835126374,413.14917835126374,428.47420039368177,459.56052983379044,46.4113514825267,0.112335577351838,144.0,144.0,144.0,143.25861117602665,142.05261986993295,131.01489335380626,141.04497503149196,100.0,0.5636363636363636,44787.50476099117,45873.49694316931,45496.5,-708.9952390088292,45967.0,47311.0,1344.0,0.028407769863245336,2,0,1.6666666666666667,0.9364928909952607,19.468979611473053,10.427709111913297,0.5636363636363636,8.0,8.0,8.0,8.0,104.0,84.0,236.0,0.9545454545454546,0,0,28.866409087437784,0.027272727272727226,139,413.14917835126374,44787.50476099117,10.458472656629214,9.859591556218408,0.0698692157700366,448.18177346454405,459.9827341081959,0.07816604152032025,0.04349369928408453,44.331941544885176,465.0776108101163,429.0200450695519,428.4332253815345,0.5868196880173855,140.84894008217842,140.84894008217842,140.84894008217842,144.31208939040545,140.5258466410612,99.845361331912,0.5727261632561047,44102.380438420936,48046.0,-3943.619561579064,48526.0,0.0,0.5727261632561047,4.17236536852311,4.172286809464424,4.17236536852311,4.172286809464424,106.3064059599048,83.39257181030689,230.97641512135263,0.9465901116463176,448.87708759593966,479.3577751254786,0.044237148821154,0.0297902006734411,0.20476122325187168,0.17208199537783705,0.20160115768685496,0.2538497910030478
260,13.0,431.4479610291507,257.4331956906793,852.194593434144,264.89834441070246,0.9888977803984332,439.9783647531844,424.1866954162187,424.1866954162187,428.4777477681279,459.52049111034216,35.33379569412347,0.083297746195112,145.5,145.5,144.393798828125,144.23777178634577,143.0511549371913,132.03956068839457,142.04874313779388,92.0,0.5363636363636364,45545.007351637316,46081.69065651886,45698.0,-152.99264836268412,46168.0,47486.0,1318.0,0.027755549003916944,2,0,1.6333333333333333,0.9303435114503816,19.955491052930743,10.156135935681101,0.5363636363636364,8.0,8.0,8.0,8.0,108.0,84.0,232.0,0.9454545454545454,0,0,20.385474494680643,0.027272727272727226,143,424.1866954162187,45545.007351637316,0.2901608411984836,11.265134390666166,0.04805778850437092,448.18177346454405,459.9827341081959,0.0535387190399067,0.043489391822055135,44.4258872651357,465.0759071574971,428.2717180406709,427.6882134110168,0.5835046296541009,141.63471801953506,141.63471801953506,141.63471801953506,145.137834326425,141.30982208208675,99.67167439570224,0.5727265128544207,44271.121883579224,48288.0,-4016.878116420776,48768.0,0.0,0.5727265128544207,4.165059846052401,4.1649817301805,4.165059846052401,4.1649817301805,106.1206169253974,83.24677024323904,230.5742892958016,0.946590157989704,448.87708759593966,479.3577751254786,0.0459042578128131,0.0297937547049133,0.2047413018444669,0.09490157127990735,0.21659418218290125,0.2938516196596554
261,13.05,432.9917871285793,256.9917871285793,836.5919326032774,259.2784386934137,0.988047424194733,435.9817915925605,406.00094873548727,406.00094873548727,423.623273394288,459.1820303705326,53.1810816350453,0.13098757971054198,146.0,146.0,146.0,145.13063918236878,144.03698042855308,133.02601947675367,142.92651159461295,100.0,0.5779816513761468,44821.79088950173,46135.58112268034,45763.0,-941.2091104982683,46231.0,47655.0,1424.0,0.02988143951316756,2,0,1.625,0.9382600561272217,20.20902873531342,10.136296840714502,0.5779816513761468,8.0,4.0,8.0,4.0,108.0,84.0,232.0,0.9357798165137614,0,0,35.45744028670811,0.04161801501251039,137,406.00094873548727,44821.79088950173,1.605690052274145,16.583918875654046,0.0873333926857617,448.18177346454405,459.9827341081959,0.09411543982029813,0.05217792046514069,44.519832985386216,464.0745525494904,427.5031890937711,426.9230843483936,0.5801047453774686,142.44171382715237,142.44171382715237,142.44171382715237,145.1334453472283,142.1149667216917,99.49329763031916,0.5727268724510196,44443.52736051423,48401.0,-3957.472639485772,48880.0,0.0,0.5727268724510196,4.157557159316205,4.157479497976624,4.157557159316205,4.157479497976624,105.92981304619347,83.09703329745741,230.16130609282737,0.946590205657934,448.87708759593966,479.3577751254786,0.0476163722604805,0.0318827050880474,0.2449245275272924,0.22206637049121414,0.22159185701491668,0.2556603562141951
262,13.1,442.4285714285714,264.0,848.9062918718946,266.5162996519509,0.9881416483860859,435.984106480828,408.65338815887753,408.65338815887753,423.5998459849247,459.1704676021325,50.51707944325494,0.12361840353472062,146.5,146.5,146.0,145.34731676774777,145.03554949111253,133.53626238731624,144.0322711184085,92.0,0.5412844036697247,45329.63937406945,46351.28613806083,45978.5,-648.8606259305525,46446.0,47865.0,1419.0,0.029645879034785334,2,0,1.6451612903225807,0.9410112359550562,21.648858416568036,10.122157435197128,0.5412844036697247,8.0,4.0,8.0,4.0,104.0,84.0,236.0,0.944954128440367,0,0,28.90478854754725,0.03669724770642202,138,408.65338815887753,45329.63937406945,11.75448618935444,14.283909669684084,0.0707317971295262,448.18177346454405,459.9827341081959,0.08819721739262931,0.05217288791044716,44.61377870563675,463.0721499401222,426.7145111590339,426.13789049047944,0.576620668554483,143.26987234663278,143.26987234663278,143.26987234663278,147.1262450004458,142.94122552800644,99.3102432390281,0.5727272420649636,44619.51386163542,48639.0,-4019.4861383645766,49117.0,0.0,0.5727272420649636,4.149857829866036,4.149780634320223,4.149857829866036,4.149780634320223,105.73400752633157,82.94337134521288,229.73749382330325,0.94659025465349,448.87708759593966,479.3577751254786,0.0493733742472851,0.0339738417325002,0.24490125266807047,0.20351904699566817,0.2265895318469321,0.28247857217021866
263,13.15,433.37803150832934,256.3780315083294,837.594164028466,259.66949817366736,0.9885490620640836,435.98580413867063,406.7619812369747,406.7619812369747,423.5976503660884,459.19749637248225,52.43551513550756,0.12890957747833184,147.5,147.5,148.0,147.04502512941866,146.03439957919443,134.50834925007973,144.03237717843874,92.0,0.5688073394495413,45282.544017637716,46568.64545542802,46189.0,-906.455982362284,46656.0,48031.0,1375.0,0.02862734483979097,2,0,1.6129032258064515,0.9434137291280148,23.52135213491965,10.22827685082634,0.5688073394495413,8.0,4.0,8.0,4.0,104.0,88.0,232.0,0.9541284403669725,0,0,34.5212240818213,0.02752293577981657,137,406.7619812369747,45282.544017637716,11.83244169797233,13.222818414736606,0.08486836448392075,448.18177346454405,459.9827341081959,0.09241739552991013,0.052169197211391016,44.707724425887264,462.0833620034794,425.90578557656954,425.3327323177941,0.5730532587754169,144.11908759933175,144.11908759933175,144.11908759933175,147.1146399381122,143.7884927654908,99.1225346586395,0.5727276216934062,44798.98605532983,48835.0,-4036.013944670173,49313.0,0.0,0.5727276216934062,4.141962851996851,4.141886133391665,4.141962851996851,4.141886133391665,105.5332255905624,82.78580419254274,229.30290680807587,0.9465903049759457,448.87708759593966,479.3577751254786,0.0511750380096208,0.0360365764745912,0.24488418370286447,0.21674481031862772,0.23658488151096296,0.2799915834763621
264,13.2,443.4230042406911,263.7926219924711,850.0215528450892,265.61636334718713,0.9886578920095346,435.98750863940177,408.5161501154337,408.5161501154337,423.6084451082456,459.21876327791733,50.70261316248366,0.12411409719825449,149.0,149.0,148.0,147.2984359355803,147.02856883745852,135.0082774750758,145.81485736370232,88.0,0.5412844036697247,45734.229905074775,46790.2984123196,46410.0,-675.7700949252248,46877.0,48245.0,1368.0,0.028355269976163333,2,0,1.6666666666666667,0.9280442804428044,23.285436184116808,10.137328116861452,0.5412844036697247,8.0,8.0,8.0,8.0,104.0,84.0,232.0,0.9541284403669725,0,0,29.872086972550246,0.02752293577981657,138,408.5161501154337,45734.229905074775,12.485096284827598,13.77698073568928,0.07312339295303097,448.18177346454405,459.9827341081959,0.08850342806778233,0.05216549163593187,44.80167014613779,462.11271949926936,425.0771642357646,424.5077606259086,0.5694036098560673,144.98920053838833,144.98920053838833,144.98920053838833,148.95933177282024,144.65660975212148,98.93020705635357,0.5727280113103601,44981.83613823718,49131.0,-4149.16386176282,49609.0,0.0,0.5727280113103601,4.133873713614015,4.133797482950513,4.133873713614015,4.133797482950513,105.32750501525744,82.62436149587575,228.8576265280669,0.9465903566218083,448.87708759593966,479.3577751254786,0.053021025171146,0.0359753330833011,0.24486704593638228,0.20447869130090762,0.25157790600700924,0.30384399229842685
265,13.25,435.39364057767625,256.3815860563577,842.6756464168128,258.91664809860293,0.9890312448338567,435.9889770777844,409.67997940411846,409.67997940411846,423.6314057822265,459.2072299901716,49.52725058605313,0.12089253338200895,149.0,149.0,148.0,148.2077734668546,147.57128349500925,135.51306952691544,145.91452666754964,100.0,0.5596330275229358,45900.00001152516,46982.52136598866,46598.0,-697.9999884748395,47065.0,48392.0,1327.0,0.02742188791535791,2,0,1.6551724137931034,0.9313815187557182,23.59859931883279,10.072919301768474,0.5596330275229358,8.0,8.0,8.0,8.0,104.0,84.0,232.0,0.9541284403669725,0,0,30.461235163227837,0.01834862385321101,138,409.67997940411846,45900.00001152516,10.92676230542731,9.942259585481777,0.07435373143577544,448.18177346454405,459.9827341081959,0.08590664846273921,0.05216229925875393,44.89561586638831,460.10813845826823,424.22885154205375,423.66317848520214,0.5656730568516082,145.8799969817325,145.8799969817325,145.8799969817325,149.13425116262573,145.54536279714085,98.7333077865974,0.5727284108655263,45167.943763920135,49307.0,-4139.056236079865,49783.0,0.0,0.5727284108655263,4.125592415413365,4.125516683514718,4.125592415413365,4.125516683514718,105.11689661643696,82.45908314497746,228.40176268171123,0.9465904095843608,448.87708759593966,479.3577751254786,0.0549108803612475,0.04015713870954,0.24485228163993153,0.19634055320792249,0.25157790600700924,0.3125978995147172
266,13.3,434.8465366419516,255.8465366419516,845.1945934341439,265.89834441070246,0.9880729605790782,431.99182699612516,414.08508676142515,414.08508676142515,420.02029051174134,455.6583184075182,41.57323164609306,0.1003977998126879,151.0,151.0,150.0,149.22518016360357,149.02255453261978,138.03009860439738,147.91371088359304,92.0,0.5370370370370371,46460.40889740668,47111.61345497022,46714.0,-253.59110259331646,47179.0,48629.0,1450.0,0.029817598552304182,2,0,1.5294117647058822,0.9377289377289377,24.580988709998675,10.225511480894676,0.5370370370370371,8.0,4.0,8.0,4.0,108.0,84.0,228.0,0.9351851851851852,0,0,25.476980703446667,0.022595990485898665,140,414.08508676142515,46460.40889740668,0.7652454458157397,7.42220839578798,0.061525955698388174,448.18177346454405,459.9827341081959,0.07607780753675897,0.060852082125079976,44.98956158663883,460.10156556252866,423.3611061821342,422.7992430001755,0.5618631819586994,146.79120575650504,146.79120575650504,146.79120575650504,150.97465111034558,146.4544813497332,98.53189680112558,0.5727288202831963,45357.17605357763,49561.0,-4203.823946422373,50037.0,0.0,0.5727288202831963,4.117121488091385,4.11704626556957,4.117121488091385,4.11704626556957,104.9014646877212,82.29001960659258,227.9354541341595,0.9465904638535152,448.87708759593966,479.3577751254786,0.0568440272825282,0.0401708505883926,0.285041307929235,0.16553760612906077,0.27156860533507093,0.34219169959868945
267,13.35,436.2383941094531,256.23408703458506,847.2112980132085,265.879091080065,0.9884072229395969,431.98408237716666,414.63241517913013,414.63241517913013,420.03803935322827,455.6291172246186,40.99670204548846,0.09887481186866927,150.5,150.5,150.0,150.16616036882397,149.6133733914986,139.0034627235278,147.921161959746,100.0,0.5648148148148148,46699.4009620811,47275.443618452344,46910.5,-211.09903791890247,47375.0,48789.0,1414.0,0.0289819426510074,2,0,1.5625,0.9333933393339334,22.66977297527892,10.121654550011678,0.5648148148148148,8.0,8.0,8.0,8.0,104.0,80.0,232.0,0.9444444444444444,0,0,24.371281847150016,0.02777777777777768,140,414.63241517913013,46699.4009620811,1.4448053559805327,2.0167964820379716,0.058778042803578436,448.18177346454405,459.9827341081959,0.07485658782165538,0.06086891888521084,45.08350730688935,460.0908953902209,422.4742426586291,421.9162668394549,0.557975819174203,147.72249708533346,147.72249708533346,147.72249708533346,151.12234948705094,147.38363638900245,98.32604700565471,0.5727292394612347,45549.387693812845,49824.0,-4274.612306187155,50299.0,0.0,0.5727292394612347,4.108464007300846,4.108389304523257,4.108464007300846,4.108389304523257,104.68128738100737,82.11723222313537,227.45886974266227,0.9465905194156842,448.87708759593966,479.3577751254786,0.0588197652919127,0.0401931098962864,0.2851191755820789,0.1617103831086366,0.2665709305030555,0.3548122763986184
268,13.4,436.79003978614827,254.7900397861483,839.5970647554808,259.56745735734086,0.9886922621599002,431.9861652923576,405.70987083984977,405.70987083984977,419.99574854503635,455.6538129271617,49.94394208731194,0.1231026052778165,152.0,152.0,152.0,151.1312158285131,150.02720841647584,138.51557215111453,149.02644013790186,92.0,0.5370370370370371,46386.33828809911,47523.60176856455,47143.5,-757.1617119008879,47608.0,48993.0,1385.0,0.028269344600249015,2,0,1.5483870967741935,0.9444933920704845,29.646869181245403,10.212695422857724,0.5370370370370371,4.0,8.0,4.0,8.0,108.0,84.0,228.0,0.9537037037037037,0,0,31.00258431516602,0.02777777777777768,137,405.70987083984977,46386.33828809911,1.54582838903102,9.890059067210654,0.07641565202983193,448.18177346454405,459.9827341081959,0.09476490374960389,0.06086439063874305,45.17745302713987,459.0833788317485,421.5686325656284,421.0146195080421,0.55401305758636,148.6734812444669,148.6734812444669,148.6734812444669,152.13507609085292,148.33243908518529,98.11584455640076,0.5727296682701676,45744.42112569503,50054.0,-4309.578874304971,50529.0,0.0,0.5727296682701676,4.09962360607534,4.0995494331301074,4.09962360607534,4.0995494331301074,104.45645702278,81.94079346085971,226.97220904278328,0.9465905762536534,448.87708759593966,479.3577751254786,0.060837266559021,0.0422949148752682,0.2850982330776301,0.22410174813082523,0.2815639549991018,0.33828021486108
269,13.45,448.4058359715339,262.66949817366736,849.0912344612434,265.67656089038377,0.9889351842442226,431.98881716382266,402.45950874567484,402.45950874567484,420.0036357059695,455.57973031350696,53.12022156783212,0.13198898376979393,153.5,153.5,152.0,152.16875146024256,152.01045581187043,139.5107793893061,149.91194922422847,92.0,0.5462962962962963,46539.17311130213,47764.13167001217,47377.0,-837.8268886978694,47840.0,49201.0,1361.0,0.027662039389443303,2,0,1.5483870967741935,0.9324324324324325,25.131196904220786,10.249785001006524,0.5462962962962963,8.0,8.0,8.0,8.0,104.0,84.0,228.0,0.9537037037037037,0,0,31.86877571619984,0.00925925925925919,136,402.45950874567484,46539.17311130213,14.036117180369516,11.289836330933133,0.07918504849226606,448.18177346454405,459.9827341081959,0.10201723368941584,0.060858625484383144,45.27139874739039,459.040190188707,420.6447055774244,420.09472833423854,0.5499772431858787,149.64370752284756,149.64370752284756,149.64370752284756,152.32535841441472,149.30043976111014,97.90138909009218,0.5727301065523877,45942.106828450786,50330.5,-4388.3931715492145,50805.0,0.0,0.5727301065523877,4.090604484450047,4.090530851112533,4.090604484450047,4.090530851112533,104.22708035918184,81.76078710211635,226.47570278056364,0.9465906343464774,448.87708759593966,479.3577751254786,0.0628955738634823,0.042385011761733,0.28507157004775946,0.24683007764768475,0.2965569794951481,0.34635104192625893
270,13.5,438.30396125489534,255.29638210592444,833.572659245674,260.0173169007637,0.9881595464668962,427.9903057051026,397.7027129862418,397.7027129862418,416.4256619190867,452.42898005867033,54.72626707242853,0.1376059686933082,153.5,153.5,154.0,152.27923910284272,152.02347925549287,141.01699788563315,151.01677138341591,100.0,0.5327102803738317,46481.69845198587,47883.79414647361,47467.0,-985.301548014133,47928.0,49390.0,1462.0,0.02960113383275967,2,0,1.4705882352941178,0.9303964757709251,28.5426789579351,10.219357184496806,0.5327102803738317,4.0,8.0,4.0,8.0,108.0,80.0,228.0,0.9439252336448598,0,0,34.81362478785694,0.013586015922464556,134,397.7027129862418,46481.69845198587,12.50642688137066,16.51826925725984,0.0875368048823476,448.18177346454405,459.9827341081959,0.11263077498240937,0.069551367977147,45.36534446764092,459.03894345052703,419.7029501241414,419.1570791450477,0.5458709790937633,150.63266350975255,150.63266350975255,150.63266350975255,154.09835684443868,150.2871271814733,97.68279388135092,0.5727305541214839,46142.263700091135,50578.0,-4435.7362999088655,51052.0,0.0,0.5727305541214839,4.081411416024714,4.08133833172252,4.081411416024714,4.08133833172252,103.99327872331688,81.57730837658119,225.96961327649612,0.9465906936693974,448.87708759593966,479.3577751254786,0.0649935990897793,0.0423876126127981,0.325274284194003,0.28009222455080923,0.2965569794951481,0.3433159480500717
271,13.55,439.58105999525753,254.5810399653704,845.1945934341439,265.89834441070246,0.9883991373924259,427.99369743162265,409.41668743512787,409.41668743512787,416.4405516014276,452.3230350799323,42.90634764480444,0.10479872697324522,155.0,155.0,154.393798828125,154.12255051615386,153.66591745871293,141.0196312105372,151.01948395426672,96.0,0.5420560747663551,47452.58595229853,48103.18531954291,47716.5,-263.91404770147346,48178.0,49617.0,1439.0,0.029002156518935042,2,0,1.53125,0.944206008583691,29.53047858815689,10.050150443494077,0.5420560747663551,8.0,8.0,8.0,8.0,104.0,84.0,224.0,0.9532710280373832,0,0,25.129097753534285,0.009345794392523366,138,409.41668743512787,47452.58595229853,1.4637949209800998,13.025200146400158,0.06137780536245483,448.18177346454405,459.9827341081959,0.08649411538928398,0.06954399438186065,45.45929018789144,457.03627846792745,418.7439137298327,418.20221660572383,0.5416971241088504,151.63977473666407,151.63977473666407,151.63977473666407,155.03626410046854,151.29192819553057,97.46018592177154,0.5727310107617252,46344.699536135435,50800.5,-4455.800463864565,51273.0,0.0,0.5727310107617252,4.0720497512284695,4.071977225007458,4.0720497512284695,4.071977225007458,103.7551881187253,81.39046402668515,225.4542346081863,0.9465907541937658,448.87708759593966,479.3577751254786,0.0671301224740426,0.046565421102658,0.3252401823505659,0.19818163628020088,0.31155000399119437,0.39458610331016286
272,13.6,450.41893114698115,262.13564905598264,836.6993491657087,259.614562336133,0.9886909061722449,427.9939210360645,386.7851773734265,386.7851773734265,416.4315271671639,452.1052872297534,65.3201098563269,0.1688795581565495,156.0,156.0,156.0,155.11505287548493,154.66219378614267,143.00862843242288,153.00848640055523,88.0,0.5981308411214953,46398.84398237793,48389.07957609006,47966.0,-1567.1560176220664,48427.0,49836.0,1409.0,0.02827273456938759,2,0,1.5,0.9315789473684211,29.026182455528716,9.899729677159485,0.5981308411214953,4.0,8.0,4.0,8.0,108.0,80.0,228.0,0.9439252336448598,0,0,32.86713064241571,0.05607476635514019,130,386.7851773734265,46398.84398237793,13.211039687069455,10.566697324190876,0.08497515562930617,448.18177346454405,459.9827341081959,0.13699039034208893,0.06954350826700184,45.55323590814196,456.0439805044908,417.76820299103144,417.230744201533,0.5374587894983733,152.66440469650777,152.66440469650777,152.66440469650777,156.088874267792,152.3142077562913,97.23370591557908,0.5727314762276976,46549.21160635146,51058.5,-4509.288393648538,51531.0,0.0,0.5727314762276976,4.06252541707282,4.0624534575631515,4.06252541707282,4.0624534575631515,103.51295921356758,81.20037230297316,224.92989259985472,0.9465908158870026,448.87708759593966,479.3577751254786,0.0693037926518341,0.0486354781976471,0.32523793413756225,0.3564336719744083,0.32154535365522524,0.338940609486723
273,13.65,440.4251181527242,254.42511815272425,846.1615327780768,264.93987793112564,0.9889582333173308,427.99396845835804,409.0751285734911,409.0751285734911,416.4264392942684,450.69425370652806,41.61912513303696,0.10173956377687725,156.0,156.0,156.0,155.21548118325683,155.0190513388659,142.01923453989707,154.01375651653964,96.0,0.5420560747663551,47842.84712859171,48534.99663520141,48151.5,-308.6528714082888,48612.0,49992.0,1380.0,0.027604416706673067,2,0,1.5161290322580645,0.9397071490094746,35.80604694060136,9.825516050015676,0.5420560747663551,4.0,8.0,4.0,8.0,104.0,80.0,232.0,0.9532710280373832,0,0,23.277274954943007,0.05607476635514019,138,409.0751285734911,47842.84712859171,12.622542730142815,10.857803870969448,0.05690220042493051,448.18177346454405,459.9827341081959,0.087256214345242,0.06954340517118973,45.64718162839249,455.0604451174256,416.77648317665233,416.24332384268064,0.533159333971696,153.70585526034102,153.70585526034102,153.70585526034102,157.06943537011963,153.35326933625132,97.0035081874359,0.5727319502441217,46755.58732810941,51337.0,-4581.41267189059,51809.0,0.0,0.5727319502441217,4.0528449132062505,4.052773528589626,4.0528449132062505,4.052773528589626,103.26675724077828,81.00716288566394,224.39694460841423,0.9465908787125684,448.87708759593966,479.3577751254786,0.0715131275494794,0.0506872554673654,0.32523745733389875,0.2005700047547768,0.32154535365522524,0.4151948258388738
274,13.7,440.8434155744557,252.84341557445578,831.5999654824957,260.4654165410143,0.9882657325956294,423.9929746113901,393.790833787768,393.790833787768,411.5863269660843,447.5199243996669,53.72909061189887,0.1364406837383522,158.0,158.0,158.0,157.09539199672136,157.00925766601,145.0027808867189,155.00656881694445,88.0,0.5471698113207547,47258.634032083915,48713.40646919952,48313.5,-1054.8659679160846,48772.0,50246.0,1474.0,0.029335668510926245,2,0,1.4411764705882353,0.9481292517006803,35.299986952852485,10.048671843222529,0.5471698113207547,8.0,8.0,8.0,8.0,100.0,80.0,228.0,0.9528301886792453,0,0,34.924251392750534,0.005113736554399617,133,393.790833787768,47258.634032083915,1.6360793926727282,15.233517218138882,0.08868731416834558,448.18177346454405,459.9827341081959,0.12135910672208305,0.07824154436270736,45.741127348643005,454.0461982603514,415.7694774335685,415.24067507676807,0.5288023568004405,154.76336750799112,154.76336750799112,154.76336750799112,158.98899437505835,154.40835575612508,96.76976049874476,0.5727324325058424,46963.60503356768,51580.5,-4616.894966432323,52052.0,0.0,0.5727324325058424,4.043015304118072,4.042944502095338,4.043015304118072,4.042944502095338,103.01676180030049,80.81097672936653,223.8557790976881,0.9465909426299705,448.87708759593966,479.3577751254786,0.073756516153868,0.0528031006871674,0.36546513045454104,0.30744624754178607,0.34153605298328693,0.3843439845691206
275,13.75,453.405835971534,261.6694981736673,835.6289962155947,259.6149184866634,0.988419926287005,423.9940756268867,382.6826216600346,382.6826216600346,411.56471348320173,447.52301460951287,64.84039294947826,0.16943647105846577,159.0,159.0,158.0,158.07453237974414,157.01279674454358,146.0094313705348,156.01280262730012,92.0,0.5660377358490566,46943.33840116411,48967.09401985801,48547.0,-1603.66159883589,49005.0,50466.0,1461.0,0.028950184282487218,2,0,1.4411764705882353,0.9282094594594594,35.07929758502636,9.974757715479779,0.5660377358490566,4.0,8.0,4.0,8.0,108.0,80.0,224.0,0.9433962264150944,0,0,33.84967414640978,0.018867924528301883,129,382.6826216600346,46943.33840116411,15.352984735256932,4.117819275868142,0.08845364861245505,448.18177346454405,459.9827341081959,0.14614416668082353,0.07823915076091548,45.83507306889353,455.03142155032174,414.7479655860411,414.2235738969856,0.5243916890555056,155.83612298507424,155.83612298507424,155.83612298507424,159.05298712775965,155.47865043898167,96.53264376970375,0.5727329226780282,47173.034826498486,51888.0,-4714.965173501514,52360.0,0.0,0.5727329226780282,4.033044207376427,4.032973995136388,4.033044207376427,4.032973995136388,102.76316656047533,80.6119658286492,223.30681499440377,0.946591007594778,448.87708759593966,479.3577751254786,0.0760322211870616,0.0507478022418413,0.365454060382156,0.3851210106196476,0.3515314026473178,0.36769400612683867
276,13.8,442.6774258694321,253.6725967803865,835.6036500838135,259.6601199588721,0.9888108022741631,423.9955942047099,395.3469561034412,395.3469561034412,411.5641916379539,447.51821276721097,52.17125666376978,0.1319632182778697,160.0,160.0,160.0,159.07706576213386,159.0088204331455,146.01053497868082,157.01049264956723,96.0,0.5283018867924528,47851.08724933202,49172.551698823154,48781.0,-929.9127506679797,49239.0,50656.0,1417.0,0.027972994314592547,2,0,1.46875,0.9352941176470588,36.77014498745339,9.955715124409592,0.5283018867924528,4.0,8.0,4.0,8.0,104.0,80.0,228.0,0.9528301886792453,0,0,30.905499146363283,0.037735849056603765,133,395.3469561034412,47851.08724933202,13.380927292707998,0.05182276995787206,0.07817310508968979,448.18177346454405,459.9827341081959,0.11788702818652808,0.07823584938086225,45.92901878914405,453.0261087225159,413.7127825215209,413.19285113855335,0.5199313829675702,156.92324539430038,156.92324539430038,156.92324539430038,160.07482535485283,156.56327909766978,96.29235170536408,0.5727334203965627,47383.639523149664,52137.0,-4753.3604768503355,52607.0,0.0,0.5727334203965627,4.0229397778274105,4.022870162017512,4.0229397778274105,4.022870162017512,102.50617885672996,80.4102929030172,222.7505008219288,0.9465910735586872,448.87708759593966,479.3577751254786,0.0783383827023761,0.054931134466464,0.3654387919627039,0.29656497962934564,0.3615267523113486,0.4156299661301861
277,13.85,443.50266464219845,252.50266464219848,829.5880426737438,260.23377816031064,0.9880419827823421,419.9972693436931,389.088204070364,389.088204070364,408.00827872989663,447.1721290911299,58.08392502076589,0.14928215354033658,161.0,161.0,160.78759765625,160.05984397744805,160.00745952073282,148.00166161100634,158.00707525196412,104.0,0.5428571428571428,47754.952620814285,49301.870658429296,48900.5,-1145.5473791857148,49357.0,50878.0,1521.0,0.029895043044144816,2,0,1.3888888888888888,0.942643391521197,40.232840026440726,10.045036251330973,0.5428571428571428,8.0,4.0,8.0,4.0,100.0,80.0,228.0,0.9428571428571428,0,0,37.60684304029533,0.014555256064689992,131,389.088204070364,47754.952620814285,1.4316983760702113,6.042898000476545,0.09665377322385849,448.18177346454405,459.9827341081959,0.13185179070843,0.08692818621121878,46.02296450939457,453.0109249190002,412.664816160002,412.1493904605588,0.5154256994431989,158.02380272406538,158.02380272406538,158.02380272406538,160.12245980967992,157.66131185852703,96.04909032503376,0.5727339252686533,47595.17567015842,52374.0,-4778.824329841576,52844.0,0.0,0.5727339252686533,4.012710687728529,4.012641674426959,4.012710687728529,4.012641674426959,102.24601918687463,80.20613100074411,222.1873136102278,0.9465911404695898,448.87708759593966,479.3577751254786,0.0806730226082165,0.0549628097710144,0.4056396299772415,0.34032963552015394,0.3715221019753795,0.4105533353893555
278,13.9,443.17607807982466,252.17607807982472,831.606521657053,259.70052606065417,0.9883504266812808,419.99890562532306,391.46900626644094,391.46900626644094,408.0095495717351,447.17704770733417,55.708041440893226,0.14230511368498305,162.0,162.0,162.0,162.00727235393322,161.00360249965865,149.00268998244462,159.90195133886323,96.0,0.5714285714285714,48175.309670663206,49550.915061303815,49148.0,-972.6903293367941,49604.0,51092.0,1488.0,0.029123933296797935,2,0,1.4,0.939625850340136,41.1484780439027,10.124483734521128,0.5714285714285714,4.0,4.0,4.0,4.0,104.0,84.0,224.0,0.9523809523809523,0,0,35.565420011530335,0.02857142857142858,132,391.46900626644094,48175.309670663206,0.46186314579780174,2.0877296778676055,0.09085117708481846,448.18177346454405,459.9827341081959,0.12653965546099943,0.08692462894372022,46.11691022964509,452.0069974118026,411.6050050090893,411.09412591530827,0.5108790937810568,159.13680981210177,159.13680981210177,159.13680981210177,162.0448584574359,158.77176581915006,95.8030773955164,0.5727344368736484,47807.39463120871,52720.0,-4912.605368791294,53189.0,0.0,0.5727344368736484,4.002366102839055,4.00229769752832,4.002366102839055,4.00229769752832,101.98292060354568,79.99966302199778,221.6177575831785,0.9465912082716944,448.87708759593966,479.3577751254786,0.0830340501148525,0.0570571275421923,0.4056231781142644,0.32368174975878755,0.38151745163941037,0.43275134618204525
279,13.95,444.4676409522068,252.46764095220686,830.5965040387146,260.31868344958076,0.988671669427931,419.99954953337226,388.9349260672375,388.9349260672375,408.00290109993824,447.1877671527718,58.25284108553433,0.1497752893384119,163.0,163.0,162.393798828125,162.01490460885287,162.00164370308264,149.00143761767566,160.90151947654257,100.0,0.5238095238095238,48285.40199944786,49824.40680993846,49397.0,-1111.5980005521415,49852.0,51305.0,1453.0,0.0283208264301725,2,0,1.411764705882353,0.9411276948590381,40.53969670930248,10.068322235763283,0.5238095238095238,4.0,4.0,4.0,4.0,104.0,84.0,224.0,0.9523809523809523,0,0,37.60847923437196,0.04761904761904756,131,388.9349260672375,48285.40199944786,1.3240632771388765,1.1841681243972997,0.09669607102312627,448.18177346454405,459.9827341081959,0.13219379034384948,0.08692322909107042,46.21085594989562,451.0054844009593,410.5343353121437,410.02803911247634,0.5062961996673039,160.26123133650202,160.26123133650202,160.26123133650202,162.05111010981636,159.89360803255678,95.554541769886,0.5727349547640753,48020.043732897735,52935.0,-4914.956267102265,53404.0,0.0,0.5727349547640753,3.9919156545372054,3.991847862080874,3.9919156545372054,3.991847862080874,101.7171280056389,79.79108116268816,221.0423626271985,0.9465912769056556,448.87708759593966,479.3577751254786,0.0854192680877277,0.0591464083733651,0.40561670399220534,0.34140144009509305,0.3915128013034412,0.4385650483750557
280,14.0,446.92620270203395,267.20563535144936,841.8090454589973,250.20291356092653,0.9879237082597645,416.00177760510576,399.57544350972967,399.57544350972967,404.55961857004473,444.0675792361351,44.49213572640542,0.11134852366202039,165.0,165.0,164.0,164.00086482517804,163.00019203723832,150.00019205224947,161.00019203954776,92.0,0.5480769230769231,49317.348854312775,49904.05145879759,49530.0,-212.65114568722493,49983.0,51539.0,1556.0,0.030190729350588873,2,0,1.3513513513513513,0.9343724364232978,37.33512178328367,9.521906718179208,0.5480769230769231,8.0,4.0,8.0,4.0,100.0,80.0,224.0,0.9423076923076923,0,0,26.70412694395784,0.024267399267399292,135,399.57544350972967,49317.348854312775,14.9416533486029,15.1013206555506,0.0668312514637992,448.18177346454405,459.9827341081959,0.10845226832647992,0.09561436384858979,46.304801670146134,450.0042344912184,409.4538378021962,408.9521559906436,0.5016818115525439,161.39598522083716,161.39598522083716,161.39598522083716,164.01537725374635,161.0257589044937,95.30372263473612,0.5727354784668935,48232.867459173794,53289.0,-5056.1325408262055,53757.0,0.0,0.5727354784668935,3.981369408091492,3.9813022327119256,3.981369408091492,3.9813022327119256,101.44889733188344,79.58058628152855,220.4616825479808,0.946591346308741,448.87708759593966,479.3577751254786,0.0878263802790277,0.0612351403428816,0.4458119825885617,0.2669970569353632,0.4115035006315029,0.4930595963551757
281,14.05,447.9367444565721,267.2170203142624,829.6864355138513,260.5632302177575,0.9882807668521953,415.99987091935907,383.42846956085737,383.42846956085737,404.4027269652237,444.0205440401499,60.592074479292535,0.15802706186290486,166.0,166.0,164.0,165.0040239573039,164.00050186035253,152.0001245869123,163.00037607880463,92.0,0.5480769230769231,48593.76140540642,50200.12765651266,49775.5,-1181.738594593582,50228.0,51744.0,1516.0,0.02929808286951144,2,0,1.3611111111111112,0.9398862713241267,53.15576311302451,9.342435002854483,0.5480769230769231,4.0,4.0,4.0,4.0,104.0,84.0,220.0,0.9519230769230769,0,0,36.32939930525218,0.0,129,383.42846956085737,48593.76140540642,1.0106058851220545,15.946593150637597,0.09474883111016882,448.18177346454405,459.9827341081959,0.1444800028415465,0.09561850897318969,46.398747390396665,449.0063812603077,408.3645840796864,407.8675432141498,0.4970408655366327,162.53994643446376,162.53994643446376,162.53994643446376,166.0193913819577,162.16709598502564,95.0508686700793,0.5727360074849567,48445.60868275941,53553.0,-5107.391317240588,54020.0,0.0,0.5727360074849567,3.9707378272618072,3.970671272521656,3.9707378272618072,3.970671272521656,101.17849466104867,79.36838719382763,219.87629312502665,0.9465914164150304,448.87708759593966,479.3577751254786,0.090252999397289,0.0633167864174646,0.44583115320813654,0.37990562957341356,0.4214988502955338,0.4548487420206259
282,14.1,446.92620270203395,267.20563535144936,830.868891177906,259.889401587148,0.9884966313763234,415.9982261517285,385.8653040697519,385.8653040697519,404.4188054086671,443.88368593832536,58.01838186857344,0.15035915708577313,166.0,166.0,166.0,165.0715283059376,165.0053574525508,152.00399124588105,163.00535935297785,100.0,0.5096153846153846,48983.47559785256,50433.305824207106,50004.0,-1020.5244021474427,50456.0,51950.0,1494.0,0.02875842155919153,2,0,1.3333333333333333,0.9422918384171476,57.787036543396844,9.477978970445532,0.5096153846153846,4.0,8.0,4.0,8.0,104.0,76.0,224.0,0.9423076923076923,0,0,34.96851350279024,0.03846153846153855,130,385.8653040697519,48983.47559785256,1.0106058851220545,1.3609726010776986,0.0906236272968172,448.18177346454405,459.9827341081959,0.13904284619401652,0.09562208468920819,46.49269311064718,448.00932086933426,407.26768263735335,406.7753042184405,0.4923784189128355,163.6919511635682,163.6919511635682,163.6919511635682,167.03992528774526,163.31645813001202,94.7962371273091,0.5727365412986809,48658.009921206176,53810.0,-5151.990078793824,54276.0,0.0,0.5727365412986809,3.9600317354572105,3.959965804243041,3.9600317354572105,3.959965804243041,100.90619522458522,79.1546998965672,219.2867899765007,0.946591487155634,448.87708759593966,479.3577751254786,0.0926966559630714,0.0653967785292278,0.4458476903929294,0.3628659348897144,0.4214988502955338,0.47542857969217917
283,14.15,458.34758135473237,260.1153172021803,831.5970647554808,260.5674573573408,0.9888252313705954,415.9974674160582,373.6402902230587,373.6402902230587,404.4080713404398,443.8877087526983,70.24741852963962,0.18800814678658656,168.0,168.0,168.0,167.06755557200964,167.00705297141502,152.00707818193678,165.0070563328179,92.0,0.5288461538461539,48514.08047421615,50701.74086692724,50279.5,-1765.419525783851,50731.0,52189.0,1458.0,0.02793692157351166,2,0,1.3823529411764706,0.9340836012861736,55.65077278881882,9.425908769257147,0.5288461538461539,4.0,8.0,4.0,8.0,104.0,80.0,220.0,0.9519230769230769,0,0,35.25038161599482,0.019230769230769273,126,373.6402902230587,48514.08047421615,13.443232564609218,0.9949856212880076,0.09434309558787349,448.18177346454405,459.9827341081959,0.1663197560785733,0.09562373417649106,46.5866388308977,447.01420865797314,406.1642745607026,405.6765749321668,0.4876996285358359,164.85080132314852,164.85080132314852,164.85080132314852,169.03927560948466,164.47265000273848,94.54009283180788,0.5727370793679145,48869.81460466471,54096.5,-5226.685395335291,54561.0,0.0,0.5727370793679145,3.949262273731239,3.949196968240301,3.949262273731239,3.949196968240301,100.632282338761,78.93974673030965,218.69378624966043,0.9465915584589402,448.87708759593966,479.3577751254786,0.0951548078873772,0.0674727064957673,0.4458553190401346,0.44834999328239766,0.4414895496235955,0.4506409901316809
284,14.2,459.4017962602825,260.4485693670882,841.4463355028889,249.49877731931454,0.9880620954344962,411.9952535781658,385.7152386037101,385.7152386037101,399.5638801105334,440.4791015692472,54.7638629655371,0.14198003471105367,169.0,169.0,168.0,168.11733500744816,167.8585665776013,156.00227210540925,166.01108355706418,92.0,0.5436893203883495,49476.689293372736,50820.322967655404,50358.5,-881.8107066272642,50808.0,52371.0,1563.0,0.029844761413759524,2,0,1.3243243243243243,0.9394904458598726,56.87444989680649,9.564702781132633,0.5436893203883495,4.0,4.0,4.0,4.0,100.0,80.0,224.0,0.9514563106796117,0,0,34.910069456651044,0.01484316654219564,130,385.7152386037101,49476.689293372736,1.1056337876981979,14.81633598565956,0.09050736388592155,448.18177346454405,459.9827341081959,0.13937767789607747,0.10432452562174355,46.68058455114823,448.01191082864153,405.0555289372904,404.57251920907584,0.4830097282145971,166.0152693750834,166.0152693750834,166.0152693750834,168.13496044395595,165.63444688093395,94.28270711790412,0.5727376211339825,49080.76834211299,54401.0,-5320.231657887009,54866.0,0.0,0.5727376211339825,3.93844085593728,3.938376177666896,3.93844085593728,3.938376177666896,100.35704626455455,78.72375548441909,218.09791015471265,0.9465916302508858,448.87708759593966,479.3577751254786,0.0976248506987631,0.0653913755516573,0.4860952584621004,0.36391527562852394,0.45148489928762636,0.5014739688207647
285,14.25,455.4065495759718,259.71034825291105,842.9634593297127,250.08927366181754,0.9894600760456274,415.9922371681081,390.9497725613268,390.9497725613268,404.4090208678232,443.6564323387845,52.70665977745767,0.13481695981595634,170.0,170.0,168.0,169.16082326952818,169.01518159594977,156.01113295656418,167.01519891153254,96.0,0.5384615384615384,50013.17935124408,51181.72642460727,50763.0,-749.8206487559219,51214.0,52600.0,1386.0,0.02634980988593156,2,0,1.3714285714285714,0.9409409409409409,82.45709962122086,9.615856625309979,0.5384615384615384,8.0,8.0,8.0,8.0,100.0,76.0,224.0,0.9423076923076923,0,0,31.933793745156315,0.005227781926811059,132,390.9497725613268,50013.17935124408,4.062876626469556,1.6279897531697802,0.08168259962383526,448.18177346454405,459.9827341081959,0.12769818919855047,0.09563510470751824,46.774530271398746,446.01329981185825,403.942638012439,403.46432400711376,0.4783140053252168,167.18410341282183,167.18410341282183,167.18410341282183,170.09171792101395,166.80059972979635,94.02435670490956,0.5727381660219092,49290.62017267675,54646.0,-5355.379827323253,55110.0,0.0,0.5727381660219092,3.9275791214131814,3.927515071153721,3.9275791214131814,3.927515071153721,100.08078300464726,78.50695845292984,217.499802362295,0.9465917024552568,448.87708759593966,479.3577751254786,0.1001041283353468,0.0695607269640968,0.44590790615046894,0.3273125190097713,0.4614802489516572,0.5298046750598512
286,14.3,461.39347834294676,259.5656113459724,842.9700277407686,250.08480341695312,0.988717249734969,411.9920919448913,385.02791032482287,385.02791032482287,399.5490901414004,440.4893053197493,55.46139499492642,0.14404512895737162,171.0,171.0,170.0,170.18870154611093,170.01538964546882,157.00705155243872,168.01540751408817,92.0,0.5242718446601942,49971.94973787667,51327.50649360802,50885.0,-913.0502621233318,51334.0,52824.0,1490.0,0.028206875662577617,2,0,1.3428571428571427,0.9392486011191047,71.97705134233156,9.515595758249868,0.5242718446601942,4.0,8.0,4.0,8.0,100.0,76.0,224.0,0.9514563106796117,0,0,35.89644024014457,0.014189693801344272,130,385.02791032482287,49971.94973787667,5.988678053883241,0.007945257261251011,0.09323074841473464,448.18177346454405,459.9827341081959,0.14091127055776476,0.10433139899554666,46.86847599164927,445.0242345806505,402.8268121329204,402.3531943560462,0.4736177768742209,168.35603246912726,168.35603246912726,168.35603246912726,170.20858452660067,167.96984049756142,93.76532252386284,0.5727387134427854,49499.123788813245,54947.5,-5448.3762111867545,55411.0,0.0,0.5727387134427854,3.916688885600685,3.916625463431614,3.916688885600685,3.916625463431614,99.8037930478371,78.28959144915905,216.90011328689195,0.946591774993994,448.87708759593966,479.3577751254786,0.1025899444091738,0.0716240401771741,0.48612704685137514,0.3687214551113578,0.47147559861568805,0.5276274416749535
287,14.35,462.3989246870427,259.48897546887025,839.1477374987167,249.74903616133744,0.9879254105624375,407.994889100606,380.46391541639645,380.46391541639645,395.93741770025605,438.7730255442106,58.309110127814165,0.15325792477322878,173.0,173.0,172.0,172.1480051345635,172.01786670241154,158.0130367520968,170.01338696395774,88.0,0.5392156862745098,50036.86036617191,51418.171073505684,50989.5,-952.6396338280902,51436.0,53037.0,1601.0,0.03018647359390614,2,0,1.3157894736842106,0.9383399209486166,64.30345147322817,9.626533332393189,0.5392156862745098,4.0,4.0,4.0,4.0,100.0,80.0,220.0,0.9509803921568627,0,0,36.90625152930405,0.014943841614315612,128,380.46391541639645,50036.86036617191,1.0083627365760515,3.837009557510815,0.09700329002005939,448.18177346454405,459.9827341081959,0.15109462735325807,0.11302129656753923,46.96242171189979,445.0462202875814,401.7092745234371,401.2403481582022,0.4689263652348927,169.52977199982848,169.52977199982848,169.52977199982848,172.16970953572297,169.14088758667432,93.50588850537775,0.5727392627962733,49706.03871849878,55299.0,-5592.961281501222,55763.0,0.0,0.5727392627962733,3.905782089036876,3.9057192943257064,3.905782089036876,3.9057192943257064,99.52638007200432,78.07189278780714,216.29950028026303,0.9465918477875308,448.87708759593966,479.3577751254786,0.1050795738430763,0.0715781752552479,0.5263166036382889,0.40063543182733224,0.49146629794374974,0.5310552105870626
288,14.4,464.2860912128979,259.04442088794156,825.5839404262584,261.1760551577648,0.9882253489376891,407.9935683031658,361.6245528813654,361.6245528813654,395.9479563009813,438.8222524556057,77.19769957424029,0.2134747183484684,173.5,173.5,172.78759765625,173.1544914684722,172.0197484032565,158.0199690987361,170.1197783547859,96.0,0.5686274509803921,49058.33961521485,51670.328834410124,51220.0,-2161.660384785151,51666.0,53233.0,1567.0,0.029436627655777432,2,0,1.3243243243243243,0.9374523264683448,72.99903057671713,9.568700821255984,0.5686274509803921,4.0,4.0,4.0,4.0,100.0,80.0,220.0,0.9509803921568627,0,0,39.20264614975481,0.02941176470588236,122,361.6245528813654,49058.33961521485,1.9388208457031002,17.735652064909743,0.10840703662789081,448.18177346454405,459.9827341081959,0.19312972036785936,0.1130241679740992,47.05636743215031,443.0583736925863,400.5912559433719,400.12701086957605,0.464245073795837,170.70402949376083,170.70402949376083,170.70402949376083,174.09472109392925,170.31245145086226,93.24634033961448,0.5727398134732162,49911.13145416984,55544.0,-5632.8685458301625,56006.0,0.0,0.5727398134732162,3.894870745182697,3.8948085765878777,3.894870745182697,3.8948085765878777,99.24884961742154,77.85410224379456,215.6986247603852,0.9465919207551394,448.87708759593966,479.3577751254786,0.1075702747742666,0.0757250707436432,0.5263298834906743,0.5323706746026311,0.4964639727757652,0.47938196233674174
289,14.45,448.31814232181205,265.6946078024757,828.5970647554809,260.5674573573408,0.9896391675400509,411.9893823287107,382.2556616569217,382.2556616569217,399.5176958631592,440.1096507932434,57.85398913632173,0.1513489398313903,175.0,175.0,174.0,174.21807215373946,173.87423664749582,161.0030300974585,172.02428432393248,92.0,0.5436893203883495,50594.06606343242,52063.22023254534,51600.5,-1006.4339365675769,52048.0,53432.0,1384.0,0.025902081149872736,2,0,1.3055555555555556,0.9423828125,83.44007456950779,9.711154107573703,0.5436893203883495,8.0,8.0,8.0,8.0,100.0,80.0,216.0,0.9514563106796117,0,0,36.398498456050795,0.02493813059204264,129,382.2556616569217,50594.06606343242,17.297409568677324,3.073972918884178,0.0952202991533944,448.18177346454405,459.9827341081959,0.14709681587004075,0.10433728968660894,47.150313152400834,442.0661176632224,399.4739892731833,399.0144101104231,0.4595791627601784,171.8775101570708,171.8775101570708,171.8775101570708,174.33889659953238,171.48324026639992,92.98696421982524,0.5727403648583381,50114.176516994485,55816.5,-5702.323483005515,56278.0,0.0,0.5727403648583381,3.8839668875705513,3.8839053430466497,3.8839668875705513,3.8839053430466497,98.97150774267024,77.63645999745859,215.0981493024373,0.9465919938152836,448.87708759593966,479.3577751254786,0.1100593006146639,0.0777950403589357,0.4861542904708768,0.3881065511102474,0.5114569972718115,0.560479858243103
290,14.5,463.30637857213424,259.5112309497228,827.5714285714286,261.0,0.9889632543485151,407.9902936848695,364.59589080291823,364.59589080291823,395.9318928209524,435.61929282467696,71.02340202175873,0.19480033597018875,176.0,176.0,176.0,175.25795250567862,175.02342788404547,160.02033584237188,173.00485144995076,88.0,0.5196078431372549,49786.9300337019,52161.29830765626,51714.0,-1927.0699662980987,52159.0,53639.0,1480.0,0.02759186412871232,2,0,1.3142857142857143,0.9410840534171249,74.13562082360808,9.23968406017425,0.5196078431372549,4.0,8.0,4.0,8.0,100.0,76.0,220.0,0.9509803921568627,0,0,35.87601621684227,0.024081477251094552,123,364.59589080291823,49786.9300337019,16.213616968419853,1.1131139742883882,0.09839939813319233,448.18177346454405,459.9827341081959,0.18649995963800248,0.11303128697673437,47.24425887265136,442.05940628660824,398.3587040809461,397.9037702556136,0.4549338253324322,173.04892261886928,173.04892261886928,173.04892261886928,176.2840449957925,172.65196562467438,92.72804558119378,0.5727409163330008,50314.957446074965,56158.5,-5843.5425539250355,56620.0,0.0,0.5727409163330008,3.8730825167627145,3.8730215935697743,3.8730825167627145,3.8730215935697743,98.69465967570156,77.41920557595552,214.49873471895648,0.9465920668859896,448.87708759593966,479.3577751254786,0.1125439121554543,0.0778090411261338,0.5263628078788276,0.5115934364272222,0.5214523469358423,0.5178570110574394
291,14.55,468.4285714285714,259.0,838.4343726067912,249.50873210489914,0.9880928505106779,403.98679903403263,373.75299231597796,373.75299231597796,392.35325931367595,435.2364902755473,61.48349795956932,0.1645030253231792,177.5,177.5,178.0,177.15589541016823,175.95354726051332,163.0067997928184,175.01206644997765,92.0,0.5544554455445545,50657.008659905165,52243.68181933729,51804.0,-1146.9913400948353,52247.0,53850.0,1603.0,0.029767873723305478,2,0,1.3157894736842106,0.9442292796281953,67.85738165867231,9.42660306177796,0.5544554455445545,4.0,4.0,4.0,4.0,104.0,80.0,212.0,0.9405940594059405,0,0,39.96402854486437,0.03484760240729956,126,373.75299231597796,50657.008659905165,5.147641862298723,15.813057609216369,0.10692631060215836,448.18177346454405,459.9827341081959,0.16606829093743636,0.12173486290246727,47.338204592901874,442.032244549615,397.2466212198517,396.7963070553336,0.4503141645180903,174.2169846048788,174.2169846048788,174.2169846048788,177.35682328096323,173.81734819281766,92.46986784676268,0.5727414672779969,50513.26770338723,56379.5,-5866.232296612769,56840.0,0.0,0.5727414672779969,3.8622295476183943,3.8621692423338345,3.8622295476183943,3.8621692423338345,98.41860847266072,77.20257680076435,213.9010371564744,0.9465921398852148,448.87708759593966,479.3577751254786,0.1150213896026779,0.0778657038911972,0.5666156251322595,0.44756191791390265,0.5364453714318886,0.5638037002872034
292,14.6,451.22953383458156,264.7660020583121,825.5970647554808,260.5674573573408,0.9895948196114709,407.9907497393571,376.29410411460043,376.29410411460043,395.95916769621545,435.65548653515924,59.36138242055881,0.15775262426774642,178.0,178.0,178.0,177.3668718686501,177.030282377134,164.0164582709137,175.12748518585983,92.0,0.5294117647058824,51076.00015304644,52646.6633068501,52199.0,-1122.9998469535567,52644.0,54050.0,1406.0,0.02601295097132285,2,0,1.3333333333333333,0.9428848015488868,81.28648784533289,9.417298198769263,0.5294117647058824,8.0,8.0,8.0,8.0,100.0,76.0,216.0,0.9411764705882353,0,0,35.96103629830138,0.025043680838672144,127,376.29410411460043,51076.00015304644,18.139836655712607,16.943785795338226,0.0955663028069912,448.18177346454405,459.9827341081959,0.16039846688596027,0.11303029551672128,47.432150313152405,440.05145153371893,396.1389475070002,395.6932223362337,0.4457251707664795,175.38042852623022,175.38042852623022,175.38042852623022,178.28597294306468,174.97812328968325,92.2127111921318,0.5727420170763525,50708.911486611505,56638.5,-5929.588513388495,57098.0,0.0,0.5727420170763525,3.851419757360965,3.851360065894653,3.851419757360965,3.851360065894653,98.14365369696728,76.9868087510996,213.3057052356777,0.9465922127312156,448.87708759593966,479.3577751254786,0.1174890444317179,0.081997884735406,0.526358222515402,0.42979305874532703,0.541443046263904,0.5859295994249437
293,14.65,452.20159259649256,264.788515069908,823.5810688530189,261.1356490559827,0.9899198082772606,407.99114085182913,373.23005809008833,373.23005809008833,395.96467958747013,435.6210262518726,62.39096816178426,0.1671649075668087,180.0,180.0,180.0,179.20055304537203,178.02992552618213,163.52109554521022,176.11294369022872,92.0,0.5588235294117647,51111.91293704106,52893.87167862227,52434.0,-1322.0870629589408,52878.0,54245.0,1367.0,0.02520047930684856,2,0,1.3333333333333333,0.947267497603068,81.96455021751237,9.280540119301389,0.5588235294117647,8.0,8.0,8.0,8.0,100.0,76.0,216.0,0.9411764705882353,0,0,38.9406606937476,0.02941176470588236,126,373.23005809008833,51111.91293704106,0.972319429148191,2.0945360548696024,0.10433420312666325,448.18177346454405,459.9827341081959,0.16723508141587817,0.11302944524030212,47.52609603340292,440.0533280297111,395.03687053249814,394.59569883184474,0.441171700653399,176.5380069319191,176.5380069319191,176.5380069319191,180.07216769377374,176.13304632579505,91.9568513403024,0.5727425651161044,50901.70444346761,56940.5,-6038.795556532386,57400.0,0.0,0.5727425651161044,3.8406647349213223,3.84060565253327,3.8406647349213223,3.84060565253327,97.8700901308228,76.7721327527857,212.71337726143503,0.946592285342921,448.87708759593966,479.3577751254786,0.1199442309514943,0.0819939701311385,0.5263542901062858,0.45121856325288306,0.5614337455919658,0.58782606426833
294,14.7,453.61640667639625,264.45320385358855,822.6402878788966,260.8404098039414,0.9892531608350486,403.988237513404,370.78240858054585,370.78240858054585,392.36125233678064,432.04944231359394,61.267033733048095,0.16523716421066112,181.0,181.0,182.0,180.28400773844572,180.04151921549052,167.00654454556556,178.0332315417204,96.0,0.5346534653465347,51212.611421360656,52975.26395705096,52512.0,-1299.388578639344,52954.0,54416.0,1462.0,0.026867097912378714,2,0,1.3333333333333333,0.9485224022878932,79.37215183904559,9.367327761422619,0.5346534653465347,8.0,4.0,8.0,4.0,96.0,80.0,216.0,0.9504950495049505,0,0,37.349939785407955,0.024170064065230035,125,370.78240858054585,51212.611421360656,1.4540056714068736,0.9860198056917381,0.10073277189280232,448.18177346454405,459.9827341081959,0.1726963688989046,0.12173173565601936,47.620041753653446,439.1128807958588,393.94155364582656,393.5048951890218,0.4366584568047642,177.68849777560175,177.68849777560175,177.68849777560175,180.38014342330823,177.28089805806198,91.70255839757456,0.5727431107930372,51091.474282712545,57263.0,-6171.525717287455,57721.0,0.0,0.5727431107930372,3.829975832018679,3.829917353339624,3.829975832018679,3.829917353339624,97.5982065307992,76.55877540173327,212.1246785279358,0.9465923576402896,448.87708759593966,479.3577751254786,0.1223843574737406,0.0839558601486857,0.5666011620562951,0.4683338824028199,0.5714290952559966,0.5931437008882874
295,14.75,453.7090434321331,264.38004691498634,822.6402878788966,260.8404098039414,0.9893977667948014,403.9839770842385,370.9562782165602,370.9562782165602,392.3644224743084,432.09690030368296,61.14062208712278,0.16481894411133152,181.0,181.0,180.0,180.4915487771193,180.04623388820912,168.03533908708448,179.14512380780312,96.0,0.5247524752475248,51508.24513648546,53222.46317243621,52739.5,-1231.254863514543,53182.0,54630.0,1448.0,0.026505583012996523,2,0,1.3703703703703705,0.9426934097421203,82.97324293999064,9.548094726618038,0.5247524752475248,8.0,4.0,8.0,4.0,96.0,80.0,216.0,0.9504950495049505,0,0,37.31753843995681,0.00990099009900991,125,370.9562782165602,51508.24513648546,0.11804027354720341,0.0,0.10059821232671319,448.18177346454405,459.9827341081959,0.17230842443907024,0.12174099780620362,47.71398747390397,437.1254592734836,392.8541311636407,392.4219411944176,0.4321899692230886,178.83070945032247,178.83070945032247,178.83070945032247,182.1941191858399,178.42048961295606,91.45009574075168,0.5727436535133442,51278.061278534806,57502.0,-6223.938721465194,57958.0,0.0,0.5727436535133442,3.819364116407545,3.819306235461852,3.819364116407545,3.819306235461852,97.3282844384708,76.34695763062524,211.54021874267528,0.9465924295446658,448.87708759593966,479.3577751254786,0.124806896988978,0.0881018688826734,0.5666439982011074,0.46711808974162927,0.5714290952559966,0.6087553824370611
296,14.8,465.7989949677392,257.1174853110431,824.6402878788966,260.84040980394144,0.9898363825401747,403.9847947200625,359.23804813360476,359.23804813360476,392.362491184372,435.2389278310712,76.00087969746642,0.21156133124629609,183.0,183.0,182.0,182.35588197123334,182.04545679566246,168.53485185373697,180.04558898629944,88.0,0.5544554455445545,50922.8309269071,53470.69946344713,52989.0,-2066.1690730928967,53430.0,54823.0,1393.0,0.02540904364956314,2,0,1.3703703703703705,0.947119924457035,80.2745094459113,9.238034063128982,0.5544554455445545,8.0,8.0,8.0,8.0,100.0,76.0,212.0,0.9405940594059405,0,0,38.499899188380766,0.02970297029702973,121,359.23804813360476,50922.8309269071,14.103606956533302,2.0,0.10717099535643343,448.18177346454405,459.9827341081959,0.1984545793627096,0.12173922027030204,47.80793319415449,437.13330715247594,391.77570383973017,391.34793326155506,0.4277705781751137,179.96348554838235,179.96348554838235,179.96348554838235,182.5345115398314,179.55066723546247,91.19971896511032,0.5727441926961918,51461.318666670326,57782.0,-6320.681333329674,58239.0,0.0,0.5727441926961918,3.8088403276888663,3.8087830379204206,3.8088403276888663,3.8087830379204206,97.06059705619546,76.13689382673886,210.96058959118656,0.9465925009791196,448.87708759593966,479.3577751254786,0.1272093972584534,0.0880854972300174,0.5666357773470105,0.5490584357594144,0.5914197945840584,0.577841113372025
297,14.85,467.4160595737414,257.17605515776484,835.9465586275187,248.10109899253007,0.9890434877503137,399.9803935520948,373.05263923809673,373.05263923809673,387.4970150026256,431.7044556600996,58.65181642200287,0.15722128797102275,184.0,184.0,184.0,183.41740714745995,183.0614838046398,170.02439949563177,182.0615645996295,96.0,0.53,52184.70404944981,53509.99067105387,53036.0,-851.2959505501931,53475.0,54981.0,1506.0,0.027391280624215638,2,0,1.3703703703703705,0.9385474860335196,79.76325803545878,9.53937258110148,0.53,8.0,4.0,8.0,4.0,96.0,76.0,216.0,0.94,0,0,36.96127428751976,0.024455445544554477,126,373.05263923809673,52184.70404944981,1.6181249540533225,17.032962108537955,0.09907790590359457,448.18177346454405,459.9827341081959,0.16763094501965692,0.13044476695942142,47.90187891440501,436.12602168743024,390.7073346338397,390.2839302150803,0.4234044187593895,181.0857093077649,181.0857093077649,181.0857093077649,184.31528742470744,180.67031672530553,90.9516749016635,0.5727447277761644,51641.112932118136,58082.0,-6440.887067881864,58538.0,0.0,0.5727447277761644,3.798414836043694,3.7983581303425353,3.798414836043694,3.7983581303425353,96.79540819715172,75.92879100805072,210.38636246225104,0.9465925718687676,448.87708759593966,479.3577751254786,0.1295894902402813,0.0901868201193395,0.6068977091045406,0.45245917399523533,0.6014151442480892,0.644477495950301
298,14.9,468.4058359715339,256.66949817366736,835.2711934737999,248.6445197325386,0.9892422842023234,399.97560974283,371.25148516687585,371.25148516687585,387.5203776989849,432.0199440653729,60.768458898497045,0.16368542975978104,185.0,185.0,184.0,184.42473259561996,184.0653554566893,170.05287069495688,183.02398439487283,92.0,0.55,52314.17778398702,53702.59099064044,53255.5,-941.3222160129808,53695.0,55179.0,1484.0,0.02689428949419163,2,0,1.3703703703703705,0.9293023255813954,86.412594132473,9.591779086212359,0.55,8.0,4.0,8.0,4.0,100.0,76.0,212.0,0.9299999999999999,0,0,38.91377151347098,0.020000000000000018,125,371.25148516687585,52314.17778398702,1.1118710787519717,0.8668472711666073,0.10481782044852807,448.18177346454405,459.9827341081959,0.1716497476079406,0.13045516693513814,47.995824634655534,436.0800937475227,389.6500448115676,389.23094940431207,0.4190954072554973,182.1963077112494,182.1963077112494,182.1963077112494,184.6335564819748,181.77836752665917,90.7062007112,0.5727452582055677,51817.32398982776,58336.5,-6519.176010172239,58792.0,0.0,0.5727452582055677,3.7880976042018943,3.788041474934232,3.7880976042018943,3.788041474934232,96.53297131762372,75.72284806389462,209.8180863509131,0.946592642141077,448.87708759593966,479.3577751254786,0.1319449007780183,0.0902826315201154,0.6069458075327656,0.4650538394679548,0.61141049391212,0.6513146819988278
299,14.95,467.40654957597184,256.71034825291105,836.7375852454732,249.26049098861898,0.9895649660355543,399.989049133786,373.4155789691756,373.4155789691756,387.4928665560898,431.68932365457937,58.273744685403756,0.1560560082851125,186.0,186.0,186.0,185.48353000736552,185.06562997914926,170.0531553857623,183.06582403348978,92.0,0.55,52632.866527531645,53930.236710214565,53469.5,-836.6334724683547,53908.0,55352.0,1444.0,0.026087584911114323,2,0,1.3703703703703705,0.9502304147465438,82.15140217533066,9.421036841364032,0.55,8.0,8.0,8.0,8.0,96.0,76.0,212.0,0.95,0,0,36.90543056049752,0.0,126,373.4155789691756,52632.866527531645,1.0001210073434466,1.5905110550851707,0.0988320590757783,448.18177346454405,459.9827341081959,0.1668211402650519,0.13042594977118938,48.08977035490605,435.1336011059182,388.6048104026787,388.18996317334074,0.4148472293379655,183.29425520946137,183.29425520946137,183.29425520946137,186.59039495111577,182.87379644265707,90.463523061459,0.572745783456565,51989.84526113124,58657.0,-6667.154738868761,59112.0,0.0,0.572745783456565,3.777898152914019,3.777842591952151,3.777898152914019,3.777842591952151,96.27352863831116,75.51925506549401,209.25628595400735,0.9465927117261544,448.87708759593966,479.3577751254786,0.1342734544907659,0.0922571330109,0.6068106822496491,0.4499212986558987,0.6214058435761509,0.6681438422835307
300,15.0,470.21818364929413,256.66062242310085,823.6065216570531,260.70052606065417,0.9899562296233586,399.9865990117689,353.791957207497,353.791957207497,387.5030983175165,431.6585037577867,77.86654655028974,0.2200913417164581,188.0,188.0,188.0,187.25732741110193,186.06774658263234,171.02556947998343,185.0240790523083,88.0,0.56,51491.998530838355,54176.85228508663,53685.5,-2193.501469161645,54123.0,55517.0,1394.0,0.025109425941603473,2,0,1.3703703703703705,0.9405306495882891,81.83243929383178,8.98153067339001,0.56,8.0,8.0,8.0,8.0,96.0,76.0,212.0,0.95,0,0,38.9037563035565,0.010000000000000009,119,353.791957207497,51491.998530838355,2.812073757997332,17.415488319668945,0.10996224055127309,448.18177346454405,459.9827341081959,0.21060610191126905,0.1304312763233303,48.183716075156575,434.0824408718056,387.57255904001346,387.16189570982704,0.4106633301864235,184.3785770445044,184.3785770445044,184.3785770445044,186.69286927920888,183.9556309514003,90.22385739259455,0.5727463030231469,52158.583649970395,58798.5,-6639.916350029605,59253.0,0.0,0.5727463030231469,3.767825530140879,3.767770528896051,3.767825530140879,3.767770528896051,96.01731036016854,75.3181926506777,208.7014599701303,0.9465927805569984,448.87708759593966,479.3577751254786,0.1365730848153915,0.0944499841310001,0.606835316805807,0.5871405157126562,0.6413965429042126,0.6078974395819845
301,15.05,472.2902207873754,256.00407428824855,818.5970647554808,261.5674573573408,0.9890843109426369,395.9812250628776,346.69636182190413,346.69636182190413,383.9606391402179,431.65826770401907,84.96190588211493,0.24506142907193057,188.0,188.0,188.0,187.58473742290857,187.07212042366928,173.04187829807046,185.16916036956843,92.0,0.5353535353535354,51169.89295089045,54207.678827158874,53708.5,-2538.6070491095525,54144.0,55663.0,1519.0,0.02728922264340765,2,0,1.4814814814814814,0.9277003484320557,85.07448455102288,9.37943233861315,0.5353535353535354,8.0,4.0,8.0,4.0,96.0,76.0,212.0,0.9393939393939394,0,0,43.96624904223627,0.024646464646464694,117,346.69636182190413,51169.89295089045,2.1735669658342847,5.083918599061684,0.12681485554446478,448.18177346454405,459.9827341081959,0.22643806074070183,0.1391389378329666,48.2776617954071,433.1307451484465,386.5541671958906,386.14762028935576,0.4065469065348566,185.4483521563916,185.4483521563916,185.4483521563916,188.53050993367785,185.0229521057219,89.98740727486407,0.5727468164228933,52323.459424115106,59112.5,-6789.040575884894,59567.0,0.0,0.5727468164228933,3.75788828412593,3.7578338335815142,3.75788828412593,3.7578338335815142,95.76453397895465,75.119831486071,208.1540796131575,0.9465928485697424,448.87708759593966,479.3577751254786,0.1388418391632176,0.0964353398981199,0.6471070293114484,0.6367568431769349,0.6413965429042126,0.5908878446610974
302,15.1,471.15316509854813,256.04489061477915,818.5970647554808,261.5674573573408,0.9893442182716581,395.98156893945713,347.8284131531157,347.8284131531157,383.9232742586554,428.2393905846438,80.41097743152807,0.23118001402642968,189.0,189.0,190.0,188.58182903821347,188.07175414505187,173.54171665046613,187.02884362326802,92.0,0.5353535353535354,51485.450770172145,54410.57603849232,53933.5,-2448.049229827855,54369.0,55857.0,1488.0,0.02663945432085504,2,0,1.4074074074074074,0.9429864253393665,83.84903353052795,9.202451997579358,0.5353535353535354,8.0,4.0,8.0,4.0,96.0,76.0,212.0,0.9393939393939394,0,0,41.48632276278176,0.0,117,347.8284131531157,51485.450770172145,1.1377880347436953,0.0,0.11927238027135893,448.18177346454405,459.9827341081959,0.2239121853074807,0.13913819024712482,48.371607515657615,432.1933551111232,385.5504578275018,385.1479569268689,0.4025009006329014,186.50271566012165,186.50271566012165,186.50271566012165,190.0236506694754,186.0748970045806,89.7543638612209,0.5727473231985537,52484.40600754768,59368.5,-6884.093992452319,59822.0,0.0,0.5727473231985537,3.74809444046128,3.74804053120613,3.74809444046128,3.74804053120613,95.51540370134538,74.92433180898769,207.61458734550135,0.9465929157038494,448.87708759593966,479.3577751254786,0.1410778841655687,0.09839085222308,0.6471035718318412,0.6288409141387864,0.6513918925682435,0.6075516686189693
303,15.15,472.4273407543258,256.01731690076366,835.6912169636838,249.2978511679455,0.9896641564652557,395.9781694875155,367.40977915179934,367.40977915179934,383.9214121532701,428.46540484670766,61.055625694908315,0.16617855364617967,191.0,191.0,192.0,190.3576312808308,190.04113982599452,174.03418570684482,187.1707717553745,84.0,0.5454545454545454,53190.6317143737,54665.85524135888,54155.0,-964.3682856262967,54590.0,56038.0,1448.0,0.025839608836860702,2,0,1.4444444444444444,0.9429081177520071,83.02880029365755,9.12816034701385,0.5454545454545454,8.0,8.0,8.0,8.0,96.0,76.0,208.0,0.9494949494949495,0,0,39.94653007584983,0.010101010101010055,124,367.40977915179934,53190.6317143737,1.2744739744228328,21.041703252352438,0.10872473282575716,448.18177346454405,459.9827341081959,0.1802215063061564,0.13914558063743632,48.465553235908146,431.19647198643554,384.5621984375437,384.1636704414189,0.3985279961248693,187.5408608868213,187.5408608868213,187.5408608868213,190.56711196007925,187.11066082952115,89.5249054362703,0.5727478229193899,52641.3696910131,59637.0,-6995.630308986903,60090.0,0.0,0.5727478229193899,3.7384514832090865,3.738398105473152,3.7384514832090865,3.738398105473152,95.27010996414248,74.7318430502362,207.0833958344828,0.9465929819023076,448.87708759593966,479.3577751254786,0.1432795099942582,0.1004704745353012,0.6471377513499128,0.491917172748281,0.6713825918963051,0.6975980351934785
304,15.2,474.19089495005835,255.65933169733304,815.5970647554808,261.5674573573408,0.9888360833733825,391.97612269615655,341.8393542214553,341.8393542214553,380.3356445872878,428.29567260000283,86.45631837854751,0.25291505296531225,191.5,191.5,192.0,190.6275989925736,190.0752584187095,176.0514531182278,189.1719403685176,92.0,0.5306122448979592,51504.23832437883,54665.67814916714,54179.5,-2675.261675621172,54613.0,56181.0,1568.0,0.02790979156654385,2,0,1.4814814814814814,0.9464912280701754,83.41954375780986,9.359218810762306,0.5306122448979592,8.0,4.0,8.0,4.0,96.0,76.0,208.0,0.9387755102040817,0,0,44.53809642181532,0.014842300556586197,115,341.8393542214553,51504.23832437883,1.7995212716611746,23.54396289942025,0.13028955230520944,448.18177346454405,459.9827341081959,0.2372751984558371,0.1478460089244198,48.55949895615866,431.1410518201574,383.5900995511018,383.1954689353402,0.3946306157615709,188.5620409877899,188.5620409877899,188.5620409877899,192.12444197655947,188.1294984450396,89.29919706183978,0.5727483151823283,52794.30926836973,59864.5,-7070.190731630268,60317.0,0.0,0.5727483151823283,3.7289663400862416,3.7289134837742495,3.7289663400862416,3.7289134837742495,95.02882905683354,74.54250353802621,206.5608871323815,0.9465930471117644,448.87708759593966,479.3577751254786,0.1454451337547584,0.1005860879020891,0.6873760112158478,0.6707197266989671,0.6763802667283205,0.6085437926506658
305,15.25,471.78690902021964,255.66749622276242,812.5941640284659,261.6694981736673,0.9890160995438166,391.97485491292264,341.1975107056124,341.1975107056124,380.33698268143377,426.75549683465255,85.55798612904016,0.25075794355035663,193.0,193.0,194.0,192.37356385071433,192.02834625825398,177.53407751583634,190.06019608732797,84.0,0.5510204081632653,51634.07909042656,54856.920492714176,54357.0,-2722.9209095734404,54790.0,56337.0,1547.0,0.027459751140458313,2,0,1.4444444444444444,0.9422735346358793,84.27882135076187,9.338692546957478,0.5510204081632653,8.0,4.0,8.0,4.0,96.0,76.0,208.0,0.9387755102040817,0,0,47.03742368092737,0.020408163265306034,115,341.1975107056124,51634.07909042656,2.4039997941634645,3.004633938519488,0.13785980906968454,448.18177346454405,459.9827341081959,0.2387073038064884,0.1478487650783793,48.65344467640919,431.1088589189552,382.6348136049476,382.2440026840396,0.3908109209079953,189.56557010546044,189.56557010546044,189.56557010546044,192.6336447717728,189.13072556685768,89.0773903182735,0.572748799612873,52943.19560685467,60141.5,-7198.3043931453285,60594.0,0.0,0.572748799612873,3.719645371674112,3.719593026401526,3.719645371674112,3.719593026401526,94.79172284653096,74.35644028222407,206.0474120781169,0.9465931112826602,448.87708759593966,479.3577751254786,0.1475733019606038,0.1006532463020831,0.6873887580411298,0.6752078515612652,0.6913732912243669,0.6154003607208208
306,15.3,477.1954853871785,255.65954882001174,812.5941640284659,261.6694981736673,0.989402659960685,391.96860691961933,335.8086036747691,335.8086036747691,380.31910252858995,426.73841370208504,90.92981002731597,0.2707786787838872,193.0,193.0,194.0,192.6411306074637,192.09748481658326,178.05307901061178,190.29592648870155,92.0,0.5408163265306123,51433.96881293653,55045.84969182683,54538.5,-3104.5311870634687,54971.0,56467.0,1496.0,0.026493350098287495,2,0,1.5185185185185186,0.9367965367965368,84.75913849453428,9.287472145938567,0.5408163265306123,8.0,8.0,8.0,8.0,92.0,72.0,212.0,0.9489795918367347,0,0,47.98735254680529,0.010204081632652962,113,335.8086036747691,51433.96881293653,5.408582205942374,0.0,0.14290090254292914,448.18177346454405,459.9827341081959,0.25073123550095655,0.14786234818235267,48.74739039665971,431.10997038602613,381.6969342407583,381.3098634280189,0.3870708127394664,190.55082412011475,190.55082412011475,190.55082412011475,194.13007652728527,190.1137195069258,88.85962313950179,0.572749275865812,53088.01115966943,60377.5,-7289.488840330567,60830.0,0.0,0.572749275865812,3.710494364571609,3.710442519699029,3.710494364571609,3.710442519699029,94.5589386031817,74.17376883729156,205.54328991601443,0.9465931743693164,448.87708759593966,479.3577751254786,0.1496626921079431,0.1006509276433931,0.687451577990842,0.7128900700907728,0.6913732912243669,0.6048330344417724
307,15.35,463.343921682488,263.6738366740101,816.594164028466,261.6694981736673,0.9896629689818413,391.96917800012375,355.42698429394125,355.42698429394125,380.3127618144468,426.7439140213664,71.31692972742513,0.2006514217514937,194.5,194.5,194.0,193.65612278998714,193.09694561265803,177.54372064343193,192.06356870772842,88.0,0.5714285714285714,53227.663943107,55193.59052103693,54717.5,-1489.8360568930002,55149.0,56612.0,1463.0,0.025842577545396737,2,0,1.5185185185185186,0.9500423370025403,84.05488070562167,9.107682709797968,0.5714285714285714,8.0,8.0,8.0,8.0,92.0,72.0,212.0,0.9489795918367347,0,0,44.03581993693409,0.030612244897959107,120,355.42698429394125,53227.663943107,16.0029568165338,4.000000000000114,0.12389554502850036,448.18177346454405,459.9827341081959,0.20695796808867928,0.14786110665639507,48.84133611691023,429.2049292033598,380.77699598957184,380.3935840545372,0.3834119350346441,191.51724098564085,191.51724098564085,191.51724098564085,194.63670405518263,191.0779195084098,88.64601973894366,0.5727497436257045,53228.74942943349,60560.5,-7331.75057056651,61012.0,0.0,0.5727497436257045,3.701518528365028,3.7014671730324262,3.701518528365028,3.7014671730324262,94.33060892188752,73.9945932414318,205.04880812485504,0.946593236329998,448.87708759593966,479.3577751254786,0.1517121133785038,0.1046250807322163,0.687445836107516,0.5757075020012626,0.7063663157204132,0.6995536151305689
308,15.4,475.79228597448343,254.99999999999991,819.5970647554808,261.5674573573408,0.9899571858977747,391.9839426431289,344.2027684322015,344.2027684322015,380.33727891190966,426.7242029108341,82.52143447863261,0.23974657395844587,195.5,195.5,196.0,195.35299624539968,194.19570702603426,179.0342144277567,192.19608749078236,88.0,0.5612244897959183,52440.74539852206,55441.54315310173,54900.0,-2459.2546014779364,55332.0,56757.0,1425.0,0.025107035255563192,2,0,1.4814814814814814,0.9490333919156415,83.1433751511515,9.058894617441625,0.5612244897959183,8.0,8.0,8.0,8.0,92.0,76.0,208.0,0.9591836734693877,0,0,41.29574743822788,0.010204081632653073,116,344.2027684322015,52440.74539852206,15.172251520246807,3.0046339385193748,0.11997505896400716,448.18177346454405,459.9827341081959,0.23200185993411093,0.1478290084015904,48.93528183716075,428.1721465888507,379.87547433100355,379.4956386525529,0.3798356784506609,192.4643206715854,192.4643206715854,192.4643206715854,195.27499506496932,192.02282668787635,88.43669062242594,0.5727502026071555,53365.41439103437,60744.0,-7378.58560896563,61195.0,0.0,0.5727502026071555,3.6927224962545577,3.692671619415648,3.6927224962545577,3.692671619415648,94.1068517382398,73.81900602872531,204.56422244836824,0.9465932971269538,448.87708759593966,479.3577751254786,0.1537205065076711,0.1067795938497697,0.6872973861835042,0.6541934273482166,0.716361665384444,0.6579984030746696
309,15.45,465.3237080925276,262.6901233104048,812.5714285714284,261.99999999999994,0.9890404217926186,387.9795512472384,349.3450415315642,349.3450415315642,375.46342982182927,423.20237784375837,73.85733631219415,0.2114165868460479,196.0,196.0,196.0,195.67908774227837,195.10276920267157,180.06478131825583,193.25375179777203,88.0,0.5360824742268041,53166.94982447268,55404.911318560895,54910.5,-1743.5501755273217,55341.0,56900.0,1559.0,0.027398945518453427,2,0,1.5555555555555556,0.9333333333333333,84.75764359443714,9.419815850217518,0.5360824742268041,8.0,4.0,8.0,4.0,92.0,76.0,208.0,0.9484536082474226,0,0,46.39897843826628,0.025142015569114218,118,349.3450415315642,53166.94982447268,12.989577337227201,7.038938622291315,0.1328170516886355,448.18177346454405,459.9827341081959,0.22052822712746678,0.15653453384626625,49.029227557411275,428.1703309623018,378.9927861074347,378.61644292128307,0.3763431861516437,193.39162473223857,193.39162473223857,193.39162473223857,197.26993566679607,192.94800360536647,88.23173268354006,0.5727506525548894,53498.0198822496,61032.5,-7534.480117750398,61483.0,0.0,0.5727506525548894,3.684110329144225,3.6840599195988943,3.684110329144225,3.6840599195988943,93.88777043174926,73.64708831039582,204.0897571165465,0.9465933567264232,448.87708759593966,479.3577751254786,0.1556869428617658,0.1067833814728003,0.7275592196884645,0.6182358096792638,0.7213593402164594,0.6963474534611079
310,15.5,476.25541135020234,254.99999999999991,814.5970647554809,261.5674573573408,0.9892983624951787,387.97827052603924,338.75490440143415,338.75490440143415,375.45825392867994,423.29860396634535,84.54369956491121,0.24957188358437618,197.5,197.5,198.0,197.26978421061165,196.10330485586707,181.08572452330463,194.29952825126134,88.0,0.5670103092783505,52444.26379277431,55600.02181442272,55082.5,-2638.2362072256874,55512.0,57038.0,1526.0,0.026754093762053368,2,0,1.4814814814814814,0.9507908611599297,84.08852311998976,9.374315649046052,0.5670103092783505,8.0,4.0,8.0,4.0,96.0,76.0,204.0,0.9381443298969072,0,0,43.53374698314782,0.030927835051546393,114,338.75490440143415,52444.26379277431,13.365632519379249,2.071302751376829,0.12851104564838742,448.18177346454405,459.9827341081959,0.24415733870035827,0.156537318127293,49.12317327766179,426.2492652999563,378.1292902705802,377.7563549099228,0.3729353606573795,194.29877552643785,194.29877552643785,194.29877552643785,196.9311977781595,193.8530734859889,88.03122937619204,0.572751093243638,53626.58897023914,61180.5,-7553.911029760857,61630.0,0.0,0.572751093243638,3.675685522972526,3.675635569399787,3.675685522972526,3.675635569399787,93.67345401175923,73.47890992079681,203.62560524565183,0.9465934150986176,448.87708759593966,479.3577751254786,0.1576106227748556,0.1107909636213169,0.7275720965974851,0.6922879058299307,0.7363523647125058,0.6581842007283842
311,15.55,466.29415455695784,262.7139353937084,813.594164028466,261.6694981736673,0.9895797613632388,387.97680238676946,349.5079335796581,349.5079335796581,375.4642234343573,423.3867015585668,73.87876797890874,0.21137937334424103,198.0,198.0,198.0,197.58972540213318,197.10390606335284,182.04388492221312,195.05365808464023,88.0,0.5463917525773195,53541.54491451881,55758.81142627598,55240.0,-1698.4550854811896,55669.0,57158.0,1489.0,0.026050596591903147,2,0,1.5555555555555556,0.945054945054945,84.76338922482957,9.251866811784678,0.5463917525773195,8.0,8.0,8.0,8.0,92.0,72.0,208.0,0.9484536082474226,0,0,44.663889344075905,0.020618556701030966,118,349.5079335796581,53541.54491451881,12.598866463268376,1.0080784674039884,0.1277907739793733,448.18177346454405,459.9827341081959,0.2201647762739556,0.1565405098542012,49.21711899791232,426.25793987324295,377.28528893557245,376.91567606378334,0.3696128717891156,195.18545511418833,195.18545511418833,195.18545511418833,198.5497688270578,194.73771911907127,87.83525095858425,0.5727515244778326,53751.15330162806,61449.5,-7698.346698371941,61899.0,0.0,0.5727515244778326,3.667451019043078,3.6674015100315382,3.667451019043078,3.6674015100315382,93.4639773796599,73.31452962327637,203.17192940356156,0.9465934722176884,448.87708759593966,479.3577751254786,0.1594908732004853,0.1107728673814376,0.7275868578865295,0.6170967783844465,0.7413500395445212,0.7161288889210846
312,15.6,478.40349596128544,254.31868344958073,833.1175314481151,248.7747252677188,0.9898067826785122,387.9717408114487,359.2134241001434,359.2134241001434,375.47727627468487,423.20877590430695,63.99535180416353,0.1781541209504536,199.0,199.0,200.0,198.59163985802883,198.0874914530678,182.0660133760165,195.48040217545685,88.0,0.5360824742268041,54441.87984248066,55900.44940809747,55404.5,-962.6201575193409,55833.0,57293.0,1460.0,0.025483043303719477,2,0,1.5185185185185186,0.9468641114982579,83.40223844002332,9.249059937616192,0.5360824742268041,8.0,8.0,8.0,8.0,92.0,72.0,208.0,0.9484536082474226,0,0,41.99180302021567,0.010309278350515427,121,359.2134241001434,54441.87984248066,14.734870357486786,23.397372581095464,0.11689931445465405,448.18177346454405,459.9827341081959,0.19850952143068124,0.15655151369183573,49.31106471816284,426.22056036992046,376.461028715884,376.09465255033217,0.3663761655517987,196.05140385806217,196.05140385806217,196.05140385806217,198.9189143681128,195.60168146276828,87.64385480244164,0.5727519460911403,53871.75244342447,61643.0,-7771.24755657553,62092.0,0.0,0.5727519460911403,3.659409217092179,3.6593601411705095,3.659409217092179,3.6593601411705095,93.25940166078396,73.15399537071039,202.72886232612697,0.9465935280616552,448.87708759593966,479.3577751254786,0.161327144737763,0.110850845679198,0.7276377490913821,0.5492306206207709,0.751345389208552,0.7636733382293945
313,15.65,481.41115589842406,254.64920443592263,829.3397085256757,247.5875057247958,0.988924899808329,383.9703449966433,352.88116933360965,352.88116933360965,371.8569067398765,423.1507155316373,70.26954619802763,0.1991309038414448,200.0,200.0,200.0,199.42195389009896,198.1073490507012,184.08840020844931,197.10760197915184,88.0,0.5729166666666666,54315.28840126296,55885.35937343913,55373.5,-1058.2115987370416,55801.0,57390.0,1589.0,0.027687750479177556,2,0,1.5555555555555556,0.9445378151260504,86.33981604324119,9.485586592357127,0.5729166666666666,8.0,4.0,8.0,4.0,92.0,72.0,208.0,0.9375,0,0,44.96531929810714,0.03683419243986252,119,352.88116933360965,54315.28840126296,3.025766418592331,3.959979327775124,0.12742340256642445,448.18177346454405,459.9827341081959,0.21263828601114165,0.16525052675927876,49.40501043841336,425.20194617919697,375.6567023111898,375.2934768373555,0.3632254738342908,196.89641875868233,196.89641875868233,196.89641875868233,200.33848824798068,196.44475798336316,87.45708576100927,0.572752357945839,53988.43322148804,61826.5,-7838.066778511959,62275.0,0.0,0.572752357945839,3.6515619908229446,3.6515133364879944,3.6515619908229446,3.6515133364879944,93.05977459904796,72.99734461527567,202.29650776955523,0.9465935826123296,448.87708759593966,479.3577751254786,0.1631190080939479,0.112975801700735,0.7678694637655453,0.593509248277797,0.7613407388725828,0.756988358925675
314,15.7,482.3684554572526,254.6115116717941,813.5982037397174,261.5834840817699,0.9891982124537029,383.9699266752761,331.65095335481874,331.65095335481874,371.86453805495796,420.0533561086268,88.40240275380808,0.2665525362118596,201.0,201.0,202.0,200.49061312589595,200.0664128033066,185.08828282092463,197.50768967742042,88.0,0.5625,52592.31615321191,56054.19765336512,55529.5,-2937.183846788088,55956.0,57509.0,1553.0,0.027004468865742752,2,0,1.5555555555555556,0.948780487804878,85.61458970850245,9.176968960338497,0.5625,8.0,8.0,8.0,8.0,92.0,72.0,204.0,0.9479166666666666,0,0,44.90117580427405,0.01041666666666663,112,331.65095335481874,52592.31615321191,0.9580413299022976,21.063769441750843,0.1353868437587039,448.18177346454405,459.9827341081959,0.26000794099437896,0.16525143618769023,49.49895615866389,425.16200784882426,374.87245031944656,374.51228949467566,0.3601608247709009,197.7203515544186,197.7203515544186,197.7203515544186,200.84361027410853,197.26680075932316,87.27497658915527,0.5727527599320567,54101.249062668154,62009.0,-7907.750937331846,62458.0,0.0,0.5727527599320567,3.643910705623746,3.6438624613682578,3.643910705623746,3.6438624613682578,92.86513100721206,72.84460466185726,201.87494148338524,0.9465936358552094,448.87708759593966,479.3577751254786,0.1648661500475359,0.1130591180303017,0.7678736697443251,0.7419626606975416,0.7713360885366137,0.666002477824149
315,15.75,481.78475335075285,254.51853831391927,813.5970647554809,261.5674573573408,0.9894188710685274,383.96253471063653,332.2429867398575,332.2429867398575,371.88632185744996,419.98397508622617,87.74098834636868,0.26408680347877106,201.5,201.5,202.0,200.77680760237246,200.13379718306092,186.04250708978623,198.2771512211483,88.0,0.53125,52745.144622654494,56177.51250033821,55662.0,-2916.855377345506,56088.0,57612.0,1524.0,0.026452822328681524,2,0,1.5555555555555556,0.9431913116123642,85.96160692621854,9.037201643504822,0.53125,8.0,8.0,8.0,8.0,92.0,72.0,204.0,0.9479166666666666,0,0,44.39559622460918,0.03125,112,332.2429867398575,52745.144622654494,0.5910602290856303,0.016067146013424807,0.13362387769337755,448.18177346454405,459.9827341081959,0.2586869738777062,0.1652675062792207,49.5929018789144,425.1631730055105,374.1083632441747,373.7511811905264,0.3571820536483301,198.52310661577255,198.52310661577255,198.52310661577255,202.0843215702814,198.06771438051436,87.09754840885043,0.5727531519668801,54210.25934611431,62237.0,-8026.740653885688,62685.0,0.0,0.5727531519668801,3.636456238188575,3.636408392527074,3.636456238188575,3.636408392527074,92.67549326554978,72.69579305944251,201.4642122884668,0.946593687779366,448.87708759593966,479.3577751254786,0.1665683689764727,0.1130566873683898,0.7679479916624818,0.7378228358194897,0.7763337633686291,0.6740729693630347
316,15.8,481.32429995417914,253.99999999999994,815.5970647554808,261.5674573573408,0.9897098310957124,383.9842019151638,334.7280847403615,334.7280847403615,371.89513834317034,419.64089347692357,84.91280873656206,0.25367697724684907,203.0,203.0,203.968994140625,202.25565390456313,201.13481653082397,186.0423142867657,199.09664164589557,88.0,0.5729166666666666,53120.252118235,56353.91216781586,55814.5,-2694.247881764997,56240.0,57725.0,1485.0,0.025725422260718927,2,0,1.5555555555555556,0.9480940794809408,83.31473018320612,9.152633029888662,0.5729166666666666,8.0,8.0,8.0,8.0,92.0,72.0,204.0,0.9479166666666666,0,0,42.93006593858537,0.04166666666666663,113,334.7280847403615,53120.252118235,0.6934690428696593,1.9999999999998863,0.128253552347975,448.18177346454405,459.9827341081959,0.2531421299156378,0.16522040189264142,49.68684759916493,423.25797360283576,373.3644836679984,373.0101948537828,0.3542888142155789,199.3046386648339,199.3046386648339,199.3046386648339,202.6908070005252,198.84745367288951,86.92481121330047,0.57275353399336,54315.52876861619,62382.0,-8066.47123138381,62829.0,0.0,0.57275353399336,3.6291989977568697,3.6291515392495626,3.6291989977568697,3.6291515392495626,92.49087186174408,72.55091802485606,201.06434324439184,0.9465937383773056,448.87708759593966,479.3577751254786,0.1682255700159829,0.1170311705238492,0.7677301404848748,0.72044565610823,0.7913267878646754,0.693881463685439
317,15.85,483.2250685459138,254.11724822287843,815.5982037397174,261.5834840817699,0.989857654323123,383.9820751864925,332.8328205069801,332.8328205069801,371.9001789267519,419.94117762118435,87.10835711420424,0.2617180510669542,203.0,203.0,204.0,202.60354019405082,202.09634008055846,186.06672059795102,199.33165881608733,88.0,0.5520833333333334,53113.57304960049,56455.43886494113,55925.0,-2811.426950399509,56351.0,57817.0,1466.0,0.025355864192192608,2,0,1.5925925925925926,0.9368334700574241,85.78095685994742,9.09599676287341,0.5520833333333334,8.0,8.0,8.0,8.0,92.0,72.0,204.0,0.9479166666666666,0,0,44.83277898900004,0.02083333333333326,112,332.8328205069801,53113.57304960049,1.9043813654552446,0.016067146013432867,0.13470059509368554,448.18177346454405,459.9827341081959,0.25737091463111283,0.16522502538938066,49.78079331941545,423.1907366909392,372.64080856399255,372.2893279737132,0.3514805902793227,200.06495034969004,200.06495034969004,200.06495034969004,203.03009887994483,199.6060212784616,86.75676440313296,0.5727539059794208,54417.12672818645,62588.0,-8170.873271813551,63036.0,0.0,0.5727539059794208,3.62213894869414,3.622091865969822,3.62213894869414,3.622091865969822,92.3112659649456,72.40997889329935,200.67533289108363,0.9465937876448308,448.87708759593966,479.3577751254786,0.1698377599093937,0.1171714350932077,0.7677515235084625,0.7336983918865018,0.7913267878646754,0.6935287586750501
318,15.9,482.39634991618647,254.52520524419037,828.9833478116938,247.07573821409957,0.9889163199419919,379.98205272900225,351.787375466758,351.787375466758,368.25816966123165,416.45836968649894,64.67099421974092,0.18383546064987194,204.5,204.5,204.0,203.53371135894773,203.07398677666146,187.09135269929527,200.33449138590817,84.0,0.5368421052631579,55061.43885333368,56410.572608888826,55893.5,-832.0611466663177,56318.0,57923.0,1605.0,0.027709200145020114,2,0,1.6296296296296295,0.9448441247002398,84.50487793912367,9.286373950272953,0.5368421052631579,8.0,4.0,8.0,4.0,92.0,76.0,200.0,0.9473684210526316,0,0,43.04935433824838,0.015241228070175472,119,351.787375466758,55061.43885333368,0.9236901528623583,19.739219133199487,0.12237322127074542,448.18177346454405,459.9827341081959,0.2150787999535011,0.17392105278537717,49.87473903966597,423.16707370660305,371.9372917171964,371.588535009725,0.3487567074714093,200.80408970282255,200.80408970282255,200.80408970282255,204.38012979875975,200.34346511953044,86.59339734821774,0.5727542679166923,54515.126729463474,62798.5,-8283.373270536526,63246.0,0.0,0.5727542679166923,3.6152756341446697,3.615228915922046,3.6152756341446697,3.615228915922046,92.13666402713278,72.2729665903035,200.2971565496934,0.946593835580877,448.87708759593966,479.3577751254786,0.1714050416135324,0.1172207990246259,0.8079694298711753,0.601157659965183,0.8063198123607217,0.7963907093655906
319,15.95,485.41605957374145,254.17605515776478,828.9897214642747,247.07140051545758,0.9891025641025641,379.9774955466453,348.8127104532105,348.8127104532105,368.2789419753378,416.4735754893619,67.66086503615139,0.193974769291635,204.5,204.5,204.0,203.83136695082413,203.1384480026905,187.59222584751816,202.06948547396226,84.0,0.5263157894736842,54956.3647049787,56533.42945454919,56027.0,-1070.6352950212968,56451.0,58032.0,1581.0,0.027243589743589744,2,0,1.5925925925925926,0.9385113268608414,85.47123714630251,9.223086883973338,0.5263157894736842,8.0,4.0,8.0,4.0,92.0,72.0,204.0,0.9368421052631579,0,0,46.0328708337231,0.010526315789473717,118,348.8127104532105,54956.3647049787,3.0398276593882483,0.007709674229886662,0.13197016465917435,448.18177346454405,459.9827341081959,0.22171598421593264,0.1739309600754102,49.96868475991649,422.2184361326349,371.2538462297607,370.9077298846754,0.3461163450853064,201.52214751136543,201.52214751136543,201.52214751136543,205.11110791571713,201.0598757749733,86.43468996896104,0.572754619819272,54609.60581389244,62952.0,-8342.394186107558,63399.0,0.0,0.572754619819272,3.608608200496775,3.6085618356038367,3.608608200496775,3.6085618356038367,91.96704440518536,72.13986411993699,199.92976766853775,0.9465938821873628,448.87708759593966,479.3577751254786,0.1729276087178058,0.11919977511137,0.8080152496972531,0.6219581630080118,0.8063198123607217,0.7908420048058483
320,16.0,485.405835971534,253.66949817366734,829.8001881994784,248.21005009459103,0.9893236108483671,379.97665946371217,349.10618807315393,349.10618807315393,368.3168990673541,416.4694314480456,67.36324337489168,0.19295917882949687,206.0,206.0,206.0,205.29303232706923,204.13851595628353,187.5923954249543,202.23140635087984,84.0,0.5578947368421052,55060.781314551714,56695.837479058064,56172.0,-1111.2186854482861,56595.0,58147.0,1552.0,0.026690972879082325,2,0,1.6296296296296295,0.9459671104150352,84.19899713720862,9.260206278654943,0.5578947368421052,4.0,8.0,4.0,8.0,96.0,72.0,200.0,0.9473684210526316,0,0,45.960742264847575,0.03157894736842104,118,349.10618807315393,55060.781314551714,0.5066601426794831,1.397633425806823,0.13165261411870668,448.18177346454405,459.9827341081959,0.2210611659316576,0.1739327777152282,50.062630480167016,421.3747938349372,370.5903470845328,370.2467885366634,0.3435585478693497,202.2192546256835,202.2192546256835,202.2192546256835,205.34331318117435,201.7553837949974,86.28061333122406,0.5727549617224531,54700.64401705127,63110.5,-8409.855982948728,63558.0,0.0,0.5727549617224531,3.6021354224152304,3.6020893998074826,3.6021354224152304,3.6020893998074826,91.80237599742462,72.01064706434914,199.5730992005363,0.9465939274690048,448.87708759593966,479.3577751254786,0.1744057397330944,0.120959717979673,0.8080236560263359,0.6199060051687816,0.8213128368567679,0.7963559863771598
321,16.05,485.405835971534,253.66949817366734,829.7810960756382,248.2254331353867,0.9894492813353253,379.9744985817577,349.10809115896893,349.10809115896893,368.30677607806007,416.3996408701636,67.29154971119465,0.19275276458875581,206.5,206.5,206.0,205.61032697212096,205.09990039564855,188.57937828178987,202.34012337860156,84.0,0.5473684210526316,55221.31553791637,56807.1898719546,56274.0,-1052.6844620836273,56697.0,58233.0,1536.0,0.02637679666168667,2,0,1.5925925925925926,0.9452815226011102,85.14756232635929,9.201551330146719,0.5473684210526316,8.0,8.0,8.0,8.0,92.0,72.0,200.0,0.9473684210526316,0,0,45.97038526315727,0.010526315789473606,118,349.10809115896893,55221.31553791637,0.0,0.02451830207929495,0.1316795182562077,448.18177346454405,459.9827341081959,0.22105691969513552,0.17393747546102223,50.15657620041753,420.3782142680043,369.9466337434593,369.6055515057485,0.3410822377107934,202.895579231112,202.895579231112,202.895579231112,206.87786074474332,202.4301569791376,86.13113024937763,0.5727552936814021,54788.3238549385,63253.5,-8465.176145061501,63700.0,0.0,0.5727552936814021,3.5958557282099193,3.5958100369867907,3.5958557282099193,3.5958100369867907,91.64261888875056,71.88528409006221,199.22706499944985,0.9465939714331546,448.87708759593966,479.3577751254786,0.1758397923030774,0.1230387070326242,0.808045382441382,0.6198926977401786,0.8263105116887834,0.8048333996241257
322,16.1,471.9171085177059,261.1958147482942,829.3546532123185,248.57506967670662,0.9896846367660684,379.971085731263,363.9953149959771,363.9953149959771,368.29137247593565,416.46033613759965,52.46502114162257,0.14413652863142598,206.5,206.5,206.0,205.8090930465769,205.1673535596343,189.0794874290121,204.11958065298174,88.0,0.5368421052631579,56722.87773956864,56892.473091137326,56355.5,367.3777395686411,56779.0,58282.0,1503.0,0.025788408084828934,2,0,1.6296296296296295,0.9402129402129402,84.62629662146345,9.136981808991539,0.5368421052631579,8.0,8.0,8.0,8.0,92.0,72.0,200.0,0.9473684210526316,0,0,34.24006993575728,0.010526315789473717,123,363.9953149959771,56722.87773956864,15.446397945966492,0.5514519260121155,0.09406733692749784,448.18177346454405,459.9827341081959,0.1878399869271502,0.17394489497971644,50.25052192066806,420.3781930372006,369.32251275885653,368.9838265337407,0.3386862251158504,203.55132410590988,203.55132410590988,203.55132410590988,207.37224881240743,203.08439764049967,85.98619589239664,0.5727556157698273,54872.729840519925,63448.0,-8575.270159480075,63895.0,0.0,0.5727556157698273,3.589767225327982,3.5897218547476086,3.589767225327982,3.5897218547476086,91.48772499893502,71.76373745672788,198.8915612231181,0.9465940140896149,448.87708759593966,479.3577751254786,0.1772301973868953,0.1230387513227239,0.8080796966741358,0.5157929946439744,0.8263105116887834,0.8841271666018694
323,16.15,490.34773006568685,253.72100293419405,807.5970647554809,261.5674573573408,0.9886344185409606,375.96984240457414,317.77976583348755,317.77976583348755,363.41103913619384,416.3262189140338,98.54645308054626,0.31010927590708626,208.0,208.0,207.968994140625,206.76633763641985,206.16849613430247,190.12005567493753,204.33111641148813,80.0,0.574468085106383,52699.59010960365,56838.609995736704,56340.5,-3640.909890396353,56762.0,58422.0,1660.0,0.02841395364759851,2,0,1.6296296296296295,0.9473270440251572,86.30108440453002,9.347029607203613,0.574468085106383,4.0,4.0,4.0,4.0,96.0,72.0,200.0,0.9361702127659575,0,0,49.8963831900924,0.03762597984322513,107,317.77976583348755,52699.59010960365,19.888705898099815,25.34156256234025,0.15701560814994575,448.18177346454405,459.9827341081959,0.29095785538760355,0.18264357653881091,50.34446764091858,420.3777625654011,368.7177603774216,368.38139115700005,0.3363692204215454,204.1867238865857,204.1867238865857,204.1867238865857,207.1119769920688,203.71833987735937,85.84575838831913,0.5727559280786249,54953.94803136436,63565.5,-8611.551968635642,64013.0,0.0,0.5727559280786249,3.5838677257704106,3.5838226652633125,3.5838677257704106,3.5838226652633125,91.337638729076,71.64596352443766,198.56646773287423,0.9465940554504648,448.87708759593966,479.3577751254786,0.1785774534579811,0.1230396493404923,0.8483098781687086,0.838957675911375,0.8413035361848297,0.6716673487775779
324,16.2,487.8738192694387,253.6429043755836,804.5941640284659,262.66949817366736,0.9888837583158039,375.96425375099295,317.18067284523363,317.18067284523363,363.40575328816544,416.25216011885226,99.07148727361863,0.3123503282369287,208.0,208.0,208.0,207.6197948539763,207.1036797080398,191.09314540648518,204.36649084719076,84.0,0.5638297872340425,52711.51324532121,56941.37121308362,56427.0,-3715.4867546787864,56848.0,58473.0,1625.0,0.027790604210490313,2,0,1.6296296296296295,0.9395648670427075,85.72457341499846,9.41093009014663,0.5638297872340425,8.0,4.0,8.0,4.0,92.0,72.0,200.0,0.9361702127659575,0,0,51.442064831622986,0.010638297872340496,107,317.18067284523363,52711.51324532121,2.475143230734384,3.1987351777158666,0.16218537015565204,448.18177346454405,459.9827341081959,0.2922945741560238,0.18265572624176007,50.4384133611691,420.22254395185183,368.13212511874315,367.7979952740579,0.3341298446852647,204.8020423597812,204.8020423597812,204.8020423597812,208.3998676319802,204.33224687125815,85.70975942282735,0.5727562307145369,55032.06560877513,63756.0,-8723.934391224873,64203.0,0.0,0.5727562307145369,3.578154771259282,3.5781100104400707,3.578154771259282,3.5781100104400707,91.19229760168604,71.53191325603194,198.2516494793258,0.9465940955298816,448.87708759593966,479.3577751254786,0.1798821207597027,0.123363454693412,0.8483660688398387,0.8431468654397286,0.8413035361848297,0.6722969799338447
325,16.25,486.430729713288,253.20841698444852,805.5714285714284,261.99999999999994,0.9890379128295375,375.96312861060494,319.6477094600071,319.6477094600071,363.43274922275,414.8141394454012,95.16642998539413,0.297722859163178,208.5,208.5,208.0,207.7359545440213,207.15178705459638,191.0932520662415,204.37265670009276,88.0,0.5531914893617021,53050.66476953441,57047.620776223055,56504.5,-3453.8352304655928,56925.0,58529.0,1604.0,0.027405217926156265,2,0,1.6666666666666667,0.9462778204144282,84.67391319307328,9.307705973253325,0.5531914893617021,4.0,4.0,4.0,4.0,96.0,76.0,196.0,0.9468085106382979,0,0,49.03298366535355,0.010638297872340385,108,319.6477094600071,53050.66476953441,1.507078883179853,1.1845985782009762,0.15339694987393093,448.18177346454405,459.9827341081959,0.2867900294359145,0.18265817229093673,50.53235908141963,418.4023602943065,367.5653303119575,367.2333636717658,0.3319666401916947,205.3975697978928,205.3975697978928,205.3975697978928,208.78135655120056,204.92640822873653,85.57813482815749,0.572756523798817,55107.17048844576,63816.0,-8708.829511554242,64262.0,0.0,0.572756523798817,3.572625657992468,3.5725811866705044,3.572625657992468,3.5725811866705044,91.05163289036008,71.42153271122277,197.94695786571168,0.9465941343439576,448.87708759593966,479.3577751254786,0.1811448156542479,0.1271605844198858,0.8483773814740179,0.8258959809271335,0.8463012110168451,0.6902067287950746
326,16.3,494.83791191005474,253.6409276994752,805.5714285714284,261.99999999999994,0.9892710892710892,375.96229279496174,311.2311395076461,311.2311395076461,363.4129680922057,414.783536931523,103.55239742387687,0.33271862702328625,210.0,210.0,210.0,208.68177322857593,208.14318880590878,191.1216736078469,205.51021774241735,80.0,0.5425531914893617,52427.02888053244,57158.7168726313,56616.0,-4188.971119467562,57036.0,58608.0,1572.0,0.026822276822276822,2,0,1.6296296296296295,0.9462025316455697,85.3113254074974,9.18865661182674,0.5425531914893617,4.0,4.0,4.0,4.0,96.0,76.0,196.0,0.9468085106382979,0,0,53.44315521880854,0.010638297872340496,105,311.2311395076461,52427.02888053244,8.418300185206334,0.0,0.17171532162030204,448.18177346454405,459.9827341081959,0.305569396314891,0.18265998934966787,50.626304801670145,420.22294087708445,367.01707657614367,366.6871984955964,0.3298780805472461,205.97362035360177,205.97362035360177,205.97362035360177,209.0592178297715,205.50113738184072,85.45081515898244,0.5727568074659104,55179.35096234277,63986.0,-8806.649037657233,64432.0,0.0,0.5727568074659104,3.567277460847741,3.567233269036194,3.567277460847741,3.567233269036194,90.91557023544723,71.31476352973596,197.65223208107653,0.946594171910537,448.87708759593966,479.3577751254786,0.1823662050968458,0.1233626266579587,0.8483857851156553,0.8847492931847996,0.8612942355128914,0.6572740678589731
327,16.35,489.482021549002,253.5085871041493,805.5810688530187,262.13564905598264,0.9893775141474057,375.96008601418055,316.5349263551596,316.5349263551596,363.3990130172175,416.1048275243766,99.56990116921702,0.31456213162871405,209.5,209.5,210.0,208.86073541304404,208.17254199696595,191.12218302196783,206.36181227478122,88.0,0.5319148936170213,52984.658276218644,57224.40616103073,56690.5,-3705.8417237813555,57110.0,58668.0,1558.0,0.026556214631485647,2,0,1.6296296296296295,0.9552481692432873,84.6630495503028,9.15433839354468,0.5319148936170213,8.0,4.0,8.0,4.0,92.0,76.0,196.0,0.9468085106382979,0,0,51.20803502635766,0.010638297872340385,107,316.5349263551596,52984.658276218644,5.357525136925514,0.13599118139841204,0.1617768870437414,448.18177346454405,459.9827341081959,0.2937353879693171,0.18266478687926535,50.72025052192067,419.22457929993345,366.48704423189537,366.1591816515777,0.3278625803176851,206.5305295265082,206.5305295265082,206.5305295265082,210.05859882634184,206.0567690605682,85.32772625235421,0.5727570818621726,55248.69537123275,64096.5,-8847.804628767248,64542.0,0.0,0.5727570818621726,3.562107056912879,3.5620631348371035,3.562107056912879,3.5620631348371035,90.78403024261434,71.21154340101424,197.3673003965168,0.9465942082490334,448.87708759593966,479.3577751254786,0.1835470012633132,0.1254453332060889,0.8484079730167895,0.8476622820565606,0.856296560680876,0.6867210899755579
328,16.4,488.45111059273637,252.62860930875885,807.5714285714286,261.99999999999994,0.9895120125229702,375.9571596648655,319.668489340428,319.668489340428,363.43518655191934,411.5963165243806,91.92782718395262,0.28757237653804196,210.0,210.0,210.0,209.55170413407114,208.44749791686135,191.12281383062285,206.3687579501221,84.0,0.5638297872340425,53385.45170099749,57358.73871898587,56811.0,-3425.548299002512,57231.0,58772.0,1541.0,0.026219968692574695,2,0,1.7037037037037037,0.9574961360123647,85.17667069358635,9.251628872161023,0.5638297872340425,8.0,8.0,8.0,8.0,88.0,68.0,204.0,0.9468085106382979,0,0,45.99310845797433,0.03191489361702127,108,319.668489340428,53385.45170099749,1.355410756976938,1.9949768106566157,0.14387751683899752,448.18177346454405,459.9827341081959,0.286743664586536,0.18267114874700086,50.81419624217119,419.2260126075044,365.9748956333741,365.6489771291821,0.325918504191975,207.06865171313729,207.06865171313729,207.06865171313729,210.5494947725748,206.59365684849388,85.20878976921205,0.5727573471446107,55315.291807034846,64223.0,-8907.708192965154,64669.0,0.0,0.5727573471446107,3.5571111482385973,3.5570674863424188,3.5571111482385973,3.5570674863424188,90.65692906164524,71.11180651841534,197.09198141873247,0.9465942433802728,448.87708759593966,479.3577751254786,0.1846879563547486,0.1254423431480461,0.8484373957622834,0.8257506765100122,0.8612942355128914,0.7078859943635715
329,16.45,491.474692624424,253.0867035446693,807.5714285714286,261.99999999999994,0.9897545720307295,375.95612314524544,316.6339727286643,316.6339727286643,363.4256992420618,411.7377569795894,95.10378425092512,0.30035874998297535,211.5,211.5,212.0,210.52438968583806,209.45614514893023,191.15227515682935,207.10448007618675,80.0,0.5531914893617021,53255.558700857444,57470.27554181933,56909.5,-3653.941299142556,57329.0,58836.0,1507.0,0.025613569923176288,2,0,1.6666666666666667,0.9363354037267081,85.20004360464416,9.255681139648678,0.5531914893617021,8.0,8.0,8.0,8.0,88.0,72.0,200.0,0.9574468085106383,0,0,49.05881546116118,0.010638297872340385,107,316.6339727286643,53255.558700857444,3.0580874139433343,0.0,0.15493857162068186,448.18177346454405,459.9827341081959,0.2935143919820439,0.18267340213510264,50.90814196242171,418.3658771431726,365.4802774118801,365.1562332362321,0.3240441756479981,207.58835784974264,207.58835784974264,207.58835784974264,210.94419939833367,207.11217083098043,85.09392371537822,0.5727576034796795,55379.227843983,64383.5,-9004.272156017003,64830.0,0.0,0.5727576034796795,3.5522862837256213,3.5522428726769704,3.5522862837256213,3.5522428726769704,90.53417894325796,71.01548401615133,196.8260852960682,0.9465942773263288,448.87708759593966,479.3577751254786,0.1857898575993477,0.127236692815383,0.8484478173660284,0.8469696950311031,0.8762872600089376,0.7010266679408558
330,16.5,490.2816763957006,253.16329992587615,807.5880426737438,262.2337781603106,0.9898226258168548,375.9833567312314,317.8681271996815,317.8681271996815,363.44256325052515,416.1182204803429,98.25009328066142,0.30909073566517636,212.0,212.0,212.0,210.67722517615664,210.11221068198782,193.09302685060578,207.34005979496527,84.0,0.5425531914893617,53427.31976360786,57556.23896591618,56997.0,-3569.680236392138,57416.0,58915.0,1499.0,0.025443435457863022,2,0,1.6666666666666667,0.9545454545454546,85.11468323392158,9.209024463496215,0.5425531914893617,8.0,8.0,8.0,8.0,88.0,72.0,200.0,0.9574468085106383,0,0,50.26974410365452,0.010638297872340496,107,317.8681271996815,53427.31976360786,1.195472595926583,0.23436778070793984,0.15814653877541984,448.18177346454405,459.9827341081959,0.29076070018981204,0.18261419646504906,51.00208768267223,417.316007536996,365.0028226236656,364.68058473855314,0.322237885112429,208.09003315557476,208.09003315557476,208.09003315557476,211.20408300987813,207.61269534362384,84.98304294034412,0.5727578510421087,55440.59029742463,64458.0,-9017.409702575373,64904.0,0.0,0.5727578510421087,3.547628880076285,3.5475857107715,3.547628880076285,3.5475857107715,90.41568877213328,70.92250438755968,196.56941487312483,0.946594310110372,448.87708759593966,479.3577751254786,0.186853522467545,0.1294268515249226,0.8481739994505679,0.838339804366843,0.8812849348409532,0.710096942665802
331,16.55,490.4160595737414,253.17605515776478,824.9399686027548,247.10583444076767,0.9887604988546704,371.9820765228079,339.8306103695785,339.8306103695785,359.8631232082915,411.5521232184066,71.72151284882813,0.21105077253290486,212.0,212.0,212.0,210.9276554041947,210.17569010722372,195.1223198405865,209.12801679202562,84.0,0.5591397849462365,55801.981728014856,57384.43514657394,56860.0,-1058.0182719851437,57279.0,58935.0,1656.0,0.028098752863324,2,0,1.7037037037037037,0.9491654021244309,85.00631101417319,9.373019216150036,0.5591397849462365,4.0,4.0,4.0,4.0,92.0,72.0,200.0,0.946236559139785,0,0,47.97889305367763,0.016586593456874854,115,339.8306103695785,55801.981728014856,0.13498716413379372,23.02051290974081,0.14118473024398476,448.18177346454405,459.9827341081959,0.24175718315670702,0.19131295820483718,51.09603340292276,417.25828703495455,364.5421527962652,364.22165489866234,0.3204978976028769,208.574074982638,208.574074982638,208.574074982638,212.17055111374745,208.0956268269425,84.87605961251538,0.5727580900137926,55499.46500896082,64601.5,-9102.03499103918,65047.0,0.0,0.5727580900137926,3.543135241754797,3.543092305322375,3.543135241754797,3.543092305322375,90.30136457473844,70.83279388358937,196.32176679086024,0.9465943417565156,448.87708759593966,479.3577751254786,0.1878797941132366,0.1295472636785095,0.8884045517695965,0.6847659747346067,0.8812849348409532,0.8354969375840311
332,16.6,490.4058359715339,252.66949817366734,824.896894331041,247.13678667408715,0.9888751419419353,371.98237886599225,339.68736141079813,339.68736141079813,359.85874847126473,411.57140226916226,71.88404085836413,0.21161823789914797,212.5,212.5,212.0,211.7156429716989,211.14507809794154,195.1222642724748,209.3579017793029,84.0,0.5376344086021505,55918.919329027216,57474.61770227541,56943.0,-1024.080670972784,57362.0,59003.0,1641.0,0.02781214514516211,2,0,1.7037037037037037,0.9373088685015291,84.70398132876359,9.330896883700944,0.5376344086021505,8.0,4.0,8.0,4.0,88.0,72.0,200.0,0.946236559139785,0,0,47.959147673892915,0.021505376344086002,115,339.68736141079813,55918.919329027216,0.5066601426794831,0.053041810217351576,0.14118614091118306,448.18177346454405,459.9827341081959,0.24207680561183953,0.19131230091237394,51.18997912317327,417.2598917267457,364.0978798690947,363.7790574092338,0.3188224598609395,209.04089077642908,209.04089077642908,209.04089077642908,212.57945445933888,208.56137179179373,84.77288366992713,0.5727583205827226,55555.93665654537,64709.5,-9153.563343454633,65155.0,0.0,0.5727583205827226,3.5388015799142707,3.538758867716979,3.5388015799142707,3.538758867716979,90.191110000893,70.74627689068456,196.08293252988597,0.94659437228968,448.87708759593966,479.3577751254786,0.1888695370505513,0.1295439160916456,0.8884015118841945,0.6857676506844776,0.8862826096729686,0.841672121586004
333,16.65,486.79289679532275,253.46343148571634,800.5880426737438,262.2337781603106,0.9890409103224058,371.98100394094524,314.2494301882835,314.2494301882835,359.8632976791189,411.6067846309271,97.35735444264361,0.30980916778213935,213.0,213.0,213.5751953125,212.38698956733055,211.17569110040813,195.15276282423025,209.37046471772078,84.0,0.5698924731182796,53285.97012030425,57540.48339538168,57021.0,-3735.0298796957504,57438.0,59056.0,1618.0,0.02739772419398537,2,0,1.6666666666666667,0.943366951124903,85.62700892252899,9.238736722458789,0.5698924731182796,8.0,4.0,8.0,4.0,88.0,72.0,200.0,0.946236559139785,0,0,52.758655422155314,0.032258064516129115,106,314.2494301882835,53285.97012030425,3.6991430892819706,28.615370359853593,0.16788783162007584,448.18177346454405,459.9827341081959,0.29883487282611687,0.19131528999206115,51.2839248434238,417.26087963017017,363.6696080253803,363.3523982184127,0.3172098069675826,209.49089615074425,209.49089615074425,209.49089615074425,212.93881111774203,209.01034489859717,84.67342324574153,0.5727585429419803,55610.08858809711,64841.0,-9230.911411902887,65287.0,0.0,0.5727585429419803,3.534624030263103,3.534581533899882,3.534624030263103,3.534581533899882,90.0848267783499,70.66287628748762,195.85269939537977,0.9465944017354618,448.87708759593966,479.3577751254786,0.1898236330727122,0.129541855202106,0.8884153359582799,0.8636437353486022,0.891280284504984,0.7026326193988932
334,16.7,477.5588358244449,261.4969194204736,800.5880426737438,262.2337781603106,0.9892502579193938,371.97852701654546,325.6052369336876,325.6052369336876,359.86473251405926,411.5218440566353,85.91660712294771,0.2638673994682874,213.5,213.5,214.0,212.66650151488034,212.10575123583791,195.15356880059147,209.37141445012296,84.0,0.5591397849462365,54676.840589405954,57666.244715389395,57121.0,-2444.1594105940458,57538.0,59127.0,1589.0,0.026874355201515383,2,0,1.7037037037037037,0.9425373134328359,84.81248937281171,9.391812274963693,0.5591397849462365,4.0,4.0,4.0,4.0,92.0,76.0,196.0,0.956989247311828,0,0,53.69658866723051,0.010752688172043112,110,325.6052369336876,54676.840589405954,12.23947753835025,0.0,0.16491316040523726,448.18177346454405,459.9827341081959,0.27349737046045575,0.19132067481243842,51.37787056367432,415.503214682055,363.25693541372294,362.94127724526584,0.3156581684571051,209.92451307836103,209.92451307836103,209.92451307836103,213.1346005990997,209.4429671521668,84.57758506813502,0.5727587572887874,55662.00267714807,64886.5,-9224.49732285193,65333.0,0.0,0.5727587572887874,3.530598669853088,3.5305563811594993,3.530598669853088,3.5305563811594993,89.98241513997472,70.58251378003575,195.63085144269988,0.9465944301199992,448.87708759593966,479.3577751254786,0.1907429774167676,0.133208563116993,0.888440239996854,0.7842376537609951,0.8962779593369994,0.7760810311608696
335,16.75,477.69335300898786,261.3849825016347,806.5755308189139,262.05772300254574,0.9893114288611702,371.97214493876686,331.6911686476728,331.6911686476728,359.87088517089666,411.5145558257007,79.82338717802793,0.24065575065948622,214.0,214.0,214.0,212.7791671276448,212.13745747366386,195.15543682897987,210.3035846017446,84.0,0.5483870967741935,55365.59387722021,57702.99545303045,57167.5,-1801.9061227797865,57585.0,59166.0,1581.0,0.026721427847074333,2,0,1.7407407407407407,0.9414414414414415,84.9580029975063,9.375787525058804,0.5483870967741935,4.0,8.0,4.0,8.0,92.0,72.0,196.0,0.956989247311828,0,0,47.71271825720617,0.010752688172043001,112,331.6911686476728,55365.59387722021,0.17499927638855886,5.990075935005191,0.1438468152520736,448.18177346454405,459.9827341081959,0.25991821112307445,0.19133454941534278,51.47181628392484,416.3528243339017,362.85945575868664,362.5452899847479,0.3141657739387256,210.34216819825247,210.34216819825247,210.34216819825247,213.3842442699637,209.85966421280835,84.48527483442638,0.5727589638236105,55711.75919903641,65000.5,-9288.740800963593,65446.0,0.0,0.5727589638236105,3.52672153278462,3.5266794438331317,3.52672153278462,3.5266794438331317,89.88377422337086,70.50511021533845,195.41717034335957,0.9465944574698604,448.87708759593966,479.3577751254786,0.1916284751755529,0.1314361716049865,0.8885044080882152,0.7416814531270861,0.9012756341690148,0.8124523800460529
336,16.8,495.3503409759729,252.72125075365042,806.5755308189139,262.05772300254574,0.9894018710527205,371.97058086913864,311.8788828024816,311.8788828024816,359.8581787684323,411.22646183961325,99.34757903713165,0.3185453857741636,215.0,215.0,214.0,213.59250043284158,212.50660763164444,196.09166356214138,210.35451369442768,80.0,0.5483870967741935,53420.58282160052,57786.03058002196,57232.0,-3811.4171783994825,57649.0,59218.0,1569.0,0.02649532236819886,2,0,1.7037037037037037,0.9566227730441518,83.813803058472,9.221743917544977,0.5483870967741935,8.0,8.0,8.0,8.0,88.0,72.0,196.0,0.956989247311828,0,0,50.96349171651675,0.0,105,311.8788828024816,53420.58282160052,19.66798087926887,0.0,0.16340795907234548,448.18177346454405,459.9827341081959,0.30412412715584347,0.19133794969433637,51.56576200417537,415.51020360495903,362.4767598607657,362.1640290025274,0.3127308582382966,210.7442912389637,210.7442912389637,210.7442912389637,214.3287243916725,210.26086482331243,84.39639755952734,0.5727591627493259,55759.43672615831,65125.0,-9365.56327384169,65570.0,0.0,0.5727591627493259,3.522988624831907,3.5229467279309574,3.522988624831907,3.5229467279309574,89.78880244304311,70.43058587340164,195.21143619155808,0.9465944838119325,448.87708759593966,479.3577751254786,0.1924810379560917,0.1331939833536789,0.8885201339013877,0.8802199138046557,0.9112709838330457,0.7097411815064674
337,16.85,492.81625512622463,252.63973550801586,806.5714285714286,261.99999999999994,0.9895683878264099,371.971970836476,314.2783504461339,314.2783504461339,359.85323862840534,411.23050534858356,96.95215490244965,0.3084913573105535,215.0,215.0,214.0,213.8108511435662,213.13698241651144,196.09170926023427,210.54144761732596,80.0,0.5376344086021505,53675.007895295756,57829.82483790935,57281.0,-3605.9921047042444,57698.0,59243.0,1545.0,0.02607903043397532,2,0,1.7037037037037037,0.931782945736434,84.60914685962528,9.27392751563589,0.5376344086021505,8.0,8.0,8.0,8.0,88.0,72.0,196.0,0.956989247311828,0,0,48.42900273643146,0.010752688172043001,106,314.2783504461339,53675.007895295756,2.5353965822264173,0.05786858782909062,0.15409589196228138,448.18177346454405,459.9827341081959,0.29877034486098597,0.1913349279127905,51.659707724425886,415.4801928309537,362.10843698695953,361.7970853208843,0.3113516660752111,211.1313135568817,211.1313135568817,211.1313135568817,215.08283174957563,210.64699935057743,84.31085789900183,0.5727593542704424,55805.11204081779,65243.0,-9437.887959182211,65688.0,0.0,0.5727593542704424,3.5193959370003967,3.519354224693018,3.5193959370003967,3.519354224693018,89.69739783540571,70.35886073794023,195.01342825192015,0.9465945091733134,448.87708759593966,479.3577751254786,0.1933015807816985,0.1332565895646609,0.8885061585857953,0.8634415089101033,0.9112709838330457,0.7231767371462446
338,16.9,478.3133224170081,261.6984913301989,806.5810688530189,262.13564905598264,0.9896378999207327,371.9720911783158,331.1261836731745,331.1261836731745,359.8703080440882,411.20840280285506,80.08221912968054,0.2418480418592407,215.0,215.0,214.0,213.87369406492957,213.15751787623577,196.09171285400316,211.37264656696493,80.0,0.5376344086021505,55521.20303771919,57881.0596095847,57340.5,-1819.2969622808087,57757.0,59293.0,1536.0,0.025905250198168417,2,0,1.7407407407407407,0.9394387001477105,84.77072602594109,9.4777064104644,0.5376344086021505,8.0,8.0,8.0,8.0,88.0,72.0,196.0,0.956989247311828,0,0,48.3892133458728,0.0,112,331.1261836731745,55521.20303771919,17.09959397804514,0.13599118139842012,0.14613526725398895,448.18177346454405,459.9827341081959,0.261178826810613,0.1913346662902754,51.75365344467641,414.4848054683142,361.7540761539152,361.4440496976167,0.3100264562984876,211.50366678734844,211.50366678734844,211.50366678734844,215.3944853207875,211.0184984398169,84.22856044717852,0.5727595385923774,55848.86006424751,65293.0,-9444.139935752492,65739.0,0.0,0.5727595385923774,3.515939458035813,3.515897923098237,3.515939458035813,3.515897923098237,89.6094583771221,70.28985474616695,194.8229256494921,0.9465945335812256,448.87708759593966,479.3577751254786,0.1940910192334186,0.1353330915310239,0.8885049486183771,0.7456321405583368,0.9112709838330457,0.8206697129668145
339,16.95,492.23388019297886,252.3025840501748,800.5996395263372,262.4687724179792,0.9885425271853663,367.9699700147725,308.8577736057591,308.8577736057591,356.2693418862092,411.2281359783509,102.37036237259179,0.33144822996510437,215.0,215.0,214.78759765625,214.46895613168795,213.21164016733678,198.1066296972861,211.48029388922507,80.0,0.5869565217391305,53258.35927050637,57741.57474765773,57200.5,-3942.140729493629,57616.0,59315.0,1699.0,0.028643682036584336,2,0,1.7037037037037037,0.9565217391304348,85.23861311430103,9.628001595354704,0.5869565217391305,8.0,4.0,8.0,4.0,88.0,72.0,196.0,0.9456521739130435,0,0,54.38110829328954,0.049322113136979984,104,308.8577736057591,53258.35927050637,16.794790930790104,5.990698453802822,0.17607168392887595,448.18177346454405,459.9827341081959,0.3108649394235282,0.20003525626198915,51.84759916492693,414.4890731679891,361.4132673062294,361.1045138005371,0.3087535056922661,211.8617816058976,211.8617816058976,211.8617816058976,215.3988757361098,211.3757917786377,84.14941001092683,0.5727597159207957,55890.75380041944,65376.0,-9485.246199580564,65822.0,0.0,0.5727597159207957,3.5126151859106045,3.512573821349463,3.5126151859106045,3.512573821349463,89.52488227742175,70.22348801815622,194.63970800339135,0.9465945570629194,448.87708759593966,479.3577751254786,0.1948502668250279,0.1353241885781643,0.9287439562535001,0.9013451802642232,0.9112709838330457,0.7011745590617847
340,17.0,492.24252406647315,252.30340449967187,800.5970647554809,262.4325426426591,0.9886641857645613,367.97015226476657,308.8492778047552,308.8492778047552,356.27325324425937,411.275309242085,102.42603143732975,0.33163759412149335,216.0,216.0,216.0,215.24272249527314,214.2110382693156,198.10662656610268,211.48989660516747,80.0,0.5652173913043478,53320.529212223584,57865.11608332808,57288.5,-3967.970787776416,57704.0,59387.0,1683.0,0.02833953558859683,2,0,1.7037037037037037,0.9525993883792049,85.5946351006258,9.514688906145233,0.5652173913043478,4.0,4.0,4.0,4.0,92.0,72.0,196.0,0.9456521739130435,0,0,54.39688332118097,0.021739130434782705,104,308.8492778047552,53320.529212223584,0.008682723441558213,0.03632115175361504,0.1761276040786761,448.18177346454405,459.9827341081959,0.3108838955737041,0.2000348600514784,51.94154488517745,414.4887043193205,361.08560239304654,360.77807128066706,0.307531112379479,212.20608659633584,212.20608659633584,212.20608659633584,215.39849438094095,211.71930696771793,84.07331185981539,0.5727598864609997,55930.86429332098,65463.0,-9532.135706679022,65909.0,0.0,0.5727598864609997,3.509419138317128,3.5093779373667076,3.509419138317128,3.5093779373667076,89.4435682451757,70.15968106640196,194.46355600578505,0.9465945796455952,448.87708759593966,479.3577751254786,0.1955802326046085,0.1353249580424094,0.9287421238354892,0.9014045876038154,0.9212663334970765,0.7044575991290695
341,17.05,495.7989870244731,252.63878491056857,800.5970647554809,262.4325426426591,0.9887598855796735,367.96751977536053,305.2791471541525,305.2791471541525,356.2671402117211,411.2753373288988,105.99619017474629,0.3472107124343573,216.5,216.5,216.0,215.53750100592393,214.21220282370393,198.1066580484752,212.14484063122057,80.0,0.5543478260869565,53073.665919625746,57909.45670423845,57345.0,-4271.334080374254,57760.0,59430.0,1670.0,0.028100286050816086,2,0,1.7037037037037037,0.945510360706063,85.71121495255795,9.547456532941506,0.5543478260869565,8.0,4.0,8.0,4.0,88.0,72.0,196.0,0.9456521739130435,0,0,54.399078324430086,0.010869565217391242,103,305.2791471541525,53073.665919625746,3.572241424041624,0.0,0.1781945436874565,448.18177346454405,459.9827341081959,0.3188497051223719,0.2000405830693459,52.035490605427974,414.36559335116493,360.7706763465194,360.4643187476778,0.3063575988416005,212.53700722192823,212.53700722192823,212.53700722192823,216.8541070858695,212.04946849435228,84.00017195348263,0.5727600504173691,55969.26059643098,65532.0,-9562.739403569023,65978.0,0.0,0.5727600504173691,3.506347362204373,3.5063063183231975,3.506347362204373,3.5063063183231975,89.3654157316123,70.09835498626182,194.2942519481177,0.946594601356332,448.87708759593966,479.3577751254786,0.1962818189747522,0.1355817828495659,0.9287685919899953,0.9263689157291518,0.926264008329092,0.6914213623504184
342,17.1,495.34589219911294,252.6096692033214,799.5755308189139,262.05772300254574,0.9888150925630117,367.9643641979068,304.72407435368274,304.72407435368274,356.27456832106435,411.27003429235657,106.54595993867383,0.3496473331313154,216.5,216.5,216.0,215.67538522026555,214.5868881370241,198.10665847372573,212.14526028460477,80.0,0.5543478260869565,53081.981655078205,57949.13479776919,57395.5,-4313.518344921795,57810.0,59473.0,1663.0,0.027962268592470533,2,0,1.7037037037037037,0.9406322282189669,85.00329520405177,9.576813728817324,0.5543478260869565,8.0,4.0,8.0,4.0,88.0,72.0,196.0,0.9456521739130435,0,0,55.42364593733756,0.0,103,304.72407435368274,53081.981655078205,0.45402934395989336,1.0881274494161277,0.18188141535876567,448.18177346454405,459.9827341081959,0.32008820439506414,0.2000474432778271,52.1294363256785,414.3659835944704,360.4680879660493,360.1628566514719,0.3052313145774405,212.85496489557696,212.85496489557696,212.85496489557696,216.8209925191059,212.3666968047637,83.92989714712846,0.572760207992857,56006.00975319688,65633.5,-9627.49024680312,66080.0,0.0,0.572760207992857,3.503395942394704,3.5033550492623817,3.503395942394704,3.5033550492623817,89.29032514965193,70.03943162805058,194.13158019668973,0.946594622222018,448.87708759593966,479.3577751254786,0.1969559197226666,0.1355809687534446,0.9288003194915041,0.9302502917572356,0.926264008329092,0.6918604956667008
343,17.15,479.06041739728875,261.8938881880095,803.5953175895901,261.68573001047065,0.9889010268734979,367.96954668311776,327.6154470545813,327.6154470545813,356.2827034836196,407.9984717809679,80.38302472638662,0.2453578591884731,216.5,216.5,216.0,215.82010778269543,215.18778936600205,198.10659596622622,212.74878649191487,84.0,0.5434782608695652,55575.2873220981,57985.90290573642,57435.0,-1859.7126779019018,57850.0,59501.0,1651.0,0.027747432816255187,2,0,1.7407407407407407,0.9470198675496688,84.99324570849483,9.48921058205565,0.5434782608695652,8.0,4.0,8.0,4.0,88.0,72.0,196.0,0.9456521739130435,0,0,49.14645291238594,0.010869565217391353,111,327.6154470545813,55575.2873220981,18.746023889787764,4.036962282193929,0.15001262411231195,448.18177346454405,459.9827341081959,0.26901211416510407,0.20003617658273898,52.22338204592902,413.4633593232804,360.17744071249444,359.87329007407465,0.3041506384197987,213.16037614459867,213.16037614459867,213.16037614459867,217.46897117405092,212.67140747079668,83.86239537609558,0.572760359388534,56041.176787381264,65728.5,-9687.323212618736,66175.0,0.0,0.572760359388534,3.5005610093232136,3.5005202608360833,3.5005610093232136,3.5005202608360833,89.21819807089739,69.98283375160281,193.97532761983496,0.9465946422692918,448.87708759593966,479.3577751254786,0.1976034182508529,0.1374639553618367,0.9287482126078163,0.7701811527614054,0.926264008329092,0.8235257695710497
344,17.2,479.0202084929714,261.92184148173067,803.5953175895901,261.68573001047065,0.9889827519607679,367.9674816721627,327.65312555471763,327.65312555471763,356.28094406245725,407.99153470632945,80.33840915161181,0.24519347714324002,217.0,217.0,216.0,215.85175796722228,215.18760948543246,198.10661002009923,212.7487085898319,84.0,0.5434782608695652,55637.28601963241,58062.09816898793,57488.5,-1851.213980367589,57903.0,59543.0,1640.0,0.027543120098080378,2,0,1.7407407407407407,0.963882618510158,84.68875097349562,9.41192543206503,0.5434782608695652,8.0,4.0,8.0,4.0,88.0,72.0,196.0,0.9456521739130435,0,0,49.15584083815054,0.0,111,327.65312555471763,55637.28601963241,0.048970834343147356,0.0,0.1500240254230127,448.18177346454405,459.9827341081959,0.26892804448095553,0.20004066590549385,52.31732776617954,413.46607384137394,359.8983434167372,359.5952294362013,0.3031139805358975,213.45365186549583,213.45365186549583,213.45365186549583,217.47290245894297,212.964010446398,83.79757582056263,0.572760504803178,56074.82470221791,65764.0,-9689.175297782089,66209.0,0.0,0.572760504803178,3.4978387459411806,3.4977981362079618,3.4978387459411806,3.4977981362079618,89.14893740137197,69.92848516415717,193.82528396905892,0.9465946615244848,448.87708759593966,479.3577751254786,0.198225185998572,0.1374582925391303,0.9287689750955549,0.7699176838487158,0.9312616831611074,0.8267997666587493
345,17.25,496.87888181472266,252.26755088353156,807.6560732344554,260.87879598326225,0.9890837683154026,367.96458251824674,311.377657356277,311.377657356277,356.27721180231254,408.0142707919868,96.63661343570982,0.31035179035064364,217.0,217.0,216.0,216.50933421823652,215.21289529535372,198.60638740703166,212.80430285578603,84.0,0.5434782608695652,53890.2033576706,58108.75583347608,57541.0,-3650.7966423293983,57955.0,59581.0,1626.0,0.027290579211493596,2,0,1.7037037037037037,0.9568508705526116,85.12762052848107,9.401230518649463,0.5434782608695652,8.0,4.0,8.0,4.0,88.0,72.0,196.0,0.9456521739130435,0,0,51.459942796019575,0.0,105,311.377657356277,53890.2033576706,20.301170896465706,4.140154457453575,0.1652653669275292,448.18177346454405,459.9827341081959,0.3052424801899931,0.20004696865057747,52.41127348643006,412.53583729168133,359.63041090712665,359.3282911229957,0.3021197841309231,213.73519666397735,213.73519666397735,213.73519666397735,217.51036615006063,213.2449094091514,83.73534905139391,0.572760644432907,56107.014487386055,65850.0,-9742.985512613945,66295.0,0.0,0.572760644432907,3.4952253938279334,3.495184917166341,3.4952253938279334,3.495184917166341,89.08244753712664,69.87631084244555,193.68124221656015,0.9465946800135804,448.87708759593966,479.3577751254786,0.1988220810440409,0.1393988817982678,0.9287981244070806,0.8837247593490919,0.9312616831611074,0.7345406745372115
346,17.3,496.87888181472266,252.26755088353156,807.6560732344554,260.87879598326225,0.9891429434164836,367.9627731127321,311.3913581208748,311.3913581208748,356.2834248099844,408.0234389891539,96.63208086827905,0.3103235794705926,218.0,218.0,218.0,216.7133406423415,215.60030559379945,199.1060800705656,212.80519535689365,80.0,0.532608695652174,53960.49179186643,58132.85286483457,57579.0,-3618.5082081335713,57993.0,59611.0,1618.0,0.027142641458791163,2,0,1.7037037037037037,0.9476479514415781,85.35156871307613,9.334992336891812,0.532608695652174,8.0,4.0,8.0,4.0,88.0,72.0,196.0,0.9456521739130435,0,0,51.466982933465935,0.010869565217391242,105,311.3913581208748,53960.49179186643,0.0,0.0,0.16528070414043944,448.18177346454405,459.9827341081959,0.3052119105296254,0.200050902288474,52.505219206680586,414.3037377471501,359.37326456039887,359.0720980335202,0.3011665268786601,214.00540827540183,214.00540827540183,214.00540827540183,217.48175338022332,213.51450118205025,83.67562715821677,0.5727607784708578,56137.80513288325,65936.5,-9798.694867116748,66382.0,0.0,0.5727607784708578,3.4927172585577253,3.4926769094886367,3.4927172585577253,3.4926769094886367,89.01863450085872,69.82623703988048,193.5429988516133,0.94659469776216,448.87708759593966,479.3577751254786,0.1993949468771023,0.1357108213406984,0.9288163169303308,0.883628956025219,0.9412570328251383,0.7382524320096769
347,17.35,494.379863807579,252.1183813518603,801.5755308189138,262.05772300254574,0.9892709258855676,367.9667129985486,307.73285204871024,307.73285204871024,356.2672023498117,408.0343779941332,100.30152594542295,0.3259370108770398,218.0,218.0,218.0,216.8504582414593,216.18698055570013,199.12280772992648,212.8156971183404,84.0,0.532608695652174,53653.58313104453,58184.08509408201,57636.5,-3982.9168689554717,58051.0,59651.0,1600.0,0.026822685286080703,2,0,1.7037037037037037,0.9399696048632219,85.03696088544923,9.309405288435046,0.532608695652174,8.0,4.0,8.0,4.0,88.0,72.0,196.0,0.9456521739130435,0,0,51.16161749237571,0.0,104,307.73285204871024,53653.58313104453,2.503466107061826,6.1937763104586026,0.1662533497862538,448.18177346454405,459.9827341081959,0.3133749066369492,0.20004233699781349,52.5991649269311,414.30382124888456,359.1265327806891,358.8262800585945,0.3002527220946263,214.26467706079248,214.26467706079248,214.26467706079248,217.48218057646244,213.7731752306683,83.6183238607932,0.5727609071068999,56167.253648943355,65993.5,-9826.246351056643,66439.0,0.0,0.5727609071068999,3.490310714364295,3.4902704876075745,3.490310714364295,3.4902704876075745,88.95740606068728,69.77819137974376,193.4103541382862,0.9465947147953766,448.87708759593966,479.3577751254786,0.1999446113320897,0.1357106471456841,0.9287767036630229,0.9092112539779937,0.9412570328251383,0.7220453486082137
348,17.4,494.3973162664746,252.0294107498627,801.5965040387146,262.3186834495807,0.9893709763948497,367.963681864323,307.7239228041014,307.7239228041014,356.2837242406626,407.7005571985236,99.9766343944222,0.32489067955261913,218.0,218.0,218.0,217.3797385378477,216.21341785521625,198.12331931981876,213.50490940896177,84.0,0.5760869565217391,53657.17365863174,58210.42149637938,57649.0,-3991.826341368258,58063.0,59648.0,1585.0,0.026572559012875537,2,0,1.7777777777777777,0.9436008676789588,85.04814883490324,9.551642197573788,0.5760869565217391,4.0,8.0,4.0,8.0,92.0,68.0,196.0,0.9456521739130435,0,0,51.83928980230768,0.04347826086956519,104,307.7239228041014,53657.17365863174,0.09066618080253755,0.26180189240244056,0.16846038270254612,448.18177346454405,459.9827341081959,0.3133948299027701,0.20004892666738316,52.693110647181626,414.30370358355856,358.8898514112411,358.5904744915655,0.2993769196756375,214.51338557358957,214.51338557358957,214.51338557358957,218.0450589927976,214.0213132309064,83.56335460476095,0.5727610305273927,56195.41509121585,66056.0,-9860.584908784149,66502.0,0.0,0.5727610305273927,3.488002208149325,3.4879620986189366,3.488002208149325,3.4879620986189366,88.89867183223139,69.73210293527012,193.28311233697136,0.9465947311379134,448.87708759593966,479.3577751254786,0.2004718856706299,0.1357108926102038,0.9288071799600319,0.9092736921950066,0.9412570328251383,0.7222349554440239
349,17.45,494.36887798479097,252.02806565009652,801.5880426737438,262.2337781603106,0.9894766828091225,367.9679840764129,307.732530690559,307.732530690559,356.2820838446301,407.9257481977505,100.19321750719155,0.32558539483088,218.5,218.5,218.0,217.54902852352376,216.24750693595308,198.63989002817613,213.54902828753467,80.0,0.5652173913043478,53694.57397782888,58273.128587673214,57693.0,-3998.426022171123,58107.0,59677.0,1571.0,0.02632504985170166,2,0,1.7777777777777777,0.9643652561247216,85.81554830909207,9.530067602381267,0.5652173913043478,4.0,8.0,4.0,8.0,92.0,68.0,196.0,0.9456521739130435,0,0,52.10050213504281,0.010869565217391353,104,307.732530690559,53694.57397782888,0.028470074789130936,0.08532586268660107,0.16930449965146052,448.18177346454405,459.9827341081959,0.3133756236633217,0.20003957368134506,52.78705636743215,414.3036233568722,358.6628640833665,358.36432637653786,0.2985377068286539,214.75190819236568,214.75190819236568,214.75190819236568,218.34662250916705,214.25928870255,83.51063664279368,0.5727611489149693,56222.34259048551,66123.5,-9901.15740951449,66569.0,0.0,0.5727611489149693,3.485788262879158,3.485748265678126,3.485788262879158,3.485748265678126,88.84234336511575,69.68790229751585,193.16108189217763,0.9465947468139642,448.87708759593966,479.3577751254786,0.2009775638042372,0.1357110599730598,0.9287639237121426,0.9092135010919284,0.9462547076571537,0.7242099733234348
350,17.5,480.01145652151615,261.9277977860969,801.5880426737438,262.2337781603106,0.9894736842105263,367.97488228459736,324.65935263450166,324.65935263450166,356.3137285316378,407.80128451248055,83.14193187797889,0.2560897482339875,218.0,218.0,218.0,217.6545053480407,216.60776580280876,198.6401350084118,214.17865982272562,84.0,0.5652173913043478,55644.03053465304,58279.30193970626,57713.0,-2068.9694653469633,58127.0,59698.0,1571.0,0.02631578947368421,2,0,1.7777777777777777,0.9605947955390335,85.58632104616757,9.512121573873404,0.5652173913043478,8.0,8.0,8.0,8.0,88.0,68.0,196.0,0.9456521739130435,0,0,51.982489380098286,0.0,110,324.65935263450166,55644.03053465304,17.43961718153994,0.0,0.16011394391776437,448.18177346454405,459.9827341081959,0.2756078630221547,0.20002457701370313,52.881002087682674,413.3363961711145,358.4452225070949,358.14748879850026,0.2977337085946487,214.9806108148241,214.9806108148241,214.9806108148241,218.57565257975028,214.48746670396943,83.46008910221843,0.5727612624483625,56248.087386271975,66168.0,-9919.912613728024,66613.0,0.0,0.5727612624483625,3.4836654804136273,3.483625590828865,3.4836654804136273,3.483625590828865,88.78833421501272,69.64552163187295,193.0440755889667,0.9465947618472008,448.87708759593966,479.3577751254786,0.2014624216468088,0.1377288163044442,0.9286945662288332,0.790851799943431,0.9412570328251383,0.8271559277300888
351,17.55,479.9899846097669,261.94241086411665,801.5714285714286,261.99999999999994,0.9895246228294905,367.9574885993758,324.69974306689875,324.69974306689875,356.30527594843346,407.81020818270554,83.11046511580679,0.2559609820777817,218.0,218.0,218.0,217.79187409158106,217.17368965576608,199.12293684338312,214.17881732481908,84.0,0.5543478260869565,55704.48973904412,58307.59095683992,57743.0,-2038.5102609558817,58157.0,59721.0,1564.0,0.02618844292627384,2,0,1.7777777777777777,0.9553571428571429,85.67444986610977,9.467898444091476,0.5543478260869565,4.0,8.0,4.0,8.0,92.0,68.0,196.0,0.9456521739130435,0,0,51.97982985319507,0.010869565217391242,110,324.69974306689875,55704.48973904412,0.025972775041929057,0.23436778070793984,0.16008583610885557,448.18177346454405,459.9827341081959,0.2755177423729259,0.20006239079220356,52.97494780793319,412.5061256700925,358.2365867078777,357.9396231196746,0.2969635882030843,215.1998506085172,215.1998506085172,215.1998506085172,218.91722354103769,214.7062035834103,83.41163304009649,0.5727613713022474,56272.69886371037,66207.0,-9934.301136289636,66652.0,0.0,0.5727613713022474,3.4816305438078174,3.4815907573051277,3.4816305438078174,3.4815907573051277,88.73656000229803,69.60489472408506,192.93191068038163,0.9465947762607604,448.87708759593966,479.3577751254786,0.2019272165873005,0.1394608639400638,0.9288694496478584,0.790569367700422,0.9412570328251383,0.8303486280120825
352,17.6,495.3466650479157,251.75506293687422,809.6560732344553,260.87879598326225,0.989648130168402,367.95492797852467,314.9330103064639,314.9330103064639,356.2958921020759,407.807795770018,92.87478546355408,0.2949033045890517,219.0,219.0,218.0,218.42056297472095,217.2496291669516,199.12300555469523,214.4723180160793,84.0,0.5543478260869565,54490.95396187291,58340.71697096394,57778.0,-3287.0460381270896,58192.0,59738.0,1546.0,0.025879674578994944,2,0,1.7407407407407407,0.9390977443609022,85.46938800876643,9.323286018195066,0.5543478260869565,4.0,8.0,4.0,8.0,92.0,72.0,192.0,0.9565217391304348,0,0,48.89655731599246,0.0,106,314.9330103064639,54490.95396187291,18.428502160243834,8.162020446835214,0.15526018459738727,448.18177346454405,459.9827341081959,0.2973096432013238,0.2000679575682176,53.068893528183715,412.4733201778175,358.0366252135281,357.7403991662731,0.2962260472550042,215.4099758138693,215.4099758138693,215.4099758138693,219.02062199685167,214.91584678246815,83.36519148674469,0.57276147564713,56296.2245931657,66267.5,-9971.275406834298,66713.0,0.0,0.57276147564713,3.4796802191294027,3.4796405313486503,3.4796802191294027,3.4796405313486503,88.68693845836333,69.56595701657449,192.82440898811225,0.9465947900772272,448.87708759593966,479.3577751254786,0.2023726870732647,0.1395293002813048,0.9288951952057184,0.8588637650785137,0.9512523824891691,0.766264820475981
353,17.65,495.3562200873982,251.75642794251456,809.6560732344553,260.87879598326225,0.9896699951494472,367.9543804131907,314.95267140200616,314.95267140200616,356.28868665397687,407.80130516251506,92.8486337605089,0.2948018613310847,219.5,219.5,219.968994140625,218.48992468259445,217.2498829955943,199.15739327897018,214.48272657869796,80.0,0.5543478260869565,54551.2310220132,58386.64174032909,57829.0,-3277.7689779868015,58243.0,59787.0,1544.0,0.02582501212638199,2,0,1.7407407407407407,0.9429429429429429,85.64200369965256,9.332946122753286,0.5543478260869565,4.0,8.0,4.0,8.0,92.0,72.0,192.0,0.9565217391304348,0,0,48.90621078725117,0.0,106,314.95267140200616,54551.2310220132,0.009652047446548212,0.0,0.15528114293981393,448.18177346454405,459.9827341081959,0.2972657746267715,0.20006914797232056,53.16283924843424,412.47457219438616,357.8450151954688,357.5494953697015,0.2955198257673146,215.61132559524785,215.61132559524785,215.61132559524785,219.1944539745117,215.1167346875011,83.32068947863863,0.5727615756492439,56318.71037209009,66293.0,-9974.289627909908,66738.0,0.0,0.5727615756492439,3.4778113568310616,3.4777717635799377,3.4778113568310616,3.4777717635799377,88.63938946058951,69.52864563587389,192.7213969785944,0.9465948033186162,448.87708759593966,479.3577751254786,0.2027995522961824,0.1395266884188638,0.9289007006576412,0.8587262838240568,0.9562500573211845,0.7694479021729018
354,17.7,498.3240331538994,252.0327015257578,809.6560732344553,260.87879598326225,0.989748390871855,367.9539149477712,311.93137142620327,311.93137142620327,356.2788567336813,407.8142265335859,95.88285510738262,0.3073844566161778,219.5,219.5,220.0,218.66274564450026,217.6085358020316,199.15746301982193,214.5172618407387,80.0,0.5652173913043478,54323.28970215299,58418.647621050695,57869.0,-3545.7102978470066,58282.0,59815.0,1533.0,0.025629022820362786,2,0,1.7407407407407407,0.9345372460496614,85.69281752347116,9.311014227130071,0.5652173913043478,4.0,8.0,4.0,8.0,92.0,68.0,196.0,0.9456521739130435,0,0,51.88586308865506,0.010869565217391242,105,311.93137142620327,54323.28970215299,2.9806444756953754,0.0,0.16633743137608786,448.18177346454405,459.9827341081959,0.3040070125679032,0.20007015989164922,53.25678496868476,412.475355251188,357.66144256815323,357.36659886607356,0.2948437020796746,215.8042299360036,215.8042299360036,215.8042299360036,219.29978488144968,215.30919652491085,83.27805408159824,0.572761671470478,56340.20026867606,66349.5,-10009.29973132394,66794.0,0.0,0.572761671470478,3.476020892713791,3.4759813899640903,3.476020892713791,3.4759813899640903,88.5938350569484,69.49289941191893,192.62270581660803,0.9465948160063704,448.87708759593966,479.3577751254786,0.2032085119699737,0.1395250548648828,0.9289053806425301,0.8798528843164732,0.9562500573211845,0.7574108877344017
355,17.75,498.2520399237423,252.0292963243421,794.5810688530188,262.13564905598264,0.988521768195872,363.96697505613577,296.8799445171772,296.8799445171772,351.41052353518353,407.6788371254491,110.7988926082719,0.3732111065584667,219.5,219.5,220.0,218.7758998188108,217.68593561399953,201.63903045427094,216.47194284280218,84.0,0.5384615384615384,52858.822572081895,58282.630405764234,57705.5,-4846.6774279181045,58118.0,59835.0,1717.0,0.028695579510320045,2,0,1.7777777777777777,0.9430199430199431,85.34835264409239,9.517503241529951,0.5384615384615384,4.0,4.0,4.0,4.0,92.0,72.0,192.0,0.945054945054945,0,0,59.87817145038023,0.026755852842809347,100,296.8799445171772,52858.822572081895,0.07207371632664185,15.127307650297116,0.20169153409052776,448.18177346454405,459.9827341081959,0.3375903213952016,0.20873774585955562,53.35073068893528,412.3070908795802,357.4856020503737,357.1914055577276,0.2941964926461082,215.98900957358725,215.98900957358725,215.98900957358725,219.39568951900665,215.49355229640844,83.23721440511414,0.5727617632683295,56360.736666908306,66353.5,-9992.763333091694,66798.0,0.0,0.5727617632683295,3.4743058485200677,3.474266432401805,3.4743058485200677,3.474266432401805,88.55019948114676,69.45865888992171,192.52817139838336,0.9465948281613504,448.87708759593966,479.3577751254786,0.2036002461944164,0.139876075293338,0.9689917493916104,0.9851007861118908,0.9562500573211845,0.680076019268317
356,17.8,495.80814615874806,252.0,794.5714285714286,261.99999999999994,0.9885408836548901,363.96083041038025,299.32611342409854,299.32611342409854,351.4322539964774,407.69222921542763,108.3661157913291,0.36203361795497996,219.5,219.5,220.0,218.8399695566026,218.19312954924848,201.6388928560901,216.47160831563946,84.0,0.5384615384615384,53132.130831820235,58316.239644518406,57737.5,-4605.3691681797645,58150.0,59865.0,1715.0,0.028647790862774577,2,0,1.7777777777777777,0.9622093023255814,85.04931885281692,9.535156971078374,0.5384615384615384,4.0,4.0,4.0,4.0,92.0,72.0,192.0,0.945054945054945,0,0,59.86942848667598,0.0,101,299.32611342409854,53132.130831820235,2.4440693544164604,0.13599118139841204,0.20001405090190147,448.18177346454405,459.9827341081959,0.33213233748833293,0.20875110428651367,53.4446764091858,412.30657688497104,357.3171971919771,357.02362014025505,0.2935770517220248,216.1659759710427,216.1659759710427,216.1659759710427,219.4538249825168,215.67011275057263,83.19810160863977,0.5727618511958706,56380.36031265703,66393.5,-10013.13968734297,66838.0,0.0,0.5727618511958706,3.4726633321895584,3.47262399898625,3.4726633321895584,3.47262399898625,88.50840915919177,69.42586633551002,192.43763436609947,0.9465948398038272,448.87708759593966,479.3577751254786,0.2039754153956304,0.139877147550086,0.9690535302416564,0.9679958201543927,0.9562500573211845,0.6945087490193309
357,17.85,498.2346938692032,252.02847587484504,794.5810688530188,262.13564905598264,0.9885937656610203,363.98736461379997,296.89363560791134,296.89363560791134,351.42837293160227,407.6941609285017,110.80052532059034,0.3731993954458411,219.5,219.5,220.0,218.84527623294468,218.1970805532572,202.15618414736508,216.4719113687369,84.0,0.5494505494505495,52893.134222231616,58314.602121990414,57742.0,-4848.865777768384,58155.0,59862.0,1707.0,0.028515585847449135,2,0,1.7407407407407407,0.9590643274853801,85.12825445841483,9.503136181107987,0.5494505494505495,4.0,4.0,4.0,4.0,92.0,72.0,192.0,0.945054945054945,0,0,59.8601087705908,0.010989010989011061,100,296.89363560791134,52893.134222231616,2.4267147888788676,0.13599118139841204,0.20162139430177703,448.18177346454405,459.9827341081959,0.3375597733195217,0.20869341907041272,53.53862212943633,412.30574198912154,357.1559403693136,356.8629560983578,0.2929842709557988,216.335431321376,216.335431321376,216.335431321376,219.57282180433197,215.83917938720865,83.16064890061222,0.5727619354017344,56399.110360493585,66474.5,-10075.389639506417,66920.0,0.0,0.5727619354017344,3.4710905378097756,3.4710512839528747,3.4710905378097756,3.4710512839528747,88.46839270819974,69.39446573378507,192.35094010556617,0.9465948509534846,448.87708759593966,479.3577751254786,0.2043346603362156,0.1398788892467745,0.9687867442123568,0.9850050504330233,0.9562500573211845,0.6818879322137814
358,17.9,498.2346938692032,252.02847587484504,794.5810688530188,262.13564905598264,0.9886571252024917,363.98577378723917,296.9157287900491,296.9157287900491,351.42676683795816,407.6913779940869,110.77564920403779,0.37308784433703046,219.5,219.5,220.0,218.92041494414178,218.21333417880734,202.17398785349457,216.507350751682,84.0,0.5384615384615384,52937.265027695095,58335.9284913861,57768.0,-4830.734972304905,58181.0,59879.0,1699.0,0.028373887339467926,2,0,1.7407407407407407,0.9576023391812866,85.24097995223374,9.469564925928049,0.5384615384615384,4.0,4.0,4.0,4.0,92.0,72.0,192.0,0.945054945054945,0,0,59.86819353444978,0.010989010989011061,100,296.9157287900491,52937.265027695095,0.0,0.0,0.20163362102242463,448.18177346454405,459.9827341081959,0.3375104781820444,0.20869687751883448,53.63256784968685,412.3048109041987,357.0015527525702,356.709135673667,0.2924170789032132,216.49766858149687,216.49766858149687,216.49766858149687,219.55379922488495,216.00104449121233,83.12479153094117,0.5727620160301152,56417.02442094833,66528.0,-10110.975579051672,66974.0,0.0,0.5727620160301152,3.4695847452927673,3.4695455673575566,3.4695847452927673,3.4695455673575566,88.43008092823129,69.36440278290394,192.26793872878463,0.9465948616294212,448.87708759593966,479.3577751254786,0.2046786021880269,0.1398808316058457,0.9688027390509711,0.9848505626839189,0.9562500573211845,0.6842183703408938
359,17.95,497.43133584887005,252.0,801.5970647554808,261.5674573573408,0.9886935470406545,363.98515651525094,304.79521190737603,304.79521190737603,351.41921568034087,407.68871216198767,102.89350025461164,0.33758240364313813,220.0,220.0,220.0,218.9929691241677,218.2523299115643,202.67380156483335,216.5322264092542,84.0,0.5384615384615384,53807.046978163584,58367.79766450026,57789.0,-3981.953021836416,58202.0,59895.0,1694.0,0.028282828282828285,2,0,1.7407407407407407,0.9546783625730995,85.0013440538583,9.505942000937326,0.5384615384615384,4.0,4.0,4.0,4.0,92.0,72.0,192.0,0.945054945054945,0,0,52.856006801922895,0.0,103,304.79521190737603,53807.046978163584,0.8038625406634107,7.038965855135909,0.17341481997422342,448.18177346454405,459.9827341081959,0.31992947961439455,0.20869821946483036,53.72651356993737,411.4074856504658,356.85376424793367,356.56188980746526,0.2918744404684048,216.65297153263205,216.65297153263205,216.65297153263205,220.2800067347635,216.15599119284457,83.09046677764721,0.5727620932207871,56434.13860796017,66541.5,-10107.361392039827,66986.0,0.0,0.5727620932207871,3.4681433198077194,3.4681042145077754,3.4681433198077194,3.4681042145077754,88.39340678788444,69.3356248827663,192.18848504296744,0.9465948718501476,448.87708759593966,479.3577751254786,0.2050078426610215,0.1417527638040833,0.9688089453628824,0.9297528586360883,0.9612477321531999,0.7301493928626417
360,18.0,482.2526551678667,260.74737257443945,801.5970647554808,261.5674573573408,0.9888037654599169,363.9805248364535,322.20790331207405,322.20790331207405,351.4445881627087,407.7097916870148,85.50188837494073,0.26536248023726466,220.0,220.0,220.0,219.08094676391715,218.25447994267245,202.69262333305875,216.5447978193556,84.0,0.5384615384615384,55800.152564687494,58377.590844329075,57823.0,-2022.8474353125057,58236.0,59913.0,1677.0,0.0279905863502078,2,0,1.7407407407407407,0.9481481481481482,84.70783211853255,9.43729541692399,0.5384615384615384,4.0,4.0,4.0,4.0,92.0,72.0,192.0,0.945054945054945,0,0,52.831310204153574,0.0,109,322.20790331207405,55800.152564687494,17.518814862082426,0.0,0.16396652490855843,448.18177346454405,459.9827341081959,0.2810776287903548,0.2087082887097258,53.82045929018789,411.4084644086984,356.71231341734364,356.4209580610639,0.2913553562797233,216.80161486430353,216.80161486430353,216.80161486430353,220.38293974555376,216.30429355151685,83.05761392829174,0.5727621671091337,56450.48758629853,66549.5,-10099.012413701472,66994.0,0.0,0.5727621671091337,3.4667637109931775,3.4667246751756124,3.4667637109931775,3.4667246751756124,88.3583054043307,69.30808111934033,192.11243850750384,0.9465948816335936,448.87708759593966,479.3577751254786,0.2053229641820321,0.1417507219925525,0.9688555142074716,0.8079936894867128,0.9612477321531999,0.8354003440160227
361,18.05,482.8669046723717,260.23851122459166,800.5970647554809,262.56745735734074,0.9888321484596643,364.0057999205475,320.2873291657433,320.2873291657433,351.4234104344846,407.71379257827294,87.42646341252964,0.27296260404759226,220.5,220.5,220.0,219.47046943065573,218.25483768183773,202.6928172821782,216.555942515568,80.0,0.5824175824175825,55591.80413423873,58410.747184857275,57836.0,-2244.1958657612704,58249.0,59922.0,1673.0,0.027919628850839425,2,0,1.7407407407407407,0.9488130563798219,84.94161633310006,9.413980417920284,0.5824175824175825,8.0,4.0,8.0,4.0,88.0,72.0,192.0,0.945054945054945,0,0,53.82140399279656,0.04395604395604402,108,320.2873291657433,55591.80413423873,0.7976479970222033,1.4142135623729746,0.16804100284886667,448.18177346454405,459.9827341081959,0.2853628859338666,0.20865334081229447,53.914405010438415,411.4083508078363,356.57694737843184,356.2860885164105,0.2908588620213663,216.9438642791601,216.9438642791601,216.9438642791601,220.5187516054275,216.44621666038265,83.02617425679853,0.5727622378261868,56466.10461876841,66615.0,-10148.895381231589,67060.0,0.0,0.5727622378261868,3.465443451978146,3.4654044826194763,3.465443451978146,3.4654044826194763,88.32471401843468,69.28172224513077,192.0396631802688,0.9465948909971108,448.87708759593966,479.3577751254786,0.2056245301176801,0.1417509589780943,0.9686013878928814,0.8214234061750766,0.9662454069852153,0.8243979813593149
362,18.1,482.19681502720795,260.79236448675783,801.5970647554808,261.5674573573408,0.9888670115134324,363.98106825102525,322.1576525536467,322.1576525536467,351.4391471989174,407.70791612838764,85.55026357474094,0.2655540319983392,221.0,221.0,220.0,220.1095242472929,219.25359339296296,203.17424091466705,217.1795807975201,80.0,0.5714285714285714,55787.842374577456,58432.94199273171,57849.5,-2061.657625422544,58262.0,59930.0,1668.0,0.027832471216419154,2,0,1.7407407407407407,0.9509293680297398,84.61570011503031,9.43655069852055,0.5714285714285714,8.0,4.0,8.0,4.0,88.0,72.0,192.0,0.945054945054945,0,0,52.822466115671254,0.010989010989011061,109,322.1576525536467,55787.842374577456,0.8693523845758753,1.4142135623729746,0.16396464804409727,448.18177346454405,459.9827341081959,0.28118975016922954,0.2087071073293577,54.00835073068893,411.3396332323172,356.44742168702834,356.1570376593159,0.2903840277124345,217.0799766161402,217.0799766161402,217.0799766161402,220.71857104534956,216.58201676921743,82.99609099622475,0.5727623054986789,56481.02161302946,66652.5,-10171.478386970542,67098.0,0.0,0.5727623054986789,3.4641801582327503,3.4641412524337056,3.4641801582327503,3.4641412524337056,88.29257196555368,69.25650065625985,191.97002765454835,0.9465948999574834,448.87708759593966,479.3577751254786,0.205913085036126,0.1418943123961152,0.9688500504890566,0.8083450705830084,0.9712430818172308,0.8347502734795088
363,18.15,499.84355310803585,251.76320135682937,801.5970647554808,261.5674573573408,0.9889222555889222,363.9813761104031,302.37928605037115,302.37928605037115,351.4596982286658,407.70138989959764,105.3221038492265,0.34831123925493246,221.0,221.0,220.0,220.28862738859488,219.25345600599871,203.17418761794363,217.1795319538917,80.0,0.5714285714285714,53660.632442621005,58446.775857314235,57868.0,-4207.367557378995,58280.0,59940.0,1660.0,0.02769436102769436,2,0,1.7407407407407407,0.940387481371088,84.69918790559255,9.35708329956141,0.5714285714285714,8.0,4.0,8.0,4.0,88.0,72.0,192.0,0.945054945054945,0,0,52.829878717982936,0.0,102,302.37928605037115,53660.632442621005,19.822541505069456,0.0,0.17471394753271027,448.18177346454405,459.9827341081959,0.32531998409281015,0.20870643804471933,54.102296450939455,411.33964040306375,356.3235002044735,356.0335702475209,0.2899299569525624,217.2101999896244,217.2101999896244,217.2101999896244,220.8874166861704,216.71194142325209,82.96730930799819,0.5727623702491019,56495.26916788721,66721.5,-10226.230832112791,67167.0,0.0,0.5727623702491019,3.4629715262703407,3.4629326812518,3.4629715262703407,3.4629326812518,88.2618206425685,69.23237036658878,191.9034049877941,0.9465949085309324,448.87708759593966,479.3577751254786,0.2061891550026697,0.1418942974370451,0.968846955141527,0.9466463484613338,0.9712430818172308,0.7224176052279417
364,18.2,499.86025809113056,251.76572004438245,801.5970647554808,261.5674573573408,0.9889465170188283,363.98212518298743,302.3817267875741,302.3817267875741,351.43496408829,407.6953104288682,105.31358364129409,0.34828025079464486,221.5,221.5,220.393798828125,220.39530593435083,219.25311865862028,203.17405580262135,217.17941090355868,76.0,0.5714285714285714,53710.20479848593,58474.00992845155,57893.5,-4183.295201514069,58306.0,59963.0,1657.0,0.027633707452929306,2,0,1.7407407407407407,0.936661698956781,84.54243754956839,9.377141715455855,0.5714285714285714,8.0,4.0,8.0,4.0,88.0,72.0,192.0,0.945054945054945,0,0,52.83722683981822,0.0,102,302.3817267875741,53710.20479848593,0.016893793155613315,0.0,0.1747368381057525,448.18177346454405,459.9827341081959,0.3253145382283251,0.20870480956493354,54.19624217118998,411.3391838324917,356.20495495179233,355.915459165653,0.289495786139355,217.3347739424146,217.3347739424146,217.3347739424146,221.01860295837605,216.83622961580116,82.93977624809935,0.572762432195772,56508.87661893292,66717.5,-10208.623381067082,67163.0,0.0,0.572762432195772,3.4618153322225247,3.461776545320845,3.4618153322225247,3.461776545320845,88.23240347165626,69.20928697928468,191.839672623308,0.9465949167331268,448.87708759593966,479.3577751254786,0.2064532479046177,0.1418952499001025,0.9688394236510479,0.9466292814768547,0.9762407566492463,0.7250353981040317
365,18.25,502.83511448930903,252.12091366331188,801.5970647554808,261.5674573573408,0.9889891124931224,363.9476495255997,299.3806217869524,299.3806217869524,351.4090090359107,407.6987636799377,108.3181418929853,0.36180745850032836,222.0,222.0,221.181396484375,220.46530589519787,219.25262621481662,203.65576894402693,217.1792314093173,80.0,0.5604395604395604,53448.72135889085,58496.37559291349,57914.0,-4465.278641109151,58326.0,59977.0,1651.0,0.027527218767194092,2,0,1.7407407407407407,0.9369369369369369,84.46709144413268,9.351512515564252,0.5604395604395604,8.0,4.0,8.0,4.0,88.0,72.0,192.0,0.945054945054945,0,0,55.44045491648115,0.01098901098901095,101,299.3806217869524,53448.72135889085,2.9959861643057684,0.0,0.1851838458533703,448.18177346454405,459.9827341081959,0.33201071638260937,0.20877975945942162,54.2901878914405,411.339941579736,356.09156595262135,355.8024852689667,0.2890806836546744,217.45392961054452,217.45392961054452,217.45392961054452,221.12661908573727,216.95511195269532,82.91344073062902,0.5727624914529093,56521.87208342623,66756.5,-10234.627916573772,67202.0,0.0,0.5727624914529093,3.4607094303041777,3.460670698967192,3.4607094303041777,3.460670698967192,88.2042658612764,69.18720765619986,191.77871230587377,0.9465949245791916,448.87708759593966,479.3577751254786,0.2067058538012078,0.1418936691450096,0.969186056395076,0.9676146675330931,0.9812384314812617,0.7112271077082184
366,18.3,502.38222924093986,252.07792720886044,800.5714285714286,261.99999999999994,0.9890526035069005,363.98611057278106,298.79872972287376,298.79872972287376,351.4310706608145,404.45102385259685,105.65229412972309,0.35359017164401,221.5,221.5,220.78759765625,220.49653134604637,219.25124801464784,202.67361021901905,217.17871225762178,80.0,0.5604395604395604,53418.574984168314,58516.362736777184,57942.0,-4523.425015831686,58354.0,59996.0,1642.0,0.02736849123274885,2,0,1.7777777777777777,0.9500713266761769,85.29638854078793,9.644185158217743,0.5604395604395604,4.0,8.0,4.0,8.0,92.0,68.0,192.0,0.945054945054945,0,0,53.98888058971779,0.0,101,298.79872972287376,53418.574984168314,0.4549207441485945,1.1131139742882612,0.18068644615655075,448.18177346454405,459.9827341081959,0.3333090558031987,0.20869614534887038,54.38413361169102,411.3050186904006,355.98312106664565,355.6944372176041,0.2886838490415471,217.56788989808803,217.56788989808803,217.56788989808803,221.1121434535088,217.06881082668875,82.88825348916569,0.5727625481307114,56534.282504334435,66758.0,-10223.717495665564,67203.0,0.0,0.5727625481307114,3.459651751186722,3.459613072969148,3.459651751186722,3.459613072969148,88.17735516480249,69.16609108540638,191.7204099922809,0.9465949320837196,448.87708759593966,479.3577751254786,0.2069474452946755,0.1419665226401392,0.9687993528676354,0.9716835786858927,0.9762407566492463,0.709635152603167
367,18.35,502.38222924093986,252.07792720886044,800.5714285714286,261.99999999999994,0.9890758822941313,363.9856810473861,298.8030831900673,298.8030831900673,351.4296914441115,404.43306166751864,105.62997847745135,0.35351033647219965,221.5,221.5,221.5751953125,220.56756233923718,219.25145596399744,202.6736970333437,217.17879212137245,80.0,0.5604395604395604,53440.005830866634,58540.51053486919,57963.0,-4522.994169133366,58375.0,60014.0,1639.0,0.027310294264671575,2,0,1.7777777777777777,0.9546762589928057,85.62408215511145,9.622658800580584,0.5604395604395604,4.0,8.0,4.0,8.0,92.0,68.0,192.0,0.945054945054945,0,0,53.96680921821158,0.0,101,298.8030831900673,53440.005830866634,0.0,0.0,0.18060994766872449,448.18177346454405,459.9827341081959,0.333299342183745,0.2086970791347783,54.478079331941544,411.3029667113433,355.87941581512763,355.5911113029697,0.2883045121579357,217.6768696602854,217.6768696602854,217.6768696602854,221.1522923983869,217.17754060016512,82.86416703628629,0.5727626023354396,56546.133693453536,66756.0,-10209.866306546464,67201.0,0.0,0.5727626023354396,3.4586403002934425,3.4586016728530353,3.4586403002934425,3.4586016728530353,88.15162063719573,69.14589744719245,191.66465575759295,0.9465949392607838,448.87708759593966,479.3577751254786,0.2071784779189367,0.1419708033239286,0.9688036714964179,0.9716531368354007,0.9762407566492463,0.710766862340108
368,18.4,498.2451152445621,251.67058439305134,800.5714285714286,261.99999999999994,0.9890804310531487,363.9847595634599,302.9575943953554,302.9575943953554,351.4364672021061,404.43922942984744,101.48163503449206,0.3349697677558792,221.5,221.5,221.5751953125,220.63986337117706,219.25189681543708,203.17356751062653,217.17895965889588,80.0,0.5604395604395604,53862.22561366943,58557.11214512561,57988.0,-4125.774386330573,58400.0,60039.0,1640.0,0.02731557820749846,2,0,1.7777777777777777,0.9546762589928057,85.61636106308471,9.620759439595806,0.5604395604395604,4.0,8.0,4.0,8.0,92.0,68.0,192.0,0.945054945054945,0,0,51.587685999696056,0.0,102,302.9575943953554,53862.22561366943,4.157119241568141,0.0,0.17028022057890668,448.18177346454405,459.9827341081959,0.32402964080081553,0.20869908243589785,54.57202505219207,411.3024400769574,355.7802532000017,355.4923112676727,0.2879419323290335,217.781075893452,217.781075893452,217.781075893452,221.2106597209097,217.28150779461097,82.84113562158771,0.5727626541695096,56557.450373552405,66789.5,-10232.049626447597,67235.0,0.0,0.5727626541695096,3.4576731560330884,3.4576345771271804,3.4576731560330884,3.4576345771271804,88.12701339008333,69.1265883788069,191.6113436979512,0.9465949461239456,448.87708759593966,479.3577751254786,0.2073993905426062,0.1419719019488247,0.9688129364829656,0.9426024966545745,0.9762407566492463,0.7330632394293278
369,18.45,498.2696024126866,251.66305447463563,800.5714285714286,261.99999999999994,0.9891117955548157,363.957876801048,302.94537956122207,302.94537956122207,351.42989456671876,404.42898652043255,101.48360695921048,0.33498978299717463,222.0,222.0,221.5751953125,220.64057289925356,219.25205916370942,203.17363334316804,217.17902073912535,80.0,0.5604395604395604,53908.28934681755,58589.67582084182,58018.5,-4110.210653182447,58430.0,60065.0,1636.0,0.027237159743611086,2,0,1.7777777777777777,0.9586357039187228,85.60915049461946,9.571629024912617,0.5604395604395604,4.0,8.0,4.0,8.0,92.0,68.0,192.0,0.945054945054945,0,0,51.590273642484014,0.0,102,302.94537956122207,53908.28934681755,0.025618764101817137,0.0,0.1702956279353261,448.18177346454405,459.9827341081959,0.32405689499734136,0.20875752541738068,54.66597077244259,411.3028714090682,355.6854435178567,355.397848120366,0.2875953974906906,217.88070793027265,217.88070793027265,217.88070793027265,221.24862493000944,217.38091128546168,82.81911518851874,0.5727627037315799,56568.25621949221,66816.5,-10248.243780507792,67262.0,0.0,0.5727627037315799,3.4567484679836618,3.456709935464403,3.4567484679836618,3.456709935464403,88.10348634557009,69.10812693821282,191.56037183062577,0.946594952686269,448.87708759593966,479.3577751254786,0.2076106057834036,0.1419710021363398,0.9690832270708167,0.9426879095307809,0.9812384314812617,0.7354957506621981
370,18.5,498.26120641963485,251.67211171717335,800.5810688530188,262.13564905598264,0.9891567869988012,363.95111889453574,302.95027940892567,302.95027940892567,351.42056438733374,404.4266058340125,101.47632642508682,0.33496033284099713,222.0,222.0,222.0,220.7499331608888,220.14534023894652,203.1738767442252,217.17924592784624,80.0,0.5494505494505495,53885.50292448682,58593.31460779097,58016.5,-4130.99707551318,58428.0,60056.0,1629.0,0.027124683628613293,2,0,1.7777777777777777,0.9508670520231214,85.42286553834897,9.571757470107332,0.5494505494505495,4.0,8.0,4.0,8.0,92.0,68.0,192.0,0.945054945054945,0,0,51.5874461831954,0.01098901098901095,102,302.95027940892567,53885.50292448682,0.01235015553392513,0.13599118139841204,0.17028354053294034,448.18177346454405,459.9827341081959,0.3240459622731796,0.20877221706993876,54.75991649269311,411.30387921548913,355.5948041700133,355.30753994668066,0.2872642233326132,217.97595763921177,217.97595763921177,217.97595763921177,221.26234696703452,217.47594250105465,82.79806333030146,0.5727627511166473,56578.573898283066,66832.5,-10253.926101716934,67278.0,0.0,0.5727627511166473,3.4558644550376556,3.455825966848863,3.4558644550376556,3.455825966848863,88.0809941890833,69.09047756708054,191.5116419919629,0.946594958960334,448.87708759593966,479.3577751254786,0.2078125304312595,0.1419688997266716,0.9691511739021672,0.9426536470855631,0.9812384314812617,0.7342924563460775
371,18.55,498.4046824104097,251.68573001047068,824.6648378327241,246.31910554755788,0.989158231220032,363.94998785032215,331.78828433245496,331.78828433245496,351.41835472102747,404.4248967419493,72.63661240949432,0.2189245848618083,222.0,222.0,222.0,220.75047260172704,220.1453455003163,203.19171459082722,217.4790927070022,80.0,0.5494505494505495,56993.786950828835,58603.95979269437,58024.5,-1030.713049171165,58436.0,60064.0,1629.0,0.02712107085775173,2,0,1.7777777777777777,0.9508670520231214,85.42106403127656,9.56223782999879,0.5494505494505495,4.0,8.0,4.0,8.0,92.0,68.0,192.0,0.945054945054945,0,0,49.97123736603931,0.0,112,331.78828433245496,56993.786950828835,0.14412084457550076,28.81303484226726,0.15061182002426482,448.18177346454405,459.9827341081959,0.2597015229609667,0.20877467595400045,54.85386221294363,411.30389978189623,355.50815946978764,355.2212117173457,0.2869477524419608,218.0670096268933,218.0670096268933,218.0670096268933,221.3942283363741,217.56678562454445,82.7779392451981,0.5727627964161415,56588.42510805061,66866.5,-10278.074891949393,67312.0,0.0,0.5727627964161415,3.4550194035208683,3.4549809576947723,3.4550194035208683,3.4549809576947723,88.05949332152196,69.0736060532351,191.46505973381497,0.9465949649582476,448.87708759593966,479.3577751254786,0.2080055558776901,0.1419688568225858,0.9691625458958892,0.7410023665450278,0.9812384314812617,0.8984332085667994
372,18.6,498.40583597153386,251.66949817366736,823.1440723843431,247.75215320282962,0.9892007057491927,363.9807872401188,329.6934797059423,329.6934797059423,351.43325242659034,404.4427306528953,74.749250946953,0.22672347361440928,222.0,222.0,222.0,220.79151795848387,220.16153815884144,203.656018739275,217.7828278658715,80.0,0.5494505494505495,56805.077714061306,58612.778241110056,58044.0,-1238.9222859386937,58456.0,60078.0,1622.0,0.02699823562701821,2,0,1.7777777777777777,0.9569343065693431,84.6629239831125,9.571324803800184,0.5494505494505495,4.0,8.0,4.0,8.0,92.0,68.0,192.0,0.945054945054945,0,0,49.99492202998593,0.0,111,329.6934797059423,56805.077714061306,0.016272775709036773,2.089582047029797,0.15164061501785542,448.18177346454405,459.9827341081959,0.26437552969336764,0.2087077182455631,54.94780793319416,411.40525731375214,355.42534044792916,355.1386950944742,0.2866453534549578,218.15404144241364,218.15404144241364,218.15404144241364,221.4134256514687,217.6536177977477,82.75870369135038,0.5727628397180236,56597.83061589327,66884.5,-10286.669384106732,67330.0,0.0,0.5727628397180236,3.4542116652930517,3.454173259945776,3.4542116652930517,3.454173259945776,88.03894181095339,69.05747949275127,191.4205342189857,0.9465949706916572,448.87708759593966,479.3577751254786,0.2081900585492389,0.1417574123919006,0.9688528758907745,0.7556503991165826,0.9812384314812617,0.8884679429052591
373,18.65,498.40583597153386,251.66949817366736,823.1066071664249,247.78401595713015,0.9892291306084409,363.98124797404535,329.64614866759797,329.64614866759797,351.43315885794897,404.4405795621479,74.79443089454992,0.22689308277030604,221.5,221.5,222.0,220.89783005326177,220.21704008824997,203.6559732681436,217.78275016931067,80.0,0.5494505494505495,56853.10197606895,58636.16576168268,58058.0,-1204.8980239310476,58470.0,60088.0,1618.0,0.026927173478897618,2,0,1.7777777777777777,0.9554093567251462,84.89604282216816,9.557403507240718,0.5494505494505495,8.0,8.0,8.0,8.0,88.0,68.0,192.0,0.945054945054945,0,0,49.989621740682445,0.0,111,329.64614866759797,56853.10197606895,0.0,0.04918208683327945,0.1516463090581713,448.18177346454405,459.9827341081959,0.26448113648317184,0.20870671661247475,55.04175365344467,411.40628526589205,355.3461846571097,355.0598282368975,0.2863564202122006,218.2372237826603,218.2372237826603,218.2372237826603,221.42102238091172,217.73660932599012,82.7403189413975,0.5727628811068843,56606.81029461727,66912.5,-10305.689705382729,67358.0,0.0,0.5727628811068843,3.4534396558393823,3.453401289168596,3.4534396558393823,3.453401289168596,88.01929934407704,69.04206625186237,191.3779781161623,0.9465949761717646,448.87708759593966,479.3577751254786,0.2083664003430323,0.1417552679557545,0.9688482434783035,0.7559813639151794,0.9762407566492463,0.8910039847933156
374,18.7,498.40583597153386,251.66949817366736,823.1066071664249,247.78401595713015,0.9892436974789915,363.9816074271172,329.6324310330228,329.6324310330228,351.4316087549555,404.479813068299,74.84738203527621,0.22706316183973402,222.5,222.5,222.0,220.8967520510522,220.21693198395312,203.6559370807422,217.80773472527216,80.0,0.5494505494505495,56844.48179331806,58647.71080282023,58067.0,-1222.5182066819398,58479.0,60095.0,1616.0,0.02689075630252101,2,0,1.7777777777777777,0.9552785923753666,84.93824498208993,9.575955068188312,0.5494505494505495,8.0,8.0,8.0,8.0,88.0,68.0,192.0,0.945054945054945,0,0,50.030274993419035,0.0,111,329.6324310330228,56844.48179331806,0.0,0.0,0.151775948855005,448.18177346454405,459.9827341081959,0.2645117437844665,0.20870593516342206,55.1356993736952,410.4071016426296,355.2705359762562,354.9844556053331,0.2860803709231163,218.3167206978039,218.3167206978039,218.3167206978039,221.48042814159848,217.81592388312765,82.72274873705373,0.5727629206640422,56615.38315834309,66920.5,-10305.116841656913,67366.0,0.0,0.5727629206640422,3.452701852360726,3.4526635226416147,3.452701852360726,3.4526635226416147,88.00052717765155,69.02733592884425,191.33730749475808,0.946594981409338,448.87708759593966,479.3577751254786,0.2085349290626839,0.1438396893944199,0.968844629386098,0.7560772852032647,0.9862361063132771,0.8905487743720605
375,18.75,498.40583597153386,251.66949817366736,823.1066071664249,247.78401595713015,0.9892834559190602,363.9812835645015,329.63587486868835,329.63587486868835,351.4320476583066,404.48885510313875,74.8529802344504,0.22707777260065629,222.5,222.5,222.0,220.89772346982755,220.2170294228688,203.65596971306422,217.80782231960202,76.0,0.5494505494505495,56858.270028192375,58652.01042145713,58071.5,-1213.2299718076247,58484.0,60094.0,1610.0,0.02679136020234965,2,0,1.7777777777777777,0.9501466275659824,84.69227665040997,9.576011898557411,0.5494505494505495,8.0,8.0,8.0,8.0,88.0,68.0,192.0,0.945054945054945,0,0,50.03313405406854,0.0,111,329.63587486868835,56858.270028192375,0.0,0.0,0.15178303658240908,448.18177346454405,459.9827341081959,0.26450405976903013,0.20870663923901378,55.22964509394572,410.40711088491,355.19824441543847,354.91242776809156,0.2858166473469055,218.392689796224,218.392689796224,218.392689796224,221.48044691371817,217.89171871600183,82.7059582438153,0.572762958467641,56623.567396985294,66935.5,-10311.932603014706,67381.0,0.0,0.572762958467641,3.4519967918692487,3.451958497452324,3.4519967918692487,3.451958497452324,87.98258809005902,69.01325931600354,191.2984417200543,0.9465949864147248,448.87708759593966,479.3577751254786,0.2086959788529615,0.1438396701138722,0.9688478856369043,0.7560532039995277,0.9862361063132771,0.8912768967781488
376,18.8,498.40583597153386,251.66949817366736,824.0700304562318,247.016744852801,0.9892922503577014,364.005964573212,330.8742238110211,330.8742238110211,351.4228827156443,404.48760128065265,73.61337746963153,0.22248145117425594,222.0,222.0,222.0,220.90228131034962,220.21748098340134,203.1924842432133,217.80822769474705,80.0,0.5494505494505495,56952.41747798996,58649.3837649721,58084.5,-1132.0825220100378,58497.0,60106.0,1609.0,0.026769374105746514,2,0,1.7777777777777777,0.9508076358296622,84.90732670120705,9.547597576663195,0.5494505494505495,8.0,8.0,8.0,8.0,88.0,68.0,192.0,0.945054945054945,0,0,50.032876330258006,0.0,112,330.8742238110211,56952.41747798996,0.0,1.2316206326953996,0.15121418572283313,448.18177346454405,459.9827341081959,0.26174100911491704,0.20865298285828382,55.32359081419624,410.4067181616901,355.1291659219201,354.84360120794065,0.2855647139794541,218.46528244821155,218.46528244821155,218.46528244821155,221.4796509449828,217.9641448476754,82.68991400593396,0.5727629945927516,56631.38040960682,66941.5,-10310.11959039318,67387.0,0.0,0.5727629945927516,3.4513230692958956,3.451284808602736,3.4513230692958956,3.451284808602736,87.9654463331618,68.99980836190042,191.26130334895925,0.9465949911978664,448.87708759593966,479.3577751254786,0.2088498706318632,0.143840489383404,0.9685997324058149,0.7473939832718941,0.9812384314812617,0.8962485895509051
377,18.85,498.40181083717005,251.7261361122528,824.0700304562318,247.016744852801,0.9893305822254023,364.0034377295476,330.87986664648804,330.87986664648804,351.4180254546348,404.4826999775785,73.60283333109044,0.22244578999944922,222.0,222.0,222.0,220.9038381508031,220.2176330954719,203.1926077981982,217.79752921625436,80.0,0.5494505494505495,56958.81543458343,58648.68853738934,58081.5,-1122.6845654165736,58494.0,60097.0,1603.0,0.026673544436494334,2,0,1.7407407407407407,0.9455481972038263,85.87105497228185,9.505447118193379,0.5494505494505495,8.0,8.0,8.0,8.0,88.0,68.0,192.0,0.945054945054945,0,0,50.03056651960038,0.0,112,330.87986664648804,56958.81543458343,0.0567807871894456,0.0,0.15120462609788532,448.18177346454405,459.9827341081959,0.2617284186085622,0.2086584762028748,55.41753653444676,409.5751179944699,355.0631621879381,354.7778381306788,0.2853240572592881,218.53464398787105,218.53464398787105,218.53464398787105,222.10986549027768,218.0333472788708,82.67458390179118,0.5727630291114656,56638.838836659634,66966.0,-10327.161163340366,67411.0,0.0,0.5727630291114656,3.450679335614236,3.450641107135425,3.450679335614236,3.450641107135425,87.94906758458767,68.98695613390134,191.2258180266994,0.946594995768307,448.87708759593966,479.3577751254786,0.2089969125188429,0.1455753108682592,0.9686251383536483,0.7473545254452935,0.9812384314812617,0.8965864497332523
378,18.9,483.91710851770586,260.1958147482942,823.2120004153523,247.69438297533782,0.9893580912448836,363.9949041465401,346.362840300211,346.362840300211,351.4170237775417,404.48974890140306,58.12690860119204,0.16782085673743283,222.0,222.0,222.0,220.98180853135028,220.25450234784975,203.19301615178284,217.80881489377398,80.0,0.5384615384615384,58794.47869065217,58653.497189452726,58090.5,703.9786906521695,58503.0,60102.0,1599.0,0.026604771887790757,2,0,1.7407407407407407,0.9459659511472983,85.58784990188936,9.431762914619437,0.5384615384615384,8.0,8.0,8.0,8.0,88.0,68.0,192.0,0.945054945054945,0,0,37.61312531045391,0.010989010989011061,117,346.362840300211,58794.47869065217,16.77921504365766,1.0933476007962424,0.10859457463119492,448.18177346454405,459.9827341081959,0.2271822264820147,0.20867702816662215,55.511482254697285,409.5755126659302,355.000100460686,354.7150062758974,0.2850941847885906,218.6009139127129,218.6009139127129,218.6009139127129,222.17705757257588,218.099465187105,82.65993709978264,0.5727630620929962,56645.95859112223,66982.0,-10336.041408877769,67427.0,0.0,0.5727630620929962,3.450064295986362,3.450026098278272,3.450064295986362,3.450026098278272,87.93341890056372,68.97467678116942,191.1919143846882,0.9465950001352128,448.87708759593966,479.3577751254786,0.2091374002581254,0.1455744875344556,0.9687109385825177,0.6390890101252237,0.9812384314812617,0.9935232628177556
379,18.95,483.91710851770586,260.1958147482942,823.2120004153523,247.69438297533782,0.9894125671696419,364.00092160845867,346.4466330425695,346.4466330425695,351.4152775871133,404.46440003184546,58.01776698927597,0.16746523549601666,222.0,222.0,222.0,221.4342658890752,220.25397286363665,203.65621248224872,217.81935538776438,80.0,0.5384615384615384,58840.51287152807,58672.11894965586,58105.5,735.0128715280734,58518.0,60109.0,1591.0,0.026468582075895458,2,0,1.7407407407407407,0.9451851851851852,85.53286997410379,9.434542440771093,0.5384615384615384,8.0,8.0,8.0,8.0,88.0,68.0,192.0,0.945054945054945,0,0,37.61343903268575,0.0,117,346.4466330425695,58840.51287152807,0.0,0.0,0.10856921512660223,448.18177346454405,459.9827341081959,0.22699526496925448,0.2086639462366443,55.60542797494781,409.5747873312496,354.93985335491914,354.6549787303502,0.2848746245689426,218.66422608049592,218.66422608049592,218.66422608049592,222.27755114024777,218.16263212308053,82.64594401481096,0.5727630936037682,56652.7548885498,66983.0,-10330.245111450196,67428.0,0.0,0.5727630936037682,3.4494767079339255,3.4494385396164944,3.4494767079339255,3.4494385396164944,87.91846866940189,68.96294549816054,191.1595239398063,0.9465950043073796,448.87708759593966,479.3577751254786,0.2092716176361821,0.1455760006729051,0.9686504364922033,0.638503084925426,0.9812384314812617,0.9959542134685968
380,19.0,483.91710851770586,260.1958147482942,823.1103812330599,247.7808062558502,0.9894223892760324,364.0001247180786,346.3231249718065,346.3231249718065,351.41840008255065,404.4676732813549,58.144548309548384,0.16789103619425302,222.0,222.0,222.0,221.54309075029602,220.25404343129972,203.65622711067226,217.8556175967317,80.0,0.5384615384615384,58866.74311347584,58677.572349916525,58125.0,741.7431134758372,58537.0,60127.0,1591.0,0.02646065827332147,2,0,1.7407407407407407,0.9451851851851852,85.53153491962779,9.433358732592202,0.5384615384615384,8.0,8.0,8.0,8.0,88.0,68.0,192.0,0.945054945054945,0,0,37.61343903925528,0.0,117,346.3231249718065,58866.74311347584,0.0,0.1333995563122492,0.1086079338257222,448.18177346454405,459.9827341081959,0.22727084081386817,0.20866567867206198,55.69937369519833,409.57543381565904,354.8822986685463,354.59763374429264,0.2846649242536614,218.72470890293764,218.72470890293764,218.72470890293764,222.3450317702589,218.2229762039512,82.6325762654676,0.5727631237075207,56659.24227605472,67020.5,-10361.25772394528,67466.0,0.0,0.5727631237075207,3.4489153795393257,3.4488772392924147,3.4489153795393257,3.4488772392924147,87.90418656572727,68.95173848870655,191.1285809952807,0.9465950082932456,448.87708759593966,479.3577751254786,0.2093998368925516,0.1455746520259383,0.968658448762891,0.6393667216677209,0.9812384314812617,0.9973393673373391
381,19.05,483.91710851770586,260.1958147482942,823.1512114765368,247.74608167427223,0.9894190802380873,363.9992746968245,346.3627934967768,346.3627934967768,351.41561587078644,404.4651222661083,58.10232876933151,0.16774991384827306,222.5,222.5,222.0,221.61583909671816,220.25411855286123,203.65624258858574,217.85569487862145,80.0,0.5384615384615384,58880.03328776931,58700.98574375975,58143.5,736.5332877693072,58555.0,60146.0,1593.0,0.026485551823895188,2,0,1.7407407407407407,0.943952802359882,85.60727206798326,9.468374313452834,0.5384615384615384,8.0,8.0,8.0,8.0,88.0,68.0,192.0,0.945054945054945,0,0,37.61993341946041,0.0,117,346.3627934967768,58880.03328776931,0.0,0.05359949018549949,0.10861424531099496,448.18177346454405,459.9827341081959,0.22718233091159423,0.20866752661371513,55.79331941544885,409.57561956803727,354.82731920152645,354.5428545511014,0.2844646504250363,218.78248553596544,218.78248553596544,218.78248553596544,222.37876556420804,218.28062030313689,82.6198066319858,0.5727631524653904,56665.43466023924,67017.5,-10352.06533976076,67463.0,0.0,0.5727631524653904,3.4483791676781017,3.448341054239904,3.4483791676781017,3.448341054239904,87.89054350552539,68.94103293073891,191.09902254334415,0.9465950121009084,448.87708759593966,479.3577751254786,0.2095223191232983,0.1455742645233508,0.9686669952337089,0.6390893374007223,0.9862361063132771,0.9980411884023342
382,19.1,483.91710851770586,260.1958147482942,823.1512114765368,247.74608167427223,0.9894463840399003,363.99528538365735,346.36444239911265,346.36444239911265,351.4238397302629,404.4647785931951,58.100336194082445,0.16774336242960514,222.5,222.5,222.0,221.6173498808529,220.25446903347887,203.65631349721022,217.85605551021126,80.0,0.5384615384615384,58893.675157180456,58721.01209841143,58151.0,742.6751571804562,58563.0,60150.0,1588.0,0.026400665004156276,2,0,1.7407407407407407,0.9386548410938654,85.40876199886573,9.469458553246174,0.5384615384615384,8.0,8.0,8.0,8.0,88.0,68.0,192.0,0.945054945054945,0,0,37.616850895433195,0.0,117,346.36444239911265,58893.675157180456,0.0,0.0,0.10860482858713204,448.18177346454405,459.9827341081959,0.22717865181879426,0.20867619935917125,55.88726513569937,409.57604992640574,354.7748025783142,354.4905291904349,0.2842733878792955,218.8376740662316,218.8376740662316,218.8376740662316,222.446396879061,218.33568223641095,82.60760901501268,0.5727631799360108,56671.3453340986,67024.5,-10353.154665901398,67470.0,0.0,0.5727631799360108,3.447866976286271,3.447828888450772,3.447866976286271,3.447828888450772,87.87751160207455,68.93080694170737,191.0707881697953,0.9465950157381308,448.87708759593966,479.3577751254786,0.2096393146765655,0.1455733667422136,0.9687071054643672,0.6390778073635929,0.9862361063132771,0.9987615816121781
383,19.15,483.91710851770586,260.1958147482942,823.1582126926189,247.7401274041459,0.9894752588800425,364.0000408234191,346.42012953915645,346.42012953915645,351.4179742268509,404.4627207631147,58.042591223958254,0.16754970705995767,222.5,222.5,222.0,221.6517637531677,220.25405085251518,203.6562286440734,217.85562523112492,80.0,0.5384615384615384,58922.12671348634,58736.374985257506,58168.0,754.1267134863374,58580.0,60163.0,1584.0,0.026328474311453885,2,0,1.7407407407407407,0.9371766444937176,85.20845740358605,9.460379326604519,0.5384615384615384,8.0,8.0,8.0,8.0,88.0,68.0,192.0,0.945054945054945,0,0,37.61509785060483,0.0,117,346.42012953915645,58922.12671348634,0.0,0.009190775776065882,0.10858230986936092,448.18177346454405,459.9827341081959,0.22705440058114734,0.2086658610586023,55.9812108559499,409.57527974342753,354.724641074097,354.44055033515735,0.2840907389396534,218.89038769366067,218.89038769366067,218.89038769366067,222.44568005422315,218.38827494402855,82.59595839526375,0.572763206175596,56676.987002922426,67030.5,-10353.512997077574,67476.0,0.0,0.572763206175596,3.447377754665901,3.4473396912799785,3.447377754665901,3.4473396912799785,87.86506412281616,68.92103954473544,191.0438199605995,0.9465950192123544,448.87708759593966,479.3577751254786,0.2097510635396804,0.1455749734397956,0.9686592922750452,0.6386884120802073,0.9862361063132771,1.0
384,19.2,501.405835971534,251.66949817366736,824.0555488879021,247.02660053264555,0.9894743841218125,363.9903900733443,327.9097517268191,327.9097517268191,351.42714864542626,404.460002584022,76.55025085720291,0.23344914402233685,223.0,223.0,222.0,221.72868779067937,220.65532383205831,203.67464506450915,217.856493400388,80.0,0.5384615384615384,56776.34893305968,58722.912083676485,58164.0,-1387.6510669403215,58575.0,60158.0,1583.0,0.0263140396954686,2,0,1.7407407407407407,0.9356984478935698,85.23181464861906,9.421461308299323,0.5384615384615384,8.0,8.0,8.0,8.0,88.0,68.0,192.0,0.945054945054945,0,0,53.00844008363598,0.0,111,327.9097517268191,56776.34893305968,19.456455542699384,1.1464435632504455,0.16165557689115997,448.18177346454405,459.9827341081959,0.2683554505306981,0.20868684173756957,56.07515657620041,409.57657574433455,354.67673144498747,354.3928151222027,0.2839163227847621,218.94073490983928,218.94073490983928,218.94073490983928,222.4468867865372,218.43850666870745,82.58483079409334,0.5727632312380306,56682.37180921525,67053.5,-10371.128190784751,67499.0,0.0,0.5727632312380306,3.4469104958271473,3.446872455788707,3.4469104958271473,3.446872455788707,87.8531754472094,68.91171063554964,191.01806241061257,0.9465950225307178,448.87708759593966,479.3577751254786,0.209857795717449,0.1455722698205487,0.9687563249709771,0.7681232117150958,0.9912337811452925,0.8869508474004635
385,19.25,501.405835971534,251.66949817366736,824.0555488879021,247.02660053264555,0.9894817326551644,363.98715915642435,327.9097517268191,327.9097517268191,351.4295080260319,404.46250018909905,76.55274846227996,0.23345676076768798,223.0,223.0,222.0,221.76677612250165,220.67193918667053,203.67474461808357,218.55631084535426,80.0,0.5384615384615384,56776.348906240295,58727.37864092794,58169.0,-1392.651093759705,58580.0,60162.0,1582.0,0.026295668362089027,2,0,1.7407407407407407,0.9426229508196722,85.12172683726843,9.448799729434485,0.5384615384615384,8.0,8.0,8.0,8.0,88.0,68.0,192.0,0.945054945054945,0,0,53.00361060049519,0.0,111,327.9097517268191,56776.348906240295,0.0,0.0,0.1616408488048028,448.18177346454405,459.9827341081959,0.2683554505306981,0.2086938657336468,56.16910229645094,409.5794247845406,354.63097476232446,354.3472249875294,0.2837497747950692,218.9888196720939,218.9888196720939,218.9888196720939,222.55151750224945,218.48648112930633,82.57420323501827,0.5727632551749562,56687.51135666369,67083.0,-10395.488643336314,67528.0,0.0,0.5727632551749562,3.446464234872721,3.4464262171287032,3.446464234872721,3.4464262171287032,87.84182102560621,68.90280095020404,190.9934623345128,0.9465950257000556,448.87708759593966,479.3577751254786,0.2099597316012966,0.145566326367967,0.9687888099671323,0.7681232117150958,0.9912337811452925,0.8869508459841985
386,19.3,501.405835971534,251.66949817366736,824.0555488879021,247.02660053264555,0.989489254907175,363.98448603154986,327.9097517268191,327.9097517268191,351.43333615642536,404.4573410363318,76.54758930951272,0.23344102731438238,223.0,223.0,222.0,221.76809013106987,220.67209621500996,203.6748255471462,218.55654398072025,80.0,0.5494505494505495,56779.348906240295,58735.545382000215,58175.0,-1395.651093759705,58586.0,60167.0,1581.0,0.026276862732062426,2,0,1.7407407407407407,0.9411326378539493,85.15688423584483,9.424382945749674,0.5494505494505495,4.0,8.0,4.0,8.0,92.0,68.0,192.0,0.945054945054945,0,0,53.003255079539926,0.010989010989011061,111,327.9097517268191,56779.348906240295,0.0,0.0,0.16163976460113583,448.18177346454405,459.9827341081959,0.2683554505306981,0.208699677092805,56.26304801670146,409.5826822237574,354.58727625119616,354.30368550527214,0.2835907459240161,219.034741573139,219.034741573139,219.034741573139,222.6584954332974,218.53229769008385,82.56405370622355,0.5727632780358497,56692.41673317578,67087.5,-10395.083266824222,67532.0,0.0,0.5727632780358497,3.4460380474215846,3.446000050965438,3.4460380474215846,3.446000050965438,87.83097733917336,68.89429203363522,190.96996878000056,0.9465950287269216,448.87708759593966,479.3577751254786,0.2100570823290032,0.1455595309442026,0.9688156866877109,0.7681232117150958,0.9912337811452925,0.8871092685261828
387,19.35,500.27297033323833,251.60371455625724,809.7472057571018,260.174485693125,0.989529665946485,363.99133962408143,310.2415652206724,310.2415652206724,351.42385542136907,404.4330015104702,94.19143628979782,0.30360675953526794,223.0,223.0,222.0,221.76471628891903,220.6881018215882,202.6935152812975,217.81993963345795,80.0,0.5384615384615384,54777.39326352951,58745.107300083444,58184.0,-3406.606736470487,58595.0,60170.0,1575.0,0.0261758351337876,2,0,1.7777777777777777,0.9552874378992193,85.40758317592645,9.650623223703397,0.5384615384615384,4.0,8.0,4.0,8.0,88.0,68.0,196.0,0.9560439560439561,0,0,50.86989726210766,0.010989010989011061,105,310.2415652206724,54777.39326352951,1.1347740033815328,19.43181842602167,0.16396867139941196,448.18177346454405,459.9827341081959,0.3077773716176885,0.20868477741935343,56.356993736951985,409.5831627588182,354.5455451332621,354.2621062311824,0.2834389020797516,219.0785960062041,219.0785960062041,219.0785960062041,222.7279638303508,218.57605152544707,82.55436112406258,0.5727632998681115,56697.098533018056,67091.5,-10394.401466981944,67536.0,0.0,0.5727632998681115,3.445631048076052,3.44559307194595,3.445631048076052,3.44559307194595,87.82062186088335,68.8861662090473,190.94753294330943,0.94659503161759,448.87708759593966,479.3577751254786,0.210150050134862,0.145558528488238,0.9687467777889205,0.8916689439264993,0.9912337811452925,0.7813909679068592
388,19.4,500.27297033323833,251.60371455625724,809.7472057571018,260.174485693125,0.9895245849881188,363.9884599680654,310.2384616683914,310.2384616683914,351.4266327734462,404.4250915645193,94.1866298961279,0.30359430416723243,223.0,223.0,222.0,221.80268890979994,220.6883111353268,202.69364960108976,217.82011155253653,80.0,0.5384615384615384,54776.48094374868,58752.983215305954,58192.5,-3416.0190562513235,58603.0,60179.0,1576.0,0.026188537529703054,2,0,1.7777777777777777,0.9567068843151171,85.56248319630629,9.665601052020058,0.5384615384615384,4.0,8.0,4.0,8.0,88.0,68.0,196.0,0.9560439560439561,0,0,50.869641398663966,0.0,105,310.2384616683914,54776.48094374868,0.0,0.0,0.1639694869717271,448.18177346454405,459.9827341081959,0.3077842963800612,0.2086910377761071,56.4509394572025,409.5833056629052,354.505694473949,354.22240055041186,0.2832939235371441,219.1204743255789,219.1204743255789,219.1204743255789,222.86572272956923,218.61783378012797,82.54510529757525,0.5727633207171373,56701.56687807968,67107.5,-10405.933121920323,67552.0,0.0,0.5727633207171373,3.445242388930801,3.445204432207902,3.445242388930801,3.445204432207902,87.81073301758991,68.87840654815443,190.92610808706596,0.9465950343780736,448.87708759593966,479.3577751254786,0.210238828690093,0.1455582303725207,0.9687757310603684,0.8916906456806029,0.9912337811452925,0.781342790567265
389,19.45,500.27297033323833,251.60371455625724,809.7472057571018,260.174485693125,0.9895317536805025,363.99041260732156,310.2384616683914,310.2384616683914,351.42341518373405,404.41947232505015,94.18101065665877,0.3035761915211121,223.0,223.0,222.0,221.87466227387299,221.19765712035166,202.69355869032154,217.80904629129338,80.0,0.5384615384615384,54774.98121521289,58748.383602768285,58196.5,-3421.518784787113,58607.0,60182.0,1575.0,0.026170615798743812,2,0,1.7777777777777777,0.9559659090909091,85.67537175210411,9.667138258668537,0.5384615384615384,4.0,8.0,4.0,8.0,88.0,68.0,196.0,0.9560439560439561,0,0,50.85852799647925,0.0,105,310.2384616683914,54774.98121521289,0.0,0.0,0.16393366484275915,448.18177346454405,459.9827341081959,0.3077842963800612,0.20868679274882374,56.544885177453025,409.58361781446223,354.46764103403723,354.1844855296781,0.2831555043591152,219.1604640025376,219.1604640025376,219.1604640025376,222.8663945354682,218.65773172475036,82.53626689402373,0.5727633406264008,56705.83143828759,67109.5,-10403.66856171241,67554.0,0.0,0.5727633406264008,3.4448712581252394,3.444833319931206,3.4448712581252394,3.444833319931206,87.80129015319423,68.87099684227582,190.90564946051072,0.9465950370141272,448.87708759593966,479.3577751254786,0.2103236034334767,0.1455575791855092,0.9687560984049024,0.8916906456806029,0.9912337811452925,0.781263593631623
390,19.5,500.27297033323833,251.60371455625724,809.7472057571018,260.174485693125,0.9895268474215843,363.99551337642947,310.2474943762469,310.2474943762469,351.4277089814012,404.420961292553,94.1734669163061,0.3035430378112868,223.0,223.0,222.0,221.8716964246113,221.19744962395214,202.69331784800107,217.8560349914896,80.0,0.5384615384615384,54777.30175897362,58760.76534745282,58205.5,-3428.198241026381,58616.0,60192.0,1576.0,0.026182881446039342,2,0,1.7777777777777777,0.9559659090909091,85.68389719186446,9.675096669619327,0.5384615384615384,4.0,8.0,4.0,8.0,88.0,68.0,196.0,0.9560439560439561,0,0,50.85876758772972,0.0,105,310.2474943762469,54777.30175897362,0.0,0.0,0.16392966425073427,448.18177346454405,459.9827341081959,0.30776414226315973,0.20867570370410593,56.63883089770355,409.5848558567186,354.4313051256701,354.1482817738256,0.2830233518445197,219.19864877662587,219.19864877662587,219.19864877662587,223.03965609459576,218.69582890676975,82.52782740545513,0.5727633596375257,56709.90145120198,67134.5,-10424.598548798022,67579.0,0.0,0.5727633596375257,3.4445168784383924,3.444478957934507,3.4445168784383924,3.444478957934507,87.79227349290944,68.86392157429361,190.88611422209416,0.9465950395312618,448.87708759593966,479.3577751254786,0.2104045518921332,0.1455549964752235,0.968704813129247,0.8916274839913445,0.9912337811452925,0.7813861357787433
391,19.55,500.27297033323833,251.60371455625724,809.7472057571018,260.174485693125,0.9895679330221432,363.99032150403093,310.2474943762469,310.2474943762469,351.4225618880974,404.42116979042083,94.17367541417394,0.30354370984852036,223.0,223.0,222.0,221.87471515883158,221.19766077892385,203.65639775290336,217.8564994977435,80.0,0.5384615384615384,54783.30175897362,58780.80108559896,58218.5,-3435.198241026381,58629.0,60199.0,1570.0,0.02608016744464194,2,0,1.7777777777777777,0.9559659090909091,85.6752196041477,9.661946861475109,0.5384615384615384,4.0,8.0,4.0,8.0,88.0,68.0,196.0,0.9560439560439561,0,0,50.85850891796106,0.0,105,310.2474943762469,54783.30175897362,0.0,0.0,0.16392883049776816,448.18177346454405,459.9827341081959,0.30776414226315973,0.20868699080688957,56.73277661795407,409.5832550816551,354.39661047277144,354.11371328678285,0.2828971859885882,219.2351088023125,219.2351088023125,219.2351088023125,223.0400906478592,218.73220529678863,82.51976911628745,0.5727633777903549,56713.78574081727,67147.5,-10433.714259182729,67592.0,0.0,0.5727633777903549,3.444178505927674,3.444140602312757,3.444178505927674,3.444140602312757,87.78366410861821,68.85716589146983,190.867461364443,0.9465950419347552,448.87708759593966,479.3577751254786,0.2104818439924819,0.1455583358913058,0.9687570143956626,0.8916274839913445,0.9912337811452925,0.7817029808627117
392,19.6,500.27297033323833,251.60371455625724,809.7472057571018,260.174485693125,0.9895819145225321,363.9861339526799,310.2474943762469,310.2474943762469,351.42399613013185,404.42106958865185,94.17357521240496,0.30354338687485966,223.0,223.0,222.0,221.87714271668372,221.19782715223468,203.65646541730007,217.83123542372206,80.0,0.5384615384615384,54784.80173283155,58785.129815581466,58224.5,-3439.6982671684527,58635.0,60203.0,1568.0,0.02604521369366975,2,0,1.7777777777777777,0.9585714285714285,85.63701766642721,9.61508995215523,0.5384615384615384,4.0,8.0,4.0,8.0,88.0,68.0,196.0,0.9560439560439561,0,0,50.8586194450208,0.0,105,310.2474943762469,54784.80173283155,0.0,0.0,0.16392918675224805,448.18177346454405,459.9827341081959,0.30776414226315973,0.2086960945210956,56.82672233820459,409.5816168473363,354.3634840758619,354.08070733689493,0.2827767389669589,219.2699207910256,219.2699207910256,219.2699207910256,223.0405264035924,218.7669374302666,82.51207507191779,0.5727633951230265,56717.492735596905,67155.0,-10437.507264403095,67600.0,0.0,0.5727633951230265,3.4438554286099468,3.4438175411182783,3.4438554286099468,3.4438175411182783,87.77544388532421,68.8507155791188,190.84965164169063,0.946595044229654,448.87708759593966,479.3577751254786,0.2105556423614005,0.1455617534520585,0.9687991177963097,0.8916274839913445,0.9912337811452925,0.7817821907532061
393,19.65,500.27297033323833,251.60371455625724,809.7472057571018,260.174485693125,0.9895824336444872,363.982352216334,310.24759563467285,310.24759563467285,351.43073728630964,404.4233803588664,94.17578472419353,0.30355040957380613,223.0,223.0,222.0,221.87932949554738,221.19797439471262,203.65652385010515,217.8314898415317,80.0,0.5384615384615384,54790.80676883634,58793.30613159856,58227.5,-3436.693231163663,58638.0,60206.0,1568.0,0.026043915888781848,2,0,1.7777777777777777,0.9585714285714285,85.63071386593018,9.60646728213431,0.5384615384615384,4.0,8.0,4.0,8.0,88.0,68.0,196.0,0.9560439560439561,0,0,50.85844397110761,0.0,105,310.24759563467285,54790.80676883634,0.0,0.0,0.16392856765599295,448.18177346454405,459.9827341081959,0.307763916331558,0.2087043159956543,56.920668058455114,409.5816168473363,354.33185608123495,354.04919432659983,0.2826617546351144,219.3031581486067,219.3031581486067,219.3031581486067,223.0405264035924,218.8000985446596,82.5047290483405,0.5727634116720369,56721.03048576656,67155.0,-10433.96951423344,67600.0,0.0,0.5727634116720369,3.443546965185064,3.4435090930854244,3.443546965185064,3.4435090930854244,87.76759548868343,68.84455703513095,190.83264749915008,0.9465950464207944,448.87708759593966,479.3577751254786,0.2106261026176733,0.1455617534520585,0.9688371409623955,0.8916267759364248,0.9912337811452925,0.782099301776068
394,19.7,500.9390161948127,251.646493422702,796.5970647554808,262.4325426426591,0.9883326135344341,359.97396509218083,296.23196160421253,296.23196160421253,347.8864293330199,404.1445118669162,107.91255026270369,0.3642839539606557,222.5,222.5,222.0,221.88878624795967,221.20044261852968,205.15571015024852,219.44261756610965,80.0,0.5444444444444444,53444.822753516724,58588.18857694361,58035.5,-4590.677246483276,58446.0,60202.0,1756.0,0.02916846616391482,2,0,1.7777777777777777,0.9646464646464646,85.97130542909966,9.565859814714681,0.5444444444444444,4.0,4.0,4.0,4.0,88.0,68.0,196.0,0.9444444444444444,0,0,56.2756577816991,0.005982905982905962,100,296.23196160421253,53444.822753516724,0.6674182505256125,13.34260205319238,0.18997159346663436,448.18177346454405,459.9827341081959,0.33903612519921533,0.21741852813216966,57.01461377870564,409.5819348185683,354.30165965445104,354.0191076664063,0.2825519880447587,219.33489110822995,219.33489110822995,219.33489110822995,223.10892179574884,218.83175871203383,82.49771552276957,0.5727634274723108,56724.406679892825,67170.0,-10445.593320107177,67615.0,0.0,0.5727634274723108,3.4432524638023523,3.4432146063963955,3.4432524638023523,3.4432146063963955,87.76010233360952,68.83867724533422,190.81641300530856,0.9465950485127976,448.87708759593966,479.3577751254786,0.2106933736538173,0.1455610901244804,1.0,0.9896318410345251,0.9862361063132771,0.7110212320503643
395,19.75,500.9390161948127,251.646493422702,796.5996395263371,262.4687724179792,0.9883324197272471,359.97408423161335,296.2247646772585,296.2247646772585,347.8830387785888,404.1546224137499,107.92985773649139,0.3643512312486184,222.5,222.5,222.0,221.96285128467724,221.2376137902402,205.15570421391675,219.44257828571173,80.0,0.5444444444444444,53439.626715768776,58584.63260635505,58034.5,-4594.873284231224,58445.0,60201.0,1756.0,0.029168950681882362,2,0,1.7777777777777777,0.9646464646464646,85.97222837937191,9.56546029721382,0.5444444444444444,4.0,4.0,4.0,4.0,88.0,68.0,196.0,0.9444444444444444,0,0,56.274772629745094,0.0,100,296.2247646772585,53439.626715768776,0.0,0.03632115175361504,0.18997322081108692,448.18177346454405,459.9827341081959,0.3390521832528447,0.21741826912368156,57.10855949895616,409.5817191245169,354.2728308580958,353.99038365311424,0.2824472049815654,219.36518685884403,219.36518685884403,219.36518685884403,223.108935557136,218.86198496721323,82.4910196452513,0.5727634425572581,56727.62866077275,67169.0,-10441.371339227248,67614.0,0.0,0.5727634425572581,3.4429713008676366,3.442933457488095,3.4429713008676366,3.442933457488095,87.7529485539363,68.83306375969119,190.80091378611257,0.9465950505100882,448.87708759593966,479.3577751254786,0.2107575979084115,0.1455615400891262,1.0,0.9896821659283616,0.9862361063132771,0.7107468422142722
396,19.8,498.7535382563731,251.63628298629453,804.989143338534,258.6825621422937,0.9883513854741179,359.9990099710176,307.48625498374537,307.48625498374537,347.8437655203085,404.1436699908113,96.65741500706594,0.3143471080103256,222.5,222.5,222.0,222.0424841874201,221.256817561491,205.15578107205158,219.45807774148864,80.0,0.5333333333333333,54701.54148268735,58594.0975347012,58032.5,-3330.958517312647,58443.0,60196.0,1753.0,0.029121536314705296,2,0,1.7777777777777777,0.9573391178597253,85.6780656094798,9.543996622062833,0.5333333333333333,4.0,4.0,4.0,4.0,88.0,68.0,196.0,0.9444444444444444,0,0,49.335799806424085,0.011111111111111072,104,307.48625498374537,54701.54148268735,2.185501789616755,9.204301302465698,0.16044879732602071,448.18177346454405,459.9827341081959,0.3139251232668193,0.21736408069973434,57.20250521920668,409.58247841023706,354.2453085337328,353.96296135221723,0.2823471815155471,219.3941096692052,219.3941096692052,219.3941096692052,223.1088865971796,218.8908414315279,82.48462721124835,0.5727634569588417,56730.70344065869,67174.0,-10443.29655934131,67619.0,0.0,0.5727634569588417,3.4427028798919395,3.442665049901848,3.4427028798919395,3.442665049901848,87.7461189731217,68.82770466930867,190.78611696150864,0.9465950524169,448.87708759593966,479.3577751254786,0.2108189116290793,0.1455599561245812,1.0,0.9109355970474802,0.9862361063132771,0.77738542392851
397,19.85,498.7458211012579,251.635858162069,804.989143338534,258.6825621422937,0.9883455149501661,359.9725433206413,307.4943727095281,307.4943727095281,347.8657243470357,404.1403216642931,96.645948954765,0.3143015207177816,222.5,222.5,222.0,222.04215681358687,221.25677992918227,205.15577656807253,219.45803917955678,80.0,0.5444444444444444,54715.82886620186,58598.38983453175,58035.5,-3319.6711337981396,58446.0,60200.0,1754.0,0.02913621262458472,2,0,1.7777777777777777,0.9574007220216606,85.45195269653722,9.548056667028623,0.5444444444444444,4.0,4.0,4.0,4.0,88.0,68.0,196.0,0.9444444444444444,0,0,49.328106436319906,0.011111111111111072,104,307.4943727095281,54715.82886620186,0.007728839414456512,0.0,0.1604195419957076,448.18177346454405,459.9827341081959,0.3139070106922718,0.21742161905588064,57.2964509394572,409.5841296473105,354.2190341879828,353.93678248441256,0.282251703570239,219.42172100757688,219.42172100757688,219.42172100757688,223.10877509000383,218.9183894322392,82.47852463518558,0.5727634707076349,56733.63771584362,67180.5,-10446.862284156376,67625.0,0.0,0.5727634707076349,3.442446630380328,3.442408813171028,3.442446630380328,3.442408813171028,87.73959907597616,68.82258858425234,190.77199108420297,0.9465950542372776,448.87708759593966,479.3577751254786,0.2108774451262793,0.1455565114384635,1.0,0.9108788334189455,0.9862361063132771,0.7781399051334007
398,19.9,498.7458211012579,251.635858162069,804.989143338534,258.6825621422937,0.9883457085430475,359.9732639153103,307.4943727095281,307.4943727095281,347.86765785675476,404.14696418967407,96.65259148014599,0.31432312282165903,222.5,222.5,222.0,222.03986232964166,221.25651512725437,205.1557439205489,219.45776787510982,80.0,0.5333333333333333,54720.32881932585,58590.36565814023,58036.5,-3316.1711806741514,58447.0,60201.0,1754.0,0.029135728642381356,2,0,1.7777777777777777,0.9574007220216606,85.45749428777451,9.555080277910562,0.5333333333333333,4.0,4.0,4.0,4.0,88.0,68.0,196.0,0.9444444444444444,0,0,49.32822835660695,0.011111111111111072,104,307.4943727095281,54720.32881932585,0.0,0.0,0.16041993849170189,448.18177346454405,459.9827341081959,0.3139070106922718,0.2174200524869302,57.390396659707726,409.58342284205264,354.193951882651,353.91179131614194,0.2821605665090487,219.44807965717877,219.44807965717877,219.44807965717877,223.10882367019352,218.94468761772404,82.47269892493199,0.5727634838328738,56736.43788063055,67198.5,-10462.062119369451,67643.0,0.0,0.5727634838328738,3.4422020067598105,3.4421642017504723,3.4422020067598105,3.4421642017504723,87.73337498139512,68.81770461215172,190.75850608059383,0.9465950559750954,448.87708759593966,479.3577751254786,0.2109333230180785,0.1455579859222301,1.0,0.9108788334189455,0.9862361063132771,0.7783775364709714
399,19.95,498.7458211012579,251.635858162069,804.989143338534,258.6825621422937,0.9883537071485516,359.97390432409895,307.4943727095281,307.4943727095281,347.86292050975584,404.14442944812475,96.65005673859667,0.3143148796088581,222.5,222.5,222.0,222.36723215231808,221.2562769979823,205.15571315584924,219.45752395544662,80.0,0.5888888888888889,54723.3291629858,58602.47916843741,58044.5,-3321.1708370142005,58455.0,60208.0,1753.0,0.029115732128620782,2,0,1.7777777777777777,0.9582132564841499,85.8076748995982,9.612527450743825,0.5888888888888889,4.0,4.0,4.0,4.0,88.0,68.0,196.0,0.9444444444444444,0,0,49.32810339430758,0.05555555555555558,104,307.4943727095281,54723.3291629858,0.0,0.0,0.16041953210280355,448.18177346454405,459.9827341081959,0.3139070106922718,0.21741866024165413,57.48434237995824,409.5834770805496,354.17000812881116,353.8879345540769,0.2820735747342837,219.47324182747477,219.47324182747477,219.47324182747477,223.17760907074364,218.9697920685073,82.46713765720472,0.5727634963625203,56739.1100407091,67212.5,-10473.3899592909,67657.0,0.0,0.5727634963625203,3.441968487346827,3.4419306939823855,3.441968487346827,3.4419306939823855,87.72743341607472,68.81304233757368,190.74563319383356,0.9465950576340548,448.87708759593966,479.3577751254786,0.2109866644661084,0.1455578727739725,1.0,0.9108788334189455,0.9862361063132771,0.7785359771607834
400,20.0,498.7458211012579,251.635858162069,804.989143338534,258.6825621422937,0.9883658350220923,359.9732597769813,307.4943727095281,307.4943727095281,347.8658777877059,404.14683632046854,96.65246361094046,0.3143227069792343,222.5,222.5,222.0,222.36772907792897,221.25651665745866,205.1557441139699,219.45776944269645,80.0,0.5888888888888889,54721.07653893755,58594.66146955706,58040.5,-3319.423461062448,58451.0,60202.0,1751.0,0.02908541244476928,2,0,1.7777777777777777,0.9553314121037464,85.74390085673859,9.594212428130456,0.5888888888888889,4.0,4.0,4.0,4.0,88.0,68.0,196.0,0.9444444444444444,0,0,49.33626891142855,0.0,104,307.4943727095281,54721.07653893755,0.0,0.0,0.16044608711598646,448.18177346454405,459.9827341081959,0.3139070106922718,0.21742006148363524,57.578288100208766,409.5841501011124,354.14715178476564,353.8651612434618,0.2819905413038555,219.4972612613924,219.4972612613924,219.4972612613924,223.1776985694958,218.9937564042357,82.46182895387051,0.5727635083233102,56741.660025962534,67214.5,-10472.839974037466,67659.0,0.0,0.5727635083233102,3.4417455733510742,3.441707791101692,3.4417455733510742,3.441707791101692,87.72176168918857,68.8085918021502,190.7333449289741,0.946595059217694,448.87708759593966,479.3577751254786,0.211037583402889,0.145556468769286,1.0,0.9108788334189455,0.9862361063132771,0.7784170216848306
401,20.05,498.73715838772586,251.63538128548532,804.989143338534,258.6825621422937,0.9883744104165283,359.99835057348827,307.5232305081946,307.5232305081946,347.8378554167029,404.14936259705865,96.62613208886404,0.31420758662422166,223.5,223.5,222.0,222.40589978406996,221.25687114548822,205.15578742628537,219.4581326515551,80.0,0.5777777777777777,54743.29128395282,58606.84358864782,58051.5,-3308.2087160471783,58462.0,60212.0,1750.0,0.029063973958679334,2,0,1.7777777777777777,0.9594496741491673,85.8520548183409,9.599260461219737,0.5777777777777777,4.0,4.0,4.0,4.0,88.0,68.0,196.0,0.9444444444444444,0,0,49.327527696474526,0.011111111111111183,104,307.5232305081946,54743.29128395282,0.008675829471245674,0.0,0.16040260638182938,448.18177346454405,459.9827341081959,0.31384262208841707,0.2173655142264309,57.67223382045929,409.5830163678719,354.12533395778536,353.8434226702211,0.2819112875642418,219.52018933857235,219.52018933857235,219.52018933857235,223.17754735718773,219.01663188669005,82.45676145912626,0.5727635197408036,56744.09340272707,67227.5,-10483.40659727293,67672.0,0.0,0.5727635197408036,3.4415327879176907,3.4414950162772584,3.4415327879176907,3.4414950162772584,87.7163476680027,68.80434348544628,190.7216150001414,0.9465950607293988,448.87708759593966,479.3577751254786,0.2110861887507296,0.145558833877978,1.0,0.910677043729606,0.9962314559773079,0.7795901271431143
402,20.1,498.73715838772586,251.63538128548532,804.989143338534,258.6825621422937,0.9883808606400823,359.9725409456431,307.5232305081946,307.5232305081946,347.86705096340455,404.1484726528252,96.62524214463059,0.3142046927152575,223.5,223.5,222.0,222.40567806930562,221.25678079648412,205.15577667225782,219.45804006826785,80.0,0.5777777777777777,54741.791294156916,58614.52833477295,58051.5,-3309.7087058430843,58462.0,60211.0,1749.0,0.029047848399794057,2,0,1.7777777777777777,0.9595083152566883,85.62846317244572,9.612220794772359,0.5777777777777777,4.0,4.0,4.0,4.0,88.0,68.0,196.0,0.9444444444444444,0,0,49.327547034208585,0.0,104,307.5232305081946,54741.791294156916,0.0,0.0,0.1604026692640189,448.18177346454405,459.9827341081959,0.31384262208841707,0.21742162421911404,57.766179540709814,409.5837552065452,354.1045079095306,353.8226722667364,0.2818356427941921,219.54207517474725,219.54207517474725,219.54207517474725,223.17764615055583,219.0384675189364,82.45192431753429,0.5727635306394362,56746.415485524776,67224.5,-10478.084514475224,67669.0,0.0,0.5727635306394362,3.441329675204305,3.4412919136900655,3.441329675204305,3.4412919136900655,87.7111797544044,68.8002882865394,190.7104182796924,0.946595062172406,448.87708759593966,479.3577751254786,0.2111325846324314,0.1455572925685184,1.0,0.910677043729606,0.9962314559773079,0.779510916410975
403,20.15,498.77180924185404,251.6372887918201,804.989143338534,258.6825621422937,0.988382597143806,359.99907495890767,307.4917092004334,307.4917092004334,347.8414394249911,404.1500950275842,96.65838582715082,0.3143446894177744,223.5,223.5,222.0,222.44316603482878,221.25681227518533,205.1557804414233,219.4580723245128,80.0,0.5777777777777777,54762.73954474393,58618.08015948284,58060.5,-3297.7604552560733,58471.0,60220.0,1749.0,0.029043507140484887,2,0,1.7777777777777777,0.9594496741491673,85.85329392894332,9.59734271465748,0.5777777777777777,4.0,4.0,4.0,4.0,88.0,68.0,196.0,0.9444444444444444,0,0,49.36219468232878,0.0,104,307.4917092004334,54762.73954474393,0.03470331788504102,0.0,0.16053179063163894,448.18177346454405,459.9827341081959,0.3139129536137657,0.2173639394164094,57.86012526096033,409.58377245411054,354.0846289650581,353.8028655211944,0.2817634438636673,219.5629657173535,219.5629657173535,219.5629657173535,223.17764844563183,219.05931014071848,82.44730715288958,0.5727635410425684,56748.631348290655,67226.5,-10477.868651709345,67671.0,0.0,0.5727635410425684,3.441135799493921,3.441098047644516,3.441135799493921,3.441098047644516,87.7062468623216,68.79641750630174,190.6997307492963,0.9465950635498064,448.87708759593966,479.3577751254786,0.2111768705739994,0.1455572565879498,1.0,0.9108974581477054,0.9962314559773079,0.7806171414470142
404,20.2,498.77180924185404,251.6372887918201,804.989143338534,258.6825621422937,0.9883829829630367,359.99628329179876,307.4917092004334,307.4917092004334,347.84189296887615,404.15005528844426,96.65834608801089,0.3143445601813145,223.5,223.5,222.0,222.4438054437881,221.25703850822768,205.15580682381136,219.4583041743612,80.0,0.5777777777777777,54762.73954474393,58622.25171988439,58062.5,-3299.7604552560733,58473.0,60222.0,1749.0,0.02904254259240809,2,0,1.7777777777777777,0.9594496741491673,85.84852017479365,9.588973754845567,0.5777777777777777,4.0,4.0,4.0,4.0,88.0,68.0,196.0,0.9444444444444444,0,0,49.36209418333625,0.0,104,307.4917092004334,54762.73954474393,0.0,0.0,0.16053146379683486,448.18177346454405,459.9827341081959,0.3139129536137657,0.21737000848575028,57.954070981210855,409.5847054814428,354.06565442531695,353.7839598904091,0.2816945349078423,219.58290583748015,219.58290583748015,219.58290583748015,223.1777718355243,219.07920452019545,82.44290004789715,0.5727635509725257,56750.745835115,67221.5,-10470.754164885002,67666.0,0.0,0.5727635509725257,3.4409507443410767,3.4409130017159555,3.4409507443410767,3.4409130017159555,87.70153839600704,68.79272283036016,190.6895294528927,0.9465950648645576,448.87708759593966,479.3577751254786,0.2112191416995825,0.1455553101767708,1.0,0.9108974581477054,0.9962314559773079,0.7806171414470142
405,20.25,498.77180924185404,251.6372887918201,804.989143338534,258.6825621422937,0.9883767268862912,359.9725018191978,307.4917092004334,307.4917092004334,347.86479894766353,404.1485309121386,96.65682171170522,0.3143396027263326,223.5,223.5,222.0,222.44311754822672,221.25679507954644,205.15577838542177,219.45805470401075,80.0,0.5777777777777777,54762.73955228256,58626.371932565344,58063.5,-3300.760447717439,58474.0,60224.0,1750.0,0.029058182784272052,2,0,1.7777777777777777,0.9595083152566883,85.62816302214065,9.605092884438154,0.5777777777777777,4.0,4.0,4.0,4.0,88.0,68.0,196.0,0.9444444444444444,0,0,49.36221652593922,0.0,104,307.4917092004334,54762.73955228256,0.0,0.0,0.16053186166968578,448.18177346454405,459.9827341081959,0.3139129536137657,0.21742170927979654,58.04801670146138,409.5852244844877,354.04754348302987,353.7659147160157,0.2816287670141832,219.60193841826015,219.60193841826015,219.60193841826015,223.4889811529261,219.09819344213057,82.43869352463764,0.5727635604506481,56752.76357052007,67231.5,-10478.736429479934,67676.0,0.0,0.5727635604506481,3.4407741117510966,3.440736377929909,3.4407741117510966,3.440736377929909,87.69704422916342,68.78919631271395,190.67979245147149,0.9465950661194832,448.87708759593966,479.3577751254786,0.2112594889188715,0.1455542274718023,1.0,0.9108974581477054,0.9962314559773079,0.7806171418451108
406,20.3,498.77180924185404,251.6372887918201,804.989143338534,258.6825621422937,0.988391167192429,359.9944488869608,307.4917092004334,307.4917092004334,347.83578984004237,404.14676511568393,96.65505591525056,0.31433386014400655,223.5,223.5,222.0,222.4442244483568,221.25718622048714,205.1558233722696,219.45845558148116,80.0,0.5777777777777777,54765.739484947335,58622.56811786732,58071.5,-3305.760515052665,58482.0,60230.0,1748.0,0.029022082018927444,2,0,1.7777777777777777,0.9580014482259233,85.86439541402234,9.563517261144954,0.5777777777777777,4.0,4.0,4.0,4.0,88.0,68.0,196.0,0.9444444444444444,0,0,49.36468490924141,0.0,104,307.4917092004334,54765.739484947335,0.0,0.0,0.16053988914889364,448.18177346454405,459.9827341081959,0.3139129536137657,0.2173739964720418,58.1419624217119,409.5865249244577,354.03025714185753,353.748691143938,0.2815659979195288,219.6201044398094,219.6201044398094,219.6201044398094,223.49034068412664,219.1163177926356,82.43467852579136,0.5727635694973278,56754.68896928886,67237.5,-10482.811030711142,67682.0,0.0,0.5727635694973278,3.440605521392442,3.44056779597355,3.440605521392442,3.44056779597355,87.6927546848826,68.78583035999628,190.67049877961267,0.9465950673172848,448.87708759593966,479.3577751254786,0.2112979991071838,0.1455515145921172,1.0,0.9108974581477054,0.9962314559773079,0.7807755608312891
407,20.35,498.20147533580945,251.45602490786862,804.989143338534,258.6825621422937,0.9883980010293703,359.99319068650624,308.0734925694306,308.0734925694306,347.84507741648855,404.14106147455607,96.06756890512548,0.31183328401249816,223.5,223.5,222.0,222.48209747668432,221.25728710216637,205.15583436232478,219.4585589992858,80.0,0.5777777777777777,54832.718020381115,58628.12401733943,58073.5,-3240.781979618885,58484.0,60231.0,1747.0,0.029004997426574357,2,0,1.7777777777777777,0.9580014482259233,85.86224654754363,9.559415582652846,0.5777777777777777,4.0,4.0,4.0,4.0,88.0,68.0,196.0,0.9444444444444444,0,0,48.78103918170028,0.0,104,308.0734925694306,54832.718020381115,0.5984457870260796,0.0,0.15834221495283787,448.18177346454405,459.9827341081959,0.31261485671772304,0.21737673179309036,58.23590814196242,409.5869054757376,354.01375813875063,353.73225204702806,0.2815060917225764,219.637443060821,219.637443060821,219.637443060821,223.49073920956113,219.13361664057737,82.4308463966064,0.5727635781320526,56756.52624586653,67240.5,-10483.973754133476,67685.0,0.0,0.5727635781320526,3.4404446098383694,3.440406892438716,3.4404446098383694,3.440406892438716,87.68866051637751,68.78261771635107,190.66162840374497,0.9465950684605424,448.87708759593966,479.3577751254786,0.211334755278445,0.1455507207147678,1.0,0.9068293070510339,0.9962314559773079,0.7843125307785564
408,20.4,498.20458671634304,251.45617207278087,804.989143338534,258.6825621422937,0.988437655653329,359.99614341891726,308.07728299563604,308.07728299563604,347.84892830349366,404.14374125122526,96.06645825558923,0.3118258422739661,223.0,223.0,222.393798828125,222.5563319838401,221.25704979763165,205.15580810759894,219.45081610812122,80.0,0.5777777777777777,54839.072869582225,58644.08748159984,58078.5,-3239.4271304177746,58489.0,60230.0,1741.0,0.028905860866677735,2,0,1.7777777777777777,0.9594496741491673,85.84828110436048,9.58071437870032,0.5777777777777777,4.0,4.0,4.0,4.0,88.0,68.0,196.0,0.9444444444444444,0,0,48.78161305580146,0.0,104,308.07728299563604,54839.072869582225,0.0031148589592851854,0.0,0.15834212955095575,448.18177346454405,459.9827341081959,0.3126063993764614,0.21737031256864547,58.32985386221294,409.58688712353944,353.9980108693836,353.71656195077736,0.2814489186062587,219.6539916969183,219.6539916969183,219.6539916969183,223.4907199834157,219.1501273157516,82.4271888675809,0.5727635863734414,56758.27942334984,67242.5,-10484.220576650156,67687.0,0.0,0.5727635863734414,3.4402910298403775,3.4402533200941434,3.4402910298403775,3.4402533200941434,87.68475288847654,68.77955144891445,190.6531621820581,0.9465950695517216,448.87708759593966,479.3577751254786,0.2113698367513072,0.145550758999738,1.0,0.906802802294545,0.9912337811452925,0.7846481145666786
409,20.45,498.20458671634304,251.45617207278087,804.989143338534,258.6825621422937,0.9884507463182188,359.99858521448215,308.07665652979176,308.07665652979176,347.8418029322597,404.1422104181301,96.06555388833834,0.3118235408369818,223.0,223.0,222.393798828125,222.55555446717787,221.25685208920567,205.1557851744514,219.45062804954188,80.0,0.5777777777777777,54844.982528554865,58647.76405028701,58079.5,-3234.517471445135,58490.0,60229.0,1739.0,0.028873134204453005,2,0,1.7777777777777777,0.9580014482259233,85.78203229288927,9.566701802812846,0.5777777777777777,4.0,4.0,4.0,4.0,88.0,68.0,196.0,0.9444444444444444,0,0,48.78179524813022,0.0,104,308.07665652979176,54844.982528554865,0.0,0.0,0.15834304292189338,448.18177346454405,459.9827341081959,0.31260779717057385,0.21736500411816717,58.42379958246347,409.58689200685217,353.98298131657214,353.7015869620011,0.2813943545710344,219.66978609587295,219.66978609587295,219.66978609587295,223.4907250992052,219.1658854839281,82.42369803783791,0.5727635942392888,56759.95234208285,67248.5,-10488.547657917152,67693.0,0.0,0.5727635942392888,3.4401444496295,3.4401067471874285,3.4401444496295,3.4401067471874285,87.68102335986079,68.77662493387453,190.6450818260199,0.9465950705931768,448.87708759593966,479.3577751254786,0.2114033193086193,0.1455507488125397,1.0,0.9068071828902224,0.9912337811452925,0.7849601889655805
410,20.5,498.20458671634304,251.45617207278087,804.989143338534,258.6825621422937,0.9884636458731133,359.99865481434574,308.07665652979176,308.07665652979176,347.8497365366234,404.14701777580035,96.07036124600859,0.31183914525740236,223.0,223.0,222.393798828125,222.55553227893148,221.2568464343145,205.15578450453773,219.4506226699571,84.0,0.5888888888888889,54841.982533278686,58651.76065539391,58079.5,-3237.517466721314,58490.0,60227.0,1737.0,0.02884088531721653,2,0,1.7777777777777777,0.9543808834178131,85.6663302764958,9.592406692824978,0.5888888888888889,4.0,4.0,4.0,4.0,88.0,68.0,196.0,0.9444444444444444,0,0,48.78733498731086,0.011111111111111183,104,308.07665652979176,54841.982533278686,0.0,0.0,0.15836102461269408,448.18177346454405,459.9827341081959,0.31260779717057385,0.21736485280843654,58.51774530271398,409.58775629349464,353.9686369815801,353.6872947003974,0.2813422811827308,219.68486040979113,219.68486040979113,219.68486040979113,223.49163134234615,219.18092521887135,82.4203663591702,0.5727636017465907,56761.54866787519,67260.5,-10498.951332124809,67705.0,0.0,0.5727636017465907,3.440004552246819,3.4399668567753565,3.440004552246819,3.4399668567753565,87.67746386601647,68.77383184309645,190.63736986344503,0.9465950715871608,448.87708759593966,479.3577751254786,0.2114352753504588,0.1455489458029979,1.0,0.9068071828902224,0.9912337811452925,0.7848017666730495
411,20.55,498.20458671634304,251.45617207278087,804.989143338534,258.6825621422937,0.9884571959885767,359.97260637433715,308.07665652979176,308.07665652979176,347.8747086529711,404.14436330817745,96.06770677838568,0.31183052900048497,223.0,223.0,222.393798828125,222.5551813027367,221.25675689018135,205.15577379388816,219.4505374801034,84.0,0.5777777777777777,54847.982473952135,58655.748454340275,58079.5,-3231.5175260478645,58490.0,60228.0,1738.0,0.028857010028558144,2,0,1.7777777777777777,0.9544468546637744,85.445592603501,9.607114644699317,0.5777777777777777,4.0,4.0,4.0,4.0,88.0,68.0,196.0,0.9444444444444444,0,0,48.78738309874988,0.011111111111111183,104,308.07665652979176,54847.982473952135,0.0,0.0,0.1583611807797973,448.18177346454405,459.9827341081959,0.31260779717057385,0.21742148197748368,58.61169102296451,409.5874809882828,353.954946818209,353.67365423288334,0.2812925853256729,219.69924726437048,219.69924726437048,219.69924726437048,223.49134249704497,219.19527907143913,82.41718662073532,0.5727636089115858,56763.071899858245,67269.5,-10506.428100141757,67714.0,0.0,0.5727636089115858,3.4398710349000297,3.439833346081002,3.4398710349000297,3.439833346081002,87.67406670287934,68.77116613128504,190.63000960306357,0.9465950725358224,448.87708759593966,479.3577751254786,0.2114657740409676,0.1455495201239459,1.0,0.9068071828902224,0.9912337811452925,0.7851186086241304
412,20.6,498.20458671634304,251.45617207278087,804.989143338534,258.6825621422937,0.9884634543220536,359.99942718415457,308.0792577523168,308.0792577523168,347.8515806932746,404.14543478296537,96.06617703064859,0.3118229306689706,223.0,223.0,222.393798828125,222.55528595176426,221.2567836077364,205.15577700983735,219.45056289946996,84.0,0.5777777777777777,54837.737290880024,58648.05606181966,58078.5,-3240.7627091199756,58489.0,60226.0,1737.0,0.028841364194866003,2,0,1.7777777777777777,0.9543808834178131,85.6676516068385,9.597094325659743,0.5777777777777777,4.0,4.0,4.0,4.0,88.0,68.0,196.0,0.9444444444444444,0,0,48.787360013369494,0.0,104,308.0792577523168,54837.737290880024,0.0,0.0,0.15835976874688704,448.18177346454405,459.9827341081959,0.31260199322521287,0.21736317368060942,58.70563674321503,409.58787597240934,353.94188116958213,353.6606360106118,0.2812451589703073,219.7129778253288,219.7129778253288,219.7129778253288,223.4917569586999,219.20897813585808,82.414151934371,0.5727636157497885,56764.52537799458,67271.5,-10506.974622005422,67716.0,0.0,0.5727636157497885,3.43974360834714,3.439705925876808,3.43974360834714,3.439705925876808,87.67082451114665,68.76862202367698,190.62298510053455,0.9465950734412144,448.87708759593966,479.3577751254786,0.2114948814491823,0.1455486961378815,1.0,0.906788993703608,0.9912337811452925,0.7845775859756711
413,20.65,498.20458671634304,251.45617207278087,804.989143338534,258.6825621422937,0.9884509380707289,359.9729731803038,308.0792577523168,308.0792577523168,347.8741396885714,404.1524946079438,96.07323685562704,0.3118458462817579,223.0,223.0,222.393798828125,222.55465531595027,221.25662236383567,205.15575734211723,219.45040947732565,84.0,0.5777777777777777,54837.737290880024,58655.73426216931,58080.5,-3242.7627091199756,58491.0,60230.0,1739.0,0.02887265482317782,2,0,1.7777777777777777,0.9515545914678236,85.664066464419,9.598809756076738,0.5777777777777777,4.0,4.0,4.0,4.0,88.0,68.0,196.0,0.9444444444444444,0,0,48.781947267127684,0.0,104,308.0792577523168,54837.737290880024,0.0,0.0,0.15834219941657476,448.18177346454405,459.9827341081959,0.31260199322521287,0.2174206845432769,58.799582463465555,409.58772922084006,353.92941170752715,353.6482118085779,0.2811998989492394,219.72608186210363,219.72608186210363,219.72608186210363,223.49160293090193,219.2220521132776,82.41125572051868,0.5727636222760158,56765.912290255816,67276.5,-10510.587709744184,67721.0,0.0,0.5727636222760158,3.43962199630538,3.4395843198935836,3.43962199630538,3.4395843198935836,87.66773026123484,68.76619400423738,190.616281125856,0.9465950743053004,448.87708759593966,479.3577751254786,0.2115226606840766,0.145549002279926,1.0,0.906788993703608,0.9912337811452925,0.7845775859756711
414,20.7,498.20458671634304,251.45617207278087,804.989143338534,258.6825621422937,0.9884702874126223,359.9729569513328,308.0792577523168,308.0792577523168,347.8744583602843,404.1524262687437,96.0731685164269,0.31184562445831987,223.0,223.0,222.393798828125,222.55467862556583,221.2566283339201,205.15575808134673,219.45041515836076,84.0,0.5777777777777777,54837.737290880024,58647.74047389307,58080.5,-3242.7627091199756,58491.0,60227.0,1736.0,0.028824281468444384,2,0,1.7777777777777777,0.9515545914678236,85.66394160929389,9.598680864189719,0.5777777777777777,4.0,4.0,4.0,4.0,88.0,68.0,196.0,0.9444444444444444,0,0,48.781967446710624,0.0,104,308.0792577523168,54837.737290880024,0.0,0.0,0.15834226491784573,448.18177346454405,459.9827341081959,0.31260199322521287,0.21742071982497302,58.89352818371607,409.58852837396535,353.9175113744611,353.63635466771825,0.2811567067428768,219.73858780891985,219.73858780891985,219.73858780891985,223.492442276768,219.23452937269727,82.40849169472466,0.5727636285044214,56767.23567948221,67285.5,-10518.264320517788,67730.0,0.0,0.5727636285044214,3.4395059348839148,3.4394682642540033,3.4395059348839148,3.4394682642540033,87.66477723885774,68.76387680434118,190.6098831321243,0.9465950751299548,448.87708759593966,479.3577751254786,0.2115491720240289,0.1455473351470103,1.0,0.906788993703608,0.9912337811452925,0.7845775859756711
415,20.75,498.20458671634304,251.45617207278087,804.989143338534,258.6825621422937,0.988470478847048,359.9728785388862,308.0792577523168,308.0792577523168,347.87422067747985,404.1529722326766,96.0737144803598,0.3118473966124625,223.0,223.0,222.393798828125,222.5547911996445,221.25665715553498,205.15576163821953,219.4504425839443,84.0,0.5777777777777777,54837.737290880024,58647.743524018544,58081.5,-3243.7627091199756,58492.0,60228.0,1736.0,0.02882380288238029,2,0,1.7777777777777777,0.9515545914678236,85.66333854020716,9.59724897292131,0.5777777777777777,4.0,4.0,4.0,4.0,88.0,68.0,196.0,0.9444444444444444,0,0,48.7819548053475,0.0,104,308.0792577523168,54837.737290880024,0.0,0.0,0.15834222388501798,448.18177346454405,459.9827341081959,0.31260199322521287,0.21742089029321188,58.987473903966595,409.5869163023292,353.90615432768965,353.6250388394178,0.2811154882718369,219.7505228233202,219.7505228233202,219.7505228233202,223.490750552064,219.2464370093633,82.40585385470459,0.572763634448525,56768.49844993779,67290.5,-10522.00155006221,67735.0,0.0,0.572763634448525,3.439395172041163,3.4393575069289,3.439395172041163,3.4393575069289,87.66195903120473,68.76166539192832,190.60377722558655,0.9465950759169665,448.87708759593966,479.3577751254786,0.2115744730409114,0.1455506981291497,1.0,0.906788993703608,0.9912337811452925,0.7845775859756711
416,20.8,498.239278825421,251.45781297177496,804.989143338534,258.6825621422937,0.9884896386822529,359.97294614339125,307.9204305272686,307.9204305272686,347.8776420776683,404.1507158216577,96.23028529438909,0.3125167275507144,223.5,223.5,222.393798828125,222.55469414702713,221.2566323088613,205.15575857306482,219.45041894082652,80.0,0.5777777777777777,54790.21872195343,58643.893064745665,58080.0,-3289.7812780465683,58491.0,60224.0,1733.0,0.028775903294367695,2,0,1.7777777777777777,0.9464931308749096,85.53671269941269,9.594543240300457,0.5777777777777777,4.0,4.0,4.0,4.0,88.0,68.0,196.0,0.9444444444444444,0,0,48.816351096184015,0.0,104,307.9204305272686,54790.21872195343,0.0347308937660299,0.0,0.1585356028912832,448.18177346454405,459.9827341081959,0.31295637449293023,0.21742074332138006,59.08141962421712,409.58834307202017,353.89531588603404,353.6142397323317,0.2810761537023154,219.7619128422533,219.7619128422533,219.7619128422533,223.49224753078724,219.2578009007273,82.40333646794718,0.5727636401212384,56769.70337357456,67285.5,-10515.796626425436,67730.0,0.0,0.5727636401212384,3.439289467063606,3.4392518072168627,3.439289467063606,3.4392518072168627,87.65926951369505,68.75955496111027,190.59795013694827,0.9465950766680452,448.87708759593966,479.3577751254786,0.2115986187189937,0.1455477217099384,1.0,0.9078996015074625,0.9962314559773079,0.7820682484820695
417,20.85,498.239278825421,251.45781297177496,804.989143338534,258.6825621422937,0.9884900209211969,359.9730232996353,307.9204305272686,307.9204305272686,347.8776470735561,404.15456682286606,96.23413629559747,0.312529234032346,223.5,223.5,222.393798828125,222.55458330754706,221.25660391603816,205.1557550525381,219.45039192243513,80.0,0.5777777777777777,54796.2175176626,58647.588548468964,58082.0,-3285.782482337403,58493.0,60226.0,1733.0,0.028774947697007936,2,0,1.7777777777777777,0.9464931308749096,85.53730636501852,9.59676147170146,0.5777777777777777,4.0,4.0,4.0,4.0,88.0,68.0,196.0,0.9444444444444444,0,0,48.816363705575824,0.0,104,307.9204305272686,54796.2175176626,0.0,0.0,0.15853564384144617,448.18177346454405,459.9827341081959,0.31295637449293023,0.21742057558411876,59.17536534446764,409.5891600701271,353.88497247869617,353.6039338614381,0.2810386172580479,219.77278263580783,219.77278263580783,219.77278263580783,223.49310673581493,219.26864576005792,82.40093405983771,0.5727636455348923,56770.85309601769,67287.5,-10516.646903982311,67732.0,0.0,0.5727636455348923,3.439188590067637,3.439150935245607,3.439188590067637,3.439150935245607,87.656702837289,68.75754092221251,190.59238919388144,0.9465950773848238,448.87708759593966,479.3577751254786,0.2116216615688601,0.1455460173501692,1.0,0.9078996015074625,0.9962314559773079,0.7823850299704328
418,20.9,498.239278825421,251.45781297177496,804.989143338534,258.6825621422937,0.9884909764074978,359.972815471564,307.9269056367546,307.9269056367546,347.87564547906055,404.15046729415826,96.22356165740365,0.3124883207539961,223.5,223.5,222.393798828125,222.5548816838554,221.2566803084265,205.15576448122832,219.45046461466433,80.0,0.5777777777777777,54816.317307113124,58651.74317852535,58087.0,-3270.682692886876,58498.0,60231.0,1733.0,0.0287725589812555,2,0,1.7777777777777777,0.9464931308749096,85.53570794475833,9.59158091663893,0.5777777777777777,4.0,4.0,4.0,4.0,88.0,68.0,196.0,0.9444444444444444,0,0,48.81633022804914,0.0,104,307.9269056367546,54816.317307113124,0.0,0.0,0.15853220142326643,448.18177346454405,459.9827341081959,0.31294192698553613,0.2174210274012326,59.26931106471816,409.5891600701271,353.875101596276,353.5940987992391,0.2810027970369333,219.78315585868293,219.78315585868293,219.78315585868293,223.49310673581493,219.27899518779287,82.39864140228144,0.5727636507012639,56771.950142283386,67287.5,-10515.549857716614,67732.0,0.0,0.5727636507012639,3.439092321521297,3.4390546714942616,3.439092321521297,3.4390546714942616,87.65425341633244,68.75561889223667,190.58708229469136,0.9465950780688616,448.87708759593966,479.3577751254786,0.2116436517365316,0.1455460173501692,1.0,0.9078543239605948,0.9962314559773079,0.7834464498831332
419,20.95,498.239278825421,251.45781297177496,804.989143338534,258.6825621422937,0.9884905942320145,359.97322773133044,307.9269056367546,307.9269056367546,347.87787793418465,404.1537619433277,96.2268563065731,0.312499020206071,223.5,223.5,222.393798828125,222.5542892448463,221.25652850306332,205.15574560942005,219.45032015540082,80.0,0.5777777777777777,54816.317307113124,58647.72987894828,58085.0,-3268.682692886876,58496.0,60229.0,1733.0,0.028773514419963803,2,0,1.7777777777777777,0.9464931308749096,85.53888076992713,9.59682481582755,0.5777777777777777,4.0,4.0,4.0,4.0,88.0,68.0,196.0,0.9444444444444444,0,0,48.816397192381196,0.0,104,307.9269056367546,54816.317307113124,0.0,0.0,0.15853241889153838,448.18177346454405,459.9827341081959,0.31294192698553613,0.21742013115070857,59.36325678496869,409.5887669265659,353.8656817438671,353.5847131290246,0.2809686148425498,219.79305509948068,219.79305509948068,219.79305509948068,223.4926930984637,219.2888717207181,82.39645350281015,0.5727636556315978,56772.99692224242,67290.5,-10517.50307775758,67735.0,0.0,0.5727636556315978,3.43900045178723,3.4389628063360647,3.43900045178723,3.4389628063360647,87.6519159169176,68.75378468572723,190.582017883099,0.9465950787216482,448.87708759593966,479.3577751254786,0.21166463710796,0.1455468374965853,1.0,0.9078543239605948,0.9962314559773079,0.7834464498831332
420,21.0,498.21325974361247,251.4565822975294,804.989143338534,258.6825621422937,0.9884851000249024,359.9727957163443,307.93490246616994,307.93490246616994,347.87456022043017,404.1514658350745,96.21656336890453,0.3124574791565727,223.5,223.5,223.181396484375,222.62964021119288,221.7002907499052,205.15576536851364,219.45794452998172,80.0,0.5777777777777777,54809.65729864409,58651.74394368021,58089.5,-3279.842701355912,58501.0,60235.0,1734.0,0.02878724993774384,2,0,1.7777777777777777,0.9428778018799711,85.56846926747626,9.584369109341882,0.5777777777777777,4.0,4.0,4.0,4.0,92.0,68.0,192.0,0.9333333333333333,0,0,48.79009463651551,0.0,104,307.93490246616994,54809.65729864409,0.0260481703245934,0.0,0.15844288596637934,448.18177346454405,459.9827341081959,0.31292408415950257,0.2174210703489743,59.45720250521921,409.5884355280027,353.85669239613975,353.5757564001233,0.280935996016467,219.802501927904,219.802501927904,219.802501927904,223.49234468943084,219.29829687905783,82.39436559415077,0.5727636603366338,56773.995735838704,67286.5,-10512.504264161296,67731.0,0.0,0.5727636603366338,3.43891278068428,3.4388751395994746,3.43891278068428,3.4388751395994746,87.6496852457363,68.75203430602437,190.57718492409532,0.946595079344604,448.87708759593966,479.3577751254786,0.2116846634090917,0.1455475288352479,1.0,0.9077984057063279,0.9962314559773079,0.7830947513926994
421,21.05,497.97373056989056,251.4402638822128,796.5970647554808,262.4325426426591,0.9884979994355254,359.9737680908215,299.2475330775788,299.2475330775788,347.88014022978524,404.17013987434376,104.92260679676497,0.3506214594910768,224.0,224.0,222.78759765625,222.5907436209334,221.25632787682065,205.15571983940174,219.45012919624156,80.0,0.5666666666666667,53842.31122929479,58648.15525914408,58090.0,-4247.688770705208,58501.0,60233.0,1733.0,0.028771603605996714,2,0,1.7777777777777777,0.942795076031861,85.571619103329,9.602423328381844,0.5666666666666667,4.0,4.0,4.0,4.0,92.0,68.0,192.0,0.9333333333333333,0,0,56.25080587681895,0.011111111111111072,101,299.2475330775788,53842.31122929479,0.24008439295869163,9.191808129919812,0.18797416740019088,448.18177346454405,459.9827341081959,0.3323076689077976,0.21741895641206954,59.55114822546973,409.5884355280027,353.8481139543421,353.56720908506213,0.2809048692799933,219.8115169399416,219.8115169399416,219.8115169399416,223.49234468943084,219.30729121155568,82.39237312423651,0.5727636648266264,56774.948778074206,67286.5,-10511.551221925794,67731.0,0.0,0.5727636648266264,3.4388291170680994,3.43879148015003,3.4388291170680994,3.43879148015003,87.64755653941042,68.75036393689203,190.57257288082155,0.9465950799390872,448.87708759593966,479.3577751254786,0.2117037743016605,0.1455475288352479,1.0,0.9685452973995434,1.0,0.7320116102977674
422,21.1,497.97373056989056,251.4402638822128,796.5970647554808,262.4325426426591,0.9884917406823276,359.9737166756223,299.2475330775788,299.2475330775788,347.8813814959623,404.17064243150645,104.92310935392766,0.35062313889393615,224.0,224.0,223.181396484375,222.6280662271127,221.70013826728683,205.15572234222617,219.45014744522607,80.0,0.5666666666666667,53842.31122929479,58651.70772803525,58091.0,-4248.688770705208,58502.0,60235.0,1733.0,0.028770648294181123,2,0,1.7777777777777777,0.942795076031861,85.57122153752104,9.602632737078668,0.5666666666666667,4.0,4.0,4.0,4.0,92.0,68.0,192.0,0.9333333333333333,0,0,56.250737048617516,0.0,101,299.2475330775788,53842.31122929479,0.0,0.0,0.1879739373959508,448.18177346454405,459.9827341081959,0.3323076689077976,0.21741906818843715,59.64509394572025,409.5884694188826,353.83992770514567,353.5590525385591,0.2808751665865543,219.82011980111892,219.82011980111892,219.82011980111892,223.49238030882628,219.3158743386262,82.39047174665066,0.5727636691113649,56775.85814377142,67288.5,-10512.641856228583,67733.0,0.0,0.5727636691113649,3.4387492784301337,3.4387116454881834,3.4387492784301337,3.4387116454881834,87.6455251542777,68.74876993450357,190.56817169244607,0.9465950805063956,448.87708759593966,479.3577751254786,0.2117220114748704,0.1455474581346529,1.0,0.9685452973995434,1.0,0.7320116102977674
423,21.15,497.97373056989056,251.4402638822128,796.5970647554808,262.4325426426591,0.9884801805988979,359.9740906251743,299.2475330775788,299.2475330775788,347.8812531436381,404.1711432788343,104.92361020125549,0.3506248125830145,224.0,224.0,223.181396484375,222.6274234296688,221.7000751133499,205.15570389370896,219.45745249613276,80.0,0.5666666666666667,53842.31122929479,58651.841465341015,58098.0,-4255.688770705208,58509.0,60244.0,1735.0,0.02879954850275546,2,0,1.7777777777777777,0.942795076031861,85.57411615057576,9.602240644705045,0.5666666666666667,4.0,4.0,4.0,4.0,92.0,68.0,192.0,0.9333333333333333,0,0,56.253373103089345,0.0,101,299.2475330775788,53842.31122929479,0.0,0.0,0.18798274633898443,448.18177346454405,459.9827341081959,0.3323076689077976,0.21741825522411418,59.73903966597077,409.5884694188826,353.83211578124906,353.55126895827783,0.2808468229712275,219.82832928789125,219.82832928789125,219.82832928789125,223.49238030882628,219.32406499365348,82.38865731147541,0.5727636732002002,56776.72583212045,67288.5,-10511.77416787955,67733.0,0.0,0.5727636732002002,3.43867309051301,3.4386354613652657,3.43867309051301,3.4386354613652657,87.64358665661808,68.7472488197705,190.56397175298216,0.9465950810477654,448.87708759593966,479.3577751254786,0.211739414733162,0.1455474581346529,1.0,0.9685452973995434,1.0,0.7320116102977674
424,21.2,497.97373056989056,251.4402638822128,796.5970647554808,262.4325426426591,0.9885063576906477,359.97384777600274,299.2475330775788,299.2475330775788,347.88151170008877,404.17297909552394,104.92544601794515,0.3506309473593676,224.0,224.0,223.181396484375,222.62784111759314,221.70011620863426,205.15571593923244,219.45754560072373,80.0,0.5888888888888889,53845.31121872977,58651.85137585398,58100.0,-4254.688781270233,58511.0,60242.0,1731.0,0.0287341057733807,2,0,1.7777777777777777,0.942795076031861,85.57223553054136,9.5984191121173,0.5888888888888889,4.0,4.0,4.0,4.0,92.0,68.0,192.0,0.9333333333333333,0,0,56.25359062593771,0.022222222222222254,101,299.2475330775788,53845.31121872977,0.0,0.0,0.18798347323837147,448.18177346454405,459.9827341081959,0.3323076689077976,0.21741878317691232,59.832985386221296,409.62334365181266,353.82466112369036,353.54384134727195,0.2808197764184115,219.83616332725333,219.83616332725333,219.83616332725333,223.49235297340903,219.3318810625095,82.386925856539,0.5727636771020578,56777.553751023755,67302.5,-10524.946248976245,67747.0,0.0,0.5727636771020578,3.4386003869430795,3.438562761415767,3.4386003869430795,3.438562761415767,87.64173681329873,68.745797271004,190.5599638910288,0.9465950815643788,448.87708759593966,479.3577751254786,0.2117560220801724,0.1454747061428428,1.0,0.9685452973995434,1.0,0.732170032281839
425,21.25,497.97373056989056,251.4402638822128,796.5970647554808,262.4325426426591,0.9885059760956175,359.97342935011903,299.2475330775788,299.2475330775788,347.88167851413607,404.18253598764795,104.93500291006916,0.3506628837700899,224.0,224.0,223.181396484375,222.62855866845717,221.70018630353593,205.1557361318891,219.45770511846706,80.0,0.5777777777777777,53842.31122929479,58647.87104739665,58098.0,-4255.688770705208,58509.0,60240.0,1731.0,0.028735059760956177,2,0,1.7777777777777777,0.942795076031861,85.56900226754243,9.593187414920324,0.5777777777777777,4.0,4.0,4.0,4.0,92.0,68.0,192.0,0.9333333333333333,0,0,56.25024777087225,0.011111111111111183,101,299.2475330775788,53842.31122929479,0.0,0.0,0.18797230236912124,448.18177346454405,459.9827341081959,0.3323076689077976,0.21741969283254226,59.92693110647181,409.62334365181266,353.8175474457812,353.53675347805506,0.2807939677261402,219.8436390346369,219.8436390346369,219.8436390346369,223.49235297340903,219.33933962136484,82.3852735990391,0.5727636808254594,56778.34372124427,67302.5,-10524.156278755729,67747.0,0.0,0.5727636808254594,3.4385310088785417,3.438493386806101,3.4385310088785417,3.438493386806101,87.63997158282585,68.74441211689134,190.55613935037937,0.9465950820573632,448.87708759593966,479.3577751254786,0.211771869799082,0.1454747061428428,1.0,0.9685452973995434,1.0,0.7320116102977674
426,21.3,497.97373056989056,251.4402638822128,796.5970647554808,262.4325426426591,0.9885061668962998,359.9738244659594,299.2475330775788,299.2475330775788,347.8804025322918,404.172879233568,104.92534615598919,0.3506306136491614,224.0,224.0,223.181396484375,222.62788116199772,221.70012013719315,205.15571708280464,220.16765579737165,80.0,0.5666666666666667,53845.31120712186,58651.40560199248,58099.0,-4253.688792878143,58510.0,60241.0,1731.0,0.028734582759250345,2,0,1.7777777777777777,0.942795076031861,85.57205517576402,9.59690962940107,0.5666666666666667,4.0,4.0,4.0,4.0,92.0,68.0,192.0,0.9333333333333333,0,0,56.25370224050447,0.011111111111111072,101,299.2475330775788,53845.31120712186,0.0,0.0,0.1879838462224546,448.18177346454405,459.9827341081959,0.3323076689077976,0.21741883385282168,60.020876826722336,409.62363668703466,353.81075919860797,353.52998985822603,0.2807693403819371,219.85077275016528,219.85077275016528,219.85077275016528,223.49263227403145,219.34645697286024,82.38369692752988,0.572763684378541,56779.097480367294,67304.5,-10525.402519632706,67749.0,0.0,0.572763684378541,3.4384648046732735,3.438427185897524,3.4384648046732735,3.438427185897524,87.63828710678312,68.74309032978022,190.55248977147383,0.9465950825277984,448.87708759593966,479.3577751254786,0.2117869925294704,0.1454740948348862,1.0,0.9685452973995434,1.0,0.7321700316688541
427,21.35,498.36576998310954,251.4637958658373,788.594164028466,262.66949817366736,0.9885128068923159,359.9727378420082,290.8306992603228,290.8306992603228,347.87503277296133,404.1819469813954,113.35124772107264,0.3897499404614499,224.0,224.0,222.393798828125,222.6297386944418,221.70030018840458,205.1557679589383,220.16771253427177,80.0,0.5666666666666667,52866.973487806725,58655.294913650025,58100.5,-5233.526512193275,58511.0,60241.0,1731.0,0.028734582759250345,2,0,1.7777777777777777,0.942795076031861,85.56367814411996,9.586128354626863,0.5666666666666667,4.0,4.0,4.0,4.0,92.0,68.0,192.0,0.9333333333333333,0,0,64.26074043990494,0.0,98,290.8306992603228,52866.973487806725,0.3927450264107583,8.006407931783706,0.22095583651705591,448.18177346454405,459.9827341081959,0.3510876245320347,0.21742119616747102,60.11482254697286,409.62363668703466,353.8042815380288,353.52353569759003,0.280745840438783,219.8575800733321,219.8575800733321,219.8575800733321,223.49263227403145,219.3532486807057,82.38219239425717,0.5727636877690702,56779.81668658352,67304.5,-10524.683313416475,67749.0,0.0,0.5727636877690702,3.438401629554736,3.438364013924854,3.438401629554736,3.438364013924854,87.63667970164262,68.74182901924979,190.54900717365683,0.9465950829767112,448.87708759593966,479.3577751254786,0.2118014233408397,0.1454740948348862,1.0,1.0,1.0,0.6805064488645259
428,21.4,498.3705039000786,251.3155519460897,788.594164028466,262.66949817366736,0.9885065484786615,359.97259998317656,290.8371164426734,290.8371164426734,347.87657609663313,404.1774204042998,113.34030396162643,0.3897037123319397,224.0,224.0,222.393798828125,222.62997308280205,221.70032260330208,205.15577407579912,220.16771936889074,80.0,0.5666666666666667,52865.40822090297,58659.745902867864,58102.0,-5236.591779097027,58512.0,60243.0,1731.0,0.028733628803346446,2,0,1.7777777777777777,0.942795076031861,85.56261958071634,9.58603064313645,0.5666666666666667,4.0,4.0,4.0,4.0,92.0,68.0,192.0,0.9333333333333333,0,0,64.25397952574401,0.0,98,290.8371164426734,52865.40822090297,0.1483194852742103,0.0,0.2209277148379686,448.18177346454405,459.9827341081959,0.35107330627384004,0.21742149587183257,60.208768267223384,409.6243392687812,353.7981002931137,353.51737687671084,0.28072341640285,219.86407589616863,219.86407589616863,219.86407589616863,223.49330243671184,219.3597296027716,82.38075670782854,0.572763691004463,56780.50292230218,67307.5,-10526.997077697824,67752.0,0.0,0.572763691004463,3.4383413453159903,3.4383037326878707,3.4383413453159903,3.4383037326878707,87.63514585093209,68.74062542596636,190.54568393821137,0.9465950834050828,448.87708759593966,479.3577751254786,0.2118151938029238,0.1454726291618899,1.0,1.0,1.0,0.6804237910106006
429,21.45,498.3705039000786,251.3155519460897,788.594164028466,262.66949817366736,0.9885069300356877,359.9725608524494,290.8371164426734,290.8371164426734,347.8749720048404,404.17718944689295,113.34007300421956,0.3897029182193804,224.0,224.0,222.393798828125,222.63003956120906,221.70032894827244,205.15577579830435,220.16772129407948,80.0,0.5666666666666667,52868.40820493789,58667.442637028296,58104.0,-5235.591795062108,58514.0,60245.0,1731.0,0.028732674910780978,2,0,1.7777777777777777,0.942795076031861,85.56231928314247,9.583482310186554,0.5666666666666667,4.0,4.0,4.0,4.0,92.0,68.0,192.0,0.9333333333333333,0,0,64.25410467912555,0.0,98,290.8371164426734,52868.40820493789,0.0,0.0,0.22092814515918435,448.18177346454405,459.9827341081959,0.35107330627384004,0.21742158094182373,60.3027139874739,409.62374666281835,353.79220193596126,353.5114999168396,0.2807020191216338,219.87027443496203,219.87027443496203,219.87027443496203,223.4927371275467,219.3659139227343,82.3793867262028,0.5727636940917986,56781.15769760053,67304.5,-10523.34230239947,67749.0,0.0,0.5727636940917986,3.438283820021791,3.4382462102580007,3.438283820021791,3.4382462102580007,87.63368219774621,68.73947691580696,190.5425127921283,0.9465950838138512,448.87708759593966,479.3577751254786,0.2118283340529285,0.1454738654117092,1.0,1.0,1.0,0.6805822127095086
430,21.5,498.3705039000786,251.3155519460897,788.594164028466,262.66949817366736,0.9885067392603413,359.97277961540897,290.8371164426734,290.8371164426734,347.87463978262383,404.1783356561825,113.34121921350913,0.3897068592888821,224.0,224.0,222.393798828125,222.62966761478614,221.70029337743983,205.15576609052124,220.16771044722395,80.0,0.5666666666666667,52868.40820493789,58663.13831003734,58103.0,-5234.591795062108,58513.0,60244.0,1731.0,0.028733151849146803,2,0,1.7777777777777777,0.942795076031861,85.56399909192626,9.586156865837374,0.5666666666666667,4.0,4.0,4.0,4.0,92.0,68.0,192.0,0.9333333333333333,0,0,64.25757502041941,0.0,98,290.8371164426734,52868.40820493789,0.0,0.0,0.22094007740956664,448.18177346454405,459.9827341081959,0.35107330627384004,0.2174211053523215,60.396659707724424,409.62374666281835,353.7865735528372,353.50589195115833,0.2806816016788502,219.87618926058423,219.87618926058423,219.87618926058423,223.4927371275467,219.37181518033557,82.3780794499861,0.572763697037834,56781.782453517895,67304.5,-10522.717546482105,67749.0,0.0,0.572763697037834,3.4382289277264455,3.4381913206957506,3.4382289277264455,3.4381913206957506,87.63228553758346,68.73838097423811,190.53948679259344,0.9465950842039113,448.87708759593966,479.3577751254786,0.2118408728598305,0.1454738654117092,1.0,1.0,1.0,0.6805822127095086
431,21.55,498.3964355205613,251.31801329458085,788.594164028466,262.66949817366736,0.9885067392603413,359.97289438983535,290.83078704361867,290.83078704361867,347.8774733875511,404.1811904670901,113.35040342347145,0.38974691976634235,224.0,224.0,222.393798828125,222.62947218498635,221.70027461865172,205.15576092118192,220.16770467445428,80.0,0.5666666666666667,52878.28670936714,58663.13411301451,58103.0,-5224.7132906328625,58513.0,60244.0,1731.0,0.028733151849146803,2,0,1.7777777777777777,0.942795076031861,85.56488135861947,9.586235956223009,0.5666666666666667,4.0,4.0,4.0,4.0,92.0,68.0,192.0,0.9333333333333333,0,0,64.2599513758357,0.0,98,290.83078704361867,52878.28670936714,0.026048170324499503,0.0,0.22095305668652618,448.18177346454405,459.9827341081959,0.3510874286666491,0.21742085583333337,60.49060542797495,409.62365164867015,353.781202816581,353.5005406972871,0.280662119293936,219.88183332748983,219.88183332748983,219.88183332748983,223.4926465377714,219.3774463003138,82.37683201602408,0.5727636998490198,56782.37856520062,67303.5,-10521.12143479938,67748.0,0.0,0.5727636998490198,3.438176548205522,3.438138943782917,3.438176548205522,3.438138943782917,87.63095281149945,68.73733520094333,190.5365993121498,0.946595084576118,448.87708759593966,479.3577751254786,0.2118528376858477,0.1454740636230518,1.0,1.0,1.0,0.6811038719704032
432,21.6,497.15670630997624,251.03830112287983,788.594164028466,262.66949817366736,0.9885196374622356,359.9730945373788,292.08353880688384,292.08353880688384,347.8795524103963,404.1765486262853,112.09300981940146,0.383770377054743,224.0,224.0,222.393798828125,222.62913091308155,221.70024174703585,205.15575178092735,220.16769447231204,80.0,0.5666666666666667,52976.5390333027,58658.980240547375,58103.5,-5126.960966697297,58513.0,60242.0,1729.0,0.028700906344410877,2,0,1.7777777777777777,0.9448875997099347,85.50464274552107,9.608339840134768,0.5666666666666667,4.0,4.0,4.0,4.0,88.0,68.0,196.0,0.9444444444444444,0,0,64.26029458642465,0.0,99,292.08353880688384,52976.5390333027,1.2708923693907,0.0,0.22000655993459278,448.18177346454405,459.9827341081959,0.3482922418977158,0.21742042071364598,60.58455114822547,409.62365164867015,353.776077960222,353.4954344309991,0.280643529222857,219.88721900143844,219.88721900143844,219.88721900143844,223.4926465377714,219.38281962006275,82.37564169127342,0.5727637025315144,56782.94734490452,67303.5,-10520.552655095482,67748.0,0.0,0.5727637025315144,3.4381265666978003,3.438088964763665,3.4381265666978003,3.438088964763665,87.62968109955976,68.73633730468515,190.5338440245156,0.946595084931285,448.87708759593966,479.3577751254786,0.2118642547452179,0.1454740636230518,1.0,1.0,1.0,0.6862923329416475
433,21.65,497.15670630997624,251.03830112287983,788.594164028466,262.66949817366736,0.988520018591063,359.97253041166414,292.08353880688384,292.08353880688384,347.8792400003103,404.17109875730614,112.0875599504223,0.38375171845795447,224.0,224.0,222.393798828125,222.63009126060655,221.70033387886713,205.1557771340879,220.1677227872152,80.0,0.5666666666666667,52979.53898337858,58663.29696680351,58105.5,-5125.961016621419,58515.0,60244.0,1729.0,0.028699953522342475,2,0,1.7777777777777777,0.9448875997099347,85.50030701446894,9.600040412453932,0.5666666666666667,4.0,4.0,4.0,4.0,88.0,68.0,196.0,0.9444444444444444,0,0,64.2560599853526,0.0,99,292.08353880688384,52979.53898337858,0.0,0.0,0.21999206202386035,448.18177346454405,459.9827341081959,0.3482922418977158,0.21742164711992784,60.67849686847599,409.62365164867015,353.7711877517665,353.4905619610963,0.2806257906701717,219.892358085995,219.892358085995,219.892358085995,223.4926465377714,219.38794691607112,82.37450586694587,0.5727637050911965,56783.49004486237,67303.5,-10520.009955137632,67748.0,0.0,0.5727637050911965,3.4380788736595385,3.4380412740999873,3.4380788736595385,3.4380412740999873,87.62846761458364,68.73538509839665,190.53121489102668,0.9465950852701904,448.87708759593966,479.3577751254786,0.211875149060367,0.1454740636230518,1.0,1.0,1.0,0.6864507528472631
434,21.7,497.15670630997624,251.03830112287983,788.594164028466,262.66949817366736,0.9885334882562868,359.9985294127582,292.08353880688384,292.08353880688384,347.84989954313903,404.1688995062055,112.08536069932165,0.3837441889302391,224.0,224.0,222.393798828125,222.6304263231135,221.70036575313605,205.1557857109045,220.16773237805032,80.0,0.5666666666666667,52979.53898337858,58663.30419086196,58108.5,-5128.961016621419,58518.0,60245.0,1727.0,0.02866627935928293,2,0,1.7777777777777777,0.9448075526506899,85.72343731267104,9.5872432954114,0.5666666666666667,4.0,4.0,4.0,4.0,88.0,68.0,196.0,0.9444444444444444,0,0,64.2548740528236,0.0,99,292.08353880688384,52979.53898337858,0.0,0.0,0.21998800177269434,448.18177346454405,459.9827341081959,0.3482922418977158,0.217365125430816,60.77244258872651,409.62365164867015,353.76652147009133,353.48591260539206,0.2806088646992748,219.8972618478598,219.8972618478598,219.8972618478598,223.4926465377714,219.3928394291946,82.37342205290946,0.5727637075336744,56784.00786002056,67303.5,-10519.49213997944,67748.0,0.0,0.5727637075336744,3.4380333645296126,3.4379957672358046,3.4380333645296126,3.4379957672358046,87.62730969616062,68.73447649448713,190.52870614767815,0.9465950855935796,448.87708759593966,479.3577751254786,0.2118855445156132,0.1454740636230518,1.0,1.0,1.0,0.6864507528472631
435,21.75,497.15670630997624,251.03830112287983,788.594164028466,262.66949817366736,0.9885332979217848,359.99769746532786,292.08353880688384,292.08353880688384,347.8568297488149,404.17244292956707,112.08890412268323,0.38375632047101693,224.0,224.0,222.393798828125,222.63074105030032,221.7003955652967,205.15579364023898,220.1677412507358,80.0,0.5888888888888889,52976.53902139617,58666.858713743146,58107.5,-5130.960978603827,58517.0,60244.0,1727.0,0.028666755195538143,2,0,1.7777777777777777,0.9448075526506899,85.72201448351593,9.587243177929277,0.5888888888888889,4.0,4.0,4.0,4.0,88.0,68.0,196.0,0.9444444444444444,0,0,64.25914532795663,0.022222222222222254,99,292.08353880688384,52976.53902139617,0.0,0.0,0.22000262524360434,448.18177346454405,459.9827341081959,0.3482922418977158,0.21736693408007324,60.86638830897704,409.62365164867015,353.76206888190535,353.48147616775896,0.280592714146394,219.9019410410781,219.9019410410781,219.9019410410781,223.4926465377714,219.39750788880968,82.37238787233775,0.5727637098643058,56784.50193065193,67303.5,-10518.998069348068,67748.0,0.0,0.5727637098643058,3.4379899395048312,3.4379523443729454,3.4379899395048312,3.4379523443729454,87.62620480493541,68.73360950035476,190.5263122927374,0.9465950859021592,448.87708759593966,479.3577751254786,0.2118954639084916,0.1454740636230518,1.0,1.0,1.0,0.6862923323128933
436,21.8,497.15670630997624,251.03830112287983,788.594164028466,262.66949817366736,0.9885274199973443,359.9985010365475,292.08353880688384,292.08353880688384,347.8500933905035,404.1710413014872,112.08750249460337,0.3837515217477285,224.0,224.0,222.393798828125,222.63043706152976,221.70036677235797,205.15578598347878,220.16773268295725,80.0,0.5666666666666667,52979.53900123254,58666.852484525625,58110.5,-5130.960998767463,58520.0,60248.0,1728.0,0.028681450006639225,2,0,1.7777777777777777,0.9448075526506899,85.72338877630641,9.59036335706944,0.5666666666666667,4.0,4.0,4.0,4.0,88.0,68.0,196.0,0.9444444444444444,0,0,64.2523988786723,0.022222222222222254,99,292.08353880688384,52979.53900123254,0.0,0.0,0.2199795275732875,448.18177346454405,459.9827341081959,0.3482922418977158,0.2173651871205461,60.96033402922755,409.62321779885383,353.7578202197352,353.47724291619215,0.2805773035430547,219.90640593017645,219.90640593017645,219.90640593017645,223.49223305755496,219.4019625358971,82.37140105659577,0.5727637120882016,56784.9733448507,67301.5,-10516.526655149297,67746.0,0.0,0.5727637120882016,3.437948503324776,3.437910910255823,3.437948503324776,3.437910910255823,87.62515051714374,68.73278221410152,190.52402807490935,0.9465950861966068,448.87708759593966,479.3577751254786,0.2119049289987972,0.1454749686877839,1.0,1.0,1.0,0.686450753790086
437,21.85,497.15670630997624,251.03830112287983,788.594164028466,262.66949817366736,0.9885207807728058,359.97280702404845,292.08353880688384,292.08353880688384,347.8775169837237,404.18012171623235,112.09658290934851,0.3837826101643583,224.0,224.0,222.393798828125,222.6669845450905,221.70028890380297,205.15576486082995,220.16770907379507,76.0,0.5888888888888889,52979.53897763277,58662.838400662986,58109.5,-5129.961022367228,58519.0,60248.0,1729.0,0.02869804806798566,2,0,1.7777777777777777,0.9448875997099347,85.5024310094488,9.606038141775002,0.5888888888888889,4.0,4.0,4.0,4.0,88.0,68.0,196.0,0.9444444444444444,0,0,64.25874676344613,0.022222222222222254,99,292.08353880688384,52979.53897763277,0.0,0.0,0.220001260687039,448.18177346454405,459.9827341081959,0.3482922418977158,0.21742104576608612,61.05427974947808,409.6245471278862,353.75376616088454,353.4732035618462,0.2805625990383191,219.9106663122724,219.9106663122724,219.9106663122724,223.4935008434755,219.4062131451008,82.370459440355,0.5727637142102409,56785.42314091344,67308.5,-10523.076859086565,67753.0,0.0,0.5727637142102409,3.437908965066974,3.4378713739663453,3.437908965066974,3.4378713739663453,87.62414451939188,68.731992820436,190.52184848202333,0.9465950864775684,448.87708759593966,479.3577751254786,0.2119139605554586,0.145472195541918,1.0,1.0,1.0,0.6864507525438411
438,21.9,497.15670630997624,251.03830112287983,788.594164028466,262.66949817366736,0.9885211618257261,359.9725544193691,292.08353880688384,292.08353880688384,347.87949985617905,404.1726608066533,112.08912199976947,0.3837570664120143,224.0,224.0,222.393798828125,222.70484531611302,221.7003299906475,205.15577608090274,220.36758170436303,76.0,0.5666666666666667,52982.53895263921,58671.140899287544,58111.5,-5128.96104736079,58521.0,60250.0,1729.0,0.028697095435684647,2,0,1.7777777777777777,0.9448875997099347,85.50049120953422,9.603561058650818,0.5666666666666667,4.0,4.0,4.0,4.0,88.0,68.0,196.0,0.9444444444444444,0,0,64.25354608989917,0.022222222222222254,99,292.08353880688384,52982.53895263921,0.0,0.0,0.21998345525518143,448.18177346454405,459.9827341081959,0.3482922418977158,0.21742159492730595,61.1482254697286,409.6245471278862,353.7498978073312,353.4693492390062,0.2805485683250026,219.91473153820036,219.91473153820036,219.91473153820036,223.4935008434755,219.41026904580536,82.36956095692213,0.572763716235081,56785.85230961242,67308.5,-10522.64769038758,67753.0,0.0,0.572763716235081,3.4378712379507093,3.437833648728372,3.4378712379507093,3.437833648728372,87.6231846036676,68.73123958675797,190.51976873022653,0.9465950867456606,448.87708759593966,479.3577751254786,0.2119225784013239,0.145472195541918,1.0,1.0,1.0,0.6866091737659775
439,21.95,497.15670630997624,251.03830112287983,788.594164028466,262.66949817366736,0.9885147134487394,359.9725544193691,292.08353880688384,292.08353880688384,347.87949985617905,404.1726608066533,112.08912199976947,0.3837570664120143,224.0,224.0,222.393798828125,222.70484531611302,221.7003299906475,205.15577608090274,220.36758170436303,76.0,0.5666666666666667,52982.53895263921,58671.140899287544,58111.5,-5128.96104736079,58521.0,60251.0,1730.0,0.0287132163781514,2,0,1.7777777777777777,0.9448875997099347,85.50049120953422,9.603561058650818,0.5666666666666667,4.0,4.0,4.0,4.0,88.0,68.0,196.0,0.9444444444444444,0,0,64.25354608989917,0.0,99,292.08353880688384,52982.53895263921,0.0,0.0,0.21998345525518143,448.18177346454405,459.9827341081959,0.3482922418977158,0.21742159492730595,61.242171189979125,409.6245471278862,353.7462066665184,353.46567148594823,0.2805351805701548,219.91861053269807,219.91861053269807,219.91861053269807,223.4935008434755,219.414139142276,82.36870363377932,0.5727637181671651,56786.261796365616,67308.5,-10522.238203634384,67753.0,0.0,0.5727637181671651,3.43783523914988,3.437797651719677,3.43783523914988,3.437797651719677,87.62226866257363,68.73052085941902,190.5177842536562,0.9465950870014718,448.87708759593966,479.3577751254786,0.2119308014559524,0.145472195541918,1.0,1.0,1.0,0.6866091737659775
440,22.0,498.3748841443762,251.13146825195344,788.594164028466,262.66949817366736,0.988522114347357,359.99577724083827,290.8868742912162,290.8868742912162,347.8521211927462,404.17797452784134,113.29110023662514,0.3894679005805046,224.0,224.0,222.393798828125,222.70648483298652,221.70046382306995,205.1558114512857,220.3676204600725,76.0,0.5666666666666667,52884.310418619985,58675.31793557656,58116.5,-5232.189581380015,58526.0,60255.0,1729.0,0.028694714131607336,2,0,1.7777777777777777,0.9448075526506899,85.71873188863944,9.584987019552583,0.5666666666666667,4.0,4.0,4.0,4.0,88.0,68.0,196.0,0.9444444444444444,0,0,64.25541921669922,0.0,98,290.8868742912162,52884.310418619985,1.2217353846734615,0.0,0.22089487321580228,448.18177346454405,459.9827341081959,0.35096228469400603,0.21737110863782771,61.33611691022964,409.6246418176329,353.7426846330022,353.4621622266544,0.2805224063478135,219.92231181369135,219.92231181369135,219.92231181369135,223.4935912483254,219.4178319328993,82.36788558832035,0.5727637200107366,56786.65250330795,67309.5,-10522.847496692048,67754.0,0.0,0.5727637200107366,3.4378008896137047,3.437763303893405,3.4378008896137047,3.437763303893405,87.62139468477378,68.72983506014828,190.51589069457307,0.9465950872455632,448.87708759593966,479.3577751254786,0.2119386477765009,0.1454719980073173,1.0,1.0,1.0,0.6814219690810733
441,22.05,498.3748841443762,251.13146825195344,788.594164028466,262.66949817366736,0.988522495311748,359.99755641521756,290.8868742912162,290.8868742912162,347.85560986817717,404.1788697237233,113.29199543250712,0.38947097805137426,224.0,224.0,222.393798828125,222.70570649998393,221.700400605372,205.19325102789986,220.36760239648098,76.0,0.5666666666666667,52887.31040942845,58675.30366238313,58118.5,-5231.18959057155,58528.0,60257.0,1729.0,0.028693761720629967,2,0,1.7777777777777777,0.9448075526506899,85.72177329171592,9.58877162859736,0.5666666666666667,4.0,4.0,4.0,4.0,88.0,68.0,196.0,0.9444444444444444,0,0,64.25631221824638,0.0,98,290.8868742912162,52887.31040942845,0.0,0.0,0.22089794314306985,448.18177346454405,459.9827341081959,0.35096228469400603,0.21736724072225744,61.430062630480165,409.6246418176329,353.73932397092074,353.45881375334477,0.2805102175759657,219.9258435107191,219.9258435107191,219.9258435107191,223.4935912483254,219.42135552856575,82.3671050237794,0.572763721769843,56787.02529126867,67309.5,-10522.47470873133,67754.0,0.0,0.572763721769843,3.4377681138957996,3.4377305298071974,3.4377681138957996,3.4377305298071974,87.6205607506427,68.72918068263994,190.5140838939351,0.9465950874784724,448.87708759593966,479.3577751254786,0.2119461345967783,0.1454719980073173,1.0,1.0,1.0,0.6815803911376754
442,22.1,499.5177412872333,251.13146825195344,788.594164028466,262.66949817366736,0.9885226857844602,359.9965592913852,289.74921863083387,289.74921863083387,347.86254754591266,404.18104904950275,114.43183041866888,0.39493404316808584,224.0,224.0,222.393798828125,222.70614284234432,221.70043611660014,205.19329006851464,220.36761259782338,76.0,0.5666666666666667,52787.49898464305,58673.46303187714,58119.5,-5332.001015356953,58529.0,60258.0,1729.0,0.028693285538849613,2,0,1.7777777777777777,0.9448075526506899,85.72006854848179,9.586374786688479,0.5666666666666667,4.0,4.0,4.0,4.0,88.0,68.0,196.0,0.9444444444444444,0,0,64.25584195328744,0.0,98,289.74921863083387,52787.49898464305,1.1428571428571104,0.0,0.22176364187250863,448.18177346454405,459.9827341081959,0.35350066471688835,0.21736940846412778,61.52400835073069,409.6246418176329,353.73611729724377,353.4556187097895,0.2804985874542467,219.92921338253356,219.92921338253356,219.92921338253356,223.4935912483254,219.4247176702299,82.36636022534114,0.5727637234483492,56787.380981658454,67309.5,-10522.119018341546,67754.0,0.0,0.5727637234483492,3.4377368399910537,3.437699257459485,3.4377368399910537,3.437699257459485,87.61976502810873,68.72855628928971,190.5123598823948,0.9465950877007102,448.87708759593966,479.3577751254786,0.2119532783645615,0.1454719980073173,1.0,1.0,1.0,0.676309597926484
443,22.15,498.3748841443762,251.13146825195344,788.594164028466,262.66949817366736,0.988522495311748,359.9972022292893,290.8868742912162,290.8868742912162,347.8528023891405,404.18075937824943,113.29388508703323,0.38947747423491885,224.0,224.0,222.393798828125,222.70586153064113,221.70041324300536,205.19326491765366,220.3676060427899,76.0,0.5666666666666667,52890.310386042285,58671.30932610596,58118.5,-5228.189613957715,58528.0,60257.0,1729.0,0.028693761720629967,2,0,1.7777777777777777,0.9448075526506899,85.72116769162467,9.588017003960212,0.5666666666666667,4.0,4.0,4.0,4.0,88.0,68.0,196.0,0.9444444444444444,0,0,64.2553165027719,0.0,98,290.8868742912162,52890.310386042285,1.1428571428571104,0.0,0.22089452010971056,448.18177346454405,459.9827341081959,0.35096228469400603,0.21736801072056822,61.61795407098121,409.6246792321573,353.7330575657746,353.45257007536816,0.2804874904064149,219.93242883391363,219.93242883391363,219.93242883391363,223.4936269734133,219.42792574568475,82.36564955642393,0.5727637250499434,56787.720358270955,67313.5,-10525.779641729045,67758.0,0.0,0.5727637250499434,3.4377069991796105,3.4376694181332255,3.4377069991796105,3.4376694181332255,87.61900576868481,68.72796050808154,190.51071487169537,0.9465950879127631,448.87708759593966,479.3577751254786,0.2119600947772361,0.1454719199559613,1.0,1.0,1.0,0.6817388124446945
444,22.2,498.3748841443762,251.13146825195344,788.594164028466,262.66949817366736,0.9885372936198457,359.9939877426882,290.8868742912162,290.8868742912162,347.85188523675805,404.177096884079,113.29022259286279,0.3894648834496544,224.0,224.0,222.393798828125,222.70726660260908,221.7005267416622,205.19338985791867,220.36763799228035,80.0,0.5666666666666667,52899.31030561008,58687.624147545204,58128.5,-5229.189694389919,58538.0,60265.0,1728.0,0.028673359329627477,2,0,1.7777777777777777,0.943437273386512,85.7604501652941,9.55165954377821,0.5666666666666667,4.0,4.0,4.0,4.0,88.0,68.0,196.0,0.9444444444444444,0,0,64.25677061000715,0.0,98,290.8868742912162,52899.31030561008,0.0,0.0,0.22089951898509397,448.18177346454405,459.9827341081959,0.35096228469400603,0.21737499899722024,61.71189979123173,409.6246792321573,353.7301380518684,353.4496611498439,0.2804769020244748,219.93549693172343,219.93549693172343,219.93549693172343,223.4936269734133,219.4309868055838,82.36497145513107,0.5727637265781446,56788.044169001994,67313.5,-10525.455830998006,67758.0,0.0,0.5727637265781446,3.4376785258769935,3.4376409462481092,3.4376785258769935,3.4376409462481092,87.618281303676,68.72739202961117,190.50914524645611,0.9465950881150996,448.87708759593966,479.3577751254786,0.2119665988158401,0.1454719199559613,1.0,1.0,1.0,0.6822140758232225
445,22.25,498.3748841443762,251.13146825195344,788.594164028466,262.66949817366736,0.9885564461260186,359.99314716054437,290.8868742912162,290.8868742912162,347.8524046846063,404.1756917467945,113.28881745557828,0.3894600529213333,224.0,224.0,222.393798828125,222.70763345051517,221.70055606624257,205.19342219752295,220.3676460077627,80.0,0.5666666666666667,52899.31030561008,58687.63093743724,58127.5,-5228.189694389919,58537.0,60261.0,1725.0,0.028625479165629512,2,0,1.7407407407407407,0.9425454545454546,86.28956740556079,9.521947408792412,0.5666666666666667,4.0,4.0,4.0,4.0,88.0,68.0,196.0,0.9444444444444444,0,0,64.25893289854612,0.0,98,290.8868742912162,52899.31030561008,0.0,0.0,0.22090695241963526,448.18177346454405,459.9827341081959,0.35096228469400603,0.21737682641829825,61.805845511482254,409.6246792321573,353.72735233783686,353.44688553882054,0.2804667990163239,219.9384244202518,219.9384244202518,219.9384244202518,223.4936269734133,219.433907578745,82.36432443086127,0.5727637280363111,56788.35312749108,67313.5,-10525.146872508922,67758.0,0.0,0.5727637280363111,3.437651357493131,3.437613779216747,3.437651357493131,3.437613779216747,87.61759004055699,68.72684960424402,190.50764755632596,0.9465950883081634,448.87708759593966,479.3577751254786,0.2119728047775799,0.1454719199559613,1.0,1.0,1.0,0.6822140758232225
446,22.3,498.3748841443762,251.13146825195344,788.594164028466,262.66949817366736,0.9885628941254564,359.99314716054437,290.8868742912162,290.8868742912162,347.8524046846063,404.1756917467945,113.28881745557828,0.3894600529213333,224.0,224.0,222.393798828125,222.70763345051517,221.70055606624257,205.19342219752295,220.3676460077627,80.0,0.5666666666666667,52899.31030561008,58687.63093743724,58127.5,-5228.189694389919,58537.0,60260.0,1724.0,0.028609359442416195,2,0,1.7407407407407407,0.9425454545454546,86.28956740556079,9.522474889092333,0.5666666666666667,4.0,4.0,4.0,4.0,88.0,68.0,196.0,0.9444444444444444,0,0,64.25893289854612,0.0,98,290.8868742912162,52899.31030561008,0.0,0.0,0.22090695241963526,448.18177346454405,459.9827341081959,0.35096228469400603,0.21737682641829825,61.89979123173278,409.6246792321573,353.7246942990058,353.44423713985225,0.2804571591535705,219.94121773586176,219.94121773586176,219.94121773586176,223.4936269734133,219.43669448676712,82.36370706106871,0.5727637294276494,56788.64791468726,67313.5,-10524.85208531274,67758.0,0.0,0.5727637294276494,3.4376254342954944,3.437587857309552,3.4376254342954944,3.437587857309552,87.61693045951367,68.72633203940103,190.50621850848609,0.9465950884923792,448.87708759593966,479.3577751254786,0.2119787263068905,0.1454719199559613,1.0,1.0,1.0,0.6822140758232225
447,22.35,498.3748841443762,251.13146825195344,788.594164028466,262.66949817366736,0.9885693423389037,359.994328895767,290.8868742912162,290.8868742912162,347.8507156094125,404.1783744565948,113.29150016537858,0.3894692754405921,224.0,224.0,222.393798828125,222.7071176481241,221.70051479822206,205.1933766935465,220.36763469908246,80.0,0.5777777777777777,52902.31027586742,58687.621380811666,58127.5,-5225.189724132579,58537.0,60259.0,1724.0,0.02860983421563584,2,0,1.7407407407407407,0.9425454545454546,86.29158562514128,9.518262116572021,0.5777777777777777,4.0,4.0,4.0,4.0,88.0,68.0,196.0,0.9444444444444444,0,0,64.25581532412458,0.011111111111111072,98,290.8868742912162,52902.31027586742,0.0,0.0,0.22089623493907126,448.18177346454405,459.9827341081959,0.35096228469400603,0.21737425733225435,61.9937369519833,409.62462798615456,353.7221580904028,353.4417101291782,0.2804479612245814,219.9438830209816,219.9438830209816,219.9438830209816,223.49357804192417,219.4393536579884,82.36311798817363,0.5727637307552179,56788.92918034456,67317.5,-10528.57081965544,67762.0,0.0,0.5727637307552179,3.437600699279102,3.437563123524569,3.437600699279102,3.437563123524569,87.61630111013862,68.72583819696513,190.50485496049535,0.9465950886681516,448.87708759593966,479.3577751254786,0.2119843764250925,0.1454720268615031,1.0,1.0,1.0,0.6823724967945708
448,22.4,498.3748841443762,251.13146825195344,788.594164028466,262.66949817366736,0.9885564461260186,359.994328895767,290.8868742912162,290.8868742912162,347.8507156094125,404.1782335491342,113.29135925791797,0.38946879103420234,224.0,224.0,222.393798828125,222.7071176481241,221.70051479822206,205.1933766935465,220.36763469908246,80.0,0.5777777777777777,52902.31027586742,58687.621380811666,58127.5,-5225.189724132579,58537.0,60261.0,1724.0,0.028608884684953786,2,0,1.7407407407407407,0.9425454545454546,86.29158562514128,9.518262116572021,0.5777777777777777,4.0,4.0,4.0,4.0,88.0,68.0,196.0,0.9444444444444444,0,0,64.25656322222453,0.0,98,290.8868742912162,52902.31027586742,0.0,0.0,0.22089880603514347,448.18177346454405,459.9827341081959,0.35096228469400603,0.21737425733225435,62.08768267223382,409.62462798615456,353.71973813404173,353.439298949055,0.2804391849867329,219.94642613746709,219.94642613746709,219.94642613746709,223.49357804192417,219.4418909408179,82.36255591660625,0.5727637320219368,56789.197544448514,67317.5,-10528.302455551486,67762.0,0.0,0.5727637320219368,3.4375770980431,3.437539523463272,3.4375770980431,3.437539523463272,87.6157006082764,68.72536699080752,190.50355391345144,0.9465950888358676,448.87708759593966,479.3577751254786,0.2119897675587188,0.1454720268615031,1.0,1.0,1.0,0.6823724967945708
449,22.45,498.3748841443762,251.13146825195344,788.594164028466,262.66949817366736,0.9885564461260186,359.99420786638467,290.8868742912162,290.8868742912162,347.8510281913248,404.1789414602639,113.2920671690477,0.38947122466456624,224.0,224.0,222.393798828125,222.70717049655116,221.70051903811782,205.19338136640678,220.36763587004583,80.0,0.5666666666666667,52899.31028408097,58687.622363082955,58127.5,-5228.189715919027,58537.0,60261.0,1724.0,0.028608884684953786,2,0,1.7407407407407407,0.9425454545454546,86.29137889075086,9.518940690998777,0.5666666666666667,4.0,4.0,4.0,4.0,88.0,68.0,196.0,0.9444444444444444,0,0,64.25530998893034,0.011111111111111072,98,290.8868742912162,52899.31028408097,0.0,0.0,0.22089449771667002,448.18177346454405,459.9827341081959,0.35096228469400603,0.21737452044948324,62.18162839248434,409.62462798615456,353.7174291067805,353.43699829565776,0.2804308111227556,219.94885267936047,219.94885267936047,219.94885267936047,223.49357804192417,219.44431191646584,82.36201960998883,0.572763733230593,56789.45359857794,67317.5,-10528.046401422063,67762.0,0.0,0.572763733230593,3.437554578672131,3.4375170052132944,3.437554578672131,3.4375170052132944,87.61512763301022,68.72491738442051,190.50231250546435,0.9465950889958946,448.87708759593966,479.3577751254786,0.2119949115665664,0.1454720268615031,1.0,1.0,1.0,0.6822140746863238
450,22.5,498.3748841443762,251.13146825195344,788.594164028466,262.66949817366736,0.9885562562230334,359.99455179564217,290.8868742912162,290.8868742912162,347.85181716534987,404.1790440908602,113.292169799644,0.3894715774841857,224.0,224.0,222.393798828125,222.70702030420537,221.70050698162066,205.19336808007262,220.36763253489178,80.0,0.5666666666666667,52896.31028857042,58687.619569663075,58126.5,-5230.189711429579,58536.0,60260.0,1724.0,0.028609359442416195,2,0,1.7407407407407407,0.9425454545454546,86.29196638892418,9.518795765891193,0.5666666666666667,4.0,4.0,4.0,4.0,88.0,68.0,196.0,0.9444444444444444,0,0,64.25732176119926,0.0,98,290.8868742912162,52896.31028857042,0.0,0.0,0.22090141371201644,448.18177346454405,459.9827341081959,0.35096228469400603,0.21737377274911973,62.275574112734866,409.62462798615456,353.71522592872947,353.43480310752875,0.280422821200716,219.9511679850754,219.9511679850754,219.9511679850754,223.49357804192417,219.44662191110007,82.36150788844205,0.5727637343838432,56789.69790720505,67317.5,-10527.802092794947,67762.0,0.0,0.5727637343838432,3.437533091623223,3.437495519233835,3.437533091623223,3.437495519233835,87.61458092378506,68.72448838866325,190.5011280054241,0.946595089148587,448.87708759593966,479.3577751254786,0.2119998197655187,0.1454720268615031,1.0,1.0,1.0,0.6820556523814162
451,22.55,498.3748841443762,251.13146825195344,788.594164028466,262.66949817366736,0.9885562562230334,359.99455179564217,290.8868742912162,290.8868742912162,347.85181716534987,404.1790440908602,113.292169799644,0.3894715774841857,224.0,224.0,222.393798828125,222.70702030420537,221.70050698162066,205.19336808007262,220.36763253489178,80.0,0.5666666666666667,52896.31028857042,58687.619569663075,58126.5,-5230.189711429579,58536.0,60260.0,1724.0,0.028609359442416195,2,0,1.7407407407407407,0.9425454545454546,86.29196638892418,9.518795765891193,0.5666666666666667,4.0,4.0,4.0,4.0,88.0,68.0,196.0,0.9444444444444444,0,0,64.25732176119926,0.0,98,290.8868742912162,52896.31028857042,0.0,0.0,0.22090141371201644,448.18177346454405,459.9827341081959,0.35096228469400603,0.21737377274911973,62.36951983298538,409.62462798615456,353.71312375217514,353.432708554546,0.2804151976291109,219.95337714903175,219.95337714903175,219.95337714903175,223.49357804192417,219.44882600745433,82.36101962601273,0.5727637354842257,56789.93100893517,67317.5,-10527.568991064829,67762.0,0.0,0.5727637354842257,3.4375125896175973,3.437475018248847,3.4375125896175973,3.437475018248847,87.61405927766013,68.72407905960267,190.49999780704587,0.94659508929428,448.87708759593966,479.3577751254786,0.2120045029552213,0.1454720268615031,1.0,1.0,1.0,0.6820556523814162
452,22.6,498.3748841443762,251.13146825195344,788.594164028466,262.66949817366736,0.9885562562230334,359.99455179564217,290.8868742912162,290.8868742912162,347.85181716534987,404.1790440908602,113.292169799644,0.3894715774841857,224.0,224.0,222.393798828125,222.70702030420537,221.70050698162066,205.19336808007262,220.36763253489178,80.0,0.5666666666666667,52896.31028857042,58687.619569663075,58126.5,-5230.189711429579,58536.0,60260.0,1724.0,0.028609359442416195,2,0,1.7407407407407407,0.9425454545454546,86.29196638892418,9.518795765891193,0.5666666666666667,4.0,4.0,4.0,4.0,88.0,68.0,196.0,0.9444444444444444,0,0,64.25732176119926,0.0,98,290.8868742912162,52896.31028857042,0.0,0.0,0.22090141371201644,448.18177346454405,459.9827341081959,0.35096228469400603,0.21737377274911973,62.463465553235906,409.62462798615456,353.7111179510121,353.43071002738924,0.2804079236228745,219.95548503276473,219.95548503276473,219.95548503276473,223.49357804192417,219.4509290559119,82.36055374821976,0.5727637365341626,56790.15341769095,67317.5,-10527.346582309052,67762.0,0.0,0.5727637365341626,3.4374930275379576,3.437455457142846,3.4374930275379576,3.437455457142846,87.61356154668596,68.72368849645738,190.49891942318797,0.9465950894332932,448.87708759593966,479.3577751254786,0.2120089714416253,0.1454720268615031,1.0,1.0,1.0,0.6820556523814162
453,22.65,498.3748841443762,251.13146825195344,788.594164028466,262.66949817366736,0.9885562562230334,359.99455179564217,290.8868742912162,290.8868742912162,347.85181716534987,404.1790440908602,113.292169799644,0.3894715774841857,224.0,224.0,222.393798828125,222.70702030420537,221.70050698162066,205.19336808007262,220.36763253489178,80.0,0.5666666666666667,52896.31028857042,58687.619569663075,58126.5,-5230.189711429579,58536.0,60260.0,1724.0,0.028609359442416195,2,0,1.7407407407407407,0.9425454545454546,86.29196638892418,9.518795765891193,0.5666666666666667,4.0,4.0,4.0,4.0,88.0,68.0,196.0,0.9444444444444444,0,0,64.25732176119926,0.0,98,290.8868742912162,52896.31028857042,0.0,0.0,0.22090141371201644,448.18177346454405,459.9827341081959,0.35096228469400603,0.21737377274911973,62.55741127348643,409.62462798615456,353.7092041106489,353.42880312748434,0.2804009831645544,219.95749627553235,219.95749627553235,219.95749627553235,223.49357804192417,219.45293568508893,82.36010922970863,0.5727637375359634,56790.36562384204,67317.5,-10527.134376157965,67762.0,0.0,0.5727637375359634,3.437474362329734,3.437436792863764,3.437474362329734,3.437436792863764,87.61308663539904,68.7233158396308,190.49789048042555,0.9465950895659332,448.87708759593966,479.3577751254786,0.2120132350594755,0.1454720268615031,1.0,1.0,1.0,0.6820556523814162
454,22.7,498.3748841443762,251.13146825195344,788.594164028466,262.66949817366736,0.9885560663137456,359.9953683321212,290.8868742912162,290.8868742912162,347.8550313075533,404.1785242242568,113.29164993304062,0.38946979030625045,224.0,224.0,222.393798828125,222.70666356638978,221.70047825909035,205.1933364441475,220.36762452246484,80.0,0.5666666666666667,52896.31028857042,58687.612911736825,58125.5,-5229.189711429579,58535.0,60259.0,1724.0,0.02860983421563584,2,0,1.7407407407407407,0.9425454545454546,86.29336145134837,9.518777552089938,0.5666666666666667,4.0,4.0,4.0,4.0,88.0,68.0,196.0,0.9444444444444444,0,0,64.25630501145453,0.0,98,290.8868742912162,52896.31028857042,0.0,0.0,0.22089791836783076,448.18177346454405,459.9827341081959,0.35096228469400603,0.21737199760318826,62.651356993736954,409.62462798615456,353.70737801836987,353.42698365739994,0.2803943609699217,219.95941530444327,219.95941530444327,219.95941530444327,223.49357804192417,219.45485031193863,82.35968509201348,0.5727637384918338,56790.568095283175,67317.5,-10526.931904716825,67762.0,0.0,0.5727637384918338,3.437456552907264,3.437418984327792,3.437456552907264,3.437418984327792,87.61263349843105,68.7229602688355,190.4969087138683,0.9465950896924916,448.87708759593966,479.3577751254786,0.2120173031937811,0.1454720268615031,1.0,1.0,1.0,0.6820556523814162
455,22.75,498.3748841443762,251.13146825195344,788.594164028466,262.66949817366736,0.9885562562230334,359.99631757262944,290.8868742912162,290.8868742912162,347.85258471161654,404.1810744244004,113.29420013318418,0.3894785572887751,224.0,224.0,222.393798828125,222.7062485680285,221.7004446938323,205.1932995033568,220.36761504093022,80.0,0.5666666666666667,52896.31028857042,58691.452341401775,58126.5,-5230.189711429579,58536.0,60260.0,1724.0,0.028609359442416195,2,0,1.7407407407407407,0.9425454545454546,86.2949836987468,9.521465708600862,0.5666666666666667,4.0,4.0,4.0,4.0,88.0,68.0,196.0,0.9444444444444444,0,0,64.25500388143071,0.0,98,290.8868742912162,52896.31028857042,0.0,0.0,0.22089344539177438,448.18177346454405,459.9827341081959,0.35096228469400603,0.21736993395940807,62.74530271398747,409.62462798615456,353.70563565413414,353.4252476116808,0.2803880424533531,219.96124634412607,219.96124634412607,219.96124634412607,223.49357804192417,219.4566771513988,82.35928040142053,0.5727637394038769,56790.76127846302,67317.5,-10526.738721536982,67762.0,0.0,0.5727637394038769,3.437439560064142,3.437401992330365,3.437439560064142,3.437401992330365,87.61220113822475,68.72262100130177,190.4959719622131,0.9465950898132488,448.87708759593966,479.3577751254786,0.2120211848003141,0.1454720268615031,1.0,1.0,1.0,0.6820556523814162
456,22.8,498.400815764859,251.13392960044456,788.594164028466,262.66949817366736,0.9885427902885876,359.98728598366733,290.83172911159295,290.83172911159295,347.8484989938009,404.1741301543459,113.34240104275295,0.3897181417893477,224.0,224.0,222.393798828125,222.71018477884496,221.70075646029747,205.1936438795696,220.36769800072975,80.0,0.5777777777777777,52882.105995200196,58691.8254036065,58123.0,-5240.894004799804,58533.0,60259.0,1726.0,0.028643024278531007,2,0,1.7407407407407407,0.9418181818181818,86.30572866337029,9.534847280887021,0.5777777777777777,4.0,4.0,4.0,4.0,88.0,68.0,196.0,0.9444444444444444,0,0,64.25596850709212,0.011111111111111072,98,290.83172911159295,52882.105995200196,0.026048170324553407,0.0,0.22093864621778225,448.18177346454405,459.9827341081959,0.35108532668921477,0.2173895685854329,62.839248434237994,409.62462798615456,353.7039731817908,353.4235911680937,0.2803820136970785,219.9629934259608,219.9629934259608,219.9629934259608,223.49357804192417,219.45842022560177,82.35889426692614,0.5727637402741024,56790.94559936618,67317.5,-10526.554400633817,67762.0,0.0,0.5727637402741024,3.4374233463870816,3.437385779460442,3.4374233463870816,3.437385779460442,87.61178860285534,68.72229729006455,190.49507816302335,0.9465950899284672,448.87708759593966,479.3577751254786,0.21202488842518,0.1454720268615031,1.0,1.0,1.0,0.6813055589604824
457,22.85,498.400815764859,251.13392960044456,788.594164028466,262.66949817366736,0.9885427902885876,359.9904419182972,290.82947626157977,290.82947626157977,347.85556345116646,404.17616625386233,113.34668999228256,0.38973590795980917,224.0,224.0,222.393798828125,222.70881245897755,221.7006494442761,205.1935253435643,220.3676708513281,80.0,0.5666666666666667,52878.88659567629,58695.345505691104,58123.5,-5244.613404323711,58533.0,60259.0,1726.0,0.028643024278531007,2,0,1.7407407407407407,0.9418181818181818,86.3111101254693,9.524853501714718,0.5666666666666667,4.0,4.0,4.0,4.0,88.0,68.0,196.0,0.9444444444444444,0,0,64.25577536724933,0.011111111111111072,98,290.82947626157977,52878.88659567629,0.0,0.0,0.22093969357306814,448.18177346454405,459.9827341081959,0.35109035333274774,0.21738270760045264,62.93319415448852,409.6246803028495,353.70238694069377,353.4220106792726,0.2803762614211678,219.96466039689227,219.96466039689227,219.96466039689227,223.49362799578927,219.46008337266795,82.35852583829109,0.5727637411044247,56791.12146445036,67315.5,-10524.378535549637,67760.0,0.0,0.5727637411044247,3.4374078761748876,3.4373703100181956,3.4374078761748876,3.4373703100181956,87.61139498394783,68.72198842233485,190.494225348218,0.946595090038403,448.87708759593966,479.3577751254786,0.2120284222234977,0.145471917722364,1.0,1.0,1.0,0.681135550475069
458,22.9,498.34895252389344,251.12900690346228,788.594164028466,262.66949817366736,0.9885429804181879,359.9894066551792,290.8936633546557,290.8936633546557,347.8533706970471,404.17658791962816,113.28292456497246,0.3894307055663108,224.0,224.0,222.393798828125,222.70926299937764,221.70068477694784,205.1935644404417,220.3676799746433,80.0,0.5666666666666667,52895.4838113757,58691.657840146705,58124.5,-5229.0161886243,58534.0,60260.0,1726.0,0.028642548954530368,2,0,1.7407407407407407,0.9418181818181818,86.30934421020588,9.529205216364643,0.5666666666666667,4.0,4.0,4.0,4.0,88.0,68.0,196.0,0.9444444444444444,0,0,64.25364525307316,0.0,98,290.8936633546557,52895.4838113757,0.0520963406491095,0.0,0.2208836195057832,448.18177346454405,459.9827341081959,0.3509471366807636,0.21738495825692572,63.02713987473904,409.6246803028495,353.7008734376941,353.420502664741,0.2803707729531197,219.96625092784384,219.96625092784384,219.96625092784384,223.49362799578927,219.4616702550999,82.3581743041791,0.572763741896673,56791.289261540434,67315.5,-10524.210738459566,67760.0,0.0,0.572763741896673,3.4373931153594484,3.437355549937422,3.4373931153594484,3.437355549937422,87.61101941469158,68.72169371793689,190.49341163976877,0.9465950901432982,448.87708759593966,479.3577751254786,0.2120317939772394,0.145471917722364,1.0,1.0,1.0,0.6820120081753895
459,22.95,498.34895252389344,251.12900690346228,788.594164028466,262.66949817366736,0.9885429804181879,359.9894066551792,290.8936633546557,290.8936633546557,347.8533706970471,404.17658791962816,113.28292456497246,0.3894307055663108,224.0,224.0,222.393798828125,222.70926299937764,221.70068477694784,205.1935644404417,220.3676799746433,80.0,0.5666666666666667,52895.4838113757,58691.657840146705,58124.5,-5229.0161886243,58534.0,60260.0,1726.0,0.028642548954530368,2,0,1.7407407407407407,0.9418181818181818,86.30934421020588,9.529205216364643,0.5666666666666667,4.0,4.0,4.0,4.0,88.0,68.0,196.0,0.9444444444444444,0,0,64.25364525307316,0.0,98,290.8936633546557,52895.4838113757,0.0,0.0,0.2208836195057832,448.18177346454405,459.9827341081959,0.3509471366807636,0.21738495825692572,63.12108559498956,409.6246803028495,353.6994293394966,353.4190638032963,0.2803655362002928,219.9677685217494,219.9677685217494,219.9677685217494,223.49362799578927,219.46318436779623,82.35783889038296,0.5727637426525918,56791.449360681734,67315.5,-10524.050639318266,67760.0,0.0,0.5727637426525918,3.4373790314320267,3.437341466711132,3.4373790314320267,3.437341466711132,87.6106610679432,68.72141252782137,190.49263524558887,0.9465950902433832,448.87708759593966,479.3577751254786,0.2120350111122579,0.145471917722364,1.0,1.0,1.0,0.6820120081753895
460,23.0,498.34895252389344,251.12900690346228,788.594164028466,262.66949817366736,0.9885424100104552,359.9871461115548,290.89595174579637,290.89595174579637,347.84929195291824,404.174168584193,113.27821683839665,0.3894114584907887,224.0,224.0,222.393798828125,222.71024552315225,221.7007611555569,205.19364908849883,220.3676991584039,80.0,0.5666666666666667,52898.70420441303,58687.82935453466,58121.5,-5222.7957955869715,58531.0,60257.0,1726.0,0.02864397497386196,2,0,1.7407407407407407,0.9418181818181818,86.30549028036411,9.535860188397612,0.5666666666666667,4.0,4.0,4.0,4.0,88.0,68.0,196.0,0.9444444444444444,0,0,64.25610068239521,0.0,98,290.89595174579637,52898.70420441303,0.0,0.0,0.2208903228001823,448.18177346454405,459.9827341081959,0.3509420307365325,0.21738987266665621,63.21503131524008,409.6246803028495,353.6980514653651,353.41769092574054,0.280360539624553,219.96921652122103,219.96921652122103,219.96921652122103,223.49362799578927,219.4646290457013,82.3575188581288,0.5727637433738464,56791.6021149547,67315.5,-10523.8978850453,67760.0,0.0,0.5727637433738464,3.4373655933715987,3.4373280293195307,3.4373655933715987,3.4373280293195307,87.61031915441603,68.72114423264549,190.49189445561245,0.9465950903388782,448.87708759593966,479.3577751254786,0.2120380807145379,0.145471917722364,1.0,1.0,1.0,0.682182069125777
461,23.05,498.34895252389344,251.12900690346228,788.594164028466,262.66949817366736,0.9885424100104552,359.9871461115548,290.89595174579637,290.89595174579637,347.84929195291824,404.174168584193,113.27821683839665,0.3894114584907887,224.0,224.0,222.393798828125,222.71024552315225,221.7007611555569,205.19364908849883,220.3676991584039,80.0,0.5666666666666667,52898.70420441303,58687.82935453466,58121.5,-5222.7957955869715,58531.0,60257.0,1726.0,0.02864397497386196,2,0,1.7407407407407407,0.9418181818181818,86.30549028036411,9.535860188397612,0.5666666666666667,4.0,4.0,4.0,4.0,88.0,68.0,196.0,0.9444444444444444,0,0,64.25610068239521,0.0,98,290.89595174579637,52898.70420441303,0.0,0.0,0.2208903228001823,448.18177346454405,459.9827341081959,0.3509420307365325,0.21738987266665621,63.30897703549061,409.6246803028495,353.6967367801558,353.41638100794034,0.2803557722154437,219.97059811586823,219.97059811586823,219.97059811586823,223.49362799578927,219.46600747110796,82.35721350245893,0.5727637440620247,56791.74786125166,67315.5,-10523.752138748345,67760.0,0.0,0.5727637440620247,3.437352771577256,3.437315208163284,3.437352771577256,3.437315208163284,87.60999292095153,68.72088824141508,190.49118763804864,0.946595090429994,448.87708759593966,479.3577751254786,0.212041009545716,0.145471917722364,1.0,1.0,1.0,0.682182069125777
462,23.1,498.34895252389344,251.12900690346228,788.594164028466,262.66949817366736,0.9885422198619225,359.9879513195539,290.89595174579637,290.89595174579637,347.848790406918,404.1748218360734,113.27887009027705,0.38941370414555454,224.0,224.0,222.393798828125,222.70989574384367,221.70073407072647,205.19361905020287,220.36769244102211,80.0,0.5666666666666667,52895.7042203781,58687.823019066345,58120.5,-5224.795779621898,58530.0,60256.0,1726.0,0.02864445034519384,2,0,1.7407407407407407,0.9418181818181818,86.30686273584203,9.532036229090387,0.5666666666666667,4.0,4.0,4.0,4.0,88.0,68.0,196.0,0.9444444444444444,0,0,64.25400506506439,0.0,98,290.89595174579637,52895.7042203781,0.0,0.0,0.2208831187902322,448.18177346454405,459.9827341081959,0.3509420307365325,0.21738812214877945,63.40292275574112,409.6246803028495,353.69548238767135,353.41513116420333,0.280351223468017,219.97191634928492,219.97191634928492,219.97191634928492,223.49362799578927,219.46732268062848,82.35692215068835,0.5727637447186421,56791.886921018886,67315.5,-10523.613078981114,67760.0,0.0,0.5727637447186421,3.43734053780296,3.4373029749979196,3.43734053780296,3.4373029749979196,87.60968164887012,68.72064399019138,190.49051323580895,0.9465950905169316,448.87708759593966,479.3577751254786,0.2120438040578868,0.145471917722364,1.0,1.0,1.0,0.6820236474268685
463,23.15,498.34895252389344,251.12900690346228,788.594164028466,262.66949817366736,0.9885426001526769,359.9873589326887,290.89595174579637,290.89595174579637,347.8484962093239,404.1735172519038,113.27756550610741,0.3894092194349155,224.0,224.0,222.393798828125,222.7101530956033,221.700754009922,205.19364116139872,220.36769739542123,80.0,0.5666666666666667,52898.70420441303,58687.9787221799,58122.5,-5223.7957955869715,58532.0,60258.0,1726.0,0.028643499618307942,2,0,1.7407407407407407,0.9418181818181818,86.30585299406177,9.536207489282829,0.5666666666666667,4.0,4.0,4.0,4.0,88.0,68.0,196.0,0.9444444444444444,0,0,64.25518221981952,0.0,98,290.89595174579637,52898.70420441303,0.0,0.0,0.22088716544247353,448.18177346454405,459.9827341081959,0.3509420307365325,0.21738940999465117,63.49686847599165,409.62476951309606,353.6942855243094,353.4139386409536,0.2803468833558327,219.9731741257184,219.9731741257184,219.9731741257184,223.4937131862623,219.46857757184804,82.35664416092891,0.5727637453451472,56792.01960096335,67329.5,-10537.480399036647,67774.0,0.0,0.5727637453451472,3.4373288650959353,3.437291302871813,3.4373288650959353,3.437291302871813,87.60938465239568,68.72041094085449,190.4898697630915,0.9465950905998818,448.87708759593966,479.3577751254786,0.2120464704077518,0.1454717316186828,1.0,1.0,1.0,0.682182069125777
464,23.2,498.34895252389344,251.12900690346228,788.594164028466,262.66949817366736,0.9885426001526769,359.9873589326887,290.89595174579637,290.89595174579637,347.8484962093239,404.1735172519038,113.27756550610741,0.3894092194349155,224.0,224.0,222.393798828125,222.7101530956033,221.700754009922,205.19364116139872,220.36769739542123,80.0,0.5666666666666667,52898.70420441303,58687.9787221799,58122.5,-5223.7957955869715,58532.0,60258.0,1726.0,0.028643499618307942,2,0,1.7407407407407407,0.9418181818181818,86.30585299406177,9.536207489282829,0.5666666666666667,4.0,4.0,4.0,4.0,88.0,68.0,196.0,0.9444444444444444,0,0,64.25518221981952,0.0,98,290.89595174579637,52898.70420441303,0.0,0.0,0.22088716544247353,448.18177346454405,459.9827341081959,0.3509420307365325,0.21738940999465117,63.59081419624217,409.62476951309606,353.69314355301157,353.41280081069687,0.2803427423147013,219.97437421643568,219.97437421643568,219.97437421643568,223.4937131862623,219.46977490967672,82.35637892068425,0.5727637459429188,56792.14619372919,67329.5,-10537.35380627081,67774.0,0.0,0.5727637459429188,3.437317727737639,3.4372801660679215,3.437317727737639,3.4372801660679215,87.60910127715283,68.72018857992418,190.48925580212895,0.9465950906790273,448.87708759593966,479.3577751254786,0.2120490144701007,0.1454717316186828,1.0,1.0,1.0,0.682182069125777
465,23.25,498.34895252389344,251.12900690346228,788.594164028466,262.66949817366736,0.9885627043263248,359.98915413960026,290.89595174579637,290.89595174579637,347.85097339265644,404.17914280401624,113.28319105821987,0.38942855814375177,224.0,224.0,222.393798828125,222.70937283800953,221.70069336138368,205.19357394521117,220.3676821677449,80.0,0.5666666666666667,52901.704202992136,58691.810644816294,58126.5,-5224.795797007864,58536.0,60259.0,1723.0,0.028593239184188254,2,0,1.7407407407407407,0.9408759124087591,85.82144536023645,9.525757470713899,0.5666666666666667,4.0,4.0,4.0,4.0,88.0,68.0,196.0,0.9444444444444444,0,0,64.25776596128924,0.0,98,290.89595174579637,52901.704202992136,0.0,0.0,0.22089604745493954,448.18177346454405,459.9827341081959,0.3509420307365325,0.21738550722444172,63.684759916492695,409.62476951309606,353.69205395747633,353.41171516625906,0.2803387912172752,219.9755192657999,219.9755192657999,219.9755192657999,223.4937131862623,219.47091733241177,82.35612584550518,0.5727637465132744,56792.26697854124,67329.5,-10537.233021458756,67774.0,0.0,0.5727637465132744,3.4373071011871126,3.4372695400463726,3.4373071011871126,3.4372695400463726,87.60883089873192,68.71997641743451,190.4886700000764,0.9465950907545434,448.87708759593966,479.3577751254786,0.212051441850703,0.1454717316186828,1.0,1.0,1.0,0.6823404915927274
466,23.3,498.34895252389344,251.12900690346228,788.594164028466,262.66949817366736,0.9885625145208934,359.98840230646726,290.89595174579637,290.89595174579637,347.8487352514926,404.1781133822063,113.28216163640991,0.3894250193464472,224.0,224.0,222.393798828125,222.7096997417778,221.700718842224,205.19360217130946,220.36768862269005,80.0,0.5666666666666667,52901.704202992136,58691.665692672585,58125.5,-5223.795797007864,58535.0,60258.0,1723.0,0.02859371369776627,2,0,1.7407407407407407,0.9408759124087591,85.82016337853818,9.529402263868324,0.5666666666666667,4.0,4.0,4.0,4.0,88.0,68.0,196.0,0.9444444444444444,0,0,64.2555380255809,0.0,98,290.89595174579637,52901.704202992136,0.0,0.0,0.22088838858002235,448.18177346454405,459.9827341081959,0.3509420307365325,0.21738714170564555,63.77870563674321,409.62476951309606,353.69101433664184,353.41067931528744,0.2803350213544036,219.97661179706992,219.97661179706992,219.97661179706992,223.4937131862623,219.47200735752384,82.3558843777094,0.5727637470574706,56792.382221820226,67329.5,-10537.117778179774,67774.0,0.0,0.5727637470574706,3.4372969620274887,3.4372594013913726,3.4372969620274887,3.4372594013913726,87.60857292131939,68.71977398585807,190.48811106604552,0.946595090826596,448.87708759593966,479.3577751254786,0.2120537578985994,0.1454717316186828,1.0,1.0,1.0,0.6823404915927274
467,23.35,498.34895252389344,251.12900690346228,788.594164028466,262.66949817366736,0.9885625145208934,359.98847942957065,290.89595174579637,290.89595174579637,347.84871276214517,404.177398604873,113.28144685907665,0.3894225621883844,224.0,224.0,222.393798828125,222.70966621670095,221.70071623378675,205.19359928091333,220.36768796569004,80.0,0.5666666666666667,52898.70420868289,58691.66509163129,58125.5,-5226.795791317112,58535.0,60258.0,1723.0,0.02859371369776627,2,0,1.7407407407407407,0.9408759124087591,85.82029487018072,9.527715886831658,0.5666666666666667,4.0,4.0,4.0,4.0,88.0,68.0,196.0,0.9444444444444444,0,0,64.25698971855354,0.0,98,290.89595174579637,52898.70420868289,0.0,0.0,0.2208933790000125,448.18177346454405,459.9827341081959,0.3509420307365325,0.21738697404043195,63.872651356993735,409.62476951309606,353.69002239941676,353.40969097500187,0.2803314244148964,219.97765421793636,219.97765421793636,219.97765421793636,223.4937131862623,219.47304738718063,82.35565398515627,0.5727637475767081,56792.49217776938,67329.5,-10537.007822230618,67774.0,0.0,0.5727637475767081,3.437287287914298,3.4372497277595357,3.437287287914298,3.4372497277595357,87.6083267763906,68.71958083908032,190.487577768272,0.9465950908953428,448.87708759593966,479.3577751254786,0.2120559677178406,0.1454717316186828,1.0,1.0,1.0,0.6821820693512576
468,23.4,498.40945963835327,251.13475004994163,803.5970647554808,261.5674573573408,0.989798559718581,364.0090698163565,305.9030318215306,305.9030318215306,351.42820213847926,404.4427957285745,98.53976390704389,0.32212745104315865,224.0,224.0,222.393798828125,222.6994307357822,221.65545883283576,203.69370026054182,219.44583406377063,76.0,0.5604395604395604,54532.089356893375,58890.14613508227,58319.0,-3786.910643106625,58729.0,60266.0,1537.0,0.025503600703547607,2,0,1.7407407407407407,0.9445255474452555,85.94326772823747,9.511197945483381,0.5604395604395604,4.0,8.0,4.0,8.0,88.0,68.0,196.0,0.9560439560439561,0,0,49.51035690007169,0.006227106227106205,103,305.9030318215306,54532.089356893375,0.06077906409066771,15.043321580871368,0.1618498404715287,448.18177346454405,459.9827341081959,0.3174576702286829,0.20864623207632127,63.96659707724426,409.6248143437086,353.689075959657,353.4087479671856,0.2803279924713706,219.9786488258053,219.9786488258053,219.9786488258053,223.4937560012644,219.47403971351815,82.3554341600807,0.5727637480721278,56792.597088934985,67337.5,-10544.902911065015,67782.0,0.0,0.5727637480721278,3.4372780575264734,3.4372404978314535,3.4372780575264734,3.4372404978314535,87.60809192146274,68.71939655142262,190.4870689314137,0.9465950909609386,448.87708759593966,479.3577751254786,0.2120580761786775,0.1454716380964436,0.968568510986599,0.9220063690682436,1.0,0.7684370784242038
469,23.45,498.40945963835327,251.13475004994163,803.5970647554808,261.5674573573408,0.9897983904422136,364.0082489441909,305.9030318215306,305.9030318215306,351.4314347997382,404.4418557033115,98.5388238817809,0.32212437809138894,224.0,224.0,222.393798828125,222.69979235886842,221.65549412077968,203.6937359246022,219.44583090756635,76.0,0.5604395604395604,54532.089356893375,58890.152572463514,58318.0,-3785.910643106625,58728.0,60265.0,1537.0,0.02550402389446611,2,0,1.7407407407407407,0.9445255474452555,85.94186405151366,9.509607716235799,0.5604395604395604,4.0,8.0,4.0,8.0,88.0,68.0,196.0,0.9560439560439561,0,0,49.50877202256345,0.0,103,305.9030318215306,54532.089356893375,0.0,0.0,0.16184465949146842,448.18177346454405,459.9827341081959,0.3174576702286829,0.20864801664801225,64.06054279749478,409.6248143437086,353.68817293135874,353.4078482134026,0.2803247179561481,219.97959781284132,219.97959781284132,219.97959781284132,223.4937560012644,219.47498652367244,82.35522441797715,0.5727637485448248,56792.69718673955,67337.5,-10544.802813260452,67782.0,0.0,0.5727637485448248,3.437269250519872,3.4372316912630367,3.437269250519872,3.4372316912630367,87.60786783890309,68.71922071670463,190.48658343396812,0.946595091023524,448.87708759593966,479.3577751254786,0.2120600879282704,0.1454716380964436,0.9685767643802343,0.9220063690682436,1.0,0.7684370784242038
470,23.5,498.40945963835327,251.13475004994163,803.5970647554808,261.5674573573408,0.9897983904422136,364.0082489441909,305.9030318215306,305.9030318215306,351.4314347997382,404.4418557033115,98.5388238817809,0.32212437809138894,224.0,224.0,222.393798828125,222.69979235886842,221.65549412077968,203.6937359246022,219.44583090756635,76.0,0.5604395604395604,54532.089356893375,58890.152572463514,58318.0,-3785.910643106625,58728.0,60265.0,1537.0,0.02550402389446611,2,0,1.7407407407407407,0.9445255474452555,85.94186405151366,9.509607716235799,0.5604395604395604,4.0,8.0,4.0,8.0,88.0,68.0,196.0,0.9560439560439561,0,0,49.50877202256345,0.0,103,305.9030318215306,54532.089356893375,0.0,0.0,0.16184465949146842,448.18177346454405,459.9827341081959,0.3174576702286829,0.20864801664801225,64.1544885177453,409.6230306664502,353.6873113240865,353.4069897304356,0.2803215936509104,219.98050327078053,219.98050327078053,219.98050327078053,223.49205479563528,219.47588990458135,82.35502429653693,0.5727637489958398,56792.79269199267,67345.5,-10552.707308007324,67790.0,0.0,0.5727637489958398,3.4372608474821114,3.437223288643338,3.4372608474821114,3.437223288643338,87.60765403479328,68.71905294735507,190.4861202058127,0.9465950910832388,448.87708759593966,479.3577751254786,0.2120620074008744,0.1454753590692763,0.9685767643802343,0.9220063690682436,1.0,0.7684370784242038
471,23.55,499.5523167812104,251.13475004994163,803.5970647554808,261.5674573573408,0.989798559718581,364.00761625587296,304.765361411143,304.765361411143,351.4410345583315,404.4391451645709,99.67378375342793,0.3270508934870825,224.0,224.0,222.393798828125,222.70007092350806,221.65552122184943,203.6937633228501,219.44582838564216,76.0,0.5604395604395604,54427.80091313332,58892.156133905344,58319.0,-3891.1990868666835,58729.0,60266.0,1537.0,0.025503600703547607,2,0,1.7407407407407407,0.9445255474452555,85.94078242065541,9.507951113455583,0.5604395604395604,4.0,8.0,4.0,8.0,88.0,68.0,196.0,0.9560439560439561,0,0,50.12799913914219,0.0,103,304.765361411143,54427.80091313332,1.1428571428571104,0.0,0.1644806316145526,448.18177346454405,459.9827341081959,0.31999608316233064,0.20864939210902633,64.24843423799582,409.6230306664502,353.68648923859695,353.40617062593054,0.2803186126664059,219.9813671955244,219.9813671955244,219.9813671955244,223.49205479563528,219.47675184756787,82.35483335463181,0.5727637494261674,56792.8838153768,67345.5,-10552.6161846232,67790.0,0.0,0.5727637494261674,3.4372528298904683,3.437215271450839,3.4372528298904683,3.437215271450839,87.60745003784405,68.71889287355907,190.48567822585252,0.946595091140215,448.87708759593966,479.3577751254786,0.2120638388275886,0.1454753590692763,0.9685831256944013,0.9299615898158674,1.0,0.7629298649708536
472,23.6,499.5523167812104,251.13475004994163,803.5970647554808,261.5674573573408,0.989798559718581,364.00761625587296,304.765361411143,304.765361411143,351.4410345583315,404.4391451645709,99.67378375342793,0.3270508934870825,224.0,224.0,222.393798828125,222.70007092350806,221.65552122184943,203.6937633228501,219.44582838564216,76.0,0.5604395604395604,54427.80091313332,58892.156133905344,58319.0,-3891.1990868666835,58729.0,60266.0,1537.0,0.025503600703547607,2,0,1.7407407407407407,0.9445255474452555,85.94078242065541,9.507951113455583,0.5604395604395604,4.0,8.0,4.0,8.0,88.0,68.0,196.0,0.9560439560439561,0,0,50.12799913914219,0.0,103,304.765361411143,54427.80091313332,0.0,0.0,0.1644806316145526,448.18177346454405,459.9827341081959,0.31999608316233064,0.20864939210902633,64.34237995824634,409.6230306664502,353.68570486266924,353.40538909423856,0.2803157684306825,219.9821914915239,219.9821914915239,219.9821914915239,223.49205479563528,219.47757425271448,82.35465117134629,0.5727637498367557,56792.97075791205,67345.5,-10552.529242087949,67790.0,0.0,0.5727637498367557,3.437245180070711,3.437207622011897,3.437245180070711,3.437207622011897,87.60725539836062,68.71874014244696,190.48525651977903,0.9465950911945774,448.87708759593966,479.3577751254786,0.2120655862456444,0.1454753590692763,0.9685831256944013,0.9299615898158674,1.0,0.7629298649708536
473,23.65,499.5523167812104,251.13475004994163,803.5970647554808,261.5674573573408,0.989798559718581,364.00761625587296,304.765361411143,304.765361411143,351.4410345583315,404.4391451645709,99.67378375342793,0.3270508934870825,224.0,224.0,222.393798828125,222.70007092350806,221.65552122184943,203.6937633228501,219.44582838564216,76.0,0.5604395604395604,54427.80091313332,58892.156133905344,58319.0,-3891.1990868666835,58729.0,60266.0,1537.0,0.025503600703547607,2,0,1.7407407407407407,0.9445255474452555,85.94078242065541,9.507951113455583,0.5604395604395604,4.0,8.0,4.0,8.0,88.0,68.0,196.0,0.9560439560439561,0,0,50.12799913914219,0.0,103,304.765361411143,54427.80091313332,0.0,0.0,0.1644806316145526,448.18177346454405,459.9827341081959,0.31999608316233064,0.20864939210902633,64.43632567849687,409.6230306664502,353.6849564671222,353.40464341244996,0.2803130546722627,219.9829779759641,219.9829779759641,219.9829779759641,223.49205479563528,219.47835893303767,82.35447734505183,0.5727637502285097,56793.05371139865,67345.5,-10552.44628860135,67790.0,0.0,0.5727637502285097,3.437237881158609,3.437200323463003,3.437237881158609,3.437200323463003,87.60706968725368,68.71859441731806,190.48485415792885,0.9465950912464464,448.87708759593966,479.3577751254786,0.2120672535072795,0.1454753590692763,0.9685831256944013,0.9299615898158674,1.0,0.7629298649708536
474,23.7,499.5523167812104,251.13475004994163,803.5970647554808,261.5674573573408,0.9897983904422136,364.0068402349569,304.765361411143,304.765361411143,351.4420632501114,404.4396534199229,99.6742920087799,0.327052561181041,224.0,224.0,222.393798828125,222.70041240937485,221.65555434712982,203.6937968212874,219.44582518634266,76.0,0.5604395604395604,54427.80091313332,58892.162156803905,58318.0,-3890.1990868666835,58728.0,60265.0,1537.0,0.02550402389446611,2,0,1.7407407407407407,0.9445255474452555,85.93945605407471,9.506848630638181,0.5604395604395604,4.0,8.0,4.0,8.0,88.0,68.0,196.0,0.9560439560439561,0,0,50.127970213875834,0.0,103,304.765361411143,54427.80091313332,0.0,0.0,0.16448053670459883,448.18177346454405,459.9827341081959,0.31999608316233064,0.208651079174341,64.53027139874739,409.6230306664502,353.6842424020146,353.4039319366077,0.2803104654068988,219.983728382757,219.983728382757,219.983728382757,223.49205479563528,219.4791076184721,82.35431149252469,0.5727637506022931,56793.1328588398,67345.5,-10552.367141160195,67790.0,0.0,0.5727637506022931,3.437230917062646,3.437193359713717,3.437230917062646,3.437193359713717,87.60689249509745,68.71845537690098,190.4844702532398,0.9465950912959368,448.87708759593966,479.3577751254786,0.2120688442882022,0.1454753590692763,0.96859092813473,0.9299615898158674,1.0,0.7629298649708536
475,23.75,499.5523167812104,251.13475004994163,803.5970647554808,261.5674573573408,0.989798559718581,364.0071654619363,304.765361411143,304.765361411143,351.44204726009144,404.4393438640072,99.67398245286421,0.32705154546221304,224.0,224.0,222.393798828125,222.7002693191144,221.65554047994198,203.69378279655086,219.44582654137216,76.0,0.5604395604395604,54427.80091313332,58892.30798338905,58319.0,-3891.1990868666835,58729.0,60266.0,1537.0,0.025503600703547607,2,0,1.7407407407407407,0.9445255474452555,85.94001188793591,9.508312393589277,0.5604395604395604,4.0,8.0,4.0,8.0,88.0,68.0,196.0,0.9560439560439561,0,0,50.127982042081854,0.0,103,304.765361411143,54427.80091313332,0.0,0.0,0.16448057551545964,448.18177346454405,459.9827341081959,0.31999608316233064,0.20865037213262982,64.6242171189979,409.6230306664502,353.68356109301817,353.40325309809407,0.2803079949241009,219.98444436635296,219.98444436635296,219.98444436635296,223.49205479563528,219.47982195967305,82.35415324810339,0.5727637509589314,56793.208374844886,67345.5,-10552.291625155114,67790.0,0.0,0.5727637509589314,3.4372242724288995,3.4371867154107463,3.4372242724288995,3.4371867154107463,87.60672343122928,68.71832271464717,190.48410395930208,0.9465950913431552,448.87708759593966,479.3577751254786,0.2120703620956717,0.1454753590692763,0.9685876581660374,0.9299615898158674,1.0,0.7629298649708536
476,23.8,499.5523167812104,251.13475004994163,803.5970647554808,261.5674573573408,0.989798559718581,364.0071654619363,304.765361411143,304.765361411143,351.44204726009144,404.4393438640072,99.67398245286421,0.32705154546221304,224.0,224.0,222.393798828125,222.7002693191144,221.65554047994198,203.69378279655086,219.44582654137216,76.0,0.5604395604395604,54427.80091313332,58892.30798338905,58319.0,-3891.1990868666835,58729.0,60266.0,1537.0,0.025503600703547607,2,0,1.7407407407407407,0.9445255474452555,85.94001188793591,9.508312393589277,0.5604395604395604,4.0,8.0,4.0,8.0,88.0,68.0,196.0,0.9560439560439561,0,0,50.127982042081854,0.0,103,304.765361411143,54427.80091313332,0.0,0.0,0.16448057551545964,448.18177346454405,459.9827341081959,0.31999608316233064,0.20865037213262982,64.71816283924844,409.6230306664502,353.68291103796,353.40260540018187,0.2803056377781558,219.98512750537796,219.98512750537796,219.98512750537796,223.49205479563528,219.48050353164516,82.35400226288505,0.572763751299208,56793.280426014855,67345.5,-10552.219573985143,67790.0,0.0,0.572763751299208,3.437217932606991,3.4371803759042905,3.437217932606991,3.4371803759042905,87.60656212289086,68.718196138059,190.4837544684989,0.9465950913882089,448.87708759593966,479.3577751254786,0.2120718102762007,0.1454753590692763,0.9685876581660374,0.9299615898158674,1.0,0.7629298649708536
477,23.85,499.5523167812104,251.13475004994163,803.5970647554808,261.5674573573408,0.989798559718581,364.0071654619363,304.765361411143,304.765361411143,351.44204726009144,404.4393438640072,99.67398245286421,0.32705154546221304,224.0,224.0,222.393798828125,222.7002693191144,221.65554047994198,203.69378279655086,219.44582654137216,76.0,0.5604395604395604,54427.80091313332,58892.30798338905,58319.0,-3891.1990868666835,58729.0,60266.0,1537.0,0.025503600703547607,2,0,1.7407407407407407,0.9445255474452555,85.94001188793591,9.508312393589277,0.5604395604395604,4.0,8.0,4.0,8.0,88.0,68.0,196.0,0.9560439560439561,0,0,50.127982042081854,0.0,103,304.765361411143,54427.80091313332,0.0,0.0,0.16448057551545964,448.18177346454405,459.9827341081959,0.31999608316233064,0.20865037213262982,64.81210855949895,409.6230731826486,353.68229080351284,353.40198741474364,0.2803033887691981,219.98577930610415,219.98577930610415,219.98577930610415,223.49209529201332,219.48115383720537,82.35385820395837,0.5727637516238759,56793.349171308306,67349.5,-10556.150828691694,67794.0,0.0,0.5727637516238759,3.4372118836179055,3.4371743272161552,3.4372118836179055,3.4371743272161552,87.60640821440849,68.71807536804306,190.48342101022723,0.9465950914311948,448.87708759593966,479.3577751254786,0.2120731920229289,0.145475270375193,0.9685876581660374,0.9299615898158674,1.0,0.7629298649708536
478,23.9,499.5523167812104,251.13475004994163,803.5970647554808,261.5674573573408,0.989798559718581,364.0071654619363,304.765361411143,304.765361411143,351.44204726009144,404.4393438640072,99.67398245286421,0.32705154546221304,224.0,224.0,222.393798828125,222.7002693191144,221.65554047994198,203.69378279655086,219.44582654137216,76.0,0.5604395604395604,54427.80091313332,58892.30798338905,58319.0,-3891.1990868666835,58729.0,60266.0,1537.0,0.025503600703547607,2,0,1.7407407407407407,0.9445255474452555,85.94001188793591,9.508312393589277,0.5604395604395604,4.0,8.0,4.0,8.0,88.0,68.0,196.0,0.9560439560439561,0,0,50.127982042081854,0.0,103,304.765361411143,54427.80091313332,0.0,0.0,0.16448057551545964,448.18177346454405,459.9827341081959,0.31999608316233064,0.20865037213262982,64.90605427974947,409.6225999069161,353.68169902204903,353.401397779112,0.2803012429370142,219.9864012057628,219.9864012057628,219.9864012057628,223.49164464778295,219.48177431028813,82.35372075367047,0.5727637519336498,56793.41476239279,67347.5,-10554.085237607207,67792.0,0.0,0.5727637519336498,3.4372061121235724,3.437168556009226,3.4372061121235724,3.437168556009226,87.60626136641115,68.71796013829936,190.48310284920572,0.9465950914722092,448.87708759593966,479.3577751254786,0.2120745103826318,0.145476257687295,0.9685876581660374,0.9299615898158674,1.0,0.7629298649708536
479,23.95,499.5523167812104,251.13475004994163,803.5970647554808,261.5674573573408,0.989798559718581,364.0071654619363,304.765361411143,304.765361411143,351.44204726009144,404.4393438640072,99.67398245286421,0.32705154546221304,224.0,224.0,222.393798828125,222.7002693191144,221.65554047994198,203.69378279655086,219.44582654137216,76.0,0.5604395604395604,54427.80091313332,58892.30798338905,58319.0,-3891.1990868666835,58729.0,60266.0,1537.0,0.025503600703547607,2,0,1.7407407407407407,0.9445255474452555,85.94001188793591,9.508312393589277,0.5604395604395604,4.0,8.0,4.0,8.0,88.0,68.0,196.0,0.9560439560439561,0,0,50.127982042081854,0.0,103,304.765361411143,54427.80091313332,0.0,0.0,0.16448057551545964,448.18177346454405,459.9827341081959,0.31999608316233064,0.20865037213262982,65.0,409.6225999069161,353.68113438863065,353.40083519308064,0.2802991955500147,219.9869945757052,219.9869945757052,219.9869945757052,223.49164464778295,219.482366319099,82.35358960893032,0.572763752229213,56793.47734397903,67347.5,-10554.02265602097,67792.0,0.0,0.572763752229213,3.4372006053973436,3.437163049557057,3.4372006053973436,3.437163049557057,87.6061212550839,68.7178501947347,190.48279928385764,0.946595091511342,448.87708759593966,479.3577751254786,0.2120757682624255,0.145476257687295,0.9685876581660374,0.9299615898158674,1.0,0.7629298649708536
