frame,time_sec,temperature_c,length_env_true_px,length_axis_true_px,length_axis_alt_true_px,length_axis_definition_gap_true_px,diameter_true_px,diameter_max_orth_true_px,diameter_max_thickness_true_px,diameter_max_feret_true_px,diameter_p95_true_px,diameter_peak_span_true_px,diameter_peak_pos_norm_true,area_proj_true_px2,area_proj_contour_true_px2,area_proj_definition_gap_true_px2,body_mask_area_true_px2,body_mask_attachment_leak_fraction_true,x_peak_norm_true,taper_left_true_px,taper_right_true_px,landing_zone_left_true_px,landing_zone_right_true_px,transition_zone_left_true_px,transition_zone_right_true_px,compaction_zone_length_true_px,zone_symmetry_true,length_axis_ref_true_px,length_env_ref_true_px,foreshortening_axis_true,foreshortening_env_true
0,0.0,20.0,479.28139274018724,448.87708759593966,448.2007420886928,0.6763455072468787,119.99977382036859,119.99977382036859,119.99977382036859,123.64157319624181,119.72450629024523,104.4538670274944,0.572717085346165,39311.947251159945,42413.0,-3101.052748840055,42906.0,0.0,0.572717085346165,4.366238061555492,4.366147535760945,4.366238061555492,4.366147535760945,111.23660993283687,87.26168507180097,241.64640699398538,0.9465889080789711,448.87708759593966,479.3577751254786,0.0,0.00015934316549126581
1,0.05,20.09394572025052,479.28139274018724,448.8770813158432,448.20073583736405,0.6763454784791634,119.9997804137609,119.9997804137609,119.9997804137609,123.64157319624181,119.72451286851296,104.45386557007626,0.5727170853489753,39311.94886155259,42413.0,-3101.0511384474084,42906.0,0.0,0.5727170853489753,4.366238000234709,4.366147474444119,4.366238000234709,4.366147474444119,111.23660837351233,87.26168384806635,241.6464036195857,0.9465889080793434,448.87708759593966,479.3577751254786,1.3990681724251885e-08,0.00015934316549126581
2,0.1,20.187891440501044,479.28139274018724,448.87707473371603,448.20072928538764,0.6763454483283908,119.99978732425203,119.99978732425203,119.99978732425203,123.64157319624181,119.72451976315212,104.45386404256641,0.5727170853519202,39311.9505493945,42413.0,-3101.0494506054965,42906.0,0.0,0.5727170853519202,4.3662379359648895,4.366147410178428,4.3662379359648895,4.366147410178428,111.23660673919446,87.2616825654784,241.64640008289985,0.9465889080797342,448.87708759593966,479.3577751254786,2.8654221773116717e-08,0.00015934316549126581
3,0.15,20.281837160751564,479.28139274018724,448.87706783503126,448.2007224183038,0.676345416727429,119.99979456709227,119.99979456709227,119.99979456709227,123.64157319624181,119.72452698937799,104.45386244159295,0.5727170853550073,39311.95231841039,42413.0,-3101.047681589611,42906.0,0.0,0.5727170853550073,4.36623786860406,4.366147342821705,4.36623786860406,4.366147342821705,111.23660502627656,87.26168122120646,241.64639637612248,0.9465889080801436,448.87708759593966,479.3577751254786,4.4022983036740015e-08,0.00015934316549126581
4,0.2,20.37578288100209,479.28139274018724,448.87706060456594,448.200715220959,0.6763453836069289,119.99980215826538,119.99980215826538,119.99980215826538,123.64157319624181,119.72453456313772,104.4538607636232,0.5727170853582422,39311.954172504265,42413.0,-3101.0458274957346,42906.0,0.0,0.5727170853582422,4.366237798003681,4.366147272225817,4.366237798003681,4.366147272225817,111.23660323097872,87.26167981228372,241.646392491074,0.9465889080805726,448.87708759593966,479.3577751254786,6.013087872069889e-08,0.00015934316549126581
5,0.25,20.46972860125261,479.28139274018724,448.87705302636215,448.20070767746915,0.676345348892994,119.99981011452383,119.99981011452383,119.99981011452383,123.64157319624181,119.72454250114531,104.45385900495427,0.5727170853616331,39311.956115767636,42413.0,-3101.043884232364,42906.0,0.0,0.5727170853616331,4.366237724007867,4.366147198234671,4.366237724007867,4.366147198234671,111.23660134933888,87.26167833560106,241.64638841917966,0.9465889080810219,448.87708759593966,479.3577751254786,7.701345972055407e-08,0.00015934316549126581
6,0.3,20.563674321503132,479.28139274018724,448.8770450836972,448.20069977118754,0.6763453125096817,119.99981845342572,119.99981845342572,119.99981845342572,123.64157319624181,119.7245508209186,104.45385716170486,0.5727170853651873,39311.95815248908,42413.0,-3101.041847510918,42906.0,0.0,0.5727170853651873,4.366237646453399,4.366147120685014,4.366237646453399,4.366147120685014,111.23659937720454,87.2616767879,241.64638415145427,0.9465889080814935,448.87708759593966,479.3577751254786,9.470798045807527e-08,0.00015934316549126581
7,0.35,20.657620041753653,479.28139274018724,448.87703675904265,448.2006914846657,0.6763452743769562,119.99982719337365,119.99982719337365,119.99982719337365,123.64157319624181,119.72455954081794,104.4538552298074,0.5727170853689119,39311.96028716327,42413.0,-3101.039712836733,42906.0,0.0,0.5727170853689119,4.366237565168966,4.3661470394055755,4.366237565168966,4.3661470394055755,111.23659731022363,87.26167516576481,241.64637967847966,0.9465889080819877,448.87708759593966,479.3577751254786,1.1325349058566303e-07,0.00015934316549126581
8,0.4,20.751565762004176,479.28139274018724,448.87702803402783,448.2006827996174,0.6763452344104053,119.99983635365517,119.99983635365517,119.99983635365517,123.64157319624181,119.72456868008669,104.45385320499884,0.5727170853728157,39311.96252450107,42413.0,-3101.0374754989316,42906.0,0.0,0.5727170853728157,4.3662374799754105,4.366146954217413,4.3662374799754105,4.366146954217413,111.23659514383462,87.26167346561539,241.646374990385,0.9465889080825055,448.87708759593966,479.3577751254786,1.326909158105849e-07,0.00015934316549126581
9,0.45,20.845511482254697,479.28139274018724,448.8770188893967,448.20067369687564,0.6763451925210688,119.99984595448548,119.99984595448548,119.99984595448548,123.64157319624181,119.72457825889366,104.45385108280979,0.5727170853769072,39311.96486943975,42413.0,-3101.0351305602526,42906.0,0.0,0.5727170853769072,4.366237390684489,4.366146864932091,4.366237390684489,4.366146864932091,111.23659287325654,87.26167168370034,241.64637007682325,0.9465889080830489,448.87708759593966,479.3577751254786,1.5306315437335627e-07,0.00015934316549126581
10,0.5,20.93945720250522,479.28139274018724,448.8770093049699,448.2006641563527,0.6763451486172016,119.99985601705194,119.99985601705194,119.99985601705194,123.64157319624181,119.72458829837758,104.45384885855799,0.5727170853811965,39311.967327154314,42413.0,-3101.0326728456857,42906.0,0.0,0.5727170853811965,4.36623729709936,4.366146771352817,4.36623729709936,4.366146771352817,111.23659049347891,87.26166981608628,241.64636492695251,0.9465889080836163,448.87708759593966,479.3577751254786,1.7441516164673487e-07,0.00015934316549126581
11,0.55,21.03340292275574,479.28139274018724,448.876999259596,448.20065415699383,0.6763451026021698,119.99986656356091,119.99986656356091,119.99986656356091,123.64157319624181,119.72459882069393,104.45384652733446,0.5727170853856909,39311.96990306846,42413.0,-3101.030096931543,42906.0,0.0,0.5727170853856909,4.366237199013327,4.366146673272965,4.366237199013327,4.366146673272965,111.23658799924972,87.26166785865314,241.64635952940685,0.946588908084213,448.87708759593966,479.3577751254786,1.9679405804939876e-07,0.00015934316549126581
12,0.6,21.127348643006265,479.28139274018724,448.8769887311066,448.20064367673257,0.6763450543740532,119.9998776172867,119.9998776172867,119.9998776172867,123.64157319624181,119.72460984906355,104.4538440839944,0.5727170853904021,39311.97260286675,42413.0,-3101.02739713325,42906.0,0.0,0.5727170853904021,4.366237096210007,4.3661465704761895,4.366237096210007,4.3661465704761895,111.23658538506493,87.26166580708002,241.64635387227548,0.946588908084837,448.87708759593966,479.3577751254786,2.2024923029828614e-07,0.00015934316549126581
13,0.65,21.221294363256785,479.28139274018724,448.87697769626686,448.20063269244065,0.6763450038262135,119.99988920262292,119.99988920262292,119.99988920262292,123.64157319624181,119.72462140782417,104.45384152314591,0.57271708539534,39311.9754325071,42413.0,-3101.024567492903,42906.0,0.0,0.57271708539534,4.366236988462674,4.366146462735401,4.366236988462674,4.366146462735401,111.23658264515517,87.2616636568402,241.6463479430734,0.9465889080854911,448.87708759593966,479.3577751254786,2.448324404324964e-07,0.00015934316549126581
14,0.7,21.315240083507305,479.28139274018724,448.87696613072524,448.20062117987777,0.676344950847465,119.99990134513637,119.99990134513637,119.99990134513637,123.64157319624181,119.72463352248391,104.4538388391378,0.5727170854005145,39311.97839823404,42413.0,-3101.0216017659623,42906.0,0.0,0.5727170854005145,4.366236875533247,4.366146349813221,4.366236875533247,4.366146349813221,111.23657977347389,87.26166140318833,241.64634172871655,0.9465889080861783,448.87708759593966,479.3577751254786,2.7059793827888257e-07,0.00015934316549126581
15,0.75,21.40918580375783,479.28139274018724,448.87695400895876,448.2006091136377,0.6763448953210514,119.9999140716234,119.9999140716234,119.9999140716234,123.64157319624181,119.72464621977764,104.45383602604684,0.5727170854059388,39311.981506592405,42413.0,-3101.018493407595,42906.0,0.0,0.5727170854059388,4.366236757172786,4.366146231460107,4.366236757172786,4.366146231460107,111.23657676368417,87.26165904115078,241.64633521549092,0.9465889080868973,448.87708759593966,479.3577751254786,2.9760258335453926e-07,0.00015934316549126581
16,0.8,21.50313152400835,479.28139274018724,448.87694130421613,448.2005964670924,0.6763448371237359,119.99992741016906,119.99992741016906,119.99992741016906,123.64157319624181,119.724659527726,104.45383307766514,0.5727170854116236,39311.98476444166,42413.0,-3101.0152355583414,42906.0,0.0,0.5727170854116236,4.366236633119925,4.366146107414977,4.366236633119925,4.366146107414977,111.23657360914373,87.26165656551501,241.64632838902247,0.9465889080876508,448.87708759593966,479.3577751254786,3.2590597198733917e-07,0.00015934316549126581
17,0.85,21.597077244258873,479.28139274018724,448.8769279884612,448.2005832123334,0.6763447761277916,119.9999413902091,119.9999413902091,119.9999413902091,123.64157319624181,119.72467347569722,104.45382998748624,0.5727170854175816,39311.98817897132,42413.0,-3101.011821028682,42906.0,0.0,0.5727170854175816,4.366236503100978,4.366145977404244,4.366236503100978,4.366145977404244,111.23657030289091,87.26165397081792,241.64632123424715,0.9465889080884415,448.87708759593966,479.3577751254786,3.5557056232704554e-07,0.00015934316549126581
18,0.9,21.691022964509393,479.28139274018724,448.8769140323085,448.2005693201097,0.6763447121987838,119.99995604259489,119.99995604259489,119.99995604259489,123.64157319624181,119.72468809447192,104.45382674869072,0.5727170854238266,39311.99175771661,42413.0,-3101.0082422833875,42906.0,0.0,0.5727170854238266,4.3662363668289785,4.366145841140792,4.3662363668289785,4.366145841140792,111.23656683762994,87.26165125133332,241.64631373537546,0.9465889080892692,448.87708759593966,479.3577751254786,3.8666181889635e-07,0.00015934316549126581
19,0.95,21.784968684759917,479.28139274018724,448.8768994049588,448.2005547597638,0.6763446451950017,119.99997139966152,119.99997139966152,119.99997139966152,123.64157319624181,119.72470341631094,104.45382335413063,0.5727170854303709,39311.99550857504,42413.0,-3101.0044914249593,42906.0,0.0,0.5727170854303709,4.366236224003224,4.366145698323976,4.366236224003224,4.366145698323976,111.23656320571303,87.26164840106003,241.64630587585856,0.9465889080901377,448.87708759593966,479.3577751254786,4.192483555875981e-07,0.00015934316549126581
20,1.0,21.878914405010438,479.28139274018724,448.8768840741325,448.2005394991636,0.6763445749688799,119.99998749529914,119.99998749529914,119.99998749529914,123.64157319624181,119.72471947502679,104.4538197963156,0.5727170854372307,39311.99943982405,42413.0,-3101.0005601759476,42906.0,0.0,0.5727170854372307,4.366236074308496,4.366145548638599,4.366236074308496,4.366145548638599,111.23655939912558,87.26164541370747,241.64629763835234,0.9465889080910468,448.87708759593966,479.3577751254786,4.534020844326747e-07,0.00015934316549126581
21,1.05,21.97286012526096,479.28139274018724,448.876868005997,448.20052350463243,0.6763445013645537,120.00000436502776,120.00000436502776,120.00000436502776,123.64157319624181,119.72473630605793,104.45381606739323,0.5727170854444209,39312.003560139,42413.0,-3100.9964398610027,42906.0,0.0,0.5727170854444209,4.366235917414535,4.366145391754458,4.366235917414535,4.366145391754458,111.2365554094672,87.26164228268374,241.64628900467704,0.9465889080919999,448.87708759593966,479.3577751254786,4.891983769184094e-07,0.00015934316549126581
22,1.1,22.06680584551148,479.28139274018724,448.8768511650941,448.2005067408728,0.67634442422127,120.00002204607566,120.00002204607566,120.00002204607566,123.64157319624181,119.72475394654725,104.45381215913523,0.5727170854519557,39312.007878612756,42413.0,-3100.992121387244,42906.0,0.0,0.5727170854519557,4.36623575297498,4.366145227325319,4.36623575297498,4.366145227325319,111.23655122793323,87.26163900107912,241.64627995578144,0.9465889080929997,448.87708759593966,479.3577751254786,5.26716226079138e-07,0.00015934316549126581
23,1.15,22.160751565762006,479.28139274018724,448.876833514258,448.20048917089053,0.6763443433674752,120.00004057746143,120.00004057746143,120.00004057746143,123.64157319624181,119.72477243542389,104.45380806291678,0.5727170854598544,39312.012404775145,42413.0,-3100.987595224855,42906.0,0.0,0.5727170854598544,4.366235580626942,4.366145054988067,4.366235580626942,4.366145054988067,111.23654684529617,87.26163556165164,241.64627047169517,0.9465889080940465,448.87708759593966,479.3577751254786,5.66038429350435e-07,0.00015934316549126581
24,1.2,22.254697286012526,479.28139274018724,448.87681501453767,448.2004707559124,0.6763442586252495,120.00006000008021,120.00006000008021,120.00006000008021,123.64157319624181,119.7247918134891,104.45380376969797,0.5727170854681318,39312.01714861452,42413.0,-3100.982851385481,42906.0,0.0,0.5727170854681318,4.366235399990288,4.366144874362703,4.366235399990288,4.366144874362703,111.23654225188402,87.26163195681124,241.64626053148942,0.9465889080951444,448.87708759593966,479.3577751254786,6.072517612087935e-07,0.00015934316549126581
25,1.25,22.348643006263046,479.28139274018724,448.87679562510755,448.2004514552998,0.6763441698077486,120.00008035679386,120.00008035679386,120.00008035679386,123.64157319624181,119.72481212350648,104.45379927000513,0.5727170854768076,39312.022120599504,42413.0,-3100.977879400496,42906.0,0.0,0.5727170854768076,4.366235210666154,4.366144685050472,4.366235210666154,4.366144685050472,111.23653743756032,87.26162817860268,241.64625011322792,0.9465889080962948,448.87708759593966,479.3577751254786,6.504471717905247e-07,0.00015934316549126581
26,1.3,22.44258872651357,479.2815482231007,448.8767753031788,448.2004312264605,0.6763440767182942,120.00010169252552,120.00010169252552,120.00010169252552,123.6410327689483,119.7248334102961,104.45379455390793,0.5727170854859013,39312.027331702164,42410.0,-3097.972668297836,42903.0,0.0,0.5727170854859013,4.366235012236842,4.36614448663363,4.366235012236842,4.36614448663363,111.23653239170076,87.26162421868798,241.6462391939196,0.9465889080974998,448.87708759593966,479.3577751254786,6.957199853996343e-07,0.00015901880877589036
27,1.35,22.536534446764094,479.2815482231007,448.87675400390594,448.2004100247535,0.6763439791524206,120.00012405435875,120.00012405435875,120.00012405435875,123.6410327689483,119.72485572083352,104.45378961099874,0.572717085495431,39312.03279342228,42410.0,-3097.9672065777195,42903.0,0.0,0.572717085495431,4.366234804264444,4.366144278674142,4.366234804264444,4.366144278674142,111.23652710316998,87.26162006832936,241.646227749468,0.9465889080987645,448.87708759593966,479.3577751254786,7.431701081195285e-07,0.00015901880877589036
28,1.4,22.630480167014614,479.2815482231007,448.87673168028516,448.20038780339115,0.6763438768940091,120.0001474916415,120.0001474916415,120.0001474916415,123.6410327689483,119.72487910435348,104.4537844303702,0.5727170855054199,39312.03851781259,42410.0,-3097.961482187413,42903.0,0.0,0.5727170855054199,4.366234586290062,4.366144060713452,4.366234586290062,4.366144060713452,111.23652156029762,87.26161571836667,241.64621575461734,0.9465889081000887,448.87708759593966,479.3577751254786,7.92902253965444e-07,0.00015901880877589036
29,1.45,22.724425887265134,479.2815482231007,448.8767082830529,448.2003645133354,0.676343769717505,120.00017205609491,120.00017205609491,120.00017205609491,123.6410327689483,119.72490361245848,104.45377900058898,0.5727170855158888,39312.044517505514,42410.0,-3097.955482494486,42903.0,0.0,0.5727170855158888,4.366234357832589,4.366143832270382,4.366234357832589,4.366143832270382,111.23651575085151,87.26161115920115,241.64620318289727,0.9465889081014772,448.87708759593966,479.3577751254786,8.450261713699447e-07,0.00015901880877589036
30,1.5,22.818371607515658,479.2815482231007,448.8766837605767,448.2003401031901,0.6763436573866102,120.00019780192748,120.00019780192748,120.00019780192748,123.6410327689483,119.72492929923267,104.45377330967321,0.5727170855268617,39312.050805741,42410.0,-3097.949194259003,42903.0,0.0,0.5727170855268617,4.3662341183879505,4.366143592840672,4.3662341183879505,4.366143592840672,111.23650966201157,87.2616063807713,241.64619000656523,0.9465889081029314,448.87708759593966,479.3577751254786,8.996568862107424e-07,0.00015901880877589036
31,1.55,22.91231732776618,479.2815482231007,448.87665805874116,448.20031451908744,0.6763435396537147,120.00022478595466,120.00022478595466,120.00022478595466,123.6410327689483,119.72495622136117,104.45376734506397,0.572717085538362,39312.0573963957,42410.0,-3097.9426036043005,42903.0,0.0,0.572717085538362,4.366233867427638,4.366143341896077,4.366233867427638,4.366143341896077,111.23650328034084,87.26160137253271,241.64617619654388,0.946588908104457,448.87708759593966,479.3577751254786,9.569149559407464e-07,0.00015901880877589036
32,1.6,23.006263048016702,479.2815482231007,448.87663112082737,448.2002877045689,0.6763434162584758,120.00025306772422,120.00025306772422,120.00025306772422,123.6410327689483,119.72498443825516,104.45376109359921,0.5727170855504159,39312.064304013526,42410.0,-3097.9356959864745,42903.0,0.0,0.5727170855504159,4.3662336043979195,4.366143078882715,4.3662336043979195,4.366143078882715,111.23649659175659,87.26159612343281,241.64616172235733,0.946588908106055,448.87708759593966,479.3577751254786,1.0169267375959024e-06,0.00015901880877589036
33,1.65,23.100208768267223,479.2815482231007,448.8766028873898,448.20025960046104,0.676343286928784,120.00028270964768,120.00028270964768,120.00028270964768,123.6410327689483,119.72501401218301,104.45375454148302,0.5727170855630488,39312.07154383796,42410.0,-3097.928456162037,42903.0,0.0,0.5727170855630488,4.366233328718344,4.366142803220441,4.366233328718344,4.366142803220441,111.23648958149857,87.2615906218881,241.64614655206435,0.94658890810773,448.87708759593966,479.3577751254786,1.0798246630194797e-06,0.00015901880877589036
34,1.7,23.194154488517746,479.2815482231007,448.87657329612335,448.2002301447442,0.6763431513791716,120.00031377713803,120.00031377713803,120.00031377713803,123.6410327689483,119.72504500840763,104.45374767425616,0.572717085576289,39312.0791318454,42410.0,-3097.9208681546006,42903.0,0.0,0.572717085576289,4.36623303978039,4.366142514300918,4.36623303978039,4.366142514300918,111.23648223409683,87.26158485575803,241.6461306521872,0.946588908109486,448.87708759593966,479.3577751254786,1.1457475342924184e-06,0.00015901880877589036
35,1.75,23.288100208768267,479.2815482231007,448.8765422817275,448.2001992724168,0.676343009310699,120.00034633875397,120.00034633875397,120.00034633875397,123.6410327689483,119.72507749533048,104.4537404767643,0.5727170855901664,39312.08708478068,42410.0,-3097.91291521932,42903.0,0.0,0.5727170855901664,4.366232736946763,4.366142211486192,4.366232736946763,4.366142211486192,111.23647453333709,87.26157881231825,241.6461139876392,0.9465889081113265,448.87708759593966,479.3577751254786,1.2148408266021704e-06,0.00015901880877589036
36,1.8,23.38204592901879,479.2815482231007,448.8765097757603,448.20016691535045,0.6763428604098749,120.0003804663513,120.0003804663513,120.0003804663513,123.6410327689483,119.7251115446425,104.45373293312477,0.5727170856047111,39312.095420193815,42410.0,-3097.904579806185,42903.0,0.0,0.5727170856047111,4.366232419548844,4.366141894108182,4.366232419548844,4.366141894108182,111.23646646222588,87.26157247823204,241.64609652164538,0.946588908113255,448.87708759593966,479.3577751254786,1.2872570137600903e-06,0.00015901880877589036
37,1.85,23.47599164926931,479.2815482231007,448.87647570648943,448.20013300214134,0.6763427043480874,120.00041623524142,120.00041623524142,120.00041623524142,123.6410327689483,119.72514723148232,104.45372502669034,0.5727170856199556,39312.10415647886,42410.0,-3097.895843521139,42903.0,0.0,0.5727170856199556,4.366232086886484,4.366141561466577,4.366232086886484,4.366141561466577,111.23645800295202,87.2615658395215,241.64607821566284,0.9465889081152759,448.87708759593966,479.3577751254786,1.3631558997140303e-06,0.00015901880877589036
38,1.9,23.569937369519835,479.2815482231007,448.87643999873137,448.2000974579512,0.6763425407801833,120.00045372435744,120.00045372435744,120.00045372435744,123.6410327689483,119.72518463460207,104.4537167400133,0.5727170856359334,39312.1133129143,42410.0,-3097.886687085702,42903.0,0.0,0.5727170856359334,4.36623173822538,4.366141212827358,4.36623173822538,4.366141212827358,111.23644913684805,87.26155888153704,241.64605902929355,0.9465889081173946,448.87708759593966,479.3577751254786,1.4427049769283329e-06,0.00015901880877589036
39,1.95,23.663883089770355,479.281574033069,448.87640257368923,448.2000602043429,0.6763423693463437,120.00049301642849,120.00049301642849,120.00049301642849,123.58826881866187,119.72522383654102,104.45370805480692,0.5727170856526795,39312.12290970593,42410.0,-3097.877090294067,42903.0,0.0,0.5727170856526795,4.366231372796285,4.36614084742115,4.366231372796285,4.36614084742115,111.23643984434852,87.26155158892368,241.6460389201996,0.946588908119615,448.87708759593966,479.3577751254786,1.5260797874283583e-06,0.0001589649659686776
40,2.0,23.757828810020875,479.281574033069,448.8763633487755,448.2000211591072,0.6763421896682758,120.00053419816211,120.00053419816211,120.00053419816211,123.58826881866187,119.72526492380784,104.45369895190564,0.5727170856702304,39312.13296803112,42410.0,-3097.8670319688827,42903.0,0.0,0.5727170856702304,4.366230989792612,4.366140464441514,4.366230989792612,4.366140464441514,111.23643010494773,87.2615439455891,241.64601784400455,0.9465889081219426,448.87708759593966,479.3577751254786,1.613464318372948e-06,0.0001589649659686776
41,2.05,23.8517745302714,479.281574033069,448.8763222374297,448.1999802360815,0.6763420013481891,120.00057736043566,120.00057736043566,120.00057736043566,123.58826881866187,119.72530798707142,104.4536894112212,0.5727170856886259,39312.14351008551,42410.0,-3097.8564899144912,42903.0,0.0,0.5727170856886259,4.366230588369319,4.366140063043417,4.366230588369319,4.366140063043417,111.23641989715284,87.26153593466574,241.64599575419837,0.9465889081243817,448.87708759593966,479.3577751254786,1.7050514073968515e-06,0.0001589649659686776
42,2.1,23.94572025052192,479.281574033069,448.8762791489311,448.1999373449595,0.6763418039715816,120.00062259849676,120.00062259849676,120.00062259849676,123.58826881866187,119.72535312136091,104.45367941169985,0.5727170857079061,39312.15455913233,42410.0,-3097.84544086767,42903.0,0.0,0.5727170857079061,4.3662301676405235,4.366139642340954,4.3662301676405235,4.366139642340954,111.23640919843818,87.26152753847623,241.6459726020352,0.9465889081269386,448.87708759593966,479.3577751254786,1.8010431606096944e-06,0.0001589649659686776
43,2.15,24.039665970772443,479.281574033069,448.87623398819534,448.19989239109236,0.6763415971029758,120.00067001217347,120.00067001217347,120.00067001217347,123.58826881866187,119.72540042627539,104.45366893127613,0.5727170857281133,39312.16613955344,42410.0,-3097.8338604465607,42903.0,0.0,0.5727170857281133,4.36622972667783,4.366139201405872,4.36622972667783,4.366139201405872,111.23639798519481,87.26151873849204,241.6459483364248,0.9465889081296177,448.87708759593966,479.3577751254786,1.9016514050118616e-06,0.0001589649659686776
44,2.2,24.133611691022963,479.281574033069,448.8761866555644,448.1998452752793,0.6763413802851233,120.00071970609463,120.00071970609463,120.00071970609463,123.58826881866187,119.72545000620363,104.45365794682178,0.5727170857492923,39312.17827690311,42410.0,-3097.8217230968876,42903.0,0.0,0.5727170857492923,4.3662292645081,4.366138739265182,4.3662292645081,4.366138739265182,111.23638623267772,87.26150951529411,241.64592290381933,0.9465889081324262,448.87708759593966,479.3577751254786,2.0070981570086133e-06,0.0001589649659686776
45,2.25,24.227557411273487,479.281574033069,448.87613704658924,448.1997958935492,0.6763411530400276,120.00077178992053,120.00077178992053,120.00077178992053,123.58826881866187,119.72550197055442,104.45364643409783,0.57271708577149,39312.190997964564,42410.0,-3097.8090020354357,42903.0,0.0,0.57271708577149,4.366228780111399,4.366138254898885,4.366228780111399,4.366138254898885,111.23637391495305,87.26149984852964,241.64589624809628,0.9465889081353693,448.87708759593966,479.3577751254786,2.117616106245279e-06,0.0001589649659686776
46,2.3,24.321503131524008,479.281574033069,448.8760850517971,448.19974413693075,0.67634091486633,120.00082637858497,120.00082637858497,120.00082637858497,123.58826881866187,119.72555643399791,104.45363436769853,0.5727170857947552,39312.204330808905,42410.0,-3097.795669191095,42903.0,0.0,0.5727170857947552,4.366228272418944,4.366137747238213,4.366228272418944,4.366137747238213,111.23636100483856,87.261489716867,241.64586831043437,0.9465889081384549,448.87708759593966,479.3577751254786,2.233449134081411e-06,0.0001589649659686776
47,2.35,24.41544885177453,479.281574033069,448.87603055645127,448.19968989121304,0.6763406652382287,120.00088359254887,120.00088359254887,120.00088359254887,123.58826881866187,119.72561351671867,104.45362172099757,0.5727170858191389,39312.218304857204,42410.0,-3097.781695142796,42903.0,0.0,0.5727170858191389,4.3662277403103005,4.366137215162894,4.3662277403103005,4.366137215162894,111.236347473846,87.26147909794867,241.6458390291834,0.9465889081416887,448.87708759593966,479.3577751254786,2.3548528486072584e-06,0.0001589649659686776
48,2.4,24.50939457202505,479.281574033069,448.87597344029643,448.1996330366917,0.6763404036047405,120.0009435580659,120.0009435580659,120.0009435580659,123.58826881866187,119.72567334468079,104.45360846608688,0.5727170858446963,39312.2329509452,42410.0,-3097.767049054797,42903.0,0.0,0.5727170858446963,4.366227182611347,4.3661366574989415,4.366227182611347,4.3661366574989415,111.23633329211648,87.2614679683411,241.64580833972857,0.9465889081450767,448.87708759593966,479.3577751254786,2.482095152522845e-06,0.0001589649659686776
49,2.45,24.603340292275576,479.281574033069,448.87591357729656,448.1995734479072,0.6763401293893594,120.00100640746115,120.00100640746115,120.00100640746115,123.58826881866187,119.72573604990576,104.45359457371788,0.5727170858714821,39312.248301391606,42410.0,-3097.751698608394,42903.0,0.0,0.5727170858714821,4.366226598091352,4.366136073015468,4.366226598091352,4.366136073015468,111.23631842835525,87.26145630348594,241.64577617434855,0.9465889081486287,448.87708759593966,479.3577751254786,2.615456826671192e-06,0.0001589649659686776
50,2.5,24.697286012526096,479.281574033069,448.87585083535237,448.19951099336623,0.6763398419861346,120.00107227942298,120.00107227942298,120.00107227942298,123.58826881866187,119.72580177076388,104.45358001323362,0.5727170858995556,39312.26439006909,42410.0,-3097.735609930911,42903.0,0.0,0.5727170858995556,4.366225985460503,4.366135460423209,4.366225985460503,4.366135460423209,111.23630284976288,87.26144407764178,241.645742462064,0.9465889081523514,448.87708759593966,479.3577751254786,2.7552321592017037e-06,0.0001589649659686776
51,2.55,24.791231732776616,479.281574033069,448.8757850760126,448.19944553525204,0.6763395407605799,120.00114131930907,120.00114131930907,120.00114131930907,123.58826881866187,119.72587065227934,104.45356475250443,0.5727170859289802,39312.28125247912,42410.0,-3097.7187475208775,42903.0,0.0,0.5727170859289802,4.366225343366928,4.366134818369858,4.366225343366928,4.366134818369858,111.23628652196234,87.26143126383062,241.64570712848288,0.9465889081562534,448.87708759593966,479.3577751254786,2.9017295892774797e-06,0.0001589649659686776
52,2.6,24.88517745302714,479.281574033069,448.8757161541697,448.1993769291207,0.6763392250489915,120.00121367946697,120.00121367946697,120.00121367946697,123.58826881866187,119.72594284645025,104.45354875785529,0.5727170859598193,39312.29892583049,42410.0,-3097.701074169512,42903.0,0.0,0.5727170859598193,4.366224670393734,4.366134145438878,4.366224670393734,4.366134145438878,111.23626940892396,87.26141783377648,241.64567009563666,0.9465889081603426,448.87708759593966,479.3577751254786,3.05527238486647e-06,0.0001589649659686776
53,2.65,24.979123173277664,479.281574033069,448.87564391773674,448.1993050235827,0.6763388941540143,120.00128951957034,120.00128951957034,120.00128951957034,123.58826881866187,119.72601851258398,104.45353199399108,0.5727170859921419,39312.317449121016,42410.0,-3097.6825508789843,42903.0,0.0,0.5727170859921419,4.366223965055944,4.3661334401452905,4.366223965055944,4.3661334401452905,111.23625147288516,87.2614037578441,241.64563128180623,0.9465889081646286,448.87708759593966,479.3577751254786,3.216199362388039e-06,0.0001589649659686776
54,2.7,25.073068893528184,479.281574033069,448.87556820731425,448.1992296599684,0.6763385473458357,120.00136900697107,120.00136900697107,120.00136900697107,123.58826881866187,119.72609781764854,104.45351442392018,0.5727170860260188,39312.3368632239,42410.0,-3097.6631367761,42903.0,0.0,0.5727170860260188,4.3662232257970714,4.3661327009328375,4.3662232257970714,4.3661327009328375,111.23623267426775,87.26138900497301,241.64559060134357,0.9465889081691208,448.87708759593966,479.3577751254786,3.3848656288970602e-06,0.0001589649659686776
55,2.75,25.167014613778704,479.281574033069,448.8754888558365,448.19915067197763,0.6763381838588884,120.00145231706854,120.00145231706854,120.00145231706854,123.58826881866187,119.72618093664093,104.45349600887184,0.5727170860615246,39312.357210977585,42410.0,-3097.642789022415,42903.0,0.0,0.5727170860615246,4.3662224509858305,4.366131926170112,4.3662224509858305,4.366131926170112,111.23621297158978,87.26137354260891,241.6455479644819,0.9465889081738288,448.87708759593966,479.3577751254786,3.56164337034226e-06,0.0001589649659686776
56,2.8,25.260960334029228,479.281574033069,448.87540568820623,448.19906788531443,0.6763378028917941,120.00153963369647,120.00153963369647,120.00153963369647,123.58826881866187,119.72626805297321,104.45347670821155,0.5727170860987384,39312.378537280616,42410.0,-3097.621462719384,42903.0,0.0,0.5727170860987384,4.366221638912634,4.366131114147834,4.366221638912634,4.366131114147834,111.23619232137519,87.26135733663222,241.64550327713835,0.9465889081787631,448.87708759593966,479.3577751254786,3.7469226652486753e-06,0.0001589649659686776
57,2.85,25.35490605427975,479.281574033069,448.87531852090336,448.1989811173005,0.6763374036028722,120.00163114952855,120.00163114952855,120.00163114952855,123.58826881866187,119.72635935887708,104.45345647934965,0.5727170861377413,39312.40088919013,42410.0,-3097.599110809868,42903.0,0.0,0.5727170861377413,4.366220787785366,4.366130263073956,4.366220787785366,4.366130263073956,111.23617067805674,87.26134035128302,241.64545644070427,0.9465889081839356,448.87708759593966,479.3577751254786,3.941112356131704e-06,0.0001589649659686776
58,2.9,25.448851774530272,479.281574033069,448.8752271615857,448.19889017647426,0.6763369851114476,120.00172706650332,120.00172706650332,120.00172706650332,123.58826881866187,119.72645505582787,104.45343527764948,0.5727170861786205,39312.42431602624,42410.0,-3097.5756839737587,42903.0,0.0,0.5727170861786205,4.3662198957261396,4.366129371070542,4.3662198957261396,4.366129371070542,111.23614799387659,87.261322549081,241.64540735183144,0.9465889081893559,448.87708759593966,479.3577751254786,4.144640939229838e-06,0.0001589649659686776
59,2.95,25.542797494780793,479.281574033069,448.8751314086612,448.1987948621666,0.6763365464946105,120.00182759626972,120.00182759626972,120.00182759626972,123.58826881866187,119.726555354989,104.45341305632746,0.5727170862214652,39312.448869480446,42410.0,-3097.551130519554,42903.0,0.0,0.5727170862214652,4.366218960766361,4.36612843616939,4.366218960766361,4.36612843616939,111.23612421878012,87.2613038907445,241.64535590220083,0.9465889081950376,448.87708759593966,479.3577751254786,4.35795751774215e-06,0.0001589649659686776
60,3.0,25.636743215031316,479.281574033069,448.87503105084403,448.1986949640601,0.6763360867839197,120.0019329606539,120.0019329606539,120.0019329606539,123.58826881866187,119.72666047767777,104.45338976635094,0.572717086266371,39312.474603729715,42410.0,-3097.5253962702845,42903.0,0.0,0.572717086266371,4.366217980842997,4.366127456307652,4.366217980842997,4.366127456307652,111.23609930030594,87.26128433510189,241.64530197828554,0.9465889082009915,448.87708759593966,479.3577751254786,4.581532790259857e-06,0.0001589649659686776
61,3.05,25.730688935281837,479.281574033069,448.8749258666887,448.19859026172367,0.6763356049650611,120.00204339214847,120.00204339214847,120.00204339214847,123.58826881866187,119.72677065585349,104.45336535632907,0.572717086313436,39312.50157555595,42410.0,-3097.4984244440493,42903.0,0.0,0.572717086313436,4.366216953793902,4.36612642932289,4.366216953793902,4.36612642932289,111.23607318346998,87.26126383900368,241.64524546109828,0.9465889082072327,448.87708759593966,479.3577751254786,4.8158600888248415e-06,0.0001589649659686776
62,3.1,25.824634655532357,479.281574033069,448.8748156241018,448.1984805241268,0.676335099975006,120.00215913442534,120.00215913442534,120.00215913442534,123.58826881866187,119.7268861326291,104.45333977240034,0.5727170863627646,39312.52984447131,42410.0,-3097.4701555286883,42903.0,0.0,0.5727170863627646,4.366215877352822,4.366125352949382,4.366215877352822,4.366125352949382,111.23604581064396,87.26124235722307,241.64518622593258,0.9465889082137736,448.87708759593966,479.3577751254786,5.0614564668372e-06,0.0001589649659686776
63,3.15,25.91858037578288,479.281574033069,448.87470007983075,448.19836550913055,0.6763345707001918,120.0022804428732,120.0022804428732,120.0022804428732,123.58826881866187,119.72700716280747,104.45331295811295,0.5727170864144652,39312.55947284942,42410.0,-3097.440527150582,42903.0,0.0,0.5727170864144652,4.366214749144589,4.366124224811699,4.366214749144589,4.366124224811699,111.23601712142961,87.26121984236102,241.64512414208383,0.9465889082206289,448.87708759593966,479.3577751254786,5.318863838033039e-06,0.0001589649659686776
64,3.2,26.012526096033405,479.281574033069,448.8745789789248,448.19824496295286,0.6763340159719178,120.00240758516073,120.00240758516073,120.00240758516073,123.58826881866187,119.72713401344323,104.4532848543007,0.5727170864686519,39312.5905260627,42410.0,-3097.409473937303,42903.0,0.0,0.5727170864686519,4.366213566679605,4.366123042420952,4.366213566679605,4.366123042420952,111.23598705252313,87.26119624473745,241.64505907256364,0.9465889082278148,448.87708759593966,479.3577751254786,5.588650176635568e-06,0.0001589649659686776
65,3.25,26.106471816283925,479.281574033069,448.874452054175,448.1981186196088,0.6763334345661747,120.0025408418269,120.0025408418269,120.0025408418269,123.58826881866187,119.7272669644319,104.45325539895259,0.5727170865254447,39312.62307262677,42410.0,-3097.3769273732323,42903.0,0.0,0.5727170865254447,4.366212327348997,4.366121803167914,4.366212327348997,4.366121803167914,111.23595553757809,87.26117151228465,241.64499087379534,0.9465889082353456,448.87708759593966,479.3577751254786,5.871410765911911e-06,0.0001589649659686776
66,3.3,26.200417536534445,479.281574033069,448.87431902552424,448.19798620032464,0.6763328251996086,120.00268050689986,120.00268050689986,120.00268050689986,123.58826881866187,119.72740630912709,104.45322452707569,0.5727170865849692,39312.65718435147,42410.0,-3097.3428156485315,42903.0,0.0,0.5727170865849692,4.3662110284180216,4.3661205043185305,4.3662110284180216,4.3661205043185305,111.23592250705715,87.26114559043049,241.64491939530006,0.9465889082432384,448.87708759593966,479.3577751254786,6.16776951178899e-06,0.0001589649659686776
67,3.35,26.29436325678497,479.281574033069,448.87417959945185,448.19784741292204,0.6763321865298053,120.00282688854514,120.00282688854514,120.00282688854514,123.58826881866187,119.72755235498745,104.45319217055331,0.5727170866473558,39312.692936499356,42410.0,-3097.3070635006443,42903.0,0.0,0.5727170866473558,4.366209667020755,4.366119143006472,4.366209667020755,4.366119143006472,111.23588788807986,87.2611184219802,241.64484447936456,0.9465889082515112,448.87708759593966,479.3577751254786,6.478380314312027e-06,0.0001589649659686776
68,3.4,26.38830897703549,479.281574033069,448.8740334683208,448.1977019511749,0.6763315171459112,120.0029803097454,120.0029803097454,120.0029803097454,123.58826881866187,119.72770542425475,104.45315825799202,0.5727170867127427,39312.730407951094,42410.0,-3097.269592048906,42903.0,0.0,0.5727170867127427,4.366208240153405,4.366117716228587,4.366208240153405,4.366117716228587,111.23585160426157,87.26108994698757,241.64476596068968,0.9465889082601815,448.87708759593966,479.3577751254786,6.80392852125955e-06,0.0001589649659686776
69,3.45,26.482254697286013,479.281574033069,448.87388030970385,448.19754949413294,0.6763308155709069,120.00314110901262,120.00314110901262,120.00314110901262,123.58826881866187,119.72786585466449,104.45312271456669,0.5727170867812744,39312.76968137997,42410.0,-3097.2303186200297,42903.0,0.0,0.5727170867812744,4.366206744667487,4.3661162208364885,4.366206744667487,4.3661162208364885,111.23581357554454,87.2610601026247,241.64468366603063,0.9465889082692688,448.87708759593966,479.3577751254786,7.145132430275147e-06,0.0001589649659686776
70,3.5,26.576200417536533,479.281574033069,448.873719785672,448.19738970541516,0.6763300802568324,120.00330964113458,120.00330964113458,120.00330964113458,123.58826881866187,119.72803400019053,104.4530854618535,0.5727170868531017,39312.810843433865,42410.0,-3097.1891565661354,42903.0,0.0,0.5727170868531017,4.366205177263666,4.3661146535309285,4.366205177263666,4.3661146535309285,111.23577371802234,87.2610288230432,241.64459741381185,0.946588908278793,448.87708759593966,479.3577751254786,7.50274487315572e-06,0.0001589649659686776
71,3.55,26.670146137787057,479.281574033069,448.8735515420487,448.1972222324662,0.6763293095825134,120.00348627795714,120.00348627795714,120.00348627795714,123.58826881866187,119.72821023182581,104.45304641765998,0.572717086928383,39312.85398492639,42410.0,-3097.1460150736093,42903.0,0.0,0.572717086928383,4.366203534483311,4.36611301085361,4.366203534483311,4.36611301085361,111.23573194375422,87.26099603922853,241.64450701372903,0.9465889082887756,448.87708759593966,479.3577751254786,7.877554877855353e-06,0.0001589649659686776
72,3.6,26.764091858037578,479.281574033069,448.8733752076281,448.19704670578153,0.6763285018465695,120.00367140920417,120.00367140920417,120.00367140920417,123.58826881866187,119.7283949384002,104.45300549583953,0.5727170870072849,39312.899201036926,42410.0,-3097.1007989630743,42903.0,0.0,0.5727170870072849,4.366201812702059,4.36611128918031,4.366201812702059,4.36611128918031,111.2356881605712,87.26096167884776,241.64441226632675,0.946588908299238,448.87708759593966,479.3577751254786,8.270389409759105e-06,0.0001589649659686776
73,3.65,26.8580375782881,479.2814969639781,448.87319039335785,448.1968627380906,0.6763276552672437,120.00386544333685,120.00386544333685,120.00386544333685,123.58857231728979,119.7285885274379,104.45296260610598,0.572717087089981,39312.94659152055,42412.0,-3099.053408479449,42905.0,0.0,0.572717087089981,4.366200008121183,4.366109484712524,4.366200008121183,4.366109484712524,111.23564227187278,87.26092566609043,241.64431296256095,0.9465889083102037,448.87708759593966,479.3577751254786,8.682115192559792e-06,0.0001591257416875269
74,3.7,26.95198329853862,479.2814969639781,448.87299669148086,448.19666992350403,0.6763267679768319,120.00406880845422,120.00406880845422,120.00406880845422,123.58857231728979,119.72879142605595,104.45291765383075,0.5727170871766534,39312.99626092792,42412.0,-3099.0037390720827,42905.0,0.0,0.5727170871766534,4.366198116758916,4.366107593468882,4.366198116758916,4.366107593468882,111.23559417641479,87.26088792150131,241.64420888333697,0.9465889083216965,448.87708759593966,479.3577751254786,9.113640619728969e-06,0.0001591257416875269
75,3.75,27.045929018789145,479.2814969639781,448.8727936746358,448.1964678366189,0.6763258380168509,120.00428195323697,120.00428195323697,120.00428195323697,123.58857231728979,119.7290040819058,104.45287053983674,0.5727170872674947,39313.04831883555,42412.0,-3098.95168116445,42905.0,0.0,0.5727170872674947,4.366196134442653,4.366105611277021,4.366196134442653,4.366105611277021,111.23554376808471,87.26084836180507,241.64409979902632,0.9465889083337421,448.87708759593966,479.3577751254786,9.565917759135623e-06,0.0001591257416875269
76,3.8,27.139874739039666,479.2811841430117,448.8725808949175,448.19625603157994,0.6763248633375838,120.00450534793663,120.00450534793663,120.00450534793663,123.58979787974164,119.72922696416026,104.45282116017853,0.5727170873627039,39313.10288008766,42418.0,-3104.8971199123407,42911.0,0.0,0.5727170873627039,4.366194056798882,4.366103533763464,4.366194056798882,4.366103533763464,111.23549093566936,87.26080689972378,241.64398546896206,0.9465889083463674,448.87708759593966,479.3577751254786,1.0039944445039417e-05,0.0001597783251702234
77,3.85,27.233820459290186,479.28082224623597,448.872357882884,448.1960340410975,0.6763238417864841,120.00473948541216,120.00473948541216,120.00473948541216,123.59120327193958,119.72946056454775,104.45276940591322,0.5727170874624922,39313.160065048665,42425.0,-3111.8399349513347,42918.0,0.0,0.5727170874624922,4.366191879243715,4.3661013563448705,4.366191879243715,4.3661013563448705,111.23543556260827,87.26076344378174,241.6438656409054,0.9465889083595995,448.87708759593966,479.3577751254786,1.0536766492097449e-05,0.0001605332869014653
78,3.9,27.32776617954071,479.28082224623597,448.87212414652873,448.1958013754173,0.6763227711114155,120.00498488221643,120.00498488221643,120.00498488221643,123.59120327193958,119.72970539843618,104.45271516286115,0.572717087567079,39313.219999869136,42425.0,-3111.780000130864,42918.0,0.0,0.572717087567079,4.366189596973115,4.3660990742172885,4.366189596973115,4.3660990742172885,111.23537752673793,87.26071789810737,241.64374005049302,0.9465889083734678,448.87708759593966,479.3577751254786,1.105747998297879e-05,0.0001605332869014653
79,3.95,27.421711899791234,479.28082224623597,448.87187917019077,448.1955575212414,0.6763216489493402,120.00524207973477,120.00524207973477,120.00524207973477,123.59120327193958,119.72996200596903,104.45265831135305,0.5727170876766949,39313.28281676318,42425.0,-3111.7171832368185,42918.0,0.0,0.5727170876766949,4.3661872049520625,4.366096682346324,4.3661872049520625,4.366096682346324,111.23531670002154,87.26067016221896,241.6436084206519,0.9465889083880029,448.87708759593966,479.3577751254786,1.1603233697643489e-05,0.0001605332869014653
80,4.0,27.515657620041754,479.28082224623597,448.87162241342094,448.1953019405953,0.6763204728256369,120.00551164537823,120.00551164537823,120.00551164537823,123.59120327193958,119.73023095325576,104.45259872596725,0.5727170877915825,39313.34865430009,42425.0,-3111.651345699909,42918.0,0.0,0.5727170877915825,4.366184697903343,4.366094175454748,4.366184697903343,4.366094175454748,111.23525294826777,87.26062013080553,241.64347046098953,0.9465889084032371,448.87708759593966,479.3577751254786,1.2175231638544837e-05,0.0001605332869014653
81,4.05,27.609603340292274,479.28082224623597,448.8713533097891,448.1950340696443,0.6763192401447782,120.0057941738342,120.0057941738342,120.0057941738342,123.59120327193958,119.73051283361958,104.4525362752527,0.572717087911995,39313.41765770944,42425.0,-3111.5823422905596,42918.0,0.0,0.572717087911995,4.36618207029634,4.366091548012264,4.36618207029634,4.366091548012264,111.23518613083388,87.26056769349282,241.64332586715378,0.9465889084192036,448.87708759593966,479.3577751254786,1.2774735688281247e-05,0.0001605332869014653
82,4.1,27.703549060542798,479.28082224623597,448.871071265638,448.19475331744945,0.6763179481885686,120.00609028837685,120.00609028837685,120.00609028837685,123.59120327193958,119.73080826890497,104.45247082143976,0.5727170880381977,39313.48997920121,42425.0,-3111.5100207987925,42918.0,0.0,0.5727170880381977,4.366179316334225,4.3660887942229465,4.366179316334225,4.3660887942229465,111.23511610031719,87.2605127346011,241.6431743201626,0.9465889084359385,448.87708759593966,479.3577751254786,1.3403068385264838e-05,0.0001605332869014653
83,4.15,27.79749478079332,479.28082224623597,448.87077565877144,448.1944590646656,0.676316594105856,120.00640064224075,120.00640064224075,120.00640064224075,123.59120327193958,119.73111791084801,104.45240222013567,0.5727170881704688,39313.56577830074,42425.0,-3111.434221699259,42918.0,0.0,0.5727170881704688,4.366176429941731,4.3660859080115415,4.366176429941731,4.3660859080115415,111.23504270222867,87.26045513288989,241.6430154856996,0.946588908453478,448.87708759593966,479.3577751254786,1.4061615846827635e-05,0.0001605332869014653
84,4.2,27.891440501043842,479.28082224623597,448.8704658370873,448.19415066217715,0.6763151749101439,120.0067259200602,120.0067259200602,120.0067259200602,123.59120327193958,119.73144244251255,104.4523303200072,0.5727170883091012,39313.645222200474,42425.0,-3111.3547777995263,42918.0,0.0,0.5727170883091012,4.366173404751642,4.3660828830110745,4.366173404751642,4.3660828830110745,111.23496577465383,87.26039476129108,241.64284901337965,0.9465889084718604,448.87708759593966,479.3577751254786,1.4751830813675149e-05,0.0001605332869014653
85,4.25,27.985386221294362,479.28082224623597,448.8701411171389,448.1938274296675,0.6763136874714064,120.00706683937779,120.00706683937779,120.00706683937779,123.59120327193958,119.73178257979517,104.45225496244771,0.5727170884543995,39313.72848612806,42425.0,-3111.271513871943,42918.0,0.0,0.5727170884543995,4.366170234090539,4.3660797125486965,4.366170234090539,4.3660797125486965,111.23488514789511,87.26033148662907,241.64267453597552,0.9465889084911279,448.87708759593966,479.3577751254786,1.5475235855655356e-05,0.0001605332869014653
86,4.3,28.079331941544886,479.28082224623597,448.86980078262815,448.19348865412053,0.6763121285076181,120.00742415222517,120.00742415222517,120.00742415222517,123.59120327193958,119.73213907300246,104.45217598122633,0.5727170886066852,39313.81575373198,42425.0,-3111.1842462680215,42918.0,0.0,0.5727170886066852,4.36616691096426,4.366076389630848,4.36616691096426,4.366076389630848,111.23480064409875,87.26026516932592,241.6424916686084,0.9465889085113206,448.87708759593966,479.3577751254786,1.6233426728295974e-05,0.0001605332869014653
87,4.35,28.173277661795407,479.28082224623597,448.8694440828298,448.1931335882489,0.6763104945808891,120.00779864677986,120.00779864677986,120.00779864677986,123.59120327193958,119.73251270850395,104.45209320212246,0.5727170887662936,39313.90721748626,42425.0,-3111.0927825137405,42918.0,0.0,0.5727170887662936,4.3661634280424195,4.366072906927343,4.3661634280424195,4.366072906927343,111.23471207686242,87.26019566309691,241.6423000079007,0.9465889085324851,448.87708759593966,479.3577751254786,1.7028075883329663e-05,0.0001605332869014653
88,4.4,28.267223382045927,479.28082224623597,448.8690702309348,448.1927614488484,0.6763087820864371,120.00819114910149,120.00819114910149,120.00819114910149,123.59120327193958,119.73290431046433,104.45200644254146,0.5727170889335771,39314.00307911399,42425.0,-3110.996920886013,42918.0,0.0,0.5727170889335771,4.3661597776426575,4.366069256756305,4.3661597776426575,4.366069256756305,111.23461925082418,87.26012281462448,241.6420991310872,0.946588908554667,448.87708759593966,479.3577751254786,1.7860936159075358e-05,0.0001605332869014653
89,4.45,28.36116910229645,479.28082224623597,448.8686784023219,448.1923714150738,0.6763069872480969,120.0086025249512,120.0086025249512,120.0086025249512,123.59120327193958,119.73331474265882,104.45191551111446,0.5727170891089043,39314.10355003167,42425.0,-3110.896449968328,42918.0,0.0,0.5727170891089043,4.366155951712763,4.3660654310663745,4.366155951712763,4.3660654310663745,111.23452196123387,87.26004646322372,241.6418885950852,0.9465889085779158,448.87708759593966,479.3577751254786,1.873384463169092e-05,0.0001605332869014653
90,4.5,28.455114822546975,479.28082224623597,448.8682677327358,448.1919626266297,0.6763051061060992,120.0090336816985,120.0090336816985,120.0090336816985,123.59120327193958,119.73374491037548,104.45182020727412,0.5727170892926622,39314.20885181422,42425.0,-3110.791148185781,42918.0,0.0,0.5727170892926622,4.366151941814188,4.366061421419147,4.366151941814188,4.366061421419147,111.23441999350001,87.25996644048661,241.6416679355158,0.9465889086022821,448.87708759593966,479.3577751254786,1.9648726672816252e-05,0.0001605332869014653
91,4.55,28.549060542797495,479.28082224623597,448.8678373163882,448.19153418187625,0.6763031345119543,120.00948557031944,120.00948557031944,120.00948557031944,123.59120327193958,119.73419576240892,104.4517203208147,0.5727170894852571,39314.31921668301,42425.0,-3110.680783316988,42918.0,0.0,0.5727170894852571,4.366147739102388,4.366057218970923,4.366147739102388,4.366057218970923,111.23431312271865,87.25988256991172,241.64143666568452,0.9465889086278201,448.87708759593966,479.3577751254786,2.0607600180744257e-05,0.0001605332869014653
92,4.6,28.643006263048015,479.28082224623597,448.86738620396176,448.1910851358442,0.6763010681175388,120.0099591874907,120.0099591874907,120.0099591874907,123.59120327193958,119.73466829314955,104.4516156314285,0.572717089687112,39314.43488801655,42425.0,-3110.565111983451,42918.0,0.0,0.572717089687112,4.3661433343079565,4.3660528144527575,4.3661433343079565,4.3660528144527575,111.23420111317805,87.2597946665166,241.6411942755064,0.9465889086545868,448.87708759593966,479.3577751254786,2.161258002686406e-05,0.0001605332869014653
93,4.65,28.73695198329854,479.28082224623597,448.8669134005193,448.1906144981541,0.676298902365204,120.0104555777839,120.0104555777839,120.0104555777839,123.59120327193958,119.73516354477286,104.45150590822101,0.5727170898986725,39314.55612088625,42425.0,-3110.443879113751,42918.0,0.0,0.5727170898986725,4.366138717716183,4.366048198150395,4.366138717716183,4.366048198150395,111.23408371783897,87.25970253642822,241.64094023038552,0.9465889086826402,448.87708759593966,479.3577751254786,2.266588271382375e-05,0.0001605332869014653
94,4.7,28.830897703549063,479.28082224623597,448.86641786331444,448.1901212308355,0.6762966324789659,120.01097583596544,120.01097583596544,120.01097583596544,123.59120327193958,119.73568260953394,104.45139090920281,0.5727170901204066,39314.68318261746,42425.0,-3110.3168173825397,42918.0,0.0,0.5727170901204066,4.366133879145231,4.366043359882781,4.366133879145231,4.366043359882781,111.23396067779134,87.25960597645775,241.64067397003734,0.9465889087120424,448.87708759593966,479.3577751254786,2.376983125240706e-05,0.0001605332869014653
95,4.75,28.924843423799583,479.28082224623597,448.8658984994965,448.18960424604336,0.6762942534531362,120.01152110940612,120.01152110940612,120.01152110940612,123.59120327193958,119.73622663217166,104.45127038075697,0.5727170903528023,39314.81635337752,42425.0,-3110.1836466224777,42918.0,0.0,0.5727170903528023,4.366128807924305,4.366038288979894,4.366128807924305,4.366038288979894,111.23383172168425,87.25950477365319,241.64039490725486,0.9465889087428584,448.87708759593966,479.3577751254786,2.4926860274998575e-05,0.0001605332869014653
96,4.8,29.018789144050103,479.28082224623597,448.8653541637032,448.1890624036619,0.6762917600412948,120.01209260060665,120.01209260060665,120.01209260060665,123.59120327193958,119.73679681242828,104.45114405707926,0.5727170905963723,39314.95592679189,42425.0,-3110.0440732081115,42918.0,0.0,0.5727170905963723,4.366123492869626,4.366032974258417,4.366123492869626,4.366032974258417,111.2336965651289,87.25939870483063,241.64010242661567,0.946588908775156,448.87708759593966,479.3577751254786,2.6139521398294008e-05,0.0001605332869014653
97,4.85,29.112734864300627,479.28082224623597,448.8647836555422,448.18849450879736,0.676289146744864,120.01269156984392,120.01269156984392,120.01269156984392,123.59120327193958,119.73739440768979,104.45101165959554,0.572717090851654,39315.1022105898,42425.0,-3109.897789410199,42918.0,0.0,0.572717090851654,4.366117922260351,4.36602740399843,4.366117922260351,4.36602740399843,111.23355491007234,87.25928753608252,241.63979588312858,0.9465889088090065,448.87708759593966,479.3577751254786,2.741048883414532e-05,0.0001605332869014653
98,4.9,29.206680584551147,479.28082224623597,448.8641857169499,448.18789930914767,0.6762864078022517,120.01331933794414,120.01331933794414,120.01331933794414,123.59120327193958,119.7380207357525,104.45087289634762,0.5727170911192092,39315.25552728106,42425.0,-3109.744472718943,42918.0,0.0,0.5727170911192092,4.366112083812283,4.366021565916469,4.366112083812283,4.366021565916469,111.23340644414189,87.25917102226379,241.6394746008155,0.9465889088444852,448.87708759593966,479.3577751254786,2.874256527285457e-05,0.0001605332869014653
99,4.95,29.300626304801668,479.28082224623597,448.8635590294209,448.1872754922474,0.6762835371735036,120.01397728918876,120.01397728918876,120.01397728918876,123.59120327193958,119.7386771777225,104.45072746135116,0.5727170913996297,39315.4162148646,42425.0,-3109.583785135401,42918.0,0.0,0.5727170913996297,4.366105964651254,4.366015447138864,4.366105964651254,4.366015447138864,111.23325083995763,87.2590489064512,241.63913787122198,0.9465889088816688,448.87708759593966,479.3577751254786,3.013868805645803e-05,0.0001605332869014653
100,5.0,29.39457202505219,479.28082224623597,448.8629022111102,448.18662168258095,0.6762805285292757,120.01466687435952,120.01466687435952,120.01466687435952,123.59120327193958,119.73936518105354,104.45057503392161,0.572717091693533,39315.584627571516,42425.0,-3109.4153724284843,42918.0,0.0,0.572717091693533,4.366099551284286,4.3660090341741125,4.366099551284286,4.3660090341741125,111.23308775441294,87.25892091938033,241.63878495185855,0.9465889089206415,448.87708759593966,479.3577751254786,3.160193563322977e-05,0.0001605332869014653
101,5.05,29.488517745302715,479.28082224623597,448.86221381379414,448.18593643855735,0.6762773752367934,120.01538961392949,120.01538961392949,120.01538961392949,123.59120327193958,119.74008626273091,104.45041527797045,0.572717092001567,39315.76113664362,42425.0,-3109.2388633563824,42918.0,0.0,0.572717092001567,4.366092829570761,4.366002312882074,4.366092829570761,4.366002312882074,111.23291682791893,87.25878677885066,241.63841506457172,0.9465889089614872,448.87708759593966,479.3577751254786,3.3135534328931904e-05,0.0001605332869014653
102,5.1,29.582463465553236,479.28082224623597,448.8614923196832,448.1852182493394,0.6762740703437657,120.01614710140646,120.01614710140646,120.01614710140646,123.59120327193958,119.74084201260708,104.45024784126537,0.5727170923244108,39315.94613114856,42425.0,-3109.0538688514425,42918.0,0.0,0.5727170923244108,4.36608578469054,4.365995268443612,4.36608578469054,4.365995268443612,111.2327376836144,87.2586461891076,241.63802739382703,0.9465889090042968,448.87708759593966,479.3577751254786,3.474286544680183e-05,0.0001605332869014653
103,5.15,29.676409185803756,479.28082224623597,448.86073613808617,448.1844655315223,0.6762706065638895,120.01694100683682,120.01694100683682,120.01694100683682,123.59120327193958,119.74163409689743,104.45007235465562,0.5727170926627775,39316.140018834645,42425.0,-3108.859981165355,42918.0,0.0,0.5727170926627775,4.3660784011114515,4.3659878853273995,4.3660784011114515,4.3659878853273995,111.23254992653679,87.25849884019038,241.63762108492014,0.9465889090491642,448.87708759593966,479.3577751254786,3.642747269871904e-05,0.0001605332869014653
104,5.2,29.77035490605428,479.2807482462848,448.8599436019147,448.18367662565277,0.6762669762619566,120.01777308047659,120.01777308047659,120.01777308047659,123.59148903045555,119.74246426184315,104.44988843126063,0.5727170930174118,39316.34322702623,42422.0,-3105.6567729737726,42915.0,0.0,0.5727170930174118,4.366070662555735,4.3659801472568915,4.366070662555735,4.3659801472568915,111.23235314275422,87.25834440725174,241.63719524209614,0.9465889090961891,448.87708759593966,479.3577751254786,3.8193069993308626e-05,0.00016068766001264834
105,5.25,29.864300626304804,479.2807482462848,448.8591129640172,448.1828497925818,0.6762631714353802,120.01864515663851,120.01864515663851,120.01864515663851,123.59148903045555,119.74333433754921,104.44969566561977,0.5727170933890963,39316.55620356169,42422.0,-3105.4437964383105,42915.0,0.0,0.5727170933890963,4.366062551963729,4.365972037173151,4.366062551963729,4.365972037173151,111.23214689845537,87.25818254984358,241.63674892658136,0.9465889091454756,448.87708759593966,479.3577751254786,4.004354960229772e-05,0.00016068766001264834
106,5.3,29.958246346555324,479.2807482462848,448.8582423933407,448.181983209643,0.6762591836976526,120.01955915772268,120.01955915772268,120.01955915772268,123.59148903045555,119.74424624200591,104.44949363280193,0.5727170937786501,39316.77941777647,42422.0,-3105.2205822235264,42915.0,0.0,0.5727170937786501,4.366054051456281,4.365963537198809,4.366054051456281,4.365963537198809,111.23193073899722,87.2580129111675,241.63628115452087,0.9465889091971303,448.87708759593966,479.3577751254786,4.1982990711120216e-05,0.00016068766001264834
107,5.35,30.052192066805844,479.2807000216999,448.85732997090736,448.18107496664805,0.6762550042593034,120.02051709844022,120.02051709844022,120.02051709844022,123.59167496333254,119.74520198530284,104.44928188747042,0.5727170941869318,39317.013361532794,42423.0,-3105.986638467206,42916.0,0.0,0.5727170941869318,4.366045142296173,4.365954628597251,4.366045142296173,4.365954628597251,111.23170418790443,87.25783511729423,241.63579089481527,0.9465889092512693,448.87708759593966,479.3577751254786,4.401566838285742e-05,0.0001607882625008772
108,5.4,30.146137787056368,479.2807000216999,448.85637368559986,448.18012306169044,0.676250623909425,120.02152109023852,120.02152109023852,120.02152109023852,123.59167496333254,119.74620367404394,104.44905996290655,0.5727170946148417,39317.25855029865,42423.0,-3105.7414497013524,42916.0,0.0,0.5727170946148417,4.366035804846028,4.365945291732714,4.366035804846028,4.365945291732714,111.2314667458242,87.25764877633878,241.63527706685812,0.9465889093080113,448.87708759593966,479.3577751254786,4.6146062947283184e-05,0.0001607882625008772
109,5.45,30.24008350730689,479.2807000216999,448.8553714297441,448.1791253967507,0.6762460329933901,120.02257334593818,120.02257334593818,120.02257334593818,123.59167496333254,119.74725351597382,104.44882736998375,0.5727170950633238,39317.51552427812,42423.0,-3105.4844757218816,42916.0,0.0,0.5727170950633238,4.366026018526263,4.36593550602629,4.366026018526263,4.36593550602629,111.2312178894293,87.2574534776017,241.63473853816055,0.9465889093674797,448.87708759593966,479.3577751254786,4.837886984132567e-05,0.0001607882625008772
110,5.5,30.33402922755741,479.28065697280016,448.8543209944841,448.1780797730886,0.6762412213955145,120.02367618459122,120.02367618459122,120.02367618459122,123.59184074756465,119.74835382482483,104.4485835960933,0.5727170955333657,39317.78484959595,42424.0,-3106.215150404052,42917.0,0.0,0.5727170955333657,4.3660157617687005,4.365925249911754,4.3660157617687005,4.365925249911754,111.23095707026883,87.25724879066723,241.6341741218676,0.9465889094298078,448.87708759593966,479.3577751254786,5.071900991315825e-05,0.00016087806786546643
111,5.55,30.427974947807932,479.28063432397687,448.85322006493,448.17698388641713,0.6762361785128519,120.02483203657135,120.02483203657135,120.02483203657135,123.59192789665212,119.74950702539563,104.44832810402022,0.5727170960260028,39318.06711953781,42428.0,-3109.932880462191,42921.0,0.0,0.5727170960260028,4.36600501197001,4.365914500787142,4.36600501197001,4.365914500787142,111.23068371356476,87.25703426445841,241.63358257414967,0.9465889094951324,448.87708759593966,479.3577751254786,5.3171640231219897e-05,0.00016092531613065564
112,5.6,30.521920668058456,479.28063432397687,448.85206621508166,448.17583532184733,0.676230893234333,120.02604344890716,120.02604344890716,120.02604344890716,123.59192789665212,119.7507156588722,104.44806033076361,0.5727170965423225,39318.36295585049,42428.0,-3109.637044149509,42921.0,0.0,0.5727170965423225,4.365993745442317,4.365903234965629,4.365993745442317,4.365903234965629,111.23039721695034,87.25680942624695,241.63296259147643,0.946588909563597,448.87708759593966,479.3577751254786,5.5742165393168897e-05,0.00016092531613065564
113,5.65,30.615866388308977,479.28063432397687,448.8508569025048,448.174631548589,0.676225353915811,120.02731309086984,120.02731309086984,120.02731309086984,123.59192789665212,119.75198238840265,104.44777968630203,0.5727170970834611,39318.673010103405,42428.0,-3109.3269898965955,42921.0,0.0,0.5727170970834611,4.365981937360395,4.365891427624206,4.365981937360395,4.365891427624206,111.23009694914859,87.25657378061595,241.63231280775565,0.9465889096353532,448.87708759593966,479.3577751254786,5.843624938695058e-05,0.00016092531613065564
114,5.7,30.709812108559497,479.28063432397687,448.84958946275395,448.17336991440084,0.6762195483531173,120.02864375982726,120.02864375982726,120.02864375982726,123.59192789665212,119.75331000493802,104.44748555229975,0.5727170976506123,39318.997965115,42428.0,-3109.002034885001,42921.0,0.0,0.5727170976506123,4.365969561707836,4.365879052747516,4.365969561707836,4.365879052747516,111.22978224858826,87.25632680837441,241.63163179133593,0.9465889097105579,448.87708759593966,479.3577751254786,6.125982801430396e-05,0.00016092531613065564
115,5.75,30.80375782881002,479.28063432397687,448.84826110353424,448.17204763977594,0.6762134637583017,120.03003838737736,120.03003838737736,120.03003838737736,123.59192789665212,119.7547014333514,104.44717728074869,0.572717098245025,39319.33853644724,42428.0,-3108.6614635527585,42921.0,0.0,0.572717098245025,4.36595659121997,4.365866083072888,4.36595659121997,4.365866083072888,111.22945242195294,87.25606796541848,241.63091804186996,0.9465889097893783,448.87708759593966,479.3577751254786,6.421912189769063e-05,0.00016092531613065564
116,5.8,30.897703549060545,479.28063432397687,448.84686889857704,448.17066181184816,0.6762070867288799,120.03150004577363,120.03150004577363,120.03150004577363,123.59192789665212,119.75615973884888,104.44685419255205,0.5727170988680093,39319.6954739708,42428.0,-3108.3045260291983,42921.0,0.0,0.5727170988680093,4.36594299732382,4.365852490028942,4.36594299732382,4.365852490028942,111.22910674266149,87.25579668153784,241.63016998702494,0.9465889098719866,448.87708759593966,479.3577751254786,6.732065012371446e-05,0.00016092531613065564
117,5.85,30.991649269311065,479.28063432397687,448.84540978123135,448.1692093780108,0.6762004032205482,120.03303195465669,120.03303195465669,120.03303195465669,123.59192789665212,119.75768813368555,104.44651557603311,0.5727170995209375,39320.0695635048,42428.0,-3107.930436495197,42921.0,0.0,0.5727170995209375,4.3659287500755966,4.365838243674091,4.3659287500755966,4.365838243674091,111.22874444927623,87.25551235916805,241.62938597903738,0.946588909958566,448.87708759593966,479.3577751254786,7.057124452036767e-05,0.00016092531613065564
118,5.9,31.085594989561585,479.28063432397687,448.84388053774495,448.1676871392309,0.6761933985140445,120.03463748810654,120.03463748810654,120.03463748810654,123.59192789665212,119.75928998420154,104.44616068537837,0.5727171002052482,39320.46162853431,42428.0,-3107.5383714656928,42921.0,0.0,0.5727171002052482,4.365913818095471,4.365823312630141,4.365913818095471,4.365823312630141,111.22836474383462,87.25521437208027,241.62856429110445,0.9465889100493069,448.87708759593966,479.3577751254786,7.397806462461354e-05,0.00016092531613065564
119,5.95,31.17954070981211,479.28063432397687,448.8422778002282,448.166091743043,0.6761860571851912,120.03632018203012,120.03632018203012,120.03632018203012,123.59192789665212,119.76096881819285,104.44578873900247,0.5727171009224492,39320.87253200929,42428.0,-3107.1274679907074,42921.0,0.0,0.5727171009224492,4.365898168498518,4.365807664014142,4.365898168498518,4.365807664014142,111.22796679010291,87.25490206401071,241.6277031136019,0.946588910144408,448.87708759593966,479.3577751254786,7.754861335851349e-05,0.00016092531613065564
120,6.0,31.273486430062633,479.28063432397687,448.84059803928295,448.16441967621313,0.6761783630698233,120.03808374190059,120.03808374190059,120.03808374190059,123.59192789665212,119.76272833263262,104.4453989178397,0.5727171016741189,39321.30317822908,42428.0,-3106.696821770922,42921.0,0.0,0.5727171016741189,4.365881766822355,4.365791263366532,4.365881766822355,4.365791263366532,111.22754971174498,87.2545747472243,241.62680055012478,0.946588910244081,448.87708759593966,479.3577751254786,8.129075344909253e-05,0.00016092531613065564
121,6.05,31.367432150313153,479.28063432397687,448.83883755628193,448.1626672570517,0.6761702992302503,120.03993205086417,120.03993205086417,120.03993205086417,123.59192789665212,119.76457240175951,104.44499036355165,0.5727171024619142,39321.754514815926,42428.0,-3106.245485184074,42921.0,0.0,0.5727171024619142,4.365864576952887,4.365774074574574,4.365864576952887,4.365774074574574,111.22711259040574,87.25423170100959,241.62585461333913,0.9465889103485426,448.87708759593966,479.3577751254786,8.52127246293577e-05,0.00016092531613065564
122,6.1,31.461377870563673,479.280687942442,448.8369924752769,448.1608306273621,0.6761618479147842,120.04186917823246,120.04186917823246,120.04186917823246,123.59172149976723,119.76650508555053,104.44456217664802,0.572717103287569,39322.22753478173,42427.0,-3104.7724652182733,42920.0,0.0,0.572717103287569,4.365846561044073,4.365756059795331,4.365846561044073,4.365756059795331,111.22665446370252,87.25387217010388,241.62486322063108,0.9465889104580258,448.87708759593966,479.3577751254786,8.93231616644341e-05,0.00016081346133678398
123,6.15,31.555323590814197,479.2805793510734,448.8350587345292,448.15890574400623,0.6761529905229509,120.04389938837777,120.04389938837777,120.04389938837777,123.59213921475319,119.76853063859596,104.44411341452286,0.5727171041529016,39322.723278693215,42429.0,-3106.2767213067855,42922.0,0.0,0.5727171041529016,4.365827679435974,4.365737179371081,4.365827679435974,4.365737179371081,111.22617432312117,87.25349536304026,241.6238241895607,0.9465889105727704,448.87708759593966,479.3577751254786,9.363111321980533e-05,0.00016103999645145084
124,6.2,31.649269311064717,479.2805793510734,448.8330320776327,448.15688837007144,0.6761437075612662,120.04602715005069,120.04602715005069,120.04602715005069,123.59213921475319,119.77065351939551,104.44364308939362,0.5727171050598179,39323.242836938836,42429.0,-3105.7571630611637,42922.0,0.0,0.5727171050598179,4.365807890567801,4.3657173917434875,4.365807890567801,4.3657173917434875,111.2256711118128,87.25310045041988,241.62273523308875,0.9465889106930285,448.87708759593966,479.3577751254786,9.814606163771611e-05,0.00016103999645145084
125,6.25,31.743215031315238,479.2805793510734,448.8309080442203,448.15477406561666,0.676133978603616,120.04825714613949,120.04825714613949,120.04825714613949,123.59213921475319,119.77287840009538,104.44315016614468,0.5727171060103131,39323.787352103085,42429.0,-3105.212647896915,42922.0,0.0,0.5727171060103131,4.3657871508874635,4.365696653363557,4.3657871508874635,4.365696653363557,111.22514372228537,87.25268656309976,241.6215939545841,0.9465889108190658,448.87708759593966,479.3577751254786,0.00010287794364083336,0.00016103999645145084
126,6.3,31.83716075156576,479.2805793510734,448.8286819602266,448.15255817798044,0.6761237822461794,120.05059428389197,120.05059428389197,120.05059428389197,123.59213921475319,119.77521017668663,104.44263356006763,0.5727171070064808,39324.3580214528,42429.0,-3104.6419785472026,42922.0,0.0,0.5727171070064808,4.365765414755863,4.365674918594664,4.365765414755863,4.365674918594664,111.22459099398688,87.25225279029632,241.6203978425929,0.9465889109511587,448.87708759593966,479.3577751254786,0.0001078371720246718,0.00016103999645145084
127,6.35,31.931106471816285,479.2805793510734,448.82634892768993,448.15023583163145,0.6761130960584865,120.05304370562149,120.05304370562149,120.05304370562149,123.59213921475319,119.77765397968662,104.44209213449389,0.5727171080505127,39324.9560995403,42429.0,-3104.043900459699,42922.0,0.0,0.5727171080505127,4.365742634348109,4.365652139615008,4.365742634348109,4.365652139615008,111.22401171077239,87.25179817759783,241.6191442653566,0.9465889110895986,448.87708759593966,479.3577751254786,0.00011303465837708693,0.00016103999645145084
128,6.4,32.02505219206681,479.2805793510734,448.8239038140735,448.1478019175374,0.6761018965361245,120.05561079991944,120.05561079991944,120.05561079991944,123.59213921475319,119.78021518532591,104.44152469831727,0.5727171091447071,39325.582900929774,42429.0,-3103.417099070226,42922.0,0.0,0.5727171091447071,4.365718759548578,4.365628266312342,4.365718759548578,4.365628266312342,111.22340459825332,87.25132172488321,241.61783046507605,0.9465889112346902,448.87708759593966,479.3577751254786,0.00011848183686757885,0.00016103999645145084
129,6.45,32.118997912317326,479.2805793510734,448.8213412410824,448.1452510820305,0.6760901590519097,120.05830121339805,120.05830121339805,120.05830121339805,123.59213921475319,119.78289942726396,104.44093000339888,0.5727171102914703,39326.23980305161,42429.0,-3102.7601969483876,42922.0,0.0,0.5727171102914703,4.365693737842058,4.365603246174544,4.365693737842058,4.365603246174544,111.22276832102017,87.25082238414387,241.61645355190177,0.946588911386753,448.87708759593966,479.3577751254786,0.0001241906891613631,0.00016103999645145084
130,6.5,32.21294363256785,479.2806882614878,448.81865557294606,448.1425777151492,0.6760778577968836,120.06112086298776,120.06112086298776,120.06112086298776,123.59172027079869,119.78571260885833,104.44030674184688,0.572717111493327,39326.9282491905,42431.0,-3104.0717508094967,42924.0,0.0,0.572717111493327,4.3656675141995365,4.365577024175877,4.3656675141995365,4.365577024175877,111.22210147973314,87.25029905719884,241.61501049763865,0.9465889115461203,448.87708759593966,479.3577751254786,0.0001301737705227124,0.0001608127957675176
131,6.55,32.306889352818374,479.2806882614878,448.8158409041582,448.13977593842816,0.6760649657300632,120.06407594881533,120.06407594881533,120.06407594881533,123.59172027079869,119.78866091601331,104.43965354317294,0.5727171127529195,39327.649751614765,42431.0,-3103.3502483852353,42924.0,0.0,0.5727171127529195,4.365640030957827,4.365549542657277,4.365640030957827,4.365549542657277,111.22140260807865,87.24975059330774,241.61349812915674,0.9465889117131441,448.87708759593966,479.3577751254786,0.00013644423712833031,0.0001608127957675176
132,6.6,32.40083507306889,479.2806882614878,448.81289104662727,448.1368395921114,0.6760514545158571,120.06717296768892,120.06717296768892,120.06717296768892,123.59172027079869,119.79175083063403,104.43896897130745,0.5727171140730187,39328.405894851305,42431.0,-3102.5941051486952,42924.0,0.0,0.5727171140730187,4.365611227694728,4.365520741199987,4.365611227694728,4.365520741199987,111.22067016957789,87.24917578666549,241.61191312148918,0.946588911888191,448.87708759593966,479.3577751254786,0.0001430158746934529,0.0001608127957675176
133,6.65,32.494780793319414,479.2806882614878,448.8097995162292,448.1337622217662,0.6760372944630149,120.07041872721878,120.07041872721878,120.07041872721878,123.59172027079869,119.79498914471479,104.43825152148199,0.5727171154565276,39329.198339114715,42431.0,-3101.801660885285,42924.0,0.0,0.5727171154565276,4.3655810410975135,4.365490556495274,4.3655810410975135,4.365490556495274,111.2199025542486,87.24857337378285,241.61025199060495,0.9465889120716465,448.87708759593966,479.3577751254786,0.00014990312842844133,0.0001608127957675176
134,6.7,32.58872651356994,479.2804103240768,448.8065595187246,448.1305370642633,0.6760224544613038,120.07382036060241,120.07382036060241,120.07382036060241,123.59278711846535,119.79838297509022,104.43749961695886,0.5727171169064881,39330.028823896464,42437.0,-3106.971176103536,42930.0,0.0,0.5727171169064881,4.365549404825451,4.3654589222064715,4.365549404825451,4.3654589222064715,111.21909807510866,87.24794203074163,241.6085110858424,0.9465889122639128,448.87708759593966,479.3577751254786,0.00015712113441290754,0.0001613926078106731
135,6.75,32.682672233820455,479.2804124462532,448.80316393501494,448.12715703310084,0.6760069019140929,120.0773853421049,120.0773853421049,120.0773853421049,123.59277900102222,119.80193977888018,104.43671160561084,0.5727171184260872,39330.89917172183,42441.0,-3110.1008282781695,42934.0,0.0,0.5727171184260872,4.365516249365633,4.3654257688252756,4.365516249365633,4.3654257688252756,111.21825496451393,87.24728037032173,241.60668658198836,0.9465889124654132,448.87708759593966,479.3577751254786,0.00016468575244199535,0.00016138818068645033
136,6.8,32.77661795407098,479.2804161750608,448.79960530570423,448.1236147030369,0.6759906026673548,120.08112150326613,120.08112150326613,120.08112150326613,123.59276473707304,119.80566736965979,104.43588575633714,0.5727171200186654,39331.81129208178,42443.0,-3111.1887079182197,42936.0,0.0,0.5727171200186654,4.365481501882478,4.365391023520488,4.365481501882478,4.365391023520488,111.21737137032662,87.24658693899437,241.6047744709803,0.9465889126765915,448.87708759593966,479.3577751254786,0.0001726136004187584,0.00016138040192958947
137,6.85,32.8705636743215,479.2804161750608,448.7958758149377,448.1199022940034,0.6759735209342921,120.08503704986849,120.08503704986849,120.08503704986849,123.59276473707304,119.80957393438821,104.43502025531367,0.5727171216877217,39332.767185548204,42443.0,-3110.232814451796,42936.0,0.0,0.5727171216877217,4.365445086060028,4.365354609980898,4.365445086060028,4.365354609980898,111.21644535190157,87.2458602137703,241.6027705532249,0.94658891289791,448.87708759593966,479.3577751254786,0.00018092209035869278,0.00016138040192958947
138,6.9,32.964509394572026,479.2804162596775,448.7919672734849,448.11601165426373,0.6759556192211562,120.08914057969928,120.08914057969928,120.08914057969928,123.59276441337025,119.81366805113025,104.4341132020676,0.5727171234369232,39333.768948080484,42445.0,-3111.231051919516,42938.0,0.0,0.5727171234369232,4.365406921936234,4.3653164482497,4.365406921936234,4.3653164482497,111.21547487588597,87.24509859890571,241.60067042850727,0.9465889131298563,448.87708759593966,479.3577751254786,0.00018962946607647968,0.00016138022540856944
139,6.95,33.05845511482255,479.2804162596775,448.7878711010291,448.1119342427851,0.6759368582440288,120.09344110114436,120.09344110114436,120.09344110114436,123.59276441337025,119.81795870760743,104.43316260536565,0.572717125270111,39334.81877553169,42445.0,-3110.1812244683097,42938.0,0.0,0.572717125270111,4.365366925730761,4.365276454551633,4.365366925730761,4.365276454551633,111.21445781182186,87.24430042245007,241.59846948647478,0.9465889133729399,448.87708759593966,479.3577751254786,0.0001987548426415353,0.00016138022540856944
140,7.0,33.15240083507307,479.2804162596775,448.7835783076282,448.1076611107847,0.6759171968434998,120.09794805265057,120.09794805265057,120.09794805265057,123.59276441337025,119.82245532061573,104.4321663789132,0.5727171271913124,39335.918968363665,42445.0,-3109.081031636335,42938.0,0.0,0.5727171271913124,4.3653250096633585,4.365234541112045,4.3653250096633585,4.365234541112045,111.2133919275438,87.24346393263363,241.59616289667537,0.9465889136276936,448.87708759593966,479.3577751254786,0.00020831824767952867,0.00016138022540856944
141,7.05,33.24634655532359,479.2804201720533,448.77907947431504,448.10318288241683,0.6758965918982085,120.10267132309617,120.10267132309617,120.10267132309617,123.59274944573626,119.82716775634934,104.43112233685162,0.5727171292047443,39337.071936580265,42449.0,-3111.928063419735,42942.0,0.0,0.5727171292047443,4.3652810817647065,4.365190615967151,4.3652810817647065,4.365190615967151,111.21227488436062,87.24258729408797,241.5937455981346,0.946588913894677,448.87708759593966,479.3577751254786,0.00021834066458936707,0.00016137206370558932
142,7.1,33.340292275574114,479.2804201720533,448.77436473278954,448.09848973455917,0.6758749982303698,120.10762127311058,120.10762127311058,120.10762127311058,123.59274944573626,119.83210635167138,104.43002818904472,0.5727171313148264,39338.28020488814,42449.0,-3110.719795111858,42942.0,0.0,0.5727171313148264,4.365235045678197,4.365144582766561,4.365235045678197,4.365144582766561,111.21110423201421,87.24166858388793,241.59121228844265,0.9465889141744763,448.87708759593966,479.3577751254786,0.00022884407778589466,0.00016137206370558932
143,7.15,33.43423799582463,479.2803382388572,448.7694237441676,448.09357137565837,0.6758523685092541,120.11280875738541,120.11280875738541,120.11280875738541,123.59306259090214,119.83728193637393,104.42888153614877,0.5727171335261888,39339.54641809517,42455.0,-3115.4535819048324,42948.0,0.0,0.5727171335261888,4.365186800452278,4.365096340565003,4.365186800452278,4.365096340565003,111.20987740340247,87.2407057874114,241.58855741233646,0.9465889144677053,448.87708759593966,479.3577751254786,0.00023985152004224464,0.00016154298655346455
144,7.2,33.528183716075155,479.2803382388572,448.764245676745,448.08841702359473,0.6758286531502904,120.11824514802201,120.11824514802201,120.11824514802201,123.59306259090214,119.84270585647182,104.42767986445006,0.5727171358436823,39340.87334675722,42455.0,-3114.1266532427835,42948.0,0.0,0.5727171358436823,4.365136240323302,4.3650457836056376,4.365136240323302,4.3650457836056376,111.20859170905828,87.23969679400608,241.58577514975173,0.9465889147750081,448.87708759593966,479.3577751254786,0.00025138712202710245,0.00016154298655346455
145,7.25,33.62212943632568,479.2803382388572,448.7588191827268,448.08301538252044,0.6758038002063813,120.12394235896112,120.12394235896112,120.12394235896112,123.59306259090214,119.84838999857644,104.42642054046564,0.5727171382723905,39342.263893083364,42455.0,-3112.7361069166363,42948.0,0.0,0.5727171382723905,4.365083254488546,4.3649928010924555,4.365083254488546,4.3649928010924555,111.2072443313719,87.23863939245513,241.58285940331882,0.9465889150970574,448.87708759593966,479.3577751254786,0.0002634761641460148,0.00016154298655346455
146,7.3,33.7160751565762,479.2803047152859,448.7531323738829,448.0773546186234,0.675777755259503,120.12991287154296,120.12991287154296,120.12991287154296,123.59319053063544,119.85434681539704,104.42510080529385,0.5727171408176362,39343.721097111724,42454.0,-3110.278902888276,42947.0,0.0,0.5727171408176362,4.36502772686827,4.364937276953071,4.36502772686827,4.364937276953071,111.2058323185455,87.23753126623336,241.5798037852827,0.9465889154345605,448.87708759593966,479.3577751254786,0.00027614513077645064,0.00016161292089689194
147,7.35,33.81002087682673,479.28026942044517,448.74717279607916,448.07142233477634,0.6757504613028118,120.13616976124779,120.13616976124779,120.13616976124779,123.59332511400123,119.86058935242,104.42371776870255,0.572717143485,39345.24814316671,42452.0,-3106.751856833289,42945.0,0.0,0.572717143485,4.364969535857185,4.364879089589635,4.364969535857185,4.364879089589635,111.2043525782706,87.23636998854494,241.5766016038168,0.9465889157882564,448.87708759593966,479.3577751254786,0.00028942176700597066,0.0001616865503289988
148,7.4,33.90396659707724,479.28026942044517,448.7409274026329,448.06520554401334,0.6757218586195677,120.14272672566896,120.14272672566896,120.14272672566896,123.59332511400123,119.86713127581783,104.42226840294683,0.5727171462803252,39346.8483666102,42452.0,-3105.1516333898035,42945.0,0.0,0.5727171462803252,4.364908554064016,4.364818111619456,4.364908554064016,4.364818111619456,111.20280187111156,87.2351530171299,241.57324584870798,0.9465889161589196,448.87708759593966,479.3577751254786,0.0003033351379906346,0.0001616865503289988
149,7.45,33.99791231732777,479.2798123366326,448.7343825264438,448.0586906417892,0.6756918846546114,120.14959811377254,120.14959811377254,120.14959811377254,123.5950573870963,119.87398690164143,104.42074953630089,0.572717149209735,39348.52526089897,42445.0,-3096.4747391010314,42938.0,0.0,0.572717149209735,4.364844648040069,4.364754209601358,4.364844648040069,4.364754209601358,111.20117680358572,87.23387768883686,241.5697291763798,0.9465889165473627,448.87708759593966,479.3577751254786,0.0003179156910416703,0.0001626400840700759
150,7.5,34.09185803757829,479.2797407336366,448.7275238508479,448.05186337696455,0.6756604738833403,120.15679895649929,120.15679895649929,120.15679895649929,123.59532698417979,119.88117122635212,104.4191578462937,0.572717152279643,39350.2824849616,42451.0,-3100.717515038399,42944.0,0.0,0.572717152279643,4.364777677993722,4.36468724375294,4.364777677993722,4.36468724375294,111.19947382092752,87.23254121394012,241.5660438942336,0.9465889169544355,448.87708759593966,479.3577751254786,0.000333195320555979,0.00016278945683445567
151,7.55,34.18580375782881,479.2797407336366,448.7203363791339,448.04470882146313,0.6756275576707935,120.16434499876799,120.16434499876799,120.16434499876799,123.59532698417979,119.88869995875137,104.41748985263558,0.5727171554967675,39352.12387090776,42451.0,-3098.876129092241,42944.0,0.0,0.5727171554967675,4.36470749749337,4.36461706765175,4.36470749749337,4.36461706765175,111.19768919951856,87.23114067020208,241.56218194426816,0.9465889173810296,448.87708759593966,479.3577751254786,0.0003492074359269237,0.00016278945683445567
152,7.6,34.27974947807933,479.2797407336366,448.71280440267094,448.0372113385431,0.6755930641278383,120.17225273293985,120.17225273293985,120.17225273293985,123.59532698417979,119.89658955336859,104.41574190982016,0.5727171588681473,39354.05343208419,42451.0,-3096.9465679158093,42944.0,0.0,0.5727171588681473,4.364633953156158,4.364543527924752,4.364633953156158,4.364543527924752,111.19581903897453,87.22967299666169,241.5581348859538,0.9465889178280789,448.87708759593966,479.3577751254786,0.0003659870325495307,0.00016278945683445567
153,7.65,34.373695198329855,479.27974014273195,448.70491146758155,448.029354549624,0.6755569179575787,120.18053943380721,120.18053943380721,120.18053943380721,123.5953292070659,119.90485724536946,104.41391019939138,0.572717162401156,39356.07537149147,42453.0,-3096.924628508532,42946.0,0.0,0.572717162401156,4.364556884322532,4.364466463921872,4.364556884322532,4.364466463921872,111.19385925387033,87.22813498714078,241.55389387832605,0.9465889182965591,448.87708759593966,479.3577751254786,0.0003835707660647669,0.00016279068953506393
154,7.7,34.46764091858037,479.27974014273195,448.696640339903,448.0211212996063,0.675519040296706,120.18922319517138,120.18922319517138,120.18922319517138,123.5953292070659,119.91352108704987,104.41199072185785,0.572717166103515,39358.194090576304,42453.0,-3094.805909423696,42946.0,0.0,0.572717166103515,4.364476122715907,4.364385707377551,4.364476122715907,4.364385707377551,111.19180556508948,87.22652328345555,241.54944966126453,0.946588918787496,448.87708759593966,479.3577751254786,0.0004019970299733444,0.00016279068953506393
155,7.75,34.561586638830896,479.27968423785626,448.6879729691713,448.0124936206212,0.6754793485500841,120.19832296807688,120.19832296807688,120.19832296807688,123.59553936691088,119.9225999859826,104.40997928824089,0.5727171699833133,39360.414198414794,42455.0,-3094.5858015852064,42948.0,0.0,0.5727171699833133,4.364391492087314,4.364301082053771,4.364391492087314,4.364301082053771,111.18965349078272,87.22483436832078,241.54479253592672,0.9465889193019621,448.87708759593966,479.3577751254786,0.00042130603676204803,0.00016290731406598535
156,7.8,34.65553235908142,479.2793586409614,448.67889045035884,448.0034526941425,0.675437756216354,120.20785860077198,120.20785860077198,120.20785860077198,123.59675770371962,119.93211374488598,104.40787151124269,0.5727171740490257,39362.74052130211,42457.0,-3094.259478697888,42950.0,0.0,0.5727171740490257,4.364302807843735,4.364212403368924,4.364302807843735,4.364212403368924,111.18739833691743,87.22306455793233,241.53991234429643,0.9465889198410788,448.87708759593966,479.3577751254786,0.0004415399026987954,0.00016358654972625786
157,7.85,34.74947807933194,479.2795930840929,448.6693729841016,447.9939788113943,0.6753941727072856,120.2178508804674,120.2178508804674,120.2178508804674,123.59588142171202,119.94208310328692,104.40566279601524,0.572717178309526,39365.17811276494,42463.0,-3097.8218872350626,42956.0,0.0,0.572717178309526,4.364209876659466,4.364119478009684,4.364209876659466,4.364119478009684,111.18503518740116,87.22120999421855,241.5347984478127,0.9465889204060257,448.87708759593966,479.3577751254786,0.00046274273643709396,0.00016309747216525228
158,7.9,34.84342379958247,479.2795369087978,448.65939983514335,447.9840513319842,0.6753485031591708,120.22832157696779,120.22832157696779,120.22832157696779,123.59609184231633,119.95252978105235,104.40334833051588,0.5727171827741069,39367.73226401327,42471.0,-3103.2677359867303,42964.0,0.0,0.5727171827741069,4.3641124960710656,4.36402210352486,4.3641124960710656,4.36402210352486,111.18255889376539,87.2192666367423,241.52943970503972,0.9465889209980345,448.87708759593966,479.3577751254786,0.00048496073159398634,0.00016321466082469538
159,7.95,34.937369519832984,479.27952631825303,448.64894928891783,447.97364864068584,0.6753006482319961,120.23929348825298,120.23929348825298,120.23929348825298,123.59613148009944,119.96347652386576,104.40092307543273,0.5727171874525054,39370.40851484829,42473.0,-3102.591485151708,42966.0,0.0,0.5727171874525054,4.364010454052469,4.3639200679019154,4.364010454052469,4.3639200679019154,111.17996406438434,87.21723025423944,241.52382444833967,0.9465889216183943,448.87708759593966,479.3577751254786,0.0005082422634750117,0.00016323675401963555
160,8.0,35.03131524008351,479.35756656755495,448.63799860620435,447.962748102299,0.6752505039053744,120.2507904880882,120.2507904880882,120.2507904880882,123.59522945613733,119.97494715072837,104.39838175365992,0.572717192354915,39373.212665044324,42487.0,-3113.7873349556758,42980.0,0.0,0.572717192354915,4.363903528572919,4.363813149124212,4.363903528572919,4.363813149124212,111.17724505321584,87.21509641578518,241.51794045950618,0.9465889222684581,448.87708759593966,479.3577751254786,0.0005326379900917333,4.350777946804385e-07
161,8.05,35.12526096033403,479.3573371669985,448.6265239757704,447.9513260145076,0.6751979612628247,120.26283757574524,120.26283757574524,120.26283757574524,123.59575037738298,119.98696660356612,104.39571883930651,0.5727171974920117,39376.150786222475,42484.0,-3107.8492137775247,42977.0,0.0,0.5727171974920117,4.363791487134542,4.363701114708022,4.363791487134542,4.363701114708022,111.17439594804375,87.2128604815664,241.5117749443177,0.9465889229496426,448.87708759593966,479.3577751254786,0.0005582009576634572,9.136359163663954e-07
162,8.1,35.21920668058455,479.3572361099421,448.6145004649228,447.9393575586572,0.6751429062655916,120.27546092791876,120.27546092791876,120.27546092791876,123.5959795053046,119.99956099902693,104.39292854622434,0.5727172028749768,39379.229234234335,42490.0,-3110.7707657656647,42983.0,0.0,0.5727172028749768,4.363674086289016,4.363583721220664,4.363674086289016,4.363583721220664,111.17141055819957,87.21051759324308,241.50531450597046,0.9465889236634286,448.87708759593966,479.3577751254786,0.0005849867107791118,1.1244535177423742e-06
163,8.15,35.31315240083507,479.3564154664949,448.6019019678872,447.92681674836933,0.6750852195178823,120.28868795292418,120.28868795292418,120.28868795292418,123.59783226874406,120.0127576825543,104.39000481602301,0.5727172085155172,39382.45466207407,42498.0,-3115.545337925927,42991.0,0.0,0.5727172085155172,4.363551071134417,4.36346071377568,4.363551071134417,4.36346071377568,111.16828240174587,87.20806266389417,241.49854511733707,0.946588924411369,448.87708759593966,479.3577751254786,0.0006130534073954808,2.8364179204265483e-06
164,8.2,35.407098121085596,479.35642191142665,448.58870115192815,447.913676375906,0.6750247760221555,120.3025473472665,120.3025473472665,120.3025473472665,123.5978177723832,120.02658528482628,104.38694130556968,0.5727172144258927,39385.83403333856,42500.0,-3114.1659666614432,42993.0,0.0,0.5727172144258927,4.363422174788113,4.363331825507657,4.363422174788113,4.363331825507657,111.16500469209804,87.2054903675155,241.49145209201885,0.9465889251950901,448.87708759593966,479.3577751254786,0.000642461938870631,2.8229729904794e-06
165,8.25,35.50104384133611,479.35647527595097,448.57486940112534,447.89990795620287,0.6749614449224737,120.3170691546711,120.3170691546711,120.3170691546711,123.59769770857274,120.04107378065095,104.38373137393847,0.5727172206189386,39389.37463625424,42498.0,-3108.625363745763,42991.0,0.0,0.5727172206189386,4.363287117838688,4.363196777022438,4.363287117838688,4.363196777022438,111.161570324065,87.20279512806633,241.48402005413288,0.9465889260162936,448.87708759593966,479.3577751254786,0.0006732760552179418,2.7116479487387934e-06
166,8.3,35.59498956158664,479.3566774367399,448.56037675771745,447.8854816684774,0.6748950892400671,120.33228482766985,120.33228482766985,120.33228482766985,123.64887502321736,120.05625455041121,104.38036806880041,0.5727172271080946,39393.084098290914,42502.0,-3108.915901709086,42995.0,0.0,0.5727172271080946,4.363145607772715,4.363055275824763,4.363145607772715,4.363055275824763,111.15797185928449,87.1999711080382,241.4762329067973,0.9465889268767607,448.87708759593966,479.3577751254786,0.0007055624957790219,2.289915373543394e-06
167,8.35,35.68893528183716,479.3571544381366,448.5451918609156,447.8703662953244,0.6748255655912203,120.34822729183881,120.34822729183881,120.34822729183881,123.64792249132654,120.0721604441551,104.37684411221991,0.5727172339074325,39396.97040138122,42508.0,-3111.0295986187775,43001.0,0.0,0.5727172339074325,4.362997338377447,4.362907015721191,4.362997338377447,4.362907015721191,111.15420151103166,87.19701219653444,241.46807379925087,0.9465889277783583,448.87708759593966,479.3577751254786,0.0007393911255341168,1.2948310723626122e-06
168,8.4,35.782881002087684,479.35722592284094,448.5292818831054,447.85452915920405,0.6747527239013493,120.36493101278437,120.36493101278437,120.36493101278437,123.64777937573422,120.08882584842837,104.3731518858522,0.5727172410316824,39401.041897767165,42509.0,-3107.958102232835,43002.0,0.0,0.5727172410316824,4.3628419891180386,4.362751676196979,4.3628419891180386,4.362751676196979,111.1502511283789,87.19391199683724,241.45952509257424,0.9465889287230389,448.87708759593966,479.3577751254786,0.000774835077230196,1.1457050791419121e-06
169,8.45,35.87682672233821,479.3577751254786,448.5126124633314,447.83793605623157,0.6746764070998097,120.38243206597811,120.38243206597811,120.38243206597811,123.64667663071299,120.10628675594903,104.36928341550387,0.5727172484962655,39405.30732649246,42517.0,-3111.6926735075394,43010.0,0.0,0.5727172484962655,4.3626792244878985,4.362588921766644,4.3626792244878985,4.362588921766644,111.14611217967959,87.19066381344794,241.4505683239493,0.9465889297128486,448.87708759593966,479.3577751254786,0.0008119708995625308,0.0
170,8.5,35.970772442588725,479.35749059807,448.4951476379757,447.8205511871674,0.6745964508083375,120.40076820954103,120.40076820954103,120.40076820954103,123.64724864644793,120.12458083822477,104.36523035504675,0.5727172563173247,39409.775830561724,42526.0,-3116.2241694382756,43019.0,0.0,0.5727172563173247,4.362508693332117,4.36241840129702,4.362508693332117,4.36241840129702,111.14177573535768,87.187260638579,241.4411841694099,0.9465889307499267,448.87708759593966,479.3577751254786,0.0008508787116079386,5.935595986938935e-07
171,8.55,36.06471816283925,479.3568035416268,448.4768497685263,447.80233708551606,0.6745126830102208,120.41997896008031,120.41997896008031,120.41997896008031,123.64862361461796,120.14374752121556,104.36098396965343,0.5727172645117575,39414.45697478566,42522.0,-3107.5430252143415,43015.0,0.0,0.5727172645117575,4.36233002814182,4.362239747302112,4.36233002814182,4.362239747302112,111.1372324499722,87.1836951380796,241.43135240503054,0.9465889318365138,448.87708759593966,479.3577751254786,0.0008916423637413962,2.026844879154943e-06
172,8.6,36.15866388308977,479.35702767024236,448.4576794663413,447.7832545426309,0.6744249237103759,120.44010567168239,120.44010567168239,120.44010567168239,123.64817605067232,120.16382806414568,104.356535118338,0.5727172730972492,39419.360764332785,42518.0,-3098.639235667215,43011.0,0.0,0.5727172730972492,4.362142844320104,4.362052575209361,4.362142844320104,4.362052575209361,111.1324725435378,87.17995963677578,241.42105186649826,0.9465889329749553,448.87708759593966,479.3577751254786,0.0009343496052440781,1.5592846825951412e-06
173,8.65,36.25260960334029,479.35707065853717,448.4375955143073,447.7632625297267,0.6743329845805874,120.46119161816719,120.46119161816719,120.46119161816719,123.64809009982457,120.18486564156923,104.35187423577207,0.5727172820923084,39424.49766400702,42517.0,-3092.5023359929764,43010.0,0.0,0.5727172820923084,4.361946739416425,4.361856482593396,4.361946739416425,4.361856482593396,111.12748578207281,87.17604610320558,241.4102604070191,0.9465889341677061,448.87708759593966,479.3577751254786,0.0009790922588323037,1.4696057475394042e-06
174,8.7,36.34655532359081,479.35678340906134,448.4165547852896,447.74231811670063,0.6742366685889465,120.48328207870966,120.48328207870966,120.48328207870966,123.64866377166061,120.20690542879524,104.34699131336157,0.5727172915163085,39429.87861827017,42526.0,-3096.1213817298267,43019.0,0.0,0.5727172915163085,4.361741292331217,4.361651048380736,4.361741292331217,4.361651048380736,111.1222614573518,87.17194613372823,241.3989548534976,0.9465889354173331,448.87708759593966,479.3577751254786,0.0010259664023319903,2.068843917291119e-06
175,8.75,36.44050104384134,479.35559491996366,448.39451215727786,447.7203763876604,0.6741357696174646,120.50642442693386,120.50642442693386,120.50642442693386,124.11317276748463,120.22999469077742,104.34187587955205,0.5727173013895178,39435.5150720283,42539.0,-3103.484927971702,43032.0,0.0,0.5727173013895178,4.36152606248686,4.3614358320213,4.36152606248686,4.3614358320213,111.11678836583691,87.16765093599139,241.3871109609414,0.9465889367265256,448.87708759593966,479.3577751254786,0.0010750725577157727,4.548180144503533e-06
176,8.8,36.534446764091854,479.3555640123475,448.37142042511874,447.69739035305884,0.6740300720599066,120.53066822358605,120.53066822358605,120.53066822358605,124.2415168414845,120.25418287457457,104.33651697934386,0.5727173117331479,39441.41899219956,42549.0,-3107.5810078004433,43042.0,0.0,0.5727173117331479,4.361300588965712,4.361210372626658,4.361300588965712,4.361210372626658,111.11105478676257,87.16315131173081,241.37470336503299,0.9465889380980956,448.87708759593966,479.3577751254786,0.0011265158877435955,4.6126572799121135e-06
177,8.85,36.628392484342385,479.3554654695634,448.3472302087462,447.67331085833575,0.6739193504104719,120.55606531289148,120.55606531289148,120.55606531289148,124.24141684071483,120.27952170548649,104.33090315299489,0.5727173225693903,39447.60289008118,42557.0,-3109.39710991882,43050.0,0.0,0.5727173225693903,4.361064389614718,4.360974188073499,4.361064389614718,4.360974188073499,111.10504845934986,87.15843763889,241.36170553281812,0.9465889395349856,448.87708759593966,479.3577751254786,0.0011804064004050652,4.818229796366147e-06
178,8.9,36.7223382045929,479.3553408046113,448.321889857797,447.6480864889695,0.673803368827464,120.5826699226995,120.5826699226995,120.5826699226995,124.34385886302003,120.3060652869692,104.32502241388136,0.5727173339214625,39454.07984453075,42569.0,-3114.920155469248,43062.0,0.0,0.5727173339214625,4.360816960113475,4.360726774073271,4.360816960113475,4.360726774073271,111.09875655912398,87.15349985303425,241.348089711452,0.9465889410402755,448.87708759593966,479.3577751254786,0.0012368591614158042,5.078296407501348e-06
179,8.95,36.816283924843425,479.35518049531333,448.2953453525283,447.6216634718373,0.6736818806909923,120.61053876851871,120.61053876851871,120.61053876851871,124.39485603429378,120.33387020443162,104.31886222550554,0.5727173458136531,39460.86352597798,42578.0,-3117.1364740220233,43071.0,0.0,0.5727173458136531,4.360557773007486,4.3604676032041425,4.360557773007486,4.3604676032041425,111.09216567331411,87.14832742804424,241.33382687495828,0.946588942617184,448.87708759593966,479.3577751254786,0.0012959945149506602,5.412721561848244e-06
180,9.0,36.91022964509395,479.3548395010746,448.2675402009322,447.59398557279565,0.6735546281365714,120.63973116154278,120.63973116154278,120.63973116154278,124.3942464952033,120.36299563301343,104.31240947761611,0.5727173582713673,39467.96822127918,42593.0,-3125.0317787208187,43086.0,0.0,0.5727173582713673,4.360286276703086,4.360196123907031,4.360286276703086,4.360196123907031,111.08526177530678,87.14290935606846,241.31888666894687,0.9465889442690801,448.87708759593966,479.3577751254786,0.0013579383128509148,6.124077998381772e-06
181,9.05,37.004175365344466,479.3556513295966,448.23841533195565,447.5649939903825,0.673421341573146,120.67030912076292,120.67030912076292,120.67030912076292,124.3957000210618,120.39350344944044,104.30565046142513,0.5727173713211767,39475.40885942613,42606.0,-3130.5911405738734,43099.0,0.0,0.5727173713211767,4.360001894425139,4.359911759442809,4.360001894425139,4.359911759442809,111.07803019813586,87.13723412671891,241.30323735323293,0.9465889459994874,448.87708759593966,479.3577751254786,0.0014228221525063312,4.430502627106314e-06
182,9.1,37.09812108559499,479.3553442908835,448.2079089847434,447.5346272455598,0.6732817391836079,120.70233748926043,120.70233748926043,120.70233748926043,124.44643445993465,120.42545834805038,104.2985708439048,0.5727173849908692,39483.20103811959,42613.0,-3129.798961880413,43106.0,0.0,0.5727173849908692,4.359704023135677,4.3596139068110915,4.359704023135677,4.3596139068110915,111.07045560698212,87.13128970548905,241.28684574232548,0.9465889478120911,448.87708759593966,479.3577751254786,0.001490783623597669,5.071023609581893e-06
183,9.15,37.19206680584551,479.3550726873141,448.17595659381834,447.50282106740644,0.6731355264118974,120.73588405476642,120.73588405476642,120.73588405476642,124.44587794802668,120.45892796107609,104.29115564114016,0.5727173993095046,39491.36105121438,42631.0,-3139.6389487856213,43124.0,0.0,0.5727173993095046,4.359392032412764,4.359301935629389,4.359392032412764,4.359301935629389,111.06252197066544,87.1250635113808,241.26967714372995,0.9465889497107436,448.87708759593966,479.3577751254786,0.0015619665638902935,5.637622470633374e-06
184,9.2,37.28601252609603,479.3552865713878,448.14249067011315,447.4695082746912,0.6729823954219682,120.77101967457074,120.77101967457074,120.77101967457074,124.88201566347412,120.4939829832678,104.28338919071464,0.5727174143074655,39499.905917039345,42638.0,-3138.094082960655,43131.0,0.0,0.5727174143074655,4.359065263289082,4.3589751869717475,4.359065263289082,4.3589751869717475,111.05421253210817,87.11854239372576,241.2516952940184,0.9465889516994733,448.87708759593966,479.3577751254786,0.001636521324268947,5.1914336638425596e-06
185,9.25,37.379958246346554,479.35513875597303,448.1074406777997,447.4346186532491,0.6728220245505554,120.80781840485439,120.80781840485439,120.80781840485439,124.88213443579386,120.53069730092902,104.27525512312715,0.5727174300165148,39508.85340759606,42647.0,-3138.1465924039367,43140.0,0.0,0.5727174300165148,4.358723027049614,4.358632972165765,4.358723027049614,4.358632972165765,111.0455097777521,87.11171260818537,241.23286229264681,0.9465889537824933,448.87708759593966,479.3577751254786,0.0017146050431354753,5.499795022401166e-06
186,9.3,37.47390396659708,479.3561124307565,448.0707329068339,447.3980788291026,0.6726540777312948,120.84635763451126,120.84635763451126,120.84635763451126,124.88134860366621,120.56914812543127,104.26673633220952,0.5727174464698566,39518.222078631516,42670.0,-3151.7779213684844,43163.0,0.0,0.5727174464698566,4.358364603986708,4.358274571548918,4.358364603986708,4.358274571548918,111.03639540591556,87.1045597919155,241.2131385334672,0.946588955964205,448.87708759593966,479.3577751254786,0.001796381930350699,3.4685881994400702e-06
187,9.35,37.567849686847595,479.3544950207537,448.032290341178,447.35981213727257,0.6724782039054276,120.88671822351537,120.88671822351537,120.88671822351537,124.88264951994537,120.60941613126379,104.25781494454253,0.5727174637021951,39528.03130058055,42686.0,-3157.968699419449,43179.0,0.0,0.5727174637021951,4.357989242113952,4.357899233181627,4.357989242113952,4.357899233181627,111.02685029407479,87.0970689378924,241.19248263391523,0.9465889582492101,448.87708759593966,479.3577751254786,0.0018820235608062452,6.842706836374113e-06
188,9.4,37.661795407098126,479.3548739693181,447.99203252265204,447.31973848623886,0.6722940364131773,120.92898464587772,120.92898464587772,120.92898464587772,124.88234673021975,120.65158559866265,104.24847228785728,0.5727174817497979,39538.30129036687,42697.0,-3158.6987096331286,43190.0,0.0,0.5727174817497979,4.357596155836887,4.357506171518708,4.357596155836887,4.357506171518708,111.01685446506053,87.08922436838361,241.1708513618523,0.9465889606423185,448.87708759593966,479.3577751254786,0.001971709177734482,6.052172951132029e-06
189,9.45,37.75574112734864,478.354878986858,447.94987541038245,447.27777421801744,0.6721011923650053,120.9732451372242,120.9732451372242,120.9732451372242,125.21823019533579,120.69574456084996,104.23868885841387,0.5727175006505606,39549.05314404698,42677.0,-3127.9468559530214,43169.0,0.0,0.5727175006505606,4.357184524580951,4.357094566036324,4.357184524580951,4.357094566036324,111.006387052163,87.08100970756254,241.14819956003964,0.9465889631485529,448.87708759593966,479.3577751254786,0.0020656260058251608,0.002092166207918633
190,9.5,37.849686847599166,478.3545577027071,447.90573123583795,447.23383196384316,0.6718992719947892,121.01959184701035,121.01959184701035,121.01959184701035,125.21955760729239,120.74198495589962,104.22844428735664,0.5727175204440746,39560.30887027613,42676.0,-3115.6911297238694,43168.0,0.0,0.5727175204440746,4.356753491375535,4.356663559817775,4.356753491375535,4.356663559817775,110.9954262631401,87.07240785326485,241.12448006823968,0.9465889657731648,448.87708759593966,479.3577751254786,0.002163969574174529,0.0020928364466580307
191,9.55,37.94363256784969,478.3538249272392,447.8595083534502,447.18782049545734,0.6716878579928789,121.06812099537173,121.06812099537173,121.06812099537173,125.22257186563034,120.79040278322779,104.2177173060438,0.5727175411716972,39572.09142456888,42700.0,-3127.9085754311236,43192.0,0.0,0.5727175411716972,4.356302161396641,4.356212258094331,4.356302161396641,4.356212258094331,110.98394934312991,87.0634009478822,241.09964364294714,0.9465889685216377,448.87708759593966,479.3577751254786,0.0022669440490699078,0.0020943651075162606
192,9.6,38.03757828810021,478.3537139035879,447.8111110868435,447.139644572018,0.6714665148254539,121.11893303458929,121.11893303458929,121.11893303458929,125.22302696519674,120.84109826468784,104.20648571035781,0.5727175628766219,39584.42474432016,42719.0,-3134.5752556798398,43211.0,0.0,0.5727175628766219,4.355829600464908,4.355739726745185,4.355829600464908,4.355739726745185,110.97193253647356,87.05397034840092,241.0736388747589,0.9465889713996981,448.87708759593966,479.3577751254786,0.002374762576555778,0.0020945967166755564
193,9.65,38.13152400835073,478.3518977912241,447.76043957070635,447.08920478267714,0.67123478802921,121.1721328151265,121.1721328151265,121.1721328151265,125.23041308396944,120.89417601022679,104.19472632400374,0.5727175856039525,39597.33378454425,42719.0,-3121.666215455749,43211.0,0.0,0.5727175856039525,4.355334833502127,4.355244990752851,4.355334833502127,4.355244990752851,110.95935104745611,87.04409659559411,241.04641210340117,0.9465889744133262,448.87708759593966,479.3577751254786,0.0024876476347094334,0.002098385353176413
194,9.7,38.225469728601254,478.35135957561056,447.7073895883794,447.0363973848871,0.6709922034922897,121.22782975617137,121.22782975617137,121.22782975617137,125.23258127212604,120.94974518803586,104.18241496081424,0.5727176094007804,39610.844554282055,42733.0,-3122.1554457179445,43225.0,0.0,0.5727176094007804,4.354816842945617,4.354727032617916,4.354816842945617,4.354727032617916,110.94617899998363,87.03375938237775,241.01790733045448,0.9465889775687673,448.87708759593966,479.3577751254786,0.002605831395460223,0.0020995081379552305
195,9.75,38.31941544885177,478.35181012518956,447.65185240524403,446.9811141385249,0.6707382667191268,121.2861380205874,121.2861380205874,121.2861380205874,125.4068229517496,121.00791969910037,104.16952638607768,0.5727176343162609,39624.984153616344,42752.0,-3127.015846383656,43244.0,0.0,0.5727176343162609,4.354274567122005,4.354184790733143,4.354274567122005,4.354184790733143,110.93238939621875,87.02293752134739,240.98806612982276,0.9465889808725382,448.87708759593966,479.3577751254786,0.002729556095762531,0.002098568235438969
196,9.8,38.413361169102295,478.3507373830745,447.5937145980325,446.92324213595714,0.6704724620753382,121.34717669414813,121.34717669414813,121.34717669414813,125.36016059533608,121.06881835602293,104.15603427692116,0.5727176604016959,39639.78081122482,42774.0,-3134.2191887751833,43266.0,0.0,0.5727176604016959,4.353706898580427,4.353617157716656,4.353706898580427,4.353617157716656,110.91795407420356,87.01160891152347,240.95682755600836,0.9465889843314413,448.87708759593966,479.3577751254786,0.0028590744178558225,0.0021008061090498353
197,9.85,38.50730688935282,477.3491493441269,447.53285788021543,446.8626636281946,0.670194252020849,121.4110699688946,121.4110699688946,121.4110699688946,125.44086298577841,121.13256506596038,104.14191118178172,0.5727176877106137,39655.263922390215,42767.0,-3111.736077609785,43258.0,0.0,0.5727176877106137,4.353112682388172,4.353022978707486,4.353112682388172,4.353022978707486,110.9028436645086,86.99975050432988,240.9241280502813,0.9465889879525735,448.87708759593966,479.3577751254786,0.0029946498782630337,0.004190243458189302
198,9.9,38.601252609603335,477.32412319138314,447.46915892365337,446.7992558473266,0.6699030763267615,121.47794733041754,121.47794733041754,121.47794733041754,125.4416803971587,121.19928901747643,104.12712847900974,0.572717716298855,39671.464087372864,42798.5,-3127.035912627136,43290.0,0.0,0.572717716298855,4.352490714389937,4.3524010496252,4.352490714389937,4.3524010496252,110.88702754595522,86.98733826884768,240.88990134483532,0.9465889917433392,448.87708759593966,479.3577751254786,0.00313655722511208,0.004242451128623315
199,9.95,38.695198329853866,477.32536979420496,447.40248917674006,446.7328908254615,0.6695983512785801,121.547943748824,121.547943748824,121.547943748824,125.4374730173682,121.26912487107016,104.11165633465808,0.5727177462246594,39688.413150039174,42833.5,-3145.086849960826,43325.0,0.0,0.5727177462246594,4.351839739431924,4.3517501153939975,4.351839739431924,4.3517501153939975,110.87047380046728,86.9743471563832,240.85407836506366,0.9465889957114607,448.87708759593966,479.3577751254786,0.0032850828432725576,0.004239850559932257
200,10.0,38.78914405010438,477.3249880499974,447.3327146793155,446.66343521044564,0.6692794688698314,121.62119987310192,121.62119987310192,121.62119987310192,125.43876705713325,121.3422129530947,104.09546365952076,0.5727177775487545,39706.144236624066,42844.5,-3138.3557633759337,43336.0,0.0,0.5727177775487545,4.351158449555761,4.35106886813702,4.351158449555761,4.35106886813702,110.85314916712088,86.96075106440804,240.81658713009378,0.9465889998649895,448.87708759593966,479.3577751254786,0.0034405251666896897,0.004240646925877223
201,10.05,38.88308977035491,477.32498951194555,447.2596958746668,446.5907500786807,0.6689457959861329,121.69786222854492,121.69786222854492,121.69786222854492,125.43876211095589,121.41869945272929,104.07851806549593,0.5727178103344446,39724.69179448948,42848.5,-3123.8082055105187,43340.0,0.0,0.5727178103344446,4.350445482162918,4.350355945339913,4.350445482162918,4.350355945339913,110.83501899547159,86.94652279993323,240.77735265175914,0.946589004212319,448.87708759593966,479.3577751254786,0.0036031950972038596,0.0042406438760713705
202,10.1,38.97703549060543,477.3247228434941,447.18328741898955,446.51469074541296,0.6685966735765874,121.77808341684437,121.77808341684437,121.77808341684437,125.61349039955155,121.49873662161215,104.0607858213557,0.5727178446477024,39744.0916307234,42880.5,-3136.4083692766,43372.0,0.0,0.5727178446477024,4.349699418154913,4.349609927992731,4.349699418154913,4.349609927992731,110.81604719825285,86.93163404238726,240.7362968322018,0.9465890087621966,448.87708759593966,479.3577751254786,0.0037734164290309513,0.004241200179661897
203,10.15,39.07098121085595,477.32371997221617,447.1033379887526,446.4351065729244,0.6682314158282452,121.86202231839373,121.86202231839373,121.86202231839373,125.615880269524,121.58248297568102,104.04223180803274,0.572717880557264,39764.38095040689,42890.5,-3126.119049593108,43382.0,0.0,0.572717880557264,4.348918780053019,4.348829338708242,4.348918780053019,4.348829338708242,110.79619620355263,86.9160553060874,240.69333836035133,0.9465890135237355,448.87708759593966,479.3577751254786,0.003951526277909956,0.004243292294007328
204,10.2,39.16492693110647,477.3239124842845,447.01969008644744,446.3518407771185,0.6678493093289148,121.94984429628492,121.94984429628492,121.94984429628492,125.56598425775253,121.6701034987013,104.02281947352856,0.572717918134722,39785.59839435345,42925.5,-3139.901605646548,43417.0,0.0,0.572717918134722,4.348102030102346,4.348012639826948,4.348102030102346,4.348012639826948,110.77542690659078,86.89975590239703,240.64839260753033,0.9465890185064288,448.87708759593966,479.3577751254786,0.0041378755138514745,0.004242890689864609
205,10.25,39.258872651356995,477.3233764319974,446.9321798453044,446.26473023306806,0.6674496122363394,122.0417214014022,122.0417214014022,122.0417214014022,125.56740259377096,121.76176984688966,104.00251078758117,0.5727179574546238,39807.78407610685,42953.5,-3145.715923893149,43445.0,0.0,0.5727179574546238,4.347247568365624,4.347158231510548,4.347247568365624,4.347158231510548,110.75369862124111,86.88270390168145,240.60137152250567,0.94658902372016,448.87708759593966,479.3577751254786,0.004332829196187382,0.004244008961675205
206,10.3,39.35281837160751,477.3229951055295,446.8406368336047,446.1736052801573,0.6670315534474298,122.13783257794157,122.13783257794157,122.13783257794157,125.56840691148903,121.85766055396195,103.98126619623855,0.5727179985945641,39830.979617957186,42968.5,-3137.520382042814,43460.0,0.0,0.5727179985945641,4.346353730813121,4.346264449832404,4.346353730813121,4.346264449832404,110.73096903145264,86.86486609518624,240.5521835263203,0.946589029175217,448.87708759593966,479.3577751254786,0.004536767009520548,0.004244804456163154
207,10.35,39.446764091858036,477.3216517659404,446.7448838593149,446.0782895275398,0.6665943317750589,122.2383638685978,122.2383638685978,122.2383638685978,125.57191488086076,121.95796123584954,103.95904457650474,0.5727180416352836,39855.228185712185,42982.5,-3127.271814287815,43474.0,0.0,0.5727180416352836,4.345418787416392,4.345329564871577,4.345418787416392,4.345329564871577,110.70719414275278,86.84620795697941,240.50073340729472,0.9465890348823058,448.87708759593966,479.3577751254786,0.004750083698957019,0.004247606829794859
208,10.4,39.54070981210856,477.3208458792145,446.6447367758558,445.97859966071894,0.6661371151368485,122.3435086185686,122.3435086185686,122.3435086185686,125.5739973941151,122.06286479423548,103.93580319125036,0.5727180866607718,39880.57452193339,43003.5,-3122.925478066609,43495.0,0.0,0.5727180866607718,4.344440940252056,4.344351778815394,4.344440940252056,4.344351778815394,110.68232823403291,86.82669360611521,240.44692221664022,0.9465890408525599,448.87708759593966,479.3577751254786,0.004973189502809561,0.004249288009839591
209,10.45,39.634655532359076,477.3207634815367,446.54000428990884,445.8743452501475,0.6656590397613513,122.45346767742639,122.45346767742639,122.45346767742639,125.57420941017106,122.1725716179633,103.91149764459126,0.5727181337583553,39907.0649773185,43034.5,-3127.4350226815004,43526.0,0.0,0.5727181337583553,4.343418321626693,4.343329224086347,4.343418321626693,4.343329224086347,110.6563238098397,86.80628576919617,240.39064716515992,0.9465890470975595,448.87708759593966,479.3577751254786,0.0052065105807640455,0.004249459901654262
210,10.5,39.72860125260961,478.27051360383575,446.43048777226375,445.76532856285394,0.6651592094098078,122.56844959780135,122.56844959780135,122.56844959780135,126.91523794091711,122.28728978126419,103.88608183797407,0.5727181830188016,39934.74753988124,43117.5,-3182.7524601187615,43609.0,0.0,0.5727181830188016,4.342348992230825,4.342259961494165,4.342348992230825,4.342259961494165,110.62913155342545,86.78494574352953,240.33180152158377,0.9465890536293387,448.87708759593966,479.3577751254786,0.005450489435268824,0.0022681629005771864
211,10.55,39.822546972860124,478.2703917561379,446.31598107282997,445.6513443782011,0.6646366946288822,122.68867082970371,122.68867082970371,122.68867082970371,126.915349603023,122.40723523763364,103.85950792722593,0.5727182345364132,39963.67186154949,43169.5,-3205.82813845051,43661.0,0.0,0.5727182345364132,4.341230939333634,4.3411419784329155,4.341230939333634,4.3411419784329155,110.60070028083038,86.76263336109247,240.27027451314058,0.946589060460399,448.87708759593966,479.3577751254786,0.005705585323648954,0.002268417090045327
212,10.6,39.91649269311065,477.2713673909015,446.19627034103996,445.5321798090041,0.664090532035857,122.81435590919249,122.81435590919249,122.81435590919249,126.91471892428396,122.53263200806731,103.83172628085356,0.5727182884091221,39993.889281767595,43181.5,-3187.610718232405,43672.0,0.0,0.5727182884091221,4.340062075031007,4.33997318712693,4.340062075031007,4.33997318712693,110.57097689630677,86.73930695355557,240.2059512290197,0.9465890676037251,448.87708759593966,479.3577751254786,0.005972274658208598,0.004352506296640302
213,10.65,40.01043841336117,477.2712365105647,446.07113385300454,445.40761412936394,0.6635197236406043,122.94573763996516,122.94573763996516,122.94573763996516,126.91483970813624,122.66371236223416,103.80268543990681,0.5727183447385821,40025.452847655295,43213.5,-3188.047152344705,43704.0,0.0,0.5727183447385821,4.338840234559015,4.338751422945506,4.338840234559015,4.338751422945506,110.5399063494202,86.71492331861748,240.13871252746233,0.9465890750727946,448.87708759593966,479.3577751254786,0.006251051391290674,0.0043527793293177686
214,10.7,40.10438413361169,477.2716392093298,445.94034184690685,445.2774186106902,0.6629232362166704,123.08305726630567,123.08305726630567,123.08305726630567,127.25309975101513,122.80071699102778,103.77233207975473,0.5727184036302602,40058.417330238524,43269.5,-3211.0826697614757,43760.0,0.0,0.5727184036302602,4.337563174688,4.337474442797543,4.337563174688,4.337474442797543,110.50743159419848,86.68943768794838,240.06843494727445,0.94658908288159,448.87708759593966,479.3577751254786,0.00654242738198374,0.004351939249556791
215,10.75,40.19832985386221,477.2459330274563,445.803656368266,445.14135636754054,0.6623000007254518,123.22656463568055,123.22656463568055,123.22656463568055,127.2501066559098,122.94389516878951,103.74061097414719,0.5727184651935237,40092.83923623004,43326.0,-3233.1607637699635,43816.0,0.0,0.5727184651935237,4.336228572213578,4.3361399236212606,4.336228572213578,4.3361399236212606,110.47349355073217,86.66280369705908,239.9949906246399,0.9465890910446101,448.87708759593966,479.3577751254786,0.00684693274084025,0.004405565545420598
216,10.8,40.292275574112736,477.2457792427357,445.66083112684987,444.9991822150448,0.6616489118050595,123.37651834911746,123.37651834911746,123.37651834911746,127.24980843476801,123.09350490334201,103.70746496198029,0.5727185295417228,40128.77681479889,43362.0,-3233.22318520111,43852.0,0.0,0.5727185295417228,4.334834022561147,4.334745460989723,4.334834022561147,4.334745460989723,110.43803106966826,86.63497335744006,239.91824721619068,0.9465890995768833,448.87708759593966,479.3577751254786,0.007165116148643569,0.004405886359494349
217,10.85,40.38622129436325,477.24549748925403,445.5116113671646,444.8506425398333,0.6609688273313168,123.53318589733867,123.53318589733867,123.53318589733867,127.24926432639086,123.24981307181042,103.67283491720804,0.572718596792268,40166.29005872746,43387.0,-3220.7099412725365,43877.0,0.0,0.572718596792268,4.333377038523018,4.333288567848285,4.333377038523018,4.333288567848285,110.4009809000793,86.60589703134849,239.8380678293655,0.946589108493976,448.87708759593966,479.3577751254786,0.007497545144929507,0.00440647413233608
218,10.9,40.48016701461378,477.2442093376532,445.3557337546184,444.6954751865564,0.6602585680620336,123.69684378045027,123.69684378045027,123.69684378045027,127.24681276786143,123.41309554003719,103.63665972239187,0.5727186670667056,40205.44069931457,43422.0,-3216.5593006854324,43912.0,0.0,0.5727186670667056,4.3318550491490555,4.331766673404047,4.3318550491490555,4.331766673404047,110.36227766122309,86.5755234096502,239.75431096119203,0.9465891178120007,448.87708759593966,479.3577751254786,0.00784480638158791,0.004409161376953019
219,10.95,40.5741127348643,477.2445946262449,445.192926279626,444.53340936225055,0.6595169173754698,123.86777760881118,123.86777760881118,123.86777760881118,127.37524621635659,123.58363726321949,103.59887624640905,0.5727187404907829,40246.29219434156,43475.0,-3228.7078056584432,43965.0,0.0,0.5727187404907829,4.330265398812394,4.330177122193163,4.330265398812394,4.330177122193163,110.32185381876062,86.5437994931608,239.66683044669904,0.9465891275476287,448.87708759593966,479.3577751254786,0.00820750583649743,0.00440835761698144
220,11.0,40.66805845511482,477.24459729169,445.02290818208644,444.3641655609721,0.6587426211143566,124.04628218252145,124.04628218252145,124.04628218252145,127.3280933887069,123.76173236521531,103.55941932688597,0.572718817194504,40288.909708377236,43507.0,-3218.090291622764,43997.0,0.0,0.572718817194504,4.32860534647444,4.328517173344267,4.32860534647444,4.328517173344267,110.2796396660344,86.51067057795836,239.57547541827495,0.9465891377180952,448.87708759593966,479.3577751254786,0.00858626898177206,0.004408352056531117
221,11.05,40.76200417536535,476.2420746443275,444.845389898862,444.187455511312,0.6579343875499717,124.23266154677964,124.23266154677964,124.23266154677964,127.34517925884705,123.94768419377377,103.51822175797122,0.5727188973121857,40333.3600846571,43539.0,-3205.639915342901,44028.0,0.0,0.5727188973121857,4.326872065174243,4.326784000069438,4.326872065174243,4.326784000069438,110.23556331105924,86.47608024517717,239.4800902773819,0.9465891483412051,448.87708759593966,479.3577751254786,0.008981740900767088,0.006499739115184977
222,11.1,40.855949895615865,477.17337754100004,444.6600730370563,444.0029821495824,0.6570908874738848,124.42722902016472,124.42722902016472,124.42722902016472,127.61440737602067,124.14180534875227,103.47521428408544,0.5727189809824915,40379.711807731146,43612.0,-3232.288192268854,44102.0,0.0,0.5727189809824915,4.325062641770593,4.324974689404996,4.325062641770593,4.324974689404996,110.18955066992223,86.43997035583658,239.3805146801219,0.9465891594353424,448.87708759593966,479.3577751254786,0.009394586347609146,0.0045569253234847285
223,11.15,40.94989561586639,476.1737687019048,444.4666503760923,443.8104396216506,0.6562107544417017,124.63030719270033,124.63030719270033,124.63030719270033,128.91813008721329,124.34441768018506,103.43032560036085,0.5727190683484664,40428.03495603815,43673.0,-3244.965043961849,44162.0,0.0,0.5727190683484664,4.323174076964456,4.323086242234751,4.323174076964456,4.323086242234751,110.14152546733422,86.4022810512771,239.27658353828173,0.9465891710194693,448.87708759593966,479.3577751254786,0.00982548974256725,0.006642233815317478
224,11.2,41.04384133611691,476.1737369716009,444.26480590176794,443.6095133165937,0.6552925851742657,124.8422278903592,124.8422278903592,124.8422278903592,128.9182143829402,124.5558522528691,103.38348236048986,0.5727191595575479,40478.40114352569,43742.0,-3263.5988564743093,44231.0,0.0,0.5727191595575479,4.321203285635363,4.321115573625548,4.321203285635363,4.321115573625548,110.09140924512536,86.36295075983531,239.16812703754636,0.9465891831131307,448.87708759593966,479.3577751254786,0.010275155096184152,0.006642300008681934
225,11.25,41.13778705636743,476.1735823214109,444.0542148756624,443.3998799355294,0.6543349401330261,125.0633321024666,125.0633321024666,125.0633321024666,129.24414573822878,124.77644927393415,103.33460919278045,0.5727192547615726,40530.88344940367,43806.0,-3275.116550596329,44295.0,0.0,0.5727192547615726,4.319147097521466,4.319059513508307,4.319147097521466,4.319059513508307,110.03912137951951,86.32191621040607,239.05497067470705,0.9465891957364541,448.87708759593966,479.3577751254786,0.010744305854654357,0.006642622628232564
226,11.3,41.23173277661795,476.173274496859,443.8345439434652,443.18120759916553,0.653336344299646,125.29396986826447,125.29396986826447,125.29396986826447,129.24273533016284,125.00655797966697,103.28362872523985,0.57271935411676,40585.5563350902,43887.0,-3301.443664909799,44376.0,0.0,0.57271935411676,4.3170022582811285,4.316914807738442,4.3170022582811285,4.316914807738442,109.98457910807466,86.27911245359365,238.9369353157773,0.9465892089101491,448.87708759593966,479.3577751254786,0.011233684658490617,0.006643264788572689
227,11.35,41.32567849686848,476.17265767845913,443.6054512859549,442.9531559978002,0.6522952881547326,125.53450011870495,125.53450011870495,125.53450011870495,129.2400477236264,125.24653647766782,103.23046162055095,0.5727194577836835,40642.49554738162,43953.0,-3310.5044526183774,44442.0,0.0,0.5727194577836835,4.314765430970354,4.3146781195735,4.314765430970354,4.3146781195735,109.92769756721779,86.23447289117433,238.81383727701893,0.9465892226555006,448.87708759593966,479.3577751254786,0.011744053006176203,0.006644551548550037
228,11.4,41.419624217118994,476.1718007722354,443.36658681656246,442.7153765876696,0.6512102288928645,125.78529046935809,125.78529046935809,125.78529046935809,129.23656774164823,125.49675154023329,103.1750266218578,0.5727195659272215,40701.77800686308,44016.0,-3314.221993136918,44505.0,0.0,0.5727195659272215,4.312433197975906,4.312346031607035,4.312433197975906,4.312346031607035,109.8683898413473,86.18792931463867,238.68548843099356,0.9465892369943633,448.87708759593966,479.3577751254786,0.012276190814037524,0.006646339161619497
229,11.45,41.513569937369525,476.1494536939471,443.11759242959823,442.4675128377121,0.65007959188614,126.04671696014485,126.04671696014485,126.04671696014485,129.5627931168462,125.75757834468617,103.11724061030452,0.5727196787164843,40763.481680563535,44076.0,-3312.5183194364654,44565.0,0.0,0.5727196787164843,4.310002063442475,4.309915048194,4.310002063442475,4.309915048194,109.80656702451773,86.13941195361184,238.55169633983218,0.9465892519491548,448.87708759593966,479.3577751254786,0.012830895863247704,0.0066929579491886715
230,11.5,41.60751565762004,475.1494699378744,442.8581023033791,442.2092005309668,0.6489017724122732,126.31916373744737,126.31916373744737,126.31916373744737,129.72246107926463,126.02940015621509,103.0570186753128,0.5727197963247231,40827.68543785575,44110.5,-3282.8145621442527,44599.0,0.0,0.5727197963247231,4.307468456237515,4.307381598416271,4.307468456237515,4.307381598416271,109.74213829575963,86.08884953496846,238.41226441799722,0.9465892675428377,448.87708759593966,479.3577751254786,0.013408983124526541,0.008779048564514502
231,11.55,41.70146137787056,475.14920286241176,442.5877432626253,441.9400681249521,0.6476751376731613,126.6030226740102,126.6030226740102,126.6030226740102,130.92375814378872,126.31260794864754,102.99427419860785,0.5727199189292073,40894.46888861069,44198.0,-3303.5311113893113,44686.0,0.0,0.5727199189292073,4.304828733492997,4.30474203962433,4.304828733492997,4.30474203962433,109.67501100911669,86.03616935350539,238.2669921268859,0.9465892837989123,448.87708759593966,479.3577751254786,0.01401128395079898,0.00877960571718106
232,11.6,41.79540709812109,474.192614901242,442.3061352046028,441.65973717548616,0.6463980291166536,126.8986929219294,126.8986929219294,126.8986929219294,130.9033718009661,126.6075999584644,102.92891895303927,0.5727200467110866,40963.91220263332,44308.0,-3344.0877973666793,44796.0,0.0,0.5727200467110866,4.302079184771834,4.30199266160281,4.302079184771834,4.30199266160281,109.60509079951555,85.98129735503159,238.11567520368104,0.9465893007413858,448.87708759593966,479.3577751254786,0.014638645127843408,0.010775167301468214
233,11.65,41.889352818371606,474.19087050480164,442.0128915935817,441.3678228284882,0.6450687650934697,127.20658039394056,127.20658039394056,127.20658039394056,131.22637048770292,126.9147811672779,102.8608632172477,0.5727201798552075,41036.09590944,44389.0,-3352.9040905599977,44877.0,0.0,0.5727201798552075,4.29921603690002,4.299129691402527,4.29921603690002,4.299129691402527,109.53228170559755,85.92415823277855,237.95810592690304,0.9465893183947595,448.87708759593966,479.3577751254786,0.015291927772746683,0.010778806329624024
234,11.7,41.98329853862213,474.1905109493067,441.707620028203,441.0639343843497,0.6436856438533027,127.52709716816636,127.52709716816636,127.52709716816636,131.5236804412549,127.23456270794455,102.79001590725224,0.572720318549913,41111.10067748308,44496.0,-3384.899322516918,44984.0,0.0,0.572720318549913,4.296235459511635,4.2961492988852115,4.296235459511635,4.2961492988852115,109.45648631065886,85.86467553801606,237.79407342113123,0.9465893367839955,448.87708759593966,479.3577751254786,0.015972006069933986,0.01077955640715178
235,11.75,42.07724425887265,474.1895755998108,441.38992288639315,440.74767593947513,0.6422469469180214,127.86066081147095,127.86066081147095,127.86066081147095,131.52927768985336,127.56736118947168,102.71628472602981,0.5727204629867987,41189.00707199419,44566.0,-3376.992928005813,45054.0,0.0,0.5727204629867987,4.293133571351163,4.293047603025059,4.293133571351163,4.293047603025059,109.37760590284363,85.80277180578071,237.6233640033926,0.9465893559344878,448.87708759593966,479.3577751254786,0.016679765834441862,0.0107815076626534
236,11.8,42.17118997912317,473.18818591172703,441.05939805239177,440.41864710955736,0.6407509428344156,128.20769361660885,128.20769361660885,128.20769361660885,131.64169379502684,127.91359793591629,102.6395763321488,0.5727206133604397,41269.895290696615,44619.0,-3349.104709303385,45106.0,0.0,0.5727206133604397,4.289906447377177,4.289820679011996,4.289906447377177,4.289820679011996,109.29554065573177,85.73836869660863,237.4457615736622,0.9465893758720225,448.87708759593966,479.3577751254786,0.017416102892257812,0.012870531227195836
237,11.85,42.265135699373694,473.2487975272613,440.71563973040264,440.0764438390631,0.6391958913395683,128.56862174844522,128.56862174844522,128.56862174844522,132.2178754480135,128.2736981345638,102.55979652850311,0.5727207698680693,41353.84487674308,44750.0,-3396.155123256918,45238.0,0.0,0.5727207698680693,4.286550126712598,4.286464566201971,4.286550126712598,4.286464566201971,109.21018983043238,85.67138715514722,237.26104805190846,0.9465893966227403,448.87708759593966,479.3577751254786,0.01818192126768481,0.012744087850913077
238,11.9,42.35908141962422,473.24593843682317,440.3582393492065,439.72065930126075,0.6375800479457325,128.94387429467957,128.94387429467957,128.94387429467957,132.9330574643987,128.64808988882925,102.47685047215379,0.5727209327092326,41440.934408355984,44865.0,-3424.0655916440155,45353.0,0.0,0.5727209327092326,4.283060621482903,4.282975276953721,4.283060621482903,4.282975276953721,109.12145200026707,85.60174758649327,237.06900386400952,0.9465894182130843,448.87708759593966,479.3577751254786,0.018978131168061463,0.012750052269529966
239,11.95,42.453027139874735,473.2466075546299,439.9867865618798,439.3508848929104,0.6359016689693817,129.33388221672848,129.33388221672848,129.33388221672848,133.36789231264726,129.03720317154665,102.39064290624219,0.5727211020853784,41531.24116479848,44981.0,-3449.7588352015227,45469.0,0.0,0.5727211020853784,4.279433926582982,4.279348806395205,4.279433926582982,4.279348806395205,109.02922529906601,85.52937005106463,236.86940847877096,0.9465894406697504,448.87708759593966,479.3577751254786,0.019805646756607342,0.012748656406478487
240,12.0,42.546972860125265,471.24497803365284,439.60087034445917,438.9667113274478,0.6341590170113705,129.739077196724,129.739077196724,129.739077196724,133.61540662841003,129.44146867461225,102.30107841486256,0.5727212781994186,41624.840768475464,45052.0,-3427.159231524536,45538.0,0.0,0.5727212781994186,4.275666030410655,4.275581143156671,4.275666030410655,4.275581143156671,108.93340769403366,85.45417447875195,236.66204099810625,0.9465894640196277,448.87708759593966,479.3577751254786,0.020665383704838503,0.016924304794476597
241,12.05,42.64091858037578,471.2447620915766,439.2000801970372,438.56772983012945,0.6323503669077581,130.15989037697142,130.15989037697142,130.15989037697142,133.61599106977428,129.86131655133383,102.20806170171,0.5727214612552366,41721.806803165935,45160.0,-3438.193196834065,45646.0,0.0,0.5727214612552366,4.27175292659912,4.271668281102166,4.27175292659912,4.271668281102166,108.83389728404707,85.37608090302933,236.44668080225952,0.9465894882897316,448.87708759593966,479.3577751254786,0.021558256516789,0.01692475527653292
242,12.1,42.734864300626306,471.2220762667017,438.78400745030535,438.1535334381507,0.6304740121546502,130.59675098869153,130.59675098869153,130.59675098869153,134.26635590337452,130.29717504831848,102.11149789319654,0.5727216514571436,41822.21040861427,45306.0,-3483.7895913857283,45792.0,0.0,0.5727216514571436,4.267690626780755,4.267606232092135,4.267690626780755,4.267606232092135,108.73059262413494,85.29500971561322,236.2231082516843,0.9465895135071335,448.87708759593966,479.3577751254786,0.022485175618319087,0.01697208073165657
243,12.15,42.82881002087683,472.1807990216578,438.3522466800126,437.72371840819454,0.6285282718180838,131.05008486745237,131.05008486745237,131.05008486745237,134.9376278390163,130.7494690243099,102.01129286661632,0.5727218490092845,41926.11985196611,45456.0,-3529.880148033888,45943.0,0.0,0.5727218490092845,4.263475174402778,4.263391039798819,4.263475174402778,4.263391039798819,108.62339307675009,85.21088194214582,235.99110544691513,0.946589539698883,448.87708759593966,479.3577751254786,0.02344704420601007,0.014972065701744697
244,12.2,42.92275574112735,471.1807466392628,437.90439723114565,437.27788573321675,0.6265114979289024,131.52031285338802,131.52031285338802,131.52031285338802,135.46379545601474,131.21861835407677,101.90735360377701,0.5727220541149937,42033.60007681949,45569.0,-3535.3999231805064,46055.0,0.0,0.5727220541149937,4.259102659614953,4.259018794592464,4.259102659614953,4.259018794592464,108.51219919028382,85.12361953925745,235.75045704739696,0.9465895668919184,448.87708759593966,479.3577751254786,0.024444754851624673,0.01705829948012294
245,12.25,43.01670146137787,471.17928613120785,437.4400648528713,436.81564276950866,0.6244220833626173,132.00784907510456,132.00784907510456,132.00784907510456,135.39751711842223,131.70503621625537,101.79958857033796,0.5727222669760924,42144.71223097641,45655.0,-3510.287769023591,46141.0,0.0,0.5727222669760924,4.2545692352386695,4.254485649509377,4.2545692352386695,4.254485649509377,108.39691310507675,85.03314571320868,235.50095114983782,0.9465895951129772,448.87708759593966,479.3577751254786,0.02547918585981268,0.017061346281761924
246,12.3,43.110647181628394,471.1226718887157,436.9588634444044,436.3366049742054,0.6222584701990286,132.5130991170996,132.5130991170996,132.5130991170996,136.0873902490838,132.209127264973,101.68790812090052,0.5727224877921318,42259.51317432412,45825.0,-3565.486825675878,46310.0,0.0,0.5727224877921318,4.249871133818054,4.249787837302165,4.249871133818054,4.249787837302165,108.27743898696909,84.93938526014324,235.24238022617186,0.9465896243884955,448.87708759593966,479.3577751254786,0.02655119737869871,0.017179450640197214
247,12.35,43.20459290187891,471.121909461521,436.4604169109514,435.8403977524033,0.6200191585480752,133.03645807157207,133.03645807157207,133.03645807157207,137.06802424060902,132.73128568612628,101.57222492964698,0.5727227167595815,42378.05496864379,45975.0,-3596.945031356212,46460.0,0.0,0.5727227167595815,4.245004685746395,4.244921688564887,4.245004685746395,4.244921688564887,108.15368348817573,84.84226492778248,234.9745421206819,0.9465896547444969,448.87708759593966,479.3577751254786,0.027661627265246458,0.017181041158249144
248,12.4,43.298538622129435,470.12079740132765,435.94436112777277,435.326658411945,0.617702715827761,133.5783084766742,133.5783084766742,133.5783084766742,137.189967980059,133.2718931403631,101.45245444608321,0.5727229540709585,42500.38435154075,46117.0,-3616.61564845925,46601.0,0.0,0.5727229540709585,4.239966338446557,4.239883650911963,4.239966338446557,4.239883650911963,108.02555623499995,84.74171379818489,234.6972411052294,0.9465896862064807,448.87708759593966,479.3577751254786,0.02881128670975608,0.01926948555644692
249,12.45,43.39248434237996,470.12085070468726,435.4103460091563,434.79503822268737,0.615307786468918,134.13901814456415,134.13901814456415,134.13901814456415,137.19015567379543,133.8313165961171,101.32851537513653,0.5727231999139021,42626.5421971059,46240.0,-3613.457802894103,46724.0,0.0,0.5727231999139021,4.234752676576491,4.234670309183059,4.234752676576491,4.234670309183059,107.89297034158744,84.63766369093713,234.41028899087217,0.9465897187992985,448.87708759593966,479.3577751254786,0.030000955626644843,0.019269374359002445
250,12.5,43.486430062630475,470.1188745551201,434.85803767772603,434.2452045757095,0.6128331020165092,134.71893788404856,134.71893788404856,134.71893788404856,138.94620921773662,134.4099060574745,101.20033018055287,0.5727234544701939,42756.56296635333,46405.0,-3648.4370336466673,46889.0,0.0,0.5727234544701939,4.229360443212663,4.22927840662436,4.229360443212663,4.22927840662436,107.75584294858393,84.5300495858886,234.11350629341646,0.9465897525470224,448.87708759593966,479.3577751254786,0.031231377821701156,0.019273496853034477
251,12.55,43.580375782881006,468.13338859747125,434.28712072803916,433.6768432364498,0.6102774915893292,135.3183991241584,135.3183991241584,135.3183991241584,139.17705358865828,135.0079921932011,101.06782561018869,0.5727237179147205,42890.47415092699,46548.0,-3657.525849073012,47031.0,0.0,0.5727237179147205,4.223786561953453,4.223704866990943,4.223786561953453,4.223704866990943,107.61409578519243,84.41881006424853,233.8067234496538,0.946589787472809,448.87708759593966,479.3577751254786,0.03250325594928516,0.023415467758021058
252,12.6,43.67432150313152,468.1325816633749,433.697300576829,433.0896606841722,0.6076398926567776,135.93771144666871,135.93771144666871,135.93771144666871,139.1752728474208,135.62588387492212,100.93093324142887,0.5727239904143894,43028.29571402342,46717.5,-3689.204285976579,47200.0,0.0,0.5727239904143894,4.218028159867977,4.217946817494351,4.218028159867977,4.217946817494351,107.46765575273156,84.30388776655326,233.48978208018184,0.9465898235987557,448.87708759593966,479.3577751254786,0.03381724627650162,0.023417151123011126
253,12.65,43.76826722338205,468.19482150737224,433.08830589056146,432.4833865284877,0.6049193620737583,136.57716003735013,136.57716003735013,136.57716003735013,140.95058214132274,136.26386563422048,100.78959004456524,0.5727242721269901,43170.03953293439,46927.0,-3756.9604670656117,47410.0,0.0,0.5727242721269901,4.212082591198616,4.2120016125034,4.212082591198616,4.2120016125034,107.31645552737476,84.18522986568502,233.16253629379966,0.9465898609457488,448.87708759593966,479.3577751254786,0.03517395327513484,0.023287311059436377
254,12.7,43.86221294363257,467.1903246435583,432.4598910791967,431.8577759918833,0.6021150873134502,137.23700306759878,137.23700306759878,137.23700306759878,141.16730460274465,136.92219505027288,100.64373896156195,0.5727245632000139,43315.70884805756,47095.0,-3779.291151942438,47577.0,0.0,0.5727245632000139,4.205947461708021,4.205866857889532,4.205947461708021,4.205866857889532,107.16043417931307,84.0627885527773,232.8248540275088,0.9465898995333087,448.87708759593966,479.3577751254786,0.036573924066093166,0.025382816579402112
255,12.75,43.95615866388309,466.1729342266649,431.8118388432069,431.2126124453787,0.599226397828204,137.91746902003257,137.91746902003257,137.91746902003257,141.59275023043665,137.60110008158074,100.49332949720213,0.5727248637694328,43465.29772365575,47245.0,-3779.702276344251,47726.0,0.0,0.5727248637694328,4.199620653545594,4.199540435892345,4.199620653545594,4.199540435892345,106.99953780512182,83.93652153347784,232.4766184151693,0.9465899393794259,448.87708759593966,479.3577751254786,0.03801764274521002,0.027505219656367097
256,12.8,44.05010438413361,465.1693942653312,431.1439627590066,430.54770998254617,0.5962527764604602,138.61875397362448,138.61875397362448,138.61875397362448,142.20379652146352,138.30077635733153,100.33831831917712,0.5727251739584404,43618.79052604671,47427.0,-3808.2094739532913,47907.0,0.0,0.5727251739584404,4.193100350487612,4.193020530357217,4.193100350487612,4.193020530357217,106.83372016964455,83.80639253167885,232.1177291768384,0.9465899805003937,448.87708759593966,479.3577751254786,0.039505524623470345,0.02959872895862259
257,12.85,44.144050104384135,466.15224725938117,430.4561098860349,429.8629160152245,0.593193870810353,139.34101886595528,139.34101886595528,139.34101886595528,142.97120418083568,139.02138444593112,100.17866986322622,0.5727254938761661,43776.16142526853,47663.0,-3886.838574731468,48144.0,0.0,0.5727254938761661,4.186385063385501,4.186305652183535,4.186385063385501,4.186305652183535,106.6629433532321,83.67237179744689,231.74810401978687,0.9465900229106423,448.87708759593966,479.3577751254786,0.04103791041900218,0.027548375245693535
258,12.9,44.23799582463465,466.13322427724717,429.74816337682785,429.15811387235794,0.5900495044699028,140.08438675216928,140.08438675216928,140.08438675216928,143.54038424625725,139.76304712024768,100.01435693900461,0.5727258236163669,43937.37392658196,47839.0,-3901.6260734180396,48320.0,0.0,0.5727258236163669,4.179473655643825,4.179394664799361,4.179473655643825,4.179394664799361,106.48717839969996,83.53443661551034,231.36768004117437,0.9465900666225588,448.87708759593966,479.3577751254786,0.04261506044240526,0.027588059554827793
259,12.95,44.331941544885176,465.0776108101163,429.0200450695519,428.4332253815345,0.5868196880173855,140.84894008217842,140.84894008217842,140.84894008217842,144.31208939040545,140.5258466410612,99.84536133191199,0.5727261632561047,44102.380438420936,48046.0,-3943.619561579064,48526.0,0.0,0.5727261632561047,4.17236536852311,4.172286809464424,4.17236536852311,4.172286809464424,106.3064059599048,83.39257181030689,230.97641512135266,0.9465901116463176,448.87708759593966,479.3577751254786,0.04423714882115404,0.02979020067344118
260,13.0,44.4258872651357,465.0759071574971,428.2717180406709,427.6882134110168,0.5835046296541009,141.63471801953506,141.63471801953506,141.63471801953506,145.137834326425,141.30982208208675,99.67167439570224,0.5727265128544207,44271.121883579224,48288.0,-4016.8781164207758,48768.0,0.0,0.5727265128544207,4.165059846052401,4.1649817301805,4.165059846052401,4.1649817301805,106.1206169253974,83.24677024323904,230.57428929580158,0.946590157989704,448.87708759593966,479.3577751254786,0.045904257812813154,0.0297937547049133
261,13.05,44.519832985386216,464.0745525494904,427.5031890937711,426.9230843483936,0.5801047453774686,142.44171382715237,142.44171382715237,142.44171382715237,145.1334453472283,142.1149667216917,99.49329763031915,0.5727268724510196,44443.52736051423,48401.0,-3957.4726394857717,48880.0,0.0,0.5727268724510196,4.157557159316205,4.157479497976624,4.157557159316205,4.157479497976624,105.92981304619349,83.09703329745741,230.16130609282735,0.9465902056579341,448.87708759593966,479.3577751254786,0.047616372260480544,0.03188270508804747
262,13.1,44.61377870563675,463.07214994012213,426.7145111590339,426.13789049047944,0.576620668554483,143.26987234663278,143.26987234663278,143.26987234663278,147.1262450004458,142.94122552800644,99.3102432390281,0.5727272420649636,44619.51386163542,48639.0,-4019.4861383645766,49117.0,0.0,0.5727272420649636,4.149857829866036,4.149780634320223,4.149857829866036,4.149780634320223,105.73400752633155,82.94337134521288,229.73749382330323,0.94659025465349,448.87708759593966,479.3577751254786,0.04937337424728516,0.03397384173250029
263,13.15,44.707724425887264,462.0833620034794,425.90578557656954,425.3327323177941,0.5730532587754169,144.11908759933175,144.11908759933175,144.11908759933175,147.1146399381122,143.7884927654908,99.1225346586395,0.5727276216934062,44798.98605532983,48835.0,-4036.0139446701724,49313.0,0.0,0.5727276216934062,4.141962851996851,4.141886133391665,4.141962851996851,4.141886133391665,105.5332255905624,82.78580419254274,229.30290680807587,0.9465903049759457,448.87708759593966,479.3577751254786,0.051175038009620866,0.03603657647459124
264,13.2,44.80167014613779,462.11271949926936,425.0771642357646,424.50776062590853,0.5694036098560673,144.98920053838833,144.98920053838833,144.98920053838833,148.95933177282024,144.65660975212148,98.93020705635357,0.5727280113103601,44981.83613823718,49131.0,-4149.16386176282,49609.0,0.0,0.5727280113103601,4.133873713614015,4.133797482950513,4.133873713614015,4.133797482950513,105.32750501525743,82.62436149587575,228.8576265280669,0.9465903566218083,448.87708759593966,479.3577751254786,0.05302102517114604,0.03597533308330114
265,13.25,44.89561586638831,460.10813845826823,424.22885154205375,423.66317848520214,0.5656730568516082,145.8799969817325,145.8799969817325,145.8799969817325,149.13425116262573,145.54536279714085,98.73330778659741,0.5727284108655263,45167.943763920135,49307.0,-4139.056236079865,49783.0,0.0,0.5727284108655263,4.125592415413365,4.125516683514718,4.125592415413365,4.125516683514718,105.11689661643697,82.45908314497746,228.40176268171123,0.9465904095843607,448.87708759593966,479.3577751254786,0.05491088036124758,0.040157138709540074
266,13.3,44.98956158663883,460.10156556252866,423.3611061821342,422.7992430001755,0.5618631819586994,146.79120575650504,146.79120575650504,146.79120575650504,150.97465111034558,146.4544813497332,98.53189680112558,0.5727288202831963,45357.17605357763,49561.0,-4203.823946422373,50037.0,0.0,0.5727288202831963,4.117121488091385,4.11704626556957,4.117121488091385,4.11704626556957,104.90146468772119,82.29001960659258,227.9354541341595,0.9465904638535153,448.87708759593966,479.3577751254786,0.05684402728252824,0.04017085058839265
267,13.35,45.08350730688935,460.0908953902209,422.4742426586291,421.9162668394549,0.557975819174203,147.72249708533346,147.72249708533346,147.72249708533346,151.12234948705094,147.38363638900245,98.32604700565471,0.5727292394612347,45549.387693812845,49824.0,-4274.612306187155,50299.0,0.0,0.5727292394612347,4.108464007300846,4.108389304523257,4.108464007300846,4.108389304523257,104.68128738100737,82.11723222313537,227.45886974266227,0.9465905194156842,448.87708759593966,479.3577751254786,0.058819765291912796,0.04019310989628644
268,13.4,45.177453027139876,459.0833788317485,421.56863256562843,421.0146195080421,0.55401305758636,148.6734812444669,148.6734812444669,148.6734812444669,152.13507609085292,148.33243908518529,98.11584455640076,0.5727296682701676,45744.42112569503,50054.0,-4309.578874304971,50529.0,0.0,0.5727296682701676,4.09962360607534,4.0995494331301074,4.09962360607534,4.0995494331301074,104.45645702278,81.94079346085971,226.97220904278328,0.9465905762536534,448.87708759593966,479.3577751254786,0.060837266559021,0.042294914875268264
269,13.45,45.27139874739039,459.040190188707,420.6447055774244,420.09472833423854,0.5499772431858787,149.64370752284756,149.64370752284756,149.64370752284756,152.32535841441472,149.30043976111014,97.90138909009218,0.5727301065523877,45942.106828450786,50330.5,-4388.3931715492145,50805.0,0.0,0.5727301065523877,4.090604484450047,4.090530851112533,4.090604484450047,4.090530851112533,104.22708035918185,81.76078710211635,226.47570278056364,0.9465906343464774,448.87708759593966,479.3577751254786,0.06289557386348232,0.04238501176173304
270,13.5,45.36534446764092,459.03894345052703,419.7029501241414,419.15707914504765,0.5458709790937633,150.63266350975255,150.63266350975255,150.63266350975255,154.09835684443868,150.2871271814733,97.68279388135093,0.5727305541214839,46142.263700091135,50578.0,-4435.7362999088655,51052.0,0.0,0.5727305541214839,4.081411416024714,4.08133833172252,4.081411416024714,4.08133833172252,103.99327872331688,81.57730837658119,225.96961327649612,0.9465906936693974,448.87708759593966,479.3577751254786,0.06499359908977931,0.04238761261279811
271,13.55,45.45929018789144,457.03627846792745,418.7439137298327,418.20221660572383,0.5416971241088504,151.63977473666407,151.63977473666407,151.63977473666407,155.03626410046854,151.29192819553055,97.46018592177154,0.5727310107617252,46344.699536135435,50800.5,-4455.800463864565,51273.0,0.0,0.5727310107617252,4.0720497512284695,4.071977225007458,4.0720497512284695,4.071977225007458,103.7551881187253,81.39046402668515,225.4542346081863,0.9465907541937658,448.87708759593966,479.3577751254786,0.0671301224740426,0.046565421102658044
272,13.6,45.55323590814196,456.0439805044908,417.76820299103144,417.23074420153307,0.5374587894983733,152.66440469650775,152.66440469650775,152.66440469650775,156.088874267792,152.3142077562913,97.23370591557907,0.5727314762276976,46549.21160635146,51058.5,-4509.288393648538,51531.0,0.0,0.5727314762276976,4.06252541707282,4.0624534575631515,4.06252541707282,4.0624534575631515,103.51295921356758,81.20037230297316,224.92989259985472,0.9465908158870026,448.87708759593966,479.3577751254786,0.06930379265183417,0.04863547819764713
273,13.65,45.64718162839249,455.06044511742556,416.77648317665233,416.24332384268064,0.533159333971696,153.70585526034102,153.70585526034102,153.70585526034102,157.06943537011963,153.35326933625132,97.0035081874359,0.5727319502441217,46755.58732810941,51337.0,-4581.41267189059,51809.0,0.0,0.5727319502441217,4.0528449132062505,4.052773528589626,4.0528449132062505,4.052773528589626,103.26675724077828,81.00716288566394,224.39694460841423,0.9465908787125685,448.87708759593966,479.3577751254786,0.07151312754947947,0.05068725546736541
274,13.7,45.741127348643005,454.0461982603514,415.7694774335685,415.24067507676807,0.5288023568004405,154.76336750799112,154.76336750799112,154.76336750799112,158.98899437505835,154.40835575612508,96.76976049874477,0.5727324325058424,46963.60503356768,51580.5,-4616.894966432323,52052.0,0.0,0.5727324325058424,4.043015304118072,4.042944502095338,4.043015304118072,4.042944502095338,103.01676180030047,80.81097672936653,223.8557790976881,0.9465909426299705,448.87708759593966,479.3577751254786,0.07375651615386802,0.052803100687167426
275,13.75,45.83507306889353,455.03142155032174,414.7479655860411,414.2235738969856,0.5243916890555056,155.83612298507424,155.83612298507424,155.83612298507424,159.05298712775965,155.47865043898167,96.53264376970375,0.5727329226780282,47173.034826498486,51888.0,-4714.965173501514,52360.0,0.0,0.5727329226780282,4.033044207376427,4.032973995136388,4.033044207376427,4.032973995136388,102.76316656047533,80.6119658286492,223.30681499440377,0.946591007594778,448.87708759593966,479.3577751254786,0.07603222118706165,0.05074780224184139
276,13.8,45.92901878914405,453.0261087225159,413.7127825215209,413.19285113855335,0.5199313829675702,156.92324539430038,156.92324539430038,156.92324539430038,160.07482535485283,156.56327909766978,96.29235170536407,0.5727334203965627,47383.639523149664,52137.0,-4753.3604768503355,52607.0,0.0,0.5727334203965627,4.0229397778274105,4.022870162017512,4.0229397778274105,4.022870162017512,102.50617885672997,80.4102929030172,222.75050082192882,0.9465910735586873,448.87708759593966,479.3577751254786,0.07833838270237614,0.05493113446646403
277,13.85,46.02296450939457,453.0109249190002,412.66481616000203,412.14939046055883,0.5154256994431989,158.02380272406538,158.02380272406538,158.02380272406538,160.12245980967992,157.66131185852703,96.04909032503377,0.5727339252686533,47595.17567015842,52374.0,-4778.824329841576,52844.0,0.0,0.5727339252686533,4.012710687728529,4.012641674426959,4.012710687728529,4.012641674426959,102.24601918687465,80.20613100074411,222.1873136102278,0.9465911404695898,448.87708759593966,479.3577751254786,0.08067302260821652,0.05496280977101442
278,13.9,46.11691022964509,452.0069974118026,411.6050050090893,411.09412591530827,0.5108790937810568,159.13680981210175,159.13680981210175,159.13680981210175,162.0448584574359,158.77176581915006,95.8030773955164,0.5727344368736484,47807.39463120871,52720.0,-4912.605368791294,53189.0,0.0,0.5727344368736484,4.002366102839055,4.00229769752832,4.002366102839055,4.00229769752832,101.98292060354567,79.99966302199778,221.6177575831785,0.9465912082716944,448.87708759593966,479.3577751254786,0.08303405011485254,0.05705712754219239
279,13.95,46.21085594989562,451.0054844009593,410.53433531214364,410.02803911247634,0.5062961996673039,160.26123133650202,160.26123133650202,160.26123133650202,162.05111010981636,159.89360803255678,95.55454176988601,0.5727349547640753,48020.043732897735,52935.0,-4914.956267102265,53404.0,0.0,0.5727349547640753,3.9919156545372054,3.991847862080874,3.9919156545372054,3.991847862080874,101.7171280056389,79.79108116268816,221.0423626271985,0.9465912769056555,448.87708759593966,479.3577751254786,0.0854192680877277,0.059146408373365156
280,14.0,46.304801670146134,450.0042344912184,409.4538378021962,408.95215599064363,0.5016818115525439,161.39598522083716,161.39598522083716,161.39598522083716,164.01537725374635,161.0257589044937,95.30372263473612,0.5727354784668935,48232.867459173794,53289.0,-5056.1325408262055,53757.0,0.0,0.5727354784668935,3.981369408091492,3.9813022327119256,3.981369408091492,3.9813022327119256,101.44889733188343,79.58058628152855,220.46168254798079,0.946591346308741,448.87708759593966,479.3577751254786,0.08782638027902778,0.06123514034288169
281,14.05,46.398747390396665,449.00638126030765,408.36458407968644,407.8675432141498,0.49704086553663274,162.53994643446376,162.53994643446376,162.53994643446376,166.0193913819577,162.16709598502564,95.0508686700793,0.5727360074849567,48445.60868275941,53553.0,-5107.391317240588,54020.0,0.0,0.5727360074849567,3.9707378272618072,3.970671272521656,3.9707378272618072,3.970671272521656,101.17849466104869,79.36838719382763,219.87629312502665,0.9465914164150305,448.87708759593966,479.3577751254786,0.09025299939728904,0.06331678641746463
282,14.1,46.49269311064718,448.00932086933426,407.26768263735335,406.7753042184405,0.4923784189128355,163.6919511635682,163.6919511635682,163.6919511635682,167.03992528774526,163.31645813001202,94.7962371273091,0.5727365412986809,48658.009921206176,53810.0,-5151.990078793824,54276.0,0.0,0.5727365412986809,3.9600317354572105,3.9599658042430406,3.9600317354572105,3.9599658042430406,100.90619522458522,79.1546998965672,219.2867899765007,0.9465914871556341,448.87708759593966,479.3577751254786,0.09269665596307142,0.06539677852922787
283,14.15,46.5866388308977,447.01420865797314,406.1642745607026,405.6765749321668,0.4876996285358359,164.85080132314852,164.85080132314852,164.85080132314852,169.03927560948466,164.47265000273848,94.54009283180787,0.5727370793679145,48869.81460466471,54096.5,-5226.685395335291,54561.0,0.0,0.5727370793679145,3.9492622737312395,3.949196968240301,3.9492622737312395,3.949196968240301,100.63228233876099,78.93974673030965,218.69378624966043,0.9465915584589402,448.87708759593966,479.3577751254786,0.09515480788737729,0.06747270649576731
284,14.2,46.68058455114823,448.01191082864153,405.05552893729043,404.57251920907584,0.4830097282145971,166.0152693750834,166.0152693750834,166.0152693750834,168.13496044395595,165.63444688093395,94.28270711790412,0.5727376211339825,49080.76834211299,54401.0,-5320.231657887009,54866.0,0.0,0.5727376211339825,3.93844085593728,3.938376177666896,3.93844085593728,3.938376177666896,100.35704626455455,78.72375548441909,218.09791015471262,0.9465916302508858,448.87708759593966,479.3577751254786,0.09762485069876314,0.0653913755516573
285,14.25,46.774530271398746,446.01329981185825,403.942638012439,403.46432400711376,0.47831400532521684,167.18410341282183,167.18410341282183,167.18410341282183,170.09171792101395,166.80059972979637,94.02435670490956,0.5727381660219092,49290.62017267675,54646.0,-5355.379827323253,55110.0,0.0,0.5727381660219092,3.9275791214131814,3.927515071153721,3.9275791214131814,3.927515071153721,100.08078300464726,78.50695845292984,217.499802362295,0.9465917024552567,448.87708759593966,479.3577751254786,0.10010412833534688,0.06956072696409688
286,14.3,46.86847599164927,445.0242345806505,402.8268121329204,402.3531943560462,0.4736177768742209,168.35603246912726,168.35603246912726,168.35603246912726,170.20858452660067,167.96984049756142,93.76532252386284,0.5727387134427854,49499.123788813245,54947.5,-5448.3762111867545,55411.0,0.0,0.5727387134427854,3.916688885600685,3.9166254634316147,3.916688885600685,3.9166254634316147,99.8037930478371,78.28959144915905,216.90011328689195,0.946591774993994,448.87708759593966,479.3577751254786,0.1025899444091738,0.07162404017717416
287,14.35,46.96242171189979,445.0462202875814,401.7092745234371,401.2403481582022,0.46892636523489273,169.52977199982848,169.52977199982848,169.52977199982848,172.16970953572297,169.14088758667432,93.50588850537775,0.5727392627962733,49706.03871849878,55299.0,-5592.961281501222,55763.0,0.0,0.5727392627962733,3.905782089036876,3.9057192943257064,3.905782089036876,3.9057192943257064,99.52638007200433,78.07189278780714,216.29950028026303,0.9465918477875307,448.87708759593966,479.3577751254786,0.10507957384307631,0.0715781752552479
288,14.4,47.05636743215031,443.0583736925863,400.5912559433719,400.12701086957605,0.464245073795837,170.70402949376083,170.70402949376083,170.70402949376083,174.09472109392925,170.31245145086226,93.24634033961448,0.5727398134732162,49911.13145416984,55544.0,-5632.8685458301625,56006.0,0.0,0.5727398134732162,3.894870745182697,3.8948085765878773,3.894870745182697,3.8948085765878773,99.24884961742154,77.85410224379456,215.6986247603852,0.9465919207551394,448.87708759593966,479.3577751254786,0.10757027477426662,0.07572507074364321
289,14.45,47.150313152400834,442.06611766322237,399.4739892731833,399.0144101104231,0.4595791627601784,171.8775101570708,171.8775101570708,171.8775101570708,174.33889659953238,171.48324026639992,92.98696421982524,0.5727403648583381,50114.176516994485,55816.5,-5702.323483005515,56278.0,0.0,0.5727403648583381,3.8839668875705513,3.8839053430466493,3.8839668875705513,3.8839053430466493,98.97150774267024,77.63645999745859,215.09814930243726,0.9465919938152835,448.87708759593966,479.3577751254786,0.11005930061466396,0.0777950403589357
290,14.5,47.24425887265136,442.05940628660824,398.35870408094604,397.9037702556136,0.4549338253324322,173.04892261886928,173.04892261886928,173.04892261886928,176.2840449957925,172.65196562467438,92.72804558119378,0.5727409163330008,50314.957446074965,56158.5,-5843.5425539250355,56620.0,0.0,0.5727409163330008,3.8730825167627145,3.8730215935697743,3.8730825167627145,3.8730215935697743,98.69465967570156,77.41920557595552,214.49873471895648,0.9465920668859897,448.87708759593966,479.3577751254786,0.11254391215545434,0.07780904112613385
291,14.55,47.338204592901874,442.032244549615,397.2466212198517,396.7963070553336,0.45031416451809037,174.2169846048788,174.2169846048788,174.2169846048788,177.35682328096325,173.81734819281766,92.46986784676267,0.5727414672779969,50513.26770338723,56379.5,-5866.232296612769,56840.0,0.0,0.5727414672779969,3.8622295476183943,3.8621692423338345,3.8622295476183943,3.8621692423338345,98.41860847266072,77.20257680076435,213.9010371564744,0.9465921398852147,448.87708759593966,479.3577751254786,0.11502138960267794,0.07786570389119729
292,14.6,47.432150313152405,440.05145153371893,396.1389475070002,395.6932223362337,0.44572517076647955,175.38042852623022,175.38042852623022,175.38042852623022,178.28597294306468,174.97812328968323,92.21271119213179,0.5727420170763525,50708.911486611505,56638.5,-5929.588513388495,57098.0,0.0,0.5727420170763525,3.851419757360965,3.851360065894653,3.851419757360965,3.851360065894653,98.14365369696728,76.9868087510996,213.3057052356777,0.9465922127312156,448.87708759593966,479.3577751254786,0.11748904443171793,0.08199788473540603
293,14.65,47.52609603340292,440.0533280297111,395.03687053249814,394.59569883184474,0.44117170065339906,176.5380069319191,176.5380069319191,176.5380069319191,180.07216769377374,176.13304632579505,91.95685134030239,0.5727425651161044,50901.70444346761,56940.5,-6038.795556532386,57400.0,0.0,0.5727425651161044,3.8406647349213223,3.84060565253327,3.8406647349213223,3.84060565253327,97.8700901308228,76.7721327527857,212.71337726143506,0.946592285342921,448.87708759593966,479.3577751254786,0.11994423095149431,0.08199397013113852
294,14.7,47.620041753653446,439.1128807958588,393.94155364582656,393.5048951890218,0.43665845680476423,177.68849777560175,177.68849777560175,177.68849777560175,180.38014342330825,177.28089805806198,91.70255839757456,0.5727431107930372,51091.474282712545,57263.0,-6171.525717287455,57721.0,0.0,0.5727431107930372,3.829975832018679,3.8299173533396242,3.829975832018679,3.8299173533396242,97.59820653079919,76.55877540173327,212.1246785279358,0.9465923576402896,448.87708759593966,479.3577751254786,0.12238435747374066,0.08395586014868572
295,14.75,47.71398747390397,437.1254592734836,392.8541311636407,392.4219411944176,0.4321899692230886,178.83070945032247,178.83070945032247,178.83070945032247,182.1941191858399,178.42048961295606,91.45009574075169,0.5727436535133442,51278.061278534806,57502.0,-6223.938721465194,57958.0,0.0,0.5727436535133442,3.819364116407545,3.819306235461852,3.819364116407545,3.819306235461852,97.3282844384708,76.34695763062524,211.54021874267528,0.9465924295446658,448.87708759593966,479.3577751254786,0.12480689698897807,0.08810186888267346
296,14.8,47.80793319415449,437.13330715247594,391.77570383973017,391.34793326155506,0.42777057817511377,179.96348554838235,179.96348554838235,179.96348554838235,182.53451153983139,179.55066723546247,91.19971896511032,0.5727441926961918,51461.318666670326,57782.0,-6320.681333329674,58239.0,0.0,0.5727441926961918,3.8088403276888663,3.8087830379204206,3.8088403276888663,3.8087830379204206,97.06059705619546,76.13689382673886,210.96058959118656,0.9465925009791197,448.87708759593966,479.3577751254786,0.12720939725845348,0.08808549723001746
297,14.85,47.90187891440501,436.12602168743024,390.7073346338397,390.2839302150803,0.4234044187593895,181.0857093077649,181.0857093077649,181.0857093077649,184.31528742470746,180.67031672530553,90.9516749016635,0.5727447277761644,51641.112932118136,58082.0,-6440.887067881864,58538.0,0.0,0.5727447277761644,3.798414836043694,3.7983581303425353,3.798414836043694,3.7983581303425353,96.79540819715173,75.92879100805072,210.38636246225104,0.9465925718687676,448.87708759593966,479.3577751254786,0.12958949024028132,0.09018682011933954
298,14.9,47.995824634655534,436.0800937475227,389.65004481156757,389.23094940431207,0.4190954072554973,182.1963077112494,182.1963077112494,182.1963077112494,184.6335564819748,181.77836752665917,90.70620071120001,0.5727452582055677,51817.32398982776,58336.5,-6519.176010172239,58792.0,0.0,0.5727452582055677,3.7880976042018943,3.788041474934232,3.7880976042018943,3.788041474934232,96.53297131762373,75.72284806389462,209.8180863509131,0.946592642141077,448.87708759593966,479.3577751254786,0.13194490077801835,0.0902826315201154
299,14.95,48.08977035490605,435.1336011059182,388.6048104026787,388.18996317334074,0.4148472293379655,183.29425520946137,183.29425520946137,183.29425520946137,186.59039495111574,182.87379644265707,90.463523061459,0.572745783456565,51989.84526113124,58657.0,-6667.154738868761,59112.0,0.0,0.572745783456565,3.7778981529140196,3.777842591952151,3.7778981529140196,3.777842591952151,96.27352863831115,75.51925506549401,209.25628595400738,0.9465927117261543,448.87708759593966,479.3577751254786,0.1342734544907659,0.0922571330109
300,15.0,48.183716075156575,434.0824408718056,387.57255904001346,387.16189570982704,0.41066333018642354,184.37857704450442,184.37857704450442,184.37857704450442,186.69286927920888,183.95563095140034,90.22385739259457,0.5727463030231469,52158.583649970395,58798.5,-6639.916350029605,59253.0,0.0,0.5727463030231469,3.767825530140879,3.767770528896051,3.767825530140879,3.767770528896051,96.01731036016854,75.3181926506777,208.7014599701303,0.9465927805569985,448.87708759593966,479.3577751254786,0.13657308481539154,0.09444998413100014
301,15.05,48.2776617954071,433.1307451484465,386.5541671958906,386.14762028935576,0.4065469065348566,185.4483521563916,185.4483521563916,185.4483521563916,188.53050993367782,185.0229521057219,89.98740727486407,0.5727468164228933,52323.459424115106,59112.5,-6789.040575884894,59567.0,0.0,0.5727468164228933,3.7578882841259293,3.7578338335815147,3.7578882841259293,3.7578338335815147,95.76453397895465,75.119831486071,208.15407961315753,0.9465928485697424,448.87708759593966,479.3577751254786,0.13884183916321768,0.09643533989811992
302,15.1,48.371607515657615,432.1933551111232,385.5504578275018,385.1479569268689,0.40250090063290145,186.50271566012165,186.50271566012165,186.50271566012165,190.0236506694754,186.0748970045806,89.7543638612209,0.5727473231985537,52484.40600754768,59368.5,-6884.093992452319,59822.0,0.0,0.5727473231985537,3.74809444046128,3.7480405312061293,3.74809444046128,3.7480405312061293,95.51540370134538,74.92433180898769,207.61458734550135,0.9465929157038494,448.87708759593966,479.3577751254786,0.14107788416556877,0.09839085222308008
303,15.15,48.465553235908146,431.19647198643554,384.5621984375437,384.16367044141884,0.39852799612486933,187.54086088682126,187.54086088682126,187.54086088682126,190.56711196007925,187.11066082952115,89.5249054362703,0.5727478229193899,52641.3696910131,59637.0,-6995.630308986903,60090.0,0.0,0.5727478229193899,3.7384514832090865,3.738398105473152,3.7384514832090865,3.738398105473152,95.27010996414249,74.7318430502362,207.0833958344828,0.9465929819023077,448.87708759593966,479.3577751254786,0.1432795099942582,0.10047047453530122
304,15.2,48.55949895615866,431.1410518201574,383.5900995511018,383.1954689353402,0.3946306157615709,188.56204098778994,188.56204098778994,188.56204098778994,192.12444197655947,188.12949844503962,89.29919706183978,0.5727483151823283,52794.30926836973,59864.5,-7070.190731630268,60317.0,0.0,0.5727483151823283,3.7289663400862416,3.7289134837742495,3.7289663400862416,3.7289134837742495,95.02882905683354,74.54250353802621,206.56088713238154,0.9465930471117643,448.87708759593966,479.3577751254786,0.14544513375475843,0.10058608790208912
305,15.25,48.65344467640919,431.1088589189552,382.6348136049476,382.24400268403963,0.3908109209079953,189.56557010546044,189.56557010546044,189.56557010546044,192.63364477177282,189.13072556685768,89.0773903182735,0.572748799612873,52943.19560685467,60141.5,-7198.3043931453285,60594.0,0.0,0.572748799612873,3.719645371674112,3.719593026401526,3.719645371674112,3.719593026401526,94.79172284653097,74.35644028222407,206.04741207811693,0.9465931112826602,448.87708759593966,479.3577751254786,0.1475733019606038,0.10065324630208317
306,15.3,48.74739039665971,431.10997038602613,381.6969342407583,381.30986342801884,0.3870708127394664,190.55082412011475,190.55082412011475,190.55082412011475,194.13007652728527,190.1137195069258,88.85962313950179,0.572749275865812,53088.01115966943,60377.5,-7289.488840330567,60830.0,0.0,0.572749275865812,3.710494364571609,3.710442519699029,3.710494364571609,3.710442519699029,94.5589386031817,74.17376883729156,205.54328991601443,0.9465931743693163,448.87708759593966,479.3577751254786,0.14966269210794314,0.10065092764339312
307,15.35,48.84133611691023,429.2049292033598,380.77699598957184,380.3935840545372,0.3834119350346441,191.51724098564083,191.51724098564083,191.51724098564083,194.63670405518263,191.0779195084098,88.64601973894366,0.5727497436257045,53228.74942943349,60560.5,-7331.75057056651,61012.0,0.0,0.5727497436257045,3.7015185283650283,3.7014671730324267,3.7015185283650283,3.7014671730324267,94.33060892188753,73.9945932414318,205.04880812485504,0.946593236329998,448.87708759593966,479.3577751254786,0.15171211337850388,0.10462508073221632
308,15.4,48.93528183716075,428.17214658885075,379.87547433100355,379.4956386525529,0.3798356784506609,192.4643206715854,192.4643206715854,192.4643206715854,195.27499506496932,192.02282668787637,88.43669062242594,0.5727502026071555,53365.41439103437,60744.0,-7378.58560896563,61195.0,0.0,0.5727502026071555,3.6927224962545573,3.6926716194156484,3.6927224962545573,3.6926716194156484,94.1068517382398,73.81900602872531,204.56422244836824,0.9465932971269538,448.87708759593966,479.3577751254786,0.1537205065076711,0.10677959384976976
309,15.45,49.029227557411275,428.1703309623018,378.9927861074347,378.61644292128307,0.37634318615164375,193.39162473223854,193.39162473223854,193.39162473223854,197.26993566679607,192.94800360536647,88.23173268354006,0.5727506525548894,53498.0198822496,61032.5,-7534.480117750398,61483.0,0.0,0.5727506525548894,3.684110329144225,3.6840599195988943,3.684110329144225,3.6840599195988943,93.88777043174926,73.64708831039582,204.0897571165465,0.9465933567264231,448.87708759593966,479.3577751254786,0.15568694286176588,0.10678338147280031
310,15.5,49.12317327766179,426.2492652999563,378.1292902705802,377.75635490992283,0.37293536065737953,194.29877552643782,194.29877552643782,194.29877552643782,196.9311977781595,193.85307348598886,88.03122937619204,0.572751093243638,53626.58897023914,61180.5,-7553.911029760857,61630.0,0.0,0.572751093243638,3.6756855229725254,3.6756355693997875,3.6756855229725254,3.6756355693997875,93.67345401175925,73.47890992079681,203.62560524565185,0.9465934150986177,448.87708759593966,479.3577751254786,0.1576106227748556,0.1107909636213169
311,15.55,49.217118997912316,426.25793987324295,377.28528893557245,376.91567606378334,0.3696128717891156,195.18545511418833,195.18545511418833,195.18545511418833,198.5497688270578,194.73771911907127,87.83525095858425,0.5727515244778326,53751.15330162806,61449.5,-7698.346698371941,61899.0,0.0,0.5727515244778326,3.667451019043078,3.6674015100315387,3.667451019043078,3.6674015100315387,93.4639773796599,73.31452962327637,203.17192940356156,0.9465934722176885,448.87708759593966,479.3577751254786,0.15949087320048538,0.11077286738143766
312,15.6,49.31106471816284,426.22056036992046,376.46102871588397,376.09465255033217,0.36637616555179875,196.05140385806217,196.05140385806217,196.05140385806217,198.91891436811278,195.60168146276828,87.64385480244164,0.5727519460911403,53871.75244342447,61643.0,-7771.24755657553,62092.0,0.0,0.5727519460911403,3.659409217092179,3.6593601411705095,3.659409217092179,3.6593601411705095,93.25940166078395,73.15399537071039,202.72886232612694,0.9465935280616553,448.87708759593966,479.3577751254786,0.161327144737763,0.110850845679198
313,15.65,49.405010438413356,425.20194617919697,375.6567023111898,375.2934768373555,0.3632254738342908,196.89641875868233,196.89641875868233,196.89641875868233,200.33848824798068,196.44475798336316,87.45708576100927,0.572752357945839,53988.43322148804,61826.5,-7838.066778511959,62275.0,0.0,0.572752357945839,3.6515619908229446,3.6515133364879944,3.6515619908229446,3.6515133364879944,93.05977459904797,72.99734461527567,202.29650776955523,0.9465935826123296,448.87708759593966,479.3577751254786,0.16311900809394797,0.11297580170073507
314,15.7,49.49895615866389,425.16200784882426,374.87245031944656,374.51228949467566,0.36016082477090094,197.7203515544186,197.7203515544186,197.7203515544186,200.84361027410853,197.26680075932316,87.27497658915527,0.5727527599320567,54101.249062668154,62009.0,-7907.750937331846,62458.0,0.0,0.5727527599320567,3.643910705623746,3.6438624613682578,3.643910705623746,3.6438624613682578,92.86513100721206,72.84460466185726,201.87494148338524,0.9465936358552094,448.87708759593966,479.3577751254786,0.1648661500475359,0.11305911803030178
315,15.75,49.592901878914404,425.1631730055105,374.1083632441747,373.7511811905264,0.3571820536483301,198.52310661577255,198.52310661577255,198.52310661577255,202.0843215702814,198.06771438051436,87.09754840885043,0.5727531519668801,54210.25934611431,62237.0,-8026.7406538856885,62685.0,0.0,0.5727531519668801,3.6364562381885754,3.6364083925270734,3.6364562381885754,3.6364083925270734,92.67549326554978,72.69579305944251,201.4642122884668,0.9465936877793659,448.87708759593966,479.3577751254786,0.16656836897647276,0.11305668736838981
316,15.8,49.68684759916493,423.25797360283576,373.3644836679984,373.0101948537828,0.3542888142155789,199.3046386648339,199.3046386648339,199.3046386648339,202.6908070005252,198.84745367288951,86.92481121330047,0.57275353399336,54315.52876861619,62382.0,-8066.47123138381,62829.0,0.0,0.57275353399336,3.6291989977568697,3.6291515392495626,3.6291989977568697,3.6291515392495626,92.49087186174407,72.55091802485606,201.06434324439184,0.9465937383773056,448.87708759593966,479.3577751254786,0.16822557001598293,0.11703117052384926
317,15.85,49.78079331941545,423.19073669093916,372.64080856399255,372.2893279737132,0.35148059027932277,200.06495034969004,200.06495034969004,200.06495034969004,203.03009887994483,199.60602127846158,86.75676440313296,0.5727539059794208,54417.12672818645,62588.0,-8170.873271813551,63036.0,0.0,0.5727539059794208,3.6221389486941398,3.6220918659698214,3.6221389486941398,3.6220918659698214,92.3112659649456,72.40997889329935,200.67533289108363,0.9465937876448307,448.87708759593966,479.3577751254786,0.16983775990939376,0.11717143509320771
318,15.9,49.87473903966597,423.16707370660305,371.9372917171964,371.588535009725,0.3487567074714093,200.80408970282258,200.80408970282258,200.80408970282258,204.38012979875975,200.34346511953044,86.59339734821774,0.5727542679166923,54515.126729463474,62798.5,-8283.373270536526,63246.0,0.0,0.5727542679166923,3.6152756341446697,3.615228915922046,3.6152756341446697,3.615228915922046,92.13666402713278,72.2729665903035,200.2971565496934,0.946593835580877,448.87708759593966,479.3577751254786,0.17140504161353243,0.1172207990246259
319,15.95,49.96868475991649,422.21843613263485,371.2538462297607,370.9077298846754,0.3461163450853064,201.52214751136546,201.52214751136546,201.52214751136546,205.11110791571713,201.0598757749733,86.43468996896104,0.572754619819272,54609.60581389244,62952.0,-8342.394186107558,63399.0,0.0,0.572754619819272,3.608608200496775,3.6085618356038367,3.608608200496775,3.6085618356038367,91.96704440518536,72.13986411993699,199.92976766853775,0.9465938821873627,448.87708759593966,479.3577751254786,0.17292760871780588,0.11919977511137003
320,16.0,50.062630480167016,421.3747938349372,370.59034708453277,370.2467885366634,0.3435585478693497,202.2192546256835,202.2192546256835,202.2192546256835,205.34331318117435,201.7553837949974,86.28061333122406,0.5727549617224531,54700.64401705127,63110.5,-8409.855982948728,63558.0,0.0,0.5727549617224531,3.6021354224152304,3.6020893998074826,3.6021354224152304,3.6020893998074826,91.80237599742462,72.01064706434914,199.5730992005363,0.9465939274690048,448.87708759593966,479.3577751254786,0.17440573973309448,0.12095971797967309
321,16.05,50.15657620041753,420.3782142680043,369.9466337434593,369.6055515057485,0.3410822377107934,202.89557923111198,202.89557923111198,202.89557923111198,206.87786074474332,202.4301569791376,86.13113024937763,0.5727552936814021,54788.3238549385,63253.5,-8465.176145061501,63700.0,0.0,0.5727552936814021,3.5958557282099193,3.5958100369867907,3.5958557282099193,3.5958100369867907,91.64261888875055,71.88528409006221,199.22706499944982,0.9465939714331546,448.87708759593966,479.3577751254786,0.17583979230307745,0.1230387070326242
322,16.1,50.25052192066806,420.3781930372006,369.32251275885653,368.9838265337407,0.33868622511585045,203.55132410590988,203.55132410590988,203.55132410590988,207.37224881240746,203.08439764049967,85.98619589239664,0.5727556157698273,54872.729840519925,63448.0,-8575.270159480075,63895.0,0.0,0.5727556157698273,3.589767225327982,3.5897218547476086,3.589767225327982,3.5897218547476086,91.48772499893502,71.76373745672788,198.89156122311806,0.9465940140896149,448.87708759593966,479.3577751254786,0.17723019738689538,0.1230387513227239
323,16.15,50.34446764091858,420.3777625654011,368.7177603774216,368.38139115700005,0.3363692204215454,204.1867238865857,204.1867238865857,204.1867238865857,207.11197699206878,203.71833987735934,85.84575838831913,0.5727559280786249,54953.94803136436,63565.5,-8611.551968635642,64013.0,0.0,0.5727559280786249,3.5838677257704106,3.5838226652633125,3.5838677257704106,3.5838226652633125,91.33763872907599,71.64596352443766,198.56646773287423,0.9465940554504647,448.87708759593966,479.3577751254786,0.17857745345798115,0.12303964934049239
324,16.2,50.4384133611691,420.22254395185183,368.13212511874315,367.7979952740579,0.33412984468526474,204.8020423597812,204.8020423597812,204.8020423597812,208.39986763198021,204.33224687125818,85.70975942282735,0.5727562307145369,55032.06560877513,63756.0,-8723.934391224873,64203.0,0.0,0.5727562307145369,3.578154771259282,3.5781100104400707,3.578154771259282,3.5781100104400707,91.19229760168604,71.53191325603194,198.2516494793258,0.9465940955298815,448.87708759593966,479.3577751254786,0.17988212075970278,0.12336345469341203
325,16.25,50.53235908141963,418.4023602943065,367.5653303119575,367.2333636717658,0.33196664019169475,205.3975697978928,205.3975697978928,205.3975697978928,208.78135655120056,204.92640822873653,85.57813482815749,0.572756523798817,55107.17048844576,63816.0,-8708.829511554242,64262.0,0.0,0.572756523798817,3.572625657992468,3.5725811866705044,3.572625657992468,3.5725811866705044,91.05163289036008,71.42153271122277,197.94695786571168,0.9465941343439576,448.87708759593966,479.3577751254786,0.1811448156542479,0.12716058441988587
326,16.3,50.626304801670145,420.22294087708445,367.01707657614367,366.6871984955964,0.3298780805472461,205.97362035360175,205.97362035360175,205.97362035360175,209.05921782977154,205.50113738184072,85.45081515898244,0.5727568074659104,55179.35096234277,63986.0,-8806.649037657233,64432.0,0.0,0.5727568074659104,3.567277460847741,3.567233269036194,3.567277460847741,3.567233269036194,90.91557023544723,71.31476352973596,197.65223208107653,0.946594171910537,448.87708759593966,479.3577751254786,0.18236620509684587,0.12336262665795872
327,16.35,50.72025052192067,419.22457929993345,366.48704423189537,366.1591816515777,0.3278625803176851,206.5305295265082,206.5305295265082,206.5305295265082,210.05859882634186,206.0567690605682,85.32772625235421,0.5727570818621726,55248.69537123275,64096.5,-8847.804628767248,64542.0,0.0,0.5727570818621726,3.562107056912879,3.5620631348371035,3.562107056912879,3.5620631348371035,90.78403024261434,71.21154340101424,197.3673003965168,0.9465942082490334,448.87708759593966,479.3577751254786,0.18354700126331325,0.12544533320608897
328,16.4,50.81419624217119,419.2260126075044,365.97489563337405,365.6489771291821,0.325918504191975,207.06865171313729,207.06865171313729,207.06865171313729,210.5494947725748,206.59365684849388,85.20878976921205,0.5727573471446107,55315.291807034846,64223.0,-8907.708192965154,64669.0,0.0,0.5727573471446107,3.5571111482385973,3.5570674863424188,3.5571111482385973,3.5570674863424188,90.65692906164523,71.11180651841534,197.09198141873247,0.9465942433802728,448.87708759593966,479.3577751254786,0.18468795635474866,0.12544234314804614
329,16.45,50.90814196242171,418.3658771431726,365.4802774118801,365.1562332362321,0.32404417564799814,207.58835784974264,207.58835784974264,207.58835784974264,210.94419939833367,207.11217083098043,85.09392371537822,0.5727576034796795,55379.227843983,64383.5,-9004.272156017003,64830.0,0.0,0.5727576034796795,3.5522862837256213,3.5522428726769704,3.5522862837256213,3.5522428726769704,90.53417894325796,71.01548401615133,196.8260852960682,0.9465942773263288,448.87708759593966,479.3577751254786,0.18578985759934774,0.12723669281538308
330,16.5,51.00208768267223,417.31600753699604,365.00282262366557,364.68058473855314,0.322237885112429,208.09003315557476,208.09003315557476,208.09003315557476,211.20408300987813,207.61269534362384,84.98304294034412,0.5727578510421087,55440.59029742463,64458.0,-9017.409702575373,64904.0,0.0,0.5727578510421087,3.547628880076285,3.5475857107715,3.547628880076285,3.5475857107715,90.41568877213327,70.92250438755968,196.56941487312483,0.946594310110372,448.87708759593966,479.3577751254786,0.18685352246754505,0.12942685152492261
331,16.55,51.09603340292276,417.25828703495455,364.5421527962652,364.22165489866234,0.32049789760287695,208.574074982638,208.574074982638,208.574074982638,212.17055111374745,208.0956268269425,84.87605961251538,0.5727580900137926,55499.46500896082,64601.5,-9102.034991039181,65047.0,0.0,0.5727580900137926,3.543135241754797,3.543092305322375,3.543135241754797,3.543092305322375,90.30136457473843,70.83279388358937,196.32176679086024,0.9465943417565155,448.87708759593966,479.3577751254786,0.18787979411323663,0.12954726367850955
332,16.6,51.18997912317327,417.2598917267457,364.09787986909475,363.7790574092338,0.3188224598609395,209.04089077642908,209.04089077642908,209.04089077642908,212.57945445933888,208.56137179179373,84.77288366992713,0.5727583205827226,55555.93665654537,64709.5,-9153.563343454633,65155.0,0.0,0.5727583205827226,3.5388015799142707,3.538758867716979,3.5388015799142707,3.538758867716979,90.19111000089299,70.74627689068456,196.08293252988597,0.9465943722896799,448.87708759593966,479.3577751254786,0.18886953705055132,0.12954391609164562
333,16.65,51.2839248434238,417.26087963017017,363.6696080253803,363.3523982184127,0.3172098069675826,209.49089615074422,209.49089615074422,209.49089615074422,212.93881111774203,209.01034489859717,84.67342324574153,0.5727585429419803,55610.08858809711,64841.0,-9230.911411902889,65287.0,0.0,0.5727585429419803,3.534624030263103,3.534581533899882,3.534624030263103,3.534581533899882,90.0848267783499,70.66287628748762,195.85269939537977,0.9465944017354618,448.87708759593966,479.3577751254786,0.18982363307271222,0.12954185520210604
334,16.7,51.37787056367432,415.50321468205493,363.25693541372294,362.94127724526584,0.31565816845710515,209.92451307836103,209.92451307836103,209.92451307836103,213.1346005990997,209.4429671521668,84.57758506813502,0.5727587572887874,55662.00267714807,64886.5,-9224.49732285193,65333.0,0.0,0.5727587572887874,3.530598669853088,3.5305563811594993,3.530598669853088,3.5305563811594993,89.98241513997472,70.58251378003575,195.63085144269988,0.9465944301199991,448.87708759593966,479.3577751254786,0.1907429774167676,0.13320856311699303
335,16.75,51.47181628392484,416.35282433390165,362.85945575868664,362.5452899847479,0.3141657739387256,210.34216819825247,210.34216819825247,210.34216819825247,213.3842442699637,209.85966421280835,84.48527483442638,0.5727589638236105,55711.75919903641,65000.5,-9288.740800963591,65446.0,0.0,0.5727589638236105,3.52672153278462,3.5266794438331317,3.52672153278462,3.5266794438331317,89.88377422337086,70.50511021533845,195.41717034335957,0.9465944574698603,448.87708759593966,479.3577751254786,0.19162847517555293,0.13143617160498655
336,16.8,51.56576200417537,415.51020360495903,362.4767598607657,362.1640290025274,0.3127308582382966,210.7442912389637,210.7442912389637,210.7442912389637,214.3287243916725,210.26086482331243,84.39639755952734,0.5727591627493259,55759.43672615831,65125.0,-9365.56327384169,65570.0,0.0,0.5727591627493259,3.522988624831907,3.5229467279309574,3.522988624831907,3.5229467279309574,89.78880244304311,70.43058587340164,195.21143619155808,0.9465944838119323,448.87708759593966,479.3577751254786,0.19248103795609173,0.13319398335367894
337,16.85,51.659707724425886,415.4801928309537,362.10843698695953,361.7970853208843,0.31135166607521114,211.1313135568817,211.1313135568817,211.1313135568817,215.08283174957563,210.64699935057746,84.31085789900183,0.5727593542704424,55805.11204081779,65243.0,-9437.887959182211,65688.0,0.0,0.5727593542704424,3.5193959370003967,3.519354224693018,3.5193959370003967,3.519354224693018,89.69739783540571,70.35886073794023,195.01342825192017,0.9465945091733134,448.87708759593966,479.3577751254786,0.19330158078169857,0.1332565895646609
338,16.9,51.75365344467641,414.4848054683142,361.7540761539152,361.4440496976167,0.3100264562984876,211.50366678734844,211.50366678734844,211.50366678734844,215.3944853207875,211.0184984398169,84.22856044717852,0.5727595385923774,55848.86006424751,65293.0,-9444.139935752493,65739.0,0.0,0.5727595385923774,3.515939458035813,3.515897923098237,3.515939458035813,3.515897923098237,89.6094583771221,70.28985474616695,194.8229256494921,0.9465945335812255,448.87708759593966,479.3577751254786,0.19409101923341865,0.1353330915310239
339,16.95,51.84759916492693,414.4890731679891,361.4132673062294,361.1045138005371,0.3087535056922661,211.8617816058976,211.8617816058976,211.8617816058976,215.3988757361098,211.3757917786377,84.14941001092683,0.5727597159207957,55890.753800419436,65376.0,-9485.246199580564,65822.0,0.0,0.5727597159207957,3.5126151859106045,3.512573821349463,3.5126151859106045,3.512573821349463,89.52488227742175,70.22348801815622,194.63970800339135,0.9465945570629194,448.87708759593966,479.3577751254786,0.19485026682502793,0.1353241885781643
340,17.0,51.94154488517745,414.4887043193205,361.08560239304654,360.77807128066706,0.30753111237947905,212.20608659633584,212.20608659633584,212.20608659633584,215.39849438094097,211.71930696771793,84.07331185981539,0.5727598864609997,55930.86429332098,65463.0,-9532.135706679022,65909.0,0.0,0.5727598864609997,3.509419138317128,3.5093779373667076,3.509419138317128,3.5093779373667076,89.4435682451757,70.15968106640196,194.46355600578505,0.9465945796455951,448.87708759593966,479.3577751254786,0.19558023260460855,0.1353249580424094
341,17.05,52.035490605427974,414.36559335116493,360.7706763465194,360.4643187476778,0.3063575988416005,212.53700722192826,212.53700722192826,212.53700722192826,216.8541070858695,212.04946849435228,84.00017195348263,0.5727600504173691,55969.26059643098,65532.0,-9562.739403569023,65978.0,0.0,0.5727600504173691,3.506347362204373,3.5063063183231975,3.506347362204373,3.5063063183231975,89.3654157316123,70.09835498626182,194.2942519481177,0.9465946013563319,448.87708759593966,479.3577751254786,0.19628181897475228,0.1355817828495659
342,17.1,52.1294363256785,414.3659835944704,360.4680879660493,360.1628566514719,0.30523131457744057,212.85496489557698,212.85496489557698,212.85496489557698,216.8209925191059,212.3666968047637,83.92989714712846,0.572760207992857,56006.00975319688,65633.5,-9627.490246803121,66080.0,0.0,0.572760207992857,3.503395942394704,3.5033550492623817,3.503395942394704,3.5033550492623817,89.29032514965193,70.03943162805058,194.13158019668973,0.9465946222220181,448.87708759593966,479.3577751254786,0.19695591972266668,0.1355809687534446
343,17.15,52.22338204592902,413.46335932328043,360.17744071249444,359.87329007407465,0.3041506384197987,213.16037614459867,213.16037614459867,213.16037614459867,217.46897117405092,212.67140747079668,83.86239537609558,0.572760359388534,56041.176787381264,65728.5,-9687.323212618736,66175.0,0.0,0.572760359388534,3.5005610093232136,3.5005202608360833,3.5005610093232136,3.5005202608360833,89.21819807089739,69.98283375160281,193.97532761983496,0.9465946422692918,448.87708759593966,479.3577751254786,0.19760341825085292,0.13746395536183675
344,17.2,52.31732776617954,413.46607384137394,359.8983434167372,359.5952294362013,0.30311398053589755,213.45365186549586,213.45365186549586,213.45365186549586,217.47290245894297,212.96401044639802,83.79757582056263,0.572760504803178,56074.82470221791,65764.0,-9689.175297782087,66209.0,0.0,0.572760504803178,3.4978387459411806,3.4977981362079618,3.4978387459411806,3.4977981362079618,89.14893740137197,69.92848516415717,193.82528396905892,0.9465946615244849,448.87708759593966,479.3577751254786,0.19822518599857208,0.13745829253913033
345,17.25,52.41127348643006,412.53583729168133,359.63041090712665,359.3282911229957,0.3021197841309231,213.73519666397735,213.73519666397735,213.73519666397735,217.51036615006063,213.2449094091514,83.73534905139391,0.572760644432907,56107.014487386055,65850.0,-9742.985512613945,66295.0,0.0,0.572760644432907,3.4952253938279334,3.495184917166341,3.4952253938279334,3.495184917166341,89.08244753712664,69.87631084244555,193.68124221656018,0.9465946800135804,448.87708759593966,479.3577751254786,0.19882208104404098,0.13939888179826787
346,17.3,52.505219206680586,414.3037377471501,359.37326456039887,359.0720980335202,0.3011665268786601,214.00540827540183,214.00540827540183,214.00540827540183,217.48175338022332,213.51450118205022,83.67562715821677,0.5727607784708578,56137.80513288325,65936.5,-9798.694867116748,66382.0,0.0,0.5727607784708578,3.4927172585577253,3.4926769094886367,3.4927172585577253,3.4926769094886367,89.01863450085872,69.82623703988048,193.5429988516133,0.94659469776216,448.87708759593966,479.3577751254786,0.19939494687710235,0.13571082134069845
347,17.35,52.5991649269311,414.30382124888456,359.1265327806891,358.8262800585945,0.3002527220946263,214.26467706079248,214.26467706079248,214.26467706079248,217.48218057646244,213.7731752306683,83.6183238607932,0.5727609071068999,56167.253648943355,65993.5,-9826.246351056645,66439.0,0.0,0.5727609071068999,3.490310714364295,3.4902704876075745,3.490310714364295,3.4902704876075745,88.95740606068728,69.77819137974376,193.4103541382862,0.9465947147953766,448.87708759593966,479.3577751254786,0.19994461133208974,0.13571064714568415
348,17.4,52.693110647181626,414.30370358355856,358.8898514112411,358.5904744915655,0.2993769196756375,214.51338557358955,214.51338557358955,214.51338557358955,218.04505899279758,214.0213132309064,83.56335460476095,0.5727610305273927,56195.41509121585,66056.0,-9860.584908784149,66502.0,0.0,0.5727610305273927,3.488002208149325,3.4879620986189366,3.488002208149325,3.4879620986189366,88.89867183223139,69.73210293527012,193.28311233697136,0.9465947311379134,448.87708759593966,479.3577751254786,0.2004718856706299,0.13571089261020386
349,17.45,52.78705636743215,414.3036233568722,358.6628640833665,358.36432637653786,0.2985377068286539,214.75190819236568,214.75190819236568,214.75190819236568,218.34662250916702,214.25928870255,83.51063664279368,0.5727611489149693,56222.34259048551,66123.5,-9901.15740951449,66569.0,0.0,0.5727611489149693,3.485788262879158,3.485748265678126,3.485788262879158,3.485748265678126,88.84234336511575,69.68790229751585,193.16108189217763,0.9465947468139642,448.87708759593966,479.3577751254786,0.20097756380423726,0.13571105997305988
350,17.5,52.881002087682674,413.3363961711145,358.4452225070949,358.14748879850026,0.29773370859464876,214.9806108148241,214.9806108148241,214.9806108148241,218.57565257975028,214.48746670396943,83.46008910221843,0.5727612624483625,56248.087386271975,66168.0,-9919.912613728025,66613.0,0.0,0.5727612624483625,3.4836654804136273,3.483625590828865,3.4836654804136273,3.483625590828865,88.78833421501272,69.64552163187295,193.04407558896673,0.9465947618472007,448.87708759593966,479.3577751254786,0.20146242164680883,0.13772881630444422
351,17.55,52.97494780793319,412.5061256700925,358.2365867078777,357.9396231196746,0.2969635882030843,215.1998506085172,215.1998506085172,215.1998506085172,218.91722354103769,214.70620358341034,83.41163304009649,0.5727613713022474,56272.698863710364,66207.0,-9934.301136289636,66652.0,0.0,0.5727613713022474,3.4816305438078174,3.4815907573051277,3.4816305438078174,3.4815907573051277,88.73656000229803,69.60489472408506,192.93191068038163,0.9465947762607605,448.87708759593966,479.3577751254786,0.2019272165873005,0.13946086394006385
352,17.6,53.068893528183715,412.4733201778175,358.0366252135281,357.7403991662731,0.29622604725500423,215.4099758138693,215.4099758138693,215.4099758138693,219.02062199685167,214.91584678246818,83.36519148674469,0.57276147564713,56296.2245931657,66267.5,-9971.275406834298,66713.0,0.0,0.57276147564713,3.4796802191294027,3.4796405313486503,3.4796802191294027,3.4796405313486503,88.68693845836333,69.56595701657449,192.82440898811222,0.9465947900772272,448.87708759593966,479.3577751254786,0.20237268707326472,0.13952930028130484
353,17.65,53.16283924843424,412.47457219438616,357.8450151954688,357.5494953697015,0.2955198257673146,215.61132559524785,215.61132559524785,215.61132559524785,219.1944539745117,215.11673468750107,83.32068947863863,0.5727615756492439,56318.71037209009,66293.0,-9974.289627909908,66738.0,0.0,0.5727615756492439,3.4778113568310616,3.4777717635799377,3.4778113568310616,3.4777717635799377,88.63938946058951,69.52864563587389,192.7213969785944,0.9465948033186162,448.87708759593966,479.3577751254786,0.2027995522961824,0.13952668841886384
354,17.7,53.25678496868476,412.47535525118803,357.66144256815323,357.36659886607356,0.2948437020796746,215.8042299360036,215.8042299360036,215.8042299360036,219.29978488144968,215.30919652491085,83.27805408159824,0.572761671470478,56340.20026867606,66349.5,-10009.29973132394,66794.0,0.0,0.572761671470478,3.476020892713791,3.4759813899640903,3.476020892713791,3.4759813899640903,88.5938350569484,69.49289941191893,192.62270581660803,0.9465948160063705,448.87708759593966,479.3577751254786,0.2032085119699737,0.13952505486488287
355,17.75,53.35073068893528,412.3070908795802,357.4856020503737,357.1914055577276,0.29419649264610825,215.98900957358723,215.98900957358723,215.98900957358723,219.39568951900662,215.49355229640844,83.23721440511414,0.5727617632683295,56360.736666908306,66353.5,-9992.763333091694,66798.0,0.0,0.5727617632683295,3.4743058485200677,3.474266432401805,3.4743058485200677,3.474266432401805,88.55019948114676,69.45865888992171,192.52817139838336,0.9465948281613504,448.87708759593966,479.3577751254786,0.2036002461944164,0.139876075293338
356,17.8,53.4446764091858,412.30657688497104,357.3171971919771,357.02362014025505,0.29357705172202486,216.16597597104274,216.16597597104274,216.16597597104274,219.45382498251678,215.67011275057266,83.19810160863977,0.5727618511958706,56380.36031265703,66393.5,-10013.13968734297,66838.0,0.0,0.5727618511958706,3.4726633321895584,3.4726239989862506,3.4726633321895584,3.4726239989862506,88.50840915919177,69.42586633551002,192.43763436609947,0.9465948398038271,448.87708759593966,479.3577751254786,0.20397541539563047,0.13987714755008607
357,17.85,53.53862212943633,412.30574198912154,357.1559403693136,356.8629560983578,0.2929842709557988,216.33543132137598,216.33543132137598,216.33543132137598,219.57282180433197,215.83917938720862,83.16064890061222,0.5727619354017344,56399.110360493585,66474.5,-10075.389639506415,66920.0,0.0,0.5727619354017344,3.4710905378097756,3.4710512839528747,3.4710905378097756,3.4710512839528747,88.46839270819974,69.39446573378507,192.35094010556617,0.9465948509534846,448.87708759593966,479.3577751254786,0.2043346603362156,0.1398788892467745
358,17.9,53.63256784968685,412.3048109041987,357.0015527525702,356.709135673667,0.2924170789032132,216.49766858149687,216.49766858149687,216.49766858149687,219.55379922488498,216.00104449121233,83.12479153094117,0.5727620160301152,56417.02442094833,66528.0,-10110.975579051672,66974.0,0.0,0.5727620160301152,3.4695847452927673,3.4695455673575566,3.4695847452927673,3.4695455673575566,88.43008092823129,69.36440278290394,192.26793872878466,0.9465948616294211,448.87708759593966,479.3577751254786,0.20467860218802691,0.13988083160584575
359,17.95,53.72651356993737,411.4074856504658,356.85376424793367,356.56188980746526,0.2918744404684048,216.65297153263205,216.65297153263205,216.65297153263205,220.2800067347635,216.15599119284454,83.09046677764721,0.5727620932207871,56434.13860796017,66541.5,-10107.361392039827,66986.0,0.0,0.5727620932207871,3.4681433198077194,3.4681042145077754,3.4681433198077194,3.4681042145077754,88.39340678788444,69.3356248827663,192.18848504296744,0.9465948718501477,448.87708759593966,479.3577751254786,0.20500784266102157,0.1417527638040833
360,18.0,53.82045929018789,411.40846440869836,356.71231341734364,356.4209580610639,0.2913553562797233,216.80161486430353,216.80161486430353,216.80161486430353,220.38293974555376,216.30429355151685,83.05761392829174,0.5727621671091337,56450.48758629853,66549.5,-10099.012413701472,66994.0,0.0,0.5727621671091337,3.4667637109931775,3.4667246751756124,3.4667637109931775,3.4667246751756124,88.3583054043307,69.30808111934033,192.11243850750384,0.9465948816335935,448.87708759593966,479.3577751254786,0.2053229641820321,0.14175072199255256
361,18.05,53.914405010438415,411.4083508078363,356.57694737843184,356.2860885164105,0.29085886202136635,216.9438642791601,216.9438642791601,216.9438642791601,220.5187516054275,216.44621666038265,83.02617425679853,0.5727622378261868,56466.10461876841,66615.0,-10148.895381231589,67060.0,0.0,0.5727622378261868,3.465443451978146,3.4654044826194763,3.465443451978146,3.4654044826194763,88.32471401843468,69.28172224513077,192.03966318026878,0.9465948909971109,448.87708759593966,479.3577751254786,0.20562453011768012,0.1417509589780943
362,18.1,54.00835073068893,411.33963323231717,356.44742168702834,356.1570376593159,0.29038402771243454,217.07997661614021,217.07997661614021,217.07997661614021,220.71857104534956,216.58201676921743,82.99609099622475,0.5727623054986789,56481.02161302946,66652.5,-10171.478386970542,67098.0,0.0,0.5727623054986789,3.4641801582327503,3.4641412524337056,3.4641801582327503,3.4641412524337056,88.29257196555368,69.25650065625985,191.97002765454835,0.9465948999574834,448.87708759593966,479.3577751254786,0.20591308503612604,0.14189431239611527
363,18.15,54.102296450939455,411.33964040306375,356.3235002044735,356.0335702475209,0.2899299569525624,217.2101999896244,217.2101999896244,217.2101999896244,220.8874166861704,216.71194142325209,82.96730930799819,0.5727623702491019,56495.26916788721,66721.5,-10226.230832112793,67167.0,0.0,0.5727623702491019,3.4629715262703407,3.4629326812518,3.4629715262703407,3.4629326812518,88.2618206425685,69.23237036658878,191.90340498779406,0.9465949085309323,448.87708759593966,479.3577751254786,0.20618915500266977,0.14189429743704518
364,18.2,54.19624217118998,411.3391838324917,356.20495495179233,355.915459165653,0.289495786139355,217.3347739424146,217.3347739424146,217.3347739424146,221.01860295837605,216.83622961580116,82.93977624809935,0.572762432195772,56508.87661893292,66717.5,-10208.623381067082,67163.0,0.0,0.572762432195772,3.4618153322225247,3.461776545320845,3.4618153322225247,3.461776545320845,88.23240347165626,69.20928697928468,191.83967262330802,0.9465949167331269,448.87708759593966,479.3577751254786,0.20645324790461772,0.1418952499001025
365,18.25,54.2901878914405,411.339941579736,356.09156595262135,355.8024852689667,0.28908068365467443,217.45392961054452,217.45392961054452,217.45392961054452,221.12661908573727,216.95511195269532,82.91344073062902,0.5727624914529093,56521.87208342623,66756.5,-10234.627916573772,67202.0,0.0,0.5727624914529093,3.4607094303041777,3.460670698967192,3.4607094303041777,3.460670698967192,88.2042658612764,69.18720765619986,191.77871230587374,0.9465949245791916,448.87708759593966,479.3577751254786,0.20670585380120787,0.14189366914500967
366,18.3,54.38413361169102,411.3050186904006,355.98312106664565,355.6944372176041,0.2886838490415471,217.56788989808805,217.56788989808805,217.56788989808805,221.1121434535088,217.06881082668875,82.88825348916569,0.5727625481307114,56534.282504334435,66758.0,-10223.717495665565,67203.0,0.0,0.5727625481307114,3.4596517511867226,3.459613072969148,3.4596517511867226,3.459613072969148,88.17735516480249,69.16609108540638,191.7204099922809,0.9465949320837196,448.87708759593966,479.3577751254786,0.20694744529467557,0.1419665226401392
367,18.35,54.478079331941544,411.3029667113433,355.87941581512763,355.5911113029697,0.28830451215793573,217.6768696602854,217.6768696602854,217.6768696602854,221.1522923983869,217.17754060016514,82.86416703628629,0.5727626023354396,56546.133693453536,66756.0,-10209.866306546464,67201.0,0.0,0.5727626023354396,3.4586403002934425,3.4586016728530353,3.4586403002934425,3.4586016728530353,88.15162063719573,69.14589744719245,191.66465575759298,0.9465949392607838,448.87708759593966,479.3577751254786,0.20717847791893673,0.14197080332392864
368,18.4,54.57202505219207,411.3024400769574,355.7802532000017,355.4923112676727,0.28794193232903353,217.781075893452,217.781075893452,217.781075893452,221.21065972090966,217.28150779461097,82.84113562158771,0.5727626541695096,56557.450373552405,66789.5,-10232.049626447595,67235.0,0.0,0.5727626541695096,3.4576731560330884,3.4576345771271804,3.4576731560330884,3.4576345771271804,88.12701339008333,69.1265883788069,191.6113436979512,0.9465949461239457,448.87708759593966,479.3577751254786,0.20739939054260625,0.1419719019488247
369,18.45,54.66597077244259,411.3028714090682,355.6854435178567,355.397848120366,0.28759539749069063,217.88070793027262,217.88070793027262,217.88070793027262,221.24862493000944,217.38091128546168,82.81911518851874,0.5727627037315799,56568.25621949221,66816.5,-10248.243780507793,67262.0,0.0,0.5727627037315799,3.4567484679836618,3.456709935464403,3.4567484679836618,3.456709935464403,88.10348634557009,69.10812693821282,191.56037183062574,0.946594952686269,448.87708759593966,479.3577751254786,0.20761060578340362,0.14197100213633984
370,18.5,54.75991649269311,411.30387921548913,355.5948041700133,355.30753994668066,0.28726422333261326,217.97595763921174,217.97595763921174,217.97595763921174,221.26234696703452,217.47594250105462,82.79806333030146,0.5727627511166473,56578.573898283066,66832.5,-10253.926101716934,67278.0,0.0,0.5727627511166473,3.4558644550376556,3.455825966848863,3.4558644550376556,3.455825966848863,88.0809941890833,69.09047756708054,191.5116419919629,0.946594958960334,448.87708759593966,479.3577751254786,0.20781253043125958,0.1419688997266716
371,18.55,54.85386221294363,411.30389978189623,355.50815946978764,355.2212117173457,0.2869477524419608,218.0670096268933,218.0670096268933,218.0670096268933,221.3942283363741,217.56678562454445,82.7779392451981,0.5727627964161415,56588.42510805061,66866.5,-10278.074891949393,67312.0,0.0,0.5727627964161415,3.4550194035208683,3.4549809576947723,3.4550194035208683,3.4549809576947723,88.05949332152196,69.0736060532351,191.46505973381494,0.9465949649582475,448.87708759593966,479.3577751254786,0.2080055558776901,0.14196885682258586
372,18.6,54.947807933194156,411.40525731375214,355.42534044792916,355.1386950944742,0.2866453534549578,218.15404144241364,218.15404144241364,218.15404144241364,221.41342565146874,217.6536177977477,82.75870369135038,0.5727628397180236,56597.83061589327,66884.5,-10286.669384106732,67330.0,0.0,0.5727628397180236,3.4542116652930517,3.454173259945776,3.4542116652930517,3.454173259945776,88.03894181095339,69.05747949275127,191.42053421898567,0.9465949706916571,448.87708759593966,479.3577751254786,0.2081900585492389,0.14175741239190065
373,18.65,55.04175365344467,411.40628526589205,355.3461846571097,355.0598282368975,0.28635642021220065,218.2372237826603,218.2372237826603,218.2372237826603,221.42102238091172,217.73660932599012,82.7403189413975,0.5727628811068843,56606.81029461727,66912.5,-10305.689705382727,67358.0,0.0,0.5727628811068843,3.4534396558393823,3.453401289168596,3.4534396558393823,3.453401289168596,88.01929934407704,69.04206625186237,191.3779781161623,0.9465949761717646,448.87708759593966,479.3577751254786,0.20836640034303233,0.14175526795575455
374,18.7,55.135699373695196,410.4071016426296,355.2705359762562,354.9844556053331,0.28608037092311633,218.3167206978039,218.3167206978039,218.3167206978039,221.48042814159848,217.81592388312765,82.72274873705373,0.5727629206640422,56615.38315834309,66920.5,-10305.116841656913,67366.0,0.0,0.5727629206640422,3.4527018523607254,3.4526635226416147,3.4527018523607254,3.4526635226416147,88.00052717765155,69.02733592884425,191.33730749475808,0.9465949814093381,448.87708759593966,479.3577751254786,0.2085349290626839,0.14383968939441993
375,18.75,55.22964509394572,410.40711088491,355.19824441543847,354.91242776809156,0.2858166473469055,218.39268979622398,218.39268979622398,218.39268979622398,221.48044691371814,217.89171871600183,82.7059582438153,0.572762958467641,56623.567396985294,66935.5,-10311.932603014706,67381.0,0.0,0.572762958467641,3.4519967918692487,3.451958497452324,3.4519967918692487,3.451958497452324,87.98258809005902,69.01325931600354,191.2984417200543,0.9465949864147247,448.87708759593966,479.3577751254786,0.20869597885296154,0.14383967011387222
376,18.8,55.323590814196244,410.40671816169004,355.1291659219201,354.84360120794065,0.28556471397945415,218.46528244821155,218.46528244821155,218.46528244821155,221.47965094498278,217.9641448476754,82.68991400593396,0.5727629945927516,56631.38040960682,66941.5,-10310.11959039318,67387.0,0.0,0.5727629945927516,3.4513230692958956,3.451284808602736,3.4513230692958956,3.451284808602736,87.9654463331618,68.99980836190042,191.26130334895925,0.9465949911978664,448.87708759593966,479.3577751254786,0.20884987063186322,0.143840489383404
377,18.85,55.41753653444676,409.57511799446996,355.0631621879381,354.7778381306788,0.2853240572592881,218.53464398787105,218.53464398787105,218.53464398787105,222.10986549027768,218.0333472788708,82.67458390179118,0.5727630291114656,56638.838836659634,66966.0,-10327.161163340366,67411.0,0.0,0.5727630291114656,3.450679335614236,3.450641107135425,3.450679335614236,3.450641107135425,87.94906758458767,68.98695613390134,191.22581802669941,0.946594995768307,448.87708759593966,479.3577751254786,0.2089969125188429,0.14557531086825926
378,18.9,55.511482254697285,409.5755126659302,355.000100460686,354.7150062758974,0.2850941847885906,218.6009139127129,218.6009139127129,218.6009139127129,222.17705757257588,218.099465187105,82.65993709978264,0.5727630620929962,56645.95859112223,66982.0,-10336.041408877769,67427.0,0.0,0.5727630620929962,3.450064295986362,3.450026098278272,3.450064295986362,3.450026098278272,87.93341890056372,68.97467678116942,191.1919143846882,0.9465950001352128,448.87708759593966,479.3577751254786,0.20913740025812544,0.14557448753445568
379,18.95,55.60542797494781,409.57478733124964,354.93985335491914,354.6549787303502,0.28487462456894264,218.66422608049592,218.66422608049592,218.66422608049592,222.27755114024774,218.16263212308053,82.64594401481096,0.5727630936037682,56652.7548885498,66983.0,-10330.245111450196,67428.0,0.0,0.5727630936037682,3.4494767079339255,3.4494385396164944,3.4494767079339255,3.4494385396164944,87.91846866940189,68.96294549816054,191.1595239398063,0.9465950043073795,448.87708759593966,479.3577751254786,0.20927161763618218,0.1455760006729051
380,19.0,55.69937369519833,409.57543381565904,354.8822986685463,354.59763374429264,0.2846649242536614,218.72470890293764,218.72470890293764,218.72470890293764,222.3450317702589,218.2229762039512,82.6325762654676,0.5727631237075207,56659.24227605472,67020.5,-10361.25772394528,67466.0,0.0,0.5727631237075207,3.4489153795393257,3.4488772392924147,3.4489153795393257,3.4488772392924147,87.90418656572727,68.95173848870655,191.12858099528074,0.9465950082932456,448.87708759593966,479.3577751254786,0.2093998368925516,0.14557465202593833
381,19.05,55.79331941544885,409.57561956803727,354.82731920152645,354.5428545511014,0.2844646504250363,218.78248553596544,218.78248553596544,218.78248553596544,222.37876556420804,218.28062030313689,82.6198066319858,0.5727631524653904,56665.43466023924,67017.5,-10352.06533976076,67463.0,0.0,0.5727631524653904,3.4483791676781017,3.4483410542399042,3.4483791676781017,3.4483410542399042,87.89054350552539,68.94103293073891,191.09902254334415,0.9465950121009084,448.87708759593966,479.3577751254786,0.20952231912329833,0.14557426452335087
382,19.1,55.88726513569937,409.57604992640574,354.7748025783142,354.4905291904349,0.28427338787929557,218.83767406623159,218.83767406623159,218.83767406623159,222.446396879061,218.33568223641095,82.60760901501268,0.5727631799360108,56671.3453340986,67024.5,-10353.154665901398,67470.0,0.0,0.5727631799360108,3.447866976286271,3.447828888450772,3.447866976286271,3.447828888450772,87.87751160207455,68.93080694170737,191.07078816979526,0.9465950157381307,448.87708759593966,479.3577751254786,0.2096393146765655,0.14557336674221366
383,19.15,55.9812108559499,409.57527974342753,354.724641074097,354.44055033515735,0.2840907389396534,218.89038769366067,218.89038769366067,218.89038769366067,222.44568005422317,218.38827494402858,82.59595839526375,0.572763206175596,56676.987002922426,67030.5,-10353.512997077574,67476.0,0.0,0.572763206175596,3.447377754665901,3.4473396912799785,3.447377754665901,3.4473396912799785,87.86506412281616,68.92103954473544,191.04381996059954,0.9465950192123543,448.87708759593966,479.3577751254786,0.20975106353968043,0.14557497343979564
384,19.2,56.07515657620041,409.57657574433455,354.67673144498747,354.3928151222027,0.2839163227847621,218.94073490983928,218.94073490983928,218.94073490983928,222.44688678653722,218.43850666870745,82.58483079409334,0.5727632312380306,56682.37180921525,67053.5,-10371.128190784751,67499.0,0.0,0.5727632312380306,3.4469104958271473,3.446872455788707,3.4469104958271473,3.446872455788707,87.8531754472094,68.91171063554964,191.01806241061257,0.9465950225307178,448.87708759593966,479.3577751254786,0.209857795717449,0.14557226982054872
385,19.25,56.16910229645094,409.5794247845406,354.63097476232446,354.3472249875294,0.28374977479506924,218.98881967209394,218.98881967209394,218.98881967209394,222.55151750224945,218.48648112930633,82.57420323501827,0.5727632551749562,56687.51135666369,67083.0,-10395.488643336314,67528.0,0.0,0.5727632551749562,3.446464234872721,3.4464262171287032,3.446464234872721,3.4464262171287032,87.84182102560621,68.90280095020404,190.9934623345128,0.9465950257000555,448.87708759593966,479.3577751254786,0.20995973160129666,0.14556632636796707
386,19.3,56.26304801670146,409.5826822237574,354.58727625119616,354.30368550527214,0.2835907459240161,219.034741573139,219.034741573139,219.034741573139,222.6584954332974,218.53229769008385,82.56405370622355,0.5727632780358497,56692.41673317578,67087.5,-10395.083266824222,67532.0,0.0,0.5727632780358497,3.4460380474215846,3.446000050965438,3.4460380474215846,3.446000050965438,87.83097733917336,68.89429203363522,190.96996878000056,0.9465950287269215,448.87708759593966,479.3577751254786,0.21005708232900322,0.1455595309442026
387,19.35,56.356993736951985,409.5831627588182,354.5455451332621,354.2621062311824,0.28343890207975164,219.0785960062041,219.0785960062041,219.0785960062041,222.7279638303508,218.57605152544707,82.55436112406258,0.5727632998681115,56697.098533018056,67091.5,-10394.401466981944,67536.0,0.0,0.5727632998681115,3.445631048076052,3.44559307194595,3.445631048076052,3.44559307194595,87.82062186088335,68.8861662090473,190.94753294330945,0.9465950316175901,448.87708759593966,479.3577751254786,0.210150050134862,0.14555852848823803
388,19.4,56.4509394572025,409.5833056629052,354.505694473949,354.22240055041186,0.2832939235371441,219.1204743255789,219.1204743255789,219.1204743255789,222.86572272956923,218.61783378012797,82.54510529757525,0.5727633207171373,56701.56687807968,67107.5,-10405.933121920323,67552.0,0.0,0.5727633207171373,3.445242388930801,3.445204432207902,3.445242388930801,3.445204432207902,87.81073301758991,68.87840654815443,190.92610808706596,0.9465950343780736,448.87708759593966,479.3577751254786,0.21023882869009303,0.1455582303725207
389,19.45,56.544885177453025,409.58361781446223,354.46764103403723,354.1844855296781,0.2831555043591152,219.1604640025376,219.1604640025376,219.1604640025376,222.8663945354682,218.65773172475036,82.53626689402373,0.5727633406264008,56705.83143828759,67109.5,-10403.66856171241,67554.0,0.0,0.5727633406264008,3.4448712581252394,3.444833319931206,3.4448712581252394,3.444833319931206,87.80129015319423,68.87099684227582,190.90564946051074,0.9465950370141271,448.87708759593966,479.3577751254786,0.21032360343347678,0.14555757918550927
390,19.5,56.63883089770355,409.5848558567186,354.4313051256701,354.1482817738256,0.28302335184451977,219.19864877662587,219.19864877662587,219.19864877662587,223.03965609459578,218.69582890676978,82.52782740545513,0.5727633596375257,56709.90145120198,67134.5,-10424.598548798022,67579.0,0.0,0.5727633596375257,3.4445168784383924,3.444478957934507,3.4445168784383924,3.444478957934507,87.79227349290944,68.86392157429361,190.88611422209416,0.9465950395312618,448.87708759593966,479.3577751254786,0.21040455189213325,0.14555499647522352
391,19.55,56.73277661795407,409.5832550816551,354.39661047277144,354.11371328678285,0.28289718598858826,219.2351088023125,219.2351088023125,219.2351088023125,223.0400906478592,218.73220529678863,82.51976911628745,0.5727633777903549,56713.78574081727,67147.5,-10433.714259182729,67592.0,0.0,0.5727633777903549,3.444178505927674,3.444140602312757,3.444178505927674,3.444140602312757,87.78366410861821,68.85716589146983,190.867461364443,0.9465950419347551,448.87708759593966,479.3577751254786,0.21048184399248193,0.14555833589130585
392,19.6,56.82672233820459,409.58161684733636,354.3634840758619,354.08070733689493,0.2827767389669589,219.26992079102558,219.26992079102558,219.26992079102558,223.04052640359242,218.7669374302666,82.51207507191779,0.5727633951230265,56717.492735596905,67155.0,-10437.507264403095,67600.0,0.0,0.5727633951230265,3.4438554286099468,3.4438175411182783,3.4438554286099468,3.4438175411182783,87.77544388532421,68.8507155791188,190.84965164169066,0.9465950442296541,448.87708759593966,479.3577751254786,0.21055564236140056,0.14556175345205857
393,19.65,56.920668058455114,409.58161684733636,354.33185608123495,354.04919432659983,0.28266175463511445,219.3031581486067,219.3031581486067,219.3031581486067,223.04052640359242,218.8000985446596,82.5047290483405,0.5727634116720369,56721.03048576656,67155.0,-10433.969514233439,67600.0,0.0,0.5727634116720369,3.443546965185064,3.4435090930854244,3.443546965185064,3.4435090930854244,87.76759548868343,68.84455703513095,190.83264749915008,0.9465950464207944,448.87708759593966,479.3577751254786,0.21062610261767334,0.14556175345205857
394,19.7,57.01461377870564,409.58193481856836,354.30165965445104,354.0191076664063,0.2825519880447587,219.33489110822995,219.33489110822995,219.33489110822995,223.10892179574884,218.83175871203383,82.49771552276957,0.5727634274723108,56724.406679892825,67170.0,-10445.593320107175,67615.0,0.0,0.5727634274723108,3.4432524638023523,3.4432146063963955,3.4432524638023523,3.4432146063963955,87.76010233360952,68.83867724533422,190.81641300530856,0.9465950485127976,448.87708759593966,479.3577751254786,0.21069337365381735,0.14556109012448049
395,19.75,57.10855949895616,409.5817191245169,354.2728308580958,353.99038365311424,0.2824472049815654,219.36518685884405,219.36518685884405,219.36518685884405,223.10893555713602,218.86198496721323,82.4910196452513,0.5727634425572581,56727.62866077275,67169.0,-10441.371339227248,67614.0,0.0,0.5727634425572581,3.4429713008676366,3.4429334574880954,3.4429713008676366,3.4429334574880954,87.7529485539363,68.83306375969119,190.80091378611257,0.9465950505100882,448.87708759593966,479.3577751254786,0.21075759790841153,0.14556154008912625
396,19.8,57.20250521920668,409.58247841023706,354.2453085337328,353.96296135221723,0.28234718151554716,219.3941096692052,219.3941096692052,219.3941096692052,223.1088865971796,218.8908414315279,82.48462721124835,0.5727634569588417,56730.70344065869,67174.0,-10443.29655934131,67619.0,0.0,0.5727634569588417,3.4427028798919395,3.442665049901848,3.4427028798919395,3.442665049901848,87.7461189731217,68.82770466930867,190.78611696150864,0.9465950524168999,448.87708759593966,479.3577751254786,0.2108189116290793,0.14555995612458128
397,19.85,57.2964509394572,409.5841296473105,354.2190341879828,353.93678248441256,0.282251703570239,219.42172100757688,219.42172100757688,219.42172100757688,223.10877509000383,218.9183894322392,82.47852463518558,0.5727634707076349,56733.63771584362,67180.5,-10446.862284156377,67625.0,0.0,0.5727634707076349,3.442446630380328,3.4424088131710278,3.442446630380328,3.4424088131710278,87.73959907597616,68.82258858425234,190.77199108420294,0.9465950542372776,448.87708759593966,479.3577751254786,0.21087744512627937,0.1455565114384635
398,19.9,57.390396659707726,409.58342284205264,354.193951882651,353.91179131614194,0.28216056650904875,219.44807965717877,219.44807965717877,219.44807965717877,223.10882367019352,218.94468761772404,82.47269892493199,0.5727634838328738,56736.43788063055,67198.5,-10462.062119369453,67643.0,0.0,0.5727634838328738,3.4422020067598105,3.4421642017504723,3.4422020067598105,3.4421642017504723,87.73337498139512,68.81770461215172,190.75850608059386,0.9465950559750954,448.87708759593966,479.3577751254786,0.21093332301807854,0.14555798592223013
399,19.95,57.48434237995824,409.58347708054964,354.17000812881116,353.8879345540769,0.28207357473428374,219.47324182747477,219.47324182747477,219.47324182747477,223.17760907074364,218.9697920685073,82.46713765720472,0.5727634963625203,56739.1100407091,67212.5,-10473.3899592909,67657.0,0.0,0.5727634963625203,3.441968487346827,3.4419306939823855,3.441968487346827,3.4419306939823855,87.72743341607472,68.81304233757368,190.74563319383356,0.9465950576340548,448.87708759593966,479.3577751254786,0.21098666446610848,0.14555787277397259
400,20.0,57.578288100208766,409.5841501011124,354.14715178476564,353.8651612434618,0.2819905413038555,219.49726126139242,219.49726126139242,219.49726126139242,223.1776985694958,218.9937564042357,82.46182895387051,0.5727635083233102,56741.660025962534,67214.5,-10472.839974037466,67659.0,0.0,0.5727635083233102,3.4417455733510742,3.441707791101692,3.4417455733510742,3.441707791101692,87.72176168918857,68.8085918021502,190.7333449289741,0.946595059217694,448.87708759593966,479.3577751254786,0.21103758340288903,0.14555646876928607
401,20.05,57.67223382045929,409.5830163678719,354.12533395778536,353.8434226702211,0.2819112875642418,219.52018933857235,219.52018933857235,219.52018933857235,223.17754735718773,219.01663188669005,82.45676145912626,0.5727635197408036,56744.09340272707,67227.5,-10483.40659727293,67672.0,0.0,0.5727635197408036,3.4415327879176907,3.4414950162772584,3.4415327879176907,3.4414950162772584,87.7163476680027,68.80434348544628,190.7216150001414,0.9465950607293989,448.87708759593966,479.3577751254786,0.2110861887507296,0.14555883387797808
402,20.1,57.766179540709814,409.5837552065452,354.1045079095306,353.8226722667364,0.28183564279419215,219.54207517474725,219.54207517474725,219.54207517474725,223.17764615055583,219.03846751893641,82.45192431753429,0.5727635306394362,56746.415485524776,67224.5,-10478.084514475224,67669.0,0.0,0.5727635306394362,3.4413296752043046,3.4412919136900655,3.4413296752043046,3.4412919136900655,87.7111797544044,68.8002882865394,190.71041827969242,0.9465950621724061,448.87708759593966,479.3577751254786,0.21113258463243145,0.14555729256851846
403,20.15,57.86012526096033,409.58377245411054,354.0846289650581,353.8028655211944,0.28176344386366736,219.56296571735353,219.56296571735353,219.56296571735353,223.17764844563186,219.05931014071848,82.44730715288958,0.5727635410425684,56748.631348290655,67226.5,-10477.868651709345,67671.0,0.0,0.5727635410425684,3.441135799493921,3.441098047644516,3.441135799493921,3.441098047644516,87.7062468623216,68.79641750630174,190.6997307492963,0.9465950635498065,448.87708759593966,479.3577751254786,0.21117687057399948,0.14555725658794982
404,20.2,57.954070981210855,409.5847054814428,354.06565442531695,353.7839598904091,0.28169453490784235,219.58290583748018,219.58290583748018,219.58290583748018,223.1777718355243,219.07920452019545,82.44290004789715,0.5727635509725257,56750.745835115,67221.5,-10470.754164885002,67666.0,0.0,0.5727635509725257,3.4409507443410767,3.4409130017159555,3.4409507443410767,3.4409130017159555,87.70153839600704,68.79272283036016,190.6895294528927,0.9465950648645577,448.87708759593966,479.3577751254786,0.21121914169958256,0.1455553101767708
405,20.25,58.04801670146138,409.58522448448764,354.04754348302987,353.7659147160157,0.28162876701418327,219.60193841826015,219.60193841826015,219.60193841826015,223.4889811529261,219.09819344213057,82.43869352463764,0.5727635604506481,56752.76357052007,67231.5,-10478.736429479934,67676.0,0.0,0.5727635604506481,3.4407741117510966,3.440736377929909,3.4407741117510966,3.440736377929909,87.69704422916342,68.78919631271395,190.67979245147149,0.9465950661194831,448.87708759593966,479.3577751254786,0.21125948891887159,0.14555422747180236
406,20.3,58.1419624217119,409.58652492445765,354.03025714185753,353.748691143938,0.28156599791952885,219.6201044398094,219.6201044398094,219.6201044398094,223.49034068412664,219.1163177926356,82.43467852579136,0.5727635694973278,56754.68896928886,67237.5,-10482.811030711142,67682.0,0.0,0.5727635694973278,3.440605521392442,3.44056779597355,3.440605521392442,3.44056779597355,87.6927546848826,68.78583035999628,190.67049877961267,0.9465950673172849,448.87708759593966,479.3577751254786,0.21129799910718383,0.14555151459211724
407,20.35,58.23590814196242,409.5869054757376,354.01375813875063,353.73225204702806,0.28150609172257646,219.637443060821,219.637443060821,219.637443060821,223.49073920956113,219.13361664057737,82.4308463966064,0.5727635781320526,56756.526245866524,67240.5,-10483.973754133476,67685.0,0.0,0.5727635781320526,3.4404446098383694,3.440406892438716,3.4404446098383694,3.440406892438716,87.68866051637751,68.78261771635107,190.66162840374497,0.9465950684605424,448.87708759593966,479.3577751254786,0.21133475527844503,0.14555072071476782
408,20.4,58.32985386221294,409.58688712353944,353.9980108693836,353.71656195077736,0.28144891860625876,219.6539916969183,219.6539916969183,219.6539916969183,223.49071998341566,219.1501273157516,82.4271888675809,0.5727635863734414,56758.27942334984,67242.5,-10484.220576650157,67687.0,0.0,0.5727635863734414,3.4402910298403775,3.4402533200941434,3.4402910298403775,3.4402533200941434,87.68475288847654,68.77955144891445,190.6531621820581,0.9465950695517216,448.87708759593966,479.3577751254786,0.21136983675130727,0.14555075899973802
409,20.45,58.42379958246347,409.58689200685217,353.98298131657214,353.7015869620011,0.28139435457103446,219.66978609587298,219.66978609587298,219.66978609587298,223.49072509920518,219.16588548392807,82.42369803783791,0.5727635942392888,56759.95234208285,67248.5,-10488.547657917152,67693.0,0.0,0.5727635942392888,3.4401444496295,3.4401067471874285,3.4401444496295,3.4401067471874285,87.68102335986079,68.77662493387453,190.6450818260199,0.9465950705931768,448.87708759593966,479.3577751254786,0.21140331930861933,0.1455507488125397
410,20.5,58.51774530271398,409.58775629349464,353.9686369815801,353.6872947003974,0.28134228118273086,219.68486040979113,219.68486040979113,219.68486040979113,223.49163134234615,219.18092521887135,82.4203663591702,0.5727636017465907,56761.54866787519,67260.5,-10498.951332124809,67705.0,0.0,0.5727636017465907,3.440004552246819,3.4399668567753565,3.440004552246819,3.4399668567753565,87.67746386601647,68.77383184309645,190.63736986344503,0.9465950715871609,448.87708759593966,479.3577751254786,0.2114352753504588,0.14554894580299793
411,20.55,58.61169102296451,409.5874809882828,353.954946818209,353.67365423288334,0.2812925853256729,219.69924726437046,219.69924726437046,219.69924726437046,223.49134249704494,219.19527907143913,82.41718662073532,0.5727636089115858,56763.071899858245,67269.5,-10506.428100141755,67714.0,0.0,0.5727636089115858,3.4398710349000297,3.439833346081002,3.4398710349000297,3.439833346081002,87.67406670287934,68.77116613128504,190.63000960306357,0.9465950725358223,448.87708759593966,479.3577751254786,0.21146577404096767,0.14554952012394595
412,20.6,58.70563674321503,409.58787597240934,353.94188116958213,353.6606360106118,0.28124515897030733,219.7129778253288,219.7129778253288,219.7129778253288,223.4917569586999,219.20897813585808,82.414151934371,0.5727636157497885,56764.52537799458,67271.5,-10506.974622005422,67716.0,0.0,0.5727636157497885,3.4397436083471398,3.439705925876808,3.4397436083471398,3.439705925876808,87.67082451114665,68.76862202367698,190.62298510053455,0.9465950734412143,448.87708759593966,479.3577751254786,0.21149488144918238,0.14554869613788157
413,20.65,58.799582463465555,409.58772922084006,353.92941170752715,353.6482118085779,0.28119989894923947,219.72608186210365,219.72608186210365,219.72608186210365,223.49160293090193,219.2220521132776,82.41125572051868,0.5727636222760158,56765.912290255816,67276.5,-10510.587709744184,67721.0,0.0,0.5727636222760158,3.4396219963053802,3.4395843198935836,3.4396219963053802,3.4395843198935836,87.66773026123484,68.76619400423738,190.61628112585598,0.9465950743053003,448.87708759593966,479.3577751254786,0.21152266068407666,0.14554900227992607
414,20.7,58.89352818371607,409.58852837396535,353.9175113744611,353.63635466771825,0.28115670674287685,219.73858780891982,219.73858780891982,219.73858780891982,223.492442276768,219.23452937269727,82.40849169472466,0.5727636285044214,56767.23567948221,67285.5,-10518.264320517788,67730.0,0.0,0.5727636285044214,3.4395059348839148,3.4394682642540033,3.4395059348839148,3.4394682642540033,87.66477723885774,68.76387680434118,190.6098831321243,0.9465950751299548,448.87708759593966,479.3577751254786,0.2115491720240289,0.14554733514701035
415,20.75,58.987473903966595,409.5869163023292,353.90615432768965,353.6250388394178,0.28111548827183697,219.7505228233202,219.7505228233202,219.7505228233202,223.490750552064,219.24643700936326,82.40585385470459,0.572763634448525,56768.49844993779,67290.5,-10522.00155006221,67735.0,0.0,0.572763634448525,3.439395172041163,3.4393575069289,3.439395172041163,3.4393575069289,87.66195903120473,68.76166539192832,190.60377722558655,0.9465950759169663,448.87708759593966,479.3577751254786,0.21157447304091148,0.14555069812914978
416,20.8,59.08141962421712,409.58834307202017,353.89531588603404,353.6142397323317,0.2810761537023154,219.7619128422533,219.7619128422533,219.7619128422533,223.49224753078724,219.2578009007273,82.40333646794718,0.5727636401212384,56769.703373574564,67285.5,-10515.796626425436,67730.0,0.0,0.5727636401212384,3.439289467063606,3.4392518072168627,3.439289467063606,3.4392518072168627,87.65926951369505,68.75955496111027,190.59795013694827,0.9465950766680453,448.87708759593966,479.3577751254786,0.21159861871899377,0.14554772170993846
417,20.85,59.17536534446764,409.58916007012715,353.88497247869617,353.6039338614381,0.2810386172580479,219.77278263580783,219.77278263580783,219.77278263580783,223.49310673581493,219.26864576005792,82.40093405983771,0.5727636455348923,56770.85309601769,67287.5,-10516.646903982313,67732.0,0.0,0.5727636455348923,3.439188590067637,3.439150935245607,3.439188590067637,3.439150935245607,87.656702837289,68.75754092221251,190.59238919388142,0.9465950773848238,448.87708759593966,479.3577751254786,0.2116216615688601,0.14554601735016925
418,20.9,59.26931106471816,409.58916007012715,353.875101596276,353.5940987992391,0.2810027970369333,219.78315585868293,219.78315585868293,219.78315585868293,223.49310673581493,219.27899518779287,82.39864140228144,0.5727636507012639,56771.950142283386,67287.5,-10515.549857716614,67732.0,0.0,0.5727636507012639,3.439092321521297,3.4390546714942616,3.439092321521297,3.4390546714942616,87.65425341633244,68.75561889223667,190.58708229469136,0.9465950780688616,448.87708759593966,479.3577751254786,0.21164365173653166,0.14554601735016925
419,20.95,59.363256784968684,409.5887669265659,353.8656817438671,353.5847131290246,0.28096861484254987,219.79305509948068,219.79305509948068,219.79305509948068,223.49269309846366,219.2888717207181,82.39645350281015,0.5727636556315978,56772.99692224242,67290.5,-10517.503077757581,67735.0,0.0,0.5727636556315978,3.43900045178723,3.4389628063360647,3.43900045178723,3.4389628063360647,87.6519159169176,68.75378468572723,190.582017883099,0.9465950787216482,448.87708759593966,479.3577751254786,0.21166463710796002,0.14554683749658537
420,21.0,59.45720250521921,409.5884355280027,353.85669239613975,353.5757564001233,0.280935996016467,219.80250192790402,219.80250192790402,219.80250192790402,223.49234468943084,219.29829687905786,82.39436559415077,0.5727636603366338,56773.995735838704,67286.5,-10512.504264161296,67731.0,0.0,0.5727636603366338,3.43891278068428,3.4388751395994746,3.43891278068428,3.4388751395994746,87.6496852457363,68.75203430602437,190.57718492409532,0.946595079344604,448.87708759593966,479.3577751254786,0.21168466340909176,0.1455475288352479
421,21.05,59.55114822546973,409.5884355280027,353.8481139543421,353.56720908506213,0.28090486927999336,219.8115169399416,219.8115169399416,219.8115169399416,223.49234468943084,219.30729121155568,82.39237312423651,0.5727636648266264,56774.948778074206,67286.5,-10511.551221925794,67731.0,0.0,0.5727636648266264,3.4388291170680994,3.43879148015003,3.4388291170680994,3.43879148015003,87.64755653941042,68.75036393689203,190.57257288082155,0.9465950799390871,448.87708759593966,479.3577751254786,0.21170377430166054,0.1455475288352479
422,21.1,59.64509394572025,409.5884694188826,353.83992770514567,353.5590525385591,0.2808751665865543,219.82011980111892,219.82011980111892,219.82011980111892,223.49238030882628,219.3158743386262,82.39047174665066,0.5727636691113649,56775.85814377142,67288.5,-10512.641856228583,67733.0,0.0,0.5727636691113649,3.4387492784301337,3.4387116454881834,3.4387492784301337,3.4387116454881834,87.6455251542777,68.74876993450357,190.56817169244607,0.9465950805063956,448.87708759593966,479.3577751254786,0.21172201147487046,0.14554745813465297
423,21.15,59.73903966597077,409.5884694188826,353.83211578124906,353.55126895827783,0.28084682297122754,219.82832928789125,219.82832928789125,219.82832928789125,223.49238030882628,219.32406499365348,82.38865731147541,0.5727636732002002,56776.72583212045,67288.5,-10511.77416787955,67733.0,0.0,0.5727636732002002,3.43867309051301,3.4386354613652657,3.43867309051301,3.4386354613652657,87.64358665661808,68.7472488197705,190.56397175298218,0.9465950810477654,448.87708759593966,479.3577751254786,0.21173941473316205,0.14554745813465297
424,21.2,59.832985386221296,409.62334365181266,353.82466112369036,353.54384134727195,0.2808197764184115,219.83616332725333,219.83616332725333,219.83616332725333,223.49235297340903,219.3318810625095,82.386925856539,0.5727636771020578,56777.553751023755,67302.5,-10524.946248976245,67747.0,0.0,0.5727636771020578,3.4386003869430795,3.438562761415767,3.4386003869430795,3.438562761415767,87.64173681329873,68.745797271004,190.5599638910288,0.9465950815643787,448.87708759593966,479.3577751254786,0.2117560220801724,0.14547470614284286
425,21.25,59.92693110647181,409.62334365181266,353.8175474457812,353.53675347805506,0.2807939677261402,219.8436390346369,219.8436390346369,219.8436390346369,223.49235297340903,219.33933962136484,82.3852735990391,0.5727636808254594,56778.34372124427,67302.5,-10524.156278755727,67747.0,0.0,0.5727636808254594,3.4385310088785417,3.438493386806101,3.4385310088785417,3.438493386806101,87.63997158282585,68.74441211689134,190.55613935037937,0.9465950820573632,448.87708759593966,479.3577751254786,0.21177186979908202,0.14547470614284286
426,21.3,60.020876826722336,409.62363668703466,353.81075919860797,353.52998985822603,0.2807693403819371,219.85077275016528,219.85077275016528,219.85077275016528,223.49263227403145,219.34645697286024,82.38369692752988,0.572763684378541,56779.097480367294,67304.5,-10525.402519632706,67749.0,0.0,0.572763684378541,3.4384648046732735,3.438427185897524,3.4384648046732735,3.438427185897524,87.63828710678312,68.74309032978022,190.55248977147383,0.9465950825277983,448.87708759593966,479.3577751254786,0.21178699252947042,0.14547409483488627
427,21.35,60.11482254697286,409.62363668703466,353.8042815380288,353.52353569759003,0.28074584043878303,219.8575800733321,219.8575800733321,219.8575800733321,223.49263227403145,219.3532486807057,82.38219239425717,0.5727636877690702,56779.81668658352,67304.5,-10524.683313416477,67749.0,0.0,0.5727636877690702,3.438401629554736,3.438364013924854,3.438401629554736,3.438364013924854,87.63667970164262,68.74182901924979,190.54900717365683,0.9465950829767112,448.87708759593966,479.3577751254786,0.21180142334083973,0.14547409483488627
428,21.4,60.208768267223384,409.6243392687812,353.7981002931137,353.51737687671084,0.28072341640285003,219.86407589616863,219.86407589616863,219.86407589616863,223.49330243671184,219.35972960277158,82.38075670782854,0.572763691004463,56780.50292230218,67307.5,-10526.997077697823,67752.0,0.0,0.572763691004463,3.4383413453159903,3.4383037326878707,3.4383413453159903,3.4383037326878707,87.63514585093209,68.74062542596636,190.54568393821137,0.9465950834050829,448.87708759593966,479.3577751254786,0.2118151938029238,0.14547262916188997
429,21.45,60.3027139874739,409.62374666281835,353.79220193596126,353.5114999168396,0.28070201912163384,219.87027443496203,219.87027443496203,219.87027443496203,223.4927371275467,219.3659139227343,82.3793867262028,0.5727636940917986,56781.15769760053,67304.5,-10523.34230239947,67749.0,0.0,0.5727636940917986,3.438283820021791,3.4382462102580007,3.438283820021791,3.4382462102580007,87.63368219774621,68.73947691580696,190.5425127921283,0.9465950838138512,448.87708759593966,479.3577751254786,0.21182833405292856,0.14547386541170926
430,21.5,60.396659707724424,409.62374666281835,353.7865735528372,353.50589195115833,0.28068160167885026,219.87618926058423,219.87618926058423,219.87618926058423,223.4927371275467,219.37181518033557,82.3780794499861,0.572763697037834,56781.782453517895,67304.5,-10522.717546482105,67749.0,0.0,0.572763697037834,3.4382289277264455,3.4381913206957506,3.4382289277264455,3.4381913206957506,87.63228553758346,68.73838097423811,190.53948679259344,0.9465950842039113,448.87708759593966,479.3577751254786,0.21184087285983055,0.14547386541170926
431,21.55,60.49060542797495,409.62365164867015,353.781202816581,353.5005406972871,0.28066211929393603,219.88183332748983,219.88183332748983,219.88183332748983,223.4926465377714,219.3774463003138,82.37683201602408,0.5727636998490198,56782.37856520062,67303.5,-10521.121434799381,67748.0,0.0,0.5727636998490198,3.438176548205522,3.438138943782917,3.438176548205522,3.438138943782917,87.63095281149945,68.73733520094333,190.5365993121498,0.9465950845761181,448.87708759593966,479.3577751254786,0.21185283768584773,0.14547406362305182
432,21.6,60.58455114822547,409.62365164867015,353.776077960222,353.4954344309991,0.28064352922285707,219.88721900143844,219.88721900143844,219.88721900143844,223.4926465377714,219.38281962006275,82.37564169127342,0.5727637025315144,56782.94734490452,67303.5,-10520.552655095482,67748.0,0.0,0.5727637025315144,3.4381265666978003,3.438088964763665,3.4381265666978003,3.438088964763665,87.62968109955976,68.73633730468515,190.5338440245156,0.946595084931285,448.87708759593966,479.3577751254786,0.21186425474521797,0.14547406362305182
433,21.65,60.67849686847599,409.62365164867015,353.7711877517665,353.4905619610963,0.2806257906701717,219.892358085995,219.892358085995,219.892358085995,223.4926465377714,219.38794691607112,82.37450586694587,0.5727637050911965,56783.49004486237,67303.5,-10520.009955137633,67748.0,0.0,0.5727637050911965,3.4380788736595385,3.4380412740999873,3.4380788736595385,3.4380412740999873,87.62846761458364,68.73538509839665,190.53121489102668,0.9465950852701904,448.87708759593966,479.3577751254786,0.21187514906036709,0.14547406362305182
434,21.7,60.77244258872651,409.62365164867015,353.76652147009133,353.48591260539206,0.2806088646992748,219.8972618478598,219.8972618478598,219.8972618478598,223.4926465377714,219.3928394291946,82.37342205290946,0.5727637075336744,56784.00786002056,67303.5,-10519.49213997944,67748.0,0.0,0.5727637075336744,3.4380333645296126,3.4379957672358046,3.4380333645296126,3.4379957672358046,87.62730969616062,68.73447649448713,190.52870614767818,0.9465950855935796,448.87708759593966,479.3577751254786,0.21188554451561326,0.14547406362305182
435,21.75,60.86638830897704,409.62365164867015,353.76206888190535,353.48147616775896,0.280592714146394,219.9019410410781,219.9019410410781,219.9019410410781,223.4926465377714,219.39750788880968,82.37238787233775,0.5727637098643058,56784.50193065193,67303.5,-10518.998069348068,67748.0,0.0,0.5727637098643058,3.4379899395048312,3.4379523443729454,3.4379899395048312,3.4379523443729454,87.62620480493541,68.73360950035476,190.5263122927374,0.9465950859021593,448.87708759593966,479.3577751254786,0.21189546390849168,0.14547406362305182
436,21.8,60.96033402922755,409.62321779885383,353.7578202197352,353.47724291619215,0.28057730354305477,219.90640593017645,219.90640593017645,219.90640593017645,223.49223305755498,219.4019625358971,82.37140105659577,0.5727637120882016,56784.9733448507,67301.5,-10516.526655149297,67746.0,0.0,0.5727637120882016,3.437948503324776,3.437910910255823,3.437948503324776,3.437910910255823,87.62515051714374,68.73278221410152,190.52402807490935,0.9465950861966069,448.87708759593966,479.3577751254786,0.2119049289987972,0.14547496868778398
437,21.85,61.05427974947808,409.6245471278862,353.75376616088454,353.4732035618462,0.28056259903831915,219.91066631227238,219.91066631227238,219.91066631227238,223.4935008434755,219.4062131451008,82.370459440355,0.5727637142102409,56785.42314091344,67308.5,-10523.076859086563,67753.0,0.0,0.5727637142102409,3.437908965066974,3.4378713739663453,3.437908965066974,3.4378713739663453,87.62414451939188,68.731992820436,190.52184848202333,0.9465950864775685,448.87708759593966,479.3577751254786,0.21191396055545864,0.14547219554191804
438,21.9,61.1482254697286,409.6245471278862,353.7498978073312,353.4693492390062,0.28054856832500263,219.91473153820036,219.91473153820036,219.91473153820036,223.4935008434755,219.41026904580536,82.36956095692213,0.572763716235081,56785.85230961242,67308.5,-10522.647690387581,67753.0,0.0,0.572763716235081,3.4378712379507093,3.437833648728372,3.4378712379507093,3.437833648728372,87.6231846036676,68.73123958675797,190.51976873022653,0.9465950867456606,448.87708759593966,479.3577751254786,0.2119225784013239,0.14547219554191804
439,21.95,61.242171189979125,409.6245471278862,353.7462066665184,353.46567148594823,0.2805351805701548,219.91861053269807,219.91861053269807,219.91861053269807,223.4935008434755,219.41413914227599,82.36870363377932,0.5727637181671651,56786.261796365616,67308.5,-10522.238203634384,67753.0,0.0,0.5727637181671651,3.43783523914988,3.437797651719677,3.43783523914988,3.437797651719677,87.62226866257363,68.73052085941902,190.5177842536562,0.9465950870014718,448.87708759593966,479.3577751254786,0.21193080145595244,0.14547219554191804
440,22.0,61.33611691022964,409.6246418176329,353.7426846330022,353.4621622266544,0.28052240634781356,219.92231181369135,219.92231181369135,219.92231181369135,223.4935912483254,219.4178319328993,82.36788558832035,0.5727637200107366,56786.65250330795,67309.5,-10522.847496692048,67754.0,0.0,0.5727637200107366,3.4378008896137047,3.437763303893405,3.4378008896137047,3.437763303893405,87.62139468477378,68.72983506014828,190.51589069457307,0.9465950872455631,448.87708759593966,479.3577751254786,0.21193864777650095,0.14547199800731736
441,22.05,61.430062630480165,409.6246418176329,353.73932397092074,353.45881375334477,0.2805102175759657,219.9258435107191,219.9258435107191,219.9258435107191,223.4935912483254,219.42135552856578,82.3671050237794,0.572763721769843,56787.02529126867,67309.5,-10522.47470873133,67754.0,0.0,0.572763721769843,3.4377681138957996,3.4377305298071974,3.4377681138957996,3.4377305298071974,87.6205607506427,68.72918068263994,190.5140838939351,0.9465950874784723,448.87708759593966,479.3577751254786,0.21194613459677836,0.14547199800731736
442,22.1,61.52400835073069,409.6246418176329,353.73611729724377,353.4556187097895,0.2804985874542467,219.92921338253356,219.92921338253356,219.92921338253356,223.4935912483254,219.42471767022994,82.36636022534114,0.5727637234483492,56787.380981658454,67309.5,-10522.119018341546,67754.0,0.0,0.5727637234483492,3.4377368399910537,3.437699257459485,3.4377368399910537,3.437699257459485,87.61976502810873,68.72855628928971,190.51235988239478,0.9465950877007102,448.87708759593966,479.3577751254786,0.21195327836456157,0.14547199800731736
443,22.15,61.61795407098121,409.6246792321573,353.7330575657746,353.45257007536816,0.28048749040641496,219.93242883391363,219.93242883391363,219.93242883391363,223.4936269734133,219.42792574568477,82.36564955642393,0.5727637250499434,56787.720358270955,67313.5,-10525.779641729045,67758.0,0.0,0.5727637250499434,3.4377069991796105,3.4376694181332255,3.4377069991796105,3.4376694181332255,87.61900576868481,68.72796050808154,190.51071487169537,0.9465950879127633,448.87708759593966,479.3577751254786,0.2119600947772361,0.14547191995596132
444,22.2,61.71189979123173,409.6246792321573,353.7301380518684,353.4496611498439,0.28047690202447484,219.93549693172346,219.93549693172346,219.93549693172346,223.4936269734133,219.4309868055838,82.36497145513107,0.5727637265781446,56788.044169001994,67313.5,-10525.455830998006,67758.0,0.0,0.5727637265781446,3.4376785258769935,3.4376409462481092,3.4376785258769935,3.4376409462481092,87.618281303676,68.72739202961117,190.50914524645611,0.9465950881150995,448.87708759593966,479.3577751254786,0.21196659881584012,0.14547191995596132
445,22.25,61.805845511482254,409.6246792321573,353.72735233783686,353.44688553882054,0.2804667990163239,219.9384244202518,219.9384244202518,219.9384244202518,223.4936269734133,219.433907578745,82.36432443086127,0.5727637280363111,56788.35312749108,67313.5,-10525.146872508922,67758.0,0.0,0.5727637280363111,3.437651357493131,3.437613779216747,3.437651357493131,3.437613779216747,87.61759004055699,68.72684960424402,190.50764755632596,0.9465950883081634,448.87708759593966,479.3577751254786,0.21197280477757996,0.14547191995596132
446,22.3,61.89979123173278,409.6246792321573,353.7246942990058,353.44423713985225,0.2804571591535705,219.94121773586176,219.94121773586176,219.94121773586176,223.4936269734133,219.43669448676712,82.36370706106871,0.5727637294276494,56788.64791468726,67313.5,-10524.852085312741,67758.0,0.0,0.5727637294276494,3.4376254342954944,3.437587857309552,3.4376254342954944,3.437587857309552,87.61693045951367,68.72633203940103,190.50621850848609,0.9465950884923793,448.87708759593966,479.3577751254786,0.21197872630689052,0.14547191995596132
447,22.35,61.9937369519833,409.62462798615456,353.7221580904028,353.4417101291782,0.2804479612245814,219.94388302098162,219.94388302098162,219.94388302098162,223.49357804192414,219.4393536579884,82.36311798817363,0.5727637307552179,56788.92918034456,67317.5,-10528.57081965544,67762.0,0.0,0.5727637307552179,3.437600699279102,3.437563123524569,3.437600699279102,3.437563123524569,87.61630111013862,68.72583819696513,190.50485496049538,0.9465950886681516,448.87708759593966,479.3577751254786,0.2119843764250925,0.14547202686150318
448,22.4,62.08768267223382,409.62462798615456,353.71973813404173,353.439298949055,0.2804391849867329,219.94642613746709,219.94642613746709,219.94642613746709,223.49357804192414,219.4418909408179,82.36255591660625,0.5727637320219368,56789.197544448514,67317.5,-10528.302455551486,67762.0,0.0,0.5727637320219368,3.4375770980431,3.437539523463272,3.4375770980431,3.437539523463272,87.6157006082764,68.72536699080752,190.50355391345144,0.9465950888358675,448.87708759593966,479.3577751254786,0.2119897675587188,0.14547202686150318
449,22.45,62.18162839248434,409.62462798615456,353.7174291067805,353.43699829565776,0.2804308111227556,219.94885267936047,219.94885267936047,219.94885267936047,223.49357804192414,219.44431191646584,82.36201960998883,0.572763733230593,56789.45359857794,67317.5,-10528.046401422063,67762.0,0.0,0.572763733230593,3.437554578672131,3.4375170052132944,3.437554578672131,3.4375170052132944,87.61512763301022,68.72491738442051,190.50231250546437,0.9465950889958946,448.87708759593966,479.3577751254786,0.21199491156656647,0.14547202686150318
450,22.5,62.275574112734866,409.62462798615456,353.71522592872947,353.43480310752875,0.28042282120071604,219.95116798507541,219.95116798507541,219.95116798507541,223.49357804192414,219.44662191110007,82.36150788844205,0.5727637343838432,56789.69790720505,67317.5,-10527.802092794947,67762.0,0.0,0.5727637343838432,3.437533091623223,3.437495519233835,3.437533091623223,3.437495519233835,87.61458092378506,68.72448838866325,190.5011280054241,0.946595089148587,448.87708759593966,479.3577751254786,0.21199981976551874,0.14547202686150318
451,22.55,62.36951983298538,409.62462798615456,353.71312375217514,353.432708554546,0.28041519762911093,219.95337714903178,219.95337714903178,219.95337714903178,223.49357804192414,219.44882600745433,82.36101962601273,0.5727637354842257,56789.93100893517,67317.5,-10527.568991064829,67762.0,0.0,0.5727637354842257,3.4375125896175973,3.437475018248847,3.4375125896175973,3.437475018248847,87.61405927766013,68.72407905960267,190.49999780704587,0.9465950892942799,448.87708759593966,479.3577751254786,0.21200450295522133,0.14547202686150318
452,22.6,62.463465553235906,409.62462798615456,353.7111179510121,353.43071002738924,0.2804079236228745,219.95548503276473,219.95548503276473,219.95548503276473,223.49357804192414,219.4509290559119,82.36055374821976,0.5727637365341626,56790.15341769095,67317.5,-10527.346582309052,67762.0,0.0,0.5727637365341626,3.4374930275379576,3.437455457142846,3.4374930275379576,3.437455457142846,87.61356154668596,68.72368849645738,190.49891942318797,0.9465950894332932,448.87708759593966,479.3577751254786,0.21200897144162534,0.14547202686150318
453,22.65,62.55741127348643,409.62462798615456,353.7092041106489,353.42880312748434,0.2804009831645544,219.95749627553235,219.95749627553235,219.95749627553235,223.49357804192414,219.45293568508893,82.36010922970863,0.5727637375359634,56790.36562384204,67317.5,-10527.134376157963,67762.0,0.0,0.5727637375359634,3.437474362329734,3.437436792863764,3.437474362329734,3.437436792863764,87.61308663539904,68.7233158396308,190.49789048042555,0.9465950895659333,448.87708759593966,479.3577751254786,0.21201323505947556,0.14547202686150318
454,22.7,62.651356993736954,409.62462798615456,353.70737801836987,353.42698365739994,0.28039436096992176,219.95941530444327,219.95941530444327,219.95941530444327,223.49357804192414,219.45485031193866,82.35968509201348,0.5727637384918338,56790.568095283175,67317.5,-10526.931904716825,67762.0,0.0,0.5727637384918338,3.437456552907264,3.437418984327792,3.437456552907264,3.437418984327792,87.61263349843105,68.7229602688355,190.49690871386827,0.9465950896924915,448.87708759593966,479.3577751254786,0.2120173031937811,0.14547202686150318
455,22.75,62.74530271398747,409.62462798615456,353.70563565413414,353.4252476116808,0.28038804245335314,219.96124634412607,219.96124634412607,219.96124634412607,223.49357804192414,219.4566771513988,82.35928040142053,0.5727637394038769,56790.76127846302,67317.5,-10526.738721536982,67762.0,0.0,0.5727637394038769,3.437439560064142,3.437401992330365,3.437439560064142,3.437401992330365,87.61220113822475,68.72262100130177,190.4959719622131,0.9465950898132489,448.87708759593966,479.3577751254786,0.21202118480031418,0.14547202686150318
456,22.8,62.839248434237994,409.62462798615456,353.7039731817908,353.4235911680937,0.2803820136970785,219.96299342596078,219.96299342596078,219.96299342596078,223.49357804192414,219.45842022560177,82.35889426692614,0.5727637402741024,56790.94559936618,67317.5,-10526.554400633817,67762.0,0.0,0.5727637402741024,3.4374233463870816,3.437385779460442,3.4374233463870816,3.437385779460442,87.61178860285534,68.72229729006455,190.49507816302338,0.9465950899284671,448.87708759593966,479.3577751254786,0.21202488842518008,0.14547202686150318
457,22.85,62.93319415448852,409.6246803028495,353.70238694069377,353.4220106792726,0.2803762614211678,219.96466039689227,219.96466039689227,219.96466039689227,223.49362799578927,219.46008337266795,82.35852583829109,0.5727637411044247,56791.12146445036,67315.5,-10524.378535549637,67760.0,0.0,0.5727637411044247,3.4374078761748876,3.4373703100181956,3.4374078761748876,3.4373703100181956,87.61139498394783,68.72198842233485,190.494225348218,0.946595090038403,448.87708759593966,479.3577751254786,0.21202842222349771,0.145471917722364
458,22.9,63.02713987473904,409.6246803028495,353.7008734376941,353.420502664741,0.28037077295311974,219.96625092784384,219.96625092784384,219.96625092784384,223.49362799578927,219.4616702550999,82.3581743041791,0.572763741896673,56791.289261540434,67315.5,-10524.210738459566,67760.0,0.0,0.572763741896673,3.4373931153594484,3.437355549937422,3.4373931153594484,3.437355549937422,87.61101941469158,68.72169371793689,190.49341163976877,0.9465950901432982,448.87708759593966,479.3577751254786,0.21203179397723948,0.145471917722364
459,22.95,63.12108559498956,409.6246803028495,353.6994293394966,353.4190638032963,0.2803655362002928,219.9677685217494,219.9677685217494,219.9677685217494,223.49362799578927,219.46318436779623,82.35783889038296,0.5727637426525918,56791.449360681734,67315.5,-10524.050639318266,67760.0,0.0,0.5727637426525918,3.4373790314320267,3.437341466711132,3.4373790314320267,3.437341466711132,87.6106610679432,68.72141252782137,190.49263524558887,0.9465950902433831,448.87708759593966,479.3577751254786,0.21203501111225798,0.145471917722364
460,23.0,63.21503131524008,409.6246803028495,353.6980514653651,353.41769092574054,0.280360539624553,219.96921652122103,219.96921652122103,219.96921652122103,223.49362799578927,219.46462904570126,82.3575188581288,0.5727637433738464,56791.6021149547,67315.5,-10523.897885045299,67760.0,0.0,0.5727637433738464,3.4373655933715987,3.4373280293195307,3.4373655933715987,3.4373280293195307,87.61031915441603,68.72114423264549,190.49189445561245,0.9465950903388782,448.87708759593966,479.3577751254786,0.2120380807145379,0.145471917722364
461,23.05,63.30897703549061,409.6246803028495,353.6967367801558,353.41638100794034,0.2803557722154437,219.97059811586826,219.97059811586826,219.97059811586826,223.49362799578927,219.46600747110796,82.35721350245893,0.5727637440620247,56791.74786125166,67315.5,-10523.752138748343,67760.0,0.0,0.5727637440620247,3.437352771577256,3.437315208163284,3.437352771577256,3.437315208163284,87.60999292095153,68.72088824141508,190.49118763804864,0.946595090429994,448.87708759593966,479.3577751254786,0.21204100954571603,0.145471917722364
462,23.1,63.40292275574112,409.6246803028495,353.69548238767135,353.41513116420333,0.280351223468017,219.97191634928492,219.97191634928492,219.97191634928492,223.49362799578927,219.46732268062846,82.35692215068835,0.5727637447186421,56791.886921018886,67315.5,-10523.613078981114,67760.0,0.0,0.5727637447186421,3.4373405378029602,3.4373029749979196,3.4373405378029602,3.4373029749979196,87.60968164887012,68.72064399019138,190.49051323580898,0.9465950905169317,448.87708759593966,479.3577751254786,0.2120438040578868,0.145471917722364
463,23.15,63.49686847599165,409.62476951309606,353.6942855243094,353.4139386409536,0.2803468833558327,219.9731741257184,219.9731741257184,219.9731741257184,223.4937131862623,219.46857757184804,82.35664416092891,0.5727637453451472,56792.01960096335,67329.5,-10537.480399036649,67774.0,0.0,0.5727637453451472,3.4373288650959353,3.437291302871813,3.4373288650959353,3.437291302871813,87.60938465239568,68.72041094085449,190.4898697630915,0.9465950905998818,448.87708759593966,479.3577751254786,0.21204647040775182,0.14547173161868288
464,23.2,63.59081419624217,409.62476951309606,353.69314355301157,353.41280081069687,0.28034274231470135,219.97437421643568,219.97437421643568,219.97437421643568,223.4937131862623,219.46977490967674,82.35637892068425,0.5727637459429188,56792.14619372919,67329.5,-10537.35380627081,67774.0,0.0,0.5727637459429188,3.437317727737639,3.4372801660679215,3.437317727737639,3.4372801660679215,87.60910127715283,68.72018857992418,190.48925580212898,0.9465950906790273,448.87708759593966,479.3577751254786,0.21204901447010072,0.14547173161868288
465,23.25,63.684759916492695,409.62476951309606,353.69205395747633,353.41171516625906,0.28033879121727523,219.9755192657999,219.9755192657999,219.9755192657999,223.4937131862623,219.47091733241177,82.35612584550518,0.5727637465132744,56792.26697854124,67329.5,-10537.233021458756,67774.0,0.0,0.5727637465132744,3.4373071011871126,3.4372695400463726,3.4373071011871126,3.4372695400463726,87.60883089873192,68.71997641743451,190.4886700000764,0.9465950907545434,448.87708759593966,479.3577751254786,0.21205144185070302,0.14547173161868288
466,23.3,63.77870563674321,409.62476951309606,353.69101433664184,353.41067931528744,0.2803350213544036,219.97661179706992,219.97661179706992,219.97661179706992,223.4937131862623,219.47200735752384,82.3558843777094,0.5727637470574706,56792.382221820226,67329.5,-10537.117778179774,67774.0,0.0,0.5727637470574706,3.4372969620274887,3.4372594013913726,3.4372969620274887,3.4372594013913726,87.60857292131939,68.71977398585807,190.48811106604552,0.9465950908265961,448.87708759593966,479.3577751254786,0.21205375789859948,0.14547173161868288
467,23.35,63.872651356993735,409.62476951309606,353.69002239941676,353.40969097500187,0.28033142441489645,219.97765421793636,219.97765421793636,219.97765421793636,223.4937131862623,219.47304738718063,82.35565398515627,0.5727637475767081,56792.49217776938,67329.5,-10537.007822230618,67774.0,0.0,0.5727637475767081,3.437287287914298,3.4372497277595357,3.437287287914298,3.4372497277595357,87.6083267763906,68.71958083908032,190.487577768272,0.9465950908953428,448.87708759593966,479.3577751254786,0.21205596771784063,0.14547173161868288
468,23.4,63.96659707724426,409.6248143437086,353.689075959657,353.4087479671856,0.28032799247137064,219.97864882580527,219.97864882580527,219.97864882580527,223.4937560012644,219.47403971351815,82.3554341600807,0.5727637480721278,56792.597088934985,67337.5,-10544.902911065015,67782.0,0.0,0.5727637480721278,3.4372780575264734,3.4372404978314535,3.4372780575264734,3.4372404978314535,87.60809192146274,68.71939655142262,190.4870689314137,0.9465950909609386,448.87708759593966,479.3577751254786,0.21205807617867756,0.1454716380964436
469,23.45,64.06054279749478,409.6248143437086,353.68817293135874,353.4078482134026,0.2803247179561481,219.97959781284132,219.97959781284132,219.97959781284132,223.4937560012644,219.47498652367244,82.35522441797715,0.5727637485448248,56792.69718673955,67337.5,-10544.802813260452,67782.0,0.0,0.5727637485448248,3.437269250519872,3.4372316912630367,3.437269250519872,3.4372316912630367,87.60786783890309,68.71922071670463,190.48658343396812,0.946595091023524,448.87708759593966,479.3577751254786,0.21206008792827047,0.1454716380964436
470,23.5,64.1544885177453,409.6230306664502,353.6873113240865,353.4069897304356,0.28032159365091047,219.98050327078053,219.98050327078053,219.98050327078053,223.49205479563528,219.47588990458135,82.35502429653693,0.5727637489958398,56792.792691992676,67345.5,-10552.707308007324,67790.0,0.0,0.5727637489958398,3.4372608474821114,3.437223288643338,3.4372608474821114,3.437223288643338,87.60765403479328,68.71905294735507,190.4861202058127,0.9465950910832388,448.87708759593966,479.3577751254786,0.21206200740087444,0.14547535906927633
471,23.55,64.24843423799582,409.6230306664502,353.68648923859695,353.40617062593054,0.2803186126664059,219.9813671955244,219.9813671955244,219.9813671955244,223.49205479563528,219.47675184756787,82.35483335463181,0.5727637494261674,56792.8838153768,67345.5,-10552.616184623199,67790.0,0.0,0.5727637494261674,3.4372528298904683,3.437215271450839,3.4372528298904683,3.437215271450839,87.60745003784405,68.71889287355907,190.48567822585252,0.946595091140215,448.87708759593966,479.3577751254786,0.2120638388275886,0.14547535906927633
472,23.6,64.34237995824634,409.6230306664502,353.68570486266924,353.40538909423856,0.2803157684306825,219.98219149152393,219.98219149152393,219.98219149152393,223.49205479563528,219.47757425271448,82.35465117134629,0.5727637498367557,56792.97075791205,67345.5,-10552.529242087949,67790.0,0.0,0.5727637498367557,3.437245180070711,3.437207622011897,3.437245180070711,3.437207622011897,87.60725539836062,68.71874014244696,190.48525651977906,0.9465950911945774,448.87708759593966,479.3577751254786,0.21206558624564442,0.14547535906927633
473,23.65,64.43632567849687,409.6230306664502,353.6849564671222,353.40464341244996,0.28031305467226275,219.9829779759641,219.9829779759641,219.9829779759641,223.49205479563528,219.47835893303767,82.35447734505183,0.5727637502285097,56793.05371139865,67345.5,-10552.44628860135,67790.0,0.0,0.5727637502285097,3.437237881158609,3.437200323463003,3.437237881158609,3.437200323463003,87.60706968725368,68.71859441731806,190.48485415792885,0.9465950912464465,448.87708759593966,479.3577751254786,0.2120672535072795,0.14547535906927633
474,23.7,64.53027139874739,409.6230306664502,353.6842424020146,353.4039319366077,0.28031046540689886,219.983728382757,219.983728382757,219.983728382757,223.49205479563528,219.4791076184721,82.35431149252469,0.5727637506022931,56793.1328588398,67345.5,-10552.367141160197,67790.0,0.0,0.5727637506022931,3.437230917062646,3.437193359713717,3.437230917062646,3.437193359713717,87.60689249509745,68.71845537690098,190.4844702532398,0.9465950912959367,448.87708759593966,479.3577751254786,0.21206884428820227,0.14547535906927633
475,23.75,64.6242171189979,409.6230306664502,353.68356109301817,353.40325309809407,0.28030799492410097,219.98444436635296,219.98444436635296,219.98444436635296,223.49205479563528,219.47982195967302,82.35415324810339,0.5727637509589314,56793.208374844886,67345.5,-10552.291625155114,67790.0,0.0,0.5727637509589314,3.4372242724288995,3.4371867154107463,3.4372242724288995,3.4371867154107463,87.60672343122928,68.71832271464717,190.48410395930208,0.9465950913431551,448.87708759593966,479.3577751254786,0.21207036209567176,0.14547535906927633
476,23.8,64.71816283924844,409.6230306664502,353.68291103796,353.40260540018187,0.28030563777815587,219.98512750537796,219.98512750537796,219.98512750537796,223.49205479563528,219.48050353164516,82.35400226288505,0.572763751299208,56793.280426014855,67345.5,-10552.219573985145,67790.0,0.0,0.572763751299208,3.437217932606991,3.4371803759042905,3.437217932606991,3.4371803759042905,87.60656212289086,68.718196138059,190.4837544684989,0.9465950913882087,448.87708759593966,479.3577751254786,0.2120718102762007,0.14547535906927633
477,23.85,64.81210855949895,409.6230731826486,353.68229080351284,353.40198741474364,0.28030338876919814,219.98577930610418,219.98577930610418,219.98577930610418,223.49209529201332,219.48115383720537,82.35385820395837,0.5727637516238759,56793.349171308306,67349.5,-10556.150828691694,67794.0,0.0,0.5727637516238759,3.4372118836179055,3.4371743272161552,3.4372118836179055,3.4371743272161552,87.60640821440849,68.71807536804306,190.48342101022723,0.9465950914311948,448.87708759593966,479.3577751254786,0.21207319202292896,0.14547527037519303
478,23.9,64.90605427974947,409.6225999069161,353.68169902204903,353.401397779112,0.2803012429370142,219.9864012057628,219.9864012057628,219.9864012057628,223.49164464778298,219.48177431028813,82.35372075367047,0.5727637519336498,56793.41476239279,67347.5,-10554.085237607207,67792.0,0.0,0.5727637519336498,3.4372061121235724,3.437168556009226,3.4372061121235724,3.437168556009226,87.60626136641115,68.71796013829936,190.48310284920572,0.9465950914722093,448.87708759593966,479.3577751254786,0.2120745103826318,0.145476257687295
479,23.95,65.0,409.6225999069161,353.68113438863065,353.40083519308064,0.2802991955500147,219.9869945757052,219.9869945757052,219.9869945757052,223.49164464778298,219.48236631909901,82.35358960893032,0.572763752229213,56793.47734397903,67347.5,-10554.02265602097,67792.0,0.0,0.572763752229213,3.4372006053973436,3.437163049557057,3.4372006053973436,3.437163049557057,87.6061212550839,68.7178501947347,190.48279928385764,0.9465950915113421,448.87708759593966,479.3577751254786,0.21207576826242558,0.145476257687295
