frame,time_sec,anchor_x,anchor_y,tip_x,tip_y,quality,length_env_px,length_axis_px,length_axis_skeleton_px,length_axis_alt_px,length_axis_disagreement_px,centerline_disagreement,diameter_max_px,diameter_max_orth_px,diameter_max_thickness_px,diameter_max_feret_px,diameter_p95_px,diameter_peak_span_px,diameter_peak_pos_norm,area_proj_px2,area_proj_contour_px2,area_proj_definition_gap_px2,body_mask_area_px2,component_area_px2,excluded_attachment_area_px2,body_mask_attachment_leak_fraction,attachment_count,attachment_border_touch_count,attachment_max_elongation,attachment_max_solidity,attachment_max_orientation_mismatch_deg,attachment_max_distance_to_main_axis_px,x_peak_norm,taper_left_px,taper_right_px,landing_zone_left_px,landing_zone_right_px,transition_zone_left_px,transition_zone_right_px,compaction_zone_length_px,zone_symmetry,branch_count_after_pruning,endpoint_jump_px,axis_peak_position_stability,centerline_points,length_axis_formal_px,anchor_jump_px,tip_jump_px,length_axis_ref_px,length_env_ref_px,foreshortening_axis,foreshortening_env,temperature_c,austenite_fraction,length_env_recovery,length_axis_recovery,diameter_max_recovery,area_proj_recovery,length_env_smooth,length_axis_smooth,diameter_max_smooth,area_proj_smooth_px2,compaction_zone_smooth,body_mask_area_smooth_px2,axis_definition_gap_smooth_px
0,0.0,125.96277703087833,201.28875479659166,453.161066129379,185.55228425722163,0.9897464474784063,341.955150246651,382.1665303208965,344.28044172977826,344.28044172977826,37.886088591118266,0.09913502514023449,86.2258187878865,86.23790988092813,36.3565673828125,86.86664671909283,86.2258187878865,168.0,0.3764705882352941,10491.0,24247.0,-13756.0,10491.0,10767.0,489.0,0.04541655057118975,1,0,1.8421052631578947,0.9337539432176656,4.5857339319169625,3.851626731169953,0.3764705882352941,0.0,4.0,0.0,4.0,36.0,52.0,248.0,0.9411764705882353,268,166.2533506500762,0.0,129,393.93767281306174,,,420.4172446456188,341.9944612110107,0.09098274348133562,0.0001149462018199543,25.0,0.0,0.10708149366316866,0.005636998542674766,0.19396734669727766,1.0,341.9840205071252,393.93767281306174,80.24005751889504,9370.0,248.0,9370.0,66.76383551823687
1,0.05,126.05045286973954,200.39069036723586,453.68342921026647,186.0383628176048,0.9878712615129877,341.9840205071252,393.93767281306174,327.17383729482486,327.17383729482486,66.76383551823687,0.1694781690755401,80.24005751889504,81.23896013832669,36.756591796875,82.00292639590069,80.24005751889504,152.0,0.6352941176470588,9370.0,22633.5,-13263.5,9370.0,9663.0,455.0,0.04708682603746248,1,0,1.8888888888888888,0.9193729003359462,3.971170437695075,3.6818934798522767,0.6352941176470588,0.0,4.0,0.0,4.0,36.0,52.0,248.0,0.9411764705882353,215,124.24410640798479,0.2588235294117647,133,393.93767281306174,0.902334068953497,0.7135373537092755,420.4172446456188,341.9944612110107,0.06298402877093545,3.052886835797075e-05,25.1128,0.0,0.1069272233581898,0.005636998542674766,0.01133203654047495,0.8066193033770597,341.9840205071252,393.93767281306174,80.24005751889504,9370.0,248.0,9370.0,66.76383551823687
2,0.1,126.05045286973954,200.39069036723586,453.68342921026647,186.0383628176048,0.9878712615129877,341.9840205071252,393.93767281306174,327.17383729482486,327.17383729482486,66.76383551823687,0.1694781690755401,80.24005751889504,81.23896013832669,36.756591796875,82.00292639590069,80.24005751889504,152.0,0.6352941176470588,9370.0,22633.5,-13263.5,9370.0,9663.0,455.0,0.04708682603746248,1,0,1.8888888888888888,0.9193729003359462,3.971170437695075,3.6818934798522767,0.6352941176470588,0.0,4.0,0.0,4.0,36.0,52.0,248.0,0.9411764705882353,215,124.24410640798479,0.0,133,393.93767281306174,0.0,0.0,420.4172446456188,341.9944612110107,0.06298402877093545,3.052886835797075e-05,25.2256,0.0,0.1069272233581898,0.005636998542674766,0.01133203654047495,0.8066193033770597,341.9840205071252,393.93767281306174,80.24005751889504,9370.0,248.0,9370.0,66.76383551823687
3,0.15,126.05045286973954,200.39069036723586,453.68342921026647,186.0383628176048,0.9878712615129877,341.9840205071252,393.93767281306174,327.17383729482486,327.17383729482486,66.76383551823687,0.1694781690755401,80.24005751889504,81.23896013832669,36.756591796875,82.00292639590069,80.24005751889504,152.0,0.6352941176470588,9370.0,22633.5,-13263.5,9370.0,9663.0,455.0,0.04708682603746248,1,0,1.8888888888888888,0.9193729003359462,3.971170437695075,3.6818934798522767,0.6352941176470588,0.0,4.0,0.0,4.0,36.0,52.0,248.0,0.9411764705882353,215,124.24410640798479,0.0,133,393.93767281306174,0.0,0.0,420.4172446456188,341.9944612110107,0.06298402877093545,3.052886835797075e-05,25.3383,0.0,0.1069272233581898,0.005636998542674766,0.01133203654047495,0.8066193033770597,341.9840205071252,393.93767281306174,80.24005751889504,9370.0,248.0,9370.0,66.76383551823687
4,0.2,126.05045286973954,200.39069036723586,453.68342921026647,186.0383628176048,0.9878712615129877,341.9840205071252,393.93767281306174,327.17383729482486,327.17383729482486,66.76383551823687,0.1694781690755401,80.24005751889504,81.23896013832669,36.756591796875,82.00292639590069,80.24005751889504,152.0,0.6352941176470588,9370.0,22633.5,-13263.5,9370.0,9663.0,455.0,0.04708682603746248,1,0,1.8888888888888888,0.9193729003359462,3.971170437695075,3.6818934798522767,0.6352941176470588,0.0,4.0,0.0,4.0,36.0,52.0,248.0,0.9411764705882353,215,124.24410640798479,0.0,133,393.93767281306174,0.0,0.0,420.4172446456188,341.9944612110107,0.06298402877093545,3.052886835797075e-05,25.4511,0.0,0.1069272233581898,0.005636998542674766,0.01133203654047495,0.8066193033770597,341.9840205071252,393.93767281306174,80.24005751889504,9370.0,248.0,9370.0,66.76383551823687
5,0.25,126.05045286973954,200.39069036723586,453.68342921026647,186.0383628176048,0.9878712615129877,341.9840205071252,393.93767281306174,327.17383729482486,327.17383729482486,66.76383551823687,0.1694781690755401,80.24005751889504,81.23896013832669,36.756591796875,82.00292639590069,80.24005751889504,152.0,0.6352941176470588,9370.0,22633.5,-13263.5,9370.0,9663.0,455.0,0.04708682603746248,1,0,1.8888888888888888,0.9193729003359462,3.971170437695075,3.6818934798522767,0.6352941176470588,0.0,4.0,0.0,4.0,36.0,52.0,248.0,0.9411764705882353,215,124.24410640798479,0.0,133,393.93767281306174,0.0,0.0,420.4172446456188,341.9944612110107,0.06298402877093545,3.052886835797075e-05,25.5639,0.0,0.1069272233581898,0.005636998542674766,0.01133203654047495,0.8066193033770597,341.9840205071252,393.93767281306174,80.24005751889504,9370.0,248.0,9370.0,66.76383551823687
6,0.3,126.05045286973954,200.39069036723586,453.68342921026647,186.0383628176048,0.9878712615129877,341.9840205071252,393.93767281306174,327.17383729482486,327.17383729482486,66.76383551823687,0.1694781690755401,80.24005751889504,81.23896013832669,36.756591796875,82.00292639590069,80.24005751889504,152.0,0.6352941176470588,9370.0,22633.5,-13263.5,9370.0,9663.0,455.0,0.04708682603746248,1,0,1.8888888888888888,0.9193729003359462,3.971170437695075,3.6818934798522767,0.6352941176470588,0.0,4.0,0.0,4.0,36.0,52.0,248.0,0.9411764705882353,215,124.24410640798479,0.0,133,393.93767281306174,0.0,0.0,420.4172446456188,341.9944612110107,0.06298402877093545,3.052886835797075e-05,25.6767,0.0,0.1069272233581898,0.005636998542674766,0.01133203654047495,0.8066193033770597,341.9840205071252,393.93767281306174,80.24005751889504,9370.0,248.0,9370.0,66.76383551823687
7,0.35,126.05045286973954,200.39069036723586,453.68342921026647,186.0383628176048,0.9878712615129877,341.9840205071252,393.93767281306174,327.17383729482486,327.17383729482486,66.76383551823687,0.1694781690755401,80.24005751889504,81.23896013832669,36.756591796875,82.00292639590069,80.24005751889504,152.0,0.6352941176470588,9370.0,22633.5,-13263.5,9370.0,9663.0,455.0,0.04708682603746248,1,0,1.8888888888888888,0.9193729003359462,3.971170437695075,3.6818934798522767,0.6352941176470588,0.0,4.0,0.0,4.0,36.0,52.0,248.0,0.9411764705882353,215,124.24410640798479,0.0,133,393.93767281306174,0.0,0.0,420.4172446456188,341.9944612110107,0.06298402877093545,3.052886835797075e-05,25.7895,0.0,0.1069272233581898,0.005636998542674766,0.01133203654047495,0.8066193033770597,341.9840205071252,393.93767281306174,80.24005751889504,9370.0,248.0,9370.0,66.76383551823687
8,0.4,126.05045286973954,200.39069036723586,453.68342921026647,186.0383628176048,0.9878712615129877,341.9840205071252,393.93767281306174,327.17383729482486,327.17383729482486,66.76383551823687,0.1694781690755401,80.24005751889504,81.23896013832669,36.756591796875,82.00292639590069,80.24005751889504,152.0,0.6352941176470588,9370.0,22633.5,-13263.5,9370.0,9663.0,455.0,0.04708682603746248,1,0,1.8888888888888888,0.9193729003359462,3.971170437695075,3.6818934798522767,0.6352941176470588,0.0,4.0,0.0,4.0,36.0,52.0,248.0,0.9411764705882353,215,124.24410640798479,0.0,133,393.93767281306174,0.0,0.0,420.4172446456188,341.9944612110107,0.06298402877093545,3.052886835797075e-05,25.9023,0.0,0.1069272233581898,0.005636998542674766,0.01133203654047495,0.8066193033770597,341.9840205071252,393.93767281306174,80.24005751889504,9370.0,248.0,9370.0,66.76383551823687
9,0.45,126.05045286973954,200.39069036723586,453.68342921026647,186.0383628176048,0.9878712615129877,341.9840205071252,393.93767281306174,327.17383729482486,327.17383729482486,66.76383551823687,0.1694781690755401,80.24005751889504,81.23896013832669,36.756591796875,82.00292639590069,80.24005751889504,152.0,0.6352941176470588,9370.0,22633.5,-13263.5,9370.0,9663.0,455.0,0.04708682603746248,1,0,1.8888888888888888,0.9193729003359462,3.971170437695075,3.6818934798522767,0.6352941176470588,0.0,4.0,0.0,4.0,36.0,52.0,248.0,0.9411764705882353,215,124.24410640798479,0.0,133,393.93767281306174,0.0,0.0,420.4172446456188,341.9944612110107,0.06298402877093545,3.052886835797075e-05,26.015,0.0,0.1069272233581898,0.005636998542674766,0.01133203654047495,0.8066193033770597,341.9840205071252,393.93767281306174,80.24005751889504,9370.0,248.0,9370.0,66.76383551823687
10,0.5,126.05045286973954,200.39069036723586,453.68342921026647,186.0383628176048,0.9878712615129877,341.9840205071252,393.93767281306174,327.17383729482486,327.17383729482486,66.76383551823687,0.1694781690755401,80.24005751889504,81.23896013832669,36.756591796875,82.00292639590069,80.24005751889504,152.0,0.6352941176470588,9370.0,22633.5,-13263.5,9370.0,9663.0,455.0,0.04708682603746248,1,0,1.8888888888888888,0.9193729003359462,3.971170437695075,3.6818934798522767,0.6352941176470588,0.0,4.0,0.0,4.0,36.0,52.0,248.0,0.9411764705882353,215,124.24410640798479,0.0,133,393.93767281306174,0.0,0.0,420.4172446456188,341.9944612110107,0.06298402877093545,3.052886835797075e-05,26.1278,0.0,0.1069272233581898,0.005636998542674766,0.01133203654047495,0.8066193033770597,341.9840205071252,393.93767281306174,80.24005751889504,9370.0,248.0,9370.0,66.76383551823687
11,0.55,126.05045286973954,200.39069036723586,453.68342921026647,186.0383628176048,0.9878712615129877,341.9840205071252,393.93767281306174,327.17383729482486,327.17383729482486,66.76383551823687,0.1694781690755401,80.24005751889504,81.23896013832669,36.756591796875,82.00292639590069,80.24005751889504,152.0,0.6352941176470588,9370.0,22633.5,-13263.5,9370.0,9663.0,455.0,0.04708682603746248,1,0,1.8888888888888888,0.9193729003359462,3.971170437695075,3.6818934798522767,0.6352941176470588,0.0,4.0,0.0,4.0,36.0,52.0,248.0,0.9411764705882353,215,124.24410640798479,0.0,133,393.93767281306174,0.0,0.0,420.4172446456188,341.9944612110107,0.06298402877093545,3.052886835797075e-05,26.2406,0.0,0.1069272233581898,0.005636998542674766,0.01133203654047495,0.8066193033770597,341.9840205071252,393.93767281306174,80.24005751889504,9370.0,248.0,9370.0,66.76383551823687
12,0.6,126.05045286973954,200.39069036723586,453.68342921026647,186.0383628176048,0.9878712615129877,341.9840205071252,393.93767281306174,327.17383729482486,327.17383729482486,66.76383551823687,0.1694781690755401,80.24005751889504,81.23896013832669,36.756591796875,82.00292639590069,80.24005751889504,152.0,0.6352941176470588,9370.0,22633.5,-13263.5,9370.0,9663.0,455.0,0.04708682603746248,1,0,1.8888888888888888,0.9193729003359462,3.971170437695075,3.6818934798522767,0.6352941176470588,0.0,4.0,0.0,4.0,36.0,52.0,248.0,0.9411764705882353,215,124.24410640798479,0.0,133,393.93767281306174,0.0,0.0,420.4172446456188,341.9944612110107,0.06298402877093545,3.052886835797075e-05,26.3534,0.0,0.1069272233581898,0.005636998542674766,0.01133203654047495,0.8066193033770597,341.9840205071252,393.93767281306174,80.24005751889504,9370.0,248.0,9370.0,66.76383551823687
13,0.65,126.05045286973954,200.39069036723586,453.68342921026647,186.0383628176048,0.9878712615129877,341.9840205071252,393.93767281306174,327.17383729482486,327.17383729482486,66.76383551823687,0.1694781690755401,80.24005751889504,81.23896013832669,36.756591796875,82.00292639590069,80.24005751889504,152.0,0.6352941176470588,9370.0,22633.5,-13263.5,9370.0,9663.0,455.0,0.04708682603746248,1,0,1.8888888888888888,0.9193729003359462,3.971170437695075,3.6818934798522767,0.6352941176470588,0.0,4.0,0.0,4.0,36.0,52.0,248.0,0.9411764705882353,215,124.24410640798479,0.0,133,393.93767281306174,0.0,0.0,420.4172446456188,341.9944612110107,0.06298402877093545,3.052886835797075e-05,26.4662,0.0,0.1069272233581898,0.005636998542674766,0.01133203654047495,0.8066193033770597,341.9840205071252,393.93767281306174,80.24005751889504,9370.0,248.0,9370.0,66.76383551823687
14,0.7,126.05045286973954,200.39069036723586,453.68342921026647,186.0383628176048,0.9878712615129877,341.9840205071252,393.93767281306174,327.17383729482486,327.17383729482486,66.76383551823687,0.1694781690755401,80.24005751889504,81.23896013832669,36.756591796875,82.00292639590069,80.24005751889504,152.0,0.6352941176470588,9370.0,22633.5,-13263.5,9370.0,9663.0,455.0,0.04708682603746248,1,0,1.8888888888888888,0.9193729003359462,3.971170437695075,3.6818934798522767,0.6352941176470588,0.0,4.0,0.0,4.0,36.0,52.0,248.0,0.9411764705882353,215,124.24410640798479,0.0,133,393.93767281306174,0.0,0.0,420.4172446456188,341.9944612110107,0.06298402877093545,3.052886835797075e-05,26.5789,0.0,0.1069272233581898,0.005636998542674766,0.01133203654047495,0.8066193033770597,341.9840205071252,393.93767281306174,80.24005751889504,9370.0,248.0,9370.0,66.76383551823687
15,0.75,126.05045286973954,200.39069036723586,453.68342921026647,186.0383628176048,0.9878712615129877,341.9840205071252,393.93767281306174,327.17383729482486,327.17383729482486,66.76383551823687,0.1694781690755401,80.24005751889504,81.23896013832669,36.756591796875,82.00292639590069,80.24005751889504,152.0,0.6352941176470588,9370.0,22633.5,-13263.5,9370.0,9663.0,455.0,0.04708682603746248,1,0,1.8888888888888888,0.9193729003359462,3.971170437695075,3.6818934798522767,0.6352941176470588,0.0,4.0,0.0,4.0,36.0,52.0,248.0,0.9411764705882353,215,124.24410640798479,0.0,133,393.93767281306174,0.0,0.0,420.4172446456188,341.9944612110107,0.06298402877093545,3.052886835797075e-05,26.6917,0.0,0.1069272233581898,0.005636998542674766,0.01133203654047495,0.8066193033770597,341.9840205071252,393.93767281306174,80.24005751889504,9370.0,248.0,9370.0,66.76383551823687
16,0.8,126.05045286973954,200.39069036723586,453.68342921026647,186.0383628176048,0.9878712615129877,341.9840205071252,393.93767281306174,327.17383729482486,327.17383729482486,66.76383551823687,0.1694781690755401,80.24005751889504,81.23896013832669,36.756591796875,82.00292639590069,80.24005751889504,152.0,0.6352941176470588,9370.0,22633.5,-13263.5,9370.0,9663.0,455.0,0.04708682603746248,1,0,1.8888888888888888,0.9193729003359462,3.971170437695075,3.6818934798522767,0.6352941176470588,0.0,4.0,0.0,4.0,36.0,52.0,248.0,0.9411764705882353,215,124.24410640798479,0.0,133,393.93767281306174,0.0,0.0,420.4172446456188,341.9944612110107,0.06298402877093545,3.052886835797075e-05,26.8045,0.0,0.1069272233581898,0.005636998542674766,0.01133203654047495,0.8066193033770597,341.9840205071252,393.93767281306174,80.24005751889504,9370.0,248.0,9370.0,66.76383551823687
17,0.85,126.05045286973954,200.39069036723586,453.68342921026647,186.0383628176048,0.9878712615129877,341.9840205071252,393.93767281306174,327.17383729482486,327.17383729482486,66.76383551823687,0.1694781690755401,80.24005751889504,81.23896013832669,36.756591796875,82.00292639590069,80.24005751889504,152.0,0.6352941176470588,9370.0,22633.5,-13263.5,9370.0,9663.0,455.0,0.04708682603746248,1,0,1.8888888888888888,0.9193729003359462,3.971170437695075,3.6818934798522767,0.6352941176470588,0.0,4.0,0.0,4.0,36.0,52.0,248.0,0.9411764705882353,215,124.24410640798479,0.0,133,393.93767281306174,0.0,0.0,420.4172446456188,341.9944612110107,0.06298402877093545,3.052886835797075e-05,26.9173,0.0,0.1069272233581898,0.005636998542674766,0.01133203654047495,0.8066193033770597,341.9840205071252,393.93767281306174,80.24005751889504,9370.0,248.0,9370.0,66.76383551823687
18,0.9,126.05045286973954,200.39069036723586,453.68342921026647,186.0383628176048,0.9878712615129877,341.9840205071252,393.93767281306174,327.17383729482486,327.17383729482486,66.76383551823687,0.1694781690755401,80.24005751889504,81.23896013832669,36.756591796875,82.00292639590069,80.24005751889504,152.0,0.6352941176470588,9370.0,22633.5,-13263.5,9370.0,9663.0,455.0,0.04708682603746248,1,0,1.8888888888888888,0.9193729003359462,3.971170437695075,3.6818934798522767,0.6352941176470588,0.0,4.0,0.0,4.0,36.0,52.0,248.0,0.9411764705882353,215,124.24410640798479,0.0,133,393.93767281306174,0.0,0.0,420.4172446456188,341.9944612110107,0.06298402877093545,3.052886835797075e-05,27.0301,0.0,0.1069272233581898,0.005636998542674766,0.01133203654047495,0.8066193033770597,341.9840205071252,393.93767281306174,80.24005751889504,9370.0,248.0,9370.0,66.76383551823687
19,0.95,126.05045286973954,200.39069036723586,453.68342921026647,186.0383628176048,0.9878712615129877,341.9840205071252,393.93767281306174,327.17383729482486,327.17383729482486,66.76383551823687,0.1694781690755401,80.24005751889504,81.23896013832669,36.756591796875,82.00292639590069,80.24005751889504,152.0,0.6352941176470588,9370.0,22633.5,-13263.5,9370.0,9663.0,455.0,0.04708682603746248,1,0,1.8888888888888888,0.9193729003359462,3.971170437695075,3.6818934798522767,0.6352941176470588,0.0,4.0,0.0,4.0,36.0,52.0,248.0,0.9411764705882353,215,124.24410640798479,0.0,133,393.93767281306174,0.0,0.0,420.4172446456188,341.9944612110107,0.06298402877093545,3.052886835797075e-05,27.1429,0.0,0.1069272233581898,0.005636998542674766,0.01133203654047495,0.8066193033770597,341.9840205071252,393.93767281306174,80.24005751889504,9370.0,248.0,9370.0,66.76383551823687
20,1.0,126.05045286973954,200.39069036723586,453.68342921026647,186.0383628176048,0.9878712615129877,341.9840205071252,393.93767281306174,327.17383729482486,327.17383729482486,66.76383551823687,0.1694781690755401,80.24005751889504,81.23896013832669,36.756591796875,82.00292639590069,80.24005751889504,152.0,0.6352941176470588,9370.0,22633.5,-13263.5,9370.0,9663.0,455.0,0.04708682603746248,1,0,1.8888888888888888,0.9193729003359462,3.971170437695075,3.6818934798522767,0.6352941176470588,0.0,4.0,0.0,4.0,36.0,52.0,248.0,0.9411764705882353,215,124.24410640798479,0.0,133,393.93767281306174,0.0,0.0,420.4172446456188,341.9944612110107,0.06298402877093545,3.052886835797075e-05,27.2556,0.0,0.1069272233581898,0.005636998542674766,0.01133203654047495,0.8066193033770597,341.9840205071252,393.93767281306174,80.24005751889504,9370.0,248.0,9370.0,66.76383551823687
21,1.05,126.05045286973954,200.39069036723586,453.68342921026647,186.0383628176048,0.9878712615129877,341.9840205071252,393.93767281306174,327.17383729482486,327.17383729482486,66.76383551823687,0.1694781690755401,80.24005751889504,81.23896013832669,36.756591796875,82.00292639590069,80.24005751889504,152.0,0.6352941176470588,9370.0,22633.5,-13263.5,9370.0,9663.0,455.0,0.04708682603746248,1,0,1.8888888888888888,0.9193729003359462,3.971170437695075,3.6818934798522767,0.6352941176470588,0.0,4.0,0.0,4.0,36.0,52.0,248.0,0.9411764705882353,215,124.24410640798479,0.0,133,393.93767281306174,0.0,0.0,420.4172446456188,341.9944612110107,0.06298402877093545,3.052886835797075e-05,27.3684,0.0,0.1069272233581898,0.005636998542674766,0.01133203654047495,0.8066193033770597,341.9840205071252,393.93767281306174,80.24005751889504,9370.0,248.0,9370.0,66.76383551823687
22,1.1,126.05045286973954,200.39069036723586,453.68342921026647,186.0383628176048,0.9878712615129877,341.9840205071252,393.93767281306174,327.17383729482486,327.17383729482486,66.76383551823687,0.1694781690755401,80.24005751889504,81.23896013832669,36.756591796875,82.00292639590069,80.24005751889504,152.0,0.6352941176470588,9370.0,22633.5,-13263.5,9370.0,9663.0,455.0,0.04708682603746248,1,0,1.8888888888888888,0.9193729003359462,3.971170437695075,3.6818934798522767,0.6352941176470588,0.0,4.0,0.0,4.0,36.0,52.0,248.0,0.9411764705882353,215,124.24410640798479,0.0,133,393.93767281306174,0.0,0.0,420.4172446456188,341.9944612110107,0.06298402877093545,3.052886835797075e-05,27.4812,0.0,0.1069272233581898,0.005636998542674766,0.01133203654047495,0.8066193033770597,341.9840205071252,393.93767281306174,80.24005751889504,9370.0,248.0,9370.0,66.76383551823687
23,1.15,126.05045286973954,200.39069036723586,453.68342921026647,186.0383628176048,0.9878712615129877,341.9840205071252,393.93767281306174,327.17383729482486,327.17383729482486,66.76383551823687,0.1694781690755401,80.24005751889504,81.23896013832669,36.756591796875,82.00292639590069,80.24005751889504,152.0,0.6352941176470588,9370.0,22633.5,-13263.5,9370.0,9663.0,455.0,0.04708682603746248,1,0,1.8888888888888888,0.9193729003359462,3.971170437695075,3.6818934798522767,0.6352941176470588,0.0,4.0,0.0,4.0,36.0,52.0,248.0,0.9411764705882353,215,124.24410640798479,0.0,133,393.93767281306174,0.0,0.0,420.4172446456188,341.9944612110107,0.06298402877093545,3.052886835797075e-05,27.594,0.0,0.1069272233581898,0.005636998542674766,0.01133203654047495,0.8066193033770597,341.9840205071252,393.93767281306174,80.24005751889504,9370.0,248.0,9370.0,66.76383551823687
24,1.2,126.05045286973954,200.39069036723586,453.68342921026647,186.0383628176048,0.9878712615129877,341.9840205071252,393.93767281306174,327.17383729482486,327.17383729482486,66.76383551823687,0.1694781690755401,80.24005751889504,81.23896013832669,36.756591796875,82.00292639590069,80.24005751889504,152.0,0.6352941176470588,9370.0,22633.5,-13263.5,9370.0,9663.0,455.0,0.04708682603746248,1,0,1.8888888888888888,0.9193729003359462,3.971170437695075,3.6818934798522767,0.6352941176470588,0.0,4.0,0.0,4.0,36.0,52.0,248.0,0.9411764705882353,215,124.24410640798479,0.0,133,393.93767281306174,0.0,0.0,420.4172446456188,341.9944612110107,0.06298402877093545,3.052886835797075e-05,27.7068,0.0,0.1069272233581898,0.005636998542674766,0.01133203654047495,0.8066193033770597,341.9840205071252,393.93767281306174,80.24005751889504,9370.0,248.0,9370.0,66.76383551823687
25,1.25,126.05045286973954,200.39069036723586,453.68342921026647,186.0383628176048,0.9878712615129877,341.9840205071252,393.93767281306174,327.17383729482486,327.17383729482486,66.76383551823687,0.1694781690755401,80.24005751889504,81.23896013832669,36.756591796875,82.00292639590069,80.24005751889504,152.0,0.6352941176470588,9370.0,22633.5,-13263.5,9370.0,9663.0,455.0,0.04708682603746248,1,0,1.8888888888888888,0.9193729003359462,3.971170437695075,3.6818934798522767,0.6352941176470588,0.0,4.0,0.0,4.0,36.0,52.0,248.0,0.9411764705882353,215,124.24410640798479,0.0,133,393.93767281306174,0.0,0.0,420.4172446456188,341.9944612110107,0.06298402877093545,3.052886835797075e-05,27.8195,0.0,0.1069272233581898,0.005636998542674766,0.01133203654047495,0.8066193033770597,341.9840205071252,393.93767281306174,80.24005751889504,9370.0,248.0,9370.0,66.76383551823687
26,1.3,126.05045286973954,200.39069036723586,453.68342921026647,186.0383628176048,0.9878712615129877,341.9840205071252,393.93767281306174,327.17383729482486,327.17383729482486,66.76383551823687,0.1694781690755401,80.24005751889504,81.23896013832669,36.756591796875,82.00292639590069,80.24005751889504,152.0,0.6352941176470588,9370.0,22633.5,-13263.5,9370.0,9663.0,455.0,0.04708682603746248,1,0,1.8888888888888888,0.9193729003359462,3.971170437695075,3.6818934798522767,0.6352941176470588,0.0,4.0,0.0,4.0,36.0,52.0,248.0,0.9411764705882353,215,124.24410640798479,0.0,133,393.93767281306174,0.0,0.0,420.4172446456188,341.9944612110107,0.06298402877093545,3.052886835797075e-05,27.9323,0.0,0.1069272233581898,0.005636998542674766,0.01133203654047495,0.8066193033770597,341.9840205071252,393.93767281306174,80.24005751889504,9370.0,248.0,9370.0,66.76383551823687
27,1.35,126.05045286973954,200.39069036723586,453.68342921026647,186.0383628176048,0.9878712615129877,341.9840205071252,393.93767281306174,327.17383729482486,327.17383729482486,66.76383551823687,0.1694781690755401,80.24005751889504,81.23896013832669,36.756591796875,82.00292639590069,80.24005751889504,152.0,0.6352941176470588,9370.0,22633.5,-13263.5,9370.0,9663.0,455.0,0.04708682603746248,1,0,1.8888888888888888,0.9193729003359462,3.971170437695075,3.6818934798522767,0.6352941176470588,0.0,4.0,0.0,4.0,36.0,52.0,248.0,0.9411764705882353,215,124.24410640798479,0.0,133,393.93767281306174,0.0,0.0,420.4172446456188,341.9944612110107,0.06298402877093545,3.052886835797075e-05,28.0451,0.0,0.1069272233581898,0.005636998542674766,0.01133203654047495,0.8066193033770597,341.9840205071252,393.93767281306174,80.24005751889504,9370.0,248.0,9370.0,66.76383551823687
28,1.4,126.05045286973954,200.39069036723586,453.68342921026647,186.0383628176048,0.9878712615129877,341.9840205071252,393.93767281306174,327.17383729482486,327.17383729482486,66.76383551823687,0.1694781690755401,80.24005751889504,81.23896013832669,36.756591796875,82.00292639590069,80.24005751889504,152.0,0.6352941176470588,9370.0,22633.5,-13263.5,9370.0,9663.0,455.0,0.04708682603746248,1,0,1.8888888888888888,0.9193729003359462,3.971170437695075,3.6818934798522767,0.6352941176470588,0.0,4.0,0.0,4.0,36.0,52.0,248.0,0.9411764705882353,215,124.24410640798479,0.0,133,393.93767281306174,0.0,0.0,420.4172446456188,341.9944612110107,0.06298402877093545,3.052886835797075e-05,28.1579,0.0,0.1069272233581898,0.005636998542674766,0.01133203654047495,0.8066193033770597,341.9840205071252,393.93767281306174,80.24005751889504,9370.0,248.0,9370.0,66.76383551823687
29,1.45,126.05045286973954,200.39069036723586,453.68342921026647,186.0383628176048,0.9878712615129877,341.9840205071252,393.93767281306174,327.17383729482486,327.17383729482486,66.76383551823687,0.1694781690755401,80.24005751889504,81.23896013832669,36.756591796875,82.00292639590069,80.24005751889504,152.0,0.6352941176470588,9370.0,22633.5,-13263.5,9370.0,9663.0,455.0,0.04708682603746248,1,0,1.8888888888888888,0.9193729003359462,3.971170437695075,3.6818934798522767,0.6352941176470588,0.0,4.0,0.0,4.0,36.0,52.0,248.0,0.9411764705882353,215,124.24410640798479,0.0,133,393.93767281306174,0.0,0.0,420.4172446456188,341.9944612110107,0.06298402877093545,3.052886835797075e-05,28.2707,0.0,0.1069272233581898,0.005636998542674766,0.01133203654047495,0.8066193033770597,341.9840205071252,393.93767281306174,80.24005751889504,9370.0,248.0,9370.0,66.76383551823687
30,1.5,126.05045286973954,200.39069036723586,453.68342921026647,186.0383628176048,0.9878712615129877,341.9840205071252,393.93767281306174,327.17383729482486,327.17383729482486,66.76383551823687,0.1694781690755401,80.24005751889504,81.23896013832669,36.756591796875,82.00292639590069,80.24005751889504,152.0,0.6352941176470588,9370.0,22633.5,-13263.5,9370.0,9663.0,455.0,0.04708682603746248,1,0,1.8888888888888888,0.9193729003359462,3.971170437695075,3.6818934798522767,0.6352941176470588,0.0,4.0,0.0,4.0,36.0,52.0,248.0,0.9411764705882353,215,124.24410640798479,0.0,133,393.93767281306174,0.0,0.0,420.4172446456188,341.9944612110107,0.06298402877093545,3.052886835797075e-05,28.3835,0.0,0.1069272233581898,0.005636998542674766,0.01133203654047495,0.8066193033770597,341.9840205071252,393.93767281306174,80.24005751889504,9370.0,248.0,9370.0,66.76383551823687
31,1.55,126.05045286973954,200.39069036723586,453.68342921026647,186.0383628176048,0.9878712615129877,341.9840205071252,393.93767281306174,327.17383729482486,327.17383729482486,66.76383551823687,0.1694781690755401,80.24005751889504,81.23896013832669,36.756591796875,82.00292639590069,80.24005751889504,152.0,0.6352941176470588,9370.0,22633.5,-13263.5,9370.0,9663.0,455.0,0.04708682603746248,1,0,1.8888888888888888,0.9193729003359462,3.971170437695075,3.6818934798522767,0.6352941176470588,0.0,4.0,0.0,4.0,36.0,52.0,248.0,0.9411764705882353,215,124.24410640798479,0.0,133,393.93767281306174,0.0,0.0,420.4172446456188,341.9944612110107,0.06298402877093545,3.052886835797075e-05,28.4962,0.0,0.1069272233581898,0.005636998542674766,0.01133203654047495,0.8066193033770597,341.9840205071252,393.93767281306174,80.24005751889504,9370.0,248.0,9370.0,66.76383551823687
32,1.6,126.05045286973954,200.39069036723586,453.68342921026647,186.0383628176048,0.9878712615129877,341.9840205071252,393.93767281306174,327.17383729482486,327.17383729482486,66.76383551823687,0.1694781690755401,80.24005751889504,81.23896013832669,36.756591796875,82.00292639590069,80.24005751889504,152.0,0.6352941176470588,9370.0,22633.5,-13263.5,9370.0,9663.0,455.0,0.04708682603746248,1,0,1.8888888888888888,0.9193729003359462,3.971170437695075,3.6818934798522767,0.6352941176470588,0.0,4.0,0.0,4.0,36.0,52.0,248.0,0.9411764705882353,215,124.24410640798479,0.0,133,393.93767281306174,0.0,0.0,420.4172446456188,341.9944612110107,0.06298402877093545,3.052886835797075e-05,28.609,0.0,0.1069272233581898,0.005636998542674766,0.01133203654047495,0.8066193033770597,341.9840205071252,393.93767281306174,80.24005751889504,9370.0,248.0,9370.0,66.76383551823687
33,1.65,126.05045286973954,200.39069036723586,453.68342921026647,186.0383628176048,0.9878712615129877,341.9840205071252,393.93767281306174,327.17383729482486,327.17383729482486,66.76383551823687,0.1694781690755401,80.24005751889504,81.23896013832669,36.756591796875,82.00292639590069,80.24005751889504,152.0,0.6352941176470588,9370.0,22633.5,-13263.5,9370.0,9663.0,455.0,0.04708682603746248,1,0,1.8888888888888888,0.9193729003359462,3.971170437695075,3.6818934798522767,0.6352941176470588,0.0,4.0,0.0,4.0,36.0,52.0,248.0,0.9411764705882353,215,124.24410640798479,0.0,133,393.93767281306174,0.0,0.0,420.4172446456188,341.9944612110107,0.06298402877093545,3.052886835797075e-05,28.7218,0.0,0.1069272233581898,0.005636998542674766,0.01133203654047495,0.8066193033770597,341.9840205071252,393.93767281306174,80.24005751889504,9370.0,248.0,9370.0,66.76383551823687
34,1.7,126.05045286973954,200.39069036723586,453.68342921026647,186.0383628176048,0.9878712615129877,341.9840205071252,393.93767281306174,327.17383729482486,327.17383729482486,66.76383551823687,0.1694781690755401,80.24005751889504,81.23896013832669,36.756591796875,82.00292639590069,80.24005751889504,152.0,0.6352941176470588,9370.0,22633.5,-13263.5,9370.0,9663.0,455.0,0.04708682603746248,1,0,1.8888888888888888,0.9193729003359462,3.971170437695075,3.6818934798522767,0.6352941176470588,0.0,4.0,0.0,4.0,36.0,52.0,248.0,0.9411764705882353,215,124.24410640798479,0.0,133,393.93767281306174,0.0,0.0,420.4172446456188,341.9944612110107,0.06298402877093545,3.052886835797075e-05,28.8346,0.0,0.1069272233581898,0.005636998542674766,0.01133203654047495,0.8066193033770597,341.9840205071252,393.93767281306174,80.24005751889504,9370.0,248.0,9370.0,66.76383551823687
35,1.75,126.05045286973954,200.39069036723586,453.68342921026647,186.0383628176048,0.9878712615129877,341.9840205071252,393.93767281306174,327.17383729482486,327.17383729482486,66.76383551823687,0.1694781690755401,80.24005751889504,81.23896013832669,36.756591796875,82.00292639590069,80.24005751889504,152.0,0.6352941176470588,9370.0,22633.5,-13263.5,9370.0,9663.0,455.0,0.04708682603746248,1,0,1.8888888888888888,0.9193729003359462,3.971170437695075,3.6818934798522767,0.6352941176470588,0.0,4.0,0.0,4.0,36.0,52.0,248.0,0.9411764705882353,215,124.24410640798479,0.0,133,393.93767281306174,0.0,0.0,420.4172446456188,341.9944612110107,0.06298402877093545,3.052886835797075e-05,28.9474,0.0,0.1069272233581898,0.005636998542674766,0.01133203654047495,0.8066193033770597,341.9840205071252,393.93767281306174,80.24005751889504,9370.0,248.0,9370.0,66.76383551823687
36,1.8,126.05045286973954,200.39069036723586,453.68342921026647,186.0383628176048,0.9878712615129877,341.9840205071252,393.93767281306174,327.17383729482486,327.17383729482486,66.76383551823687,0.1694781690755401,80.24005751889504,81.23896013832669,36.756591796875,82.00292639590069,80.24005751889504,152.0,0.6352941176470588,9370.0,22633.5,-13263.5,9370.0,9663.0,455.0,0.04708682603746248,1,0,1.8888888888888888,0.9193729003359462,3.971170437695075,3.6818934798522767,0.6352941176470588,0.0,4.0,0.0,4.0,36.0,52.0,248.0,0.9411764705882353,215,124.24410640798479,0.0,133,393.93767281306174,0.0,0.0,420.4172446456188,341.9944612110107,0.06298402877093545,3.052886835797075e-05,29.0602,0.0,0.1069272233581898,0.005636998542674766,0.01133203654047495,0.8066193033770597,341.9840205071252,393.93767281306174,80.24005751889504,9370.0,248.0,9370.0,66.76383551823687
37,1.85,126.05045286973954,200.39069036723586,453.68342921026647,186.0383628176048,0.9878712615129877,341.9840205071252,393.93767281306174,327.17383729482486,327.17383729482486,66.76383551823687,0.1694781690755401,80.24005751889504,81.23896013832669,36.756591796875,82.00292639590069,80.24005751889504,152.0,0.6352941176470588,9370.0,22633.5,-13263.5,9370.0,9663.0,455.0,0.04708682603746248,1,0,1.8888888888888888,0.9193729003359462,3.971170437695075,3.6818934798522767,0.6352941176470588,0.0,4.0,0.0,4.0,36.0,52.0,248.0,0.9411764705882353,215,124.24410640798479,0.0,133,393.93767281306174,0.0,0.0,420.4172446456188,341.9944612110107,0.06298402877093545,3.052886835797075e-05,29.1729,0.0,0.1069272233581898,0.005636998542674766,0.01133203654047495,0.8066193033770597,341.9840205071252,393.93767281306174,80.24005751889504,9370.0,248.0,9370.0,66.76383551823687
38,1.9,126.05045286973954,200.39069036723586,453.68342921026647,186.0383628176048,0.9878712615129877,341.9840205071252,393.93767281306174,327.17383729482486,327.17383729482486,66.76383551823687,0.1694781690755401,80.24005751889504,81.23896013832669,36.756591796875,82.00292639590069,80.24005751889504,152.0,0.6352941176470588,9370.0,22633.5,-13263.5,9370.0,9663.0,455.0,0.04708682603746248,1,0,1.8888888888888888,0.9193729003359462,3.971170437695075,3.6818934798522767,0.6352941176470588,0.0,4.0,0.0,4.0,36.0,52.0,248.0,0.9411764705882353,215,124.24410640798479,0.0,133,393.93767281306174,0.0,0.0,420.4172446456188,341.9944612110107,0.06298402877093545,3.052886835797075e-05,29.2857,0.0,0.1069272233581898,0.005636998542674766,0.01133203654047495,0.8066193033770597,341.9840205071252,393.93767281306174,80.24005751889504,9370.0,248.0,9370.0,66.76383551823687
39,1.95,126.05045286973954,200.39069036723586,453.68342921026647,186.0383628176048,0.9878712615129877,341.9840205071252,393.93767281306174,327.17383729482486,327.17383729482486,66.76383551823687,0.1694781690755401,80.24005751889504,81.23896013832669,36.756591796875,82.00292639590069,80.24005751889504,152.0,0.6352941176470588,9370.0,22633.5,-13263.5,9370.0,9663.0,455.0,0.04708682603746248,1,0,1.8888888888888888,0.9193729003359462,3.971170437695075,3.6818934798522767,0.6352941176470588,0.0,4.0,0.0,4.0,36.0,52.0,248.0,0.9411764705882353,215,124.24410640798479,0.0,133,393.93767281306174,0.0,0.0,420.4172446456188,341.9944612110107,0.06298402877093545,3.052886835797075e-05,29.3985,0.0,0.1069272233581898,0.005636998542674766,0.01133203654047495,0.8066193033770597,341.9840205071252,393.93767281306174,80.24005751889504,9370.0,248.0,9370.0,66.76383551823687
40,2.0,126.05045286973954,200.39069036723586,453.68342921026647,186.0383628176048,0.9878712615129877,341.9840205071252,393.93767281306174,327.17383729482486,327.17383729482486,66.76383551823687,0.1694781690755401,80.24005751889504,81.23896013832669,36.756591796875,82.00292639590069,80.24005751889504,152.0,0.6352941176470588,9370.0,22633.5,-13263.5,9370.0,9663.0,455.0,0.04708682603746248,1,0,1.8888888888888888,0.9193729003359462,3.971170437695075,3.6818934798522767,0.6352941176470588,0.0,4.0,0.0,4.0,36.0,52.0,248.0,0.9411764705882353,215,124.24410640798479,0.0,133,393.93767281306174,0.0,0.0,420.4172446456188,341.9944612110107,0.06298402877093545,3.052886835797075e-05,29.5113,0.0,0.1069272233581898,0.005636998542674766,0.01133203654047495,0.8066193033770597,341.9840205071252,393.93767281306174,80.24005751889504,9370.0,248.0,9370.0,66.76383551823687
41,2.05,126.05045286973954,200.39069036723586,453.68342921026647,186.0383628176048,0.9878712615129877,341.9840205071252,393.93767281306174,327.17383729482486,327.17383729482486,66.76383551823687,0.1694781690755401,80.24005751889504,81.23896013832669,36.756591796875,82.00292639590069,80.24005751889504,152.0,0.6352941176470588,9370.0,22633.5,-13263.5,9370.0,9663.0,455.0,0.04708682603746248,1,0,1.8888888888888888,0.9193729003359462,3.971170437695075,3.6818934798522767,0.6352941176470588,0.0,4.0,0.0,4.0,36.0,52.0,248.0,0.9411764705882353,215,124.24410640798479,0.0,133,393.93767281306174,0.0,0.0,420.4172446456188,341.9944612110107,0.06298402877093545,3.052886835797075e-05,29.6241,0.0,0.1069272233581898,0.005636998542674766,0.01133203654047495,0.8066193033770597,341.9840205071252,393.93767281306174,80.24005751889504,9370.0,248.0,9370.0,66.76383551823687
42,2.1,126.05045286973954,200.39069036723586,453.68342921026647,186.0383628176048,0.9878712615129877,341.9840205071252,393.93767281306174,327.17383729482486,327.17383729482486,66.76383551823687,0.1694781690755401,80.24005751889504,81.23896013832669,36.756591796875,82.00292639590069,80.24005751889504,152.0,0.6352941176470588,9370.0,22633.5,-13263.5,9370.0,9663.0,455.0,0.04708682603746248,1,0,1.8888888888888888,0.9193729003359462,3.971170437695075,3.6818934798522767,0.6352941176470588,0.0,4.0,0.0,4.0,36.0,52.0,248.0,0.9411764705882353,215,124.24410640798479,0.0,133,393.93767281306174,0.0,0.0,420.4172446456188,341.9944612110107,0.06298402877093545,3.052886835797075e-05,29.7368,0.0,0.1069272233581898,0.005636998542674766,0.01133203654047495,0.8066193033770597,341.9840205071252,393.93767281306174,80.24005751889504,9370.0,248.0,9370.0,66.76383551823687
43,2.15,126.05045286973954,200.39069036723586,453.68342921026647,186.0383628176048,0.9878712615129877,341.9840205071252,393.93767281306174,327.17383729482486,327.17383729482486,66.76383551823687,0.1694781690755401,80.24005751889504,81.23896013832669,36.756591796875,82.00292639590069,80.24005751889504,152.0,0.6352941176470588,9370.0,22633.5,-13263.5,9370.0,9663.0,455.0,0.04708682603746248,1,0,1.8888888888888888,0.9193729003359462,3.971170437695075,3.6818934798522767,0.6352941176470588,0.0,4.0,0.0,4.0,36.0,52.0,248.0,0.9411764705882353,215,124.24410640798479,0.0,133,393.93767281306174,0.0,0.0,420.4172446456188,341.9944612110107,0.06298402877093545,3.052886835797075e-05,29.8496,0.0,0.1069272233581898,0.005636998542674766,0.01133203654047495,0.8066193033770597,341.9840205071252,393.93767281306174,80.24005751889504,9370.0,248.0,9370.0,66.76383551823687
44,2.2,126.05045286973954,200.39069036723586,453.68342921026647,186.0383628176048,0.9878712615129877,341.9840205071252,393.93767281306174,327.17383729482486,327.17383729482486,66.76383551823687,0.1694781690755401,80.24005751889504,81.23896013832669,36.756591796875,82.00292639590069,80.24005751889504,152.0,0.6352941176470588,9370.0,22633.5,-13263.5,9370.0,9663.0,455.0,0.04708682603746248,1,0,1.8888888888888888,0.9193729003359462,3.971170437695075,3.6818934798522767,0.6352941176470588,0.0,4.0,0.0,4.0,36.0,52.0,248.0,0.9411764705882353,215,124.24410640798479,0.0,133,393.93767281306174,0.0,0.0,420.4172446456188,341.9944612110107,0.06298402877093545,3.052886835797075e-05,29.9624,0.0,0.1069272233581898,0.005636998542674766,0.01133203654047495,0.8066193033770597,341.9840205071252,393.93767281306174,80.24005751889504,9370.0,248.0,9370.0,66.76383551823687
45,2.25,126.05045286973954,200.39069036723586,453.68342921026647,186.0383628176048,0.9878712615129877,341.9840205071252,393.93767281306174,327.17383729482486,327.17383729482486,66.76383551823687,0.1694781690755401,80.24005751889504,81.23896013832669,36.756591796875,82.00292639590069,80.24005751889504,152.0,0.6352941176470588,9370.0,22633.5,-13263.5,9370.0,9663.0,455.0,0.04708682603746248,1,0,1.8888888888888888,0.9193729003359462,3.971170437695075,3.6818934798522767,0.6352941176470588,0.0,4.0,0.0,4.0,36.0,52.0,248.0,0.9411764705882353,215,124.24410640798479,0.0,133,393.93767281306174,0.0,0.0,420.4172446456188,341.9944612110107,0.06298402877093545,3.052886835797075e-05,30.0752,0.0,0.1069272233581898,0.005636998542674766,0.01133203654047495,0.8066193033770597,341.9840205071252,393.93767281306174,80.24005751889504,9370.0,248.0,9370.0,66.76383551823687
46,2.3,126.05045286973954,200.39069036723586,453.68342921026647,186.0383628176048,0.9878712615129877,341.9840205071252,393.93767281306174,327.17383729482486,327.17383729482486,66.76383551823687,0.1694781690755401,80.24005751889504,81.23896013832669,36.756591796875,82.00292639590069,80.24005751889504,152.0,0.6352941176470588,9370.0,22633.5,-13263.5,9370.0,9663.0,455.0,0.04708682603746248,1,0,1.8888888888888888,0.9193729003359462,3.971170437695075,3.6818934798522767,0.6352941176470588,0.0,4.0,0.0,4.0,36.0,52.0,248.0,0.9411764705882353,215,124.24410640798479,0.0,133,393.93767281306174,0.0,0.0,420.4172446456188,341.9944612110107,0.06298402877093545,3.052886835797075e-05,30.188,0.0,0.1069272233581898,0.005636998542674766,0.01133203654047495,0.8066193033770597,341.9840205071252,393.93767281306174,80.24005751889504,9370.0,248.0,9370.0,66.76383551823687
47,2.35,126.05045286973954,200.39069036723586,453.68342921026647,186.0383628176048,0.9878712615129877,341.9840205071252,393.93767281306174,327.17383729482486,327.17383729482486,66.76383551823687,0.1694781690755401,80.24005751889504,81.23896013832669,36.756591796875,82.00292639590069,80.24005751889504,152.0,0.6352941176470588,9370.0,22633.5,-13263.5,9370.0,9663.0,455.0,0.04708682603746248,1,0,1.8888888888888888,0.9193729003359462,3.971170437695075,3.6818934798522767,0.6352941176470588,0.0,4.0,0.0,4.0,36.0,52.0,248.0,0.9411764705882353,215,124.24410640798479,0.0,133,393.93767281306174,0.0,0.0,420.4172446456188,341.9944612110107,0.06298402877093545,3.052886835797075e-05,30.3008,0.0,0.1069272233581898,0.005636998542674766,0.01133203654047495,0.8066193033770597,341.9840205071252,393.93767281306174,80.24005751889504,9370.0,248.0,9370.0,66.76383551823687
48,2.4,126.05045286973954,200.39069036723586,453.68342921026647,186.0383628176048,0.9878712615129877,341.9840205071252,393.93767281306174,327.17383729482486,327.17383729482486,66.76383551823687,0.1694781690755401,80.24005751889504,81.23896013832669,36.756591796875,82.00292639590069,80.24005751889504,152.0,0.6352941176470588,9370.0,22633.5,-13263.5,9370.0,9663.0,455.0,0.04708682603746248,1,0,1.8888888888888888,0.9193729003359462,3.971170437695075,3.6818934798522767,0.6352941176470588,0.0,4.0,0.0,4.0,36.0,52.0,248.0,0.9411764705882353,215,124.24410640798479,0.0,133,393.93767281306174,0.0,0.0,420.4172446456188,341.9944612110107,0.06298402877093545,3.052886835797075e-05,30.4135,0.0,0.1069272233581898,0.005636998542674766,0.01133203654047495,0.8066193033770597,341.9840205071252,393.93767281306174,80.24005751889504,9370.0,248.0,9370.0,66.76383551823687
49,2.45,126.05045286973954,200.39069036723586,453.68342921026647,186.0383628176048,0.9878712615129877,341.9840205071252,393.93767281306174,327.17383729482486,327.17383729482486,66.76383551823687,0.1694781690755401,80.24005751889504,81.23896013832669,36.756591796875,82.00292639590069,80.24005751889504,152.0,0.6352941176470588,9370.0,22633.5,-13263.5,9370.0,9663.0,455.0,0.04708682603746248,1,0,1.8888888888888888,0.9193729003359462,3.971170437695075,3.6818934798522767,0.6352941176470588,0.0,4.0,0.0,4.0,36.0,52.0,248.0,0.9411764705882353,215,124.24410640798479,0.0,133,393.93767281306174,0.0,0.0,420.4172446456188,341.9944612110107,0.06298402877093545,3.052886835797075e-05,30.5263,0.0,0.1069272233581898,0.005636998542674766,0.01133203654047495,0.8066193033770597,341.9840205071252,393.93767281306174,80.24005751889504,9370.0,248.0,9370.0,66.76383551823687
50,2.5,126.05045286973954,200.39069036723586,453.68342921026647,186.0383628176048,0.9878712615129877,341.9840205071252,393.93767281306174,327.17383729482486,327.17383729482486,66.76383551823687,0.1694781690755401,80.24005751889504,81.23896013832669,36.756591796875,82.00292639590069,80.24005751889504,152.0,0.6352941176470588,9370.0,22633.5,-13263.5,9370.0,9663.0,455.0,0.04708682603746248,1,0,1.8888888888888888,0.9193729003359462,3.971170437695075,3.6818934798522767,0.6352941176470588,0.0,4.0,0.0,4.0,36.0,52.0,248.0,0.9411764705882353,215,124.24410640798479,0.0,133,393.93767281306174,0.0,0.0,420.4172446456188,341.9944612110107,0.06298402877093545,3.052886835797075e-05,30.6391,0.0,0.1069272233581898,0.005636998542674766,0.01133203654047495,0.8066193033770597,341.9840205071252,393.93767281306174,80.24005751889504,9370.0,248.0,9370.0,66.76383551823687
51,2.55,126.05045286973954,200.39069036723586,453.68342921026647,186.0383628176048,0.9878712615129877,341.9840205071252,393.93767281306174,327.17383729482486,327.17383729482486,66.76383551823687,0.1694781690755401,80.24005751889504,81.23896013832669,36.756591796875,82.00292639590069,80.24005751889504,152.0,0.6352941176470588,9370.0,22633.5,-13263.5,9370.0,9663.0,455.0,0.04708682603746248,1,0,1.8888888888888888,0.9193729003359462,3.971170437695075,3.6818934798522767,0.6352941176470588,0.0,4.0,0.0,4.0,36.0,52.0,248.0,0.9411764705882353,215,124.24410640798479,0.0,133,393.93767281306174,0.0,0.0,420.4172446456188,341.9944612110107,0.06298402877093545,3.052886835797075e-05,30.7519,0.0,0.1069272233581898,0.005636998542674766,0.01133203654047495,0.8066193033770597,341.9840205071252,393.93767281306174,80.24005751889504,9370.0,248.0,9370.0,66.76383551823687
52,2.6,126.05045286973954,200.39069036723586,453.68342921026647,186.0383628176048,0.9878712615129877,341.9840205071252,393.93767281306174,327.17383729482486,327.17383729482486,66.76383551823687,0.1694781690755401,80.24005751889504,81.23896013832669,36.756591796875,82.00292639590069,80.24005751889504,152.0,0.6352941176470588,9370.0,22633.5,-13263.5,9370.0,9663.0,455.0,0.04708682603746248,1,0,1.8888888888888888,0.9193729003359462,3.971170437695075,3.6818934798522767,0.6352941176470588,0.0,4.0,0.0,4.0,36.0,52.0,248.0,0.9411764705882353,215,124.24410640798479,0.0,133,393.93767281306174,0.0,0.0,420.4172446456188,341.9944612110107,0.06298402877093545,3.052886835797075e-05,30.8647,0.0,0.1069272233581898,0.005636998542674766,0.01133203654047495,0.8066193033770597,341.9840205071252,393.93767281306174,80.24005751889504,9370.0,248.0,9370.0,66.76383551823687
53,2.65,126.05045286973954,200.39069036723586,453.68342921026647,186.0383628176048,0.9878712615129877,341.9840205071252,393.93767281306174,327.17383729482486,327.17383729482486,66.76383551823687,0.1694781690755401,80.24005751889504,81.23896013832669,36.756591796875,82.00292639590069,80.24005751889504,152.0,0.6352941176470588,9370.0,22633.5,-13263.5,9370.0,9663.0,455.0,0.04708682603746248,1,0,1.8888888888888888,0.9193729003359462,3.971170437695075,3.6818934798522767,0.6352941176470588,0.0,4.0,0.0,4.0,36.0,52.0,248.0,0.9411764705882353,215,124.24410640798479,0.0,133,393.93767281306174,0.0,0.0,420.4172446456188,341.9944612110107,0.06298402877093545,3.052886835797075e-05,30.9774,0.0,0.1069272233581898,0.005636998542674766,0.01133203654047495,0.8066193033770597,341.9840205071252,393.93767281306174,80.24005751889504,9370.0,248.0,9370.0,66.76383551823687
54,2.7,126.05045286973954,200.39069036723586,453.68342921026647,186.0383628176048,0.9878712615129877,341.9840205071252,393.93767281306174,327.17383729482486,327.17383729482486,66.76383551823687,0.1694781690755401,80.24005751889504,81.23896013832669,36.756591796875,82.00292639590069,80.24005751889504,152.0,0.6352941176470588,9370.0,22633.5,-13263.5,9370.0,9663.0,455.0,0.04708682603746248,1,0,1.8888888888888888,0.9193729003359462,3.971170437695075,3.6818934798522767,0.6352941176470588,0.0,4.0,0.0,4.0,36.0,52.0,248.0,0.9411764705882353,215,124.24410640798479,0.0,133,393.93767281306174,0.0,0.0,420.4172446456188,341.9944612110107,0.06298402877093545,3.052886835797075e-05,31.0902,0.0,0.1069272233581898,0.005636998542674766,0.01133203654047495,0.8066193033770597,341.9840205071252,393.93767281306174,80.24005751889504,9370.0,248.0,9370.0,66.76383551823687
55,2.75,126.05045286973954,200.39069036723586,453.68342921026647,186.0383628176048,0.9878712615129877,341.9840205071252,393.93767281306174,327.17383729482486,327.17383729482486,66.76383551823687,0.1694781690755401,80.24005751889504,81.23896013832669,36.756591796875,82.00292639590069,80.24005751889504,152.0,0.6352941176470588,9370.0,22633.5,-13263.5,9370.0,9663.0,455.0,0.04708682603746248,1,0,1.8888888888888888,0.9193729003359462,3.971170437695075,3.6818934798522767,0.6352941176470588,0.0,4.0,0.0,4.0,36.0,52.0,248.0,0.9411764705882353,215,124.24410640798479,0.0,133,393.93767281306174,0.0,0.0,420.4172446456188,341.9944612110107,0.06298402877093545,3.052886835797075e-05,31.203,0.0,0.1069272233581898,0.005636998542674766,0.01133203654047495,0.8066193033770597,341.9840205071252,393.93767281306174,80.24005751889504,9370.0,248.0,9370.0,66.76383551823687
56,2.8,126.05045286973954,200.39069036723586,453.68342921026647,186.0383628176048,0.9878712615129877,341.9840205071252,393.93767281306174,327.17383729482486,327.17383729482486,66.76383551823687,0.1694781690755401,80.24005751889504,81.23896013832669,36.756591796875,82.00292639590069,80.24005751889504,152.0,0.6352941176470588,9370.0,22633.5,-13263.5,9370.0,9663.0,455.0,0.04708682603746248,1,0,1.8888888888888888,0.9193729003359462,3.971170437695075,3.6818934798522767,0.6352941176470588,0.0,4.0,0.0,4.0,36.0,52.0,248.0,0.9411764705882353,215,124.24410640798479,0.0,133,393.93767281306174,0.0,0.0,420.4172446456188,341.9944612110107,0.06298402877093545,3.052886835797075e-05,31.3158,0.0,0.1069272233581898,0.005636998542674766,0.01133203654047495,0.8066193033770597,341.9840205071252,393.93767281306174,80.24005751889504,9370.0,248.0,9370.0,66.76383551823687
57,2.85,126.05045286973954,200.39069036723586,453.68342921026647,186.0383628176048,0.9878712615129877,341.9840205071252,393.93767281306174,327.17383729482486,327.17383729482486,66.76383551823687,0.1694781690755401,80.24005751889504,81.23896013832669,36.756591796875,82.00292639590069,80.24005751889504,152.0,0.6352941176470588,9370.0,22633.5,-13263.5,9370.0,9663.0,455.0,0.04708682603746248,1,0,1.8888888888888888,0.9193729003359462,3.971170437695075,3.6818934798522767,0.6352941176470588,0.0,4.0,0.0,4.0,36.0,52.0,248.0,0.9411764705882353,215,124.24410640798479,0.0,133,393.93767281306174,0.0,0.0,420.4172446456188,341.9944612110107,0.06298402877093545,3.052886835797075e-05,31.4286,0.0,0.1069272233581898,0.005636998542674766,0.01133203654047495,0.8066193033770597,341.9840205071252,393.93767281306174,80.24005751889504,9370.0,248.0,9370.0,66.76383551823687
58,2.9,126.05045286973954,200.39069036723586,453.68342921026647,186.0383628176048,0.9878712615129877,341.9840205071252,393.93767281306174,327.17383729482486,327.17383729482486,66.76383551823687,0.1694781690755401,80.24005751889504,81.23896013832669,36.756591796875,82.00292639590069,80.24005751889504,152.0,0.6352941176470588,9370.0,22633.5,-13263.5,9370.0,9663.0,455.0,0.04708682603746248,1,0,1.8888888888888888,0.9193729003359462,3.971170437695075,3.6818934798522767,0.6352941176470588,0.0,4.0,0.0,4.0,36.0,52.0,248.0,0.9411764705882353,215,124.24410640798479,0.0,133,393.93767281306174,0.0,0.0,420.4172446456188,341.9944612110107,0.06298402877093545,3.052886835797075e-05,31.5414,0.0,0.1069272233581898,0.005636998542674766,0.01133203654047495,0.8066193033770597,341.9840205071252,393.93767281306174,80.24005751889504,9370.0,248.0,9370.0,66.76383551823687
59,2.95,126.05045286973954,200.39069036723586,453.68342921026647,186.0383628176048,0.9878712615129877,341.9840205071252,393.93767281306174,327.17383729482486,327.17383729482486,66.76383551823687,0.1694781690755401,80.24005751889504,81.23896013832669,36.756591796875,82.00292639590069,80.24005751889504,152.0,0.6352941176470588,9370.0,22633.5,-13263.5,9370.0,9663.0,455.0,0.04708682603746248,1,0,1.8888888888888888,0.9193729003359462,3.971170437695075,3.6818934798522767,0.6352941176470588,0.0,4.0,0.0,4.0,36.0,52.0,248.0,0.9411764705882353,215,124.24410640798479,0.0,133,393.93767281306174,0.0,0.0,420.4172446456188,341.9944612110107,0.06298402877093545,3.052886835797075e-05,31.6541,0.0,0.1069272233581898,0.005636998542674766,0.01133203654047495,0.8066193033770597,341.9840205071252,393.93767281306174,80.24005751889504,9370.0,248.0,9370.0,66.76383551823687
60,3.0,126.05045286973954,200.39069036723586,453.68342921026647,186.0383628176048,0.9878712615129877,341.9840205071252,393.93767281306174,327.17383729482486,327.17383729482486,66.76383551823687,0.1694781690755401,80.24005751889504,81.23896013832669,36.756591796875,82.00292639590069,80.24005751889504,152.0,0.6352941176470588,9370.0,22633.5,-13263.5,9370.0,9663.0,455.0,0.04708682603746248,1,0,1.8888888888888888,0.9193729003359462,3.971170437695075,3.6818934798522767,0.6352941176470588,0.0,4.0,0.0,4.0,36.0,52.0,248.0,0.9411764705882353,215,124.24410640798479,0.0,133,393.93767281306174,0.0,0.0,420.4172446456188,341.9944612110107,0.06298402877093545,3.052886835797075e-05,31.7669,0.0,0.1069272233581898,0.005636998542674766,0.01133203654047495,0.8066193033770597,341.9840205071252,393.93767281306174,80.24005751889504,9370.0,248.0,9370.0,66.76383551823687
61,3.05,126.05045286973954,200.39069036723586,453.68342921026647,186.0383628176048,0.9878712615129877,341.9840205071252,393.93767281306174,327.17383729482486,327.17383729482486,66.76383551823687,0.1694781690755401,80.24005751889504,81.23896013832669,36.756591796875,82.00292639590069,80.24005751889504,152.0,0.6352941176470588,9370.0,22633.5,-13263.5,9370.0,9663.0,455.0,0.04708682603746248,1,0,1.8888888888888888,0.9193729003359462,3.971170437695075,3.6818934798522767,0.6352941176470588,0.0,4.0,0.0,4.0,36.0,52.0,248.0,0.9411764705882353,215,124.24410640798479,0.0,133,393.93767281306174,0.0,0.0,420.4172446456188,341.9944612110107,0.06298402877093545,3.052886835797075e-05,31.8797,0.0,0.1069272233581898,0.005636998542674766,0.01133203654047495,0.8066193033770597,341.9840205071252,393.93767281306174,80.24005751889504,9370.0,248.0,9370.0,66.76383551823687
62,3.1,126.05045286973954,200.39069036723586,453.68342921026647,186.0383628176048,0.9878712615129877,341.9840205071252,393.93767281306174,327.17383729482486,327.17383729482486,66.76383551823687,0.1694781690755401,80.24005751889504,81.23896013832669,36.756591796875,82.00292639590069,80.24005751889504,152.0,0.6352941176470588,9370.0,22633.5,-13263.5,9370.0,9663.0,455.0,0.04708682603746248,1,0,1.8888888888888888,0.9193729003359462,3.971170437695075,3.6818934798522767,0.6352941176470588,0.0,4.0,0.0,4.0,36.0,52.0,248.0,0.9411764705882353,215,124.24410640798479,0.0,133,393.93767281306174,0.0,0.0,420.4172446456188,341.9944612110107,0.06298402877093545,3.052886835797075e-05,31.9925,0.0,0.1069272233581898,0.005636998542674766,0.01133203654047495,0.8066193033770597,341.9840205071252,393.93767281306174,80.24005751889504,9370.0,248.0,9370.0,66.76383551823687
63,3.15,126.05045286973954,200.39069036723586,453.68342921026647,186.0383628176048,0.9878712615129877,341.9840205071252,393.93767281306174,327.17383729482486,327.17383729482486,66.76383551823687,0.1694781690755401,80.24005751889504,81.23896013832669,36.756591796875,82.00292639590069,80.24005751889504,152.0,0.6352941176470588,9370.0,22633.5,-13263.5,9370.0,9663.0,455.0,0.04708682603746248,1,0,1.8888888888888888,0.9193729003359462,3.971170437695075,3.6818934798522767,0.6352941176470588,0.0,4.0,0.0,4.0,36.0,52.0,248.0,0.9411764705882353,215,124.24410640798479,0.0,133,393.93767281306174,0.0,0.0,420.4172446456188,341.9944612110107,0.06298402877093545,3.052886835797075e-05,32.1053,0.0,0.1069272233581898,0.005636998542674766,0.01133203654047495,0.8066193033770597,341.9840205071252,393.93767281306174,80.24005751889504,9370.0,248.0,9370.0,66.76383551823687
64,3.2,126.05045286973954,200.39069036723586,453.68342921026647,186.0383628176048,0.9878712615129877,341.9840205071252,393.93767281306174,327.17383729482486,327.17383729482486,66.76383551823687,0.1694781690755401,80.24005751889504,81.23896013832669,36.756591796875,82.00292639590069,80.24005751889504,152.0,0.6352941176470588,9370.0,22633.5,-13263.5,9370.0,9663.0,455.0,0.04708682603746248,1,0,1.8888888888888888,0.9193729003359462,3.971170437695075,3.6818934798522767,0.6352941176470588,0.0,4.0,0.0,4.0,36.0,52.0,248.0,0.9411764705882353,215,124.24410640798479,0.0,133,393.93767281306174,0.0,0.0,420.4172446456188,341.9944612110107,0.06298402877093545,3.052886835797075e-05,32.218,0.0,0.1069272233581898,0.005636998542674766,0.01133203654047495,0.8066193033770597,341.9840205071252,393.93767281306174,80.24005751889504,9370.0,248.0,9370.0,66.76383551823687
65,3.25,126.05045286973954,200.39069036723586,453.68342921026647,186.0383628176048,0.9878712615129877,341.9840205071252,393.93767281306174,327.17383729482486,327.17383729482486,66.76383551823687,0.1694781690755401,80.24005751889504,81.23896013832669,36.756591796875,82.00292639590069,80.24005751889504,152.0,0.6352941176470588,9370.0,22633.5,-13263.5,9370.0,9663.0,455.0,0.04708682603746248,1,0,1.8888888888888888,0.9193729003359462,3.971170437695075,3.6818934798522767,0.6352941176470588,0.0,4.0,0.0,4.0,36.0,52.0,248.0,0.9411764705882353,215,124.24410640798479,0.0,133,393.93767281306174,0.0,0.0,420.4172446456188,341.9944612110107,0.06298402877093545,3.052886835797075e-05,32.3308,0.0,0.1069272233581898,0.005636998542674766,0.01133203654047495,0.8066193033770597,341.9840205071252,393.93767281306174,80.24005751889504,9370.0,248.0,9370.0,66.76383551823687
66,3.3,126.05045286973954,200.39069036723586,453.68342921026647,186.0383628176048,0.9878712615129877,341.9840205071252,393.93767281306174,327.17383729482486,327.17383729482486,66.76383551823687,0.1694781690755401,80.24005751889504,81.23896013832669,36.756591796875,82.00292639590069,80.24005751889504,152.0,0.6352941176470588,9370.0,22633.5,-13263.5,9370.0,9663.0,455.0,0.04708682603746248,1,0,1.8888888888888888,0.9193729003359462,3.971170437695075,3.6818934798522767,0.6352941176470588,0.0,4.0,0.0,4.0,36.0,52.0,248.0,0.9411764705882353,215,124.24410640798479,0.0,133,393.93767281306174,0.0,0.0,420.4172446456188,341.9944612110107,0.06298402877093545,3.052886835797075e-05,32.4436,0.0,0.1069272233581898,0.005636998542674766,0.01133203654047495,0.8066193033770597,341.9840205071252,393.93767281306174,80.24005751889504,9370.0,248.0,9370.0,66.76383551823687
67,3.35,126.05045286973954,200.39069036723586,453.68342921026647,186.0383628176048,0.9878712615129877,341.9840205071252,393.93767281306174,327.17383729482486,327.17383729482486,66.76383551823687,0.1694781690755401,80.24005751889504,81.23896013832669,36.756591796875,82.00292639590069,80.24005751889504,152.0,0.6352941176470588,9370.0,22633.5,-13263.5,9370.0,9663.0,455.0,0.04708682603746248,1,0,1.8888888888888888,0.9193729003359462,3.971170437695075,3.6818934798522767,0.6352941176470588,0.0,4.0,0.0,4.0,36.0,52.0,248.0,0.9411764705882353,215,124.24410640798479,0.0,133,393.93767281306174,0.0,0.0,420.4172446456188,341.9944612110107,0.06298402877093545,3.052886835797075e-05,32.5564,0.0,0.1069272233581898,0.005636998542674766,0.01133203654047495,0.8066193033770597,341.9840205071252,393.93767281306174,80.24005751889504,9370.0,248.0,9370.0,66.76383551823687
68,3.4,126.05045286973954,200.39069036723586,453.68342921026647,186.0383628176048,0.9878712615129877,341.9840205071252,393.93767281306174,327.17383729482486,327.17383729482486,66.76383551823687,0.1694781690755401,80.24005751889504,81.23896013832669,36.756591796875,82.00292639590069,80.24005751889504,152.0,0.6352941176470588,9370.0,22633.5,-13263.5,9370.0,9663.0,455.0,0.04708682603746248,1,0,1.8888888888888888,0.9193729003359462,3.971170437695075,3.6818934798522767,0.6352941176470588,0.0,4.0,0.0,4.0,36.0,52.0,248.0,0.9411764705882353,215,124.24410640798479,0.0,133,393.93767281306174,0.0,0.0,420.4172446456188,341.9944612110107,0.06298402877093545,3.052886835797075e-05,32.6692,0.0,0.1069272233581898,0.005636998542674766,0.01133203654047495,0.8066193033770597,341.9840205071252,393.93767281306174,80.24005751889504,9370.0,248.0,9370.0,66.76383551823687
69,3.45,126.05045286973954,200.39069036723586,453.68342921026647,186.0383628176048,0.9878712615129877,341.9840205071252,393.93767281306174,327.17383729482486,327.17383729482486,66.76383551823687,0.1694781690755401,80.24005751889504,81.23896013832669,36.756591796875,82.00292639590069,80.24005751889504,152.0,0.6352941176470588,9370.0,22633.5,-13263.5,9370.0,9663.0,455.0,0.04708682603746248,1,0,1.8888888888888888,0.9193729003359462,3.971170437695075,3.6818934798522767,0.6352941176470588,0.0,4.0,0.0,4.0,36.0,52.0,248.0,0.9411764705882353,215,124.24410640798479,0.0,133,393.93767281306174,0.0,0.0,420.4172446456188,341.9944612110107,0.06298402877093545,3.052886835797075e-05,32.782,0.0,0.1069272233581898,0.005636998542674766,0.01133203654047495,0.8066193033770597,341.9840205071252,393.93767281306174,80.24005751889504,9370.0,248.0,9370.0,66.76383551823687
70,3.5,126.05045286973954,200.39069036723586,453.68342921026647,186.0383628176048,0.9878712615129877,341.9840205071252,393.93767281306174,327.17383729482486,327.17383729482486,66.76383551823687,0.1694781690755401,80.24005751889504,81.23896013832669,36.756591796875,82.00292639590069,80.24005751889504,152.0,0.6352941176470588,9370.0,22633.5,-13263.5,9370.0,9663.0,455.0,0.04708682603746248,1,0,1.8888888888888888,0.9193729003359462,3.971170437695075,3.6818934798522767,0.6352941176470588,0.0,4.0,0.0,4.0,36.0,52.0,248.0,0.9411764705882353,215,124.24410640798479,0.0,133,393.93767281306174,0.0,0.0,420.4172446456188,341.9944612110107,0.06298402877093545,3.052886835797075e-05,32.8947,0.0,0.1069272233581898,0.005636998542674766,0.01133203654047495,0.8066193033770597,341.9840205071252,393.93767281306174,80.24005751889504,9370.0,248.0,9370.0,66.76383551823687
71,3.55,126.05045286973954,200.39069036723586,453.68342921026647,186.0383628176048,0.9878712615129877,341.9840205071252,393.93767281306174,327.17383729482486,327.17383729482486,66.76383551823687,0.1694781690755401,80.24005751889504,81.23896013832669,36.756591796875,82.00292639590069,80.24005751889504,152.0,0.6352941176470588,9370.0,22633.5,-13263.5,9370.0,9663.0,455.0,0.04708682603746248,1,0,1.8888888888888888,0.9193729003359462,3.971170437695075,3.6818934798522767,0.6352941176470588,0.0,4.0,0.0,4.0,36.0,52.0,248.0,0.9411764705882353,215,124.24410640798479,0.0,133,393.93767281306174,0.0,0.0,420.4172446456188,341.9944612110107,0.06298402877093545,3.052886835797075e-05,33.0075,0.0,0.1069272233581898,0.005636998542674766,0.01133203654047495,0.8066193033770597,341.9840205071252,393.93767281306174,80.24005751889504,9370.0,248.0,9370.0,66.76383551823687
72,3.6,126.05045286973954,200.39069036723586,453.68342921026647,186.0383628176048,0.9878712615129877,341.9840205071252,393.93767281306174,327.17383729482486,327.17383729482486,66.76383551823687,0.1694781690755401,80.24005751889504,81.23896013832669,36.756591796875,82.00292639590069,80.24005751889504,152.0,0.6352941176470588,9370.0,22633.5,-13263.5,9370.0,9663.0,455.0,0.04708682603746248,1,0,1.8888888888888888,0.9193729003359462,3.971170437695075,3.6818934798522767,0.6352941176470588,0.0,4.0,0.0,4.0,36.0,52.0,248.0,0.9411764705882353,215,124.24410640798479,0.0,133,393.93767281306174,0.0,0.0,420.4172446456188,341.9944612110107,0.06298402877093545,3.052886835797075e-05,33.1203,0.0,0.1069272233581898,0.005636998542674766,0.01133203654047495,0.8066193033770597,341.9840205071252,393.93767281306174,80.24005751889504,9370.0,248.0,9370.0,66.76383551823687
73,3.65,126.05045286973954,200.39069036723586,453.68342921026647,186.0383628176048,0.9878712615129877,341.9840205071252,393.93767281306174,327.17383729482486,327.17383729482486,66.76383551823687,0.1694781690755401,80.24005751889504,81.23896013832669,36.756591796875,82.00292639590069,80.24005751889504,152.0,0.6352941176470588,9370.0,22633.5,-13263.5,9370.0,9663.0,455.0,0.04708682603746248,1,0,1.8888888888888888,0.9193729003359462,3.971170437695075,3.6818934798522767,0.6352941176470588,0.0,4.0,0.0,4.0,36.0,52.0,248.0,0.9411764705882353,215,124.24410640798479,0.0,133,393.93767281306174,0.0,0.0,420.4172446456188,341.9944612110107,0.06298402877093545,3.052886835797075e-05,33.2331,0.0,0.1069272233581898,0.005636998542674766,0.01133203654047495,0.8066193033770597,341.9840205071252,393.93767281306174,80.24005751889504,9370.0,248.0,9370.0,66.76383551823687
74,3.7,126.05045286973954,200.39069036723586,453.68342921026647,186.0383628176048,0.9878712615129877,341.9840205071252,393.93767281306174,327.17383729482486,327.17383729482486,66.76383551823687,0.1694781690755401,80.24005751889504,81.23896013832669,36.756591796875,82.00292639590069,80.24005751889504,152.0,0.6352941176470588,9370.0,22633.5,-13263.5,9370.0,9663.0,455.0,0.04708682603746248,1,0,1.8888888888888888,0.9193729003359462,3.971170437695075,3.6818934798522767,0.6352941176470588,0.0,4.0,0.0,4.0,36.0,52.0,248.0,0.9411764705882353,215,124.24410640798479,0.0,133,393.93767281306174,0.0,0.0,420.4172446456188,341.9944612110107,0.06298402877093545,3.052886835797075e-05,33.3459,0.0,0.1069272233581898,0.005636998542674766,0.01133203654047495,0.8066193033770597,341.9840205071252,393.93767281306174,80.24005751889504,9370.0,248.0,9370.0,66.76383551823687
75,3.75,126.05045286973954,200.39069036723586,453.68342921026647,186.0383628176048,0.9878712615129877,341.9840205071252,393.93767281306174,327.17383729482486,327.17383729482486,66.76383551823687,0.1694781690755401,80.24005751889504,81.23896013832669,36.756591796875,82.00292639590069,80.24005751889504,152.0,0.6352941176470588,9370.0,22633.5,-13263.5,9370.0,9663.0,455.0,0.04708682603746248,1,0,1.8888888888888888,0.9193729003359462,3.971170437695075,3.6818934798522767,0.6352941176470588,0.0,4.0,0.0,4.0,36.0,52.0,248.0,0.9411764705882353,215,124.24410640798479,0.0,133,393.93767281306174,0.0,0.0,420.4172446456188,341.9944612110107,0.06298402877093545,3.052886835797075e-05,33.4586,0.0,0.1069272233581898,0.005636998542674766,0.01133203654047495,0.8066193033770597,341.9840205071252,393.93767281306174,80.24005751889504,9370.0,248.0,9370.0,66.76383551823687
76,3.8,126.05045286973954,200.39069036723586,453.68342921026647,186.0383628176048,0.9878712615129877,341.9840205071252,393.93767281306174,327.17383729482486,327.17383729482486,66.76383551823687,0.1694781690755401,80.24005751889504,81.23896013832669,36.756591796875,82.00292639590069,80.24005751889504,152.0,0.6352941176470588,9370.0,22633.5,-13263.5,9370.0,9663.0,455.0,0.04708682603746248,1,0,1.8888888888888888,0.9193729003359462,3.971170437695075,3.6818934798522767,0.6352941176470588,0.0,4.0,0.0,4.0,36.0,52.0,248.0,0.9411764705882353,215,124.24410640798479,0.0,133,393.93767281306174,0.0,0.0,420.4172446456188,341.9944612110107,0.06298402877093545,3.052886835797075e-05,33.5714,0.0,0.1069272233581898,0.005636998542674766,0.01133203654047495,0.8066193033770597,341.9840205071252,393.93767281306174,80.24005751889504,9370.0,248.0,9370.0,66.76383551823687
77,3.85,126.05045286973954,200.39069036723586,453.68342921026647,186.0383628176048,0.9878712615129877,341.9840205071252,393.93767281306174,327.17383729482486,327.17383729482486,66.76383551823687,0.1694781690755401,80.24005751889504,81.23896013832669,36.756591796875,82.00292639590069,80.24005751889504,152.0,0.6352941176470588,9370.0,22633.5,-13263.5,9370.0,9663.0,455.0,0.04708682603746248,1,0,1.8888888888888888,0.9193729003359462,3.971170437695075,3.6818934798522767,0.6352941176470588,0.0,4.0,0.0,4.0,36.0,52.0,248.0,0.9411764705882353,215,124.24410640798479,0.0,133,393.93767281306174,0.0,0.0,420.4172446456188,341.9944612110107,0.06298402877093545,3.052886835797075e-05,33.6842,0.0,0.1069272233581898,0.005636998542674766,0.01133203654047495,0.8066193033770597,341.9840205071252,393.93767281306174,80.24005751889504,9370.0,248.0,9370.0,66.76383551823687
78,3.9,126.05045286973954,200.39069036723586,453.68342921026647,186.0383628176048,0.9878712615129877,341.9840205071252,393.93767281306174,327.17383729482486,327.17383729482486,66.76383551823687,0.1694781690755401,80.24005751889504,81.23896013832669,36.756591796875,82.00292639590069,80.24005751889504,152.0,0.6352941176470588,9370.0,22633.5,-13263.5,9370.0,9663.0,455.0,0.04708682603746248,1,0,1.8888888888888888,0.9193729003359462,3.971170437695075,3.6818934798522767,0.6352941176470588,0.0,4.0,0.0,4.0,36.0,52.0,248.0,0.9411764705882353,215,124.24410640798479,0.0,133,393.93767281306174,0.0,0.0,420.4172446456188,341.9944612110107,0.06298402877093545,3.052886835797075e-05,33.797,0.0,0.1069272233581898,0.005636998542674766,0.01133203654047495,0.8066193033770597,341.9840205071252,393.93767281306174,80.24005751889504,9370.0,248.0,9370.0,66.76383551823687
79,3.95,126.05045286973954,200.39069036723586,453.68342921026647,186.0383628176048,0.9878712615129877,341.9840205071252,393.93767281306174,327.17383729482486,327.17383729482486,66.76383551823687,0.1694781690755401,80.24005751889504,81.23896013832669,36.756591796875,82.00292639590069,80.24005751889504,152.0,0.6352941176470588,9370.0,22633.5,-13263.5,9370.0,9663.0,455.0,0.04708682603746248,1,0,1.8888888888888888,0.9193729003359462,3.971170437695075,3.6818934798522767,0.6352941176470588,0.0,4.0,0.0,4.0,36.0,52.0,248.0,0.9411764705882353,215,124.24410640798479,0.0,133,393.93767281306174,0.0,0.0,420.4172446456188,341.9944612110107,0.06298402877093545,3.052886835797075e-05,33.9098,0.0,0.1069272233581898,0.005636998542674766,0.01133203654047495,0.8066193033770597,341.9840205071252,393.93767281306174,80.24005751889504,9370.0,248.0,9370.0,66.76383551823687
80,4.0,126.05045286973954,200.39069036723586,453.68342921026647,186.0383628176048,0.9878712615129877,341.9840205071252,393.93767281306174,327.17383729482486,327.17383729482486,66.76383551823687,0.1694781690755401,80.24005751889504,81.23896013832669,36.756591796875,82.00292639590069,80.24005751889504,152.0,0.6352941176470588,9370.0,22633.5,-13263.5,9370.0,9663.0,455.0,0.04708682603746248,1,0,1.8888888888888888,0.9193729003359462,3.971170437695075,3.6818934798522767,0.6352941176470588,0.0,4.0,0.0,4.0,36.0,52.0,248.0,0.9411764705882353,215,124.24410640798479,0.0,133,393.93767281306174,0.0,0.0,420.4172446456188,341.9944612110107,0.06298402877093545,3.052886835797075e-05,34.0226,0.0,0.1069272233581898,0.005636998542674766,0.01133203654047495,0.8066193033770597,341.9840205071252,393.93767281306174,80.24005751889504,9370.0,248.0,9370.0,66.76383551823687
81,4.05,126.05045286973954,200.39069036723586,453.68342921026647,186.0383628176048,0.9878712615129877,341.9840205071252,393.93767281306174,327.17383729482486,327.17383729482486,66.76383551823687,0.1694781690755401,80.24005751889504,81.23896013832669,36.756591796875,82.00292639590069,80.24005751889504,152.0,0.6352941176470588,9370.0,22633.5,-13263.5,9370.0,9663.0,455.0,0.04708682603746248,1,0,1.8888888888888888,0.9193729003359462,3.971170437695075,3.6818934798522767,0.6352941176470588,0.0,4.0,0.0,4.0,36.0,52.0,248.0,0.9411764705882353,215,124.24410640798479,0.0,133,393.93767281306174,0.0,0.0,420.4172446456188,341.9944612110107,0.06298402877093545,3.052886835797075e-05,34.1353,0.0,0.1069272233581898,0.005636998542674766,0.01133203654047495,0.8066193033770597,341.9840205071252,393.93767281306174,80.24005751889504,9370.0,248.0,9370.0,66.76383551823687
82,4.1,126.05045286973954,200.39069036723586,453.68342921026647,186.0383628176048,0.9878712615129877,341.9840205071252,393.93767281306174,327.17383729482486,327.17383729482486,66.76383551823687,0.1694781690755401,80.24005751889504,81.23896013832669,36.756591796875,82.00292639590069,80.24005751889504,152.0,0.6352941176470588,9370.0,22633.5,-13263.5,9370.0,9663.0,455.0,0.04708682603746248,1,0,1.8888888888888888,0.9193729003359462,3.971170437695075,3.6818934798522767,0.6352941176470588,0.0,4.0,0.0,4.0,36.0,52.0,248.0,0.9411764705882353,215,124.24410640798479,0.0,133,393.93767281306174,0.0,0.0,420.4172446456188,341.9944612110107,0.06298402877093545,3.052886835797075e-05,34.2481,0.0,0.1069272233581898,0.005636998542674766,0.01133203654047495,0.8066193033770597,341.9840205071252,393.93767281306174,80.24005751889504,9370.0,248.0,9370.0,66.76383551823687
83,4.15,126.05045286973954,200.39069036723586,453.68342921026647,186.0383628176048,0.9878712615129877,341.9840205071252,393.93767281306174,327.17383729482486,327.17383729482486,66.76383551823687,0.1694781690755401,80.24005751889504,81.23896013832669,36.756591796875,82.00292639590069,80.24005751889504,152.0,0.6352941176470588,9370.0,22633.5,-13263.5,9370.0,9663.0,455.0,0.04708682603746248,1,0,1.8888888888888888,0.9193729003359462,3.971170437695075,3.6818934798522767,0.6352941176470588,0.0,4.0,0.0,4.0,36.0,52.0,248.0,0.9411764705882353,215,124.24410640798479,0.0,133,393.93767281306174,0.0,0.0,420.4172446456188,341.9944612110107,0.06298402877093545,3.052886835797075e-05,34.3609,0.0,0.1069272233581898,0.005636998542674766,0.01133203654047495,0.8066193033770597,341.9840205071252,393.93767281306174,80.24005751889504,9370.0,248.0,9370.0,66.76383551823687
84,4.2,126.05045286973954,200.39069036723586,453.68342921026647,186.0383628176048,0.9878712615129877,341.9840205071252,393.93767281306174,327.17383729482486,327.17383729482486,66.76383551823687,0.1694781690755401,80.24005751889504,81.23896013832669,36.756591796875,82.00292639590069,80.24005751889504,152.0,0.6352941176470588,9370.0,22633.5,-13263.5,9370.0,9663.0,455.0,0.04708682603746248,1,0,1.8888888888888888,0.9193729003359462,3.971170437695075,3.6818934798522767,0.6352941176470588,0.0,4.0,0.0,4.0,36.0,52.0,248.0,0.9411764705882353,215,124.24410640798479,0.0,133,393.93767281306174,0.0,0.0,420.4172446456188,341.9944612110107,0.06298402877093545,3.052886835797075e-05,34.4737,0.0,0.1069272233581898,0.005636998542674766,0.01133203654047495,0.8066193033770597,341.9840205071252,393.93767281306174,80.24005751889504,9370.0,248.0,9370.0,66.76383551823687
85,4.25,126.05045286973954,200.39069036723586,453.68342921026647,186.0383628176048,0.9878712615129877,341.9840205071252,393.93767281306174,327.17383729482486,327.17383729482486,66.76383551823687,0.1694781690755401,80.24005751889504,81.23896013832669,36.756591796875,82.00292639590069,80.24005751889504,152.0,0.6352941176470588,9370.0,22633.5,-13263.5,9370.0,9663.0,455.0,0.04708682603746248,1,0,1.8888888888888888,0.9193729003359462,3.971170437695075,3.6818934798522767,0.6352941176470588,0.0,4.0,0.0,4.0,36.0,52.0,248.0,0.9411764705882353,215,124.24410640798479,0.0,133,393.93767281306174,0.0,0.0,420.4172446456188,341.9944612110107,0.06298402877093545,3.052886835797075e-05,34.5865,0.0,0.1069272233581898,0.005636998542674766,0.01133203654047495,0.8066193033770597,341.9840205071252,393.93767281306174,80.24005751889504,9370.0,248.0,9370.0,66.76383551823687
86,4.3,126.05045286973954,200.39069036723586,453.68342921026647,186.0383628176048,0.9878712615129877,341.9840205071252,393.93767281306174,327.17383729482486,327.17383729482486,66.76383551823687,0.1694781690755401,80.24005751889504,81.23896013832669,36.756591796875,82.00292639590069,80.24005751889504,152.0,0.6352941176470588,9370.0,22633.5,-13263.5,9370.0,9663.0,455.0,0.04708682603746248,1,0,1.8888888888888888,0.9193729003359462,3.971170437695075,3.6818934798522767,0.6352941176470588,0.0,4.0,0.0,4.0,36.0,52.0,248.0,0.9411764705882353,215,124.24410640798479,0.0,133,393.93767281306174,0.0,0.0,420.4172446456188,341.9944612110107,0.06298402877093545,3.052886835797075e-05,34.6992,0.0,0.1069272233581898,0.005636998542674766,0.01133203654047495,0.8066193033770597,341.9840205071252,393.93767281306174,80.24005751889504,9370.0,248.0,9370.0,66.76383551823687
87,4.35,126.05045286973954,200.39069036723586,453.68342921026647,186.0383628176048,0.9878712615129877,341.9840205071252,393.93767281306174,327.17383729482486,327.17383729482486,66.76383551823687,0.1694781690755401,80.24005751889504,81.23896013832669,36.756591796875,82.00292639590069,80.24005751889504,152.0,0.6352941176470588,9370.0,22633.5,-13263.5,9370.0,9663.0,455.0,0.04708682603746248,1,0,1.8888888888888888,0.9193729003359462,3.971170437695075,3.6818934798522767,0.6352941176470588,0.0,4.0,0.0,4.0,36.0,52.0,248.0,0.9411764705882353,215,124.24410640798479,0.0,133,393.93767281306174,0.0,0.0,420.4172446456188,341.9944612110107,0.06298402877093545,3.052886835797075e-05,34.812,0.0,0.1069272233581898,0.005636998542674766,0.01133203654047495,0.8066193033770597,341.9840205071252,393.93767281306174,80.24005751889504,9370.0,248.0,9370.0,66.76383551823687
88,4.4,126.05045286973954,200.39069036723586,453.68342921026647,186.0383628176048,0.9878712615129877,341.9840205071252,393.93767281306174,327.17383729482486,327.17383729482486,66.76383551823687,0.1694781690755401,80.24005751889504,81.23896013832669,36.756591796875,82.00292639590069,80.24005751889504,152.0,0.6352941176470588,9370.0,22633.5,-13263.5,9370.0,9663.0,455.0,0.04708682603746248,1,0,1.8888888888888888,0.9193729003359462,3.971170437695075,3.6818934798522767,0.6352941176470588,0.0,4.0,0.0,4.0,36.0,52.0,248.0,0.9411764705882353,215,124.24410640798479,0.0,133,393.93767281306174,0.0,0.0,420.4172446456188,341.9944612110107,0.06298402877093545,3.052886835797075e-05,34.9248,0.0,0.1069272233581898,0.005636998542674766,0.01133203654047495,0.8066193033770597,341.9840205071252,393.93767281306174,80.24005751889504,9370.0,248.0,9370.0,66.76383551823687
89,4.45,126.05045286973954,200.39069036723586,453.68342921026647,186.0383628176048,0.9878712615129877,341.9840205071252,393.93767281306174,327.17383729482486,327.17383729482486,66.76383551823687,0.1694781690755401,80.24005751889504,81.23896013832669,36.756591796875,82.00292639590069,80.24005751889504,152.0,0.6352941176470588,9370.0,22633.5,-13263.5,9370.0,9663.0,455.0,0.04708682603746248,1,0,1.8888888888888888,0.9193729003359462,3.971170437695075,3.6818934798522767,0.6352941176470588,0.0,4.0,0.0,4.0,36.0,52.0,248.0,0.9411764705882353,215,124.24410640798479,0.0,133,393.93767281306174,0.0,0.0,420.4172446456188,341.9944612110107,0.06298402877093545,3.052886835797075e-05,35.0376,0.0,0.1069272233581898,0.005636998542674766,0.01133203654047495,0.8066193033770597,341.9840205071252,393.93767281306174,80.24005751889504,9370.0,248.0,9370.0,66.76383551823687
90,4.5,126.05045286973954,200.39069036723586,453.68342921026647,186.0383628176048,0.9878712615129877,341.9840205071252,393.93767281306174,327.17383729482486,327.17383729482486,66.76383551823687,0.1694781690755401,80.24005751889504,81.23896013832669,36.756591796875,82.00292639590069,80.24005751889504,152.0,0.6352941176470588,9370.0,22633.5,-13263.5,9370.0,9663.0,455.0,0.04708682603746248,1,0,1.8888888888888888,0.9193729003359462,3.971170437695075,3.6818934798522767,0.6352941176470588,0.0,4.0,0.0,4.0,36.0,52.0,248.0,0.9411764705882353,215,124.24410640798479,0.0,133,393.93767281306174,0.0,0.0,420.4172446456188,341.9944612110107,0.06298402877093545,3.052886835797075e-05,35.1504,0.0,0.1069272233581898,0.005636998542674766,0.01133203654047495,0.8066193033770597,341.9840205071252,393.93767281306174,80.24005751889504,9370.0,248.0,9370.0,66.76383551823687
91,4.55,126.05045286973954,200.39069036723586,453.68342921026647,186.0383628176048,0.9878712615129877,341.9840205071252,393.93767281306174,327.17383729482486,327.17383729482486,66.76383551823687,0.1694781690755401,80.24005751889504,81.23896013832669,36.756591796875,82.00292639590069,80.24005751889504,152.0,0.6352941176470588,9370.0,22633.5,-13263.5,9370.0,9663.0,455.0,0.04708682603746248,1,0,1.8888888888888888,0.9193729003359462,3.971170437695075,3.6818934798522767,0.6352941176470588,0.0,4.0,0.0,4.0,36.0,52.0,248.0,0.9411764705882353,215,124.24410640798479,0.0,133,393.93767281306174,0.0,0.0,420.4172446456188,341.9944612110107,0.06298402877093545,3.052886835797075e-05,35.2632,0.0,0.1069272233581898,0.005636998542674766,0.01133203654047495,0.8066193033770597,341.9840205071252,393.93767281306174,80.24005751889504,9370.0,248.0,9370.0,66.76383551823687
92,4.6,126.05045286973954,200.39069036723586,453.68342921026647,186.0383628176048,0.9878712615129877,341.9840205071252,393.93767281306174,327.17383729482486,327.17383729482486,66.76383551823687,0.1694781690755401,80.24005751889504,81.23896013832669,36.756591796875,82.00292639590069,80.24005751889504,152.0,0.6352941176470588,9370.0,22633.5,-13263.5,9370.0,9663.0,455.0,0.04708682603746248,1,0,1.8888888888888888,0.9193729003359462,3.971170437695075,3.6818934798522767,0.6352941176470588,0.0,4.0,0.0,4.0,36.0,52.0,248.0,0.9411764705882353,215,124.24410640798479,0.0,133,393.93767281306174,0.0,0.0,420.4172446456188,341.9944612110107,0.06298402877093545,3.052886835797075e-05,35.3759,0.0,0.1069272233581898,0.005636998542674766,0.01133203654047495,0.8066193033770597,341.9840205071252,393.93767281306174,80.24005751889504,9370.0,248.0,9370.0,66.76383551823687
93,4.65,126.05045286973954,200.39069036723586,453.68342921026647,186.0383628176048,0.9878712615129877,341.9840205071252,393.93767281306174,327.17383729482486,327.17383729482486,66.76383551823687,0.1694781690755401,80.24005751889504,81.23896013832669,36.756591796875,82.00292639590069,80.24005751889504,152.0,0.6352941176470588,9370.0,22633.5,-13263.5,9370.0,9663.0,455.0,0.04708682603746248,1,0,1.8888888888888888,0.9193729003359462,3.971170437695075,3.6818934798522767,0.6352941176470588,0.0,4.0,0.0,4.0,36.0,52.0,248.0,0.9411764705882353,215,124.24410640798479,0.0,133,393.93767281306174,0.0,0.0,420.4172446456188,341.9944612110107,0.06298402877093545,3.052886835797075e-05,35.4887,0.0,0.1069272233581898,0.005636998542674766,0.01133203654047495,0.8066193033770597,341.9840205071252,393.93767281306174,80.24005751889504,9370.0,248.0,9370.0,66.76383551823687
94,4.7,126.05045286973954,200.39069036723586,453.68342921026647,186.0383628176048,0.9878712615129877,341.9840205071252,393.93767281306174,327.17383729482486,327.17383729482486,66.76383551823687,0.1694781690755401,80.24005751889504,81.23896013832669,36.756591796875,82.00292639590069,80.24005751889504,152.0,0.6352941176470588,9370.0,22633.5,-13263.5,9370.0,9663.0,455.0,0.04708682603746248,1,0,1.8888888888888888,0.9193729003359462,3.971170437695075,3.6818934798522767,0.6352941176470588,0.0,4.0,0.0,4.0,36.0,52.0,248.0,0.9411764705882353,215,124.24410640798479,0.0,133,393.93767281306174,0.0,0.0,420.4172446456188,341.9944612110107,0.06298402877093545,3.052886835797075e-05,35.6015,0.0,0.1069272233581898,0.005636998542674766,0.01133203654047495,0.8066193033770597,341.9840205071252,393.93767281306174,80.24005751889504,9370.0,248.0,9370.0,66.76383551823687
95,4.75,126.05045286973954,200.39069036723586,453.68342921026647,186.0383628176048,0.9878712615129877,341.9840205071252,393.93767281306174,327.17383729482486,327.17383729482486,66.76383551823687,0.1694781690755401,80.24005751889504,81.23896013832669,36.756591796875,82.00292639590069,80.24005751889504,152.0,0.6352941176470588,9370.0,22633.5,-13263.5,9370.0,9663.0,455.0,0.04708682603746248,1,0,1.8888888888888888,0.9193729003359462,3.971170437695075,3.6818934798522767,0.6352941176470588,0.0,4.0,0.0,4.0,36.0,52.0,248.0,0.9411764705882353,215,124.24410640798479,0.0,133,393.93767281306174,0.0,0.0,420.4172446456188,341.9944612110107,0.06298402877093545,3.052886835797075e-05,35.7143,0.0,0.1069272233581898,0.005636998542674766,0.01133203654047495,0.8066193033770597,341.9840205071252,393.93767281306174,80.24005751889504,9370.0,248.0,9370.0,66.76383551823687
96,4.8,126.05045286973954,200.39069036723586,453.68342921026647,186.0383628176048,0.9878712615129877,341.9840205071252,393.93767281306174,327.17383729482486,327.17383729482486,66.76383551823687,0.1694781690755401,80.24005751889504,81.23896013832669,36.756591796875,82.00292639590069,80.24005751889504,152.0,0.6352941176470588,9370.0,22633.5,-13263.5,9370.0,9663.0,455.0,0.04708682603746248,1,0,1.8888888888888888,0.9193729003359462,3.971170437695075,3.6818934798522767,0.6352941176470588,0.0,4.0,0.0,4.0,36.0,52.0,248.0,0.9411764705882353,215,124.24410640798479,0.0,133,393.93767281306174,0.0,0.0,420.4172446456188,341.9944612110107,0.06298402877093545,3.052886835797075e-05,35.8271,0.0,0.1069272233581898,0.005636998542674766,0.01133203654047495,0.8066193033770597,341.9840205071252,393.93767281306174,80.24005751889504,9370.0,248.0,9370.0,66.76383551823687
97,4.85,126.05045286973954,200.39069036723586,453.68342921026647,186.0383628176048,0.9878712615129877,341.9840205071252,393.93767281306174,327.17383729482486,327.17383729482486,66.76383551823687,0.1694781690755401,80.24005751889504,81.23896013832669,36.756591796875,82.00292639590069,80.24005751889504,152.0,0.6352941176470588,9370.0,22633.5,-13263.5,9370.0,9663.0,455.0,0.04708682603746248,1,0,1.8888888888888888,0.9193729003359462,3.971170437695075,3.6818934798522767,0.6352941176470588,0.0,4.0,0.0,4.0,36.0,52.0,248.0,0.9411764705882353,215,124.24410640798479,0.0,133,393.93767281306174,0.0,0.0,420.4172446456188,341.9944612110107,0.06298402877093545,3.052886835797075e-05,35.9398,0.0,0.1069272233581898,0.005636998542674766,0.01133203654047495,0.8066193033770597,341.9840205071252,393.93767281306174,80.24005751889504,9370.0,248.0,9370.0,66.76383551823687
98,4.9,126.05045286973954,200.39069036723586,453.68342921026647,186.0383628176048,0.9878712615129877,341.9840205071252,393.93767281306174,327.17383729482486,327.17383729482486,66.76383551823687,0.1694781690755401,80.24005751889504,81.23896013832669,36.756591796875,82.00292639590069,80.24005751889504,152.0,0.6352941176470588,9370.0,22633.5,-13263.5,9370.0,9663.0,455.0,0.04708682603746248,1,0,1.8888888888888888,0.9193729003359462,3.971170437695075,3.6818934798522767,0.6352941176470588,0.0,4.0,0.0,4.0,36.0,52.0,248.0,0.9411764705882353,215,124.24410640798479,0.0,133,393.93767281306174,0.0,0.0,420.4172446456188,341.9944612110107,0.06298402877093545,3.052886835797075e-05,36.0526,0.0,0.1069272233581898,0.005636998542674766,0.01133203654047495,0.8066193033770597,341.9840205071252,393.93767281306174,80.24005751889504,9370.0,248.0,9370.0,66.76383551823687
99,4.95,126.05045286973954,200.39069036723586,453.68342921026647,186.0383628176048,0.9878712615129877,341.9840205071252,393.93767281306174,327.17383729482486,327.17383729482486,66.76383551823687,0.1694781690755401,80.24005751889504,81.23896013832669,36.756591796875,82.00292639590069,80.24005751889504,152.0,0.6352941176470588,9370.0,22633.5,-13263.5,9370.0,9663.0,455.0,0.04708682603746248,1,0,1.8888888888888888,0.9193729003359462,3.971170437695075,3.6818934798522767,0.6352941176470588,0.0,4.0,0.0,4.0,36.0,52.0,248.0,0.9411764705882353,215,124.24410640798479,0.0,133,393.93767281306174,0.0,0.0,420.4172446456188,341.9944612110107,0.06298402877093545,3.052886835797075e-05,36.1654,0.0,0.1069272233581898,0.005636998542674766,0.01133203654047495,0.8066193033770597,341.9840205071252,393.93767281306174,80.24005751889504,9370.0,248.0,9370.0,66.76383551823687
100,5.0,126.05045286973954,200.39069036723586,453.68342921026647,186.0383628176048,0.9878712615129877,341.9840205071252,393.93767281306174,327.17383729482486,327.17383729482486,66.76383551823687,0.1694781690755401,80.24005751889504,81.23896013832669,36.756591796875,82.00292639590069,80.24005751889504,152.0,0.6352941176470588,9370.0,22633.5,-13263.5,9370.0,9663.0,455.0,0.04708682603746248,1,0,1.8888888888888888,0.9193729003359462,3.971170437695075,3.6818934798522767,0.6352941176470588,0.0,4.0,0.0,4.0,36.0,52.0,248.0,0.9411764705882353,215,124.24410640798479,0.0,133,393.93767281306174,0.0,0.0,420.4172446456188,341.9944612110107,0.06298402877093545,3.052886835797075e-05,36.2782,0.0,0.1069272233581898,0.005636998542674766,0.01133203654047495,0.8066193033770597,341.9840205071252,393.93767281306174,80.24005751889504,9370.0,248.0,9370.0,66.76383551823687
101,5.05,126.05045286973954,200.39069036723586,453.68342921026647,186.0383628176048,0.9878712615129877,341.9840205071252,393.93767281306174,327.17383729482486,327.17383729482486,66.76383551823687,0.1694781690755401,80.24005751889504,81.23896013832669,36.756591796875,82.00292639590069,80.24005751889504,152.0,0.6352941176470588,9370.0,22633.5,-13263.5,9370.0,9663.0,455.0,0.04708682603746248,1,0,1.8888888888888888,0.9193729003359462,3.971170437695075,3.6818934798522767,0.6352941176470588,0.0,4.0,0.0,4.0,36.0,52.0,248.0,0.9411764705882353,215,124.24410640798479,0.0,133,393.93767281306174,0.0,0.0,420.4172446456188,341.9944612110107,0.06298402877093545,3.052886835797075e-05,36.391,0.0,0.1069272233581898,0.005636998542674766,0.01133203654047495,0.8066193033770597,341.9840205071252,393.93767281306174,80.24005751889504,9370.0,248.0,9370.0,66.76383551823687
102,5.1,126.05045286973954,200.39069036723586,453.68342921026647,186.0383628176048,0.9878712615129877,341.9840205071252,393.93767281306174,327.17383729482486,327.17383729482486,66.76383551823687,0.1694781690755401,80.24005751889504,81.23896013832669,36.756591796875,82.00292639590069,80.24005751889504,152.0,0.6352941176470588,9370.0,22633.5,-13263.5,9370.0,9663.0,455.0,0.04708682603746248,1,0,1.8888888888888888,0.9193729003359462,3.971170437695075,3.6818934798522767,0.6352941176470588,0.0,4.0,0.0,4.0,36.0,52.0,248.0,0.9411764705882353,215,124.24410640798479,0.0,133,393.93767281306174,0.0,0.0,420.4172446456188,341.9944612110107,0.06298402877093545,3.052886835797075e-05,36.5038,0.0,0.1069272233581898,0.005636998542674766,0.01133203654047495,0.8066193033770597,341.9840205071252,393.93767281306174,80.24005751889504,9370.0,248.0,9370.0,66.76383551823687
103,5.15,126.05045286973954,200.39069036723586,453.68342921026647,186.0383628176048,0.9878712615129877,341.9840205071252,393.93767281306174,327.17383729482486,327.17383729482486,66.76383551823687,0.1694781690755401,80.24005751889504,81.23896013832669,36.756591796875,82.00292639590069,80.24005751889504,152.0,0.6352941176470588,9370.0,22633.5,-13263.5,9370.0,9663.0,455.0,0.04708682603746248,1,0,1.8888888888888888,0.9193729003359462,3.971170437695075,3.6818934798522767,0.6352941176470588,0.0,4.0,0.0,4.0,36.0,52.0,248.0,0.9411764705882353,215,124.24410640798479,0.0,133,393.93767281306174,0.0,0.0,420.4172446456188,341.9944612110107,0.06298402877093545,3.052886835797075e-05,36.6165,0.0,0.1069272233581898,0.005636998542674766,0.01133203654047495,0.8066193033770597,341.9840205071252,393.93767281306174,80.24005751889504,9370.0,248.0,9370.0,66.76383551823687
104,5.2,126.05045286973954,200.39069036723586,453.68342921026647,186.0383628176048,0.9878712615129877,341.9840205071252,393.93767281306174,327.17383729482486,327.17383729482486,66.76383551823687,0.1694781690755401,80.24005751889504,81.23896013832669,36.756591796875,82.00292639590069,80.24005751889504,152.0,0.6352941176470588,9370.0,22633.5,-13263.5,9370.0,9663.0,455.0,0.04708682603746248,1,0,1.8888888888888888,0.9193729003359462,3.971170437695075,3.6818934798522767,0.6352941176470588,0.0,4.0,0.0,4.0,36.0,52.0,248.0,0.9411764705882353,215,124.24410640798479,0.0,133,393.93767281306174,0.0,0.0,420.4172446456188,341.9944612110107,0.06298402877093545,3.052886835797075e-05,36.7293,0.0,0.1069272233581898,0.005636998542674766,0.01133203654047495,0.8066193033770597,341.9840205071252,393.93767281306174,80.24005751889504,9370.0,248.0,9370.0,66.76383551823687
105,5.25,126.05045286973954,200.39069036723586,453.68342921026647,186.0383628176048,0.9878712615129877,341.9840205071252,393.93767281306174,327.17383729482486,327.17383729482486,66.76383551823687,0.1694781690755401,80.24005751889504,81.23896013832669,36.756591796875,82.00292639590069,80.24005751889504,152.0,0.6352941176470588,9370.0,22633.5,-13263.5,9370.0,9663.0,455.0,0.04708682603746248,1,0,1.8888888888888888,0.9193729003359462,3.971170437695075,3.6818934798522767,0.6352941176470588,0.0,4.0,0.0,4.0,36.0,52.0,248.0,0.9411764705882353,215,124.24410640798479,0.0,133,393.93767281306174,0.0,0.0,420.4172446456188,341.9944612110107,0.06298402877093545,3.052886835797075e-05,36.8421,0.0,0.1069272233581898,0.005636998542674766,0.01133203654047495,0.8066193033770597,341.9840205071252,393.93767281306174,80.24005751889504,9370.0,248.0,9370.0,66.76383551823687
106,5.3,126.05045286973954,200.39069036723586,453.68342921026647,186.0383628176048,0.9878712615129877,341.9840205071252,393.93767281306174,327.17383729482486,327.17383729482486,66.76383551823687,0.1694781690755401,80.24005751889504,81.23896013832669,36.756591796875,82.00292639590069,80.24005751889504,152.0,0.6352941176470588,9370.0,22633.5,-13263.5,9370.0,9663.0,455.0,0.04708682603746248,1,0,1.8888888888888888,0.9193729003359462,3.971170437695075,3.6818934798522767,0.6352941176470588,0.0,4.0,0.0,4.0,36.0,52.0,248.0,0.9411764705882353,215,124.24410640798479,0.0,133,393.93767281306174,0.0,0.0,420.4172446456188,341.9944612110107,0.06298402877093545,3.052886835797075e-05,36.9549,0.0,0.1069272233581898,0.005636998542674766,0.01133203654047495,0.8066193033770597,341.9840205071252,393.93767281306174,80.24005751889504,9370.0,248.0,9370.0,66.76383551823687
107,5.35,126.05045286973954,200.39069036723586,453.68342921026647,186.0383628176048,0.9878712615129877,341.9840205071252,393.93767281306174,327.17383729482486,327.17383729482486,66.76383551823687,0.1694781690755401,80.24005751889504,81.23896013832669,36.756591796875,82.00292639590069,80.24005751889504,152.0,0.6352941176470588,9370.0,22633.5,-13263.5,9370.0,9663.0,455.0,0.04708682603746248,1,0,1.8888888888888888,0.9193729003359462,3.971170437695075,3.6818934798522767,0.6352941176470588,0.0,4.0,0.0,4.0,36.0,52.0,248.0,0.9411764705882353,215,124.24410640798479,0.0,133,393.93767281306174,0.0,0.0,420.4172446456188,341.9944612110107,0.06298402877093545,3.052886835797075e-05,37.0677,0.0,0.1069272233581898,0.005636998542674766,0.01133203654047495,0.8066193033770597,341.9840205071252,393.93767281306174,80.24005751889504,9370.0,248.0,9370.0,66.76383551823687
108,5.4,126.05045286973954,200.39069036723586,453.68342921026647,186.0383628176048,0.9878712615129877,341.9840205071252,393.93767281306174,327.17383729482486,327.17383729482486,66.76383551823687,0.1694781690755401,80.24005751889504,81.23896013832669,36.756591796875,82.00292639590069,80.24005751889504,152.0,0.6352941176470588,9370.0,22633.5,-13263.5,9370.0,9663.0,455.0,0.04708682603746248,1,0,1.8888888888888888,0.9193729003359462,3.971170437695075,3.6818934798522767,0.6352941176470588,0.0,4.0,0.0,4.0,36.0,52.0,248.0,0.9411764705882353,215,124.24410640798479,0.0,133,393.93767281306174,0.0,0.0,420.4172446456188,341.9944612110107,0.06298402877093545,3.052886835797075e-05,37.1805,0.0,0.1069272233581898,0.005636998542674766,0.01133203654047495,0.8066193033770597,341.9840205071252,393.93767281306174,80.24005751889504,9370.0,248.0,9370.0,66.76383551823687
109,5.45,126.05045286973954,200.39069036723586,453.68342921026647,186.0383628176048,0.9878712615129877,341.9840205071252,393.93767281306174,327.17383729482486,327.17383729482486,66.76383551823687,0.1694781690755401,80.24005751889504,81.23896013832669,36.756591796875,82.00292639590069,80.24005751889504,152.0,0.6352941176470588,9370.0,22633.5,-13263.5,9370.0,9663.0,455.0,0.04708682603746248,1,0,1.8888888888888888,0.9193729003359462,3.971170437695075,3.6818934798522767,0.6352941176470588,0.0,4.0,0.0,4.0,36.0,52.0,248.0,0.9411764705882353,215,124.24410640798479,0.0,133,393.93767281306174,0.0,0.0,420.4172446456188,341.9944612110107,0.06298402877093545,3.052886835797075e-05,37.2932,0.0,0.1069272233581898,0.005636998542674766,0.01133203654047495,0.8066193033770597,341.9840205071252,393.93767281306174,80.24005751889504,9370.0,248.0,9370.0,66.76383551823687
110,5.5,126.05045286973954,200.39069036723586,453.68342921026647,186.0383628176048,0.9878712615129877,341.9840205071252,393.93767281306174,327.17383729482486,327.17383729482486,66.76383551823687,0.1694781690755401,80.24005751889504,81.23896013832669,36.756591796875,82.00292639590069,80.24005751889504,152.0,0.6352941176470588,9370.0,22633.5,-13263.5,9370.0,9663.0,455.0,0.04708682603746248,1,0,1.8888888888888888,0.9193729003359462,3.971170437695075,3.6818934798522767,0.6352941176470588,0.0,4.0,0.0,4.0,36.0,52.0,248.0,0.9411764705882353,215,124.24410640798479,0.0,133,393.93767281306174,0.0,0.0,420.4172446456188,341.9944612110107,0.06298402877093545,3.052886835797075e-05,37.406,0.0,0.1069272233581898,0.005636998542674766,0.01133203654047495,0.8066193033770597,341.9840205071252,393.93767281306174,80.24005751889504,9370.0,248.0,9370.0,66.76383551823687
111,5.55,126.05045286973954,200.39069036723586,453.68342921026647,186.0383628176048,0.9878712615129877,341.9840205071252,393.93767281306174,327.17383729482486,327.17383729482486,66.76383551823687,0.1694781690755401,80.24005751889504,81.23896013832669,36.756591796875,82.00292639590069,80.24005751889504,152.0,0.6352941176470588,9370.0,22633.5,-13263.5,9370.0,9663.0,455.0,0.04708682603746248,1,0,1.8888888888888888,0.9193729003359462,3.971170437695075,3.6818934798522767,0.6352941176470588,0.0,4.0,0.0,4.0,36.0,52.0,248.0,0.9411764705882353,215,124.24410640798479,0.0,133,393.93767281306174,0.0,0.0,420.4172446456188,341.9944612110107,0.06298402877093545,3.052886835797075e-05,37.5188,0.0,0.1069272233581898,0.005636998542674766,0.01133203654047495,0.8066193033770597,341.9840205071252,393.93767281306174,80.24005751889504,9370.0,248.0,9370.0,66.76383551823687
112,5.6,126.05045286973954,200.39069036723586,453.68342921026647,186.0383628176048,0.9878712615129877,341.9840205071252,393.93767281306174,327.17383729482486,327.17383729482486,66.76383551823687,0.1694781690755401,80.24005751889504,81.23896013832669,36.756591796875,82.00292639590069,80.24005751889504,152.0,0.6352941176470588,9370.0,22633.5,-13263.5,9370.0,9663.0,455.0,0.04708682603746248,1,0,1.8888888888888888,0.9193729003359462,3.971170437695075,3.6818934798522767,0.6352941176470588,0.0,4.0,0.0,4.0,36.0,52.0,248.0,0.9411764705882353,215,124.24410640798479,0.0,133,393.93767281306174,0.0,0.0,420.4172446456188,341.9944612110107,0.06298402877093545,3.052886835797075e-05,37.6316,0.0,0.1069272233581898,0.005636998542674766,0.01133203654047495,0.8066193033770597,341.9840205071252,393.93767281306174,80.24005751889504,9370.0,248.0,9370.0,66.76383551823687
113,5.65,126.05045286973954,200.39069036723586,453.68342921026647,186.0383628176048,0.9878712615129877,341.9840205071252,393.93767281306174,327.17383729482486,327.17383729482486,66.76383551823687,0.1694781690755401,80.24005751889504,81.23896013832669,36.756591796875,82.00292639590069,80.24005751889504,152.0,0.6352941176470588,9370.0,22633.5,-13263.5,9370.0,9663.0,455.0,0.04708682603746248,1,0,1.8888888888888888,0.9193729003359462,3.971170437695075,3.6818934798522767,0.6352941176470588,0.0,4.0,0.0,4.0,36.0,52.0,248.0,0.9411764705882353,215,124.24410640798479,0.0,133,393.93767281306174,0.0,0.0,420.4172446456188,341.9944612110107,0.06298402877093545,3.052886835797075e-05,37.7444,0.0,0.1069272233581898,0.005636998542674766,0.01133203654047495,0.8066193033770597,341.9840205071252,393.93767281306174,80.24005751889504,9370.0,248.0,9370.0,66.76383551823687
114,5.7,126.05045286973954,200.39069036723586,453.68342921026647,186.0383628176048,0.9878712615129877,341.9840205071252,393.93767281306174,327.17383729482486,327.17383729482486,66.76383551823687,0.1694781690755401,80.24005751889504,81.23896013832669,36.756591796875,82.00292639590069,80.24005751889504,152.0,0.6352941176470588,9370.0,22633.5,-13263.5,9370.0,9663.0,455.0,0.04708682603746248,1,0,1.8888888888888888,0.9193729003359462,3.971170437695075,3.6818934798522767,0.6352941176470588,0.0,4.0,0.0,4.0,36.0,52.0,248.0,0.9411764705882353,215,124.24410640798479,0.0,133,393.93767281306174,0.0,0.0,420.4172446456188,341.9944612110107,0.06298402877093545,3.052886835797075e-05,37.8571,0.0,0.1069272233581898,0.005636998542674766,0.01133203654047495,0.8066193033770597,341.9840205071252,393.93767281306174,80.24005751889504,9370.0,248.0,9370.0,66.76383551823687
115,5.75,126.05045286973954,200.39069036723586,453.68342921026647,186.0383628176048,0.9878712615129877,341.9840205071252,393.93767281306174,327.17383729482486,327.17383729482486,66.76383551823687,0.1694781690755401,80.24005751889504,81.23896013832669,36.756591796875,82.00292639590069,80.24005751889504,152.0,0.6352941176470588,9370.0,22633.5,-13263.5,9370.0,9663.0,455.0,0.04708682603746248,1,0,1.8888888888888888,0.9193729003359462,3.971170437695075,3.6818934798522767,0.6352941176470588,0.0,4.0,0.0,4.0,36.0,52.0,248.0,0.9411764705882353,215,124.24410640798479,0.0,133,393.93767281306174,0.0,0.0,420.4172446456188,341.9944612110107,0.06298402877093545,3.052886835797075e-05,37.9699,0.0,0.1069272233581898,0.005636998542674766,0.01133203654047495,0.8066193033770597,341.9840205071252,393.93767281306174,80.24005751889504,9370.0,248.0,9370.0,66.76383551823687
116,5.8,126.05045286973954,200.39069036723586,453.68342921026647,186.0383628176048,0.9878712615129877,341.9840205071252,393.93767281306174,327.17383729482486,327.17383729482486,66.76383551823687,0.1694781690755401,80.24005751889504,81.23896013832669,36.756591796875,82.00292639590069,80.24005751889504,152.0,0.6352941176470588,9370.0,22633.5,-13263.5,9370.0,9663.0,455.0,0.04708682603746248,1,0,1.8888888888888888,0.9193729003359462,3.971170437695075,3.6818934798522767,0.6352941176470588,0.0,4.0,0.0,4.0,36.0,52.0,248.0,0.9411764705882353,215,124.24410640798479,0.0,133,393.93767281306174,0.0,0.0,420.4172446456188,341.9944612110107,0.06298402877093545,3.052886835797075e-05,38.0827,0.0,0.1069272233581898,0.005636998542674766,0.01133203654047495,0.8066193033770597,341.9840205071252,393.93767281306174,80.24005751889504,9370.0,248.0,9370.0,66.76383551823687
117,5.85,126.05045286973954,200.39069036723586,453.68342921026647,186.0383628176048,0.9878712615129877,341.9840205071252,393.93767281306174,327.17383729482486,327.17383729482486,66.76383551823687,0.1694781690755401,80.24005751889504,81.23896013832669,36.756591796875,82.00292639590069,80.24005751889504,152.0,0.6352941176470588,9370.0,22633.5,-13263.5,9370.0,9663.0,455.0,0.04708682603746248,1,0,1.8888888888888888,0.9193729003359462,3.971170437695075,3.6818934798522767,0.6352941176470588,0.0,4.0,0.0,4.0,36.0,52.0,248.0,0.9411764705882353,215,124.24410640798479,0.0,133,393.93767281306174,0.0,0.0,420.4172446456188,341.9944612110107,0.06298402877093545,3.052886835797075e-05,38.1955,0.0,0.1069272233581898,0.005636998542674766,0.01133203654047495,0.8066193033770597,341.9840205071252,393.93767281306174,80.24005751889504,9370.0,248.0,9370.0,66.76383551823687
118,5.9,126.05045286973954,200.39069036723586,453.68342921026647,186.0383628176048,0.9878712615129877,341.9840205071252,393.93767281306174,327.17383729482486,327.17383729482486,66.76383551823687,0.1694781690755401,80.24005751889504,81.23896013832669,36.756591796875,82.00292639590069,80.24005751889504,152.0,0.6352941176470588,9370.0,22633.5,-13263.5,9370.0,9663.0,455.0,0.04708682603746248,1,0,1.8888888888888888,0.9193729003359462,3.971170437695075,3.6818934798522767,0.6352941176470588,0.0,4.0,0.0,4.0,36.0,52.0,248.0,0.9411764705882353,215,124.24410640798479,0.0,133,393.93767281306174,0.0,0.0,420.4172446456188,341.9944612110107,0.06298402877093545,3.052886835797075e-05,38.3083,0.0,0.1069272233581898,0.005636998542674766,0.01133203654047495,0.8066193033770597,341.9840205071252,393.93767281306174,80.24005751889504,9370.0,248.0,9370.0,66.76383551823687
119,5.95,126.05045286973954,200.39069036723586,453.68342921026647,186.0383628176048,0.9878712615129877,341.9840205071252,393.93767281306174,327.17383729482486,327.17383729482486,66.76383551823687,0.1694781690755401,80.24005751889504,81.23896013832669,36.756591796875,82.00292639590069,80.24005751889504,152.0,0.6352941176470588,9370.0,22633.5,-13263.5,9370.0,9663.0,455.0,0.04708682603746248,1,0,1.8888888888888888,0.9193729003359462,3.971170437695075,3.6818934798522767,0.6352941176470588,0.0,4.0,0.0,4.0,36.0,52.0,248.0,0.9411764705882353,215,124.24410640798479,0.0,133,393.93767281306174,0.0,0.0,420.4172446456188,341.9944612110107,0.06298402877093545,3.052886835797075e-05,38.4211,0.0,0.1069272233581898,0.005636998542674766,0.01133203654047495,0.8066193033770597,341.9840205071252,393.93767281306174,80.24005751889504,9370.0,248.0,9370.0,66.76383551823687
120,6.0,126.05045286973954,200.39069036723586,453.68342921026647,186.0383628176048,0.9878712615129877,341.9840205071252,393.93767281306174,327.17383729482486,327.17383729482486,66.76383551823687,0.1694781690755401,80.24005751889504,81.23896013832669,36.756591796875,82.00292639590069,80.24005751889504,152.0,0.6352941176470588,9370.0,22633.5,-13263.5,9370.0,9663.0,455.0,0.04708682603746248,1,0,1.8888888888888888,0.9193729003359462,3.971170437695075,3.6818934798522767,0.6352941176470588,0.0,4.0,0.0,4.0,36.0,52.0,248.0,0.9411764705882353,215,124.24410640798479,0.0,133,393.93767281306174,0.0,0.0,420.4172446456188,341.9944612110107,0.06298402877093545,3.052886835797075e-05,38.5338,0.0,0.1069272233581898,0.005636998542674766,0.01133203654047495,0.8066193033770597,341.9840205071252,393.93767281306174,80.24005751889504,9370.0,248.0,9370.0,66.76383551823687
121,6.05,126.05045286973954,200.39069036723586,453.68342921026647,186.0383628176048,0.9878712615129877,341.9840205071252,393.93767281306174,327.17383729482486,327.17383729482486,66.76383551823687,0.1694781690755401,80.24005751889504,81.23896013832669,36.756591796875,82.00292639590069,80.24005751889504,152.0,0.6352941176470588,9370.0,22633.5,-13263.5,9370.0,9663.0,455.0,0.04708682603746248,1,0,1.8888888888888888,0.9193729003359462,3.971170437695075,3.6818934798522767,0.6352941176470588,0.0,4.0,0.0,4.0,36.0,52.0,248.0,0.9411764705882353,215,124.24410640798479,0.0,133,393.93767281306174,0.0,0.0,420.4172446456188,341.9944612110107,0.06298402877093545,3.052886835797075e-05,38.6466,0.0,0.1069272233581898,0.005636998542674766,0.01133203654047495,0.8066193033770597,341.9840205071252,393.93767281306174,80.24005751889504,9370.0,248.0,9370.0,66.76383551823687
122,6.1,126.05045286973954,200.39069036723586,453.68342921026647,186.0383628176048,0.9878712615129877,341.9840205071252,393.93767281306174,327.17383729482486,327.17383729482486,66.76383551823687,0.1694781690755401,80.24005751889504,81.23896013832669,36.756591796875,82.00292639590069,80.24005751889504,152.0,0.6352941176470588,9370.0,22633.5,-13263.5,9370.0,9663.0,455.0,0.04708682603746248,1,0,1.8888888888888888,0.9193729003359462,3.971170437695075,3.6818934798522767,0.6352941176470588,0.0,4.0,0.0,4.0,36.0,52.0,248.0,0.9411764705882353,215,124.24410640798479,0.0,133,393.93767281306174,0.0,0.0,420.4172446456188,341.9944612110107,0.06298402877093545,3.052886835797075e-05,38.7594,1.1e-05,0.1069272233581898,0.005636998542674766,0.01133203654047495,0.8066193033770597,341.9840205071252,393.93767281306174,80.24005751889504,9370.0,248.0,9370.0,66.76383551823687
123,6.15,126.05045286973954,200.39069036723586,453.68342921026647,186.0383628176048,0.9878712615129877,341.9840205071252,393.93767281306174,327.17383729482486,327.17383729482486,66.76383551823687,0.1694781690755401,80.24005751889504,81.23896013832669,36.756591796875,82.00292639590069,80.24005751889504,152.0,0.6352941176470588,9370.0,22633.5,-13263.5,9370.0,9663.0,455.0,0.04708682603746248,1,0,1.8888888888888888,0.9193729003359462,3.971170437695075,3.6818934798522767,0.6352941176470588,0.0,4.0,0.0,4.0,36.0,52.0,248.0,0.9411764705882353,215,124.24410640798479,0.0,133,393.93767281306174,0.0,0.0,420.4172446456188,341.9944612110107,0.06298402877093545,3.052886835797075e-05,38.8722,4.4e-05,0.1069272233581898,0.005636998542674766,0.01133203654047495,0.8066193033770597,341.9840205071252,393.93767281306174,80.24005751889504,9370.0,248.0,9370.0,66.76383551823687
124,6.2,126.05045286973954,200.39069036723586,453.68342921026647,186.0383628176048,0.9878712615129877,341.9840205071252,393.93767281306174,327.17383729482486,327.17383729482486,66.76383551823687,0.1694781690755401,80.24005751889504,81.23896013832669,36.756591796875,82.00292639590069,80.24005751889504,152.0,0.6352941176470588,9370.0,22633.5,-13263.5,9370.0,9663.0,455.0,0.04708682603746248,1,0,1.8888888888888888,0.9193729003359462,3.971170437695075,3.6818934798522767,0.6352941176470588,0.0,4.0,0.0,4.0,36.0,52.0,248.0,0.9411764705882353,215,124.24410640798479,0.0,133,393.93767281306174,0.0,0.0,420.4172446456188,341.9944612110107,0.06298402877093545,3.052886835797075e-05,38.985,0.000107,0.1069272233581898,0.005636998542674766,0.01133203654047495,0.8066193033770597,341.9840205071252,393.93767281306174,80.24005751889504,9370.0,248.0,9370.0,66.76383551823687
125,6.25,126.05045286973954,200.39069036723586,453.68342921026647,186.0383628176048,0.9878712615129877,341.9840205071252,393.93767281306174,327.17383729482486,327.17383729482486,66.76383551823687,0.1694781690755401,80.24005751889504,81.23896013832669,36.756591796875,82.00292639590069,80.24005751889504,152.0,0.6352941176470588,9370.0,22633.5,-13263.5,9370.0,9663.0,455.0,0.04708682603746248,1,0,1.8888888888888888,0.9193729003359462,3.971170437695075,3.6818934798522767,0.6352941176470588,0.0,4.0,0.0,4.0,36.0,52.0,248.0,0.9411764705882353,215,124.24410640798479,0.0,133,393.93767281306174,0.0,0.0,420.4172446456188,341.9944612110107,0.06298402877093545,3.052886835797075e-05,39.0977,0.000205,0.1069272233581898,0.005636998542674766,0.01133203654047495,0.8066193033770597,341.9840205071252,393.93767281306174,80.24005751889504,9370.0,248.0,9370.0,66.76383551823687
126,6.3,126.05045286973954,200.39069036723586,453.68342921026647,186.0383628176048,0.9878712615129877,341.9840205071252,393.93767281306174,327.17383729482486,327.17383729482486,66.76383551823687,0.1694781690755401,80.24005751889504,81.23896013832669,36.756591796875,82.00292639590069,80.24005751889504,152.0,0.6352941176470588,9370.0,22633.5,-13263.5,9370.0,9663.0,455.0,0.04708682603746248,1,0,1.8888888888888888,0.9193729003359462,3.971170437695075,3.6818934798522767,0.6352941176470588,0.0,4.0,0.0,4.0,36.0,52.0,248.0,0.9411764705882353,215,124.24410640798479,0.0,133,393.93767281306174,0.0,0.0,420.4172446456188,341.9944612110107,0.06298402877093545,3.052886835797075e-05,39.2105,0.000342,0.1069272233581898,0.005636998542674766,0.01133203654047495,0.8066193033770597,341.9840205071252,393.93767281306174,80.24005751889504,9370.0,248.0,9370.0,66.76383551823687
127,6.35,126.05045286973954,200.39069036723586,453.68342921026647,186.0383628176048,0.9878712615129877,341.9840205071252,393.93767281306174,327.17383729482486,327.17383729482486,66.76383551823687,0.1694781690755401,80.24005751889504,81.23896013832669,36.756591796875,82.00292639590069,80.24005751889504,152.0,0.6352941176470588,9370.0,22633.5,-13263.5,9370.0,9663.0,455.0,0.04708682603746248,1,0,1.8888888888888888,0.9193729003359462,3.971170437695075,3.6818934798522767,0.6352941176470588,0.0,4.0,0.0,4.0,36.0,52.0,248.0,0.9411764705882353,215,124.24410640798479,0.0,133,393.93767281306174,0.0,0.0,420.4172446456188,341.9944612110107,0.06298402877093545,3.052886835797075e-05,39.3233,0.000524,0.1069272233581898,0.005636998542674766,0.01133203654047495,0.8066193033770597,341.9840205071252,393.93767281306174,80.24005751889504,9370.0,248.0,9370.0,66.76383551823687
128,6.4,126.05045275029346,200.39069039020424,453.68182244541225,186.0383880717759,0.9878737713398862,341.9840131096644,393.93651130523983,327.17383729482486,327.17383729482486,66.76267401041497,0.16947572031139868,80.24005567171605,81.23895831780388,36.756591796875,82.00296391022593,80.24005567171605,152.0,0.6352941176470588,9372.0,22635.5,-13263.5,9372.0,9665.0,455.0,0.0470770822555613,1,0,1.8888888888888888,0.9193729003359462,3.9712030475616755,3.6817351850164184,0.6352941176470588,0.0,4.0,0.0,4.0,36.0,52.0,248.0,0.9411764705882353,215,124.242512797776,0.0,133,393.93767281306174,1.216343441233087e-07,0.0016069633069558905,420.4172446456188,341.9944612110107,0.06298679152112396,3.055049871070192e-05,39.4361,0.000753,0.10692726288705161,0.005636998542674766,0.011331980180040058,0.8069658637651885,341.9840205071252,393.93767281306174,80.24005751889504,9370.0,248.0,9370.0,66.76383551823687
129,6.45,126.05046564639274,200.3906879093877,453.7115222111073,186.0379469710036,0.987877534133223,341.98481114751377,393.96739474574184,327.17383729482486,327.17383729482486,66.79355745091698,0.16954082581890847,80.24025495497298,81.23915472121746,36.756591796875,81.99891346854089,80.24025495497298,152.0,0.6352941176470588,9375.0,22638.5,-13263.5,9375.0,9668.0,455.0,0.04706247414149772,1,0,1.8888888888888888,0.9193729003359462,3.9676822762231096,3.686666233925192,0.6352941176470588,0.0,4.0,0.0,4.0,36.0,52.0,248.0,0.9411764705882353,215,124.2719723707182,0.0,133,393.93767281306174,1.3132548391960954e-05,0.0297030411276788,420.4172446456188,341.9944612110107,0.06291333249703457,2.821701691524403e-05,39.5489,0.001033,0.10692299851463556,0.005636998542674766,0.011338060636276683,0.807485704347382,341.9840205071252,393.93767281306174,80.24025495497298,9370.0,248.0,9370.0,66.76383551823687
130,6.5,126.05092116677287,200.39246909532505,453.13380370962847,186.05386266095974,0.987932821895086,341.98894089336613,394.3525146699523,327.2162613640224,327.2162613640224,67.13625330592993,0.17024426321236635,80.24128653498218,81.24017126243113,36.39984130859375,81.98825918432885,80.24128653498218,152.0,0.6352941176470588,9355.0,22638.5,-13283.5,9355.0,9646.0,455.0,0.04716981132075472,1,0,1.8888888888888888,0.9193729003359462,3.949370857308045,3.695543977788702,0.6352941176470588,0.0,4.0,0.0,4.0,36.0,52.0,248.0,0.9411764705882353,214,123.69826302627837,0.0,133,393.93767281306174,0.001838510853956063,0.5779376922625291,420.4172446456188,341.9944612110107,0.06199729032912804,1.6141541079317534e-05,39.6617,0.001366,0.10690093092183711,0.005636998542674766,0.011369535819877359,0.8040201004660925,341.9840205071252,393.93767281306174,80.24123134376973,9370.0,248.0,9370.0,66.76383551823687
131,6.55,126.05091758962999,200.39246990458795,453.1459484423553,186.05352915348158,0.987987987987988,341.9887199991025,394.3352035985769,327.3957886274917,327.3957886274917,66.93941497108523,0.16975257182269687,80.24123134376973,81.24011688144726,36.39984130859375,82.01160634304908,80.24123134376973,152.0,0.611764705882353,9367.0,22643.5,-13276.5,9367.0,9657.0,455.0,0.04711608159884022,1,0,1.8888888888888888,0.9193729003359462,3.9503542447714985,3.70057882795487,0.611764705882353,0.0,4.0,0.0,4.0,36.0,52.0,248.0,0.9411764705882353,217,123.59414347829717,0.0235294117647058,133,393.93651130523983,3.667541084205443e-06,0.012149311101621567,420.4172446456188,341.9944612110107,0.06203846625993448,1.6787441199594966e-05,39.7744,0.001756,0.1069021112861587,0.005647705083287545,0.01136785184623534,0.8060994627948662,341.9840131096644,393.93651130523983,80.24123134376973,9367.0,248.0,9367.0,66.76383551823687
132,6.6,126.04600219906946,200.59575560115735,453.5441253317282,186.04946832334343,0.9880214787277984,341.9514793863717,386.5654720883027,372.5437976341181,372.5437976341181,14.02167445418462,0.03627244404016938,80.88496257328353,81.24277814116078,36.3565673828125,82.10007922354063,80.88496257328353,152.0,0.611764705882353,9394.0,22644.5,-13250.5,9394.0,9684.0,456.0,0.04708798017348203,1,0,1.8888888888888888,0.9205816554809844,3.848821538159188,3.6494267602270605,0.611764705882353,0.0,4.0,0.0,4.0,36.0,52.0,248.0,0.9411764705882353,214,147.25023351111253,0.0,131,391.7914847286764,0.20334511426160878,0.3981975961405264,420.4172446456188,341.9944612110107,0.08051946723986225,0.0001256798852435903,39.8872,0.002206,0.10710110916803478,0.025420119633020613,0.03100913847236949,0.8107780280346071,341.9770083524181,391.7914847286764,80.24123134376973,9355.0,248.0,9355.0,66.76383551823687
133,6.65,126.05064237689685,200.3917513242233,453.42541015962604,186.0477598443672,0.9879699248120302,341.9770083524181,388.90707747817163,324.7915636910674,324.7915636910674,64.11551378710425,0.16486075337804282,80.88332735539069,81.23723485887345,35.19366455078125,82.08452664308521,80.88332735539069,152.0,0.611764705882353,9288.0,22634.5,-13346.5,9288.0,9576.0,457.0,0.0477234753550543,1,0,1.8888888888888888,0.9228187919463087,3.8347895604077467,3.681636155674046,0.611764705882353,0.0,4.0,0.0,4.0,36.0,52.0,248.0,0.9411764705882353,208,126.43120096320447,0.0,131,391.6908766507204,0.20405704167623642,0.11872746517826815,420.4172446456188,341.9944612110107,0.07494974948995714,5.103257675798112e-05,40.0,0.002717,0.10696469330918609,0.0263475042380099,0.03095924531532363,0.7924103274637726,341.97497543127474,391.6908766507204,80.24123134376973,9288.0,248.0,9288.0,66.76267401041497
134,6.7,126.03881803823377,200.18603321974558,453.8990720036714,186.040608162827,0.9884949273088589,341.97497543127474,391.7914847286764,324.3804790287994,324.3804790287994,67.41100569987697,0.17205837372029784,81.0867586833561,81.2367348304747,35.19366455078125,82.04836459089606,81.0867586833561,152.0,0.611764705882353,9286.0,22625.5,-13339.5,9286.0,9561.0,454.0,0.04748457274343688,1,0,1.8888888888888888,0.9276018099547512,3.964227622681989,3.666644178191321,0.611764705882353,0.0,4.0,0.0,4.0,36.0,52.0,248.0,0.9411764705882353,215,127.29229946123505,0.0,132,388.90707747817163,0.20605764604770557,0.4737158315417549,420.4172446456188,341.9944612110107,0.0680889289902269,5.697688689731972e-05,40.1128,0.003292,0.10697555636894503,0.05200799341993013,0.03716626594460308,0.7920637670756436,341.9737757940734,388.90707747817163,80.24128653498218,9286.0,248.0,9286.0,66.79355745091698
135,6.75,126.0379140780387,200.12598099402047,453.8778037753201,186.04136765730496,0.9885618518906463,341.9737757940734,391.6908766507204,324.3804790287994,324.3804790287994,67.31039762192097,0.17184571210205432,81.08675761406263,81.23643979299739,35.19366455078125,82.05432742161081,81.08675761406263,152.0,0.611764705882353,9274.0,22632.5,-13358.5,9274.0,9547.0,454.0,0.04755420550958416,1,0,1.8888888888888888,0.9276018099547512,3.969415642198544,3.660401943229862,0.611764705882353,0.0,4.0,0.0,4.0,36.0,52.0,248.0,0.9411764705882353,218,127.27123618120203,0.0,132,386.5654720883027,0.06005902895131195,0.02128178491256382,420.4172446456188,341.9944612110107,0.06832823429760271,6.048465482166865e-05,40.2256,0.003934,0.10698196671626704,0.0735924311076688,0.03716623331872074,0.7899844047468699,341.9737757940734,387.61938447354447,80.88332735539069,9280.0,248.0,9280.0,64.11551378710425
136,6.8,303.2520482646016,158.92480549629155,473.3891149476655,184.43502663800857,0.9579103922662204,183.97390844106843,174.69300055334168,185.9913996167912,185.9913996167912,11.298399063449523,0.06467573988460751,63.73084480659249,66.27804588898151,30.79986572265625,66.45779125148327,63.73084480659249,8.0,0.5434782608695652,4813.0,5070.0,-257.0,4813.0,5379.0,642.0,0.11935303959843838,2,0,3.1578947368421053,0.9325513196480938,41.19015764546955,13.131581199552476,0.5434782608695652,0.0,16.0,0.0,16.0,100.0,40.0,28.0,0.7608695652173914,115,181.94061178826402,0.0682864450127878,60,379.1066944176745,181.94061178826402,19.57732349261168,420.4172446456188,341.9944612110107,0.5844770813323912,0.4620558830408763,40.3383,0.004644,0.9512655763132521,0.14234591218305426,0.0,0.016981459025245,341.9737757940734,387.61938447354447,80.88496257328353,9280.0,244.0,9280.0,20.669408442397355
137,6.85,303.30577130302686,158.94001291146304,473.3843833347163,184.71069198632915,0.9581767441860465,184.05605612608468,174.60956758354783,184.93798219682745,184.93798219682745,10.32841461327962,0.05915148153801848,63.73141595366815,67.08200251898168,30.79986572265625,67.26191850348539,63.73141595366815,8.0,0.5434782608695652,4813.0,5071.5,-258.5,4813.0,5375.0,637.0,0.11851162790697674,2,0,3.5294117647058822,0.9262536873156342,41.1654438423075,13.211882837389167,0.5434782608695652,0.0,16.0,0.0,16.0,100.0,40.0,28.0,0.7608695652173914,112,5.854066656489915,0.0,60,379.1066944176745,0.05583395323490025,0.2757059528298431,420.4172446456188,341.9944612110107,0.5846755341096177,0.4618156812413343,40.4511,0.005424,0.950826614273679,0.14234591218305426,0.0,0.016981459025245,341.9737757940734,386.5654720883027,81.08675761406263,9280.0,244.0,9280.0,19.016861239621505
138,6.9,303.3058288078945,158.94002850857535,473.3855428890965,184.7105253340945,0.9582122905027932,184.05567760642242,174.6120590744577,160.92370641950413,160.92370641950413,13.688352654953576,0.07839293991210892,63.73149188381417,67.08200087761037,30.79986572265625,67.26193958797539,63.73149188381417,8.0,0.5434782608695652,4809.0,5072.0,-263.0,4809.0,5370.0,637.0,0.1186219739292365,2,0,3.5294117647058822,0.9230769230769231,42.29998783738251,13.19065096357428,0.5434782608695652,0.0,16.0,0.0,16.0,100.0,40.0,28.0,0.7608695652173914,112,91.09897009220292,0.0,60,379.1066944176745,5.958254538702083e-05,0.001171468876214296,420.4172446456188,341.9944612110107,0.5846696078757592,0.4618167880418975,40.5639,0.006277,0.9508286369206098,0.14234591218305426,0.0,0.016288338248987098,341.974674103406,385.4968699138587,81.0867586833561,9280.0,244.0,9280.0,19.016861239621505
139,6.95,126.0373661627597,200.12289065316517,454.0347852003474,186.03549567692667,0.9884070145962407,341.97365703749625,379.1066944176745,617.0793859378782,617.0793859378782,237.97269152020374,0.627719570834118,81.20187525313838,82.05116140710564,35.19366455078125,82.10096402332243,81.20187525313838,136.0,0.6235294117647059,9247.0,9139.0,108.0,9247.0,9523.0,453.0,0.04756904336868634,1,0,1.8888888888888888,0.9263873159682899,3.968594229749251,3.701002875288774,0.6235294117647059,0.0,4.0,0.0,4.0,40.0,52.0,244.0,0.9529411764705882,225,265.0722200485014,0.0800511508951407,128,379.1066944176745,181.98938425905465,19.39606582629751,420.4172446456188,341.9944612110107,0.09826083671416974,6.0831901899094376e-05,40.6767,0.007204,0.10698260130054416,0.14234591218305426,0.04067865968728198,0.7853058395071292,341.974674103406,385.4968699138587,81.20187525313838,9274.0,244.0,9274.0,19.016861239621505
140,7.0,126.03719839586951,200.12850010889883,453.33575710161165,186.04673358852335,0.9888947092718701,341.9801420702651,387.61938447354447,368.60252323392297,368.60252323392297,19.016861239621505,0.049060655894311786,81.21473652658754,82.05076825018288,35.19366455078125,82.06905331761719,81.21473652658754,136.0,0.6235294117647059,9280.0,22583.0,-13303.0,9280.0,9545.0,448.0,0.04693556836039811,1,0,2.0,0.9418604651162791,3.6725720488059563,3.6260166143025474,0.6235294117647059,0.0,4.0,0.0,4.0,40.0,52.0,244.0,0.9529411764705882,230,146.37916415848917,0.0,131,383.00735909528834,0.0056119639483301715,0.6991184259331142,420.4172446456188,341.9944612110107,0.07801264241603723,4.186951067819411e-05,40.7895,0.008206,0.1069479480633853,0.10639038609868982,0.04107107805477808,0.7910240859112568,341.974674103406,384.8728319013278,81.21359883648539,9274.0,244.0,9274.0,19.016861239621505
141,7.05,126.034061126497,200.12798980680984,454.3124254294304,186.03413306532178,0.9885583046246998,341.974674103406,389.0431432923305,368.37373484993316,368.37373484993316,20.669408442397355,0.05312883364934715,81.21359883648539,82.09722515157998,35.19366455078125,82.09722515157998,81.21359883648539,132.0,0.6235294117647059,9305.0,22570.5,-13265.5,9305.0,9579.0,448.0,0.04676897379684727,1,0,2.0,0.9418604651162791,3.6963604204259206,3.6010818384786205,0.6235294117647059,0.0,4.0,0.0,4.0,40.0,52.0,244.0,0.9529411764705882,220,146.38233315460835,0.0,131,385.4968699138587,0.003178500800340053,0.9767496074988783,420.4172446456188,341.9944612110107,0.07462610478724385,5.785797680635252e-05,40.9023,0.009286,0.10697716653599733,0.08344258653823891,0.04103636527968867,0.7953560907628687,341.97653237425345,384.8728319013278,81.21473652658754,9280.0,244.0,9280.0,19.016861239621505
142,7.1,126.03811407672367,200.46109887677275,453.3665170014039,186.04918564185462,0.9884783969943645,341.98113550365923,383.00735909528834,369.5386044550241,369.5386044550241,13.468754640264251,0.03516578551409338,81.21494303732129,82.09732014776611,35.19366455078125,82.09732014776611,81.21494303732129,132.0,0.6235294117647059,9306.0,22637.5,-13331.5,9306.0,9582.0,448.0,0.04675433103736172,1,0,2.0,0.9418604651162791,3.668222386169809,3.606453995687738,0.6235294117647059,0.0,4.0,0.0,4.0,40.0,52.0,244.0,0.9529411764705882,220,146.35075735515255,0.0,129,385.4968699138587,0.3331337252472326,0.9460281889414355,420.4172446456188,341.9944612110107,0.0889827570747348,3.8964687627540684e-05,41.015,0.010446,0.10694263958087878,0.08344258653823891,0.041077379033085386,0.7955293709569332,341.97653237425345,385.4968699138587,81.21494303732129,9280.0,244.0,9280.0,20.669408442397355
143,7.15,126.03687258122139,200.46006016052627,454.2459643138848,186.03525028202353,0.9886285535770072,341.97653237425345,385.4968699138587,369.54181385681534,369.54181385681534,15.95505605704335,0.041388289509610265,81.22555172477732,82.09725437106954,35.19366455078125,82.09725437106954,81.22555172477732,132.0,0.6235294117647059,9330.0,22650.5,-13320.5,9330.0,9603.0,448.0,0.04665208788920129,1,0,2.0,0.9418604651162791,3.6883047380655167,3.599186964045505,0.6235294117647059,0.0,4.0,0.0,4.0,40.0,52.0,244.0,0.9529411764705882,222,146.4200038310799,0.0,130,387.61938447354447,0.0016187163194651313,0.8795577125371224,420.4172446456188,341.9944612110107,0.08306123304051294,5.242434831764786e-05,41.1278,0.011685,0.10696723673260594,0.06387768313774718,0.04140106733885282,0.7996880956144806,341.9801420702651,387.61938447354447,81.22382153357118,9280.0,244.0,9280.0,60.08922330844064
144,7.2,126.03646588155313,200.39720053520048,453.2780093412721,186.03295761876223,0.988077370256844,341.98274776817937,392.9591794001936,644.5711161354099,644.5711161354099,251.61193673521626,0.6403004432146682,81.22696249658678,82.14407865879929,35.19366455078125,82.14407865879929,81.22696249658678,132.0,0.6235294117647059,9179.0,8947.5,231.5,9179.0,9461.0,446.0,0.047140894197230734,1,0,2.0,0.94049008168028,3.621150849153428,3.7173731131317833,0.6235294117647059,0.0,4.0,0.0,4.0,40.0,52.0,244.0,0.9529411764705882,214,259.9594832640856,0.0,133,389.0431432923305,0.06286094097862584,0.9679576877687213,420.4172446456188,341.9944612110107,0.0653114628268171,3.4250387535017524e-05,41.2406,0.013007,0.1069340243299201,0.05075376668307236,0.041444112280908246,0.7735227863107448,341.9801420702651,387.61938447354447,81.22555172477732,9305.0,244.0,9305.0,60.08922330844064
145,7.25,126.03714605177049,200.39723603159334,453.4759378183669,186.06042851021894,0.98843714256005,341.98880772488496,384.8728319013278,644.5804047889886,644.5804047889886,259.70757288766083,0.6747880114183888,81.22833719304104,82.19181855364853,35.19366455078125,82.19181855364853,81.22833719304104,140.0,0.6235294117647059,9339.0,9044.0,295.0,9339.0,9617.0,446.0,0.046376208796922114,1,0,2.0,0.94049008168028,3.594340782354727,3.6420485674614054,0.6235294117647059,0.0,4.0,0.0,4.0,40.0,52.0,244.0,0.9529411764705882,222,259.9588022632038,0.0,130,390.5946729507358,0.0006810958218162581,0.19982575390199642,420.4172446456188,341.9944612110107,0.08454556323980555,1.6530928909408438e-05,41.3534,0.014413,0.10690164251715584,0.036452084863659445,0.04148605650521209,0.8012476173610609,341.9801420702651,389.0431432923305,81.22696249658678,9305.0,244.0,9305.0,60.08922330844064
146,7.3,126.03821907153883,200.4740708035578,453.12834359455843,186.06740404036424,0.9885845224455786,341.9828781070755,390.5946729507358,644.0065277093062,644.0065277093062,253.41185475857037,0.6487847180407712,81.22699207222036,82.19083800528168,35.150390625,82.51807208616718,81.22699207222036,140.0,0.6,9327.0,9030.5,296.5,9327.0,9601.0,444.0,0.046245182793459017,1,0,2.0,0.9380116959064327,3.77238417661047,3.6071088430418974,0.6,0.0,4.0,0.0,4.0,40.0,52.0,244.0,0.9529411764705882,225,259.1173372200724,0.02352941176470591,132,390.5946729507358,0.07684226411456982,0.34766420932535114,420.4172446456188,341.9944612110107,0.07093565279421699,3.386927347925894e-05,41.4662,0.015903,0.1069333278546916,0.036452084863659445,0.04144501468158353,0.7991682550322872,341.98006003551774,389.0431432923305,81.22699207222036,9306.0,244.0,9306.0,60.08922330844064
147,7.35,126.04432670204633,200.46126172082376,453.307548357371,186.03637575029163,0.988109243697479,341.96891448878546,392.0092358870253,644.7894642755945,644.7894642755945,252.78022838856918,0.6448323285460013,81.22382153357118,82.23420003802039,37.150390625,82.73680823023949,81.22382153357118,140.0,0.6235294117647059,9237.0,8949.0,288.0,9237.0,9520.0,443.0,0.04653361344537815,1,0,2.0,0.936768149882904,3.9353733228555337,3.60457405955068,0.6235294117647059,0.0,4.0,0.0,4.0,40.0,52.0,244.0,0.9529411764705882,215,259.96317498568663,0.02352941176470591,132,392.0092358870253,0.014190692403951335,0.18187111315306811,420.4172446456188,341.9944612110107,0.06757098839401654,7.469922797798123e-05,41.5789,0.01748,0.10700794344931504,0.023412934165669957,0.04134827639157597,0.7835730375664843,341.98006003551774,386.82856405614996,81.22833719304104,9320.0,244.0,9320.0,60.08922330844064
148,7.4,126.03447469390372,200.46450244595275,453.85961331161167,186.03161340754565,0.9884937904681032,341.9944612110107,401.9366686529085,341.84744534446787,341.84744534446787,60.08922330844064,0.14949923208009308,81.24153057087176,82.2403948319716,36.39984130859375,82.81215269789021,81.24153057087176,140.0,0.6235294117647059,9150.0,22642.0,-13492.0,9150.0,9421.0,439.0,0.04659802568729434,1,0,1.9411764705882353,0.935064935064935,3.9055732166442914,3.6512873041166727,0.6235294117647059,0.0,4.0,0.0,4.0,40.0,52.0,244.0,0.9529411764705882,199,125.81873837396694,0.0,136,390.5946729507358,0.01037132411044196,0.5520854948367971,420.4172446456188,341.9944612110107,0.04395770208781058,0.0,41.6917,0.019145,0.10687143270905292,0.036452084863659445,0.04188860791744623,0.7684976606828751,341.9779587580471,390.5946729507358,81.24153057087176,9327.0,244.0,9327.0,67.73849203577998
149,7.45,126.02232808691859,200.6683800113609,453.1488652507427,186.0446837118425,0.9885761934542422,341.95192131653545,386.342224178906,371.2534814295297,371.2534814295297,15.088742749376308,0.03905538096811563,81.84777543721049,82.24173969381366,36.39984130859375,82.86683792732066,81.84777543721049,140.0,0.6,9320.0,22659.0,-13339.0,9320.0,9594.0,439.0,0.04575776526996039,1,0,1.9411764705882353,0.9418052256532067,3.6973439142440654,3.5930480364743667,0.6,0.0,4.0,0.0,4.0,40.0,52.0,244.0,0.9529411764705882,188,146.4275771352934,0.02352941176470591,131,390.5946729507358,0.20423907985008896,0.7108682289168841,420.4172446456188,341.9944612110107,0.08105048234982737,0.0001243876708546532,41.8045,0.020899,0.10709874768254701,0.036452084863659445,0.06038612464406945,0.7979552936738359,341.98006003551774,390.5946729507358,81.84777543721049,9327.0,244.0,9327.0,67.73849203577998
150,7.5,126.03594486224551,200.46375057699694,453.60630248206377,186.0317029443489,0.9888667156811259,341.98006003551774,394.44852017651067,326.7100281407307,326.7100281407307,67.73849203577998,0.1717296138047821,82.12057175666426,82.23690238467239,35.150390625,82.88835390151782,82.12057175666426,140.0,0.6,9256.0,22658.5,-13402.5,9256.0,9521.0,437.0,0.04589854006932045,1,0,1.9411764705882353,0.9404052443384983,3.731328537847697,3.5773836703695463,0.6,0.0,4.0,0.0,4.0,40.0,52.0,244.0,0.9529411764705882,213,125.19628558815565,0.0,133,392.0092358870253,0.20508198843004358,0.4576213728874764,420.4172446456188,341.9944612110107,0.061768932649272856,4.210938224535887e-05,41.9173,0.022744,0.10694838642193452,0.023412934165669957,0.06870958396263145,0.7868653612537094,341.9779587580471,386.82856405614996,82.12057175666426,9339.0,244.0,9339.0,60.08922330844064
151,7.55,126.03760484742513,200.46058691370246,454.03571898978424,186.02779581218064,0.9892397174906522,341.9749431028234,386.82856405614996,336.85721170455406,336.85721170455406,49.9713523515959,0.12918216748942646,82.14337354158519,82.23566167457469,35.150390625,82.88167860550121,82.14337354158519,140.0,0.6,9369.0,22673.0,-13304.0,9369.0,9628.0,437.0,0.04538845035313668,1,0,1.9411764705882353,0.9415274463007159,3.821109729414125,3.5734347963453494,0.6,0.0,4.0,0.0,4.0,40.0,52.0,244.0,0.9529411764705882,214,115.58428412124535,0.0,131,386.82856405614996,0.0035727183260679672,0.42943428226520197,420.4172446456188,341.9944612110107,0.07989367947497406,5.707141606381416e-05,42.0301,0.024681,0.10697572911834077,0.07116730336807942,0.06940530350005035,0.8064460231829952,341.9749431028234,386.82856405614996,82.14337354158519,9369.0,244.0,9369.0,49.9713523515959
152,7.6,126.03561259147628,200.4566355155539,454.02400213098935,186.03047771987,0.9894227801214117,341.9779587580471,384.85234444373606,379.7753488005112,379.7753488005112,5.076995643224848,0.01319206110219522,82.22479978017101,83.2353170954304,35.150390625,83.4208065706593,82.22479978017101,128.0,0.6352941176470588,9462.0,22671.5,-13209.5,9462.0,9719.0,435.0,0.044757691120485645,1,0,1.9411764705882353,0.9424460431654677,3.664859479788649,3.5543228364566604,0.6352941176470588,0.0,4.0,0.0,4.0,40.0,56.0,240.0,0.9411764705882353,220,147.35030505413224,0.03529411764705881,130,386.342224178906,0.004425226671500085,0.01201987557646826,420.4172446456188,341.9944612110107,0.08459429448918387,4.825356792359514e-05,42.1429,0.026711,0.10695961474862477,0.07565028449754385,0.07188975045186283,0.8225610812309914,341.9738873810295,386.82856405614996,82.2238895899985,9369.0,240.0,9369.0,49.9713523515959
153,7.65,126.0802009592911,200.25778240618584,453.93931246977496,186.01453915183757,0.9894080996884735,341.9738873810295,412.0917891367762,334.63937673224945,334.63937673224945,77.45241240452674,0.18794941914947919,82.2238895899985,83.23434417428362,35.150390625,83.41860201323048,82.2238895899985,132.0,0.6352941176470588,9375.0,22664.0,-13289.0,9375.0,9630.0,431.0,0.044755970924195226,1,0,1.9411764705882353,0.9396135265700483,3.8562042992600474,3.577899558706058,0.6352941176470588,0.0,4.0,0.0,4.0,40.0,56.0,240.0,0.9411764705882353,222,116.71366375135929,0.0,139,385.83009985824884,0.203790779108711,0.08617642756305997,420.4172446456188,341.9944612110107,0.01980284019001255,6.015837188799722e-05,42.2556,0.028837,0.10698137044337348,0.08037094133213499,0.07186197906957965,0.807485704347382,341.9738873810295,386.82856405614996,82.22479978017101,9369.0,240.0,9369.0,49.9713523515959
154,7.7,126.07200383372383,200.26036539651054,453.5449089447298,186.01556378591513,0.9897971727105102,341.9870567669618,385.83009985824884,336.23143560677914,336.23143560677914,49.5986642514697,0.12855053110084436,82.22683168896566,83.23749067967263,35.150390625,83.95396532992247,82.22683168896566,132.0,0.611764705882353,9513.0,22672.5,-13159.5,9513.0,9762.0,430.0,0.04404835074779758,1,0,1.9411764705882353,0.9394673123486683,3.7223394166985453,3.5875662996568014,0.611764705882353,0.0,4.0,0.0,4.0,40.0,56.0,240.0,0.9411764705882353,235,147.32090360900253,0.0235294117647058,130,385.83009985824884,0.008594457899321404,0.39440485600844694,420.4172446456188,341.9944612110107,0.08226861582836453,2.1650771836023708e-05,42.3684,0.031059,0.10691099888624889,0.08037094133213499,0.07195174729340803,0.8313983711282796,341.968257335695,386.82856405614996,82.22683168896566,9369.0,240.0,9369.0,49.9713523515959
155,7.75,126.06445044798708,200.4723682659207,453.77479521476124,185.9973402855926,0.9893300248138959,341.9596373611223,383.87170482644365,368.38843399827465,368.38843399827465,15.483270828168997,0.040334493617260235,82.91974682306947,83.9976097779236,34.756591796875,83.9976097779236,82.91974682306947,112.0,0.6235294117647059,9414.0,22659.0,-13245.0,9414.0,9672.0,429.0,0.04435483870967742,1,0,1.9411764705882353,0.9381818181818182,3.7266480697029714,3.6524899352411664,0.6235294117647059,0.0,4.0,0.0,4.0,44.0,56.0,236.0,0.9529411764705882,208,147.39800652206722,0.0117647058823529,130,385.83009985824884,0.2121373853761468,0.23060744375014208,420.4172446456188,341.9944612110107,0.08692683348415065,0.00010182577157846762,42.4812,0.03338,0.10705751644555458,0.08037094133213499,0.09309371482976372,0.8142436319158965,341.968257335695,390.11079930388433,82.91974682306947,9369.0,236.0,9369.0,51.011451264795085
156,7.8,126.06675036427757,200.26955049058384,453.3452336202186,186.0178093277995,0.9891299855342013,341.9524952314159,380.7836808062892,368.3344416331639,368.3344416331639,12.449239173125306,0.03269373085202786,83.13243018584973,84.04703646756397,34.756591796875,84.04703646756397,83.13243018584973,108.0,0.6235294117647059,9415.0,22649.5,-13234.5,9415.0,9678.0,428.0,0.04422401322587311,1,0,1.9411764705882353,0.9368932038834952,3.595308808797275,3.61633748326455,0.6235294117647059,0.0,4.0,0.0,4.0,44.0,56.0,236.0,0.9529411764705882,203,147.41205982603577,0.0,129,390.11079930388433,0.2028308152316451,0.43004900324832535,420.4172446456188,341.9944612110107,0.09427197467301274,0.00012270952999104967,42.594,0.035801,0.10709568092727052,0.040912332787750964,0.09958303008658623,0.814416912109961,341.96536443911316,390.11079930388433,83.13243018584973,9369.0,236.0,9369.0,51.011451264795085
157,7.85,126.06609858525161,200.26533580633634,453.9678638513661,186.0135433812693,0.9888725593113583,341.9602709609269,391.52693645190664,339.4758163698708,339.4758163698708,52.05112008203582,0.13294390560642702,83.16953024864347,84.04630543092473,35.96893310546875,84.04630543092473,83.16953024864347,108.0,0.6235294117647059,9261.0,22643.5,-13382.5,9261.0,9526.0,422.0,0.04429981104346,1,0,1.8823529411764706,0.942998760842627,3.840841454738075,3.685628037105377,0.6235294117647059,0.0,4.0,0.0,4.0,44.0,56.0,236.0,0.9529411764705882,188,126.73741018653703,0.0,132,390.11079930388433,0.004264783605859546,0.6226448450268808,420.4172446456188,341.9944612110107,0.0687181807160755,9.997311056653135e-05,42.7068,0.038325,0.10705413075961055,0.040912332787750964,0.10071501333327414,0.7877317622240319,341.9602709609269,391.1520263191143,83.16872515259296,9287.0,236.0,9287.0,52.05112008203582
158,7.9,126.06551138256839,200.47060829200137,453.9226322938839,186.01690476248737,0.9889842931937173,341.9539968214615,390.11079930388433,339.09934803908925,339.09934803908925,51.011451264795085,0.13076144355865096,83.16872515259296,84.0951635763029,35.19366455078125,84.0951635763029,83.16872515259296,108.0,0.6235294117647059,9287.0,22669.5,-13382.5,9287.0,9550.0,421.0,0.04408376963350785,1,0,1.8823529411764706,0.945273631840796,3.916543255684177,3.6410463290877355,0.6235294117647059,0.0,4.0,0.0,4.0,44.0,56.0,236.0,0.9529411764705882,198,126.2301833545957,0.0,132,391.1520263191143,0.20527332553961536,0.04535628595857343,420.4172446456188,341.9944612110107,0.07208658951961067,0.00011831884471436016,42.8195,0.040962,0.10708765707329493,0.03131451595394186,0.10069044854355337,0.7922370472697081,341.9596373611223,391.52693645190664,83.16953024864347,9261.0,236.0,9261.0,52.05112008203582
159,7.95,126.06420362613731,200.47032476547665,453.61773176746624,186.01843539592997,0.988912579957356,341.968257335695,391.1520263191143,634.2663740602522,634.2663740602522,243.11434774113792,0.6215341641686842,83.17053736911086,84.14454756530002,34.756591796875,84.14454756530002,83.17053736911086,112.0,0.6235294117647059,9120.0,8919.5,200.5,9120.0,9380.0,421.0,0.04488272921108742,1,0,1.8823529411764706,0.9464508094645081,3.6811307110640694,3.7760757875273456,0.6235294117647059,0.0,8.0,0.0,8.0,44.0,52.0,236.0,0.9529411764705882,184,210.09686593194942,0.0,132,391.52693645190664,0.0013381383236573806,0.3049043683657336,420.4172446456188,341.9944612110107,0.06960993798237969,7.662075936221147e-05,42.9323,0.043734,0.10701145499392938,0.027858671329237403,0.10074574221647906,0.7632992548609407,341.9539968214615,391.1520263191143,83.17053736911086,9199.0,236.0,9199.0,51.011451264795085
160,8.0,126.06405782458235,200.4676386079312,453.4689460615343,186.00897475137376,0.9889387144992526,341.96536443911316,420.4172446456188,341.9209265513605,341.9209265513605,78.4963180942583,0.18671050984225207,83.2440732501637,84.19359341222369,34.756591796875,84.43992117884503,83.2440732501637,112.0,0.6235294117647059,9107.0,22670.0,-13563.0,9107.0,9366.0,416.0,0.044415972667093746,1,0,2.0,0.9555273189326556,3.616919333338601,3.764004529579685,0.6235294117647059,0.0,8.0,0.0,8.0,44.0,52.0,236.0,0.9529411764705882,190,153.97658123793695,0.0,142,392.2355698312015,0.002690111605929511,0.14908618341441637,420.4172446456188,341.9944612110107,0.0,8.507965829174235e-05,43.0451,0.046662,0.10702691339404848,0.021326634340845668,0.10298944152893108,0.7610466123381026,341.9524952314159,391.1520263191143,83.24293544138874,9166.0,236.0,9166.0,51.011451264795085
161,8.05,126.05263640319137,200.27918040538972,449.6503156515173,186.06873133572813,0.985899496410586,337.96576599046745,405.0439310093382,342.0076040884666,342.0076040884666,63.0363269208716,0.15562837039377417,83.24293544138874,84.24174028637124,34.756591796875,84.73050215471486,83.24293544138874,116.0,0.6428571428571429,9004.0,22604.5,-13600.5,9004.0,9333.0,483.0,0.05175184828029573,1,0,2.0,0.9190325972660357,3.2460684505557906,3.878512886431383,0.6428571428571429,0.0,4.0,0.0,4.0,44.0,52.0,236.0,0.9642857142857143,199,150.1928139523832,0.019327731092437017,137,392.2355698312015,0.18880398028578974,3.819097937691631,420.4172446456188,341.9944612110107,0.036566800796287824,0.011780001366915482,43.1579,0.049758,0.1283990542175381,0.021326634340845668,0.10295472513294153,0.7431987523494616,337.9854137657296,391.1520263191143,83.2440732501637,9166.0,236.0,9166.0,51.011451264795085
162,8.1,126.0699925776054,200.2762841680408,450.13664692597064,186.01923209965884,0.9865532093707322,337.9854137657296,392.2355698312015,340.098686258033,340.098686258033,52.13688357316846,0.13292237518286668,83.96061570989913,84.23497287107514,33.98748779296875,84.79428177013409,83.96061570989913,116.0,0.6190476190476191,9199.0,22624.0,-13425.0,9199.0,9519.0,479.0,0.05032041180796302,1,0,2.0,0.9135021097046413,3.6124936407610253,3.7024221101153683,0.6190476190476191,0.0,4.0,0.0,4.0,44.0,52.0,236.0,0.9642857142857143,216,150.12679478712855,0.023809523809523836,132,392.2355698312015,0.017596163816912324,0.4888438225884095,420.4172446456188,341.9944612110107,0.06703263287444927,0.011722550801217424,43.2707,0.053021,0.1282940649229469,0.021326634340845668,0.12485231719225492,0.7769883901920344,337.9696458692104,391.52693645190664,83.96061570989913,9132.0,236.0,9132.0,52.05112008203582
163,8.15,126.10034742891017,200.28736096043585,449.1369994972306,186.02895357912473,0.9867918556809789,337.9645575303107,393.3561220392452,366.4986861078819,366.4986861078819,26.857435931363284,0.06827766094532454,84.14389419581755,85.24024685989926,35.19366455078125,85.33778955421883,84.14389419581755,88.0,0.6428571428571429,9166.0,22612.5,-13446.5,9166.0,9479.0,472.0,0.04979428209726765,1,0,1.9444444444444444,0.9063829787234042,3.7552029191929948,3.6978308042204318,0.6428571428571429,0.0,4.0,0.0,4.0,44.0,52.0,236.0,0.9642857142857143,222,148.37864087506875,0.023809523809523836,133,392.2355698312015,0.03231272702043704,0.9996946978701018,420.4172446456188,341.9944612110107,0.06436729927475782,0.011783534933372919,43.3835,0.056451,0.12840551171095438,0.021326634340845668,0.13044444183881973,0.7712701437879066,337.9696458692104,391.1520263191143,84.14389419581755,9132.0,236.0,9132.0,51.011451264795085
164,8.2,126.09821175477785,200.28495461735517,449.3923589123447,186.03817591132417,0.9868262204807794,337.9696458692104,371.0408971588236,366.4076336294033,366.4076336294033,4.633263529420333,0.012487204415736064,84.19349942532175,85.24150262342475,35.19366455078125,85.43836258318534,84.19349942532175,92.0,0.6428571428571429,9132.0,22635.0,-13503.0,9132.0,9443.0,472.0,0.04998411521762152,1,0,1.9444444444444444,0.9152360515021459,3.7981990163914383,3.76906255220729,0.6428571428571429,0.0,4.0,0.0,4.0,44.0,52.0,236.0,0.9642857142857143,206,148.3761718673699,0.0,125,392.2355698312015,0.003217388851442752,0.2555258935971589,420.4172446456188,341.9944612110107,0.11744605654417395,0.011768656508495234,43.4962,0.060046,0.1283783218075381,0.021326634340845668,0.1319579780573172,0.7653786171897144,337.9696458692104,391.1520263191143,84.19349942532175,9121.0,236.0,9121.0,48.83648467894142
165,8.25,126.09452385675193,200.28531181007097,450.23610150445484,186.0431858615088,0.987221396731055,337.9678250274209,375.725237109795,331.2669157538994,331.2669157538994,44.45832135589558,0.11832668387645172,84.23244613090067,85.24105329508482,35.19366455078125,85.4372755593117,84.23244613090067,92.0,0.6428571428571429,9121.0,22636.0,-13515.0,9121.0,9422.0,470.0,0.04988325196348971,1,0,1.9444444444444444,0.9138858988159311,3.715813425056136,3.8386807368844473,0.6428571428571429,0.0,4.0,0.0,4.0,44.0,52.0,236.0,0.9642857142857143,203,151.54393861991156,0.0,127,385.29334641537855,0.0037051556628262777,0.8437574659471484,420.4172446456188,341.9944612110107,0.10630393520964132,0.011773980693521757,43.609,0.063806,0.12838805160607739,0.08531862435824968,0.13314630537832825,0.7634725350550052,337.9680392300727,387.1538720733702,84.23244613090067,9132.0,236.0,9132.0,47.32992572440895
166,8.3,126.09251073874799,200.29945168319315,449.4754127515952,186.05246577950172,0.9877589257832831,337.9619043810892,378.9945890487986,365.5096078255079,365.5096078255079,13.484981223290731,0.03558093337726896,84.92332620570706,85.23959194118966,35.19366455078125,85.89861699852429,84.92332620570706,92.0,0.6190476190476191,9313.0,22651.5,-13338.5,9313.0,9607.0,465.0,0.048402206724263555,1,0,1.9444444444444444,0.9150326797385621,3.52743586219262,3.755558500105723,0.6190476190476191,0.0,4.0,0.0,4.0,44.0,52.0,236.0,0.9642857142857143,202,158.39019946739336,0.023809523809523836,128,385.29334641537855,0.01428245973246308,0.7607453552964665,420.4172446456188,341.9944612110107,0.09852748935581002,0.011791292805275577,43.7218,0.067728,0.128419689003879,0.08531862435824968,0.15422617994617574,0.7967423323153845,337.9678250274209,385.29334641537855,84.92332620570706,9139.0,236.0,9139.0,47.30317968895963
167,8.35,126.1011429308861,200.3263628320233,450.12241874057463,186.02833143596564,0.9865743207245605,337.9680392300727,412.8264175920869,347.2020820827191,347.2020820827191,65.62433550936782,0.1589635079366726,85.13314273671818,85.99452987986317,35.150390625,85.99452987986317,85.13314273671818,64.0,0.6309523809523809,9070.0,22643.5,-13573.5,9070.0,9385.0,461.0,0.049120937666489076,1,0,1.9444444444444444,0.9102844638949672,3.6069275084799473,3.8687986133453838,0.6309523809523809,0.0,4.0,0.0,4.0,48.0,56.0,228.0,0.9642857142857143,185,158.52419529477436,0.011904761904761862,139,378.9945890487986,0.02826171743662808,0.6474559570451138,420.4172446456188,341.9944612110107,0.018055460736227436,0.011773354359834731,43.8346,0.071811,0.12838690699886288,0.14337927645503237,0.16062802350377864,0.754635245157717,337.9678250274209,380.82916300064034,85.13314273671818,9144.0,232.0,9144.0,47.30317968895963
168,8.4,126.09830338112579,200.3179889343033,450.1134628982528,186.01297847936974,0.9871705303270879,337.97334935353894,385.29334641537855,347.87796641875605,347.87796641875605,37.415379996622505,0.09710881421836334,85.13342486601331,86.04302204857314,35.150390625,86.04302204857314,85.13342486601331,64.0,0.6309523809523809,9144.0,22645.5,-13501.5,9144.0,9447.0,457.0,0.048375145548851486,1,0,1.8888888888888888,0.9094922737306843,3.4630460625196138,3.9062486345781626,0.6309523809523809,0.0,4.0,0.0,4.0,48.0,56.0,228.0,0.9642857142857143,184,159.18508645945906,0.0,130,378.9945890487986,0.008842239867060266,0.01777414942913238,420.4172446456188,341.9944612110107,0.08354533187583002,0.011757827431569723,43.9474,0.076054,0.12835853197372776,0.14337927645503237,0.16063663172736203,0.7674579795184882,337.9671498725502,378.9945890487986,85.13342486601331,9144.0,228.0,9144.0,47.30317968895963
169,8.45,126.090760368058,200.54104857336344,450.3510238710483,186.0233320791899,0.9874840357598978,337.9793748951846,387.1538720733702,338.3173873944288,338.3173873944288,48.83648467894142,0.12614231240256413,85.23388664643987,86.0924080416865,35.150390625,86.0924080416865,85.23388664643987,64.0,0.6309523809523809,9102.0,22649.0,-13547.0,9102.0,9396.0,453.0,0.04821200510855683,1,0,1.8888888888888888,0.9263873159682899,3.8189448797802803,3.952562547593395,0.6309523809523809,0.0,4.0,0.0,4.0,44.0,56.0,232.0,0.9523809523809523,190,158.83749675116374,0.0,131,380.82916300064034,0.22318714036383622,0.23778648579089565,420.4172446456188,341.9944612110107,0.07911990527478763,0.011740208603404079,44.0602,0.080455,0.12832633406030156,0.12646855045551073,0.16370188401568128,0.7601802113677802,337.9678250274209,378.9022675343408,85.22750573649769,9144.0,228.0,9144.0,47.32992572440895
170,8.5,126.09897835883167,200.39523809079984,449.6783709251531,186.0246094232985,0.9883422124725791,337.9671498725502,378.69472155881937,331.3647958344104,331.3647958344104,47.32992572440895,0.12498174130757618,85.23108734687187,86.14169233206842,35.150390625,86.14169233206842,85.23108734687187,68.0,0.6309523809523809,9294.0,22643.0,-13349.0,9294.0,9573.0,449.0,0.046902747310143114,1,0,2.0,0.9386574074074074,3.5931493989902887,3.7774427975027334,0.6309523809523809,0.0,4.0,0.0,4.0,48.0,56.0,228.0,0.9642857142857143,186,112.43401210781603,0.0,128,380.82916300064034,0.14604188508023064,0.6726541587097148,420.4172446456188,341.9944612110107,0.09924075098767293,0.011775954862542792,44.1729,0.085012,0.12839165934449395,0.12646855045551073,0.16361647283373665,0.7934500086281595,337.9678250274209,378.9945890487986,85.23108734687187,9188.0,228.0,9188.0,47.32992572440895
171,8.55,126.10317987073765,200.36017350737816,449.4409135679945,186.02233619224128,0.9878620689655173,337.95156364772583,370.51010818902665,323.206928500067,323.206928500067,47.30317968895963,0.12767041611946123,85.22750573649769,86.23590192641618,34.756591796875,86.42655698781768,85.22750573649769,88.0,0.6428571428571429,9139.0,22640.0,-13501.0,9139.0,9425.0,446.0,0.0473209549071618,1,0,2.0,0.94049008168028,3.5911373769102166,3.664078028147122,0.6428571428571429,4.0,4.0,4.0,4.0,44.0,56.0,228.0,0.9642857142857143,181,119.66544702812088,0.011904761904761973,125,378.9022675343408,0.03531540333666676,0.23746823797757638,420.4172446456188,341.9944612110107,0.11870858555923469,0.011821529357431193,44.2857,0.089722,0.12847494545336954,0.14423027721915505,0.16350719207692824,0.7665915785481658,337.9671498725502,378.9945890487986,85.23388664643987,9222.0,228.0,9222.0,47.32992572440895
172,8.6,126.09243417671938,200.35395322754178,449.08196597567803,186.008443353235,0.9882947368421053,337.9518433083974,380.82916300064034,321.1073843262661,321.1073843262661,59.721778674374264,0.15682039212494303,86.13105796073337,86.23596988110415,34.756591796875,86.9010215419531,86.13105796073337,88.0,0.6190476190476191,9222.0,22659.5,-13437.5,9222.0,9500.0,442.0,0.046526315789473686,1,0,2.0,0.9377203290246768,3.777180986255056,3.6283090837813483,0.6190476190476191,4.0,4.0,4.0,4.0,44.0,56.0,228.0,0.9642857142857143,197,120.45379056227041,0.023809523809523836,129,378.9022675343408,0.012416191895149734,0.35921634846630285,420.4172446456188,341.9944612110107,0.09416379120782337,0.011820711622925972,44.3985,0.094584,0.12847345106653757,0.14423027721915505,0.19107603976402573,0.7809738346555173,337.9671498725502,380.82916300064034,86.13105796073337,9188.0,228.0,9188.0,48.83648467894142
173,8.65,126.15240506117793,200.46329753231834,450.13112687306517,186.01233385135936,0.9885810953689997,337.94936453244287,378.9022675343408,321.6172115510941,321.6172115510941,57.28505598324671,0.15118689142723282,86.1404080025859,87.23423968619235,34.756591796875,87.3291991686782,86.1404080025859,64.0,0.6428571428571429,9188.0,22651.5,-13463.5,9188.0,9458.0,435.0,0.04599281031930641,1,0,1.9411764705882353,0.9389952153110048,3.942981314167467,3.6433493400886747,0.6428571428571429,4.0,4.0,4.0,4.0,44.0,60.0,224.0,0.9523809523809523,204,121.87610637467102,0.023809523809523836,128,378.69472155881937,0.1247104004075411,1.0491681107343298,420.4172446456188,341.9944612110107,0.0987470843311199,0.011827959623217366,44.5113,0.099596,0.12848669658341874,0.14614339340660723,0.19136132474566406,0.7750823080573251,337.9590625995304,378.9022675343408,86.1404080025859,9222.0,228.0,9222.0,47.32992572440895
174,8.7,126.13969637990698,200.25683556530873,449.2224584542779,186.01345098283122,0.9896569485937983,337.97232038450545,374.4239493646367,585.1836501280075,585.1836501280075,210.75970076337074,0.5628905445845831,86.23104899353264,87.23971567440611,34.756591796875,87.43751781347726,86.23104899353264,64.0,0.6428571428571429,9456.0,9301.0,155.0,9456.0,9707.0,432.0,0.04450396620995158,1,0,1.9411764705882353,0.937424789410349,3.868391417394584,3.593645132332503,0.6428571428571429,4.0,4.0,4.0,4.0,44.0,60.0,224.0,0.9523809523809523,217,232.40011925621414,0.0,126,378.9022675343408,0.2068527360252232,0.9086691054966525,420.4172446456188,341.9944612110107,0.10939916444138986,0.011760836161681443,44.6241,0.104754,0.12836403034346888,0.14423027721915505,0.1941269287767227,0.8215214000666045,337.9518433083974,378.69472155881937,86.1404080025859,9222.0,224.0,9222.0,47.32992572440895
175,8.75,126.13369955485744,200.21575193433998,449.19734034576254,185.99558826472867,0.9889062662913147,337.9730485039327,382.22676884798017,335.36893260442133,335.36893260442133,46.857836243558836,0.12259171796048436,86.23121255602359,87.23988892830513,33.599853515625,87.43794872068537,86.23121255602359,64.0,0.6428571428571429,9325.0,22689.0,-13364.0,9325.0,9591.0,429.0,0.044729433844228964,1,0,1.9411764705882353,0.9381818181818182,3.6513003852940193,3.6081093813848804,0.6428571428571429,4.0,4.0,4.0,4.0,44.0,60.0,224.0,0.9523809523809523,209,150.36615385560546,0.0,129,378.9022675343408,0.04151899136842961,0.030822006316922505,420.4172446456188,341.9944612110107,0.09083946075958516,0.011758707123027734,44.7368,0.110057,0.1283601395851501,0.14423027721915505,0.19413191933430143,0.7988216946441582,337.95156364772583,378.69472155881937,86.23104899353264,9294.0,224.0,9294.0,47.32992572440895
176,8.8,126.16668005961652,200.47167284974253,449.4317142961996,185.99377244312467,0.9895424836601308,337.9590625995304,369.9054909981272,363.4292277975948,363.4292277975948,6.476263200532401,0.01750788609019375,87.09166031130195,87.99389596922248,36.3565673828125,87.99389596922248,87.09166031130195,48.0,0.6309523809523809,9536.0,22713.5,-13177.5,9536.0,9792.0,426.0,0.04350490196078431,1,0,1.9411764705882353,0.9377289377289377,3.7159888580885374,3.604812725015675,0.6309523809523809,4.0,4.0,4.0,4.0,44.0,60.0,224.0,0.9523809523809523,190,150.35018338809687,0.011904761904761973,125,375.3752057158467,0.25803726210500216,0.23438098440692204,420.4172446456188,341.9944612110107,0.12014672159813355,0.011799602242652751,44.8496,0.115503,0.12843487426721084,0.1767420088591096,0.2203855795785005,0.8353838155917626,337.94936453244287,375.3752057158467,86.23121255602359,9289.0,224.0,9289.0,47.30317968895963
177,8.85,126.13786606883116,200.47154397474392,445.4187375500137,186.04590163335118,0.9866371588154705,333.9846929468344,401.88784477432404,320.46389228927274,320.46389228927274,81.4239524850513,0.2026036705110454,87.13373406788128,88.0397811302283,35.19366455078125,88.0397811302283,87.13373406788128,48.0,0.6385542168674698,9172.0,22622.0,-13450.0,9172.0,9489.0,491.0,0.051744124776056485,1,0,1.894736842105263,0.9051987767584098,3.6528923831953777,3.8474685943624927,0.6385542168674698,4.0,4.0,4.0,4.0,44.0,56.0,224.0,0.963855421686747,204,116.79416670006287,0.007601835915088895,136,375.3752057158467,0.028814278990535805,4.013315315035962,420.4172446456188,341.9944612110107,0.04407383404768206,0.023420754347346695,44.9624,0.121088,0.1496722032122663,0.1767420088591096,0.22166931831063708,0.7723098249522935,333.98770313119417,378.9022675343408,87.09166031130195,9325.0,224.0,9325.0,51.67139888922918
178,8.9,126.12362761516779,200.48511094056195,445.4072558959388,186.04432148949954,0.9871807915352528,333.98770313119417,375.3752057158467,362.6277114135945,362.6277114135945,12.747494302252164,0.033959340169904095,87.22705267820696,88.0897733295939,35.150390625,88.0897733295939,87.22705267820696,60.0,0.6385542168674698,9514.0,22642.0,-13128.0,9514.0,9829.0,484.0,0.04924203886458439,1,0,1.894736842105263,0.9020618556701031,3.4183810537321015,3.7367815040136994,0.6385542168674698,4.0,4.0,4.0,4.0,44.0,52.0,228.0,0.9759036144578314,211,150.45186428658408,0.0,127,375.3752057158467,0.019667133096397664,0.011589876396545195,420.4172446456188,341.9944612110107,0.10713651617154585,0.023411952496143917,45.0752,0.126811,0.1496561180765039,0.1767420088591096,0.22451662086320018,0.8315716513223441,333.985164590714,375.8735198106967,87.13373406788128,9325.0,224.0,9325.0,51.67139888922918
179,8.95,305.6551635459879,157.16563038895293,459.4978336021856,185.50156840269173,0.9457290132547864,169.85371187381912,158.70366114965833,164.62271632392162,164.62271632392162,5.919055174263292,0.0372962736422419,66.19561624739507,69.6303437067425,30.36895751953125,70.55506617257203,66.19561624739507,8.0,0.5714285714285714,4695.0,4858.5,-163.5,4695.0,5432.0,803.0,0.1478276877761414,2,0,4.894736842105263,0.95,25.781179045770635,13.793946749498556,0.5714285714285714,4.0,8.0,4.0,8.0,92.0,40.0,24.0,0.7142857142857143,105,184.68391859861697,0.06712564543889843,54,375.3752057158467,184.68391859861697,14.101026948737402,420.4172446456188,341.9944612110107,0.6225091544866719,0.5033436761742778,45.188,0.132669,1.0,0.1767420088591096,0.0,0.0,333.9846929468344,375.3752057158467,87.22705267820696,9325.0,224.0,9325.0,51.67139888922918
180,9.0,126.13521501182117,200.49005282041958,445.3192881420101,186.02600086453717,0.9875761015375091,333.985164590714,380.98162816624733,596.1819289261036,596.1819289261036,215.2003007598563,0.5648574231667419,87.95510329147945,88.24031464315613,36.39984130859375,88.83787099938613,87.95510329147945,64.0,0.6265060240963856,9390.0,9250.5,139.5,9390.0,9691.0,475.0,0.049014549582086474,1,0,1.9444444444444444,0.9226638023630505,3.335850351455205,3.7288286704839755,0.6265060240963856,4.0,4.0,4.0,4.0,48.0,56.0,220.0,0.9759036144578314,213,238.28133543548464,0.055077452667814164,129,375.8735198106967,184.67381379267076,14.188240933015626,420.4172446456188,341.9944612110107,0.09380113918165467,0.023419375249340457,45.3008,0.138659,0.1496696829494091,0.1721486518503892,0.2467306290051044,0.8100849072583491,333.98441241459375,375.8735198106967,87.95510329147945,9305.0,224.0,9305.0,51.67139888922918
181,9.05,126.21703035262962,200.45100469260757,445.38340970194287,186.0218013373308,0.9876878130217028,333.98441241459375,359.45796620328326,361.89341468180567,361.89341468180567,2.435448478522403,0.006775335943299392,88.0898977966061,89.23888760869963,34.756591796875,89.28896916895971,88.0898977966061,48.0,0.6506024096385542,9289.0,22619.5,-13330.5,9289.0,9584.0,466.0,0.04862270450751252,1,0,1.9444444444444444,0.9192139737991266,3.347160369940752,3.742487779474541,0.6506024096385542,4.0,4.0,4.0,4.0,48.0,56.0,220.0,0.9759036144578314,198,150.32484385440213,0.02409638554216864,121,375.3752057158467,0.09065597761441511,0.06425893305187597,420.4172446456188,341.9944612110107,0.14499709328935773,0.02342157463034089,45.4135,0.144779,0.1496737022563903,0.1767420088591096,0.25084342855472397,0.7925836076578371,333.9837765299445,375.3752057158467,88.0898977966061,9305.0,224.0,9305.0,51.67139888922918
182,9.1,126.21981639470356,200.43995961342975,446.04364161997177,186.01736912532888,0.9886657833044542,333.9714868009323,386.3733996819923,334.7020007927631,334.7020007927631,51.67139888922918,0.13373435886569246,88.13926279684682,89.23597691270558,34.756591796875,89.3828467267183,88.13926279684682,48.0,0.6506024096385542,9533.0,22641.0,-13108.0,9533.0,9811.0,462.0,0.04709000101926409,1,0,1.9444444444444444,0.9154774972557629,3.5803020505621808,3.772590603919666,0.6506024096385542,4.0,4.0,4.0,4.0,48.0,56.0,220.0,0.9759036144578314,203,150.3230094361073,0.0,131,375.8735198106967,0.011391040535527698,0.6602467948330748,420.4172446456188,341.9944612110107,0.08097632862877213,0.023459369434431165,45.5263,0.151026,0.14974277119892263,0.1721486518503892,0.25234963498774043,0.8348639750095691,333.9714868009323,375.8735198106967,88.13926279684682,9289.0,220.0,9289.0,61.164271767988964
183,9.15,126.20297751982687,200.4508994098015,445.53245605495323,186.0051190515123,0.9888018385041262,333.9837765299445,375.8735198106967,593.4481208016609,593.4481208016609,217.57460099096426,0.5788505694695987,88.23249308726255,89.23874483746607,34.756591796875,89.38882086769331,88.23249308726255,48.0,0.6506024096385542,9305.0,9154.0,151.0,9305.0,9573.0,454.0,0.047425049618719316,1,0,1.8888888888888888,0.9181614349775785,3.589564229848428,3.7964785112951334,0.6506024096385542,8.0,4.0,8.0,4.0,44.0,56.0,220.0,0.9759036144578314,204,235.69291576343684,0.0,127,375.8735198106967,0.02008050925071681,0.5113323246107482,420.4172446456188,341.9944612110107,0.10595123154966968,0.023423433972293406,45.6391,0.157395,0.14967710015156532,0.1721486518503892,0.25519424275622815,0.7953560907628687,331.9365371416662,375.3752057158467,88.23249308726255,9305.0,220.0,9305.0,51.67139888922918
184,9.2,128.2337390038866,200.3651798937596,446.70571933961827,186.00691298896984,0.98610348468849,331.9365371416662,374.09735741682243,587.7002735031687,587.7002735031687,213.60291608634623,0.5709821570547692,88.24006699923137,89.23881359224129,37.95037841796875,89.9372457729421,88.24006699923137,60.0,0.6506024096385542,9141.0,9028.0,113.0,9141.0,9470.0,487.0,0.05142555438225977,2,1,6.0,0.9291428571428572,87.82222064964215,4.667707589097427,0.6506024096385542,4.0,8.0,4.0,8.0,44.0,52.0,224.0,0.963855421686747,180,235.47985464384183,0.0,126,375.8735198106967,2.0325698119796307,1.1732646561431062,420.4172446456188,341.9944612110107,0.11017599258527244,0.029409611002848224,45.7519,0.163886,0.16061667047780517,0.1721486518503892,0.25542533512683296,0.7669381389362947,331.93497470230477,374.09735741682243,88.24006699923137,9289.0,220.0,9289.0,51.67139888922918
185,9.25,128.23378941637833,200.35488754728206,447.56912694366866,186.00739056443643,0.9867118070249683,331.93497470230477,378.0981185572841,316.93384678929516,316.93384678929516,61.164271767988964,0.1617682521176635,89.00378468023331,89.2384323765165,35.150390625,90.03757567578566,89.00378468023331,68.0,0.6385542168674698,9138.0,22593.5,-13455.5,9138.0,9452.0,479.0,0.05067710537452391,2,1,6.0,0.9455621301775148,87.83080889217243,4.664345533410432,0.6385542168674698,4.0,8.0,4.0,8.0,44.0,52.0,224.0,0.963855421686747,194,119.7800839451452,0.012048192771084376,128,375.8735198106967,0.010292469938410497,0.8634077361307163,420.4172446456188,341.9944612110107,0.10065982456073275,0.02941417961298265,45.8647,0.170494,0.16062501948445893,0.1721486518503892,0.27872760350572606,0.7664182983541014,331.93497470230477,375.8735198106967,89.00378468023331,9305.0,220.0,9305.0,51.67139888922918
186,9.3,128.305714357412,200.3552265798288,447.1085494391996,185.9894396591262,0.9883987425210425,331.92272967174523,366.70179433738355,315.1041938884143,315.1041938884143,51.597600448969274,0.14070724835749499,89.22812558555881,89.23543856598494,35.150390625,90.0392366101958,89.22812558555881,68.0,0.6144578313253012,9575.0,22606.5,-13031.5,9575.0,9861.0,473.0,0.04796673765338201,2,1,6.0,0.94377990430622,88.568694976208,4.580607150707504,0.6144578313253012,4.0,8.0,4.0,8.0,44.0,52.0,224.0,0.963855421686747,232,119.98571855588781,0.02409638554216864,124,374.09735741682243,0.07192574007797821,0.4609271879857253,420.4172446456188,341.9944612110107,0.1277670005033058,0.02944998437577384,45.9774,0.177216,0.16069045168243248,0.18852095210206812,0.2855726093427004,0.8421417431602771,331.92272967174523,375.8735198106967,89.22812558555881,9289.0,220.0,9289.0,51.67139888922918
187,9.35,128.3038762290649,200.4296667879956,443.72315786353175,186.0210393688118,0.9849504950495049,327.93366207466465,381.7229247721492,315.2468179445613,315.2468179445613,66.4761068275879,0.17414753611475536,89.23199101375324,90.13707110288252,34.756591796875,90.39609320130518,89.23199101375324,48.0,0.6585365853658537,9234.0,22502.0,-13268.0,9234.0,9595.0,538.0,0.056070870244919226,2,1,5.666666666666667,0.882865440464666,88.81225140705035,4.289903200405753,0.6585365853658537,4.0,4.0,4.0,4.0,48.0,56.0,216.0,0.975609756097561,213,116.47578684464779,0.044078754040552504,129,374.09735741682243,0.07446289886737889,3.385539050469643,420.4172446456188,341.9944612110107,0.09203789893558256,0.04111411362206385,46.0902,0.18405,0.18200632014620122,0.18852095210206812,0.2856905498427394,0.783053196984291,327.9348379682843,375.8735198106967,89.23199101375324,9261.0,216.0,9261.0,51.67139888922918
188,9.4,128.31874611719525,200.50727974840422,443.41303349508235,186.01577501841874,0.9855342012812565,327.9348379682843,372.6657079610405,357.11757854815875,357.11757854815875,15.548129412881735,0.04172138482488757,90.13218831845597,91.03705685564796,34.756591796875,91.28418647393045,90.13218831845597,44.0,0.6463414634146342,9328.0,22503.5,-13175.5,9328.0,9678.0,532.0,0.05497003513122546,2,1,5.666666666666667,0.8824681684622919,88.80602608940373,4.270793414841334,0.6463414634146342,4.0,4.0,4.0,4.0,52.0,56.0,212.0,0.9878048780487805,217,151.13354796085608,0.012195121951219523,126,378.0981185572841,0.07902458602485765,0.3101690463137887,420.4172446456188,341.9944612110107,0.11358129879955181,0.04111067528094148,46.203,0.190993,0.182000036674409,0.15164275737573282,0.3131570334792313,0.7993415352263517,327.93366207466465,374.09735741682243,90.13218831845597,9234.0,212.0,9234.0,52.09777438300358
189,9.45,128.30320993157102,200.5695066773092,443.3407934604058,186.00124497531334,0.9857544517338331,327.90583685547176,363.94207581404066,357.21590044703936,357.21590044703936,6.726175367001304,0.018481444751768963,90.18968352197096,91.18835217392444,34.756591796875,91.34310459700345,90.18968352197096,44.0,0.6463414634146342,9261.0,22522.5,-13261.5,9261.0,9603.0,525.0,0.05467041549515776,2,1,5.666666666666667,0.9117043121149897,88.6822113069767,4.256598059739402,0.6463414634146342,8.0,4.0,8.0,4.0,48.0,56.0,212.0,0.9878048780487805,215,151.1439985827642,0.0,123,372.6657079610405,0.06413706997279739,0.07368680182172628,420.4172446456188,341.9944612110107,0.13433123771881095,0.0411954752297764,46.3158,0.198041,0.18215500619823133,0.20171760282840617,0.3149113056352035,0.7877317622240319,327.90583685547176,372.6657079610405,90.18968352197096,9234.0,212.0,9234.0,51.597600448969274
190,9.5,132.2691786447733,200.35174974652674,442.8502395684439,185.87163602468576,0.9829892141756549,323.91555856121,381.33333422952063,356.12244923223955,356.12244923223955,25.210884997281084,0.066112460501832,90.23977325941547,91.18896023169694,34.756591796875,91.39720017779038,90.23977325941547,44.0,0.6419753086419753,9321.0,22478.5,-13157.5,9321.0,9735.0,590.0,0.06060606060606061,2,1,2.857142857142857,0.9057971014492754,88.45349062888415,4.463283482948053,0.6419753086419753,4.0,4.0,4.0,4.0,48.0,56.0,212.0,0.9753086419753086,241,147.21874116808868,0.004366154772658892,129,372.6657079610405,3.9719423353068817,0.5073870327489126,420.4172446456188,341.9944612110107,0.09296457486905196,0.052863144583636945,46.4286,0.205192,0.20347734410911664,0.20171760282840617,0.31643962497885014,0.7981285738679004,323.95167899450536,366.70179433738355,90.23783681855953,9234.0,212.0,9234.0,34.360155671776226
191,9.55,132.34617797488826,200.34312838749395,443.1964507459181,185.99442803560748,0.9818784058125868,323.9477662739075,382.1082489617675,312.3994989116051,312.3994989116051,69.7087500501624,0.18243194236075552,90.23783681855953,91.23657782556398,36.3565673828125,91.43723279022554,90.23783681855953,44.0,0.6419753086419753,8935.0,22447.0,-13512.0,8935.0,9359.0,581.0,0.06207928197456993,2,1,2.857142857142857,0.9064143007360673,89.32684563935,4.508604724986861,0.6419753086419753,4.0,4.0,4.0,4.0,48.0,56.0,212.0,0.9753086419753086,208,117.14806437344528,0.0,129,366.0956946067145,0.07748047928173092,0.367341880751835,420.4172446456188,341.9944612110107,0.09112137090414307,0.05276896845989665,46.5414,0.212444,0.20330523988910248,0.2622786369239073,0.3163805410193616,0.7312424189590128,323.9477662739075,366.0956946067145,90.23977325941547,9234.0,212.0,9234.0,25.210884997281084
192,9.6,132.3604884315684,200.3329755519561,443.2457210592708,185.91636885470427,0.9828125,323.9099036407053,361.9104405683695,354.94784593101633,354.94784593101633,6.962594637353163,0.01923844646874132,90.2409499332731,91.2396255380853,34.756591796875,91.98105435705808,90.2409499332731,52.0,0.6419753086419753,9065.0,22471.0,-13406.0,9065.0,9472.0,574.0,0.060599662162162164,2,1,2.857142857142857,0.9273318872017353,89.23044113865956,4.272071181819305,0.6419753086419753,4.0,8.0,4.0,8.0,48.0,56.0,208.0,0.962962962962963,213,147.154661068759,0.0,122,363.94207581404066,0.017546203003852904,0.09230817678381083,420.4172446456188,341.9944612110107,0.1391636637706578,0.05287967970670493,46.6541,0.219791,0.20350756158192643,0.2821302527575274,0.3164755272117131,0.7537688441873946,323.94494680640406,363.94207581404066,90.2409499332731,9221.0,208.0,9221.0,25.210884997281084
193,9.65,132.36860677477623,200.34383897894395,443.9883231428827,185.93289039486464,0.9829205807002561,323.94494680640406,366.0956946067145,313.99792022371093,313.99792022371093,52.09777438300358,0.14230643831791204,91.23095131078817,91.23594162440982,33.599853515625,92.03508314186203,91.23095131078817,60.0,0.6419753086419753,8968.0,22476.0,-13508.0,8968.0,9368.0,562.0,0.05999146029035013,2,1,2.7142857142857144,0.9267480577136515,89.98667542230874,4.295933353619733,0.6419753086419753,4.0,8.0,4.0,8.0,48.0,56.0,208.0,0.962962962962963,207,116.2120757823803,0.0,124,361.9104405683695,0.013561767670926057,0.7427858479225105,420.4172446456188,341.9944612110107,0.12920866289557986,0.05277721265044133,46.7669,0.227233,0.2033203059156811,0.30085744930145836,0.3466820791460156,0.7369606653631405,323.919712997695,363.94207581404066,91.23095131078817,9221.0,208.0,9221.0,25.210884997281084
194,9.7,132.39880683822705,200.4012976658407,443.29650531859846,185.76379366215713,0.9846548363934762,323.95167899450536,358.8199418782678,324.4597862064916,324.4597862064916,34.360155671776226,0.09575876828895188,91.23240575592128,92.08459478469615,35.19366455078125,92.1232698304124,91.23240575592128,44.0,0.6296296296296297,9375.0,22494.0,-13119.0,9375.0,9749.0,551.0,0.05651861729408145,2,1,2.7142857142857144,0.9245495495495496,88.50682967865109,4.04698263155954,0.6296296296296297,4.0,8.0,4.0,8.0,48.0,56.0,208.0,0.962962962962963,211,151.3754082179054,0.012345679012345623,121,361.24692559407555,0.06491182120640661,0.7121836890927097,420.4172446456188,341.9944612110107,0.14651469118321503,0.052757527571105634,46.8797,0.234766,0.2032843319862983,0.30697359409660296,0.34672645663219553,0.807485704347382,323.91555856121,361.9104405683695,91.23240575592128,9162.0,208.0,9162.0,25.210884997281084
195,9.75,132.39245284801692,200.41565788194515,443.2680035581816,185.9616700140031,0.9841845831148401,323.919712997695,361.24692559407555,362.928797183595,362.928797183595,1.68187158951946,0.004655739524297955,91.23679033975456,93.23928209943408,35.150390625,93.23928209943408,91.23679033975456,44.0,0.6419753086419753,9158.0,22497.5,-13339.5,9158.0,9535.0,541.0,0.056738332459360254,2,1,2.5714285714285716,0.9215017064846417,89.8086017129876,3.898078001708575,0.6419753086419753,4.0,8.0,4.0,8.0,52.0,56.0,204.0,0.9753086419753086,195,152.90276638523247,0.012345679012345623,122,361.24692559407555,0.015703152491042184,0.19991848580541058,420.4172446456188,341.9944612110107,0.14074189345258548,0.05285099691179951,46.9925,0.242386,0.20345514458015396,0.30697359409660296,0.3468602374150091,0.7698839022353908,323.9099036407053,361.24692559407555,91.23679033975456,9158.0,204.0,9158.0,34.360155671776226
196,9.8,132.39694758077255,200.50798389334935,439.8805177124805,185.84685868871784,0.9824157594608605,319.94996642456687,353.93147569450826,360.75005912081343,360.75005912081343,6.8185834263051674,0.01926526430836727,92.19105325026659,93.24485766487881,35.150390625,93.3001943264376,92.19105325026659,44.0,0.65,9221.0,22428.0,-13207.0,9221.0,9645.0,608.0,0.06303784344219802,2,1,2.4285714285714284,0.8846153846153846,88.84219921311652,4.030277774384225,0.65,8.0,4.0,8.0,4.0,48.0,56.0,204.0,0.9875,208,152.93413857311916,0.00802469135802475,120,359.7911198016744,0.09243535581341367,3.3894309249841355,420.4172446456188,341.9944612110107,0.1581423450104983,0.06445863102105143,47.1053,0.250092,0.224667769768362,0.32039291297393535,0.37597635060437834,0.7808005544614528,319.94996642456687,359.7911198016744,92.19008808742832,9116.0,204.0,9116.0,37.709788315796516
197,9.85,132.4486317724849,200.41185832542047,438.89373504779775,186.0038258749557,0.9829066973148051,319.94133149688975,359.7911198016744,579.0547431425211,579.0547431425211,219.26362334084672,0.6094192193006601,92.19008808742832,93.29724937809829,36.3565673828125,93.40588702589835,92.19008808742832,44.0,0.65,9162.0,9048.0,114.0,9162.0,9571.0,597.0,0.06237592728032598,2,1,2.4285714285714284,0.8940397350993378,87.7130443574247,4.001498093200508,0.65,8.0,4.0,8.0,4.0,48.0,56.0,204.0,0.9875,218,216.64490206480312,0.0,122,358.8199418782678,0.10913927103755577,0.9991890336036902,420.4172446456188,341.9944612110107,0.14420465767299284,0.06448387975650327,47.218,0.257879,0.22471391112297187,0.3293450316623244,0.37594690191666796,0.7705770230116488,319.94133149688975,358.8199418782678,92.19105325026659,9158.0,204.0,9158.0,37.709788315796516
198,9.9,132.4453422104221,200.4607642439619,438.9054169653399,185.85744208642856,0.9838194938510011,319.9005833508728,365.6585811056361,327.94879278983956,327.94879278983956,37.709788315796516,0.10312841066596612,92.30409792038878,93.30251942355252,34.756591796875,93.4148493308837,92.30409792038878,48.0,0.65,9441.0,22439.0,-12998.0,9441.0,9839.0,585.0,0.05945726191686147,2,1,2.4285714285714284,0.8872549019607843,87.24383965841837,3.98946773668142,0.65,8.0,4.0,8.0,4.0,48.0,56.0,204.0,0.9875,226,152.88861125727075,0.0,124,354.53420680410363,0.04901642670520398,0.14684917684829474,420.4172446456188,341.9944612110107,0.1302483764340835,0.0646030283119291,47.3308,0.265745,0.22493165176022634,0.3688500575965325,0.3794255273191755,0.8189221971556374,319.9005833508728,358.8199418782678,92.30409792038878,9158.0,204.0,9158.0,43.75447031283733
199,9.95,136.44798852421965,200.35340778728974,438.9887716208304,185.9174694379752,0.9804052642573637,315.9099800272609,348.1739900664363,350.17933577976913,350.17933577976913,2.005345713332815,0.005759608042376078,92.40049053429058,93.3602865070934,35.150390625,93.96253730547357,92.40049053429058,52.0,0.6455696202531646,9105.0,22357.5,-13252.5,9105.0,9574.0,653.0,0.06820555671610612,2,1,1.9090909090909092,0.8959731543624161,85.76064707329519,4.150604847942263,0.6455696202531646,4.0,4.0,4.0,4.0,48.0,56.0,204.0,0.9746835443037974,196,142.287286982481,0.004430379746835467,118,353.93147569450826,4.00408577856998,0.10271943110065761,420.4172446456188,341.9944612110107,0.17183703927292104,0.07627164805939846,47.4436,0.273688,0.2462557264887279,0.37440590920748695,0.3823666227196852,0.7607000519499736,315.94858787728356,358.8199418782678,92.40049053429058,9158.0,204.0,9158.0,43.75447031283733
200,10.0,136.42990935928415,200.33903306328793,439.0353202402379,185.64151885496418,0.9812232096184004,315.9481785939662,354.53420680410363,308.1701309922092,308.1701309922092,46.36407581189445,0.13077461898482684,93.24313660091408,94.02395341623011,36.3565673828125,94.02395341623011,93.24313660091408,44.0,0.6329113924050633,9116.0,22371.5,-13255.5,9116.0,9565.0,635.0,0.06638787245164662,2,1,1.8181818181818181,0.9042553191489362,86.86002651576192,3.9978210668652165,0.6329113924050633,4.0,8.0,4.0,8.0,48.0,52.0,204.0,0.9746835443037974,205,113.99649449980227,0.012658227848101222,120,354.53420680410363,0.02309737852859653,0.2798490633053314,420.4172446456188,341.9944612110107,0.1567086951845892,0.07615995453497681,47.5564,0.281704,0.2460516097111654,0.3688500575965325,0.4080771244945285,0.7626061340846828,315.9481785939662,359.7911198016744,93.24313660091408,9116.0,204.0,9116.0,45.605335373338335
201,10.05,136.4461130229022,200.37821717405814,439.7179318379734,185.838846443977,0.9811344537815125,315.93940320749215,352.63241727387197,308.87794696103464,308.87794696103464,43.75447031283733,0.12407954620591623,93.29465477867251,94.23977678288212,34.756591796875,94.54351561237732,93.29465477867251,44.0,0.6708860759493671,9071.0,22365.0,-13294.0,9071.0,9520.0,625.0,0.06565126050420168,2,1,1.8181818181818181,0.8989169675090253,86.57495836864553,3.9183845202679226,0.6708860759493671,4.0,8.0,4.0,8.0,48.0,52.0,204.0,0.9746835443037974,205,113.82653717008095,0.03797468354430378,119,354.53420680410363,0.042402278847947186,0.7105608846176552,420.4172446456188,341.9944612110107,0.16123227159457865,0.07618561397531687,47.6692,0.28979,0.24609850161741845,0.3688500575965325,0.40964902787503343,0.7548085253517814,315.94689145137204,359.7911198016744,93.29465477867251,9116.0,204.0,9116.0,46.36407581189445
202,10.1,136.46634294421762,200.32422779467527,439.9991599389008,185.95701211119135,0.9824008243173622,315.9314761446304,353.1918565760748,307.5865212027365,307.5865212027365,45.605335373338335,0.12912340566242725,93.33933875462341,95.28926961624968,34.756591796875,95.28926961624968,93.33933875462341,40.0,0.6455696202531646,9278.0,22379.5,-13101.5,9278.0,9705.0,609.0,0.06275115919629057,2,1,1.9444444444444444,0.9232456140350878,83.76107097916464,3.8410573694386656,0.6455696202531646,4.0,8.0,4.0,8.0,52.0,56.0,196.0,0.9746835443037974,236,114.54417278180249,0.025316455696202556,119,354.53420680410363,0.057655032760158084,0.3050448649943578,420.4172446456188,341.9944612110107,0.159901595202666,0.0762087928970856,47.782,0.297943,0.24614086044567926,0.3688500575965325,0.4110124086448461,0.7906775255231279,315.9413151537898,359.7911198016744,93.33933875462341,9105.0,196.0,9105.0,46.36407581189445
203,10.15,136.4439984405425,200.3555104400442,439.709103924296,185.6153188094339,0.9816657824933688,315.94689145137204,380.2335010310682,322.19446459575295,322.19446459575295,58.03903643531527,0.1526405124165348,94.14096288042374,95.29418629124044,33.55657958984375,95.29418629124044,94.14096288042374,40.0,0.6455696202531646,8993.0,22398.0,-13405.0,8993.0,9425.0,598.0,0.06344827586206897,2,1,1.7894736842105263,0.9020674646354734,83.7849426408702,3.926309792835777,0.6455696202531646,4.0,8.0,4.0,8.0,52.0,56.0,196.0,0.9746835443037974,206,123.52203555312329,0.0,128,361.1463993243087,0.03844321456079244,0.44820397596888634,420.4172446456188,341.9944612110107,0.09558062645223453,0.07616371817076673,47.8947,0.30616,0.24605848764982233,0.3079002246105024,0.4354712642966999,0.7412926702147524,315.93940320749215,354.53420680410363,94.14096288042374,9089.0,196.0,9089.0,45.605335373338335
204,10.2,136.46472399253204,200.5104502161414,439.6039632687877,185.33631908549074,0.9823325270796088,315.94858787728356,381.8450195533225,304.24902585934575,304.24902585934575,77.59599369397677,0.2032133188086297,94.29621303325024,95.29472835106291,33.599853515625,95.40367164077803,94.29621303325024,40.0,0.6455696202531646,9089.0,22355.5,-13266.5,9089.0,9509.0,588.0,0.06183615522136923,2,1,1.7894736842105263,0.8986784140969163,83.26981461620808,4.018136167989596,0.6455696202531646,4.0,8.0,4.0,8.0,52.0,56.0,196.0,0.9746835443037974,209,116.53525076893948,0.0,129,361.1463993243087,0.15631980911682467,0.29815332196886113,420.4172446456188,341.9944612110107,0.09174748558377965,0.07615875778074899,48.0075,0.314438,0.24604942267643984,0.3079002246105024,0.4402081989219152,0.7579275688449421,315.9314761446304,354.4151053234524,94.29384658606621,9089.0,196.0,9089.0,45.605335373338335
205,10.25,136.44428364479793,200.372603273563,439.4519769779981,185.8324377816554,0.9828384233329811,315.9413151537898,365.5375338121479,297.97525062630876,297.97525062630876,67.56228318583914,0.18482994750563653,94.29384658606621,95.29240592807406,36.39984130859375,95.39972303740609,94.29384658606621,44.0,0.6455696202531646,9057.0,22355.0,-13298.0,9057.0,9463.0,577.0,0.06097432103983937,2,1,1.736842105263158,0.9,83.35402865172874,3.921885693249509,0.6455696202531646,4.0,8.0,4.0,8.0,52.0,56.0,196.0,0.9746835443037974,199,136.62703253831796,0.0,124,361.1463993243087,0.13935417967793287,0.5188772429699511,420.4172446456188,341.9944612110107,0.13053629824278612,0.07618002339852536,48.1203,0.322775,0.24608828499541383,0.3079002246105024,0.44013599477009513,0.7523826026348788,315.9314761446304,354.4151053234524,94.29621303325024,9089.0,196.0,9089.0,45.605335373338335
206,10.3,140.42261598426782,200.327382814461,435.00847430951285,185.77711674633818,0.978114374034003,307.90916062344263,361.1463993243087,311.26955249106817,311.26955249106817,49.876846833240506,0.1381070029399662,94.42240411520201,96.02001349871713,33.599853515625,96.02001349871713,94.42240411520201,44.0,0.6363636363636364,9174.0,22220.0,-13046.0,9174.0,9705.0,729.0,0.07511591962905718,2,1,1.7619047619047619,0.8657074340527577,79.20219711180954,4.058700211052574,0.6363636363636364,4.0,4.0,4.0,4.0,48.0,56.0,196.0,0.974025974025974,217,145.974866367124,0.009205983889528202,122,361.1463993243087,3.978589334574924,4.443847025020536,420.4172446456188,341.9944612110107,0.1409810041718701,0.09966623572461131,48.2331,0.331167,0.28900867811556225,0.3079002246105024,0.44405849403987735,0.7726563853404225,307.966731354475,353.1918565760748,94.42240411520201,9071.0,196.0,9071.0,44.72200976520827
207,10.35,140.44380550659278,200.28738487205302,436.1250993698748,185.89699120420565,0.9775681341719078,307.92182012760765,354.4151053234524,309.6930955582441,309.6930955582441,44.72200976520827,0.1261853941704694,94.49103190866028,96.07270160356619,33.599853515625,96.07270160356619,94.49103190866028,44.0,0.6363636363636364,9005.0,22213.0,-13208.0,9005.0,9540.0,710.0,0.07442348008385745,2,1,1.8,0.8758357211079274,78.10404855127639,4.074662599705574,0.6363636363636364,4.0,4.0,4.0,4.0,48.0,56.0,196.0,0.974025974025974,207,141.17429662991697,0.0,120,354.4151053234524,0.04526401720165769,1.1230411439824408,420.4172446456188,341.9944612110107,0.1569919887035114,0.09962921903106559,48.3459,0.339612,0.2889410311481868,0.36994791059036164,0.44615243961845513,0.7433720325435261,307.95564086129934,353.1918565760748,94.49103190866028,9089.0,196.0,9089.0,44.72200976520827
208,10.4,140.45611132068956,200.40336534118617,434.94934225059006,185.7117173251534,0.9776153685529338,307.9287701866491,348.9974346478957,317.81205050866856,317.81205050866856,31.185384139227153,0.08935705837118876,95.49247307738047,96.30089846361577,36.39984130859375,97.01229574654793,95.49247307738047,40.0,0.6233766233766234,9042.0,22216.0,-13174.0,9042.0,9578.0,706.0,0.07371058676132804,2,1,1.8,0.8825794032723773,71.85646126566344,4.089432767300374,0.6233766233766234,4.0,4.0,4.0,4.0,48.0,56.0,196.0,0.974025974025974,177,141.15099367227592,0.012987012987012991,118,348.9974346478957,0.11663148065993892,1.1902651863378404,420.4172446456188,341.9944612110107,0.16987840272328691,0.0996088968918799,48.4586,0.348106,0.288903893009828,0.4198868864806542,0.47670803818542234,0.7497833997239117,307.94038108306256,348.9974346478957,95.49247307738047,9089.0,196.0,9089.0,37.643493606973834
209,10.45,140.4316645492554,200.3892019970817,435.01462025313305,185.85678420330117,0.9786943005181348,307.9249127361214,346.6141070736212,346.2368652106187,346.2368652106187,0.37724186300249585,0.0010883626929886303,95.49931437054863,97.29797903333773,35.150390625,97.29797903333773,95.49931437054863,40.0,0.6493506493506493,9136.0,22269.0,-13133.0,9136.0,9650.0,690.0,0.07150259067357513,2,1,1.75,0.8852621167161226,65.87323570568117,4.013865427979805,0.6493506493506493,4.0,4.0,4.0,4.0,48.0,56.0,196.0,0.974025974025974,197,141.22573162919463,0.025974025974025983,117,346.6141070736212,0.028253229015028674,0.15907739233324933,420.4172446456188,341.9944612110107,0.1755473604185962,0.09962017616966123,48.5714,0.356646,0.28892450557305294,0.4418559106975304,0.4769167771650596,0.7660717379659724,307.9287701866491,346.6141070736212,95.49931437054863,9136.0,196.0,9136.0,32.859291565761225
210,10.5,140.50586053894088,200.3441970814747,435.5706485631095,185.72591348174242,0.9803564196030782,307.966731354475,334.0974229972423,316.247600537769,316.247600537769,17.849822459473273,0.053426998326834174,96.29676987546122,97.29521308998488,34.76275634765625,97.29521308998488,96.29676987546122,40.0,0.6493506493506493,9391.0,22247.5,-12856.5,9391.0,9876.0,673.0,0.06814499797488861,2,1,1.8421052631578947,0.8938775510204081,55.58634421583844,3.956873268507439,0.6493506493506493,4.0,8.0,4.0,8.0,48.0,52.0,196.0,0.974025974025974,207,141.15617824565177,0.0,113,340.4396872136385,0.08677838045389138,0.5712220472430842,420.4172446456188,341.9944612110107,0.20531941243546714,0.09949789752747074,48.6842,0.36523,0.288701044790184,0.49877044518841424,0.50124844141476,0.8102581874524136,307.9249127361214,346.6141070736212,96.25677266186146,9136.0,196.0,9136.0,32.859291565761225
211,10.55,140.50806773006923,200.55940547237628,435.2380421577324,185.28507981836924,0.9794860994102781,307.95564086129934,337.39786777220985,345.78794032766945,345.78794032766945,8.390072555459597,0.024866999340742883,96.31923559250403,97.36952287118004,37.562744140625,97.43090262829907,96.31923559250403,44.0,0.6493506493506493,9009.0,22234.5,-13225.5,9009.0,9496.0,657.0,0.06918702611625947,2,1,1.7894736842105263,0.897489539748954,47.83584148005003,4.310534509399498,0.6493506493506493,4.0,8.0,4.0,8.0,48.0,52.0,196.0,0.974025974025974,187,141.19725581344028,0.0,114,337.39786777220985,0.21521970915119357,0.5522330483236967,420.4172446456188,341.9944612110107,0.19746900949172108,0.09953032639528447,48.797,0.373855,0.28876030763494076,0.5268093122302022,0.5019339069747153,0.744065153319784,307.92182012760765,346.6141070736212,96.29676987546122,9136.0,196.0,9136.0,32.859291565761225
212,10.6,140.48178854907616,200.4839078011152,435.4447640941342,185.27039329432597,0.9803772029269298,307.94038108306256,337.1252188278354,304.2659272620742,304.2659272620742,32.859291565761225,0.0974690997013248,96.31368150158418,97.36211030852041,34.3751220703125,97.88815609184877,96.31368150158418,44.0,0.6493506493506493,9227.0,22259.5,-13032.5,9227.0,9703.0,650.0,0.06698959084819128,2,1,1.7894736842105263,0.9140708915145005,43.13098632697831,4.214645332090155,0.6493506493506493,4.0,8.0,4.0,8.0,48.0,52.0,196.0,0.974025974025974,203,110.74159677233628,0.0,114,337.39786777220985,0.07994056366771539,0.20724298052810872,420.4172446456188,341.9944612110107,0.19811752937963456,0.09957494635252806,48.9098,0.382517,0.28884184935309054,0.5268093122302022,0.5017644426288785,0.7818402356258396,307.92182012760765,346.6141070736212,96.31368150158418,9112.0,196.0,9112.0,31.185384139227153
213,10.65,140.7803642049236,200.35129146444817,435.19397194945907,185.31851408392401,0.9815,307.9193974915083,340.4396872136385,302.79619360666464,302.79619360666464,37.643493606973834,0.1105731647067081,96.25677266186146,97.30639597683682,34.756591796875,98.00187109008928,96.25677266186146,44.0,0.6233766233766234,9156.0,22238.5,-13082.5,9156.0,9600.0,621.0,0.0646875,2,1,1.7777777777777777,0.9402985074626866,49.902145216807895,4.109480735648973,0.6233766233766234,4.0,8.0,4.0,8.0,48.0,52.0,196.0,0.974025974025974,208,111.1578732521735,0.025974025974025983,115,337.39786777220985,0.32670248700569854,0.2553670108339979,420.4172446456188,341.9944612110107,0.19023377002386188,0.09963630287707514,49.0226,0.391213,0.2889539766777305,0.5268093122302022,0.5000280613857331,0.7695373418472619,307.9193974915083,340.4396872136385,96.31923559250403,9136.0,196.0,9136.0,19.840763754124453
214,10.7,140.8596252738069,200.54367284877938,432.3031435509135,185.69215588581685,0.9795942720763724,303.95367996880503,333.47325730958573,313.6324935554613,313.6324935554613,19.840763754124453,0.05949731595929725,97.38431811118252,98.94990059544813,36.39984130859375,98.94990059544813,97.38431811118252,40.0,0.6447368421052632,9543.0,22223.5,-12680.5,9543.0,10056.0,687.0,0.06831742243436754,2,1,1.8,0.9067554709800191,48.61880954539201,4.072554364889451,0.6447368421052632,4.0,4.0,4.0,4.0,52.0,52.0,192.0,1.0,220,140.0735305080075,0.0213602187286398,113,340.4396872136385,0.20806949338554928,2.9148751304231406,420.4172446456188,341.9944612110107,0.20680404632145977,0.11123215594633407,49.1353,0.399941,0.3101450723463702,0.49877044518841424,0.5344313066202929,0.8365967769502138,303.95367996880503,337.39786777220985,97.38431811118252,9137.0,192.0,9137.0,17.849822459473273
215,10.75,144.7956507013827,200.04807145336392,432.1358275743886,185.52291139448585,0.9760224789260068,299.9464598506935,375.6258616782082,588.4752275207584,588.4752275207584,212.84936584255018,0.5666525858778444,98.13886511992625,99.00367982837685,32.0,99.00367982837685,98.13886511992625,40.0,0.64,9033.0,8763.0,270.0,9033.0,9609.0,745.0,0.07753148090331981,2,1,1.75,0.8981571290009699,41.64642270754108,4.205089685098494,0.64,4.0,4.0,4.0,4.0,48.0,52.0,192.0,0.9866666666666667,209,204.163854112452,0.00473684210526315,127,340.4396872136385,3.967104348219367,0.2379880960181965,420.4172446456188,341.9944612110107,0.10654030855743435,0.12294936359911857,49.2481,0.408698,0.3315579401066325,0.49877044518841424,0.5574537628755551,0.7482238779773314,299.9636515498702,337.1252188278354,98.13886511992625,9156.0,192.0,9156.0,17.849822459473273
216,10.8,144.8149099169226,200.18611643862405,431.46974795811667,185.72985875420903,0.9771132953957579,299.9636515498702,364.1690769671323,591.8768753668319,591.8768753668319,227.70779839969958,0.6252804337372421,98.15410961447394,99.18120513737918,36.39984130859375,99.29620521233278,98.15410961447394,40.0,0.64,9112.0,8878.0,234.0,9112.0,9665.0,732.0,0.07573719606828763,2,1,1.75,0.9052319842053307,40.94015735833618,4.018584752766224,0.64,4.0,4.0,4.0,4.0,48.0,56.0,188.0,0.9733333333333334,203,212.73736934974943,0.0,123,340.4396872136385,0.13938197637673247,0.6974878242015118,420.4172446456188,341.9944612110107,0.13379129518319255,0.12289909465875082,49.3609,0.417481,0.3314660750305462,0.49877044518841424,0.5579188971942798,0.761913013308425,299.9464598506935,337.39786777220985,98.15410961447394,9137.0,188.0,9137.0,13.5198572657917
217,10.85,144.84519442436692,200.1156235384833,431.5928705728484,185.5991062431659,0.9777360066833751,299.9462647553081,347.94394521675747,349.4366752803585,349.4366752803585,1.492730063601016,0.004290145249319096,98.19817382213166,99.24090289143331,32.3936767578125,99.35954303922304,98.19817382213166,44.0,0.6533333333333333,9043.0,22129.5,-13086.5,9043.0,9576.0,713.0,0.07445697577276525,2,1,1.75,0.898,39.281728979731184,4.073589175194551,0.6533333333333333,4.0,8.0,4.0,8.0,48.0,52.0,188.0,0.9733333333333334,214,141.89546175285884,0.013333333333333308,118,337.0102713902533,0.07672288029915714,0.17959787694310625,420.4172446456188,341.9944612110107,0.1723842215129664,0.1229499340627006,49.4737,0.426286,0.3315589826128,0.5303820960948663,0.5592633678256217,0.7499566799179761,299.9462647553081,337.1252188278354,98.19817382213166,9156.0,188.0,9156.0,19.840763754124453
218,10.9,144.83831636783114,200.31704640594012,431.5066381924371,185.68580994326248,0.9798201798201798,299.9448700975786,337.0102713902533,348.89841140058707,348.89841140058707,11.888140010333757,0.035275304700038215,98.21309863279323,99.24106006221822,33.599853515625,99.41944510580811,98.21309863279323,44.0,0.64,9505.0,22113.5,-12608.5,9505.0,10010.0,695.0,0.06943056943056942,2,1,1.7894736842105263,0.9158878504672897,38.7969525432141,4.009700280085787,0.64,4.0,8.0,4.0,8.0,48.0,52.0,188.0,0.9733333333333334,245,141.922223764914,0.013333333333333308,114,342.5416845240576,0.20154026693500804,0.12228472938942302,420.4172446456188,341.9944612110107,0.19839094213576203,0.12295401207532275,49.5865,0.435111,0.33156643506628464,0.4793946655789064,0.5597187480691218,0.8300121295757638,299.9448700975786,337.0102713902533,98.21309863279323,9137.0,188.0,9137.0,15.700225130060801
219,10.95,144.78771264318033,200.25428281358876,432.22967349154544,185.1426920955024,0.9795223260643822,299.9128329522439,334.4894699848802,347.2068930543197,347.2068930543197,12.71742306943952,0.038020398878369416,98.65187098887085,99.30656067888857,34.76275634765625,99.92923712778178,98.65187098887085,52.0,0.64,9137.0,22029.5,-12892.5,9137.0,9630.0,676.0,0.07019730010384216,2,1,1.7894736842105263,0.9172852598091198,36.302968203662374,4.124036584848269,0.64,4.0,8.0,4.0,8.0,48.0,52.0,188.0,0.9733333333333334,207,141.24415829522795,0.0,113,337.0102713902533,0.08062261142745818,0.9042991984471894,420.4172446456188,341.9944612110107,0.20438689362794682,0.12304768945600675,49.6992,0.443953,0.33173762784737687,0.5303820960948663,0.5731064061696209,0.7662450181600369,299.9128329522439,335.8814160092882,98.65187098887085,9112.0,188.0,9112.0,15.700225130060801
220,11.0,144.78459433907406,200.3470013786356,428.7157420107616,185.59806808716178,0.9792828685258964,297.95697327771904,331.32837926601894,344.84823653181064,344.84823653181064,13.5198572657917,0.04080500829944541,99.2166100436928,100.29689294905558,35.150390625,100.88517782614063,99.2166100436928,40.0,0.6351351351351351,9282.0,22063.5,-12781.5,9282.0,9789.0,701.0,0.07161099192971702,2,1,1.75,0.9124015748031497,32.733583829914664,4.026544076069341,0.6351351351351351,4.0,4.0,4.0,4.0,48.0,52.0,188.0,0.9864864864864865,232,141.24044015477497,0.004864864864864926,112,335.8814160092882,0.09277098751682236,3.5433150784856338,420.4172446456188,341.9944612110107,0.21190583049155198,0.1287666700137593,49.812,0.452809,0.3421889041271453,0.5407876532115048,0.5903375130915386,0.7913706462993858,297.9667892306246,337.0102713902533,99.2166100436928,9043.0,188.0,9043.0,15.700225130060801
221,11.05,144.78836791380309,200.5593541171422,427.8110455511288,185.59940424768394,0.9784514629766558,297.9667892306246,342.5416845240576,343.6845552259902,343.6845552259902,1.1428707019326225,0.0033364426975378983,99.30875703709346,100.43437688100182,35.150390625,100.9855311060233,99.30875703709346,40.0,0.6351351351351351,8957.0,22052.5,-13095.5,8957.0,9467.0,682.0,0.07203971691137637,2,1,1.75,0.902,35.11498935600791,4.467157132796265,0.6351351351351351,4.0,4.0,4.0,4.0,52.0,52.0,184.0,1.0,196,141.30118883432618,0.0,116,335.68582311861667,0.21238626466294855,0.9046974463305347,420.4172446456188,341.9944612110107,0.1852339815109264,0.1287379679322379,49.9248,0.461676,0.3421364518796239,0.5425905883171082,0.593149067706476,0.7350545832284313,297.95697327771904,335.8814160092882,99.30875703709346,9112.0,184.0,9112.0,15.700225130060801
222,11.1,144.8180504805828,200.71351884486802,428.06996293004534,185.71267623417538,0.9784555748240334,295.9409499387223,335.8814160092882,314.2805722608912,314.2805722608912,21.60084374839704,0.06431092260192123,99.54168410147236,101.23856137173753,36.3565673828125,101.23856137173753,99.54168410147236,40.0,0.6486486486486487,9275.0,22012.5,-12737.5,9275.0,9803.0,710.0,0.07242680811996327,2,1,1.6363636363636365,0.8779385171790235,31.823668567320073,4.172638257278912,0.6486486486486487,8.0,4.0,8.0,4.0,48.0,52.0,184.0,1.0,239,141.21855005707388,0.013513513513513598,114,335.68582311861667,0.15699623576828425,0.28261060140893285,420.4172446456188,341.9944612110107,0.20107602557451731,0.13466157056816574,50.0376,0.47055,0.35296166925787215,0.5425905883171082,0.600256051218687,0.7901576849409344,295.9409499387223,335.8814160092882,99.54168410147236,9043.0,184.0,9043.0,15.700225130060801
223,11.15,148.78912090351682,200.31442623479953,428.4446302956011,185.58207561894116,0.9755136268343816,291.97283537668795,325.91190264218153,341.61212777224233,341.61212777224233,15.700225130060801,0.04817321798553049,100.26581284872618,101.3056339076121,32.78131103515625,101.3056339076121,100.26581284872618,44.0,0.6438356164383562,8956.0,21971.0,-13015.0,8956.0,9540.0,774.0,0.08113207547169811,2,1,1.7142857142857142,0.8842203548085901,30.083194506446645,4.205203081732494,0.6438356164383562,0.0,4.0,0.0,4.0,52.0,52.0,184.0,0.9863013698630136,211,137.34599205343844,0.0048130322102925005,110,335.68582311861667,3.9910744437197176,0.39677721143236366,420.4172446456188,341.9944612110107,0.22478940435256978,0.1462644326378706,50.1504,0.47943,0.3741655736778908,0.5425905883171082,0.6223503968507579,0.7348813030343668,291.9768177874821,335.68582311861667,100.26581284872618,9015.0,184.0,9015.0,15.700225130060801
224,11.2,148.82206967944697,200.71455763593804,428.1873942418943,185.19835549357435,0.9766057441253264,291.92242274975376,335.68582311861667,275.249336723471,275.249336723471,60.436486395145664,0.18003884058514458,100.32769925364117,101.36674850009365,33.599853515625,101.36674850009365,100.32769925364117,40.0,0.6438356164383562,9015.0,21959.5,-12944.5,9015.0,9575.0,761.0,0.07947780678851175,2,1,1.75,0.9131707317073171,27.104544511273733,4.243172525863362,0.6438356164383562,4.0,4.0,4.0,4.0,48.0,52.0,184.0,0.9863013698630136,236,90.06506519657906,0.0,114,335.8814160092882,0.40148569091857034,0.46196484924521447,420.4172446456188,341.9944612110107,0.20154126075019718,0.14641184036709431,50.2632,0.488311,0.3744349571612463,0.5407876532115048,0.6242386517022652,0.7451048344841709,291.97283537668795,335.68582311861667,100.32769925364117,9014.0,184.0,9014.0,21.60084374839704
225,11.25,148.787737533393,200.36737560200285,427.99616830092714,185.13459464396715,0.9760878749471905,291.9645482068978,347.2001288767684,295.8046397645059,295.8046397645059,51.39548911226251,0.14802842751969222,100.33181014690838,101.37211675114729,33.98748779296875,101.37211675114729,100.33181014690838,48.0,0.6438356164383562,8902.0,21957.0,-13055.0,8902.0,9468.0,738.0,0.0779467680608365,2,1,1.75,0.9072781655034895,26.89304050760441,4.316315062077133,0.6438356164383562,4.0,4.0,4.0,4.0,48.0,52.0,184.0,0.9863013698630136,234,104.7122570605625,0.0,117,335.68582311861667,0.34887542323878606,0.20157580817502158,420.4172446456188,341.9944612110107,0.1741534551718188,0.14628866452092748,50.3759,0.497192,0.3742098567633198,0.5425905883171082,0.6243640817408416,0.7255241725548851,291.9692123350004,335.68582311861667,100.33181014690838,9014.0,184.0,9014.0,23.67920092520086
226,11.3,148.7962832838128,200.46411984245842,428.2116056407756,185.3032152984131,0.9777346542743335,291.9692123350004,332.8926889825921,296.06270472580934,296.06270472580934,36.82998425678278,0.11063620642839868,100.69967206055391,102.23923432572246,33.98748779296875,102.78333203693657,100.69967206055391,40.0,0.6301369863013698,9246.0,22001.5,-12755.5,9246.0,9791.0,724.0,0.07394546011643346,2,1,1.7,0.9087221095334685,26.674403541649987,4.13506148139295,0.6301369863013698,4.0,4.0,4.0,4.0,48.0,56.0,180.0,0.9726027397260274,235,137.34524866042892,0.013698630136986356,113,335.68582311861667,0.09712094476250598,0.27358028530352835,420.4172446456188,341.9944612110107,0.20818497998768704,0.14627502649858615,50.4887,0.506069,0.3741849336606865,0.5425905883171082,0.6355881469306057,0.7851325593130647,291.9645482068978,335.8814160092882,100.69967206055391,8957.0,180.0,8957.0,23.67920092520086
227,11.35,148.8056193535629,200.5442726752305,427.86766446630475,185.37831594034634,0.9772222222222222,291.92734371754466,356.5214098416594,542.2847946204445,542.2847946204445,185.76338477878505,0.5210441214772698,101.63616569375252,102.30870424874661,35.19366455078125,102.89355962451171,101.63616569375252,40.0,0.6301369863013698,8827.0,8817.5,9.5,8827.0,9360.0,701.0,0.07489316239316239,2,1,1.7894736842105263,0.928345626975764,27.08738645168046,4.48735010804334,0.6301369863013698,4.0,8.0,4.0,8.0,48.0,52.0,180.0,0.9726027397260274,222,198.0661243937495,0.0,121,335.68582311861667,0.08069472597244681,0.3520449373519892,420.4172446456188,341.9944612110107,0.15198195511180546,0.14639745133934956,50.6015,0.514939,0.37440866161733977,0.5425905883171082,0.6641620905733526,0.7125281580000494,291.92734371754466,335.8814160092882,101.63188734768389,8956.0,180.0,8956.0,23.67920092520086
228,11.4,148.8251385318213,200.54940568914037,427.4465978725101,185.17740564605396,0.9786997164163429,291.9768177874821,334.82467715065536,332.55911132882136,332.55911132882136,2.2655658218340022,0.00676642427049845,101.63188734768389,102.3670290464646,35.19366455078125,102.98063471617353,101.63188734768389,44.0,0.6301369863013698,9014.0,21975.5,-12961.5,9014.0,9521.0,690.0,0.07247137905682176,2,1,1.736842105263158,0.9269602577873255,25.529513903856078,4.062642757784639,0.6301369863013698,4.0,8.0,4.0,8.0,48.0,52.0,180.0,0.9726027397260274,225,134.12318418024094,0.0,113,337.4290815128212,0.02018281822943336,0.46654262695115045,420.4172446456188,341.9944612110107,0.20358957341797845,0.14625278797327557,50.7143,0.523799,0.3741442933805303,0.5265215903782874,0.6640315512774989,0.7449315542901064,291.92242274975376,335.68582311861667,101.63616569375252,8902.0,180.0,8902.0,23.67920092520086
229,11.45,148.814130898738,200.6208802366175,424.2379508265767,185.34433638575427,0.9769915254237288,289.96701672973904,343.69705350498725,306.7484167969479,306.7484167969479,36.94863670803937,0.10750350150296888,101.78478160083908,103.23730812581601,35.150390625,103.23730812581601,101.78478160083908,40.0,0.6527777777777778,8897.0,21943.0,-13046.0,8897.0,9440.0,709.0,0.07510593220338983,2,1,1.75,0.9183266932270916,23.9574443929645,4.461197262728384,0.6527777777777778,4.0,4.0,4.0,4.0,52.0,52.0,176.0,1.0,223,134.28435003831683,0.022640791476407962,116,337.4290815128212,0.07231721042155893,3.212986420331397,420.4172446456188,341.9944612110107,0.18248583310444622,0.15212949442818802,50.8271,0.532646,0.38488380930564214,0.5265215903782874,0.6686966035726596,0.7246577715845627,289.96701672973904,335.68582311861667,101.78478160083908,8902.0,176.0,8902.0,33.15875233672449
230,11.5,148.81117428559568,200.7278606063512,423.3339901736893,185.47027766071744,0.9767567567567568,287.9426292817885,329.58238140008933,305.9031804748885,305.9031804748885,23.67920092520086,0.0718460763121194,102.26721454897678,103.30583661274383,35.150390625,103.30583661274383,102.26721454897678,48.0,0.6527777777777778,9061.0,21885.5,-12824.5,9061.0,9620.0,737.0,0.07661122661122662,2,1,1.6363636363636365,0.8854824165915239,24.381098882108386,4.589374295026273,0.6527777777777778,4.0,4.0,4.0,4.0,52.0,52.0,176.0,1.0,242,134.33788085139759,0.0,112,337.4290815128212,0.10702121784781986,0.9126916602599005,420.4172446456188,341.9944612110107,0.21605884250085095,0.15804885183760964,50.9398,0.541477,0.3957012686517305,0.5265215903782874,0.6834164173362705,0.7530757234111367,287.9426292817885,337.4290815128212,102.26721454897678,8897.0,176.0,8897.0,23.67920092520086
231,11.55,148.84294563523756,200.88201220877536,423.9241154624864,185.23221399652977,0.9761920137767732,287.927176518358,337.4290815128212,332.6472993051758,332.6472993051758,4.781782207645392,0.014171221360668939,102.29557797469514,103.37675617198403,35.19366455078125,103.37675617198403,102.29557797469514,48.0,0.6527777777777778,8738.0,21876.5,-13138.5,8738.0,9291.0,718.0,0.07727908728877408,2,1,1.6363636363636365,0.8805834092980857,22.836014383908136,4.663983095708451,0.6527777777777778,4.0,4.0,4.0,4.0,52.0,52.0,176.0,1.0,215,134.34424366444512,0.0,114,334.82467715065536,0.1573916617486712,0.6363349469299197,420.4172446456188,341.9944612110107,0.1973947648192942,0.1580940360881843,51.0526,0.55029,0.3957838416000876,0.5505284550327929,0.6842818315785685,0.6971062207283112,287.927176518358,334.82467715065536,102.29557797469514,8897.0,176.0,8897.0,23.67920092520086
232,11.6,152.7807937325972,200.25154406430931,423.8923622716268,185.49012551137807,0.9741403026134801,283.95840065545895,339.424934780169,332.6476523800084,332.6476523800084,6.777282400160573,0.019966955004498795,102.31956560761573,104.17229981863224,32.3936767578125,104.17229981863224,102.31956560761573,40.0,0.6197183098591549,8840.0,21840.5,-13000.5,8840.0,9451.0,786.0,0.0831658025605756,2,1,1.5909090909090908,0.88,21.321972613928104,4.109329562768057,0.6197183098591549,4.0,4.0,4.0,4.0,48.0,52.0,176.0,0.9859154929577465,242,130.5001651914525,0.03305946791862291,115,337.4290815128212,3.9879992125206676,0.2598588359496607,420.4172446456188,341.9944612110107,0.19264744940165435,0.1696988318174646,51.1654,0.559081,0.4169912797286493,0.5265215903782874,0.6850137332668425,0.7147808005228876,283.9792842047618,334.82467715065536,102.31956560761573,8868.0,176.0,8868.0,12.517827292018978
233,11.65,152.8224572490771,200.74337668565457,423.92635196622234,185.26840136203967,0.9748098055790364,283.9570274826677,334.23637755923045,331.85670348318075,331.85670348318075,2.379674076049696,0.00711973392431825,102.33137551087437,104.30305898074855,32.78131103515625,104.82638491090466,102.33137551087437,44.0,0.6197183098591549,8868.0,21792.5,-12924.5,8868.0,9464.0,767.0,0.08104395604395605,2,1,1.6666666666666667,0.8932692307692308,21.19913221054756,4.360902489718815,0.6197183098591549,4.0,4.0,4.0,4.0,48.0,52.0,176.0,0.9859154929577465,246,130.420697121131,0.0,113,334.23637755923045,0.493594140995225,0.22431428340285514,420.4172446456188,341.9944612110107,0.2049888965877995,0.1697028470076124,51.2782,0.567847,0.41699861737582733,0.5559512798724402,0.6853740726201235,0.719632645956693,283.9675753905247,334.23637755923045,102.33137551087437,8897.0,176.0,8897.0,12.517827292018978
234,11.7,152.84596549688393,200.71800441001596,423.6363064731811,185.2421344685531,0.9765569301740407,283.9675753905247,334.17142597267053,301.01267363594604,301.01267363594604,33.15875233672449,0.09922677332512655,102.79885667139908,104.36875679524891,32.78131103515625,104.89943317963447,102.79885667139908,44.0,0.647887323943662,8979.0,21784.5,-12805.5,8979.0,9538.0,749.0,0.0785279932899979,2,1,1.7,0.922920892494929,20.135360665402906,4.251717697191794,0.647887323943662,4.0,4.0,4.0,4.0,48.0,56.0,172.0,0.971830985915493,234,130.42647937858004,0.028169014084507116,113,334.23637755923045,0.03458887228616431,0.2912324462126003,420.4172446456188,341.9944612110107,0.20514338974284274,0.1696720046722726,51.391,0.576586,0.4169422538745889,0.5559512798724402,0.6996376830295775,0.7388667474978498,283.96708975333524,334.17142597267053,102.79885667139908,8892.0,176.0,8892.0,18.232182444741852
235,11.75,152.8475603348951,200.74122072575426,424.1372638515712,185.10012502213644,0.975078556723372,283.96708975333524,341.73382778523205,329.2160004932131,329.2160004932131,12.517827292018978,0.03663034289917006,103.32768335199545,104.43563237196092,33.599853515625,104.96596556059296,103.32768335199545,44.0,0.647887323943662,8654.0,21829.5,-13175.5,8654.0,9229.0,728.0,0.07888178567558782,2,1,1.7,0.9176954732510288,20.53594842801425,4.280028469761577,0.647887323943662,4.0,4.0,4.0,4.0,48.0,56.0,172.0,0.971830985915493,228,130.0127275720369,0.0,116,334.17142597267053,0.023271029731021107,0.5206966274473799,420.4172446456188,341.9944612110107,0.1871555409833655,0.16967342468705227,51.5038,0.585295,0.41694484891169964,0.556549990261,0.7157730450144004,0.6825506844268951,283.95840065545895,333.23454301114435,103.32768335199545,8892.0,172.0,8892.0,18.232182444741852
236,11.8,152.8254751466999,200.76389442995804,423.78427444412125,185.0359484737519,0.9775641702756945,283.93463437959633,333.23454301114435,295.19713615945244,295.19713615945244,38.03740685169191,0.11414605013028264,103.44701195137114,104.44456722384035,33.98748779296875,105.02283116408486,103.44701195137114,52.0,0.647887323943662,8936.0,21826.0,-12890.0,8936.0,9467.0,712.0,0.07520861941480934,2,1,1.736842105263158,0.9358288770053476,20.55141485586626,4.356677476864742,0.647887323943662,4.0,8.0,4.0,8.0,48.0,52.0,172.0,0.971830985915493,259,130.03205344143802,0.0,113,333.23454301114435,0.0316520520652024,0.3587759065690368,420.4172446456188,341.9944612110107,0.20737184962040056,0.16976832497761252,51.6165,0.593969,0.41711827652622974,0.5651859850324752,0.7194139546294323,0.7314156991530772,283.958204799357,333.23454301114435,103.44701195137114,8868.0,172.0,8868.0,12.517827292018978
237,11.85,152.84794418470005,200.78141191407374,423.8671057097173,185.08857517440316,0.9773955773955774,283.9792842047618,322.6267759249482,329.0197047329902,329.0197047329902,6.392928808041972,0.019815245618451525,103.83726479024602,105.2312805819875,33.98748779296875,105.30362476512659,103.83726479024602,48.0,0.6338028169014085,8832.0,21803.5,-12971.5,8832.0,9361.0,696.0,0.07435103087277001,2,1,1.736842105263158,0.9386637458926615,19.64032535283421,4.383570356449474,0.6338028169014085,4.0,8.0,4.0,8.0,48.0,48.0,176.0,0.9859154929577465,220,130.0418244848717,0.014084507042253502,109,322.6267759249482,0.02849069880499215,0.09813556023012657,420.4172446456188,341.9944612110107,0.23260337192662217,0.16963776781885798,51.7293,0.602607,0.41687968698694633,0.6629662039663172,0.7313212033592996,0.7133945589703719,283.9570274826677,322.6267759249482,103.83726479024602,8892.0,172.0,8892.0,12.517827292018978
238,11.9,152.85156873946642,200.88579981012475,423.503929169762,185.02322835548145,0.9803756543159191,283.958204799357,321.0497643701934,295.6702092977199,295.6702092977199,25.379555072473465,0.07905177916034543,103.85907375948827,105.30065993849385,33.599853515625,105.63892639893004,103.85907375948827,48.0,0.647887323943662,9265.0,21830.0,-12565.0,9265.0,9743.0,677.0,0.06948578466591399,2,1,1.6842105263157894,0.9366666666666666,19.171441327518497,4.065208468396316,0.647887323943662,4.0,8.0,4.0,8.0,48.0,52.0,172.0,0.971830985915493,252,130.2253027054032,0.014084507042253502,109,321.0497643701934,0.10445080296106157,0.3690086800023732,420.4172446456188,341.9944612110107,0.2363544348880955,0.1696994045054001,51.8421,0.611206,0.4169923262997602,0.6775027726741453,0.731986630475879,0.7884248830002897,283.93463437959633,321.0497643701934,103.85907375948827,8892.0,172.0,8892.0,12.517827292018978
239,11.95,152.83165193270423,200.86103806254988,419.9177906929649,185.00805022346591,0.9761023580416622,279.9873397451563,310.07302898137755,328.3052114261194,328.3052114261194,18.232182444741852,0.05879963989333895,103.90024390256451,106.23087581370353,35.150390625,106.23087581370353,103.90024390256451,40.0,0.6571428571428571,8892.0,21743.5,-12851.5,8892.0,9457.0,745.0,0.07877762503965317,2,1,1.6363636363636365,0.8925318761384335,18.956576449202327,4.426695087087293,0.6571428571428571,4.0,4.0,4.0,4.0,52.0,52.0,168.0,1.0,229,130.67681967578716,0.009255533199195143,105,319.8448637755279,0.031777717579520436,3.5861705969538074,420.4172446456188,341.9944612110107,0.2624635812863799,0.18131030908011092,51.9549,0.619762,0.4382109281717025,0.6886092989564971,0.7332427984906111,0.7237913706142404,279.9873397451563,319.8448637755279,103.90024390256451,8892.0,168.0,8892.0,12.517827292018978
240,12.0,156.8583882516542,200.97592163332564,420.08368737969323,185.02119276200003,0.9745840266222962,275.93842934227894,310.782007382836,332.9830181187349,332.9830181187349,22.201010735898876,0.07143595899536945,104.35148379514688,106.30041449701736,33.55657958984375,106.80203396542336,104.35148379514688,40.0,0.6231884057971014,9005.0,21632.5,-12627.5,9005.0,9616.0,819.0,0.08517054908485856,2,1,1.5909090909090908,0.8944444444444445,18.12758966926269,4.53191491139845,0.6231884057971014,4.0,4.0,4.0,4.0,48.0,52.0,168.0,0.9855072463768116,244,130.8369097458815,0.0339544513457557,105,317.7958792338349,4.028374810911323,0.16641645647759315,420.4172446456188,341.9944612110107,0.2607772127786939,0.1931494201246,52.0677,0.628273,0.45984657095511444,0.7074964177488692,0.7470108614041506,0.7433720325435261,275.98941527832903,317.7958792338349,104.35148379514688,8892.0,168.0,8892.0,12.252138071823651
241,12.05,156.8644334910778,200.77860895499754,419.22006746726885,185.17724286875554,0.9732767762460233,275.92806645140104,299.3782548293966,293.6846204432926,293.6846204432926,5.693634386104009,0.019018196192467543,105.30107771375533,106.29875332215144,32.0,106.81943245240446,105.30107771375533,44.0,0.6231884057971014,8800.0,21643.0,-12843.0,8800.0,9430.0,805.0,0.08536585365853659,2,1,1.5909090909090908,0.889934148635936,18.125444190416214,4.608751982315656,0.6231884057971014,4.0,4.0,4.0,4.0,48.0,52.0,168.0,0.9855072463768116,225,101.0775763408017,0.0,101,312.9352298402185,0.19740526322440888,0.8776052580484616,420.4172446456188,341.9944612110107,0.28790205767665233,0.19317972146585927,52.1805,0.636735,0.45990194580487115,0.7523008858340456,0.7759845160579872,0.7078495927603086,275.93842934227894,312.9352298402185,105.30107771375533,8926.0,168.0,8926.0,12.252138071823651
242,12.1,156.81884383387293,200.76443199315813,420.22749092675485,184.97856089184637,0.9761845900288422,275.9278813602498,319.8448637755279,331.424549172396,331.424549172396,11.579685396868058,0.03620406862307741,105.40659402453757,106.4349169627186,32.0,106.95590587147498,105.40659402453757,48.0,0.6231884057971014,9130.0,21676.0,-12546.0,9130.0,9708.0,788.0,0.08117016893283889,2,1,1.619047619047619,0.9084712755598832,16.44756668170591,4.362790881857906,0.6231884057971014,4.0,4.0,4.0,4.0,48.0,52.0,168.0,0.9855072463768116,273,130.99419725067676,0.0,108,310.782007382836,0.04774309469496616,1.0268283959217765,420.4172446456188,341.9944612110107,0.23922039866577327,0.19318026267682098,52.2932,0.645146,0.459902934852697,0.7721488483303284,0.7792039902869624,0.7650320568015855,275.92806645140104,312.8088709749303,105.40400609107375,8926.0,168.0,8926.0,12.252138071823651
243,12.15,156.84629400080792,200.7719238541643,419.3519801280193,185.02689187760808,0.974048927686173,275.9232381046306,317.7958792338349,325.74172247207105,325.74172247207105,7.945843238236137,0.02500297756343646,105.40400609107375,106.43192342660562,32.756591796875,106.96041131011367,105.40400609107375,48.0,0.6231884057971014,8677.0,21626.0,-12949.0,8677.0,9279.0,768.0,0.08276753960556095,2,1,1.619047619047619,0.9067460317460317,16.250939773519846,4.3243050923600235,0.6231884057971014,4.0,4.0,4.0,4.0,48.0,52.0,168.0,0.9855072463768116,211,127.3132337662249,0.0,108,312.8088709749303,0.02845416746443755,0.8768437961731008,420.4172446456188,341.9944612110107,0.2440940915691654,0.19319383966752046,52.406,0.653503,0.4599277464217198,0.7534656359093173,0.7791250282285727,0.6865361288903782,275.9278813602498,310.782007382836,105.40659402453757,8967.0,168.0,8967.0,12.252138071823651
244,12.2,156.43513681798663,201.03048263594954,419.17448089712735,184.98666916930105,0.9739604489577766,275.86381354519796,312.9352298402185,300.68309176839483,300.68309176839483,12.252138071823651,0.03915231301403638,105.51031630978548,107.08896050935533,33.98748779296875,107.08896050935533,105.51031630978548,48.0,0.6376811594202898,8746.0,21624.5,-12878.5,8746.0,9355.0,776.0,0.08295029396044895,2,1,1.619047619047619,0.9000979431929481,8.73575908859846,4.628657908696301,0.6376811594202898,4.0,4.0,4.0,4.0,48.0,52.0,168.0,0.9855072463768116,223,127.69054429817642,0.01449275362318836,106,312.8088709749303,0.4856983350020901,0.18199956931484004,420.4172446456188,341.9944612110107,0.2556555806743842,0.19336759850332808,52.5188,0.661803,0.46024528581195506,0.7534656359093173,0.7823687258795023,0.698492462280827,275.9232381046306,310.16824334436933,105.51031630978548,8967.0,168.0,8967.0,12.252138071823651
245,12.25,156.3538365699403,200.76358428091396,418.7735727345987,185.01308311981316,0.9753574432296047,275.98941527832903,310.16824334436933,300.5105315447226,300.5105315447226,9.657711799646734,0.031137010338366918,105.52000746564768,107.37048922749617,33.98748779296875,107.58694737323587,105.52000746564768,48.0,0.6231884057971014,8926.0,21614.0,-12688.0,8926.0,9512.0,759.0,0.07979394449116906,2,1,1.619047619047619,0.8987090367428004,8.451169715507058,4.534910852892293,0.6231884057971014,4.0,8.0,4.0,8.0,48.0,48.0,168.0,0.9855072463768116,212,127.80310768080084,0.01449275362318836,105,312.8088709749303,0.27900620468565007,0.40177736566879363,420.4172446456188,341.9944612110107,0.2622371054122229,0.19300033602578293,52.6316,0.670042,0.45957412395342884,0.7534656359093173,0.7826644188042837,0.7296828972124325,275.86711357725085,310.16824334436933,105.52000746564768,8968.0,168.0,8968.0,12.252138071823651
246,12.3,156.40829854350227,200.84305222357565,419.579222308413,184.99789305085227,0.9767046037116784,275.86711357725085,312.8088709749303,290.8910340216996,290.8910340216996,21.917836953230676,0.07006782411547163,105.94682025106202,107.50976499280006,33.599853515625,108.1540307427811,105.94682025106202,48.0,0.6376811594202898,9185.0,21665.0,-12480.0,9185.0,9753.0,747.0,0.07659181790218395,2,1,1.5714285714285714,0.8960244648318043,7.209417725592534,4.2795965573027575,0.6376811594202898,4.0,8.0,4.0,8.0,48.0,48.0,168.0,0.9855072463768116,237,126.85525971344596,0.01449275362318836,106,310.16824334436933,0.0963392987059044,0.8057927611875364,420.4172446456188,341.9944612110107,0.25595613653144633,0.19335794913052473,52.7444,0.678218,0.46022765185428105,0.7778063992142545,0.7956871709556022,0.7745624674751317,275.86381354519796,310.16824334436933,105.94682025106202,8967.0,168.0,8967.0,12.252138071823651
247,12.35,156.43297637713505,201.11322809442578,416.26943367059874,184.9867847602009,0.975070584544599,273.9862800413969,309.72158242442555,328.34542752612344,328.34542752612344,18.623845101697896,0.06013092454169627,106.92944259142219,108.22164452757906,33.599853515625,108.69921138010102,106.92944259142219,40.0,0.6323529411764706,8967.0,21575.0,-12608.0,8967.0,9563.0,770.0,0.08051866569068283,2,1,1.6666666666666667,0.9032567049808429,7.230479962451727,4.546686701369032,0.6323529411764706,8.0,4.0,8.0,4.0,44.0,48.0,168.0,1.0,243,130.53934374785274,0.005328218243819238,105,309.72158242442555,0.2713005651716013,3.3098072785474524,420.4172446456188,341.9944612110107,0.2632995283399986,0.1988575514609071,52.8571,0.686328,0.47027802058752805,0.7819236278625087,0.8256685764667712,0.736787385169076,273.9862800413969,312.8088709749303,106.92944259142219,8967.0,168.0,8967.0,14.890159724571276
248,12.4,156.43013773250286,201.09751343183075,415.69323761754,184.99561082949052,0.9756485355648535,273.97513140217586,306.2144823726537,311.8033800795077,311.8033800795077,5.58889770685397,0.018251578643666017,107.43415284201069,108.29578043345487,33.599853515625,108.76586650859998,107.43415284201069,40.0,0.6323529411764706,8978.0,21583.5,-12605.5,8978.0,9560.0,759.0,0.07939330543933054,2,1,1.6666666666666667,0.9021526418786693,7.120662299842996,4.790965243124569,0.6323529411764706,8.0,4.0,8.0,4.0,44.0,48.0,168.0,1.0,246,130.64271410468717,0.0,104,309.72158242442555,0.01596898631170804,0.5762636471786202,420.4172446456188,341.9944612110107,0.271641479333774,0.19889015034915103,52.9699,0.694369,0.4703375941398439,0.7819236278625087,0.841068106954742,0.7386934673037853,273.97513140217586,312.8088709749303,107.43415284201069,8926.0,168.0,8926.0,16.646466530142504
249,12.45,160.36531219199804,200.7349500935888,415.7935803524179,184.9913597969834,0.9714611162887026,267.96397285053223,300.2349997493068,327.31265166644874,327.31265166644874,27.077651917141964,0.09018819238180603,107.49501318678082,108.29588802625938,32.0,108.77441033913294,107.49501318678082,40.0,0.6417910447761194,8968.0,21509.0,-12541.0,8968.0,9657.0,878.0,0.09091850471160816,2,1,1.565217391304348,0.8731277533039647,7.512230237109787,4.773986762279749,0.6417910447761194,4.0,4.0,4.0,4.0,44.0,48.0,168.0,0.9850746268656716,244,126.8823086835459,0.009438103599648806,102,309.72158242442555,3.951841368387702,0.10043274227142492,420.4172446456188,341.9944612110107,0.2858642132950967,0.21646692200316542,53.0827,0.702338,0.5024586504727747,0.7819236278625087,0.842925055042686,0.7369606653631405,267.96397285053223,312.8088709749303,107.49501318678082,8967.0,168.0,8967.0,16.646466530142504
250,12.5,160.45405127086985,200.7993738650005,415.5587520718065,184.9388667905116,0.9716642606723036,267.9255505400138,295.6400451651311,329.44657887298376,329.44657887298376,33.80653370785268,0.11435031979165707,107.49916169699705,108.37140209320897,31.5751953125,108.83869323585563,107.49916169699705,48.0,0.6268656716417911,9011.0,21525.0,-12514.0,9011.0,9698.0,879.0,0.09063724479274077,2,1,1.565217391304348,0.8616740088105727,6.2869274239732515,4.8995654180106,0.6268656716417911,4.0,4.0,4.0,4.0,48.0,48.0,164.0,1.0,234,127.55986345802394,0.01492537313432829,100,309.72158242442555,0.10965877275404837,0.24062384982239815,420.4172446456188,341.9944612110107,0.29679372354401357,0.21657926975985842,53.1955,0.710232,0.5026639628414307,0.7819236278625087,0.8430516328355482,0.7444117137079129,267.9494707066095,311.5420324976546,107.49916169699705,8967.0,164.0,8967.0,16.646466530142504
251,12.55,160.45904876945892,200.80440240893776,415.79227097922006,185.00275766288544,0.9708097727515204,267.9010915590203,320.3791534905792,305.4889937660079,305.4889937660079,14.890159724571276,0.0464766810272789,107.52891481906786,108.37225780599383,35.96893310546875,108.90820141126665,107.52891481906786,48.0,0.6268656716417911,8689.0,21459.5,-12770.5,8689.0,9373.0,862.0,0.09196628614104342,2,1,1.5909090909090908,0.869683257918552,6.533470669088603,4.778429620804599,0.6268656716417911,4.0,4.0,4.0,4.0,48.0,52.0,160.0,0.9850746268656716,232,123.27376402710097,0.0,109,316.1501347344258,0.0070895166462005615,0.24210147395732529,420.4172446456188,341.9944612110107,0.23794954281517267,0.2166507884064086,53.3083,0.718048,0.5027946611585001,0.7226665526277537,0.8439594489734364,0.6886154912191519,267.9255505400138,311.5420324976546,107.5227669887467,8967.0,160.0,8967.0,18.623845101697896
252,12.6,160.44461542928616,200.8038215958985,414.83960329423576,184.9616159098896,0.971222104144527,267.9494707066095,348.44738402779717,283.1819931281841,283.1819931281841,65.26539089961307,0.18730343199938204,107.5227669887467,109.29305858259329,30.36279296875,109.29305858259329,107.5227669887467,44.0,0.6268656716417911,8733.0,21495.0,-12762.0,8733.0,9410.0,849.0,0.0902231668437832,2,1,1.5909090909090908,0.8673376029277219,5.860860760885473,4.688788731987991,0.6268656716417911,4.0,4.0,4.0,4.0,48.0,52.0,160.0,0.9850746268656716,232,95.45369221011165,0.0,118,316.1501347344258,0.014445021714386889,0.9535556417183678,420.4172446456188,341.9944612110107,0.17118674729550398,0.21650932661951916,53.4211,0.725783,0.502536143717694,0.7226665526277537,0.8437718686729465,0.6962398197579888,267.90866518157566,309.72158242442555,107.52659368994807,8786.0,160.0,8786.0,18.623845101697896
253,12.65,160.58488362895542,200.88130456332607,415.81587391081246,184.9594607115074,0.9717036235803136,267.90866518157566,336.2021018643119,319.5556353341694,319.5556353341694,16.646466530142504,0.04951327323010273,107.52659368994807,109.36876602174686,34.3751220703125,109.36876602174686,107.52659368994807,44.0,0.6268656716417911,8591.0,21477.5,-12886.5,8591.0,9245.0,834.0,0.09021092482422931,2,1,1.619047619047619,0.896817743490839,6.020288435979779,4.5262014758564755,0.6268656716417911,4.0,4.0,4.0,4.0,48.0,52.0,160.0,0.9850746268656716,237,123.21197810666494,0.0,114,316.1501347344258,0.16024599239867615,0.9762729954634174,420.4172446456188,341.9944612110107,0.20031324560031816,0.21662864295256545,53.5338,0.733434,0.5027541909638356,0.7226665526277537,0.8438886275494509,0.6716340322008333,267.90866518157566,306.2144823726537,107.52891481906786,8786.0,160.0,8786.0,16.646466530142504
254,12.7,160.66012633216351,200.88018658196,415.53507466431245,184.8735515355697,0.9746767352849901,267.902016207722,316.1501347344258,300.8686406565414,300.8686406565414,15.281494077884417,0.04833619346935045,108.07803917288228,109.60233200646348,30.756591796875,109.60233200646348,108.07803917288228,44.0,0.6268656716417911,9055.0,21501.0,-12446.0,9055.0,9667.0,812.0,0.08399710354815351,2,1,1.619047619047619,0.8876953125,6.696117359014432,4.467731421305938,0.6268656716417911,4.0,8.0,4.0,8.0,48.0,48.0,160.0,0.9850746268656716,254,125.96032560597442,0.0,107,316.1501347344258,0.07525100842112098,0.2936470727680902,420.4172446456188,341.9944612110107,0.24800864198394756,0.21664808471144692,53.6466,0.740998,0.502789720231925,0.7226665526277537,0.8607141259755228,0.7520360422467498,267.9029379180247,302.2821637216006,108.07803917288228,8785.0,160.0,8785.0,18.76134217972458
255,12.75,160.71467683767787,200.94902575794615,415.43738066802075,184.85774379535206,0.974629570408272,267.9029379180247,311.5420324976546,311.28483994576834,311.28483994576834,0.25719255188624857,0.0008255468766904987,108.50246658572631,109.60518876799136,32.0,110.05353234888153,108.50246658572631,44.0,0.6268656716417911,8786.0,21468.0,-12682.0,8786.0,9381.0,783.0,0.08346658138791174,2,1,1.65,0.9033570701932858,6.904476274671225,4.497238256282073,0.6268656716417911,4.0,8.0,4.0,8.0,48.0,48.0,160.0,0.9850746268656716,245,126.22542582533309,0.0,105,311.5420324976546,0.08783273764561157,0.09896464804277454,420.4172446456188,341.9944612110107,0.25896942509991017,0.21664538960843427,53.7594,0.748473,0.5027847950068954,0.7651430928760174,0.8736640965307098,0.705423670043406,267.902016207722,311.5420324976546,108.49996108366639,8733.0,160.0,8733.0,16.646466530142504
256,12.8,159.50965311004174,201.12875538639562,414.6657643262091,184.95653789051482,0.975869076906621,267.9016263072678,296.86829055353485,321.6264273675529,321.6264273675529,24.75813681401803,0.08339771407668528,108.49996108366639,109.4467669804296,31.9627685546875,110.05757509840996,108.49996108366639,48.0,0.6268656716417911,8785.0,21471.5,-12686.5,8785.0,9349.0,760.0,0.08129211680393625,2,0,1.619047619047619,0.8961165048543689,7.147058086062708,4.6076782491869785,0.6268656716417911,8.0,4.0,8.0,4.0,44.0,52.0,160.0,0.9850746268656716,245,126.64938836347146,0.0,101,302.2821637216006,1.218353365616341,0.7779151960141932,420.4172446456188,341.9944612110107,0.2938722320874986,0.21664922478971838,53.8722,0.755854,0.5027918036929326,0.8504986619476123,0.8735876495885001,0.7052503898493415,267.9016263072678,311.5420324976546,108.50246658572631,8694.0,160.0,8694.0,15.281494077884417
257,12.85,163.55777291271735,201.15631003898895,414.26296922628234,184.92171439601051,0.9724935732647815,263.9140584986452,291.4573316580523,321.446233498671,321.446233498671,29.988901840618723,0.10289294034916482,109.36969003066298,110.13404355720758,30.756591796875,110.66576176556197,109.36969003066298,48.0,0.6363636363636364,8694.0,21387.5,-12693.5,8694.0,9336.0,836.0,0.0895458440445587,2,0,1.619047619047619,0.895771878072763,8.006535148412052,4.671211956220245,0.6363636363636364,4.0,8.0,4.0,8.0,44.0,48.0,160.0,0.9696969696969697,243,122.52414641399474,0.009497964721845276,99,302.2821637216006,4.048213580790173,0.4042976234094311,420.4172446456188,341.9944612110107,0.3067426815383616,0.22830896861861705,53.985,0.76314,0.5240996579296382,0.8504986619476123,0.9001244940847783,0.6894818921894742,267.9016263072678,302.2821637216006,109.36969003066298,8733.0,160.0,8733.0,16.646466530142504
258,12.9,160.51249847394374,201.17559542404064,415.4033241480103,184.5276548286426,0.9778124026176379,267.9112810944135,302.2821637216006,293.1036343904169,293.1036343904169,9.17852933118371,0.030364111524744348,109.41786881585558,110.28993793975124,35.19366455078125,110.75652691290772,109.41786881585558,48.0,0.6119402985074627,9093.0,21514.5,-12421.5,9093.0,9627.0,731.0,0.07593227381323361,2,0,1.6,0.9084210526315789,7.2675727450651815,4.632440748351936,0.6119402985074627,8.0,8.0,8.0,8.0,44.0,48.0,160.0,0.9850746268656716,261,125.67783209536276,0.024423337856173677,102,301.4258416015386,3.0453355042629644,1.2065207375521605,420.4172446456188,341.9944612110107,0.28099485077877207,0.21662099396074097,54.0977,0.770327,0.5027402126461944,0.8583920634238302,0.9015945071676943,0.7586206896211999,263.91805509681035,301.4258416015386,109.41786881585558,8785.0,160.0,8785.0,16.646466530142504
259,12.95,164.51542143465545,200.96811188534417,412.3368866382072,184.79299895124308,0.971554032344436,261.96178133718746,294.93214931815197,313.69349149787655,313.69349149787655,18.76134217972458,0.06361240110004478,109.55029201616419,110.28754881660379,31.9627685546875,110.72532578699982,109.55029201616419,48.0,0.6153846153846154,8673.0,21333.5,-12660.5,8673.0,9337.0,850.0,0.0910356645603513,2,0,1.5454545454545454,0.8766603415559773,8.460295403149455,4.937919808407273,0.6153846153846154,4.0,4.0,4.0,4.0,44.0,48.0,160.0,0.9846153846153847,223,118.45735660767963,0.003444316877152742,100,300.9997642709071,4.008296601827645,3.0778964415532424,420.4172446456188,341.9944612110107,0.2984775170990943,0.23401747382231153,54.2105,0.777412,0.5345317907941975,0.8623195567721813,0.9056349543511808,0.6858430081141202,263.9164144288284,301.4258416015386,109.50464047909618,8786.0,160.0,8786.0,15.281494077884417
260,13.0,164.77487819387483,201.04064141435305,411.5706340715747,184.86789245604533,0.9707306620955646,259.96812392445537,314.16353565328063,322.1092826504462,322.1092826504462,7.945746997165543,0.02529175443815569,109.56968336224767,110.36736908369004,30.0,110.8066085770949,109.56968336224767,48.0,0.6153846153846154,8651.0,21277.0,-12626.0,8651.0,9334.0,878.0,0.09406470966359545,2,0,1.5217391304347827,0.8753339269813001,8.470029515513588,4.956487880861894,0.6153846153846154,0.0,4.0,0.0,4.0,48.0,48.0,160.0,0.9846153846153847,228,122.41889710527693,0.0,106,301.33114729068404,0.269403679415984,0.7699039114931422,420.4172446456188,341.9944612110107,0.25273394549241746,0.23984697587235204,54.3233,0.784393,0.5451850419957355,0.8592649361379376,0.9062266158537303,0.6820308438447018,263.91602812298413,301.4258416015386,109.55029201616419,8785.0,160.0,8785.0,18.76134217972458
261,13.05,161.49988029308798,201.37861219698988,412.18101541607604,184.62991644875405,0.9746408899449184,263.91602812298413,301.4258416015386,314.49555245954656,314.49555245954656,13.069710858007966,0.043359623012299994,109.50464047909618,110.36720876402978,35.19366455078125,110.8110581901212,109.50464047909618,52.0,0.6212121212121212,8672.0,21411.0,-12739.0,8672.0,9259.0,766.0,0.08273031644886057,2,0,1.55,0.8838526912181303,7.629395790080027,4.8247894637585675,0.6212121212121212,8.0,4.0,8.0,4.0,44.0,48.0,160.0,1.0,232,122.17283919597207,0.005827505827505797,102,301.4258416015386,3.2923905448889843,0.6551320216273502,420.4172446456188,341.9944612110107,0.2830316894930923,0.22830320938985071,54.4361,0.791266,0.5240891331008881,0.8583920634238302,0.9042420517182704,0.6856697279200558,263.9140584986452,301.4258416015386,109.56968336224767,8785.0,160.0,8785.0,18.76134217972458
262,13.1,165.5236134573247,201.0195524183522,411.96511767630216,184.59295422491599,0.9726599186058645,259.9598345039904,300.9997642709071,502.19641842358897,502.19641842358897,201.19665415268184,0.6684279459155986,109.59249138462162,111.20301745972833,31.9627685546875,111.20301745972833,109.59249138462162,44.0,0.6153846153846154,8928.0,10555.5,-1627.5,8928.0,9583.0,847.0,0.08838568298027757,2,0,1.5454545454545454,0.8812260536398467,8.659075677458924,4.759754908303217,0.6153846153846154,4.0,4.0,4.0,4.0,44.0,52.0,156.0,0.9692307692307692,241,131.1234318598789,0.005827505827505797,102,301.4258416015386,4.039721834682899,0.219038900724334,420.4172446456188,341.9944612110107,0.2840451525135985,0.23987121433643588,54.5489,0.798029,0.5452293371078065,0.8583920634238302,0.9069225257059841,0.7300294576005615,261.99543153805996,301.4258416015386,109.59249138462162,8792.0,156.0,8792.0,18.76134217972458
263,13.15,162.5095690035253,201.43368349379477,413.01981997207247,184.50085661945312,0.9764005527798447,263.91805509681035,301.33114729068404,522.6233206452213,522.6233206452213,221.29217335453723,0.734382009109281,110.14185291779651,111.20138010219915,33.98748779296875,111.20138010219915,110.14185291779651,44.0,0.6212121212121212,8852.0,8969.5,-117.5,8852.0,9407.0,739.0,0.078558520250877,2,0,1.6,0.9176346356916578,7.9954081875149585,4.73237142790046,0.6212121212121212,4.0,8.0,4.0,8.0,48.0,48.0,156.0,0.9848484848484849,238,145.77777088459843,0.005827505827505797,102,303.1548299022569,3.042362325089842,1.058715684985899,420.4172446456188,341.9944612110107,0.2832569283767503,0.2282972824698093,54.6617,0.804677,0.5240783018210444,0.8424546042767224,0.9236844394360513,0.7168601628516613,261.96178133718746,301.4258416015386,110.11585704523927,8852.0,156.0,8852.0,18.76134217972458
264,13.2,162.4946486266576,201.32630706594153,413.4983041782143,184.40186813934153,0.9766448064311403,263.9164144288284,305.78474002129485,312.78411166012785,312.78411166012785,6.999371638832997,0.02288986572170201,110.11585704523927,111.28479561336496,34.76275634765625,111.28479561336496,110.11585704523927,44.0,0.6212121212121212,8902.0,21430.5,-12528.5,8902.0,9454.0,727.0,0.07689866723080177,2,0,1.6,0.9176470588235294,7.677607403743003,4.533041924956545,0.6212121212121212,8.0,8.0,8.0,8.0,44.0,48.0,156.0,0.9848484848484849,238,121.14606360022478,0.0,104,301.4258416015386,0.10840809427527233,0.48861626530641783,420.4172446456188,341.9944612110107,0.27266365993371844,0.22830207982230488,54.7744,0.81121,0.5240870688479362,0.8583920634238302,0.9228912630907325,0.7255241725548851,259.96812392445537,301.4258416015386,110.14185291779651,8792.0,156.0,8792.0,18.76134217972458
265,13.25,162.74667860854703,201.19293123061627,409.71273883659336,184.76470651631894,0.9758813413585554,261.99543153805996,317.5569766592503,277.5396782786675,277.5396782786675,40.017298380582815,0.12601612095432804,110.28951245303122,111.28663001158083,33.98748779296875,111.28687650464872,110.28951245303122,48.0,0.6307692307692307,8743.0,21343.5,-12600.5,8743.0,9304.0,747.0,0.08028804815133277,2,0,1.55,0.8802336903602727,7.449976535649729,4.743528456701834,0.6307692307692307,4.0,4.0,4.0,4.0,48.0,48.0,156.0,1.0,247,102.07867163478033,0.009557109557109533,108,301.33114729068404,0.28514597177567685,3.802914230361941,420.4172446456188,341.9944612110107,0.24466234269974385,0.2339190798285803,54.8872,0.817623,0.534351978535287,0.8592649361379376,0.9281897719749389,0.6979726216986335,259.9598345039904,301.4258416015386,110.21296745733409,8852.0,156.0,8852.0,17.624957878930275
266,13.3,163.55364269625983,201.39992353732464,410.8610365629298,184.78173735471194,0.9749035956227201,259.924547759517,303.1548299022569,285.5298720233266,285.5298720233266,17.624957878930275,0.058138469654641194,110.21296745733409,111.2865903072671,33.98748779296875,111.36334142003523,110.21296745733409,48.0,0.6307692307692307,8993.0,21336.0,-12343.0,8993.0,9595.0,788.0,0.08212610734757686,2,0,1.55,0.892623716153128,7.301878801412637,4.709587820842962,0.6307692307692307,4.0,4.0,4.0,4.0,48.0,52.0,152.0,0.9846153846153847,250,120.11170717699166,0.0,103,303.1548299022569,0.8330887431088021,1.1484240147984828,420.4172446456188,341.9944612110107,0.27891913625523523,0.23997439362287365,55.0,0.823913,0.5454178943546831,0.8424546042767224,0.9258542596813701,0.7412926702147524,259.94496150447003,301.4258416015386,110.28951245303122,8852.0,156.0,8852.0,17.624957878930275
267,13.35,163.59598726404812,201.37136312580347,410.3936609874483,184.51484230758606,0.9748854066730626,259.9277265786951,292.4470080434527,312.8391396455122,312.8391396455122,20.39213160205952,0.06972932203508676,110.36704641293305,111.36396193963272,33.98748779296875,111.36396193963272,110.36704641293305,48.0,0.6153846153846154,8792.0,21330.5,-12538.5,8792.0,9381.0,768.0,0.0818676047329709,2,0,1.55,0.8903717826501429,7.938961106256351,4.706984412420793,0.6153846153846154,4.0,4.0,4.0,4.0,48.0,52.0,152.0,0.9846153846153847,249,120.07364759907729,0.01538461538461533,99,303.1548299022569,0.05107601714538571,0.5382126854107107,420.4172446456188,341.9944612110107,0.3043886477825992,0.23996509867942095,55.1128,0.830079,0.5454009081066886,0.8424546042767224,0.9305554591746126,0.7064633512077928,259.9420914387354,301.33114729068404,110.36704641293305,8852.0,156.0,8852.0,17.624957878930275
268,13.4,163.81383924713487,201.40130124061906,410.5869826261345,184.48641666252146,0.9759331711959396,259.94496150447003,284.2724629435244,312.791875430198,312.791875430198,28.519412486673616,0.10032421779924384,110.60109728612494,111.36384379799009,33.1689453125,112.18673205906353,110.60109728612494,52.0,0.5846153846153846,8888.0,21347.0,-12459.0,8888.0,9457.0,747.0,0.07898910859680659,2,0,1.55,0.8821811100292113,8.085575295898709,4.61699821508689,0.5846153846153846,4.0,4.0,4.0,4.0,48.0,52.0,152.0,0.9846153846153847,251,119.85374813321688,0.03076923076923077,96,303.1548299022569,0.2198994707895847,0.19540028987096297,420.4172446456188,341.9944612110107,0.32383253407422563,0.2399147033434441,55.2256,0.836115,0.5453088120461782,0.8424546042767224,0.9376967319212074,0.7230982498379824,259.94016546494913,301.33114729068404,110.60109728612494,8792.0,156.0,8792.0,15.902476613456543
269,13.45,164.53837870041488,201.50903780235,411.2106662592332,184.47556865674198,0.9758415412923476,259.9420914387354,304.6348931772825,311.18184940296936,311.18184940296936,6.54695622568687,0.02149115670041404,110.61415172723764,111.44636202345083,30.756591796875,112.20655325992192,110.61415172723764,52.0,0.6153846153846154,8681.0,21330.0,-12649.0,8681.0,9239.0,743.0,0.08041995887000758,2,0,1.6,0.926673751328374,8.048383664512253,4.582331844746555,0.6153846153846154,4.0,8.0,4.0,8.0,44.0,48.0,156.0,0.9692307692307692,249,117.9630341735783,0.03076923076923077,103,300.8367665493019,0.7325056901437085,0.6237779680500205,420.4172446456188,341.9944612110107,0.275398673443884,0.23992309548442925,55.3383,0.842021,0.5453241484480296,0.8638220363020171,0.9380950441482407,0.687229249666636,259.9277265786951,300.8367665493019,110.61104997091788,8792.0,152.0,8792.0,15.902476613456543
270,13.5,164.64167092546973,201.53880551457223,411.18905785996174,184.2825455983276,0.9773481246698363,259.94016546494913,300.8367665493019,309.7050102353022,309.7050102353022,8.868243686000312,0.02947858996000398,110.61464175868574,111.44650228134155,33.181396484375,112.54178327805357,110.61464175868574,52.0,0.5846153846153846,8929.0,21345.0,-12416.0,8929.0,9465.0,733.0,0.07744321183306921,2,0,1.6,0.9268817204301075,7.924457264210408,4.6360799892550695,0.5846153846153846,4.0,8.0,4.0,8.0,48.0,48.0,152.0,0.9846153846153847,272,117.895757412025,0.03076923076923077,102,296.44688439360743,0.10749604852144867,0.19422879291886203,420.4172446456188,341.9944612110107,0.28443285716577715,0.23992872707793367,55.4511,0.847792,0.5453344400269247,0.9042870686495076,0.9381099958045944,0.730202737794626,259.924547759517,296.5808348507945,110.61415172723764,8743.0,152.0,8743.0,15.902476613456543
271,13.55,164.7421528540373,201.27263359354689,408.6755921524181,184.6284811883348,0.9747133966590239,257.9604420144053,326.25395768742567,310.3514810739691,310.3514810739691,15.902476613456543,0.048742632047063895,110.61104997091788,111.44542384999565,32.78131103515625,112.56876662675414,110.61104997091788,52.0,0.59375,8580.0,21282.5,-12702.5,8580.0,9159.0,759.0,0.0828693088765149,2,0,1.55,0.8891050583657587,8.157256447320446,4.730300392683552,0.59375,4.0,4.0,4.0,4.0,48.0,48.0,152.0,1.0,245,118.33789482869193,0.009134615384615352,111,296.44688439360743,0.28450678289099296,2.5371600847071836,420.4172446456188,341.9944612110107,0.22397579584911154,0.24571748588862774,55.5639,0.853426,0.5559132341033435,0.9042870686495076,0.9380004045189548,0.6697279500661241,257.9604420144053,296.44688439360743,110.61464175868574,8789.0,152.0,8789.0,15.902476613456543
272,13.6,165.4671838707858,201.32236190422984,408.84931735325176,184.7195870536324,0.9732495122479948,255.95164644422755,296.44688439360743,311.6015079314038,311.6015079314038,15.15462353779634,0.051120873031928325,111.14890742954618,111.44349354452194,33.1689453125,112.68839500897394,111.14890742954618,60.0,0.5625,8609.0,21236.0,-12627.0,8609.0,9226.0,788.0,0.08541079557771515,2,0,1.5454545454545454,0.8992537313432836,8.461626473718626,4.646690549187376,0.5625,4.0,4.0,4.0,4.0,44.0,48.0,156.0,0.984375,234,117.46240340811809,0.03125,100,296.5808348507945,0.7267343944872342,0.19616504300286433,420.4172446456188,341.9944612110107,0.2948745843109013,0.2515912522738042,55.6767,0.85892,0.5666473771336216,0.9030523408388752,0.954411310227074,0.6747530756939938,255.98548989321057,296.44688439360743,111.14890742954618,8742.0,152.0,8742.0,15.902476613456543
273,13.65,165.64547270397583,201.53007461855634,408.4157337692701,184.71319357067438,0.973700770315721,255.87400576163301,288.80712033788916,274.38932514011356,274.38932514011356,14.417795197775604,0.0499218827461994,111.36416666743422,111.44632147764258,30.36279296875,112.62877439293888,111.36416666743422,56.0,0.5625,8611.0,21237.0,-12626.0,8611.0,9217.0,786.0,0.08527720516437018,2,0,1.5454545454545454,0.8992395437262357,8.188380444464732,5.01034591503174,0.5625,4.0,4.0,4.0,4.0,44.0,48.0,156.0,0.984375,258,93.33878885971014,0.0,98,296.44688439360743,0.2737361498471645,0.433630719533008,420.4172446456188,341.9944612110107,0.31304644608160015,0.25181827549026103,55.7895,0.864271,0.5670622556828929,0.9042870686495076,0.9609792196222348,0.6750996360821228,255.95881734131234,296.44688439360743,111.36409063033219,8742.0,152.0,8742.0,15.220025292663138
274,13.7,165.6530777360732,201.21957925190353,408.8167186820185,184.58382854918167,0.9754999476494608,255.87665228602503,285.3502135505835,308.8859563271816,308.8859563271816,23.535742776598113,0.08248020032557633,111.36419687636845,111.52806813552792,32.78759765625,112.63346152573875,111.36419687636845,60.0,0.5625,8966.0,21239.5,-12273.5,8966.0,9551.0,768.0,0.08041042822741075,2,0,1.55,0.896817743490839,7.761880861238877,4.791781844872834,0.5625,4.0,4.0,4.0,4.0,44.0,52.0,152.0,0.96875,253,116.58932961125377,0.0,97,296.44688439360743,0.3105884885601341,0.4213362185210997,420.4172446456188,341.9944612110107,0.3212690079087669,0.2518105369895185,55.9023,0.869476,0.5670481137902191,0.9042870686495076,0.960980141345943,0.7366141049750116,255.95164644422755,296.44688439360743,111.36416666743422,8681.0,152.0,8681.0,15.220025292663138
275,13.75,166.46830208174737,201.38866396958394,409.1727114349082,184.78810644855236,0.9755961331901182,255.95881734131234,296.5808348507945,311.8008601434576,311.8008601434576,15.220025292663138,0.05131830349159315,111.36409063033219,111.4431316609859,31.5751953125,112.69484307726515,111.36409063033219,64.0,0.5625,8742.0,21222.0,-12480.0,8742.0,9310.0,751.0,0.08066595059076262,2,0,1.5238095238095237,0.9096509240246407,8.693828511945041,4.67071727839181,0.5625,4.0,8.0,4.0,8.0,44.0,48.0,152.0,0.96875,255,116.65700288359251,0.0,101,290.7835260847034,0.8325745465319995,0.4104391553948869,420.4172446456188,341.9944612110107,0.2945559711738499,0.25157028439888773,56.015,0.874547,0.5666090589313584,0.9564907426975588,0.9609768996066028,0.697799341504569,255.94133856858005,296.44688439360743,111.36419687636845,8678.0,152.0,8678.0,15.220025292663138
276,13.8,166.45300350259578,201.34642756987392,409.45275528421024,184.5081655255251,0.976,255.98548989321057,290.7835260847034,314.41511493136835,314.41511493136835,23.631588846664954,0.08126866457964754,111.42610256801927,112.36075010736204,32.78131103515625,112.81246256205958,111.42610256801927,52.0,0.59375,8789.0,21232.0,-12443.0,8789.0,9350.0,746.0,0.0797860962566845,2,0,1.6,0.9327641408751334,8.147597131740559,4.567759880943053,0.59375,4.0,8.0,4.0,8.0,44.0,48.0,152.0,0.96875,250,118.77052364484123,0.03125,99,288.80712033788916,0.04492170950133242,0.3959690365637932,420.4172446456188,341.9944612110107,0.3083453883300795,0.25149229321796684,56.1278,0.87949,0.5664665322395891,0.9747088450611637,0.9628689846671241,0.7059435106255993,255.90168482476264,292.76249752790704,111.42610256801927,8632.0,152.0,8632.0,15.220025292663138
277,13.85,166.63694773658156,201.549154949324,408.9804302471397,184.26359103336688,0.9755901229196127,255.90168482476264,312.3049744703011,476.89089763112594,476.89089763112594,164.58592316082485,0.5270038475691212,111.44401941965643,112.60044772538193,33.968994140625,112.79916720945417,111.44401941965643,56.0,0.59375,8632.0,9944.5,-1312.5,8632.0,9193.0,743.0,0.08082236484281519,2,0,1.6,0.9311827956989247,7.658116114040706,4.742490709045928,0.59375,4.0,8.0,4.0,8.0,44.0,48.0,152.0,0.96875,255,194.5909227056766,0.0,106,290.7835260847034,0.2737405187313497,0.5318906117409474,420.4172446456188,341.9944612110107,0.25715469941402735,0.2517373412463799,56.2406,0.88431,0.5669143506262568,0.9564907426975588,0.9634156569463439,0.6787385201574767,255.87665228602503,292.76249752790704,111.44329253406684,8678.0,152.0,8678.0,15.15462353779634
278,13.9,166.8093372633728,201.52401201725266,408.9817856010897,184.39046781667085,0.977418331747542,255.94133856858005,285.46379451220434,296.34097168549016,296.34097168549016,10.877177173285816,0.038103526199784986,111.44329253406684,112.59850531263761,34.0,112.80360530513539,111.44329253406684,60.0,0.59375,8925.0,21192.0,-12267.0,8925.0,9459.0,723.0,0.07643514113542658,2,0,1.631578947368421,0.9441340782122905,8.290567346752864,4.53229548425418,0.59375,4.0,8.0,4.0,8.0,44.0,48.0,152.0,0.96875,263,118.38000914018163,0.0,97,292.76249752790704,0.1742134207816798,0.12688402234281712,420.4172446456188,341.9944612110107,0.3209988454378706,0.25162139274921125,56.3534,0.889009,0.5667024580055536,0.9382489902714446,0.9633934784849691,0.729509617018368,255.87400576163301,292.76249752790704,111.44401941965643,8678.0,152.0,8678.0,15.220025292663138
279,13.95,167.45991185889355,201.3975303975465,405.91162558069374,184.45275822999645,0.9722283447211815,251.9673861407112,285.6687615918494,252.7941771917634,252.7941771917634,32.87458440008598,0.11507938150778874,111.59581014864982,112.61799186197462,31.968994140625,112.83660189554234,111.59581014864982,56.0,0.6031746031746031,8444.0,21127.5,-12683.5,8444.0,9074.0,798.0,0.08794357504959224,2,0,1.4782608695652173,0.8884826325411335,9.265419314019622,5.00984172756352,0.6031746031746031,4.0,4.0,4.0,4.0,44.0,48.0,152.0,0.9841269841269842,233,95.75670307365694,0.009424603174603141,97,292.76249752790704,0.6627555389888997,3.070791859835193,420.4172446456188,341.9944612110107,0.32051131291570256,0.2632413248785124,56.4662,0.89359,0.5879375574798571,0.9382489902714446,0.9680470389248146,0.6461618436733554,251.98160572373476,292.76249752790704,111.53819757149627,8742.0,152.0,8742.0,15.220025292663138
280,14.0,167.47671524552428,201.4275233350063,406.5521435959384,184.5235366722524,0.9739308413228482,251.91372070070395,304.0269256952967,306.639668728926,306.639668728926,2.612743033629272,0.008593788289159058,111.53819757149627,112.6229695525224,29.968994140625,112.73187737808394,111.53819757149627,60.0,0.6031746031746031,8678.0,21175.0,-12497.0,8678.0,9283.0,794.0,0.08553269417214263,2,0,1.5454545454545454,0.9066918001885014,8.602931438362942,5.186679580983983,0.6031746031746031,4.0,4.0,4.0,4.0,44.0,48.0,152.0,0.9841269841269842,281,114.24721333223104,0.0,103,295.0796832465213,0.03437921028368346,0.6444167252183373,420.4172446456188,341.9944612110107,0.2768447784496344,0.2633982439111109,56.5789,0.898056,0.5882243226028854,0.9168896480993001,0.9662891855082609,0.6867094090844426,251.9673861407112,292.76249752790704,111.59581014864982,8742.0,152.0,8742.0,15.220025292663138
281,14.05,167.54586132719132,201.47678910329589,406.7547860043426,184.57268411881017,0.9738601823708206,251.98160572373476,292.76249752790704,306.69709899446144,306.69709899446144,13.934601466554398,0.047596948325753737,111.62023424526214,112.61654803710519,29.968994140625,112.97928698220898,111.62023424526214,60.0,0.6031746031746031,8610.0,21158.0,-12548.0,8610.0,9212.0,793.0,0.08608336951801997,2,0,1.5454545454545454,0.9032258064516129,7.824481370913827,4.988740477178099,0.6031746031746031,4.0,4.0,4.0,4.0,44.0,48.0,152.0,0.9841269841269842,268,114.17104471356686,0.0,99,292.76249752790704,0.08490168746891082,0.20851718679044112,420.4172446456188,341.9944612110107,0.3036382278403338,0.26319974647699906,56.6917,0.902408,0.587861574119344,0.9382489902714446,0.9687922578300855,0.6749263558880583,251.96229876687806,291.4675447214033,111.61074269976928,8746.0,152.0,8746.0,17.667615692474328
282,14.1,167.85246520467007,201.76614253559134,406.81312262450996,184.51892224577492,0.9755828740991945,251.96229876687806,295.0796832465213,306.55898783251274,306.55898783251274,11.479304585991429,0.038902388872368285,111.61074269976928,112.35808058953072,33.1689453125,113.42572988711316,111.61074269976928,60.0,0.5555555555555556,8860.0,21163.5,-12303.5,8860.0,9436.0,776.0,0.08223823654090716,2,0,1.5238095238095237,0.9009708737864077,8.846764252842219,5.063992674366011,0.5555555555555556,4.0,4.0,4.0,4.0,40.0,48.0,156.0,0.9682539682539683,237,114.34212538458642,0.04761904761904756,100,292.76249752790704,0.42158195699788403,0.07933158415670467,420.4172446456188,341.9944612110107,0.2981265944615282,0.2632562004815123,56.8045,0.906648,0.5879647422263709,0.9382489902714446,0.9685026553422722,0.7182464044041772,251.9538186497519,291.4675447214033,111.62023424526214,8678.0,152.0,8678.0,17.667615692474328
283,14.15,168.52572640961273,201.5918686167341,407.5115685299849,184.29915998896138,0.9740940632228219,251.88365320932752,311.39069667599614,269.73682725508,269.73682725508,41.65386942091612,0.133767225114812,112.17803100117757,112.36062288176946,33.1689453125,113.52947048622485,112.17803100117757,64.0,0.5555555555555556,8491.0,21144.5,-12653.5,8491.0,9079.0,766.0,0.08437052538825862,2,0,1.5238095238095237,0.9158110882956879,8.751940196604435,5.100640623619307,0.5555555555555556,4.0,4.0,4.0,4.0,40.0,48.0,156.0,0.9682539682539683,239,93.48791348664467,0.0,106,292.76249752790704,0.6954509679874669,0.7322036140272113,420.4172446456188,341.9944612110107,0.2593293908805384,0.26348616197642094,56.9173,0.910776,0.5883849903969545,0.9382489902714446,0.9858115439230369,0.6543060127943857,251.9367683223897,291.4675447214033,111.71301480872614,8678.0,152.0,8678.0,13.934601466554398
284,14.2,168.47628566011593,201.47463553612639,407.0699151965385,184.31178953169723,0.9759077317385733,251.9367683223897,291.4675447214033,285.07800415605334,285.07800415605334,6.389540565349989,0.021921962431382797,112.11180527335134,112.44546055542476,33.5751953125,113.50382661379416,112.11180527335134,64.0,0.5873015873015873,8800.0,21147.5,-12347.5,8800.0,9364.0,749.0,0.07998718496369073,2,0,1.5238095238095237,0.9137214137214137,9.311757278875751,4.97093897847653,0.5873015873015873,4.0,4.0,4.0,4.0,40.0,48.0,156.0,0.9682539682539683,228,113.58326166475882,0.031746031746031744,99,291.4675447214033,0.12723200422684822,0.4418338740907668,420.4172446456188,341.9944612110107,0.30671838885417435,0.26333085211299767,57.0301,0.914795,0.5881011659853801,0.9501855993523225,0.9837908892730491,0.7078495927603086,251.91372070070395,292.76249752790704,111.71938811959572,8639.0,152.0,8639.0,13.934601466554398
285,14.25,168.58603245274975,201.65173895961016,406.87926117183684,184.40757818402582,0.9754050863826591,251.9538186497519,288.46791487743815,306.1355305699125,306.1355305699125,17.667615692474328,0.06124638055494247,112.1132090141911,112.44532979415122,34.3751220703125,113.6070613674919,112.1132090141911,64.0,0.5555555555555556,8746.0,21161.0,-12415.0,8746.0,9319.0,749.0,0.0803734306256036,2,0,1.5238095238095237,0.912041884816754,8.377416738140473,4.879342786568966,0.5555555555555556,4.0,8.0,4.0,8.0,40.0,44.0,156.0,0.9682539682539683,223,113.44777033041743,0.031746031746031744,98,291.4675447214033,0.20835062059682338,0.21336453090863802,420.4172446456188,341.9944612110107,0.31385327659288653,0.2632809965472034,57.1429,0.918706,0.5880100563397118,0.9501855993523225,0.9838337196887855,0.698492462280827,251.90444290515987,295.0796832465213,111.71938811959572,8678.0,152.0,8678.0,11.479304585991429
286,14.3,168.8934369618652,201.7639894829067,407.0901286541507,184.54596839377294,0.9768128161888702,251.90444290515987,276.2231167287097,306.6384679765104,306.6384679765104,30.415351247800686,0.11011153450155613,112.11161062795216,112.44547354373171,30.756591796875,113.58945411541075,112.11161062795216,64.0,0.5555555555555556,8938.0,21171.0,-12233.0,8938.0,9488.0,744.0,0.07841483979763912,2,0,1.4761904761904763,0.9091880341880342,9.015769362255933,4.966911785904605,0.5555555555555556,4.0,8.0,4.0,8.0,40.0,44.0,156.0,0.9682539682539683,267,113.12689808402322,0.0,94,291.4675447214033,0.3272578680564688,0.25222399816678015,420.4172446456188,341.9944612110107,0.3429786236253326,0.2634253724076111,57.2556,0.922508,0.5882738991679944,0.9501855993523225,0.9837849503253946,0.7317622595412062,251.88365320932752,294.72910067386874,111.72559036471412,8746.0,152.0,8746.0,12.474288579913889
287,14.35,169.49752815477223,201.63943435816228,405.13551097166777,184.4636430136272,0.9745521658886114,249.94082905522026,271.6190338780609,300.99444370139173,300.99444370139173,29.375409823330813,0.10814930531163895,111.71301480872614,112.7091451562444,30.756591796875,113.58822007412236,111.71301480872614,68.0,0.5967741935483871,8625.0,21121.0,-12496.0,8625.0,9211.0,773.0,0.08392139832808598,2,0,1.5238095238095237,0.9204081632653062,9.826580612241338,5.100281655483493,0.5967741935483871,4.0,4.0,4.0,4.0,40.0,48.0,152.0,0.967741935483871,247,112.45499610434494,0.04121863799283154,92,291.4675447214033,0.6167983045112302,1.9563506211543706,420.4172446456188,341.9944612110107,0.3539298462720861,0.2691670263600945,57.3684,0.926205,0.5987666104395657,0.9501855993523225,0.9716231436979454,0.6775255587990254,249.9678656803688,294.72910067386874,112.11161062795216,8776.0,152.0,8776.0,12.474288579913889
288,14.4,169.5459859430993,201.8968664489424,404.5785662480164,184.16694867524106,0.9742782152230971,249.9678656803688,295.2182477744184,304.8495968789673,304.8495968789673,9.631349104548917,0.032624504674617555,111.72559036471412,112.72133786889158,31.5751953125,113.40546999485554,111.72559036471412,68.0,0.5967741935483871,8556.0,21098.5,-12542.5,8556.0,9144.0,766.0,0.08377077865266842,2,0,1.5238095238095237,0.9149377593360996,9.74544659311817,5.284710043281175,0.5967741935483871,4.0,4.0,4.0,4.0,44.0,48.0,148.0,0.9838709677419355,241,111.26414455523393,0.0,100,294.72910067386874,0.2619531229303834,0.6310427526194317,420.4172446456188,341.9944612110107,0.29779700634481365,0.26908797062026524,57.4812,0.929795,0.598622138296303,0.9201212462697544,0.972006844361077,0.6655692254085767,249.94082905522026,292.22844406887236,112.11180527335134,8776.0,152.0,8776.0,12.474288579913889
289,14.45,169.620721459658,201.75601525257113,404.57551798845503,184.2693871889657,0.9739017528673448,247.90066825431146,305.5868061752076,305.97152244156297,305.97152244156297,0.38471626635538314,0.0012589426591107695,111.71938811959572,112.71533437868342,31.1875,113.45441669275385,111.71938811959572,68.0,0.5967741935483871,8639.0,21079.0,-12440.0,8639.0,9242.0,801.0,0.08666955204501191,2,0,1.4761904761904763,0.8690909090909091,8.90999228288005,5.308876189822533,0.5967741935483871,4.0,4.0,4.0,4.0,40.0,48.0,152.0,0.967741935483871,255,111.19008412927157,0.0,103,294.72910067386874,0.1594504843345199,0.10248385717013503,420.4172446456188,341.9944612110107,0.27313446328112667,0.2751325054315523,57.594,0.933282,0.6096683558271184,0.9201212462697544,0.9718176037766361,0.6799514815159281,247.96483632046682,292.22844406887236,112.11180527335134,8776.0,152.0,8776.0,12.474288579913889
290,14.5,169.60096966707556,201.68909422245025,404.31913199573165,184.28048122170682,0.9744156396090098,247.92153594975605,303.5256824917099,303.38443554795225,303.38443554795225,0.14124694375766467,0.00046535417562737047,111.71668771636567,112.71271419637259,33.181396484375,113.474354337169,111.71668771636567,68.0,0.5967741935483871,8810.0,21087.0,-12277.0,8810.0,9412.0,799.0,0.08489162770930726,2,0,1.4761904761904763,0.86996336996337,7.86903027508336,5.203907756718405,0.5967741935483871,4.0,4.0,4.0,4.0,40.0,48.0,152.0,0.967741935483871,259,111.0495381523757,0.0,103,294.72910067386874,0.0697750498578077,0.25662590443525823,420.4172446456188,341.9944612110107,0.2780370302184916,0.27507148779000723,57.7068,0.936664,0.6095568478016429,0.9201212462697544,0.971735210082784,0.7095823947009534,247.95679955455165,293.10706732953054,112.1132090141911,8776.0,152.0,8776.0,12.474288579913889
291,14.55,169.86452598964078,201.58220455669073,404.8160569774126,184.47702891271976,0.9741234146861345,247.9204431935073,294.72910067386874,282.25481209395485,282.25481209395485,12.474288579913889,0.042324590789958205,112.35768362983978,112.62103588485988,33.1689453125,113.50263642143432,112.35768362983978,64.0,0.5967741935483871,8776.0,21074.5,-12298.5,8776.0,9383.0,798.0,0.08504742619631248,2,0,1.434782608695652,0.8819641170915958,8.680294764696805,5.1879677240400985,0.5967741935483871,4.0,4.0,4.0,4.0,40.0,48.0,152.0,0.967741935483871,265,110.85801461729193,0.0,100,295.2182477744184,0.2844069897352845,0.5343832260289556,420.4172446456188,341.9944612110107,0.29896048645125395,0.2750746830354649,57.8195,0.939943,0.6095626870229381,0.9156123887322585,0.99129303776847,0.7036908681027612,247.92153594975605,293.10706732953054,112.3549272926605,8793.0,152.0,8793.0,12.474288579913889
292,14.6,170.49640117515344,201.70115157437192,405.5435228398625,184.06702917048528,0.9745288041742093,247.95679955455165,289.2745291694611,304.0036093072198,304.0036093072198,14.729080137758672,0.050917307445102325,112.35790175759297,112.62048907701183,33.1689453125,113.59580551561609,112.35790175759297,68.0,0.5967741935483871,8793.0,21079.5,-12286.5,8793.0,9391.0,783.0,0.0833777020551592,2,0,1.4545454545454546,0.9039039039039038,9.354054422198779,5.011548718060712,0.5967741935483871,4.0,4.0,4.0,4.0,40.0,48.0,152.0,0.967741935483871,272,110.75137009196021,0.0,98,294.72910067386874,0.6429732833344651,0.8350487229271705,420.4172446456188,341.9944612110107,0.31193467239123707,0.27496837616454195,57.9323,0.94312,0.6093684142032924,0.9201212462697544,0.9912996932009316,0.7066366314018573,247.9204431935073,293.10706732953054,112.35518043825863,8793.0,152.0,8793.0,12.474288579913889
293,14.65,170.5515833547006,201.89623045385002,405.18305917299307,184.03101173790392,0.9750584236243892,247.89334033705194,292.22844406887236,304.11872221935016,304.11872221935016,11.890278150477798,0.0406882984589806,112.35518043825863,112.53570386484307,33.1689453125,113.53770041398471,112.35518043825863,68.0,0.5967741935483871,8827.0,21067.0,-12240.0,8827.0,9414.0,782.0,0.08306777140429147,2,0,1.5238095238095237,0.9219712525667351,9.489088457129178,5.03860546320545,0.5967741935483871,4.0,4.0,4.0,4.0,40.0,48.0,152.0,0.967741935483871,265,110.51830384367808,0.0,99,293.10706732953054,0.20273342634604516,0.36225862389002095,420.4172446456188,341.9944612110107,0.3049085217348786,0.2751539324372225,58.0451,0.946196,0.6097075130779336,0.9350728165897487,0.9912166613227246,0.7125281580000494,247.90732146907285,294.72910067386874,112.35768362983978,8793.0,152.0,8793.0,11.890278150477798
294,14.7,170.50484097221968,201.69012745822764,404.9174293808262,184.24666815794018,0.9753859348198971,247.96483632046682,298.83112543101606,273.84862230337154,273.84862230337154,24.98250312764452,0.0836007396873778,112.35819074830238,112.53254504361476,31.181396484375,113.60322627069816,112.35819074830238,68.0,0.5967741935483871,8754.0,21070.0,-12316.0,8754.0,9328.0,768.0,0.0823327615780446,2,0,1.5238095238095237,0.9186652763295099,9.57749013040069,5.019760434757495,0.5967741935483871,4.0,4.0,4.0,4.0,40.0,48.0,152.0,0.967741935483871,275,92.57906325075295,0.0,101,292.22844406887236,0.2113369232399158,0.3421503733586502,420.4172446456188,341.9944612110107,0.28920345386186763,0.27494487646841614,58.1579,0.949172,0.6093254691689072,0.9431717854009436,0.9913085107774223,0.6998787038333427,247.90066825431146,293.10706732953054,112.35790175759297,8802.0,152.0,8802.0,12.474288579913889
295,14.75,170.60800381354625,201.74824977210554,405.93122943077464,184.24187178191036,0.9758657318886764,247.88820494631852,293.10706732953054,303.9601183429042,303.9601183429042,10.853051013373658,0.03702759920548737,112.3549272926605,112.53588601929442,32.36279296875,113.53303501800377,112.3549272926605,68.0,0.5967741935483871,8846.0,21069.5,-12223.5,8846.0,9414.0,770.0,0.08179307414489059,2,0,1.4761904761904763,0.9210526315789473,8.871641364054945,5.015863891542471,0.5967741935483871,4.0,4.0,4.0,4.0,40.0,48.0,152.0,0.967741935483871,287,110.48820216310979,0.0,99,292.22844406887236,0.11840935436481123,1.0138113959205908,420.4172446456188,341.9944612110107,0.3028186377640182,0.2751689484427895,58.2707,0.952048,0.6097349544061937,0.9431717854009436,0.9912089374388691,0.7158204816872745,247.89334033705194,292.22844406887236,112.35819074830238,8803.0,152.0,8803.0,14.729080137758672
296,14.8,170.61944752333198,201.73803615893405,405.3261307077819,184.21562944226017,0.9761136630701848,247.8924395730493,288.3654836959626,303.62839241753227,303.62839241753227,15.262908721569659,0.05292904173532109,112.43640631562991,112.53573623470614,32.36279296875,113.44658177613992,112.43640631562991,68.0,0.5483870967741935,8802.0,21074.0,-12272.0,8802.0,9361.0,756.0,0.08076060249973294,2,0,1.4761904761904763,0.9170212765957447,9.007522603382819,4.894177768182631,0.5483870967741935,4.0,4.0,4.0,4.0,40.0,48.0,152.0,0.967741935483871,260,110.52145944141752,0.048387096774193616,98,292.22844406887236,0.0153387218397415,0.6056675036336133,420.4172446456188,341.9944612110107,0.31409691831496167,0.27515656629275176,58.3835,0.954825,0.6097123263749084,0.9431717854009436,0.9936949949280609,0.7081961531484375,247.8924395730493,289.37014456070114,112.4354572046768,8803.0,152.0,8803.0,15.262908721569659
297,14.85,170.89703846826,201.79546063861198,405.8402771354041,183.91567409093187,0.9764378875347445,247.889089877449,289.37014456070114,306.053165393147,306.053165393147,16.68302083244589,0.05765287520512088,112.44535160591776,112.71765117322698,34.0,113.52687123425922,112.44535160591776,76.0,0.4838709677419355,8803.0,21071.0,-12268.0,8803.0,9354.0,755.0,0.0807141329912337,2,0,1.4761904761904763,0.9118279569892473,9.513992592943225,5.01034493890586,0.4838709677419355,4.0,8.0,4.0,8.0,40.0,44.0,152.0,0.967741935483871,257,110.23831362060581,0.06451612903225801,98,289.37014456070114,0.2834683466849758,0.5952476474772269,420.4172446456188,341.9944612110107,0.3117072426355414,0.27516636088295776,58.4962,0.957504,0.6097302257133055,0.9695190033796612,0.993967930281268,0.708369433342502,247.889089877449,289.37014456070114,112.4354572046768,8803.0,152.0,8803.0,15.262908721569659
298,14.9,171.51936978019862,201.94400380618816,406.59953092859166,183.96851123529618,0.9761045695149617,247.90732146907285,300.62236477332937,303.83305684555916,303.83305684555916,3.21069207222979,0.010680150409470256,112.4354572046768,112.72288742387892,33.1689453125,113.4846980381584,112.4354572046768,76.0,0.4838709677419355,8704.0,21074.0,-12370.0,8704.0,9257.0,748.0,0.08080371610673004,2,0,1.5789473684210527,0.9559164733178654,9.399657163303772,5.197772014460257,0.4838709677419355,4.0,8.0,4.0,8.0,40.0,44.0,152.0,0.967741935483871,257,108.53710303347188,0.0,102,288.3654836959626,0.6398135153720927,0.7610900645089669,420.4172446456188,341.9944612110107,0.2849428309565841,0.275113051272155,58.609,0.960085,0.6096328038974347,0.9787797609462777,0.9936660360094697,0.6912146941301189,247.88820494631852,289.37014456070114,112.4354572046768,8803.0,152.0,8803.0,16.68302083244589
299,14.95,171.51879877486238,202.002200986519,402.15991978294414,184.1404101489471,0.9747927736450585,245.9825456442589,278.4842801814658,303.95207178630375,303.95207178630375,25.46779160483794,0.09145145136466099,112.43903486237065,112.82190579755414,31.57513427734375,113.44506928443425,112.43903486237065,76.0,0.4918032786885246,8817.0,21037.0,-12220.0,8817.0,9410.0,791.0,0.08405951115834219,2,0,1.4545454545454546,0.8940594059405941,8.928132782966603,5.207320398393169,0.4918032786885246,4.0,4.0,4.0,4.0,40.0,48.0,148.0,0.9672131147540983,274,108.52798510553085,0.007932310946589083,94,288.3654836959626,0.05819998149100992,4.442937807472893,420.4172446456188,341.9944612110107,0.3376002442140359,0.280741141908472,58.7218,0.962571,0.6199179813995666,0.9787797609462777,0.9937751961635735,0.7107953560594047,245.9825456442589,288.3654836959626,112.4354572046768,8802.0,152.0,8802.0,18.827492300762287
300,15.0,171.47760533623466,201.79242086116898,403.1455245673075,184.0209200014323,0.9753728974928594,245.94266311081822,272.2178563168471,302.3136718992181,302.3136718992181,30.095815582371017,0.1105578303700294,112.43927743454341,112.72649972662407,33.1689453125,113.35888668587958,112.43927743454341,76.0,0.4918032786885246,8871.0,21041.5,-12170.5,8871.0,9453.0,788.0,0.08335977996403258,2,0,1.5238095238095237,0.9083585095669687,9.642662527091273,5.217950426383497,0.4918032786885246,4.0,4.0,4.0,4.0,40.0,44.0,152.0,0.9836065573770492,286,108.56559683148151,0.0,92,282.89874811141226,0.21378634282349837,0.9928215782873989,420.4172446456188,341.9944612110107,0.3525054935691162,0.28085775939198165,58.8346,0.964961,0.6201310965740112,1.0,0.9937825974350271,0.7201524865388864,245.98233873771125,288.3654836959626,112.4354572046768,8802.0,152.0,8802.0,16.68302083244589
301,15.05,171.51558815258932,201.90487839293803,403.0391976434008,184.00274802157102,0.9756014477325953,245.94225662014495,266.84355761675755,302.2540650980866,302.2540650980866,35.410507481329034,0.1327013767826684,112.44223826672433,112.73193306370231,32.36279296875,113.30378981653826,112.44223826672433,76.0,0.4918032786885246,8821.0,21041.0,-12220.0,8821.0,9394.0,775.0,0.08249946774536938,2,0,1.5238095238095237,0.9071428571428571,10.546793197139937,5.414830842260075,0.4918032786885246,4.0,4.0,4.0,4.0,40.0,44.0,152.0,0.9836065573770492,273,108.50932203992441,0.0,91,281.9954193334456,0.11869873963028871,0.107868603400333,420.4172446456188,341.9944612110107,0.3652887434679629,0.2808589479804513,58.9474,0.967256,0.620133268686043,1.0,0.9938729372396707,0.7114884768356626,245.94266311081822,288.3654836959626,112.43640631562991,8801.0,152.0,8801.0,16.68302083244589
302,15.1,171.6740441964641,201.93206767785966,403.49114432720813,183.94478082254182,0.9752166934189406,245.94030239741204,293.50504470897994,302.0103446001393,302.0103446001393,8.505299891159382,0.02897837718459889,112.41296555131103,112.72695960759725,31.968994140625,113.4488545452563,112.41296555131103,76.0,0.4918032786885246,8766.0,21030.5,-12264.5,8766.0,9345.0,771.0,0.08250401284109149,2,0,1.4761904761904763,0.9073881373569199,10.56596914860613,5.176031815028262,0.4918032786885246,4.0,4.0,4.0,4.0,36.0,44.0,156.0,0.9672131147540983,240,108.2097728460942,0.0,99,281.9954193334456,0.160771810511047,0.4556489889901148,420.4172446456188,341.9944612110107,0.301872012989421,0.2808646621745525,59.0602,0.969458,0.620143711215208,1.0,0.9929797790901242,0.7019580661621164,245.94225662014495,289.37014456070114,112.43903486237065,8766.0,152.0,8766.0,18.827492300762287
303,15.15,171.82618651239176,201.854278723144,403.4426260937687,184.03168771793833,0.9748218527315915,245.98233873771125,282.89874811141226,301.72624041217455,301.72624041217455,18.827492300762287,0.06655205237369086,112.41282197101013,112.72774884020963,31.57513427734375,113.44153959451215,112.41282197101013,80.0,0.5901639344262295,8679.0,21023.0,-12344.0,8679.0,9262.0,771.0,0.08324335996545022,2,0,1.4761904761904763,0.9068062827225131,11.06545091130656,5.204826906097357,0.5901639344262295,4.0,4.0,4.0,4.0,36.0,48.0,152.0,0.9508196721311475,241,108.07282141351028,0.09836065573770492,96,282.89874811141226,0.17087541008460783,0.09953304699216083,420.4172446456188,341.9944612110107,0.32710003760698403,0.28074174690817555,59.1729,0.971567,0.6199190870195258,1.0,0.9929753982216584,0.686882689278507,245.94030239741204,290.50314984753584,112.43903486237065,8740.0,152.0,8740.0,18.827492300762287
304,15.2,171.9719043411388,201.81629157521084,402.405813244249,184.16029586601678,0.9732298739088263,243.99173396921907,281.9954193334456,301.2660865291188,301.2660865291188,19.270667195673184,0.06833680930429077,111.82561876945206,112.7268456155433,31.57513427734375,113.44990042645834,111.82561876945206,80.0,0.4918032786885246,8658.0,20986.0,-12328.0,8658.0,9279.0,816.0,0.08794051083090851,2,0,1.375,0.8640510948905109,10.415926756374118,5.2683728567872725,0.4918032786885246,4.0,4.0,4.0,4.0,36.0,48.0,152.0,0.9508196721311475,247,107.93557928447903,0.09836065573770492,96,290.50314984753584,0.15058787807407195,1.0447587954553774,420.4172446456188,341.9944612110107,0.32924868585933653,0.2865623229533062,59.2857,0.973584,0.6305560261978901,0.9590751932828065,0.9750588736523959,0.6832438052031531,243.99173396921907,286.92168741530827,112.43927743454341,8755.0,152.0,8755.0,18.827492300762287
305,15.25,172.47299126321442,201.91086029040653,402.7680331318206,184.00462477771976,0.974304068522484,243.90258553883154,294.2576118925091,297.6870930225624,297.6870930225624,3.4294811300533183,0.01165468960342848,112.32255351399681,112.62756039670623,31.57513427734375,113.5186633492672,112.32255351399681,76.0,0.47540983606557374,8740.0,20987.5,-12247.5,8740.0,9340.0,810.0,0.0867237687366167,2,0,1.4545454545454546,0.9077526987242395,9.378873854199627,4.896788159380382,0.47540983606557374,4.0,4.0,4.0,4.0,36.0,48.0,152.0,0.9508196721311475,282,107.92697143000898,0.016393442622950838,100,293.50504470897994,0.5099326870960297,0.394254657149363,420.4172446456188,341.9944612110107,0.3000819646669183,0.2868229951000768,59.3985,0.975511,0.6310323972218563,0.9314043428217001,0.9902211608067102,0.69745278111644,243.92282152943739,286.92168741530827,112.44017876802327,8752.0,152.0,8752.0,18.427284947491614
306,15.3,172.46505906170265,202.10377879413838,402.62716548931354,183.99472507347141,0.9746700723712218,243.90172098359974,290.50314984753584,297.5963699351811,297.5963699351811,7.09322008764525,0.02441701610246901,112.44048527865759,112.62867971645217,30.78759765625,113.50456172314529,112.44048527865759,76.0,0.47540983606557374,8801.0,20993.0,-12192.0,8801.0,9396.0,809.0,0.08610046828437633,2,0,1.4545454545454546,0.9086444007858546,9.566219490030496,5.021127579415235,0.47540983606557374,4.0,4.0,4.0,4.0,36.0,48.0,152.0,0.9508196721311475,285,107.65456407215878,0.0,98,290.50314984753584,0.19308150844386365,0.14121507302584144,420.4172446456188,341.9944612110107,0.3090122882746903,0.2868255230802925,59.5113,0.977348,0.6310370170346703,0.9590751932828065,0.9938194507231053,0.708022872954373,243.91637236140573,290.0790371592557,112.44046160350705,8740.0,152.0,8740.0,17.808371600263172
307,15.35,172.5366849732327,202.10071440458313,403.2622746052609,183.99885985710716,0.9737194726604712,243.91637236140573,296.339157492766,271.1183290537123,271.1183290537123,25.22082843905372,0.0851079845553971,112.44046160350705,112.62878410387174,31.181396484375,113.50321202759237,112.44046160350705,76.0,0.47540983606557374,8646.0,21000.5,-12354.5,8646.0,9254.0,808.0,0.08731359412146099,2,0,1.4545454545454546,0.9072063178677197,9.673691837432822,5.157793009675447,0.47540983606557374,4.0,4.0,4.0,4.0,36.0,48.0,152.0,0.9508196721311475,266,96.14443327511182,0.0,101,290.50314984753584,0.07169143383875579,0.6351225752523567,420.4172446456188,341.9944612110107,0.2951308223749043,0.28678268210048796,59.6241,0.979097,0.6309587263478056,0.9590751932828065,0.9938187283557626,0.6811644428743794,243.91637236140573,290.50314984753584,112.44017876802327,8728.0,152.0,8728.0,17.808371600263172
308,15.4,172.5326774514037,202.10699054957632,403.4740161075672,183.96489934446606,0.9735812344611393,243.92282152943739,294.5192312186985,276.71085961843534,276.71085961843534,17.808371600263172,0.06046590413323254,112.44017876802327,112.62987958967321,31.968994140625,113.48865665120142,112.44017876802327,76.0,0.47540983606557374,8640.0,21005.5,-12365.5,8640.0,9251.0,803.0,0.08680142687277051,2,0,1.4545454545454546,0.9008919722497523,9.712379554242066,5.189670807714755,0.47540983606557374,4.0,4.0,4.0,4.0,36.0,48.0,152.0,0.9508196721311475,261,96.05007728960192,0.0,100,290.50314984753584,0.007446490930992785,0.21444761648887956,420.4172446456188,341.9944612110107,0.2994596797118614,0.28676382457861815,59.7368,0.980758,0.6309242647564391,0.9590751932828065,0.9938100985852152,0.6801247617099926,243.91604132146125,290.50314984753584,112.44017876802327,8721.0,152.0,8721.0,18.427284947491614
309,15.45,172.55195684362621,202.1490669500037,403.81539670363696,184.0182469466638,0.9743052586575459,243.9058734960722,286.92168741530827,273.62591498247417,273.62591498247417,13.295772432834099,0.046339377662968265,112.44089475450524,112.62626619709846,31.57513427734375,113.53419881494972,112.44089475450524,76.0,0.47540983606557374,8755.0,21001.0,-12246.0,8755.0,9356.0,799.0,0.08539974348011971,2,0,1.4545454545454546,0.8987090367428004,9.272272978986145,4.9103806768642455,0.47540983606557374,4.0,4.0,4.0,4.0,36.0,48.0,152.0,0.9508196721311475,278,91.38776238384662,0.0,97,290.50314984753584,0.04628302536992093,0.345523773470362,420.4172446456188,341.9944612110107,0.31753111683807733,0.28681338103431386,59.8496,0.982333,0.6310148277868066,0.9590751932828065,0.9938319444970927,0.7000519840274072,243.9153666332811,292.67095642166555,112.44046160350705,8721.0,152.0,8721.0,18.427284947491614
310,15.5,172.5518146963245,202.14671042708352,403.0022858307091,184.01886882427556,0.9744171122994653,243.90790662437064,285.3773599174515,303.8046448649431,303.8046448649431,18.427284947491614,0.06457164279893089,112.44091350773522,112.62610556511515,33.1689453125,113.53607462151345,112.44091350773522,76.0,0.47540983606557374,8752.0,21000.0,-12248.0,8752.0,9350.0,797.0,0.08524064171122994,2,0,1.4761904761904763,0.9166666666666666,9.372135663503691,5.050902897706563,0.47540983606557374,4.0,4.0,4.0,4.0,36.0,48.0,152.0,0.9508196721311475,274,107.4474824679716,0.0,97,292.67095642166555,0.0023608062454710927,0.8131111107377839,420.4172446456188,341.9944612110107,0.32120443784839536,0.28680743611844817,59.9624,0.983823,0.6310039636200997,0.9390927973928686,0.9938325166886353,0.6995321434452137,243.9153666332811,292.7294797072087,112.44046160350705,8721.0,152.0,8721.0,18.427284947491614
311,15.55,172.64289058989218,202.23506804415936,403.3482291905723,183.96387799326422,0.9742710120068611,243.91604132146125,290.0790371592557,303.6623927679316,303.6623927679316,13.583355608675902,0.0468263951152683,112.44047462101605,112.72055743509583,31.57513427734375,113.50395107249514,112.44047462101605,76.0,0.47540983606557374,8728.0,20993.5,-12265.5,8728.0,9328.0,791.0,0.08479845626072041,2,0,1.4761904761904763,0.9175257731958762,9.763169862312116,5.179105778234586,0.47540983606557374,4.0,4.0,4.0,4.0,36.0,48.0,152.0,0.9508196721311475,269,107.3437890402709,0.0,98,292.67095642166555,0.12689321055309502,0.3502867392990017,420.4172446456188,341.9944612110107,0.31002107821773284,0.2867836500692186,60.0752,0.98523,0.6309604952834631,0.9390927973928686,0.9938191255411309,0.6953734187876663,243.9153666332811,292.67095642166555,112.44047462101605,8711.0,152.0,8711.0,18.427284947491614
312,15.6,172.63669953510652,202.08702983642655,403.33144008637373,183.96837919029778,0.9742240360863494,243.9235073721205,292.67095642166555,265.32772582231996,265.32772582231996,27.34323059934559,0.09342652558920415,112.35584865349638,112.62483884913183,31.57513427734375,113.46083366083187,112.35584865349638,76.0,0.47540983606557374,8711.0,20991.0,-12280.0,8711.0,9311.0,785.0,0.08430888196756525,2,0,1.4761904761904763,0.9202072538860103,9.845908415185967,5.126120707482846,0.47540983606557374,4.0,4.0,4.0,4.0,36.0,48.0,152.0,0.9508196721311475,258,92.06942923420027,0.0,99,292.67095642166555,0.1481676081608315,0.01738202504096579,420.4172446456188,341.9944612110107,0.30385596654493585,0.28676181915817744,60.188,0.986555,0.6309205999069313,0.9390927973928686,0.991237049656257,0.6924276554885703,243.91604132146125,292.67095642166555,112.44047462101605,8696.0,152.0,8696.0,18.427284947491614
313,15.65,172.8600329837957,202.06657565264624,403.37634743746014,183.93313278202254,0.9746134020618556,243.90732565186474,292.7294797072087,267.2321615524691,267.2321615524691,25.497318154739617,0.08710198296475749,112.35524648657429,112.7160631026162,31.57513427734375,113.4487291389742,112.35524648657429,76.0,0.47540983606557374,8721.0,20989.0,-12268.0,8721.0,9312.0,784.0,0.08419243986254296,2,0,1.4761904761904763,0.9176225234619395,10.135619961435758,5.081302794338298,0.47540983606557374,4.0,4.0,4.0,4.0,36.0,48.0,152.0,0.9508196721311475,259,91.71779882406602,0.0,99,292.67095642166555,0.22426814962789363,0.057087472162489133,420.4172446456188,341.9944612110107,0.30371676367852507,0.2868091348959776,60.3008,0.987799,0.6310070680883032,0.9390927973928686,0.9912186765642408,0.6941604574292151,243.91604132146125,290.0790371592557,112.44050070706672,8696.0,152.0,8696.0,18.427284947491614
314,15.7,172.83652732189043,202.2944303753399,403.0571946355735,183.91781707890064,0.9740740740740741,243.9153666332811,294.42265590711554,265.3909523906647,265.3909523906647,29.03170351645082,0.0986055350496184,112.44050070706672,112.72037118580397,33.1689453125,113.50545491189769,112.44050070706672,76.0,0.47540983606557374,8686.0,20993.0,-12307.0,8686.0,9288.0,782.0,0.08419465977605513,2,0,1.4761904761904763,0.9203354297693921,10.17333880547825,5.2103002458908305,0.47540983606557374,4.0,4.0,4.0,4.0,36.0,48.0,152.0,0.9508196721311475,254,92.79786812189839,0.0,100,292.67095642166555,0.22906394477398087,0.3195200802988696,420.4172446456188,341.9944612110107,0.2996893927239058,0.2867856228736252,60.4135,0.988964,0.6309641005280853,0.9390927973928686,0.993819921468957,0.6880956506369584,243.91604132146125,290.0790371592557,112.44050070706672,8696.0,152.0,8696.0,23.836611638275713
315,15.75,172.92766806238433,202.2363784951381,403.059898218323,183.90349603261387,0.9745894554883319,243.91667187481215,294.3649595387144,267.5251999071692,267.5251999071692,26.839759631545178,0.09117851416012461,112.4404497015042,112.72073129979991,33.1689453125,113.5025426957039,112.4404497015042,76.0,0.47540983606557374,8668.0,20991.0,-12323.0,8668.0,9256.0,779.0,0.08416162489196197,2,0,1.4761904761904763,0.9177215189873418,10.528870303717392,5.2638991698088935,0.47540983606557374,4.0,4.0,4.0,4.0,36.0,48.0,152.0,0.9508196721311475,267,92.08511643241903,0.0,100,292.67095642166555,0.10805857380486822,0.014574008591698847,420.4172446456188,341.9944612110107,0.29982662869397114,0.28678180631611017,60.5263,0.990051,0.6309571258764626,0.9390927973928686,0.9938183652063013,0.6849766071437978,243.91604132146125,290.0790371592557,112.44050070706672,8689.0,152.0,8689.0,23.836611638275713
316,15.8,173.4755016714173,202.2080364192647,403.8401550204892,183.97220867066812,0.9747871996552095,243.90424861688737,268.815056718955,267.57063109824475,267.57063109824475,1.244425620710274,0.004629300292547659,112.44084726591797,112.71727100586753,31.57513427734375,113.52978707981734,112.44084726591797,76.0,0.47540983606557374,8696.0,20990.0,-12294.0,8696.0,9281.0,781.0,0.08415041482598858,2,0,1.5,0.9331872946330778,10.254044005377043,5.274347218064928,0.47540983606557374,4.0,4.0,4.0,4.0,36.0,48.0,152.0,0.9508196721311475,277,92.86084554558813,0.0,91,292.57943340489237,0.5485662552973083,0.7832765181945708,420.4172446456188,341.9944612110107,0.36059935660929754,0.2868181322199882,60.6391,0.991063,0.6310235104451296,0.9399364377692879,0.9938304955430707,0.6898284525776032,243.91667187481215,292.57943340489237,112.44047462101605,8686.0,152.0,8686.0,25.497318154739617
317,15.85,173.44093646999082,201.99950974591323,404.53152706419826,184.02451027145577,0.9746873652436395,243.92981043154703,278.55773483898747,265.8376219673175,265.8376219673175,12.720112871669983,0.04566418835586271,112.44106102250362,112.71369936181115,31.57513427734375,113.55633869983498,112.44106102250362,76.0,0.47540983606557374,8689.0,20990.5,-12301.5,8689.0,9276.0,781.0,0.08419577404053472,2,0,1.5,0.9330406147091108,9.973400619623897,5.14160761387318,0.47540983606557374,4.0,4.0,4.0,4.0,36.0,48.0,152.0,0.9508196721311475,272,94.67532833637836,0.0,95,289.33085910205,0.2113720100880887,0.6933475032531672,420.4172446456188,341.9944612110107,0.33742552574456974,0.2867433888613703,60.7519,0.992002,0.6308869190573629,0.9698811286711209,0.9938370176041026,0.6886154912191519,243.9235073721205,292.57943340489237,112.4404497015042,8672.0,152.0,8672.0,25.497318154739617
318,15.9,173.44129228002066,202.00004821312697,403.98510728005,183.92002643061605,0.9747158783418118,243.93727530095313,289.33085910205,265.4942474637743,265.4942474637743,23.836611638275713,0.08238530695361566,112.44108816536357,112.71273436156412,33.1689453125,113.56326815070179,112.44108816536357,76.0,0.47540983606557374,8655.0,20990.0,-12335.0,8655.0,9239.0,779.0,0.08431648446801603,2,0,1.5,0.9330406147091108,9.937530989801958,5.019968681889239,0.47540983606557374,4.0,4.0,4.0,4.0,36.0,48.0,152.0,0.9508196721311475,271,93.98012841967324,0.0,98,289.33085910205,0.0006454050802521297,0.5563195605991775,420.4172446456188,341.9944612110107,0.3118006866109051,0.2867215614043417,60.8647,0.992869,0.630847029992942,0.9698811286711209,0.9938378457768984,0.6827239646209596,243.9218081475856,292.57943340489237,112.4404497015042,8668.0,152.0,8668.0,25.497318154739617
319,15.95,173.3940730615043,202.04540169526288,404.3139086020136,183.909093168076,0.9743167028199566,243.9608079250625,292.57943340489237,265.74868198953135,265.74868198953135,26.83075141536102,0.09170416082606431,112.43974119203816,112.7246077315209,33.1689453125,113.46992127828318,112.43974119203816,76.0,0.47540983606557374,8628.0,20989.0,-12361.0,8628.0,9220.0,777.0,0.08427331887201735,2,0,1.5,0.9318681318681319,10.421672527740977,5.334333282982551,0.47540983606557374,4.0,8.0,4.0,8.0,36.0,44.0,152.0,0.9508196721311475,256,94.1906162147567,0.0,99,289.33085910205,0.06547207755333058,0.32898304751885993,420.4172446456188,341.9944612110107,0.3040736622221203,0.28665275144751945,60.9774,0.993667,0.6307212817302427,0.9698811286711209,0.9937967474303382,0.6780453993812189,243.9218081475856,292.57943340489237,112.44050070706672,8663.0,152.0,8663.0,26.83075141536102
320,16.0,173.47697799858943,202.26033043610212,404.0956474374605,183.97432665431177,0.9746004319654428,243.90900238186333,284.6250458102165,266.96675132573165,266.96675132573165,17.658294484484827,0.06204055034657457,112.44071796547784,112.71860359027616,32.78131103515625,113.51948510089089,112.44071796547784,76.0,0.47540983606557374,8672.0,20988.5,-12316.5,8672.0,9260.0,777.0,0.08390928725701943,2,0,1.5,0.9306930693069307,10.055220344755691,5.109435766544631,0.47540983606557374,4.0,8.0,4.0,8.0,36.0,44.0,152.0,0.9508196721311475,272,93.03724781841223,0.0,97,290.7059665674794,0.2303640428361895,0.22780110552529576,420.4172446456188,341.9944612110107,0.3229938842063086,0.28680423209728123,61.0902,0.994399,0.6309981083614424,0.957205670402225,0.9938265503763787,0.6856697279200558,243.9218081475856,292.57943340489237,112.44071796547784,8663.0,152.0,8663.0,26.83075141536102
321,16.05,173.45004590770537,202.02116380185336,403.8058340148422,183.9535352678765,0.9733831940167179,243.93580842851188,292.81782145070315,265.7768635948803,265.7768635948803,27.040957855822853,0.09234737736198645,112.35641185082088,112.71292520335913,31.57513427734375,113.56190553833343,112.35641185082088,76.0,0.47540983606557374,8487.0,20985.5,-12498.5,8487.0,9092.0,775.0,0.0852397712274527,2,0,1.5,0.9283351708930541,9.941213223441283,5.1748864142967665,0.47540983606557374,4.0,8.0,4.0,8.0,36.0,44.0,152.0,0.9508196721311475,250,93.75327760808251,0.0,99,292.57943340489237,0.2406782425921959,0.2905582586670541,420.4172446456188,341.9944612110107,0.30350663494422714,0.2867258505745115,61.203,0.995067,0.6308548683309119,0.9399364377692879,0.9912542337224797,0.6536128920181278,243.9218081475856,292.57943340489237,112.44084403409838,8663.0,152.0,8663.0,26.83075141536102
322,16.1,173.40819904578132,202.12100799869089,403.7539231894368,183.9332822422226,0.9741712558039088,243.95394638232273,290.7059665674794,267.1640669423791,267.1640669423791,23.541899625100257,0.08098182470443259,112.43940319876758,112.72601950276606,32.78759765625,113.45740245782007,112.43940319876758,76.0,0.47540983606557374,8663.0,20988.5,-12325.5,8663.0,9261.0,775.0,0.08368426735773675,2,0,1.5,0.9281767955801105,10.480184467870941,5.327657257046354,0.47540983606557374,4.0,8.0,4.0,8.0,36.0,44.0,152.0,0.9508196721311475,254,92.67778642115512,0.0,99,292.81782145070315,0.10825905733480767,0.05572179862861656,420.4172446456188,341.9944612110107,0.3085298705753057,0.28667281476291784,61.3158,0.995674,0.6307579468754027,0.937739025710635,0.9937864347060199,0.6841102061734755,243.92191470516792,292.57943340489237,112.44071796547784,8663.0,152.0,8663.0,26.83075141536102
323,16.15,173.46317210024054,202.31295304051005,404.4440692798356,184.00832292658674,0.9743299193724123,243.9218081475856,296.462762298668,267.21194019599665,267.21194019599665,29.25082210267135,0.0986660917407325,112.44022695092845,112.72214018172087,33.1689453125,113.49096395892188,112.44022695092845,76.0,0.47540983606557374,8589.0,20987.0,-12398.0,8589.0,9178.0,775.0,0.08444105469601221,2,0,1.5,0.9269911504424779,10.156426978866488,5.138734147852205,0.47540983606557374,4.0,8.0,4.0,8.0,36.0,44.0,152.0,0.9508196721311475,260,93.39137733620905,0.0,101,296.462762298668,0.19966205397004907,0.6942137497936689,420.4172446456188,341.9944612110107,0.2948368172942939,0.28676678773143705,61.4286,0.996223,0.6309296798349583,0.9041407093808305,0.9938115687240056,0.6712874718127043,243.9218081475856,292.81782145070315,112.44071796547784,8655.0,152.0,8655.0,27.040957855822853
324,16.2,173.48834330646596,202.30165446037466,403.959999888248,184.0132539351648,0.9745735086384875,243.91112415954825,306.23335531498225,267.2198382417421,267.2198382417421,39.013517073240166,0.12739800023779924,112.4409414439611,112.71604821172198,32.78759765625,113.53904494899771,112.4409414439611,76.0,0.47540983606557374,8618.0,20988.0,-12370.0,8618.0,9203.0,774.0,0.08410300988807998,2,0,1.5,0.9269911504424779,10.219137973375421,4.871876056404055,0.47540983606557374,4.0,8.0,4.0,8.0,36.0,44.0,152.0,0.9508196721311475,252,92.96432307408102,0.0,104,296.462762298668,0.027590714668499657,0.48409450597752457,420.4172446456188,341.9944612110107,0.2715965883532805,0.2867980279684851,61.5414,0.996718,0.6309867704903884,0.9041407093808305,0.9938333690683157,0.676312597440574,243.9218081475856,292.81782145070315,112.44071796547784,8663.0,152.0,8663.0,27.040957855822853
325,16.25,173.56834114624797,202.32138062384254,404.3179065746025,184.0041384485904,0.9750969409737182,243.90438109587132,310.59069929275427,267.24268821482144,267.24268821482144,43.348011077932824,0.13956635268422568,112.44084403409838,112.71730828100053,32.756591796875,113.52950198553515,112.44084403409838,76.0,0.47540983606557374,8706.0,20991.5,-12285.5,8706.0,9284.0,774.0,0.08336923739767342,2,0,1.5,0.9289678135405105,10.765696609696265,4.8273381379332685,0.47540983606557374,4.0,8.0,4.0,8.0,36.0,44.0,152.0,0.9508196721311475,264,93.37189428977058,0.0,105,305.58159931017343,0.08239402827237917,0.3580227482056895,420.4172446456188,341.9944612110107,0.26123225617312706,0.2868177448482645,61.6541,0.997162,0.6310228025341887,0.8200851421571388,0.9938303969349995,0.6915612545182479,243.9218081475856,292.81782145070315,112.44077479273705,8669.0,152.0,8669.0,27.040957855822853
326,16.3,173.5678157150678,202.32147579233123,404.3848728294299,184.00403209557524,0.9753548387096774,243.9035729272395,310.65280189102884,267.24268821482144,267.24268821482144,43.4101136762074,0.13973836196537784,112.44086342238353,112.7170807677485,32.756591796875,113.53123939835346,112.44086342238353,76.0,0.47540983606557374,8727.0,20991.5,-12264.5,8727.0,9300.0,773.0,0.08311827956989247,2,0,1.5,0.92880978865406,10.761039285118265,4.791883137886375,0.47540983606557374,4.0,8.0,4.0,8.0,36.0,44.0,152.0,0.9508196721311475,270,93.43729874726994,0.0,105,305.58159931017343,0.0005339803051874223,0.06696633928009457,420.4172446456188,341.9944612110107,0.26108453959140854,0.2868201079527105,61.7669,0.997559,0.6310271210411663,0.8200851421571388,0.9938309885031081,0.6952001385936019,243.92191470516792,296.462762298668,112.44077479273705,8669.0,152.0,8669.0,29.25082210267135
327,16.35,173.56250501323797,202.34370399822194,403.87904108071046,183.95041636555555,0.9750784207679828,243.92191470516792,291.44590671309487,267.3082651382465,267.3082651382465,24.137641574848374,0.08282031422939128,112.4402219510588,112.72216926949164,33.181396484375,113.49072170347733,112.4402219510588,76.0,0.47540983606557374,8669.0,20992.0,-12323.0,8669.0,9245.0,774.0,0.08372093023255814,2,0,1.5,0.92880978865406,10.867915345076707,4.954980490379199,0.47540983606557374,4.0,8.0,4.0,8.0,36.0,44.0,152.0,0.9508196721311475,257,92.8939803213662,0.0,99,305.58159931017343,0.022853811302393254,0.5086653168028359,420.4172446456188,341.9944612110107,0.3067698567912869,0.2867664761545128,61.8797,0.997913,0.6309291104368838,0.8200851421571388,0.993811416169852,0.6851498873378623,243.92191470516792,296.462762298668,112.44077479273705,8674.0,152.0,8674.0,29.25082210267135
328,16.4,173.5730278877425,202.35617572903595,404.56998621497155,183.99982510783934,0.9747423239665834,243.90703621691821,305.58159931017343,267.4186215918361,267.4186215918361,38.162977718337345,0.124886373408894,112.44077479273705,112.718053678189,32.36279296875,113.52376407200614,112.44077479273705,76.0,0.47540983606557374,8635.0,20992.0,-12357.0,8635.0,9217.0,775.0,0.08408375827275687,2,0,1.5,0.92880978865406,10.589982917580047,5.034547827899935,0.47540983606557374,4.0,8.0,4.0,8.0,36.0,44.0,152.0,0.9508196721311475,256,93.56807504813446,0.0,104,298.42484284477973,0.016317933611080117,0.6927094646192836,420.4172446456188,341.9944612110107,0.2731468482750832,0.2868099812106971,61.9925,0.998227,0.6310086147046738,0.8860546537759431,0.9938282842684674,0.6792583607396702,243.92191470516792,296.462762298668,112.44077479273705,8706.0,152.0,8706.0,29.25082210267135
329,16.45,173.5482334025431,202.14450555469372,404.08404408109914,184.00460317882107,0.9751324467510001,243.92386024205175,290.465865026488,267.3611439658094,267.3611439658094,23.104721060678628,0.07954367050521298,112.44103090319621,112.71445758570567,32.36279296875,113.55082387290096,112.44103090319621,80.0,0.47540983606557374,8674.0,20991.0,-12317.0,8674.0,9249.0,770.0,0.08325224348578225,2,0,1.45,0.9322799097065463,10.517320629110671,4.999409937930767,0.47540983606557374,4.0,8.0,4.0,8.0,36.0,44.0,152.0,0.9508196721311475,261,93.01369131299084,0.0,99,293.63160355843854,0.2131174070843913,0.4859656237171317,420.4172446456188,341.9944612110107,0.3091009735546656,0.28676078735804245,62.1053,0.998503,0.6309187143211756,0.930237749333408,0.9938360986150545,0.6860162883081847,243.92386024205175,293.63160355843854,112.44084403409838,8727.0,152.0,8727.0,28.194618058336744
330,16.5,173.52606148977603,202.33332698312088,404.35850142998487,183.92203248301556,0.9754355775435577,243.99271318148965,286.91724507722887,265.39272117314715,265.39272117314715,21.52452390408172,0.07501997273913602,112.4410007247635,112.70672414054684,34.756591796875,113.60437862252829,112.4410007247635,80.0,0.47540983606557374,8727.0,20994.5,-12267.5,8727.0,9298.0,769.0,0.08270595827059583,2,0,1.45,0.9333333333333333,9.922813816628105,4.695747739519265,0.47540983606557374,4.0,8.0,4.0,8.0,36.0,44.0,152.0,0.9508196721311475,276,93.89840493569689,0.0,97,291.52828224161277,0.19011871435769936,0.2866090650401548,420.4172446456188,341.9944612110107,0.31754168333632626,0.28655945971316166,62.218,0.998745,0.630550793706976,0.9496257333621174,0.9938351778219974,0.6952001385936019,243.94944820574852,293.63160355843854,112.44084403409838,8727.0,152.0,8727.0,24.137641574848374
331,16.55,169.64136038014962,202.4713837323109,404.3811985749001,183.88041909284047,0.9790967741935483,247.9159868374877,298.42484284477973,265.3912584123508,265.3912584123508,33.03358443242894,0.11069314510659141,112.4366926262244,112.70998401408062,34.756591796875,113.58249909658954,112.4366926262244,80.0,0.4838709677419355,8814.0,21083.5,-12269.5,8814.0,9300.0,682.0,0.07333333333333333,2,0,1.45,0.9333333333333333,7.515804347078709,4.700447518420468,0.4838709677419355,8.0,8.0,8.0,8.0,36.0,44.0,152.0,0.967741935483871,278,93.96102285166073,0.008461131676361755,101,291.52828224161277,3.8871535057326385,0.047400787220968035,420.4172446456188,341.9944612110107,0.2901698333132595,0.2750877135272566,62.3308,0.998957,0.6095864998805621,0.9496257333621174,0.9937037307298873,0.7102755154772112,243.9541588617913,293.63160355843854,112.44086342238353,8741.0,152.0,8741.0,24.137641574848374
332,16.6,169.64768091886768,202.49577135421225,403.9346182294683,183.86682751154726,0.9789678255236449,247.90967980424824,293.63160355843854,265.4369855001018,265.4369855001018,28.194618058336744,0.09602037967526017,112.43667053023027,112.71158925072612,33.1689453125,113.57136583263735,112.43667053023027,80.0,0.4838709677419355,8775.0,21082.5,-12307.5,8775.0,9262.0,682.0,0.07363420427553444,2,0,1.45,0.9333333333333333,7.545999808203426,4.7333574993801095,0.4838709677419355,8.0,8.0,8.0,8.0,36.0,44.0,152.0,0.967741935483871,262,93.59844539695665,0.0,100,291.52828224161277,0.025193358483732987,0.4467871260545077,420.4172446456188,341.9944612110107,0.3015709814521318,0.27510615544358796,62.4436,0.999141,0.6096202019644845,0.9496257333621174,0.9937030565451748,0.7035175879086967,243.9541588617913,293.63160355843854,112.4410007247635,8741.0,152.0,8741.0,24.137641574848374
333,16.65,169.6474871433598,202.49584817404678,404.12360506415877,183.86337154257646,0.9789813718100571,247.91106309558467,291.52828224161277,276.4555291130986,276.4555291130986,15.072753128514194,0.05170254156000617,112.43667802113656,112.71124134937415,33.181396484375,113.57379995664755,112.43667802113656,80.0,0.4838709677419355,8799.0,21080.0,-12281.0,8799.0,9287.0,682.0,0.07343598578658339,2,0,1.45,0.9333333333333333,7.539405317830254,4.72132581401796,0.4838709677419355,8.0,8.0,8.0,8.0,36.0,44.0,152.0,0.967741935483871,267,97.65099694313754,0.0,99,293.63160355843854,0.00020844719818770437,0.18901843139717697,420.4172446456188,341.9944612110107,0.3065739192326662,0.27510211066657164,62.5564,0.999301,0.6096128102481356,0.930237749333408,0.9937032851049069,0.7076763125662442,243.99271318148965,293.9629164385093,112.4410007247635,8741.0,152.0,8741.0,23.104721060678628
334,16.7,173.52472274168778,202.2878010768503,403.68273944083285,183.9834003423421,0.9750804203302594,243.9541588617913,278.03367252867304,276.8007517112238,276.8007517112238,1.2329208174492123,0.00443442985245632,112.44510934477643,112.70361136206012,34.3751220703125,113.6244372582682,112.44510934477643,80.0,0.47540983606557374,8745.0,20993.5,-12248.5,8745.0,9326.0,770.0,0.08256487239974265,2,0,1.45,0.9323562570462233,9.867884481157624,4.654538855489633,0.47540983606557374,4.0,8.0,4.0,8.0,36.0,44.0,152.0,0.9508196721311475,264,94.1411812013916,0.008461131676361755,94,297.2047426321276,3.8828133459636787,0.4569129135882791,420.4172446456188,341.9944612110107,0.33867205479871487,0.2866721934678599,62.6692,0.99944,0.6307568114761412,0.8973012870159961,0.993960538499889,0.6983191820867625,247.88793740989416,293.9629164385093,112.4410007247635,8741.0,152.0,8741.0,21.52452390408172
335,16.75,173.5409980497138,202.33109348900618,403.8761630955434,183.7616193124456,0.9751099667417659,243.94944820574852,297.2047426321276,276.82739983938495,276.82739983938495,20.37734279274264,0.06856331635987785,112.44525175150662,112.70525318217881,33.181396484375,113.61395370954958,112.44525175150662,80.0,0.47540983606557374,8741.0,20995.5,-12254.5,8741.0,9321.0,770.0,0.08260916210707006,2,0,1.45,0.9323562570462233,9.896628698942964,4.632359804412923,0.47540983606557374,4.0,8.0,4.0,8.0,36.0,44.0,152.0,0.9508196721311475,259,94.10943713547167,0.0,101,293.9629164385093,0.04625060649999801,0.2942779900426519,420.4172446456188,341.9944612110107,0.29307195074110337,0.2866859675390133,62.782,0.999559,0.6307819832041559,0.9271837752325741,0.993964883560804,0.6976260613105045,247.88793740989416,293.9629164385093,112.44075269263784,8741.0,152.0,8741.0,20.37734279274264
336,16.8,169.654001358841,202.49577247777512,403.8341730641158,183.90404639790745,0.9785921547555079,247.89157577832776,309.3437409946963,276.4868811236369,276.4868811236369,32.856859871059385,0.10621472335405266,112.4454569754624,112.71593530504028,33.181396484375,113.53989070083347,112.4454569754624,80.0,0.4838709677419355,8807.0,21085.5,-12278.5,8807.0,9305.0,682.0,0.07329392799570124,2,0,1.45,0.9333333333333333,7.630907676745734,4.763938637415024,0.4838709677419355,8.0,8.0,8.0,8.0,36.0,44.0,152.0,0.967741935483871,249,97.64497484173118,0.008461131676361755,105,293.96400986630937,3.8904835745956072,0.14848783590735687,420.4172446456188,341.9944612110107,0.26419825795811347,0.2751590920492172,62.8947,0.999659,0.6097169421238812,0.9271736962396239,0.9939711452774233,0.70906255411876,247.88793740989416,293.9629164385093,112.44075269263784,8741.0,152.0,8741.0,17.524847067549786
337,16.85,173.56221332502437,202.32357952468328,403.83009218168155,183.8976963625867,0.9739158929546696,243.9221233516289,308.4042218863284,276.4814859773876,276.4814859773876,31.92273590894081,0.10350939981848525,112.44483529761153,112.72222620833435,34.3751220703125,113.49024710813765,112.44483529761153,76.0,0.47540983606557374,8558.0,20994.0,-12436.0,8558.0,9155.0,769.0,0.08399781540141998,2,0,1.45,0.935374149659864,10.679312437190292,5.123691595999745,0.47540983606557374,4.0,8.0,4.0,8.0,36.0,44.0,152.0,0.9508196721311475,248,94.09277362335045,0.008461131676361755,105,293.96400986630937,3.912003474655091,0.0075482812624635045,420.4172446456188,341.9944612110107,0.2664329881465952,0.28676586606726095,63.0075,0.999744,0.6309279955195731,0.9271736962396239,0.993952176875242,0.6659157857967055,244.0002375098762,293.63160355843854,112.44082833195056,8726.0,152.0,8726.0,17.523753639749714
338,16.9,169.64861151414874,202.46611279874767,404.60818025053504,183.9048040519392,0.9784862285838213,247.9080250839636,293.9629164385093,276.4391627987596,276.4391627987596,17.523753639749714,0.05961212336595968,112.436659644059,112.71200238312463,34.3751220703125,113.47963943944896,112.436659644059,80.0,0.4838709677419355,8726.0,21081.5,-12355.5,8726.0,9222.0,680.0,0.07373671654738669,2,0,1.45,0.9459148446490219,7.202863006645476,4.97161885622279,0.4838709677419355,8.0,8.0,8.0,8.0,36.0,44.0,152.0,0.967741935483871,260,97.66097849511225,0.008461131676361755,100,293.96400986630937,3.91619647978808,0.7781205318844174,420.4172446456188,341.9944612110107,0.3007829241488448,0.2751109938853534,63.1203,0.999813,0.6096290440808623,0.9271736962396239,0.9937027243903866,0.6950268583995375,244.0002375098762,292.63928557134915,112.44082833195056,8714.0,152.0,8714.0,16.200122772589566
339,16.95,169.65416984871308,202.49072706416163,404.5400523011237,183.92126562987434,0.9784360705728599,247.88793740989416,293.96400986630937,276.4391627987596,276.4391627987596,17.524847067549786,0.059615621230367066,112.43636653967143,112.71676402842529,33.1689453125,113.44319673260777,112.43636653967143,76.0,0.4838709677419355,8687.0,21080.5,-12393.5,8687.0,9182.0,680.0,0.07405793944674363,2,0,1.45,0.9459148446490219,7.2966650640932365,5.120998818472216,0.4838709677419355,8.0,8.0,8.0,8.0,36.0,44.0,152.0,0.967741935483871,269,97.646688738924,0.0,100,293.9629164385093,0.025234047336841682,0.07008852287721336,420.4172446456188,341.9944612110107,0.30078032333307425,0.2751697307257054,63.2331,0.999868,0.6097363840062424,0.9271837752325741,0.9936937812988852,0.6882689308310229,244.0001302589905,292.63928557134915,112.44082833195056,8689.0,152.0,8689.0,16.200122772589566
340,17.0,173.51833484291626,202.23715530545977,404.2548986932784,183.95127368106452,0.9751991388589882,243.95611713713464,292.27085139812965,276.4391627987596,276.4391627987596,15.831688599370068,0.054167866975568614,112.44075269263784,112.70302409485218,35.5751953125,113.54214634187042,112.44075269263784,80.0,0.47540983606557374,8714.0,20995.0,-12281.0,8714.0,9290.0,768.0,0.08266953713670613,2,0,1.45,0.9448909299655568,9.552319866532136,4.756475118101761,0.47540983606557374,4.0,8.0,4.0,8.0,32.0,44.0,156.0,0.9344262295081968,271,94.16666689843518,0.008461131676361755,99,292.63928557134915,3.8724759184837305,0.28672820440867847,420.4172446456188,341.9944612110107,0.3048076521111954,0.28666646742382873,63.3459,0.999912,0.6307463472915621,0.9393847327881873,0.9938276099585024,0.6929474960707638,244.0001302589905,292.63928557134915,112.44082833195056,8687.0,156.0,8687.0,16.200122772589566
341,17.05,173.51669496584097,202.23874862345613,404.0159259886455,183.97253300878592,0.9752350081037278,244.0001302589905,292.63928557134915,276.4391627987596,276.4391627987596,16.200122772589566,0.05535867387374335,112.4408295432181,112.70397902049963,35.5751953125,113.53582926064985,112.4408295432181,80.0,0.47540983606557374,8682.0,20994.5,-12312.5,8682.0,9255.0,767.0,0.08287412209616424,2,0,1.45,0.9459148446490219,9.568876479522695,4.783156404105841,0.47540983606557374,4.0,8.0,4.0,8.0,32.0,44.0,156.0,0.9344262295081968,277,94.16756211893079,0.0,99,292.63643491666255,0.002286451193358957,0.23991646999470911,420.4172446456188,341.9944612110107,0.30393129849365996,0.2865377720008092,63.4586,0.999945,0.6305111600220241,0.9394110095377706,0.9938299547946777,0.6874025298607005,244.0001302589905,292.63643491666255,112.44079557003504,8683.0,156.0,8683.0,16.19727211790297
342,17.1,173.51672862777076,202.23874816002876,404.01857708845694,183.97245947954414,0.9752376836646499,244.0002375098762,292.63643491666255,276.4391627987596,276.4391627987596,16.19727211790297,0.05534947185409654,112.44082833195056,112.70396308542692,35.5751953125,113.53593526666893,112.44082833195056,80.0,0.47540983606557374,8683.0,20994.5,-12311.5,8683.0,9256.0,767.0,0.08286516853932584,2,0,1.45,0.9459148446490219,9.568598850253037,4.782565182919898,0.47540983606557374,4.0,8.0,4.0,8.0,32.0,44.0,156.0,0.9344262295081968,277,94.16753126082624,0.0,99,292.63643491666255,3.36651196669649e-05,0.0026521192958768444,420.4172446456188,341.9944612110107,0.30393807903066905,0.28653745839664935,63.5714,0.999969,0.6305105869192336,0.9394110095377706,0.9938299178369352,0.687575810054765,243.9719384603884,292.63643491666255,112.44075269263784,8683.0,156.0,8683.0,16.19727211790297
343,17.15,173.51672862777076,202.23874816002876,404.01857708845694,183.97245947954414,0.9752376836646499,244.0002375098762,292.63643491666255,276.4391627987596,276.4391627987596,16.19727211790297,0.05534947185409654,112.44082833195056,112.70396308542692,35.5751953125,113.53593526666893,112.44082833195056,80.0,0.47540983606557374,8683.0,20994.5,-12311.5,8683.0,9256.0,767.0,0.08286516853932584,2,0,1.45,0.9459148446490219,9.568598850253037,4.782565182919898,0.47540983606557374,4.0,8.0,4.0,8.0,32.0,44.0,156.0,0.9344262295081968,277,94.16753126082624,0.0,99,292.62911528507254,0.0,0.0,420.4172446456188,341.9944612110107,0.30393807903066905,0.28653745839664935,63.6842,0.999985,0.6305105869192336,0.9394784803988453,0.9938299178369352,0.687575810054765,243.9719384603884,292.62911528507254,112.44026083319726,8683.0,156.0,8683.0,16.18995248631296
344,17.2,173.5176128263451,202.2387360813199,403.97121344214924,183.9549543912501,0.9752132138615999,243.95438591718272,292.62911528507254,276.4391627987596,276.4391627987596,16.18995248631296,0.055325842989140304,112.44079557003504,112.70354356966071,35.5751953125,113.53871878255626,112.44079557003504,80.0,0.47540983606557374,8689.0,20994.5,-12305.5,8689.0,9263.0,768.0,0.08291050415632084,2,0,1.45,0.9448909299655568,9.561306334906748,4.791077032042001,0.47540983606557374,4.0,8.0,4.0,8.0,32.0,44.0,156.0,0.9344262295081968,277,94.16672067462848,0.0,99,292.62911528507254,0.0008842810718730941,0.05049498101537235,420.4172446456188,341.9944612110107,0.3039554894287515,0.28667152955245434,63.797,0.999994,0.630755598189392,0.9394784803988453,0.9938289182176164,0.6886154912191519,243.9719334869436,292.27085139812965,112.44026083319726,8682.0,156.0,8682.0,15.831688599370068
345,17.25,173.5187943513919,202.20886573152606,404.30493908880277,183.91048828194963,0.9748886716628653,243.9719334869436,291.9895826110189,276.3811976141086,276.3811976141086,15.608384996910274,0.053455280347118994,112.44022131007131,112.69805906799695,33.5751953125,113.57389585289542,112.44022131007131,80.0,0.47540983606557374,8629.0,20994.5,-12365.5,8629.0,9207.0,768.0,0.08341479309221245,2,0,1.45,0.9448909299655568,9.468727217641757,4.659579022470984,0.47540983606557374,4.0,8.0,4.0,8.0,32.0,44.0,156.0,0.9344262295081968,274,94.17719849590029,0.0,99,292.17498358698396,0.029893708338754578,0.33667497992966755,420.4172446456188,341.9944612110107,0.30547667506563647,0.2866202200379705,63.9098,0.999999,0.6306618314933461,0.9436645731460818,0.9938113966122812,0.6782186795752834,243.9719334869436,292.17498358698396,112.44026083319726,8674.0,156.0,8674.0,15.793785972875355
346,17.3,173.5187943513919,202.20886573152606,404.30493908880277,183.91048828194963,0.9748886716628653,243.9719334869436,291.9895826110189,276.3811976141086,276.3811976141086,15.608384996910274,0.053455280347118994,112.44022131007131,112.69805906799695,33.5751953125,113.57389585289542,112.44022131007131,80.0,0.47540983606557374,8629.0,20994.5,-12365.5,8629.0,9207.0,768.0,0.08341479309221245,2,0,1.45,0.9448909299655568,9.468727217641757,4.659579022470984,0.47540983606557374,4.0,8.0,4.0,8.0,32.0,44.0,156.0,0.9344262295081968,274,94.17719849590029,0.0,99,291.9895826110189,0.0,0.0,420.4172446456188,341.9944612110107,0.30547667506563647,0.2866202200379705,64.0226,1.0,0.6306618314933461,0.9453735612746017,0.9938113966122812,0.6782186795752834,243.9719334869436,291.9895826110189,112.44026083319726,8674.0,156.0,8674.0,15.608384996910274
347,17.35,173.51879958552917,202.2088654961547,404.0686285084568,183.91445416047256,0.974885943949598,243.9719384603884,292.17498358698396,276.3811976141086,276.3811976141086,15.793785972875355,0.054055914640526906,112.44022110191797,112.69805744232067,35.5751953125,113.57390596455113,112.44022110191797,80.0,0.47540983606557374,8628.0,20994.5,-12366.5,8628.0,9206.0,768.0,0.08342385400825549,2,0,1.45,0.9448909299655568,9.468700493098869,4.661083336431916,0.47540983606557374,4.0,8.0,4.0,8.0,32.0,44.0,156.0,0.9344262295081968,274,94.17719376162823,0.0,99,291.9895826110189,5.239426740020108e-06,0.23634385664937838,420.4172446456188,341.9944612110107,0.30503568227020217,0.2866202054954988,64.1353,1.0,0.6306618049173875,0.9453735612746017,0.9938113902611844,0.6780453993812189,243.97097733465023,291.9895826110189,112.44026083319726,8674.0,156.0,8674.0,15.608384996910274
348,17.4,173.51850416735866,202.21319680113788,403.6399455722001,183.92525716427778,0.9750513458004539,243.97097733465023,288.7819920827638,276.31430284271266,276.31430284271266,12.46768924005113,0.043173361157775855,112.44026083319726,112.69837083055839,35.5751953125,113.57195341425675,112.44026083319726,80.0,0.47540983606557374,8674.0,20994.5,-12320.5,8674.0,9251.0,768.0,0.08301805210247541,2,0,1.45,0.9448909299655568,9.473859764154984,4.612960938098308,0.47540983606557374,4.0,8.0,4.0,8.0,32.0,44.0,156.0,0.9344262295081968,277,94.17578833063037,0.0,98,288.7819920827638,0.004341367843540835,0.4288190349423766,420.4172446456188,341.9944612110107,0.31310621588278076,0.28662301585018923,64.2481,1.0,0.6306669407616201,0.9749404721573866,0.9938126025271251,0.6860162883081847,243.97097733465023,288.8884954747043,112.44026083319726,8674.0,156.0,8674.0,12.57419263199165
349,17.45,173.51850416735866,202.21319680113788,403.6399455722001,183.92525716427778,0.9750513458004539,243.97097733465023,288.7819920827638,276.31430284271266,276.31430284271266,12.46768924005113,0.043173361157775855,112.44026083319726,112.69837083055839,35.5751953125,113.57195341425675,112.44026083319726,80.0,0.47540983606557374,8674.0,20994.5,-12320.5,8674.0,9251.0,768.0,0.08301805210247541,2,0,1.45,0.9448909299655568,9.473859764154984,4.612960938098308,0.47540983606557374,4.0,8.0,4.0,8.0,32.0,44.0,156.0,0.9344262295081968,277,94.17578833063037,0.0,98,288.7819920827638,0.0,0.0,420.4172446456188,341.9944612110107,0.31310621588278076,0.28662301585018923,64.3609,1.0,0.6306669407616201,0.9749404721573866,0.9938126025271251,0.6860162883081847,243.97097733465023,288.7819920827638,112.44026083319726,8674.0,156.0,8674.0,12.46768924005113
350,17.5,173.51850416735866,202.21319680113788,403.6399455722001,183.92525716427778,0.9750513458004539,243.97097733465023,288.7819920827638,276.31430284271266,276.31430284271266,12.46768924005113,0.043173361157775855,112.44026083319726,112.69837083055839,35.5751953125,113.57195341425675,112.44026083319726,80.0,0.47540983606557374,8674.0,20994.5,-12320.5,8674.0,9251.0,768.0,0.08301805210247541,2,0,1.45,0.9448909299655568,9.473859764154984,4.612960938098308,0.47540983606557374,4.0,8.0,4.0,8.0,32.0,44.0,156.0,0.9344262295081968,277,94.17578833063037,0.0,98,288.7819920827638,0.0,0.0,420.4172446456188,341.9944612110107,0.31310621588278076,0.28662301585018923,64.4737,1.0,0.6306669407616201,0.9749404721573866,0.9938126025271251,0.6860162883081847,243.97097733465023,288.7819920827638,112.44026083319726,8674.0,156.0,8674.0,12.46768924005113
351,17.55,173.51850416735866,202.21319680113788,403.6399455722001,183.92525716427778,0.9750513458004539,243.97097733465023,288.7819920827638,276.31430284271266,276.31430284271266,12.46768924005113,0.043173361157775855,112.44026083319726,112.69837083055839,35.5751953125,113.57195341425675,112.44026083319726,80.0,0.47540983606557374,8674.0,20994.5,-12320.5,8674.0,9251.0,768.0,0.08301805210247541,2,0,1.45,0.9448909299655568,9.473859764154984,4.612960938098308,0.47540983606557374,4.0,8.0,4.0,8.0,32.0,44.0,156.0,0.9344262295081968,277,94.17578833063037,0.0,98,288.7819920827638,0.0,0.0,420.4172446456188,341.9944612110107,0.31310621588278076,0.28662301585018923,64.5865,1.0,0.6306669407616201,0.9749404721573866,0.9938126025271251,0.6860162883081847,243.97097733465023,288.7819920827638,112.44026083319726,8674.0,156.0,8674.0,12.46768924005113
352,17.6,173.51971802729594,202.2338791680171,403.6124015287314,183.9260799072134,0.975018908698001,243.96996921762687,288.77504801063503,276.31430284271266,276.31430284271266,12.460745167922369,0.043150352683738326,112.44030144288018,112.69869787127146,35.5751953125,113.56990871822495,112.44030144288018,80.0,0.47540983606557374,8677.0,20994.5,-12317.5,8677.0,9255.0,768.0,0.08298217179902755,2,0,1.45,0.9448909299655568,9.479259907815159,4.619055226497403,0.47540983606557374,4.0,8.0,4.0,8.0,32.0,44.0,156.0,0.9344262295081968,278,94.16665990849653,0.0,98,288.7819920827638,0.02071795732387105,0.027556328429982572,420.4172446456188,341.9944612110107,0.3131227329791112,0.28662596360852366,64.6992,1.0,0.6306723277071514,0.9749404721573866,0.9938138415945892,0.6865361288903782,243.97097733465023,288.7819920827638,112.44026083319726,8674.0,156.0,8674.0,12.46768924005113
353,17.65,173.5175551554219,202.18279044634744,403.6140331294606,183.9265536798607,0.9749540391478317,243.9731231254384,288.8884954747043,276.31430284271266,276.31430284271266,12.57419263199165,0.043526110693088066,112.440170758069,112.69766901354015,35.5751953125,113.57631691808132,112.440170758069,80.0,0.47540983606557374,8668.0,20993.5,-12325.5,8668.0,9247.0,768.0,0.08305396344760463,2,0,1.45,0.9448909299655568,9.462326612020501,4.619562920898451,0.47540983606557374,4.0,8.0,4.0,8.0,32.0,44.0,156.0,0.9344262295081968,278,94.18844499204587,0.0,98,288.7796279511733,0.05113448441691058,0.0016989942497838333,420.4172446456188,341.9944612110107,0.3128528880440755,0.28661674150650374,64.812,1.0,0.6306554745748288,0.9749622642369662,0.9938098541884849,0.6849766071437978,243.96996921762687,288.7796279511733,112.44030144288018,8675.0,156.0,8675.0,12.46532510846066
354,17.7,173.51946911514287,202.23388744531366,403.6263632754044,183.92203556888774,0.9750135091321733,243.9697320121375,288.7796279511733,276.31430284271266,276.31430284271266,12.46532510846066,0.043165527973352366,112.4403108405627,112.69877457523208,35.5751953125,113.56942810168715,112.4403108405627,80.0,0.47540983606557374,8675.0,20993.5,-12318.5,8675.0,9253.0,768.0,0.08300010807305738,2,0,1.45,0.9448909299655568,9.480528853322863,4.62253513308941,0.47540983606557374,4.0,8.0,4.0,8.0,32.0,44.0,156.0,0.9344262295081968,278,94.16688620400897,0.0,98,288.7796279511733,0.05113283236010881,0.01313186299651116,420.4172446456188,341.9944612110107,0.31311183918111263,0.2866266572030588,64.9248,1.0,0.6306735952316761,0.9749622642369662,0.9938141283331651,0.6861895685022492,243.9697320121375,288.7796279511733,112.4403108405627,8675.0,156.0,8675.0,12.46532510846066
355,17.75,173.51946911514287,202.23388744531366,403.6263632754044,183.92203556888774,0.9750135091321733,243.9697320121375,288.7796279511733,276.31430284271266,276.31430284271266,12.46532510846066,0.043165527973352366,112.4403108405627,112.69877457523208,35.5751953125,113.56942810168715,112.4403108405627,80.0,0.47540983606557374,8675.0,20993.5,-12318.5,8675.0,9253.0,768.0,0.08300010807305738,2,0,1.45,0.9448909299655568,9.480528853322863,4.62253513308941,0.47540983606557374,4.0,8.0,4.0,8.0,32.0,44.0,156.0,0.9344262295081968,278,94.16688620400897,0.0,98,288.77504801063503,0.0,0.0,420.4172446456188,341.9944612110107,0.31311183918111263,0.2866266572030588,65.0376,1.0,0.6306735952316761,0.9750044811884603,0.9938141283331651,0.6861895685022492,243.9697320121375,288.77504801063503,112.4403108405627,8677.0,156.0,8677.0,12.460745167922369
356,17.8,173.51853594149574,202.2339226181319,404.7328297260319,183.89836916975702,0.9749783923941227,243.96872376214608,281.76240012095576,276.31430284271266,276.31430284271266,5.448097278243097,0.019335785313811645,112.44035011899288,112.6990995618782,34.3751220703125,113.56738730379797,112.44035011899288,80.0,0.47540983606557374,8677.0,20993.5,-12316.5,8677.0,9256.0,768.0,0.08297320656871218,2,0,1.45,0.9448909299655568,9.485915422879224,4.623541740421272,0.47540983606557374,4.0,8.0,4.0,8.0,32.0,44.0,156.0,0.9344262295081968,280,94.16773298543696,0.0,96,281.76240012095576,0.0009338362719642275,1.1067195240041992,420.4172446456188,341.9944612110107,0.3298029428872238,0.2866296053501951,65.1504,1.0,0.6306789828877318,1.0,0.9938153267819431,0.6865361288903782,243.96872376214608,281.76240012095576,112.44035011899288,8677.0,156.0,8677.0,5.448097278243097
357,17.85,173.51853594149574,202.2339226181319,404.7328297260319,183.89836916975702,0.9749783923941227,243.96872376214608,281.76240012095576,276.31430284271266,276.31430284271266,5.448097278243097,0.019335785313811645,112.44035011899288,112.6990995618782,34.3751220703125,113.56738730379797,112.44035011899288,80.0,0.47540983606557374,8677.0,20993.5,-12316.5,8677.0,9256.0,768.0,0.08297320656871218,2,0,1.45,0.9448909299655568,9.485915422879224,4.623541740421272,0.47540983606557374,4.0,8.0,4.0,8.0,32.0,44.0,156.0,0.9344262295081968,280,94.16773298543696,0.0,96,281.76240012095576,0.0,0.0,420.4172446456188,341.9944612110107,0.3298029428872238,0.2866296053501951,65.2632,1.0,0.6306789828877318,1.0,0.9938153267819431,0.6865361288903782,243.96872376214608,281.76240012095576,112.44035011899288,8677.0,156.0,8677.0,5.448097278243097
358,17.9,173.51853594149574,202.2339226181319,404.7328297260319,183.89836916975702,0.9749783923941227,243.96872376214608,281.76240012095576,276.31430284271266,276.31430284271266,5.448097278243097,0.019335785313811645,112.44035011899288,112.6990995618782,34.3751220703125,113.56738730379797,112.44035011899288,80.0,0.47540983606557374,8677.0,20993.5,-12316.5,8677.0,9256.0,768.0,0.08297320656871218,2,0,1.45,0.9448909299655568,9.485915422879224,4.623541740421272,0.47540983606557374,4.0,8.0,4.0,8.0,32.0,44.0,156.0,0.9344262295081968,280,94.16773298543696,0.0,96,281.76240012095576,0.0,0.0,420.4172446456188,341.9944612110107,0.3298029428872238,0.2866296053501951,65.3759,1.0,0.6306789828877318,1.0,0.9938153267819431,0.6865361288903782,243.96872376214608,281.76240012095576,112.44035011899288,8677.0,156.0,8677.0,5.448097278243097
359,17.95,173.51853594149574,202.2339226181319,404.7328297260319,183.89836916975702,0.9749783923941227,243.96872376214608,281.76240012095576,276.31430284271266,276.31430284271266,5.448097278243097,0.019335785313811645,112.44035011899288,112.6990995618782,34.3751220703125,113.56738730379797,112.44035011899288,80.0,0.47540983606557374,8677.0,20993.5,-12316.5,8677.0,9256.0,768.0,0.08297320656871218,2,0,1.45,0.9448909299655568,9.485915422879224,4.623541740421272,0.47540983606557374,4.0,8.0,4.0,8.0,32.0,44.0,156.0,0.9344262295081968,280,94.16773298543696,0.0,96,281.76240012095576,0.0,0.0,420.4172446456188,341.9944612110107,0.3298029428872238,0.2866296053501951,65.4887,1.0,0.6306789828877318,1.0,0.9938153267819431,0.6865361288903782,243.96872376214608,281.76240012095576,112.44035011899288,8677.0,156.0,8677.0,5.448097278243097
360,18.0,173.51853594149574,202.2339226181319,404.7328297260319,183.89836916975702,0.9749783923941227,243.96872376214608,281.76240012095576,276.31430284271266,276.31430284271266,5.448097278243097,0.019335785313811645,112.44035011899288,112.6990995618782,34.3751220703125,113.56738730379797,112.44035011899288,80.0,0.47540983606557374,8677.0,20993.5,-12316.5,8677.0,9256.0,768.0,0.08297320656871218,2,0,1.45,0.9448909299655568,9.485915422879224,4.623541740421272,0.47540983606557374,4.0,8.0,4.0,8.0,32.0,44.0,156.0,0.9344262295081968,280,94.16773298543696,0.0,96,281.76240012095576,0.0,0.0,420.4172446456188,341.9944612110107,0.3298029428872238,0.2866296053501951,65.6015,1.0,0.6306789828877318,1.0,0.9938153267819431,0.6865361288903782,243.96872376214608,281.76240012095576,112.44035011899288,8677.0,156.0,8677.0,5.448097278243097
361,18.05,173.51853594149574,202.2339226181319,404.7328297260319,183.89836916975702,0.9749783923941227,243.96872376214608,281.76240012095576,276.31430284271266,276.31430284271266,5.448097278243097,0.019335785313811645,112.44035011899288,112.6990995618782,34.3751220703125,113.56738730379797,112.44035011899288,80.0,0.47540983606557374,8677.0,20993.5,-12316.5,8677.0,9256.0,768.0,0.08297320656871218,2,0,1.45,0.9448909299655568,9.485915422879224,4.623541740421272,0.47540983606557374,4.0,8.0,4.0,8.0,32.0,44.0,156.0,0.9344262295081968,280,94.16773298543696,0.0,96,281.76240012095576,0.0,0.0,420.4172446456188,341.9944612110107,0.3298029428872238,0.2866296053501951,65.7143,1.0,0.6306789828877318,1.0,0.9938153267819431,0.6865361288903782,243.96872376214608,281.76240012095576,112.44035011899288,8677.0,156.0,8677.0,5.448097278243097
362,18.1,173.51853594149574,202.2339226181319,404.7328297260319,183.89836916975702,0.9749783923941227,243.96872376214608,281.76240012095576,276.31430284271266,276.31430284271266,5.448097278243097,0.019335785313811645,112.44035011899288,112.6990995618782,34.3751220703125,113.56738730379797,112.44035011899288,80.0,0.47540983606557374,8677.0,20993.5,-12316.5,8677.0,9256.0,768.0,0.08297320656871218,2,0,1.45,0.9448909299655568,9.485915422879224,4.623541740421272,0.47540983606557374,4.0,8.0,4.0,8.0,32.0,44.0,156.0,0.9344262295081968,280,94.16773298543696,0.0,96,281.76240012095576,0.0,0.0,420.4172446456188,341.9944612110107,0.3298029428872238,0.2866296053501951,65.8271,1.0,0.6306789828877318,1.0,0.9938153267819431,0.6865361288903782,243.96872376214608,281.76240012095576,112.44035011899288,8677.0,156.0,8677.0,5.448097278243097
363,18.15,173.51853594149574,202.2339226181319,404.7328297260319,183.89836916975702,0.9749783923941227,243.96872376214608,281.76240012095576,276.31430284271266,276.31430284271266,5.448097278243097,0.019335785313811645,112.44035011899288,112.6990995618782,34.3751220703125,113.56738730379797,112.44035011899288,80.0,0.47540983606557374,8677.0,20993.5,-12316.5,8677.0,9256.0,768.0,0.08297320656871218,2,0,1.45,0.9448909299655568,9.485915422879224,4.623541740421272,0.47540983606557374,4.0,8.0,4.0,8.0,32.0,44.0,156.0,0.9344262295081968,280,94.16773298543696,0.0,96,281.76240012095576,0.0,0.0,420.4172446456188,341.9944612110107,0.3298029428872238,0.2866296053501951,65.9398,1.0,0.6306789828877318,1.0,0.9938153267819431,0.6865361288903782,243.96872376214608,281.76240012095576,112.44035011899288,8677.0,156.0,8677.0,5.448097278243097
364,18.2,173.51853594149574,202.2339226181319,404.7328297260319,183.89836916975702,0.9749783923941227,243.96872376214608,281.76240012095576,276.31430284271266,276.31430284271266,5.448097278243097,0.019335785313811645,112.44035011899288,112.6990995618782,34.3751220703125,113.56738730379797,112.44035011899288,80.0,0.47540983606557374,8677.0,20993.5,-12316.5,8677.0,9256.0,768.0,0.08297320656871218,2,0,1.45,0.9448909299655568,9.485915422879224,4.623541740421272,0.47540983606557374,4.0,8.0,4.0,8.0,32.0,44.0,156.0,0.9344262295081968,280,94.16773298543696,0.0,96,281.76240012095576,0.0,0.0,420.4172446456188,341.9944612110107,0.3298029428872238,0.2866296053501951,66.0526,1.0,0.6306789828877318,1.0,0.9938153267819431,0.6865361288903782,243.96872376214608,281.76240012095576,112.44035011899288,8677.0,156.0,8677.0,5.448097278243097
365,18.25,173.51853594149574,202.2339226181319,404.7328297260319,183.89836916975702,0.9749783923941227,243.96872376214608,281.76240012095576,276.31430284271266,276.31430284271266,5.448097278243097,0.019335785313811645,112.44035011899288,112.6990995618782,34.3751220703125,113.56738730379797,112.44035011899288,80.0,0.47540983606557374,8677.0,20993.5,-12316.5,8677.0,9256.0,768.0,0.08297320656871218,2,0,1.45,0.9448909299655568,9.485915422879224,4.623541740421272,0.47540983606557374,4.0,8.0,4.0,8.0,32.0,44.0,156.0,0.9344262295081968,280,94.16773298543696,0.0,96,281.76240012095576,0.0,0.0,420.4172446456188,341.9944612110107,0.3298029428872238,0.2866296053501951,66.1654,1.0,0.6306789828877318,1.0,0.9938153267819431,0.6865361288903782,243.96872376214608,281.76240012095576,112.44035011899288,8677.0,156.0,8677.0,5.448097278243097
366,18.3,173.51853594149574,202.2339226181319,404.7328297260319,183.89836916975702,0.9749783923941227,243.96872376214608,281.76240012095576,276.31430284271266,276.31430284271266,5.448097278243097,0.019335785313811645,112.44035011899288,112.6990995618782,34.3751220703125,113.56738730379797,112.44035011899288,80.0,0.47540983606557374,8677.0,20993.5,-12316.5,8677.0,9256.0,768.0,0.08297320656871218,2,0,1.45,0.9448909299655568,9.485915422879224,4.623541740421272,0.47540983606557374,4.0,8.0,4.0,8.0,32.0,44.0,156.0,0.9344262295081968,280,94.16773298543696,0.0,96,281.76240012095576,0.0,0.0,420.4172446456188,341.9944612110107,0.3298029428872238,0.2866296053501951,66.2782,1.0,0.6306789828877318,1.0,0.9938153267819431,0.6865361288903782,243.96872376214608,281.76240012095576,112.44035011899288,8677.0,156.0,8677.0,5.448097278243097
367,18.35,173.51853594149574,202.2339226181319,404.7328297260319,183.89836916975702,0.9749783923941227,243.96872376214608,281.76240012095576,276.31430284271266,276.31430284271266,5.448097278243097,0.019335785313811645,112.44035011899288,112.6990995618782,34.3751220703125,113.56738730379797,112.44035011899288,80.0,0.47540983606557374,8677.0,20993.5,-12316.5,8677.0,9256.0,768.0,0.08297320656871218,2,0,1.45,0.9448909299655568,9.485915422879224,4.623541740421272,0.47540983606557374,4.0,8.0,4.0,8.0,32.0,44.0,156.0,0.9344262295081968,280,94.16773298543696,0.0,96,281.76240012095576,0.0,0.0,420.4172446456188,341.9944612110107,0.3298029428872238,0.2866296053501951,66.391,1.0,0.6306789828877318,1.0,0.9938153267819431,0.6865361288903782,243.96872376214608,281.76240012095576,112.44035011899288,8677.0,156.0,8677.0,5.448097278243097
368,18.4,173.51853594149574,202.2339226181319,404.7328297260319,183.89836916975702,0.9749783923941227,243.96872376214608,281.76240012095576,276.31430284271266,276.31430284271266,5.448097278243097,0.019335785313811645,112.44035011899288,112.6990995618782,34.3751220703125,113.56738730379797,112.44035011899288,80.0,0.47540983606557374,8677.0,20993.5,-12316.5,8677.0,9256.0,768.0,0.08297320656871218,2,0,1.45,0.9448909299655568,9.485915422879224,4.623541740421272,0.47540983606557374,4.0,8.0,4.0,8.0,32.0,44.0,156.0,0.9344262295081968,280,94.16773298543696,0.0,96,281.76240012095576,0.0,0.0,420.4172446456188,341.9944612110107,0.3298029428872238,0.2866296053501951,66.5038,1.0,0.6306789828877318,1.0,0.9938153267819431,0.6865361288903782,243.96872376214608,281.76240012095576,112.44035011899288,8677.0,156.0,8677.0,5.448097278243097
369,18.45,173.51853594149574,202.2339226181319,404.7328297260319,183.89836916975702,0.9749783923941227,243.96872376214608,281.76240012095576,276.31430284271266,276.31430284271266,5.448097278243097,0.019335785313811645,112.44035011899288,112.6990995618782,34.3751220703125,113.56738730379797,112.44035011899288,80.0,0.47540983606557374,8677.0,20993.5,-12316.5,8677.0,9256.0,768.0,0.08297320656871218,2,0,1.45,0.9448909299655568,9.485915422879224,4.623541740421272,0.47540983606557374,4.0,8.0,4.0,8.0,32.0,44.0,156.0,0.9344262295081968,280,94.16773298543696,0.0,96,281.76240012095576,0.0,0.0,420.4172446456188,341.9944612110107,0.3298029428872238,0.2866296053501951,66.6165,1.0,0.6306789828877318,1.0,0.9938153267819431,0.6865361288903782,243.96872376214608,281.76240012095576,112.44035011899288,8677.0,156.0,8677.0,5.448097278243097
370,18.5,173.51853594149574,202.2339226181319,404.7328297260319,183.89836916975702,0.9749783923941227,243.96872376214608,281.76240012095576,276.31430284271266,276.31430284271266,5.448097278243097,0.019335785313811645,112.44035011899288,112.6990995618782,34.3751220703125,113.56738730379797,112.44035011899288,80.0,0.47540983606557374,8677.0,20993.5,-12316.5,8677.0,9256.0,768.0,0.08297320656871218,2,0,1.45,0.9448909299655568,9.485915422879224,4.623541740421272,0.47540983606557374,4.0,8.0,4.0,8.0,32.0,44.0,156.0,0.9344262295081968,280,94.16773298543696,0.0,96,281.76240012095576,0.0,0.0,420.4172446456188,341.9944612110107,0.3298029428872238,0.2866296053501951,66.7293,1.0,0.6306789828877318,1.0,0.9938153267819431,0.6865361288903782,243.96872376214608,281.76240012095576,112.44035011899288,8677.0,156.0,8677.0,5.448097278243097
371,18.55,173.51853594149574,202.2339226181319,404.7328297260319,183.89836916975702,0.9749783923941227,243.96872376214608,281.76240012095576,276.31430284271266,276.31430284271266,5.448097278243097,0.019335785313811645,112.44035011899288,112.6990995618782,34.3751220703125,113.56738730379797,112.44035011899288,80.0,0.47540983606557374,8677.0,20993.5,-12316.5,8677.0,9256.0,768.0,0.08297320656871218,2,0,1.45,0.9448909299655568,9.485915422879224,4.623541740421272,0.47540983606557374,4.0,8.0,4.0,8.0,32.0,44.0,156.0,0.9344262295081968,280,94.16773298543696,0.0,96,281.76240012095576,0.0,0.0,420.4172446456188,341.9944612110107,0.3298029428872238,0.2866296053501951,66.8421,1.0,0.6306789828877318,1.0,0.9938153267819431,0.6865361288903782,243.96872376214608,281.76240012095576,112.44035011899288,8677.0,156.0,8677.0,5.448097278243097
372,18.6,173.51853594149574,202.2339226181319,404.7328297260319,183.89836916975702,0.9749783923941227,243.96872376214608,281.76240012095576,276.31430284271266,276.31430284271266,5.448097278243097,0.019335785313811645,112.44035011899288,112.6990995618782,34.3751220703125,113.56738730379797,112.44035011899288,80.0,0.47540983606557374,8677.0,20993.5,-12316.5,8677.0,9256.0,768.0,0.08297320656871218,2,0,1.45,0.9448909299655568,9.485915422879224,4.623541740421272,0.47540983606557374,4.0,8.0,4.0,8.0,32.0,44.0,156.0,0.9344262295081968,280,94.16773298543696,0.0,96,281.76240012095576,0.0,0.0,420.4172446456188,341.9944612110107,0.3298029428872238,0.2866296053501951,66.9549,1.0,0.6306789828877318,1.0,0.9938153267819431,0.6865361288903782,243.96872376214608,281.76240012095576,112.44035011899288,8677.0,156.0,8677.0,5.448097278243097
373,18.65,173.51853594149574,202.2339226181319,404.7328297260319,183.89836916975702,0.9749783923941227,243.96872376214608,281.76240012095576,276.31430284271266,276.31430284271266,5.448097278243097,0.019335785313811645,112.44035011899288,112.6990995618782,34.3751220703125,113.56738730379797,112.44035011899288,80.0,0.47540983606557374,8677.0,20993.5,-12316.5,8677.0,9256.0,768.0,0.08297320656871218,2,0,1.45,0.9448909299655568,9.485915422879224,4.623541740421272,0.47540983606557374,4.0,8.0,4.0,8.0,32.0,44.0,156.0,0.9344262295081968,280,94.16773298543696,0.0,96,281.76240012095576,0.0,0.0,420.4172446456188,341.9944612110107,0.3298029428872238,0.2866296053501951,67.0677,1.0,0.6306789828877318,1.0,0.9938153267819431,0.6865361288903782,243.96872376214608,281.76240012095576,112.44035011899288,8677.0,156.0,8677.0,5.448097278243097
374,18.7,173.51853594149574,202.2339226181319,404.7328297260319,183.89836916975702,0.9749783923941227,243.96872376214608,281.76240012095576,276.31430284271266,276.31430284271266,5.448097278243097,0.019335785313811645,112.44035011899288,112.6990995618782,34.3751220703125,113.56738730379797,112.44035011899288,80.0,0.47540983606557374,8677.0,20993.5,-12316.5,8677.0,9256.0,768.0,0.08297320656871218,2,0,1.45,0.9448909299655568,9.485915422879224,4.623541740421272,0.47540983606557374,4.0,8.0,4.0,8.0,32.0,44.0,156.0,0.9344262295081968,280,94.16773298543696,0.0,96,281.76240012095576,0.0,0.0,420.4172446456188,341.9944612110107,0.3298029428872238,0.2866296053501951,67.1805,1.0,0.6306789828877318,1.0,0.9938153267819431,0.6865361288903782,243.96872376214608,281.76240012095576,112.44035011899288,8677.0,156.0,8677.0,5.448097278243097
375,18.75,173.51853594149574,202.2339226181319,404.7328297260319,183.89836916975702,0.9749783923941227,243.96872376214608,281.76240012095576,276.31430284271266,276.31430284271266,5.448097278243097,0.019335785313811645,112.44035011899288,112.6990995618782,34.3751220703125,113.56738730379797,112.44035011899288,80.0,0.47540983606557374,8677.0,20993.5,-12316.5,8677.0,9256.0,768.0,0.08297320656871218,2,0,1.45,0.9448909299655568,9.485915422879224,4.623541740421272,0.47540983606557374,4.0,8.0,4.0,8.0,32.0,44.0,156.0,0.9344262295081968,280,94.16773298543696,0.0,96,281.76240012095576,0.0,0.0,420.4172446456188,341.9944612110107,0.3298029428872238,0.2866296053501951,67.2932,1.0,0.6306789828877318,1.0,0.9938153267819431,0.6865361288903782,243.96872376214608,281.76240012095576,112.44035011899288,8677.0,156.0,8677.0,5.448097278243097
376,18.8,173.51853594149574,202.2339226181319,404.7328297260319,183.89836916975702,0.9749783923941227,243.96872376214608,281.76240012095576,276.31430284271266,276.31430284271266,5.448097278243097,0.019335785313811645,112.44035011899288,112.6990995618782,34.3751220703125,113.56738730379797,112.44035011899288,80.0,0.47540983606557374,8677.0,20993.5,-12316.5,8677.0,9256.0,768.0,0.08297320656871218,2,0,1.45,0.9448909299655568,9.485915422879224,4.623541740421272,0.47540983606557374,4.0,8.0,4.0,8.0,32.0,44.0,156.0,0.9344262295081968,280,94.16773298543696,0.0,96,281.76240012095576,0.0,0.0,420.4172446456188,341.9944612110107,0.3298029428872238,0.2866296053501951,67.406,1.0,0.6306789828877318,1.0,0.9938153267819431,0.6865361288903782,243.96872376214608,281.76240012095576,112.44035011899288,8677.0,156.0,8677.0,5.448097278243097
377,18.85,173.51853594149574,202.2339226181319,404.7328297260319,183.89836916975702,0.9749783923941227,243.96872376214608,281.76240012095576,276.31430284271266,276.31430284271266,5.448097278243097,0.019335785313811645,112.44035011899288,112.6990995618782,34.3751220703125,113.56738730379797,112.44035011899288,80.0,0.47540983606557374,8677.0,20993.5,-12316.5,8677.0,9256.0,768.0,0.08297320656871218,2,0,1.45,0.9448909299655568,9.485915422879224,4.623541740421272,0.47540983606557374,4.0,8.0,4.0,8.0,32.0,44.0,156.0,0.9344262295081968,280,94.16773298543696,0.0,96,281.76240012095576,0.0,0.0,420.4172446456188,341.9944612110107,0.3298029428872238,0.2866296053501951,67.5188,1.0,0.6306789828877318,1.0,0.9938153267819431,0.6865361288903782,243.96872376214608,281.76240012095576,112.44035011899288,8677.0,156.0,8677.0,5.448097278243097
378,18.9,173.51853594149574,202.2339226181319,404.7328297260319,183.89836916975702,0.9749783923941227,243.96872376214608,281.76240012095576,276.31430284271266,276.31430284271266,5.448097278243097,0.019335785313811645,112.44035011899288,112.6990995618782,34.3751220703125,113.56738730379797,112.44035011899288,80.0,0.47540983606557374,8677.0,20993.5,-12316.5,8677.0,9256.0,768.0,0.08297320656871218,2,0,1.45,0.9448909299655568,9.485915422879224,4.623541740421272,0.47540983606557374,4.0,8.0,4.0,8.0,32.0,44.0,156.0,0.9344262295081968,280,94.16773298543696,0.0,96,281.76240012095576,0.0,0.0,420.4172446456188,341.9944612110107,0.3298029428872238,0.2866296053501951,67.6316,1.0,0.6306789828877318,1.0,0.9938153267819431,0.6865361288903782,243.96872376214608,281.76240012095576,112.44035011899288,8677.0,156.0,8677.0,5.448097278243097
379,18.95,173.51853594149574,202.2339226181319,404.7328297260319,183.89836916975702,0.9749783923941227,243.96872376214608,281.76240012095576,276.31430284271266,276.31430284271266,5.448097278243097,0.019335785313811645,112.44035011899288,112.6990995618782,34.3751220703125,113.56738730379797,112.44035011899288,80.0,0.47540983606557374,8677.0,20993.5,-12316.5,8677.0,9256.0,768.0,0.08297320656871218,2,0,1.45,0.9448909299655568,9.485915422879224,4.623541740421272,0.47540983606557374,4.0,8.0,4.0,8.0,32.0,44.0,156.0,0.9344262295081968,280,94.16773298543696,0.0,96,281.76240012095576,0.0,0.0,420.4172446456188,341.9944612110107,0.3298029428872238,0.2866296053501951,67.7444,1.0,0.6306789828877318,1.0,0.9938153267819431,0.6865361288903782,243.96872376214608,281.76240012095576,112.44035011899288,8677.0,156.0,8677.0,5.448097278243097
380,19.0,173.51853594149574,202.2339226181319,404.7328297260319,183.89836916975702,0.9749783923941227,243.96872376214608,281.76240012095576,276.31430284271266,276.31430284271266,5.448097278243097,0.019335785313811645,112.44035011899288,112.6990995618782,34.3751220703125,113.56738730379797,112.44035011899288,80.0,0.47540983606557374,8677.0,20993.5,-12316.5,8677.0,9256.0,768.0,0.08297320656871218,2,0,1.45,0.9448909299655568,9.485915422879224,4.623541740421272,0.47540983606557374,4.0,8.0,4.0,8.0,32.0,44.0,156.0,0.9344262295081968,280,94.16773298543696,0.0,96,281.76240012095576,0.0,0.0,420.4172446456188,341.9944612110107,0.3298029428872238,0.2866296053501951,67.8571,1.0,0.6306789828877318,1.0,0.9938153267819431,0.6865361288903782,243.96872376214608,281.76240012095576,112.44035011899288,8677.0,156.0,8677.0,5.448097278243097
381,19.05,173.51853594149574,202.2339226181319,404.7328297260319,183.89836916975702,0.9749783923941227,243.96872376214608,281.76240012095576,276.31430284271266,276.31430284271266,5.448097278243097,0.019335785313811645,112.44035011899288,112.6990995618782,34.3751220703125,113.56738730379797,112.44035011899288,80.0,0.47540983606557374,8677.0,20993.5,-12316.5,8677.0,9256.0,768.0,0.08297320656871218,2,0,1.45,0.9448909299655568,9.485915422879224,4.623541740421272,0.47540983606557374,4.0,8.0,4.0,8.0,32.0,44.0,156.0,0.9344262295081968,280,94.16773298543696,0.0,96,281.76240012095576,0.0,0.0,420.4172446456188,341.9944612110107,0.3298029428872238,0.2866296053501951,67.9699,1.0,0.6306789828877318,1.0,0.9938153267819431,0.6865361288903782,243.96872376214608,281.76240012095576,112.44035011899288,8677.0,156.0,8677.0,5.448097278243097
382,19.1,173.51853594149574,202.2339226181319,404.7328297260319,183.89836916975702,0.9749783923941227,243.96872376214608,281.76240012095576,276.31430284271266,276.31430284271266,5.448097278243097,0.019335785313811645,112.44035011899288,112.6990995618782,34.3751220703125,113.56738730379797,112.44035011899288,80.0,0.47540983606557374,8677.0,20993.5,-12316.5,8677.0,9256.0,768.0,0.08297320656871218,2,0,1.45,0.9448909299655568,9.485915422879224,4.623541740421272,0.47540983606557374,4.0,8.0,4.0,8.0,32.0,44.0,156.0,0.9344262295081968,280,94.16773298543696,0.0,96,281.76240012095576,0.0,0.0,420.4172446456188,341.9944612110107,0.3298029428872238,0.2866296053501951,68.0827,1.0,0.6306789828877318,1.0,0.9938153267819431,0.6865361288903782,243.96872376214608,281.76240012095576,112.44035011899288,8677.0,156.0,8677.0,5.448097278243097
383,19.15,173.51853594149574,202.2339226181319,404.7328297260319,183.89836916975702,0.9749783923941227,243.96872376214608,281.76240012095576,276.31430284271266,276.31430284271266,5.448097278243097,0.019335785313811645,112.44035011899288,112.6990995618782,34.3751220703125,113.56738730379797,112.44035011899288,80.0,0.47540983606557374,8677.0,20993.5,-12316.5,8677.0,9256.0,768.0,0.08297320656871218,2,0,1.45,0.9448909299655568,9.485915422879224,4.623541740421272,0.47540983606557374,4.0,8.0,4.0,8.0,32.0,44.0,156.0,0.9344262295081968,280,94.16773298543696,0.0,96,281.76240012095576,0.0,0.0,420.4172446456188,341.9944612110107,0.3298029428872238,0.2866296053501951,68.1955,1.0,0.6306789828877318,1.0,0.9938153267819431,0.6865361288903782,243.96872376214608,281.76240012095576,112.44035011899288,8677.0,156.0,8677.0,5.448097278243097
384,19.2,173.51853594149574,202.2339226181319,404.7328297260319,183.89836916975702,0.9749783923941227,243.96872376214608,281.76240012095576,276.31430284271266,276.31430284271266,5.448097278243097,0.019335785313811645,112.44035011899288,112.6990995618782,34.3751220703125,113.56738730379797,112.44035011899288,80.0,0.47540983606557374,8677.0,20993.5,-12316.5,8677.0,9256.0,768.0,0.08297320656871218,2,0,1.45,0.9448909299655568,9.485915422879224,4.623541740421272,0.47540983606557374,4.0,8.0,4.0,8.0,32.0,44.0,156.0,0.9344262295081968,280,94.16773298543696,0.0,96,281.76240012095576,0.0,0.0,420.4172446456188,341.9944612110107,0.3298029428872238,0.2866296053501951,68.3083,1.0,0.6306789828877318,1.0,0.9938153267819431,0.6865361288903782,243.96872376214608,281.76240012095576,112.44035011899288,8677.0,156.0,8677.0,5.448097278243097
385,19.25,173.51853594149574,202.2339226181319,404.7328297260319,183.89836916975702,0.9749783923941227,243.96872376214608,281.76240012095576,276.31430284271266,276.31430284271266,5.448097278243097,0.019335785313811645,112.44035011899288,112.6990995618782,34.3751220703125,113.56738730379797,112.44035011899288,80.0,0.47540983606557374,8677.0,20993.5,-12316.5,8677.0,9256.0,768.0,0.08297320656871218,2,0,1.45,0.9448909299655568,9.485915422879224,4.623541740421272,0.47540983606557374,4.0,8.0,4.0,8.0,32.0,44.0,156.0,0.9344262295081968,280,94.16773298543696,0.0,96,281.76240012095576,0.0,0.0,420.4172446456188,341.9944612110107,0.3298029428872238,0.2866296053501951,68.4211,1.0,0.6306789828877318,1.0,0.9938153267819431,0.6865361288903782,243.96872376214608,281.76240012095576,112.44035011899288,8677.0,156.0,8677.0,5.448097278243097
386,19.3,173.51853594149574,202.2339226181319,404.7328297260319,183.89836916975702,0.9749783923941227,243.96872376214608,281.76240012095576,276.31430284271266,276.31430284271266,5.448097278243097,0.019335785313811645,112.44035011899288,112.6990995618782,34.3751220703125,113.56738730379797,112.44035011899288,80.0,0.47540983606557374,8677.0,20993.5,-12316.5,8677.0,9256.0,768.0,0.08297320656871218,2,0,1.45,0.9448909299655568,9.485915422879224,4.623541740421272,0.47540983606557374,4.0,8.0,4.0,8.0,32.0,44.0,156.0,0.9344262295081968,280,94.16773298543696,0.0,96,281.76240012095576,0.0,0.0,420.4172446456188,341.9944612110107,0.3298029428872238,0.2866296053501951,68.5338,1.0,0.6306789828877318,1.0,0.9938153267819431,0.6865361288903782,243.96872376214608,281.76240012095576,112.44035011899288,8677.0,156.0,8677.0,5.448097278243097
387,19.35,173.51853594149574,202.2339226181319,404.7328297260319,183.89836916975702,0.9749783923941227,243.96872376214608,281.76240012095576,276.31430284271266,276.31430284271266,5.448097278243097,0.019335785313811645,112.44035011899288,112.6990995618782,34.3751220703125,113.56738730379797,112.44035011899288,80.0,0.47540983606557374,8677.0,20993.5,-12316.5,8677.0,9256.0,768.0,0.08297320656871218,2,0,1.45,0.9448909299655568,9.485915422879224,4.623541740421272,0.47540983606557374,4.0,8.0,4.0,8.0,32.0,44.0,156.0,0.9344262295081968,280,94.16773298543696,0.0,96,281.76240012095576,0.0,0.0,420.4172446456188,341.9944612110107,0.3298029428872238,0.2866296053501951,68.6466,1.0,0.6306789828877318,1.0,0.9938153267819431,0.6865361288903782,243.96872376214608,281.76240012095576,112.44035011899288,8677.0,156.0,8677.0,5.448097278243097
388,19.4,173.51853594149574,202.2339226181319,404.7328297260319,183.89836916975702,0.9749783923941227,243.96872376214608,281.76240012095576,276.31430284271266,276.31430284271266,5.448097278243097,0.019335785313811645,112.44035011899288,112.6990995618782,34.3751220703125,113.56738730379797,112.44035011899288,80.0,0.47540983606557374,8677.0,20993.5,-12316.5,8677.0,9256.0,768.0,0.08297320656871218,2,0,1.45,0.9448909299655568,9.485915422879224,4.623541740421272,0.47540983606557374,4.0,8.0,4.0,8.0,32.0,44.0,156.0,0.9344262295081968,280,94.16773298543696,0.0,96,281.76240012095576,0.0,0.0,420.4172446456188,341.9944612110107,0.3298029428872238,0.2866296053501951,68.7594,1.0,0.6306789828877318,1.0,0.9938153267819431,0.6865361288903782,243.96872376214608,281.76240012095576,112.44035011899288,8677.0,156.0,8677.0,5.448097278243097
389,19.45,173.51853594149574,202.2339226181319,404.7328297260319,183.89836916975702,0.9749783923941227,243.96872376214608,281.76240012095576,276.31430284271266,276.31430284271266,5.448097278243097,0.019335785313811645,112.44035011899288,112.6990995618782,34.3751220703125,113.56738730379797,112.44035011899288,80.0,0.47540983606557374,8677.0,20993.5,-12316.5,8677.0,9256.0,768.0,0.08297320656871218,2,0,1.45,0.9448909299655568,9.485915422879224,4.623541740421272,0.47540983606557374,4.0,8.0,4.0,8.0,32.0,44.0,156.0,0.9344262295081968,280,94.16773298543696,0.0,96,281.76240012095576,0.0,0.0,420.4172446456188,341.9944612110107,0.3298029428872238,0.2866296053501951,68.8722,1.0,0.6306789828877318,1.0,0.9938153267819431,0.6865361288903782,243.96872376214608,281.76240012095576,112.44035011899288,8677.0,156.0,8677.0,5.448097278243097
390,19.5,173.51853594149574,202.2339226181319,404.7328297260319,183.89836916975702,0.9749783923941227,243.96872376214608,281.76240012095576,276.31430284271266,276.31430284271266,5.448097278243097,0.019335785313811645,112.44035011899288,112.6990995618782,34.3751220703125,113.56738730379797,112.44035011899288,80.0,0.47540983606557374,8677.0,20993.5,-12316.5,8677.0,9256.0,768.0,0.08297320656871218,2,0,1.45,0.9448909299655568,9.485915422879224,4.623541740421272,0.47540983606557374,4.0,8.0,4.0,8.0,32.0,44.0,156.0,0.9344262295081968,280,94.16773298543696,0.0,96,281.76240012095576,0.0,0.0,420.4172446456188,341.9944612110107,0.3298029428872238,0.2866296053501951,68.985,1.0,0.6306789828877318,1.0,0.9938153267819431,0.6865361288903782,243.96872376214608,281.76240012095576,112.44035011899288,8677.0,156.0,8677.0,5.448097278243097
391,19.55,173.51853594149574,202.2339226181319,404.7328297260319,183.89836916975702,0.9749783923941227,243.96872376214608,281.76240012095576,276.31430284271266,276.31430284271266,5.448097278243097,0.019335785313811645,112.44035011899288,112.6990995618782,34.3751220703125,113.56738730379797,112.44035011899288,80.0,0.47540983606557374,8677.0,20993.5,-12316.5,8677.0,9256.0,768.0,0.08297320656871218,2,0,1.45,0.9448909299655568,9.485915422879224,4.623541740421272,0.47540983606557374,4.0,8.0,4.0,8.0,32.0,44.0,156.0,0.9344262295081968,280,94.16773298543696,0.0,96,281.76240012095576,0.0,0.0,420.4172446456188,341.9944612110107,0.3298029428872238,0.2866296053501951,69.0977,1.0,0.6306789828877318,1.0,0.9938153267819431,0.6865361288903782,243.96872376214608,281.76240012095576,112.44035011899288,8677.0,156.0,8677.0,5.448097278243097
392,19.6,173.51853594149574,202.2339226181319,404.7328297260319,183.89836916975702,0.9749783923941227,243.96872376214608,281.76240012095576,276.31430284271266,276.31430284271266,5.448097278243097,0.019335785313811645,112.44035011899288,112.6990995618782,34.3751220703125,113.56738730379797,112.44035011899288,80.0,0.47540983606557374,8677.0,20993.5,-12316.5,8677.0,9256.0,768.0,0.08297320656871218,2,0,1.45,0.9448909299655568,9.485915422879224,4.623541740421272,0.47540983606557374,4.0,8.0,4.0,8.0,32.0,44.0,156.0,0.9344262295081968,280,94.16773298543696,0.0,96,281.76240012095576,0.0,0.0,420.4172446456188,341.9944612110107,0.3298029428872238,0.2866296053501951,69.2105,1.0,0.6306789828877318,1.0,0.9938153267819431,0.6865361288903782,243.96872376214608,281.76240012095576,112.44035011899288,8677.0,156.0,8677.0,5.448097278243097
393,19.65,173.51853594149574,202.2339226181319,404.7328297260319,183.89836916975702,0.9749783923941227,243.96872376214608,281.76240012095576,276.31430284271266,276.31430284271266,5.448097278243097,0.019335785313811645,112.44035011899288,112.6990995618782,34.3751220703125,113.56738730379797,112.44035011899288,80.0,0.47540983606557374,8677.0,20993.5,-12316.5,8677.0,9256.0,768.0,0.08297320656871218,2,0,1.45,0.9448909299655568,9.485915422879224,4.623541740421272,0.47540983606557374,4.0,8.0,4.0,8.0,32.0,44.0,156.0,0.9344262295081968,280,94.16773298543696,0.0,96,281.76240012095576,0.0,0.0,420.4172446456188,341.9944612110107,0.3298029428872238,0.2866296053501951,69.3233,1.0,0.6306789828877318,1.0,0.9938153267819431,0.6865361288903782,243.96872376214608,281.76240012095576,112.44035011899288,8677.0,156.0,8677.0,5.448097278243097
394,19.7,173.51853594149574,202.2339226181319,404.7328297260319,183.89836916975702,0.9749783923941227,243.96872376214608,281.76240012095576,276.31430284271266,276.31430284271266,5.448097278243097,0.019335785313811645,112.44035011899288,112.6990995618782,34.3751220703125,113.56738730379797,112.44035011899288,80.0,0.47540983606557374,8677.0,20993.5,-12316.5,8677.0,9256.0,768.0,0.08297320656871218,2,0,1.45,0.9448909299655568,9.485915422879224,4.623541740421272,0.47540983606557374,4.0,8.0,4.0,8.0,32.0,44.0,156.0,0.9344262295081968,280,94.16773298543696,0.0,96,281.76240012095576,0.0,0.0,420.4172446456188,341.9944612110107,0.3298029428872238,0.2866296053501951,69.4361,1.0,0.6306789828877318,1.0,0.9938153267819431,0.6865361288903782,243.96872376214608,281.76240012095576,112.44035011899288,8677.0,156.0,8677.0,5.448097278243097
395,19.75,173.51853594149574,202.2339226181319,404.7328297260319,183.89836916975702,0.9749783923941227,243.96872376214608,281.76240012095576,276.31430284271266,276.31430284271266,5.448097278243097,0.019335785313811645,112.44035011899288,112.6990995618782,34.3751220703125,113.56738730379797,112.44035011899288,80.0,0.47540983606557374,8677.0,20993.5,-12316.5,8677.0,9256.0,768.0,0.08297320656871218,2,0,1.45,0.9448909299655568,9.485915422879224,4.623541740421272,0.47540983606557374,4.0,8.0,4.0,8.0,32.0,44.0,156.0,0.9344262295081968,280,94.16773298543696,0.0,96,281.76240012095576,0.0,0.0,420.4172446456188,341.9944612110107,0.3298029428872238,0.2866296053501951,69.5489,1.0,0.6306789828877318,1.0,0.9938153267819431,0.6865361288903782,243.96872376214608,281.76240012095576,112.44035011899288,8677.0,156.0,8677.0,5.448097278243097
396,19.8,173.51853594149574,202.2339226181319,404.7328297260319,183.89836916975702,0.9749783923941227,243.96872376214608,281.76240012095576,276.31430284271266,276.31430284271266,5.448097278243097,0.019335785313811645,112.44035011899288,112.6990995618782,34.3751220703125,113.56738730379797,112.44035011899288,80.0,0.47540983606557374,8677.0,20993.5,-12316.5,8677.0,9256.0,768.0,0.08297320656871218,2,0,1.45,0.9448909299655568,9.485915422879224,4.623541740421272,0.47540983606557374,4.0,8.0,4.0,8.0,32.0,44.0,156.0,0.9344262295081968,280,94.16773298543696,0.0,96,281.76240012095576,0.0,0.0,420.4172446456188,341.9944612110107,0.3298029428872238,0.2866296053501951,69.6617,1.0,0.6306789828877318,1.0,0.9938153267819431,0.6865361288903782,243.96872376214608,281.76240012095576,112.44035011899288,8677.0,156.0,8677.0,5.448097278243097
397,19.85,173.51853594149574,202.2339226181319,404.7328297260319,183.89836916975702,0.9749783923941227,243.96872376214608,281.76240012095576,276.31430284271266,276.31430284271266,5.448097278243097,0.019335785313811645,112.44035011899288,112.6990995618782,34.3751220703125,113.56738730379797,112.44035011899288,80.0,0.47540983606557374,8677.0,20993.5,-12316.5,8677.0,9256.0,768.0,0.08297320656871218,2,0,1.45,0.9448909299655568,9.485915422879224,4.623541740421272,0.47540983606557374,4.0,8.0,4.0,8.0,32.0,44.0,156.0,0.9344262295081968,280,94.16773298543696,0.0,96,281.76240012095576,0.0,0.0,420.4172446456188,341.9944612110107,0.3298029428872238,0.2866296053501951,69.7744,1.0,0.6306789828877318,1.0,0.9938153267819431,0.6865361288903782,243.96872376214608,281.76240012095576,112.44035011899288,8677.0,156.0,8677.0,5.448097278243097
398,19.9,173.51853594149574,202.2339226181319,404.7328297260319,183.89836916975702,0.9749783923941227,243.96872376214608,281.76240012095576,276.31430284271266,276.31430284271266,5.448097278243097,0.019335785313811645,112.44035011899288,112.6990995618782,34.3751220703125,113.56738730379797,112.44035011899288,80.0,0.47540983606557374,8677.0,20993.5,-12316.5,8677.0,9256.0,768.0,0.08297320656871218,2,0,1.45,0.9448909299655568,9.485915422879224,4.623541740421272,0.47540983606557374,4.0,8.0,4.0,8.0,32.0,44.0,156.0,0.9344262295081968,280,94.16773298543696,0.0,96,281.76240012095576,0.0,0.0,420.4172446456188,341.9944612110107,0.3298029428872238,0.2866296053501951,69.8872,1.0,0.6306789828877318,1.0,0.9938153267819431,0.6865361288903782,243.96872376214608,281.76240012095576,112.44035011899288,8677.0,156.0,8677.0,5.448097278243097
399,19.95,173.51853594149574,202.2339226181319,404.7328297260319,183.89836916975702,0.9749783923941227,243.96872376214608,281.76240012095576,276.31430284271266,276.31430284271266,5.448097278243097,0.019335785313811645,112.44035011899288,112.6990995618782,34.3751220703125,113.56738730379797,112.44035011899288,80.0,0.47540983606557374,8677.0,20993.5,-12316.5,8677.0,9256.0,768.0,0.08297320656871218,2,0,1.45,0.9448909299655568,9.485915422879224,4.623541740421272,0.47540983606557374,4.0,8.0,4.0,8.0,32.0,44.0,156.0,0.9344262295081968,280,94.16773298543696,0.0,96,281.76240012095576,0.0,0.0,420.4172446456188,341.9944612110107,0.3298029428872238,0.2866296053501951,70.0,1.0,0.6306789828877318,1.0,0.9938153267819431,0.6865361288903782,243.96872376214608,281.76240012095576,112.44035011899288,8677.0,156.0,8677.0,5.448097278243097
